ds,actual,predicted
2023-12-31 01:00:00+00:00,33.39625,33.623775
2023-12-31 02:00:00+00:00,33.370625000000004,35.89912
2023-12-31 03:00:00+00:00,33.345,37.044357
2023-12-31 04:00:00+00:00,33.319375,36.81627
2023-12-31 05:00:00+00:00,33.29375,35.285213
2023-12-31 06:00:00+00:00,23.359375,29.037918
2023-12-31 07:00:00+00:00,13.425,26.230553
2023-12-31 08:00:00+00:00,46.24875,32.418636
2023-12-31 09:00:00+00:00,79.0725,39.112366
2023-12-31 10:00:00+00:00,71.29770833333333,44.805336
2023-12-31 11:00:00+00:00,63.522916666666674,45.703266
2023-12-31 12:00:00+00:00,55.748125,46.12503
2023-12-31 13:00:00+00:00,47.973333333333336,46.6493
2023-12-31 14:00:00+00:00,42.595312500000006,41.88501
2023-12-31 15:00:00+00:00,37.21729166666667,37.903
2023-12-31 16:00:00+00:00,31.83927083333333,33.63565
2023-12-31 17:00:00+00:00,26.46125,29.061039
2023-12-31 18:00:00+00:00,25.3065625,28.771862
2023-12-31 19:00:00+00:00,24.151875,28.518972
2023-12-31 20:00:00+00:00,22.997187500000003,26.83049
2023-12-31 21:00:00+00:00,21.8425,25.329208
2023-12-31 22:00:00+00:00,22.317812500000002,25.00159
2023-12-31 23:00:00+00:00,22.793125,25.427217
2024-01-01 00:00:00+00:00,23.268437499999997,25.797472
2024-01-01 01:00:00+00:00,23.74375,25.458208
2024-01-01 02:00:00+00:00,24.294375000000002,25.725769
2024-01-01 03:00:00+00:00,24.844999999999995,26.229073
2024-01-01 04:00:00+00:00,25.395625,26.667994
2024-01-01 05:00:00+00:00,25.94625,26.875208
2024-01-01 06:00:00+00:00,22.408125,20.765934
2024-01-01 07:00:00+00:00,18.869999999999997,11.690107
2024-01-01 08:00:00+00:00,29.424999999999997,23.949028
2024-01-01 09:00:00+00:00,39.98,40.955845
2024-01-01 10:00:00+00:00,38.54541666666667,40.56502
2024-01-01 11:00:00+00:00,37.11083333333333,39.118298
2024-01-01 12:00:00+00:00,35.676249999999996,36.951584
2024-01-01 13:00:00+00:00,34.24166666666667,33.843246
2024-01-01 14:00:00+00:00,30.9246875,31.671253
2024-01-01 15:00:00+00:00,27.607708333333335,29.15714
2024-01-01 16:00:00+00:00,24.290729166666665,27.017006
2024-01-01 17:00:00+00:00,20.97375,24.222893
2024-01-01 18:00:00+00:00,25.139374999999998,25.329727
2024-01-01 19:00:00+00:00,29.305,27.777002
2024-01-01 20:00:00+00:00,33.470625,30.70907
2024-01-01 21:00:00+00:00,37.63625,34.07575
2024-01-01 22:00:00+00:00,34.334374999999994,32.933945
2024-01-01 23:00:00+00:00,31.0325,30.553133
2024-01-02 00:00:00+00:00,27.730625,28.406029
2024-01-02 01:00:00+00:00,24.42875,24.91036
2024-01-02 02:00:00+00:00,35.7078125,27.170021
2024-01-02 03:00:00+00:00,46.986875,30.112484
2024-01-02 04:00:00+00:00,58.2659375,33.840504
2024-01-02 05:00:00+00:00,69.545,37.82331
2024-01-02 06:00:00+00:00,45.3025,30.868475
2024-01-02 07:00:00+00:00,21.06,24.351313
2024-01-02 08:00:00+00:00,32.480624999999996,35.825996
2024-01-02 09:00:00+00:00,43.90124999999999,43.725975
2024-01-02 10:00:00+00:00,40.06385416666667,39.098206
2024-01-02 11:00:00+00:00,36.22645833333333,35.565506
2024-01-02 12:00:00+00:00,32.389062499999994,31.174181
2024-01-02 13:00:00+00:00,28.55166666666667,28.093048
2024-01-02 14:00:00+00:00,26.5928125,26.418041
2024-01-02 15:00:00+00:00,24.633958333333332,24.690855
2024-01-02 16:00:00+00:00,22.675104166666667,23.075733
2024-01-02 17:00:00+00:00,20.71625,22.015488
2024-01-02 18:00:00+00:00,22.8334375,24.319244
2024-01-02 19:00:00+00:00,24.950625,26.78818
2024-01-02 20:00:00+00:00,27.0678125,28.56167
2024-01-02 21:00:00+00:00,29.185,30.65793
2024-01-02 22:00:00+00:00,29.018437499999997,30.841326
2024-01-02 23:00:00+00:00,28.851875,30.329678
2024-01-03 00:00:00+00:00,28.685312500000002,29.289465
2024-01-03 01:00:00+00:00,28.51875,28.697237
2024-01-03 02:00:00+00:00,46.03125,38.32122
2024-01-03 03:00:00+00:00,63.54375,48.011425
2024-01-03 04:00:00+00:00,81.05624999999999,55.540394
2024-01-03 05:00:00+00:00,98.56875,63.161964
2024-01-03 06:00:00+00:00,63.199374999999996,46.383305
2024-01-03 07:00:00+00:00,27.83,27.62968
2024-01-03 08:00:00+00:00,38.8575,36.100685
2024-01-03 09:00:00+00:00,49.885,45.476814
2024-01-03 10:00:00+00:00,48.10458333333332,48.46181
2024-01-03 11:00:00+00:00,46.32416666666666,50.732216
2024-01-03 12:00:00+00:00,44.543749999999996,52.19532
2024-01-03 13:00:00+00:00,42.76333333333333,52.402996
2024-01-03 14:00:00+00:00,38.43031250000001,45.451725
2024-01-03 15:00:00+00:00,34.09729166666666,38.802025
2024-01-03 16:00:00+00:00,29.76427083333333,33.74056
2024-01-03 17:00:00+00:00,25.431250000000002,28.984398
2024-01-03 18:00:00+00:00,26.0871875,27.801563
2024-01-03 19:00:00+00:00,26.743125,27.370785
2024-01-03 20:00:00+00:00,27.3990625,26.164282
2024-01-03 21:00:00+00:00,28.055000000000003,25.951881
2024-01-03 22:00:00+00:00,28.13125,26.244242
2024-01-03 23:00:00+00:00,28.207499999999996,26.369196
2024-01-04 00:00:00+00:00,28.283749999999994,26.430931
2024-01-04 01:00:00+00:00,28.36,26.074802
2024-01-04 02:00:00+00:00,30.066875,31.347206
2024-01-04 03:00:00+00:00,31.773749999999996,37.367085
2024-01-04 04:00:00+00:00,33.480625,42.171135
2024-01-04 05:00:00+00:00,35.1875,49.13891
2024-01-04 06:00:00+00:00,26.70625,42.63775
2024-01-04 07:00:00+00:00,18.225,32.78533
2024-01-04 08:00:00+00:00,30.02625,41.199432
2024-01-04 09:00:00+00:00,41.8275,54.359634
2024-01-04 10:00:00+00:00,47.955625000000005,65.595985
2024-01-04 11:00:00+00:00,54.08375,69.7596
2024-01-04 12:00:00+00:00,60.211875000000006,73.68474
2024-01-04 13:00:00+00:00,66.34,76.01793
2024-01-04 14:00:00+00:00,55.5434375,64.05338
2024-01-04 15:00:00+00:00,44.746875,54.07581
2024-01-04 16:00:00+00:00,33.9503125,43.00471
2024-01-04 17:00:00+00:00,23.15375,32.94318
2024-01-04 18:00:00+00:00,23.873437499999998,31.830492
2024-01-04 19:00:00+00:00,24.593125,31.121618
2024-01-04 20:00:00+00:00,25.3128125,29.311754
2024-01-04 21:00:00+00:00,26.0325,27.605036
2024-01-04 22:00:00+00:00,24.9103125,26.356829
2024-01-04 23:00:00+00:00,23.788125,24.968203
2024-01-05 00:00:00+00:00,22.6659375,23.898312
2024-01-05 01:00:00+00:00,21.54375,23.180193
2024-01-05 02:00:00+00:00,22.541562499999998,24.319553
2024-01-05 03:00:00+00:00,23.539375,24.104897
2024-01-05 04:00:00+00:00,24.5371875,24.259933
2024-01-05 05:00:00+00:00,25.535,25.350315
2024-01-05 06:00:00+00:00,20.9025,22.907654
2024-01-05 07:00:00+00:00,16.27,19.869696
2024-01-05 08:00:00+00:00,30.59375,25.711266
2024-01-05 09:00:00+00:00,44.917500000000004,32.65345
2024-01-05 10:00:00+00:00,43.376875000000005,33.084812
2024-01-05 11:00:00+00:00,41.83625000000001,33.370316
2024-01-05 12:00:00+00:00,40.295625,35.604965
2024-01-05 13:00:00+00:00,38.755,36.0096
2024-01-05 14:00:00+00:00,35.6484375,33.3743
2024-01-05 15:00:00+00:00,32.541875000000005,30.746656
2024-01-05 16:00:00+00:00,29.4353125,28.348734
2024-01-05 17:00:00+00:00,26.32875,26.05894
2024-01-05 18:00:00+00:00,24.844999999999995,24.813126
2024-01-05 19:00:00+00:00,23.361249999999995,24.792912
2024-01-05 20:00:00+00:00,21.8775,24.804314
2024-01-05 21:00:00+00:00,20.39375,25.092934
2024-01-05 22:00:00+00:00,24.996562500000003,28.84853
2024-01-05 23:00:00+00:00,29.599375,32.06877
2024-01-06 00:00:00+00:00,34.2021875,35.387188
2024-01-06 01:00:00+00:00,38.805,38.56894
2024-01-06 02:00:00+00:00,35.9865625,37.299614
2024-01-06 03:00:00+00:00,33.168125,36.36532
2024-01-06 04:00:00+00:00,30.3496875,33.553326
2024-01-06 05:00:00+00:00,27.53125,32.173355
2024-01-06 06:00:00+00:00,29.195625,21.54972
2024-01-06 07:00:00+00:00,30.86,12.991362
2024-01-06 08:00:00+00:00,108.376875,51.143158
2024-01-06 09:00:00+00:00,185.89374999999998,83.96622
2024-01-06 10:00:00+00:00,151.26447916666663,77.66394
2024-01-06 11:00:00+00:00,116.63520833333332,67.90263
2024-01-06 12:00:00+00:00,82.00593749999999,55.078796
2024-01-06 13:00:00+00:00,47.376666666666665,45.19806
2024-01-06 14:00:00+00:00,40.8959375,36.921555
2024-01-06 15:00:00+00:00,34.41520833333333,30.14347
2024-01-06 16:00:00+00:00,27.934479166666666,24.786667
2024-01-06 17:00:00+00:00,21.45375,19.693598
2024-01-06 18:00:00+00:00,20.8603125,20.345123
2024-01-06 19:00:00+00:00,20.266875,21.077621
2024-01-06 20:00:00+00:00,19.673437500000002,20.06631
2024-01-06 21:00:00+00:00,19.080000000000002,20.197458
2024-01-06 22:00:00+00:00,22.121875000000003,21.722855
2024-01-06 23:00:00+00:00,25.163749999999997,23.882608
2024-01-07 00:00:00+00:00,28.205624999999998,25.817871
2024-01-07 01:00:00+00:00,31.2475,28.238865
2024-01-07 02:00:00+00:00,31.090625,29.749474
2024-01-07 03:00:00+00:00,30.93375,29.550344
2024-01-07 04:00:00+00:00,30.776875,24.353773
2024-01-07 05:00:00+00:00,30.62,26.8297
2024-01-07 06:00:00+00:00,33.39,25.594517
2024-01-07 07:00:00+00:00,36.16,52.79619
2024-01-07 08:00:00+00:00,122.413125,333.99747
2024-01-07 09:00:00+00:00,208.66625000000002,561.0145
2024-01-07 10:00:00+00:00,168.14677083333333,402.26053
2024-01-07 11:00:00+00:00,127.62729166666668,240.6608
2024-01-07 12:00:00+00:00,87.1078125,132.3331
2024-01-07 13:00:00+00:00,46.58833333333333,53.643936
2024-01-07 14:00:00+00:00,42.0884375,43.866386
2024-01-07 15:00:00+00:00,37.588541666666664,35.79215
2024-01-07 16:00:00+00:00,33.08864583333333,33.278996
2024-01-07 17:00:00+00:00,28.58875,28.043041
2024-01-07 18:00:00+00:00,27.0115625,27.31065
2024-01-07 19:00:00+00:00,25.434375000000003,28.924076
2024-01-07 20:00:00+00:00,23.857187500000002,27.656063
2024-01-07 21:00:00+00:00,22.28,26.397022
2024-01-07 22:00:00+00:00,23.587812500000002,24.34076
2024-01-07 23:00:00+00:00,24.895625000000003,27.063694
2024-01-08 00:00:00+00:00,26.203437500000003,25.274233
2024-01-08 01:00:00+00:00,27.51125,24.355827
2024-01-08 02:00:00+00:00,29.2415625,26.536861
2024-01-08 03:00:00+00:00,30.971875000000004,27.757954
2024-01-08 04:00:00+00:00,32.7021875,33.47879
2024-01-08 05:00:00+00:00,34.432500000000005,40.476856
2024-01-08 06:00:00+00:00,18.24125,36.02276
2024-01-08 07:00:00+00:00,2.05,27.452116
2024-01-08 08:00:00+00:00,20.11625,48.00522
2024-01-08 09:00:00+00:00,38.1825,67.34601
2024-01-08 10:00:00+00:00,38.29270833333333,54.749474
2024-01-08 11:00:00+00:00,38.40291666666667,50.685223
2024-01-08 12:00:00+00:00,38.513125,44.843067
2024-01-08 13:00:00+00:00,38.62333333333334,39.074303
2024-01-08 14:00:00+00:00,36.1684375,39.431717
2024-01-08 15:00:00+00:00,33.71354166666667,36.691017
2024-01-08 16:00:00+00:00,31.258645833333333,36.728558
2024-01-08 17:00:00+00:00,28.80375,36.17726
2024-01-08 18:00:00+00:00,26.8,31.356878
2024-01-08 19:00:00+00:00,24.79625,27.350033
2024-01-08 20:00:00+00:00,22.7925,26.137424
2024-01-08 21:00:00+00:00,20.788749999999997,24.504517
2024-01-08 22:00:00+00:00,22.4840625,25.487991
2024-01-08 23:00:00+00:00,24.179375,25.104366
2024-01-09 00:00:00+00:00,25.8746875,24.63877
2024-01-09 01:00:00+00:00,27.57,25.281075
2024-01-09 02:00:00+00:00,27.3,25.4074
2024-01-09 03:00:00+00:00,27.030000000000005,24.899544
2024-01-09 04:00:00+00:00,26.76,23.362022
2024-01-09 05:00:00+00:00,26.490000000000002,20.929607
2024-01-09 06:00:00+00:00,19.552500000000002,14.299732
2024-01-09 07:00:00+00:00,12.615,6.6512604
2024-01-09 08:00:00+00:00,28.596874999999997,29.603336
2024-01-09 09:00:00+00:00,44.57875,52.27896
2024-01-09 10:00:00+00:00,42.361979166666664,45.471546
2024-01-09 11:00:00+00:00,40.14520833333333,41.624302
2024-01-09 12:00:00+00:00,37.9284375,41.752316
2024-01-09 13:00:00+00:00,35.711666666666666,43.098488
2024-01-09 14:00:00+00:00,34.9925,39.619568
2024-01-09 15:00:00+00:00,34.27333333333333,35.51538
2024-01-09 16:00:00+00:00,33.55416666666667,31.379524
2024-01-09 17:00:00+00:00,32.835,27.812132
2024-01-09 18:00:00+00:00,30.732187500000002,26.400265
2024-01-09 19:00:00+00:00,28.629375,23.677063
2024-01-09 20:00:00+00:00,26.526562499999997,20.946438
2024-01-09 21:00:00+00:00,24.42375,19.528658
2024-01-09 22:00:00+00:00,23.294374999999995,20.077656
2024-01-09 23:00:00+00:00,22.165,21.641397
2024-01-10 00:00:00+00:00,21.035625,23.575119
2024-01-10 01:00:00+00:00,19.90625,25.681812
2024-01-10 02:00:00+00:00,26.983125,29.803902
2024-01-10 03:00:00+00:00,34.06,32.691917
2024-01-10 04:00:00+00:00,41.136874999999996,34.266327
2024-01-10 05:00:00+00:00,48.21375,36.037918
2024-01-10 06:00:00+00:00,33.244375,28.96951
2024-01-10 07:00:00+00:00,18.275,24.422535
2024-01-10 08:00:00+00:00,30.27125,28.88174
2024-01-10 09:00:00+00:00,42.2675,31.8744
2024-01-10 10:00:00+00:00,58.780625,89.292786
2024-01-10 11:00:00+00:00,75.29374999999999,138.3545
2024-01-10 12:00:00+00:00,91.80687499999999,170.86159
2024-01-10 13:00:00+00:00,108.32,200.95811
2024-01-10 14:00:00+00:00,89.20687499999998,152.54416
2024-01-10 15:00:00+00:00,70.09375,109.544586
2024-01-10 16:00:00+00:00,50.980625,70.88665
2024-01-10 17:00:00+00:00,31.8675,31.02438
2024-01-10 18:00:00+00:00,29.0325,28.206799
2024-01-10 19:00:00+00:00,26.197499999999998,25.405205
2024-01-10 20:00:00+00:00,23.3625,22.257326
2024-01-10 21:00:00+00:00,20.527499999999996,19.508816
2024-01-10 22:00:00+00:00,20.0478125,20.282858
2024-01-10 23:00:00+00:00,19.568125000000002,20.711863
2024-01-11 00:00:00+00:00,19.0884375,21.783972
2024-01-11 01:00:00+00:00,18.60875,22.433542
2024-01-11 02:00:00+00:00,22.62,25.05421
2024-01-11 03:00:00+00:00,26.63125,27.583704
2024-01-11 04:00:00+00:00,30.642500000000002,29.378517
2024-01-11 05:00:00+00:00,34.65375,32.509094
2024-01-11 06:00:00+00:00,27.674375,25.517824
2024-01-11 07:00:00+00:00,20.695,18.201693
2024-01-11 08:00:00+00:00,40.34125,30.699116
2024-01-11 09:00:00+00:00,59.9875,42.522434
2024-01-11 10:00:00+00:00,66.41604166666667,90.037964
2024-01-11 11:00:00+00:00,72.84458333333333,129.06271
2024-01-11 12:00:00+00:00,79.273125,152.11533
2024-01-11 13:00:00+00:00,85.70166666666667,174.8187
2024-01-11 14:00:00+00:00,71.9734375,129.44815
2024-01-11 15:00:00+00:00,58.24520833333334,90.801865
2024-01-11 16:00:00+00:00,44.516979166666665,55.394833
2024-01-11 17:00:00+00:00,30.78875,19.645466
2024-01-11 18:00:00+00:00,29.1984375,25.105652
2024-01-11 19:00:00+00:00,27.608125,26.456738
2024-01-11 20:00:00+00:00,26.0178125,24.396433
2024-01-11 21:00:00+00:00,24.427500000000002,21.305094
2024-01-11 22:00:00+00:00,23.622187500000003,19.828733
2024-01-11 23:00:00+00:00,22.816875000000003,19.414753
2024-01-12 00:00:00+00:00,22.0115625,19.415873
2024-01-12 01:00:00+00:00,21.20625,19.752447
2024-01-12 02:00:00+00:00,22.409375,22.611923
2024-01-12 03:00:00+00:00,23.612499999999997,25.35675
2024-01-12 04:00:00+00:00,24.815624999999997,28.002079
2024-01-12 05:00:00+00:00,26.018749999999997,31.596167
2024-01-12 06:00:00+00:00,15.909374999999999,26.870045
2024-01-12 07:00:00+00:00,5.800000000000001,17.145845
2024-01-12 08:00:00+00:00,26.696250000000003,31.4151
2024-01-12 09:00:00+00:00,47.5925,49.460808
2024-01-12 10:00:00+00:00,44.252291666666665,44.37776
2024-01-12 11:00:00+00:00,40.91208333333333,38.251617
2024-01-12 12:00:00+00:00,37.571875,33.98755
2024-01-12 13:00:00+00:00,34.23166666666666,30.201954
2024-01-12 14:00:00+00:00,31.925937499999996,29.951918
2024-01-12 15:00:00+00:00,29.62020833333333,31.484192
2024-01-12 16:00:00+00:00,27.31447916666667,28.516272
2024-01-12 17:00:00+00:00,25.00875,25.84861
2024-01-12 18:00:00+00:00,25.461875,27.091473
2024-01-12 19:00:00+00:00,25.914999999999996,27.442644
2024-01-12 20:00:00+00:00,26.368125,26.000912
2024-01-12 21:00:00+00:00,26.82125,24.290321
2024-01-12 22:00:00+00:00,25.2753125,24.2543
2024-01-12 23:00:00+00:00,23.729374999999997,23.48133
2024-01-13 00:00:00+00:00,22.1834375,22.551258
2024-01-13 01:00:00+00:00,20.6375,19.815008
2024-01-13 02:00:00+00:00,24.9778125,21.31474
2024-01-13 03:00:00+00:00,29.318125000000002,22.137201
2024-01-13 04:00:00+00:00,33.658437500000005,23.44777
2024-01-13 05:00:00+00:00,37.99875,26.223429
2024-01-13 06:00:00+00:00,26.061875,19.71421
2024-01-13 07:00:00+00:00,14.125,12.989208
2024-01-13 08:00:00+00:00,28.553124999999998,28.169209
2024-01-13 09:00:00+00:00,42.981249999999996,42.890038
2024-01-13 10:00:00+00:00,43.61802083333333,41.402077
2024-01-13 11:00:00+00:00,44.25479166666666,40.540115
2024-01-13 12:00:00+00:00,44.8915625,38.957558
2024-01-13 13:00:00+00:00,45.528333333333336,37.503403
2024-01-13 14:00:00+00:00,40.345937500000005,37.058422
2024-01-13 15:00:00+00:00,35.16354166666667,36.04363
2024-01-13 16:00:00+00:00,29.981145833333336,29.861134
2024-01-13 17:00:00+00:00,24.798750000000002,22.601824
2024-01-13 18:00:00+00:00,27.535937500000003,25.03901
2024-01-13 19:00:00+00:00,30.273125,27.73655
2024-01-13 20:00:00+00:00,33.0103125,28.337776
2024-01-13 21:00:00+00:00,35.7475,28.475952
2024-01-13 22:00:00+00:00,32.980312500000004,27.583996
2024-01-13 23:00:00+00:00,30.213125,26.046446
2024-01-14 00:00:00+00:00,27.4459375,24.396412
2024-01-14 01:00:00+00:00,24.67875,22.537115
2024-01-14 02:00:00+00:00,23.9909375,23.887817
2024-01-14 03:00:00+00:00,23.303125,24.249178
2024-01-14 04:00:00+00:00,22.615312499999998,24.507862
2024-01-14 05:00:00+00:00,21.9275,26.154198
2024-01-14 06:00:00+00:00,29.07125,20.660263
2024-01-14 07:00:00+00:00,36.215,14.760843
2024-01-14 08:00:00+00:00,50.990625,34.690475
2024-01-14 09:00:00+00:00,65.76625,52.961025
2024-01-14 10:00:00+00:00,58.5584375,51.07009
2024-01-14 11:00:00+00:00,51.350625,48.73729
2024-01-14 12:00:00+00:00,44.142812500000005,44.310818
2024-01-14 13:00:00+00:00,36.935,41.61999
2024-01-14 14:00:00+00:00,38.6934375,45.201233
2024-01-14 15:00:00+00:00,40.451875,46.633926
2024-01-14 16:00:00+00:00,42.2103125,46.623066
2024-01-14 17:00:00+00:00,43.96875,46.25474
2024-01-14 18:00:00+00:00,40.09625,43.05994
2024-01-14 19:00:00+00:00,36.223749999999995,40.264633
2024-01-14 20:00:00+00:00,32.35125,36.222733
2024-01-14 21:00:00+00:00,28.478749999999998,30.74917
2024-01-14 22:00:00+00:00,27.275624999999998,29.273754
2024-01-14 23:00:00+00:00,26.072499999999998,27.760925
2024-01-15 00:00:00+00:00,24.869375,26.132511
2024-01-15 01:00:00+00:00,23.66625,23.00588
2024-01-15 02:00:00+00:00,22.872812500000002,22.43957
2024-01-15 03:00:00+00:00,22.079375,20.840124
2024-01-15 04:00:00+00:00,21.2859375,20.088318
2024-01-15 05:00:00+00:00,20.4925,20.253254
2024-01-15 06:00:00+00:00,69.36875,22.537872
2024-01-15 07:00:00+00:00,118.245,28.588678
2024-01-15 08:00:00+00:00,82.983125,37.020485
2024-01-15 09:00:00+00:00,47.72125,44.265175
2024-01-15 10:00:00+00:00,45.268854166666664,47.372078
2024-01-15 11:00:00+00:00,42.81645833333333,48.984455
2024-01-15 12:00:00+00:00,40.3640625,50.614166
2024-01-15 13:00:00+00:00,37.91166666666667,49.45451
2024-01-15 14:00:00+00:00,36.188125,46.221306
2024-01-15 15:00:00+00:00,34.46458333333334,42.787853
2024-01-15 16:00:00+00:00,32.74104166666667,38.83187
2024-01-15 17:00:00+00:00,31.0175,36.29346
2024-01-15 18:00:00+00:00,30.238124999999997,33.38755
2024-01-15 19:00:00+00:00,29.45875,30.493862
2024-01-15 20:00:00+00:00,28.679375,27.933336
2024-01-15 21:00:00+00:00,27.9,24.643986
2024-01-15 22:00:00+00:00,28.9128125,26.146538
2024-01-15 23:00:00+00:00,29.925624999999997,26.629059
2024-01-16 00:00:00+00:00,30.9384375,25.771906
2024-01-16 01:00:00+00:00,31.951249999999998,24.77498
2024-01-16 02:00:00+00:00,29.5284375,24.856937
2024-01-16 03:00:00+00:00,27.105625,24.113838
2024-01-16 04:00:00+00:00,24.6828125,25.036472
2024-01-16 05:00:00+00:00,22.259999999999998,26.462322
2024-01-16 06:00:00+00:00,84.82749999999999,34.511036
2024-01-16 07:00:00+00:00,147.39499999999998,46.315804
2024-01-16 08:00:00+00:00,85.65124999999999,38.457462
2024-01-16 09:00:00+00:00,23.9075,26.635569
2024-01-16 10:00:00+00:00,29.647291666666668,29.955235
2024-01-16 11:00:00+00:00,35.38708333333334,36.112797
2024-01-16 12:00:00+00:00,41.126875,40.729954
2024-01-16 13:00:00+00:00,46.86666666666667,41.338734
2024-01-16 14:00:00+00:00,40.879375,36.40273
2024-01-16 15:00:00+00:00,34.89208333333333,32.350433
2024-01-16 16:00:00+00:00,28.904791666666668,28.334852
2024-01-16 17:00:00+00:00,22.9175,25.31282
2024-01-16 18:00:00+00:00,23.2521875,24.539436
2024-01-16 19:00:00+00:00,23.586875,23.798462
2024-01-16 20:00:00+00:00,23.9215625,23.445332
2024-01-16 21:00:00+00:00,24.25625,23.37054
2024-01-16 22:00:00+00:00,26.684687500000003,24.615309
2024-01-16 23:00:00+00:00,29.113125,26.328848
2024-01-17 00:00:00+00:00,31.541562499999998,27.805529
2024-01-17 01:00:00+00:00,33.97,26.940872
2024-01-17 02:00:00+00:00,30.7196875,25.61277
2024-01-17 03:00:00+00:00,27.469375,19.844576
2024-01-17 04:00:00+00:00,24.2190625,25.415773
2024-01-17 05:00:00+00:00,20.96875,28.34351
2024-01-17 06:00:00+00:00,51.794375,159.09845
2024-01-17 07:00:00+00:00,82.62,316.97607
2024-01-17 08:00:00+00:00,77.09,219.84705
2024-01-17 09:00:00+00:00,71.56,100.618515
2024-01-17 10:00:00+00:00,61.86416666666667,64.551895
2024-01-17 11:00:00+00:00,52.16833333333334,35.97422
2024-01-17 12:00:00+00:00,42.4725,43.18232
2024-01-17 13:00:00+00:00,32.776666666666664,46.561295
2024-01-17 14:00:00+00:00,30.444062499999998,40.478035
2024-01-17 15:00:00+00:00,28.11145833333333,35.93442
2024-01-17 16:00:00+00:00,25.778854166666665,32.46868
2024-01-17 17:00:00+00:00,23.44625,28.931244
2024-01-17 18:00:00+00:00,23.27375,27.197708
2024-01-17 19:00:00+00:00,23.10125,26.722614
2024-01-17 20:00:00+00:00,22.928750000000004,24.801262
2024-01-17 21:00:00+00:00,22.75625,24.453655
2024-01-17 22:00:00+00:00,43.1640625,25.830479
2024-01-17 23:00:00+00:00,63.571875,28.218328
2024-01-18 00:00:00+00:00,83.9796875,30.902744
2024-01-18 01:00:00+00:00,104.38749999999999,32.80386
2024-01-18 02:00:00+00:00,86.76749999999998,31.991226
2024-01-18 03:00:00+00:00,69.1475,27.600677
2024-01-18 04:00:00+00:00,51.527499999999996,24.994408
2024-01-18 05:00:00+00:00,33.9075,16.776243
2024-01-18 06:00:00+00:00,22.83375,30.235914
2024-01-18 07:00:00+00:00,11.76,54.954697
2024-01-18 08:00:00+00:00,28.310625,42.603447
2024-01-18 09:00:00+00:00,44.86125,35.682205
2024-01-18 10:00:00+00:00,43.63635416666666,44.96944
2024-01-18 11:00:00+00:00,42.41145833333333,50.87522
2024-01-18 12:00:00+00:00,41.1865625,48.39254
2024-01-18 13:00:00+00:00,39.961666666666666,41.238823
2024-01-18 14:00:00+00:00,37.48562499999999,36.72018
2024-01-18 15:00:00+00:00,35.00958333333333,29.892868
2024-01-18 16:00:00+00:00,32.533541666666665,26.343784
2024-01-18 17:00:00+00:00,30.057499999999997,22.716808
2024-01-18 18:00:00+00:00,30.3378125,26.42736
2024-01-18 19:00:00+00:00,30.618125000000003,31.494112
2024-01-18 20:00:00+00:00,30.8984375,33.796925
2024-01-18 21:00:00+00:00,31.17875,35.648853
2024-01-18 22:00:00+00:00,31.334375,38.404816
2024-01-18 23:00:00+00:00,31.490000000000002,41.550343
2024-01-19 00:00:00+00:00,31.645625,43.320988
2024-01-19 01:00:00+00:00,31.80125,45.305943
2024-01-19 02:00:00+00:00,30.7696875,40.117416
2024-01-19 03:00:00+00:00,29.738125,34.252945
2024-01-19 04:00:00+00:00,28.7065625,29.227528
2024-01-19 05:00:00+00:00,27.675,25.59523
2024-01-19 06:00:00+00:00,18.79,26.304325
2024-01-19 07:00:00+00:00,9.905000000000001,30.614458
2024-01-19 08:00:00+00:00,34.679375,58.583588
2024-01-19 09:00:00+00:00,59.45375,85.14479
2024-01-19 10:00:00+00:00,53.993229166666666,92.95282
2024-01-19 11:00:00+00:00,48.53270833333333,93.877045
2024-01-19 12:00:00+00:00,43.0721875,78.53462
2024-01-19 13:00:00+00:00,37.611666666666665,64.52027
2024-01-19 14:00:00+00:00,36.01,49.715794
2024-01-19 15:00:00+00:00,34.40833333333333,35.967518
2024-01-19 16:00:00+00:00,32.806666666666665,30.318478
2024-01-19 17:00:00+00:00,31.205,27.43949
2024-01-19 18:00:00+00:00,29.667812499999997,26.507942
2024-01-19 19:00:00+00:00,28.130625,24.692911
2024-01-19 20:00:00+00:00,26.5934375,25.93111
2024-01-19 21:00:00+00:00,25.05625,25.291054
2024-01-19 22:00:00+00:00,27.474375,27.866253
2024-01-19 23:00:00+00:00,29.8925,30.106014
2024-01-20 00:00:00+00:00,32.310625,30.812866
2024-01-20 01:00:00+00:00,34.72875,29.768764
2024-01-20 02:00:00+00:00,39.7359375,30.769945
2024-01-20 03:00:00+00:00,44.743125,31.583252
2024-01-20 04:00:00+00:00,49.7503125,32.78199
2024-01-20 05:00:00+00:00,54.7575,32.800262
2024-01-20 06:00:00+00:00,44.21125,24.115353
2024-01-20 07:00:00+00:00,33.665,11.704866
2024-01-20 08:00:00+00:00,48.29125,55.123642
2024-01-20 09:00:00+00:00,62.9175,100.31471
2024-01-20 10:00:00+00:00,53.41354166666666,103.65283
2024-01-20 11:00:00+00:00,43.90958333333333,104.95743
2024-01-20 12:00:00+00:00,34.405625,78.20535
2024-01-20 13:00:00+00:00,24.901666666666667,54.03952
2024-01-20 14:00:00+00:00,25.5421875,40.32739
2024-01-20 15:00:00+00:00,26.18270833333333,24.164532
2024-01-20 16:00:00+00:00,26.823229166666664,25.782555
2024-01-20 17:00:00+00:00,27.463749999999997,27.499691
2024-01-20 18:00:00+00:00,25.7590625,24.938063
2024-01-20 19:00:00+00:00,24.054375,23.035763
2024-01-20 20:00:00+00:00,22.349687499999998,22.57019
2024-01-20 21:00:00+00:00,20.645,22.117476
2024-01-20 22:00:00+00:00,25.661875,24.523857
2024-01-20 23:00:00+00:00,30.678750000000004,26.233345
2024-01-21 00:00:00+00:00,35.695625,29.337746
2024-01-21 01:00:00+00:00,40.7125,32.05843
2024-01-21 02:00:00+00:00,46.42125,35.2364
2024-01-21 03:00:00+00:00,52.129999999999995,38.063633
2024-01-21 04:00:00+00:00,57.83875,44.410095
2024-01-21 05:00:00+00:00,63.54749999999999,53.66063
2024-01-21 06:00:00+00:00,42.63125,45.44525
2024-01-21 07:00:00+00:00,21.715,35.00221
2024-01-21 08:00:00+00:00,31.677500000000002,39.822594
2024-01-21 09:00:00+00:00,41.64,44.887794
2024-01-21 10:00:00+00:00,52.86083333333333,43.85767
2024-01-21 11:00:00+00:00,64.08166666666666,42.904533
2024-01-21 12:00:00+00:00,75.3025,45.43669
2024-01-21 13:00:00+00:00,86.52333333333333,47.011818
2024-01-21 14:00:00+00:00,70.21156249999999,38.55425
2024-01-21 15:00:00+00:00,53.899791666666665,32.50187
2024-01-21 16:00:00+00:00,37.58802083333333,27.916035
2024-01-21 17:00:00+00:00,21.27625,23.098503
2024-01-21 18:00:00+00:00,21.096875,23.237568
2024-01-21 19:00:00+00:00,20.9175,23.326675
2024-01-21 20:00:00+00:00,20.738125,22.885323
2024-01-21 21:00:00+00:00,20.55875,22.950008
2024-01-21 22:00:00+00:00,22.284062500000005,23.096817
2024-01-21 23:00:00+00:00,24.009375,23.515839
2024-01-22 00:00:00+00:00,25.7346875,29.249624
2024-01-22 01:00:00+00:00,27.46,40.981243
2024-01-22 02:00:00+00:00,60.435,79.870346
2024-01-22 03:00:00+00:00,93.41,122.02057
2024-01-22 04:00:00+00:00,126.385,171.54803
2024-01-22 05:00:00+00:00,159.36,197.70926
2024-01-22 06:00:00+00:00,89.56750000000001,142.08536
2024-01-22 07:00:00+00:00,19.775,82.33348
2024-01-22 08:00:00+00:00,32.05375,59.172142
2024-01-22 09:00:00+00:00,44.3325,42.196323
2024-01-22 10:00:00+00:00,44.101875,34.843426
2024-01-22 11:00:00+00:00,43.87125,32.1439
2024-01-22 12:00:00+00:00,43.640625,34.882534
2024-01-22 13:00:00+00:00,43.41,41.124874
2024-01-22 14:00:00+00:00,38.73625,47.75325
2024-01-22 15:00:00+00:00,34.0625,52.870335
2024-01-22 16:00:00+00:00,29.388749999999998,46.524563
2024-01-22 17:00:00+00:00,24.715,36.374077
2024-01-22 18:00:00+00:00,25.4278125,31.794344
2024-01-22 19:00:00+00:00,26.140625,28.99585
2024-01-22 20:00:00+00:00,26.8534375,26.80325
2024-01-22 21:00:00+00:00,27.56625,27.570282
2024-01-22 22:00:00+00:00,29.3759375,28.517963
2024-01-22 23:00:00+00:00,31.185625,29.166603
2024-01-23 00:00:00+00:00,32.9953125,31.918663
2024-01-23 01:00:00+00:00,34.805,34.568123
2024-01-23 02:00:00+00:00,35.4859375,39.231018
2024-01-23 03:00:00+00:00,36.166875000000005,43.950947
2024-01-23 04:00:00+00:00,36.8478125,44.999966
2024-01-23 05:00:00+00:00,37.52875,43.58634
2024-01-23 06:00:00+00:00,29.304375,32.85131
2024-01-23 07:00:00+00:00,21.08,19.767462
2024-01-23 08:00:00+00:00,19.838749999999997,28.394234
2024-01-23 09:00:00+00:00,18.5975,38.695568
2024-01-23 10:00:00+00:00,20.203541666666666,41.35538
2024-01-23 11:00:00+00:00,21.809583333333332,44.102722
2024-01-23 12:00:00+00:00,23.415625000000002,46.790096
2024-01-23 13:00:00+00:00,25.021666666666665,50.82807
2024-01-23 14:00:00+00:00,24.583749999999995,46.367424
2024-01-23 15:00:00+00:00,24.145833333333332,41.20367
2024-01-23 16:00:00+00:00,23.707916666666666,35.387505
2024-01-23 17:00:00+00:00,23.27,30.031212
2024-01-23 18:00:00+00:00,24.415625,29.811272
2024-01-23 19:00:00+00:00,25.56125,28.945997
2024-01-23 20:00:00+00:00,26.706875,28.63948
2024-01-23 21:00:00+00:00,27.8525,27.735052
2024-01-23 22:00:00+00:00,29.5396875,26.289213
2024-01-23 23:00:00+00:00,31.226875,25.242264
2024-01-24 00:00:00+00:00,32.9140625,27.020813
2024-01-24 01:00:00+00:00,34.60125,27.43407
2024-01-24 02:00:00+00:00,38.2628125,30.530499
2024-01-24 03:00:00+00:00,41.92437499999999,33.18345
2024-01-24 04:00:00+00:00,45.5859375,35.311996
2024-01-24 05:00:00+00:00,49.2475,37.776287
2024-01-24 06:00:00+00:00,37.69375,30.571098
2024-01-24 07:00:00+00:00,26.14,24.227097
2024-01-24 08:00:00+00:00,28.374375,36.39902
2024-01-24 09:00:00+00:00,30.608750000000004,45.155807
2024-01-24 10:00:00+00:00,29.971979166666667,43.459274
2024-01-24 11:00:00+00:00,29.335208333333334,43.53602
2024-01-24 12:00:00+00:00,28.6984375,43.92471
2024-01-24 13:00:00+00:00,28.06166666666667,43.76977
2024-01-24 14:00:00+00:00,25.177187500000002,38.526623
2024-01-24 15:00:00+00:00,22.292708333333334,32.178215
2024-01-24 16:00:00+00:00,19.408229166666665,24.846613
2024-01-24 17:00:00+00:00,16.52375,19.14406
2024-01-24 18:00:00+00:00,17.669687499999995,19.229204
2024-01-24 19:00:00+00:00,18.815624999999997,20.784878
2024-01-24 20:00:00+00:00,19.9615625,21.96148
2024-01-24 21:00:00+00:00,21.107499999999998,23.295359
2024-01-24 22:00:00+00:00,23.765625,24.548508
2024-01-24 23:00:00+00:00,26.42375,25.777391
2024-01-25 00:00:00+00:00,29.081874999999997,26.735569
2024-01-25 01:00:00+00:00,31.74,27.855413
2024-01-25 02:00:00+00:00,45.8046875,31.821232
2024-01-25 03:00:00+00:00,59.869375000000005,36.295616
2024-01-25 04:00:00+00:00,73.9340625,40.04923
2024-01-25 05:00:00+00:00,87.99875,45.110367
2024-01-25 06:00:00+00:00,56.109375,36.655922
2024-01-25 07:00:00+00:00,24.22,24.260086
2024-01-25 08:00:00+00:00,24.095625,31.621023
2024-01-25 09:00:00+00:00,23.97125,40.316547
2024-01-25 10:00:00+00:00,22.7346875,40.41301
2024-01-25 11:00:00+00:00,21.498125,40.200615
2024-01-25 12:00:00+00:00,20.261562500000004,39.003456
2024-01-25 13:00:00+00:00,19.025,38.121307
2024-01-25 14:00:00+00:00,26.733125,38.89282
2024-01-25 15:00:00+00:00,34.441250000000004,41.4879
2024-01-25 16:00:00+00:00,42.149375000000006,43.3185
2024-01-25 17:00:00+00:00,49.8575,43.27417
2024-01-25 18:00:00+00:00,41.725625,39.74137
2024-01-25 19:00:00+00:00,33.59375,35.887897
2024-01-25 20:00:00+00:00,25.461875,30.114481
2024-01-25 21:00:00+00:00,17.33,25.203606
2024-01-25 22:00:00+00:00,18.8046875,24.955204
2024-01-25 23:00:00+00:00,20.279375,25.135426
2024-01-26 00:00:00+00:00,21.7540625,26.82097
2024-01-26 01:00:00+00:00,23.22875,27.655945
2024-01-26 02:00:00+00:00,27.73375,30.776976
2024-01-26 03:00:00+00:00,32.23875,32.83431
2024-01-26 04:00:00+00:00,36.743750000000006,33.83127
2024-01-26 05:00:00+00:00,41.24875,36.37107
2024-01-26 06:00:00+00:00,28.274374999999996,27.747879
2024-01-26 07:00:00+00:00,15.3,11.751659
2024-01-26 08:00:00+00:00,40.458124999999995,19.919083
2024-01-26 09:00:00+00:00,65.61625,30.423447
2024-01-26 10:00:00+00:00,56.255937499999995,27.218805
2024-01-26 11:00:00+00:00,46.895624999999995,27.701609
2024-01-26 12:00:00+00:00,37.535312499999996,26.406067
2024-01-26 13:00:00+00:00,28.175,23.47646
2024-01-26 14:00:00+00:00,30.6234375,27.665274
2024-01-26 15:00:00+00:00,33.071875,31.96776
2024-01-26 16:00:00+00:00,35.5203125,33.018276
2024-01-26 17:00:00+00:00,37.96875,33.53075
2024-01-26 18:00:00+00:00,33.8215625,32.47687
2024-01-26 19:00:00+00:00,29.674375,31.332867
2024-01-26 20:00:00+00:00,25.527187500000004,27.947412
2024-01-26 21:00:00+00:00,21.380000000000003,24.871536
2024-01-26 22:00:00+00:00,23.950000000000003,25.549694
2024-01-26 23:00:00+00:00,26.520000000000003,26.730156
2024-01-27 00:00:00+00:00,29.09,28.722446
2024-01-27 01:00:00+00:00,31.66,31.13784
2024-01-27 02:00:00+00:00,35.555,33.644096
2024-01-27 03:00:00+00:00,39.45,36.17607
2024-01-27 04:00:00+00:00,43.345,38.61487
2024-01-27 05:00:00+00:00,47.24,39.67781
2024-01-27 06:00:00+00:00,30.9725,31.518291
2024-01-27 07:00:00+00:00,14.705,23.13572
2024-01-27 08:00:00+00:00,24.028750000000002,29.8814
2024-01-27 09:00:00+00:00,33.3525,36.269684
2024-01-27 10:00:00+00:00,29.459791666666668,32.516796
2024-01-27 11:00:00+00:00,25.567083333333333,29.118994
2024-01-27 12:00:00+00:00,21.674374999999998,23.052044
2024-01-27 13:00:00+00:00,17.781666666666666,18.211843
2024-01-27 14:00:00+00:00,26.003125,20.544876
2024-01-27 15:00:00+00:00,34.224583333333335,22.189213
2024-01-27 16:00:00+00:00,42.44604166666667,24.19563
2024-01-27 17:00:00+00:00,50.667500000000004,26.456425
2024-01-27 18:00:00+00:00,43.449999999999996,25.46601
2024-01-27 19:00:00+00:00,36.2325,24.142319
2024-01-27 20:00:00+00:00,29.015,22.03513
2024-01-27 21:00:00+00:00,21.7975,20.952385
2024-01-27 22:00:00+00:00,23.8034375,23.391788
2024-01-27 23:00:00+00:00,25.809375,26.769323
2024-01-28 00:00:00+00:00,27.815312499999997,31.336401
2024-01-28 01:00:00+00:00,29.82125,36.73509
2024-01-28 02:00:00+00:00,42.591875,42.179188
2024-01-28 03:00:00+00:00,55.3625,46.154495
2024-01-28 04:00:00+00:00,68.133125,46.333054
2024-01-28 05:00:00+00:00,80.90375,46.187363
2024-01-28 06:00:00+00:00,55.636875,31.212364
2024-01-28 07:00:00+00:00,30.369999999999997,14.599398
2024-01-28 08:00:00+00:00,36.133125,31.71363
2024-01-28 09:00:00+00:00,41.89625,50.280296
2024-01-28 10:00:00+00:00,38.0996875,46.104954
2024-01-28 11:00:00+00:00,34.303125,40.26327
2024-01-28 12:00:00+00:00,30.506562499999998,33.35304
2024-01-28 13:00:00+00:00,26.709999999999997,28.077673
2024-01-28 14:00:00+00:00,36.43,30.786533
2024-01-28 15:00:00+00:00,46.150000000000006,32.788597
2024-01-28 16:00:00+00:00,55.870000000000005,33.888393
2024-01-28 17:00:00+00:00,65.59,34.326
2024-01-28 18:00:00+00:00,53.18437500000001,33.43268
2024-01-28 19:00:00+00:00,40.77875,29.99088
2024-01-28 20:00:00+00:00,28.373125,24.063179
2024-01-28 21:00:00+00:00,15.9675,19.945602
2024-01-28 22:00:00+00:00,17.319375,20.603008
2024-01-28 23:00:00+00:00,18.67125,20.540264
2024-01-29 00:00:00+00:00,20.023125,20.463146
2024-01-29 01:00:00+00:00,21.375000000000004,18.935427
2024-01-29 02:00:00+00:00,35.152812499999996,23.230072
2024-01-29 03:00:00+00:00,48.930625,28.746265
2024-01-29 04:00:00+00:00,62.7084375,33.697998
2024-01-29 05:00:00+00:00,76.48625,41.922684
2024-01-29 06:00:00+00:00,45.393125,37.857708
2024-01-29 07:00:00+00:00,14.3,28.721247
2024-01-29 08:00:00+00:00,36.321250000000006,43.92694
2024-01-29 09:00:00+00:00,58.3425,54.123287
2024-01-29 10:00:00+00:00,48.862291666666664,44.05536
2024-01-29 11:00:00+00:00,39.382083333333334,35.874836
2024-01-29 12:00:00+00:00,29.901875,27.686302
2024-01-29 13:00:00+00:00,20.421666666666667,22.389578
2024-01-29 14:00:00+00:00,23.2878125,22.96273
2024-01-29 15:00:00+00:00,26.153958333333335,24.324274
2024-01-29 16:00:00+00:00,29.020104166666666,25.501272
2024-01-29 17:00:00+00:00,31.88625,31.07668
2024-01-29 18:00:00+00:00,33.059375,41.745667
2024-01-29 19:00:00+00:00,34.2325,44.229904
2024-01-29 20:00:00+00:00,35.405625,41.60315
2024-01-29 21:00:00+00:00,36.57875000000001,38.54585
2024-01-29 22:00:00+00:00,31.8275,32.404285
2024-01-29 23:00:00+00:00,27.07625,29.064125
2024-01-30 00:00:00+00:00,22.325,24.44284
2024-01-30 01:00:00+00:00,17.57375,17.346628
2024-01-30 02:00:00+00:00,21.561875,24.589237
2024-01-30 03:00:00+00:00,25.549999999999997,33.597137
2024-01-30 04:00:00+00:00,29.538124999999997,40.709923
2024-01-30 05:00:00+00:00,33.52625,44.041756
2024-01-30 06:00:00+00:00,25.510625,29.981354
2024-01-30 07:00:00+00:00,17.494999999999997,17.300953
2024-01-30 08:00:00+00:00,23.998750000000005,27.791187
2024-01-30 09:00:00+00:00,30.5025,40.421745
2024-01-30 10:00:00+00:00,32.17479166666667,42.483368
2024-01-30 11:00:00+00:00,33.84708333333334,43.37237
2024-01-30 12:00:00+00:00,35.51937500000001,43.580902
2024-01-30 13:00:00+00:00,37.19166666666667,44.824318
2024-01-30 14:00:00+00:00,32.480625,42.60766
2024-01-30 15:00:00+00:00,27.769583333333337,39.254223
2024-01-30 16:00:00+00:00,23.058541666666667,34.598488
2024-01-30 17:00:00+00:00,18.3475,29.647377
2024-01-30 18:00:00+00:00,22.7328125,31.810488
2024-01-30 19:00:00+00:00,27.118125,34.421207
2024-01-30 20:00:00+00:00,31.5034375,33.721836
2024-01-30 21:00:00+00:00,35.88875,30.488293
2024-01-30 22:00:00+00:00,32.5878125,28.224327
2024-01-30 23:00:00+00:00,29.286875000000002,25.754795
2024-01-31 00:00:00+00:00,25.985937500000002,21.052513
2024-01-31 01:00:00+00:00,22.685000000000002,14.664841
2024-01-31 02:00:00+00:00,29.58875,20.611097
2024-01-31 03:00:00+00:00,36.4925,27.820665
2024-01-31 04:00:00+00:00,43.396249999999995,37.525
2024-01-31 05:00:00+00:00,50.3,46.16666
2024-01-31 06:00:00+00:00,35.18,32.29503
2024-01-31 07:00:00+00:00,20.060000000000002,18.036575
2024-01-31 08:00:00+00:00,28.080000000000002,27.589825
2024-01-31 09:00:00+00:00,36.1,36.15989
2024-01-31 10:00:00+00:00,35.375416666666666,32.181408
2024-01-31 11:00:00+00:00,34.65083333333333,28.509796
2024-01-31 12:00:00+00:00,33.926249999999996,25.85421
2024-01-31 13:00:00+00:00,33.20166666666666,26.039648
2024-01-31 14:00:00+00:00,27.975937499999993,26.337156
2024-01-31 15:00:00+00:00,22.75020833333333,24.4669
2024-01-31 16:00:00+00:00,17.524479166666666,20.210545
2024-01-31 17:00:00+00:00,12.29875,15.9883995
2024-01-31 18:00:00+00:00,22.2484375,23.40939
2024-01-31 19:00:00+00:00,32.198125,30.972082
2024-01-31 20:00:00+00:00,42.1478125,39.971462
2024-01-31 21:00:00+00:00,52.097500000000004,48.059048
2024-01-31 22:00:00+00:00,45.176562499999996,40.92175
2024-01-31 23:00:00+00:00,38.255624999999995,34.031193
2024-02-01 00:00:00+00:00,31.3346875,28.312595
2024-02-01 01:00:00+00:00,24.41375,25.14315
2024-02-01 02:00:00+00:00,26.3353125,29.24144
2024-02-01 03:00:00+00:00,28.256875,31.808979
2024-02-01 04:00:00+00:00,30.1784375,32.344955
2024-02-01 05:00:00+00:00,32.1,34.393208
2024-02-01 06:00:00+00:00,21.0325,22.741886
2024-02-01 07:00:00+00:00,9.965,9.851212
2024-02-01 08:00:00+00:00,28.141875000000002,35.32942
2024-02-01 09:00:00+00:00,46.31875,60.425835
2024-02-01 10:00:00+00:00,46.35197916666666,54.17862
2024-02-01 11:00:00+00:00,46.38520833333333,48.822525
2024-02-01 12:00:00+00:00,46.418437499999996,44.51976
2024-02-01 13:00:00+00:00,46.45166666666666,39.164555
2024-02-01 14:00:00+00:00,40.7371875,33.046448
2024-02-01 15:00:00+00:00,35.02270833333332,28.13522
2024-02-01 16:00:00+00:00,29.308229166666663,25.067173
2024-02-01 17:00:00+00:00,23.59375,21.734974
2024-02-01 18:00:00+00:00,36.939375,31.069418
2024-02-01 19:00:00+00:00,50.285,39.717403
2024-02-01 20:00:00+00:00,63.630624999999995,47.24479
2024-02-01 21:00:00+00:00,76.97625,54.97284
2024-02-01 22:00:00+00:00,62.279062499999995,45.772587
2024-02-01 23:00:00+00:00,47.581875,35.233517
2024-02-02 00:00:00+00:00,32.8846875,25.793802
2024-02-02 01:00:00+00:00,18.1875,17.484558
2024-02-02 02:00:00+00:00,20.4890625,19.984144
2024-02-02 03:00:00+00:00,22.790625,22.184828
2024-02-02 04:00:00+00:00,25.0921875,23.038237
2024-02-02 05:00:00+00:00,27.39375,24.930897
2024-02-02 06:00:00+00:00,17.449375,13.84049
2024-02-02 07:00:00+00:00,7.504999999999999,2.8089828
2024-02-02 08:00:00+00:00,21.0,23.66489
2024-02-02 09:00:00+00:00,34.495,46.77439
2024-02-02 10:00:00+00:00,40.17125,47.353317
2024-02-02 11:00:00+00:00,45.8475,46.85776
2024-02-02 12:00:00+00:00,51.52374999999999,49.655994
2024-02-02 13:00:00+00:00,57.199999999999996,51.88278
2024-02-02 14:00:00+00:00,46.931562500000005,46.35541
2024-02-02 15:00:00+00:00,36.663124999999994,38.711983
2024-02-02 16:00:00+00:00,26.394687499999996,29.620045
2024-02-02 17:00:00+00:00,16.12625,21.191185
2024-02-02 18:00:00+00:00,20.096249999999998,24.38552
2024-02-02 19:00:00+00:00,24.06625,26.343307
2024-02-02 20:00:00+00:00,28.036250000000006,28.077322
2024-02-02 21:00:00+00:00,32.00625,30.722204
2024-02-02 22:00:00+00:00,31.284375,32.413826
2024-02-02 23:00:00+00:00,30.5625,33.774925
2024-02-03 00:00:00+00:00,29.840625,32.978954
2024-02-03 01:00:00+00:00,29.11875,31.2842
2024-02-03 02:00:00+00:00,27.071875,30.134724
2024-02-03 03:00:00+00:00,25.025,27.38095
2024-02-03 04:00:00+00:00,22.978125,23.852022
2024-02-03 05:00:00+00:00,20.93125,20.266823
2024-02-03 06:00:00+00:00,15.133125,12.845394
2024-02-03 07:00:00+00:00,9.335,5.4609833
2024-02-03 08:00:00+00:00,16.990625,20.39103
2024-02-03 09:00:00+00:00,24.646250000000002,34.61649
2024-02-03 10:00:00+00:00,26.23135416666667,32.147358
2024-02-03 11:00:00+00:00,27.816458333333333,30.75712
2024-02-03 12:00:00+00:00,29.4015625,34.123253
2024-02-03 13:00:00+00:00,30.986666666666668,38.032047
2024-02-03 14:00:00+00:00,28.501250000000006,37.83813
2024-02-03 15:00:00+00:00,26.015833333333333,35.78218
2024-02-03 16:00:00+00:00,23.530416666666667,31.519775
2024-02-03 17:00:00+00:00,21.045,27.56381
2024-02-03 18:00:00+00:00,19.828125,26.979614
2024-02-03 19:00:00+00:00,18.61125,25.862816
2024-02-03 20:00:00+00:00,17.394375,23.782253
2024-02-03 21:00:00+00:00,16.1775,20.280884
2024-02-03 22:00:00+00:00,20.9140625,23.27628
2024-02-03 23:00:00+00:00,25.650624999999994,26.995361
2024-02-04 00:00:00+00:00,30.387187499999996,30.613058
2024-02-04 01:00:00+00:00,35.12375,31.292301
2024-02-04 02:00:00+00:00,32.93625,30.790838
2024-02-04 03:00:00+00:00,30.748749999999998,29.742573
2024-02-04 04:00:00+00:00,28.56125,28.58135
2024-02-04 05:00:00+00:00,26.373749999999998,27.501366
2024-02-04 06:00:00+00:00,18.019375,22.224487
2024-02-04 07:00:00+00:00,9.664999999999997,16.823748
2024-02-04 08:00:00+00:00,24.559375,29.114237
2024-02-04 09:00:00+00:00,39.45375,41.069206
2024-02-04 10:00:00+00:00,39.4553125,38.109467
2024-02-04 11:00:00+00:00,39.456875,35.030178
2024-02-04 12:00:00+00:00,39.4584375,35.05714
2024-02-04 13:00:00+00:00,39.46,34.510384
2024-02-04 14:00:00+00:00,35.77375,30.478554
2024-02-04 15:00:00+00:00,32.0875,25.945196
2024-02-04 16:00:00+00:00,28.40125,21.912073
2024-02-04 17:00:00+00:00,24.715,18.84586
2024-02-04 18:00:00+00:00,21.16125,16.884418
2024-02-04 19:00:00+00:00,17.6075,15.558191
2024-02-04 20:00:00+00:00,14.05375,14.012211
2024-02-04 21:00:00+00:00,10.5,11.826426
2024-02-04 22:00:00+00:00,24.243125,21.583862
2024-02-04 23:00:00+00:00,37.98625,32.046707
2024-02-05 00:00:00+00:00,51.729375,41.823177
2024-02-05 01:00:00+00:00,65.4725,51.13517
2024-02-05 02:00:00+00:00,57.09624999999999,46.054863
2024-02-05 03:00:00+00:00,48.72,39.770737
2024-02-05 04:00:00+00:00,40.34375,35.212616
2024-02-05 05:00:00+00:00,31.9675,30.419794
2024-02-05 06:00:00+00:00,20.00625,22.053898
2024-02-05 07:00:00+00:00,8.045,13.498688
2024-02-05 08:00:00+00:00,14.148125,22.014
2024-02-05 09:00:00+00:00,20.25125,30.176285
2024-02-05 10:00:00+00:00,25.657604166666665,34.717762
2024-02-05 11:00:00+00:00,31.063958333333332,42.748177
2024-02-05 12:00:00+00:00,36.4703125,50.224373
2024-02-05 13:00:00+00:00,41.876666666666665,53.582405
2024-02-05 14:00:00+00:00,39.251562500000006,49.125553
2024-02-05 15:00:00+00:00,36.62645833333333,43.037205
2024-02-05 16:00:00+00:00,34.001354166666665,37.227108
2024-02-05 17:00:00+00:00,31.37625,32.256634
2024-02-05 18:00:00+00:00,28.955312499999998,29.815321
2024-02-05 19:00:00+00:00,26.534375,28.233128
2024-02-05 20:00:00+00:00,24.113437500000003,24.166294
2024-02-05 21:00:00+00:00,21.692500000000003,20.629381
2024-02-05 22:00:00+00:00,43.8359375,33.0054
2024-02-05 23:00:00+00:00,65.979375,45.03277
2024-02-06 00:00:00+00:00,88.12281249999998,52.221855
2024-02-06 01:00:00+00:00,110.26625,64.049095
2024-02-06 02:00:00+00:00,87.9171875,56.90957
2024-02-06 03:00:00+00:00,65.56812500000001,48.18419
2024-02-06 04:00:00+00:00,43.21906250000001,39.35829
2024-02-06 05:00:00+00:00,20.87,29.428455
2024-02-06 06:00:00+00:00,21.372500000000002,17.206219
2024-02-06 07:00:00+00:00,21.875,5.731594
2024-02-06 08:00:00+00:00,20.06125,15.8982935
2024-02-06 09:00:00+00:00,18.247499999999995,26.007671
2024-02-06 10:00:00+00:00,21.771874999999998,27.25121
2024-02-06 11:00:00+00:00,25.29625,28.909643
2024-02-06 12:00:00+00:00,28.820625,30.525118
2024-02-06 13:00:00+00:00,32.345,32.731094
2024-02-06 14:00:00+00:00,33.9846875,35.672142
2024-02-06 15:00:00+00:00,35.624375,37.777878
2024-02-06 16:00:00+00:00,37.2640625,36.3882
2024-02-06 17:00:00+00:00,38.90375,34.995335
2024-02-06 18:00:00+00:00,32.892812500000005,31.036451
2024-02-06 19:00:00+00:00,26.881875,26.717281
2024-02-06 20:00:00+00:00,20.8709375,23.146757
2024-02-06 21:00:00+00:00,14.86,19.637363
2024-02-06 22:00:00+00:00,19.584062500000005,24.129333
2024-02-06 23:00:00+00:00,24.308125,27.776485
2024-02-07 00:00:00+00:00,29.0321875,30.837784
2024-02-07 01:00:00+00:00,33.75625,35.56079
2024-02-07 02:00:00+00:00,32.944375,33.284016
2024-02-07 03:00:00+00:00,32.1325,31.56119
2024-02-07 04:00:00+00:00,31.320625,30.006742
2024-02-07 05:00:00+00:00,30.50875,26.968811
2024-02-07 06:00:00+00:00,18.314374999999995,23.13532
2024-02-07 07:00:00+00:00,6.12,19.363659
2024-02-07 08:00:00+00:00,13.105,19.27179
2024-02-07 09:00:00+00:00,20.09,19.276045
2024-02-07 10:00:00+00:00,20.919583333333332,19.545952
2024-02-07 11:00:00+00:00,21.749166666666667,20.435244
2024-02-07 12:00:00+00:00,22.57875,23.037214
2024-02-07 13:00:00+00:00,23.40833333333333,25.708279
2024-02-07 14:00:00+00:00,23.324687499999996,27.491407
2024-02-07 15:00:00+00:00,23.241041666666668,28.269547
2024-02-07 16:00:00+00:00,23.157395833333332,28.785358
2024-02-07 17:00:00+00:00,23.07375,29.298061
2024-02-07 18:00:00+00:00,22.133125,27.700909
2024-02-07 19:00:00+00:00,21.192500000000003,24.7006
2024-02-07 20:00:00+00:00,20.251875000000002,21.089346
2024-02-07 21:00:00+00:00,19.31125,18.596401
2024-02-07 22:00:00+00:00,18.747812500000002,18.66116
2024-02-07 23:00:00+00:00,18.184375000000003,19.24384
2024-02-08 00:00:00+00:00,17.6209375,19.205769
2024-02-08 01:00:00+00:00,17.0575,16.899828
2024-02-08 02:00:00+00:00,22.583125,21.4945
2024-02-08 03:00:00+00:00,28.10875,25.940273
2024-02-08 04:00:00+00:00,33.634375,37.065605
2024-02-08 05:00:00+00:00,39.16,50.015728
2024-02-08 06:00:00+00:00,23.939999999999998,32.82121
2024-02-08 07:00:00+00:00,8.719999999999999,13.443588
2024-02-08 08:00:00+00:00,15.57875,17.689323
2024-02-08 09:00:00+00:00,22.4375,22.720547
2024-02-08 10:00:00+00:00,26.459791666666664,26.083416
2024-02-08 11:00:00+00:00,30.482083333333332,29.694952
2024-02-08 12:00:00+00:00,34.504374999999996,35.425297
2024-02-08 13:00:00+00:00,38.526666666666664,40.68239
2024-02-08 14:00:00+00:00,35.8190625,39.447105
2024-02-08 15:00:00+00:00,33.11145833333333,37.972343
2024-02-08 16:00:00+00:00,30.403854166666665,34.664215
2024-02-08 17:00:00+00:00,27.69625,30.21418
2024-02-08 18:00:00+00:00,26.5915625,28.553102
2024-02-08 19:00:00+00:00,25.486874999999998,25.658575
2024-02-08 20:00:00+00:00,24.382187500000004,23.67975
2024-02-08 21:00:00+00:00,23.2775,21.436394
2024-02-08 22:00:00+00:00,20.46375,18.841047
2024-02-08 23:00:00+00:00,17.65,16.948662
2024-02-09 00:00:00+00:00,14.836250000000001,14.422535
2024-02-09 01:00:00+00:00,12.0225,10.213764
2024-02-09 02:00:00+00:00,35.1871875,20.836836
2024-02-09 03:00:00+00:00,58.351875,32.444073
2024-02-09 04:00:00+00:00,81.5165625,45.617207
2024-02-09 05:00:00+00:00,104.68125,57.275
2024-02-09 06:00:00+00:00,57.413125,31.599611
2024-02-09 07:00:00+00:00,10.145,5.5885124
2024-02-09 08:00:00+00:00,16.755,14.406197
2024-02-09 09:00:00+00:00,23.365,23.379307
2024-02-09 10:00:00+00:00,22.835833333333333,25.096018
2024-02-09 11:00:00+00:00,22.306666666666665,24.321136
2024-02-09 12:00:00+00:00,21.777499999999996,23.936626
2024-02-09 13:00:00+00:00,21.24833333333333,25.23325
2024-02-09 14:00:00+00:00,23.9925,26.635296
2024-02-09 15:00:00+00:00,26.736666666666668,29.16857
2024-02-09 16:00:00+00:00,29.480833333333333,32.323395
2024-02-09 17:00:00+00:00,32.225,36.280243
2024-02-09 18:00:00+00:00,31.0453125,36.777046
2024-02-09 19:00:00+00:00,29.865625,34.954094
2024-02-09 20:00:00+00:00,28.6859375,31.260294
2024-02-09 21:00:00+00:00,27.50625,28.035666
2024-02-09 22:00:00+00:00,27.090312500000003,26.097782
2024-02-09 23:00:00+00:00,26.674375,25.037586
2024-02-10 00:00:00+00:00,26.2584375,25.209755
2024-02-10 01:00:00+00:00,25.8425,24.52072
2024-02-10 02:00:00+00:00,71.88624999999999,40.4961
2024-02-10 03:00:00+00:00,117.92999999999999,58.00451
2024-02-10 04:00:00+00:00,163.97375,71.713
2024-02-10 05:00:00+00:00,210.01749999999998,84.73399
2024-02-10 06:00:00+00:00,114.02374999999999,53.074013
2024-02-10 07:00:00+00:00,18.03,18.950129
2024-02-10 08:00:00+00:00,19.340625000000006,22.12524
2024-02-10 09:00:00+00:00,20.65125,26.397972
2024-02-10 10:00:00+00:00,20.554270833333334,26.804058
2024-02-10 11:00:00+00:00,20.457291666666666,27.392082
2024-02-10 12:00:00+00:00,20.360312499999996,26.964727
2024-02-10 13:00:00+00:00,20.263333333333332,27.279312
2024-02-10 14:00:00+00:00,21.010312499999998,24.866968
2024-02-10 15:00:00+00:00,21.757291666666667,22.41768
2024-02-10 16:00:00+00:00,22.504270833333333,22.907166
2024-02-10 17:00:00+00:00,23.25125,25.273327
2024-02-10 18:00:00+00:00,24.9971875,30.597927
2024-02-10 19:00:00+00:00,26.743125,33.38104
2024-02-10 20:00:00+00:00,28.4890625,34.38698
2024-02-10 21:00:00+00:00,30.235,34.582054
2024-02-10 22:00:00+00:00,26.7709375,29.809217
2024-02-10 23:00:00+00:00,23.306874999999994,25.818062
2024-02-11 00:00:00+00:00,19.8428125,20.835339
2024-02-11 01:00:00+00:00,16.37875,18.903015
2024-02-11 02:00:00+00:00,21.882812500000004,25.009933
2024-02-11 03:00:00+00:00,27.386874999999996,29.272251
2024-02-11 04:00:00+00:00,32.89093749999999,29.496065
2024-02-11 05:00:00+00:00,38.394999999999996,32.616318
2024-02-11 06:00:00+00:00,27.985000000000003,17.852852
2024-02-11 07:00:00+00:00,17.575000000000003,-3.922512
2024-02-11 08:00:00+00:00,16.70125,7.9162292
2024-02-11 09:00:00+00:00,15.8275,21.144554
2024-02-11 10:00:00+00:00,17.913125,20.628918
2024-02-11 11:00:00+00:00,19.99875,22.773125
2024-02-11 12:00:00+00:00,22.084375,21.456959
2024-02-11 13:00:00+00:00,24.17,22.140617
2024-02-11 14:00:00+00:00,22.8,22.681168
2024-02-11 15:00:00+00:00,21.43,22.847332
2024-02-11 16:00:00+00:00,20.060000000000002,22.879175
2024-02-11 17:00:00+00:00,18.69,22.446678
2024-02-11 18:00:00+00:00,19.150312500000002,23.908882
2024-02-11 19:00:00+00:00,19.610625,24.125423
2024-02-11 20:00:00+00:00,20.070937500000003,25.110435
2024-02-11 21:00:00+00:00,20.53125,26.521305
2024-02-11 22:00:00+00:00,20.41375,25.437
2024-02-11 23:00:00+00:00,20.29625,23.478691
2024-02-12 00:00:00+00:00,20.17875,21.07817
2024-02-12 01:00:00+00:00,20.06125,17.465649
2024-02-12 02:00:00+00:00,20.233125,16.760853
2024-02-12 03:00:00+00:00,20.405,16.527187
2024-02-12 04:00:00+00:00,20.576875,16.094252
2024-02-12 05:00:00+00:00,20.74875,16.28685
2024-02-12 06:00:00+00:00,17.501875000000002,11.831453
2024-02-12 07:00:00+00:00,14.254999999999999,6.756544
2024-02-12 08:00:00+00:00,22.660625,14.632515
2024-02-12 09:00:00+00:00,31.06625,22.178755
2024-02-12 10:00:00+00:00,29.6446875,22.69128
2024-02-12 11:00:00+00:00,28.223125,24.331081
2024-02-12 12:00:00+00:00,26.8015625,26.55433
2024-02-12 13:00:00+00:00,25.379999999999995,30.515244
2024-02-12 14:00:00+00:00,25.973125,30.36271
2024-02-12 15:00:00+00:00,26.56625,29.660109
2024-02-12 16:00:00+00:00,27.159375,30.513426
2024-02-12 17:00:00+00:00,27.7525,30.155432
2024-02-12 18:00:00+00:00,26.587812500000002,28.300587
2024-02-12 19:00:00+00:00,25.423125,26.657734
2024-02-12 20:00:00+00:00,24.2584375,27.18401
2024-02-12 21:00:00+00:00,23.09375,27.209362
2024-02-12 22:00:00+00:00,23.825,27.457918
2024-02-12 23:00:00+00:00,24.55625,26.79849
2024-02-13 00:00:00+00:00,25.2875,25.721544
2024-02-13 01:00:00+00:00,26.01875,24.35078
2024-02-13 02:00:00+00:00,23.97625,22.661491
2024-02-13 03:00:00+00:00,21.93375,20.565731
2024-02-13 04:00:00+00:00,19.89125,16.228783
2024-02-13 05:00:00+00:00,17.84875,13.573856
2024-02-13 06:00:00+00:00,18.956874999999997,11.826918
2024-02-13 07:00:00+00:00,20.064999999999998,6.025217
2024-02-13 08:00:00+00:00,122.3125,26.09061
2024-02-13 09:00:00+00:00,224.56,52.95767
2024-02-13 10:00:00+00:00,174.46833333333333,48.75103
2024-02-13 11:00:00+00:00,124.37666666666667,42.023724
2024-02-13 12:00:00+00:00,74.285,35.2306
2024-02-13 13:00:00+00:00,24.19333333333333,27.857574
2024-02-13 14:00:00+00:00,22.424999999999994,25.015043
2024-02-13 15:00:00+00:00,20.656666666666666,22.355871
2024-02-13 16:00:00+00:00,18.888333333333335,20.99674
2024-02-13 17:00:00+00:00,17.12,20.638065
2024-02-13 18:00:00+00:00,19.5903125,22.153206
2024-02-13 19:00:00+00:00,22.060625,24.14793
2024-02-13 20:00:00+00:00,24.5309375,26.575466
2024-02-13 21:00:00+00:00,27.00125,28.888498
2024-02-13 22:00:00+00:00,27.8103125,28.010359
2024-02-13 23:00:00+00:00,28.619374999999998,26.444923
2024-02-14 00:00:00+00:00,29.4284375,26.728252
2024-02-14 01:00:00+00:00,30.2375,26.721483
2024-02-14 02:00:00+00:00,31.4921875,27.838987
2024-02-14 03:00:00+00:00,32.746875,30.995241
2024-02-14 04:00:00+00:00,34.0015625,24.647022
2024-02-14 05:00:00+00:00,35.25625,23.297455
2024-02-14 06:00:00+00:00,19.468125,22.632183
2024-02-14 07:00:00+00:00,3.6799999999999997,32.73923
2024-02-14 08:00:00+00:00,182.3025,210.78592
2024-02-14 09:00:00+00:00,360.92500000000007,363.7132
2024-02-14 10:00:00+00:00,275.8354166666667,270.51343
2024-02-14 11:00:00+00:00,190.74583333333334,172.23892
2024-02-14 12:00:00+00:00,105.65625,94.186356
2024-02-14 13:00:00+00:00,20.566666666666666,31.676296
2024-02-14 14:00:00+00:00,19.048125,25.13836
2024-02-14 15:00:00+00:00,17.529583333333335,20.658516
2024-02-14 16:00:00+00:00,16.011041666666667,20.074017
2024-02-14 17:00:00+00:00,14.4925,19.058083
2024-02-14 18:00:00+00:00,15.9453125,21.270782
2024-02-14 19:00:00+00:00,17.398125,22.748362
2024-02-14 20:00:00+00:00,18.8509375,23.750011
2024-02-14 21:00:00+00:00,20.30375,26.01995
2024-02-14 22:00:00+00:00,22.640312499999997,25.858156
2024-02-14 23:00:00+00:00,24.976875,28.205072
2024-02-15 00:00:00+00:00,27.3134375,29.702496
2024-02-15 01:00:00+00:00,29.65,29.457825
2024-02-15 02:00:00+00:00,28.733124999999998,27.23891
2024-02-15 03:00:00+00:00,27.81625,23.779446
2024-02-15 04:00:00+00:00,26.899375,21.956135
2024-02-15 05:00:00+00:00,25.9825,20.5575
2024-02-15 06:00:00+00:00,18.54625,12.073765
2024-02-15 07:00:00+00:00,11.11,5.1174927
2024-02-15 08:00:00+00:00,29.811875,25.968067
2024-02-15 09:00:00+00:00,48.51375,45.311222
2024-02-15 10:00:00+00:00,41.1615625,35.857685
2024-02-15 11:00:00+00:00,33.809375,28.86161
2024-02-15 12:00:00+00:00,26.4571875,21.79263
2024-02-15 13:00:00+00:00,19.105,13.868267
2024-02-15 14:00:00+00:00,18.029062500000002,16.675228
2024-02-15 15:00:00+00:00,16.953125,17.338385
2024-02-15 16:00:00+00:00,15.8771875,15.399462
2024-02-15 17:00:00+00:00,14.801250000000001,14.274668
2024-02-15 18:00:00+00:00,15.4053125,16.514463
2024-02-15 19:00:00+00:00,16.009375,17.732908
2024-02-15 20:00:00+00:00,16.6134375,19.415886
2024-02-15 21:00:00+00:00,17.2175,20.649073
2024-02-15 22:00:00+00:00,18.269375,21.73935
2024-02-15 23:00:00+00:00,19.32125,22.652714
2024-02-16 00:00:00+00:00,20.373125,25.295425
2024-02-16 01:00:00+00:00,21.425,27.570133
2024-02-16 02:00:00+00:00,23.270937500000002,26.36568
2024-02-16 03:00:00+00:00,25.116875,25.749289
2024-02-16 04:00:00+00:00,26.9628125,25.674103
2024-02-16 05:00:00+00:00,28.80875,24.968475
2024-02-16 06:00:00+00:00,16.356875000000002,16.487598
2024-02-16 07:00:00+00:00,3.9050000000000002,9.504971
2024-02-16 08:00:00+00:00,11.556249999999997,19.97557
2024-02-16 09:00:00+00:00,19.2075,27.65561
2024-02-16 10:00:00+00:00,24.318125,27.309174
2024-02-16 11:00:00+00:00,29.42875,29.355331
2024-02-16 12:00:00+00:00,34.539375,29.164064
2024-02-16 13:00:00+00:00,39.65,28.168917
2024-02-16 14:00:00+00:00,34.35,24.685547
2024-02-16 15:00:00+00:00,29.049999999999997,20.590576
2024-02-16 16:00:00+00:00,23.749999999999996,17.045519
2024-02-16 17:00:00+00:00,18.45,14.763178
2024-02-16 18:00:00+00:00,19.6671875,18.344889
2024-02-16 19:00:00+00:00,20.884375,20.341806
2024-02-16 20:00:00+00:00,22.1015625,21.284103
2024-02-16 21:00:00+00:00,23.31875,22.504923
2024-02-16 22:00:00+00:00,23.531875,22.821236
2024-02-16 23:00:00+00:00,23.745,22.891468
2024-02-17 00:00:00+00:00,23.958125000000003,22.104504
2024-02-17 01:00:00+00:00,24.17125,23.089024
2024-02-17 02:00:00+00:00,26.40125,25.348743
2024-02-17 03:00:00+00:00,28.63125,26.80697
2024-02-17 04:00:00+00:00,30.861250000000002,26.568924
2024-02-17 05:00:00+00:00,33.09125,26.982925
2024-02-17 06:00:00+00:00,21.038125,18.778578
2024-02-17 07:00:00+00:00,8.985,13.091026
2024-02-17 08:00:00+00:00,14.606875,13.750172
2024-02-17 09:00:00+00:00,20.228750000000005,19.346233
2024-02-17 10:00:00+00:00,108.11156250000002,70.00981
2024-02-17 11:00:00+00:00,195.994375,113.86981
2024-02-17 12:00:00+00:00,283.8771875,148.44641
2024-02-17 13:00:00+00:00,371.76,173.00081
2024-02-17 14:00:00+00:00,283.405,135.39265
2024-02-17 15:00:00+00:00,195.04999999999998,94.498535
2024-02-17 16:00:00+00:00,106.695,57.654488
2024-02-17 17:00:00+00:00,18.34,24.642994
2024-02-17 18:00:00+00:00,17.5590625,18.317102
2024-02-17 19:00:00+00:00,16.778125,17.64279
2024-02-17 20:00:00+00:00,15.9971875,17.431946
2024-02-17 21:00:00+00:00,15.21625,18.482021
2024-02-17 22:00:00+00:00,17.514375000000005,20.490858
2024-02-17 23:00:00+00:00,19.8125,22.444462
2024-02-18 00:00:00+00:00,22.110625,24.58919
2024-02-18 01:00:00+00:00,24.40875,30.132877
2024-02-18 02:00:00+00:00,28.135,29.817162
2024-02-18 03:00:00+00:00,31.86125,30.833408
2024-02-18 04:00:00+00:00,35.5875,28.974602
2024-02-18 05:00:00+00:00,39.31375,27.684994
2024-02-18 06:00:00+00:00,32.744375,25.399872
2024-02-18 07:00:00+00:00,26.174999999999997,23.664059
2024-02-18 08:00:00+00:00,31.533749999999998,24.006886
2024-02-18 09:00:00+00:00,36.8925,35.053097
2024-02-18 10:00:00+00:00,194.52937499999993,165.32983
2024-02-18 11:00:00+00:00,352.16624999999993,276.06717
2024-02-18 12:00:00+00:00,509.8031249999999,351.88818
2024-02-18 13:00:00+00:00,667.4399999999999,418.64072
2024-02-18 14:00:00+00:00,505.770625,307.65085
2024-02-18 15:00:00+00:00,344.10125,199.20714
2024-02-18 16:00:00+00:00,182.431875,105.403946
2024-02-18 17:00:00+00:00,20.7625,11.674221
2024-02-18 18:00:00+00:00,18.772187500000005,9.501686
2024-02-18 19:00:00+00:00,16.781875,13.114332
2024-02-18 20:00:00+00:00,14.7915625,12.287325
2024-02-18 21:00:00+00:00,12.80125,13.81142
2024-02-18 22:00:00+00:00,14.733125000000001,14.502214
2024-02-18 23:00:00+00:00,16.665,17.265154
2024-02-19 00:00:00+00:00,18.596875,20.656914
2024-02-19 01:00:00+00:00,20.528750000000002,21.570618
2024-02-19 02:00:00+00:00,23.618437500000006,24.661837
2024-02-19 03:00:00+00:00,26.708125000000003,26.353956
2024-02-19 04:00:00+00:00,29.797812500000003,28.710207
2024-02-19 05:00:00+00:00,32.8875,29.718025
2024-02-19 06:00:00+00:00,20.88375,25.503523
2024-02-19 07:00:00+00:00,8.879999999999999,21.159416
2024-02-19 08:00:00+00:00,15.69,27.095823
2024-02-19 09:00:00+00:00,22.5,29.225792
2024-02-19 10:00:00+00:00,32.89208333333333,52.266003
2024-02-19 11:00:00+00:00,43.28416666666667,66.40412
2024-02-19 12:00:00+00:00,53.676249999999996,68.47951
2024-02-19 13:00:00+00:00,64.06833333333333,75.87783
2024-02-19 14:00:00+00:00,51.543124999999996,62.412117
2024-02-19 15:00:00+00:00,39.017916666666665,44.271187
2024-02-19 16:00:00+00:00,26.492708333333333,29.096148
2024-02-19 17:00:00+00:00,13.9675,10.563732
2024-02-19 18:00:00+00:00,13.294374999999999,15.06567
2024-02-19 19:00:00+00:00,12.62125,20.515392
2024-02-19 20:00:00+00:00,11.948125000000001,17.110596
2024-02-19 21:00:00+00:00,11.275,17.07759
2024-02-19 22:00:00+00:00,13.525625,19.316673
2024-02-19 23:00:00+00:00,15.776250000000001,21.067638
2024-02-20 00:00:00+00:00,18.026875,24.356173
2024-02-20 01:00:00+00:00,20.2775,30.437584
2024-02-20 02:00:00+00:00,21.71,27.88455
2024-02-20 03:00:00+00:00,23.1425,28.321379
2024-02-20 04:00:00+00:00,24.575,30.815065
2024-02-20 05:00:00+00:00,26.0075,29.855867
2024-02-20 06:00:00+00:00,18.63875,26.39552
2024-02-20 07:00:00+00:00,11.270000000000001,22.970264
2024-02-20 08:00:00+00:00,18.269375,26.198902
2024-02-20 09:00:00+00:00,25.26875,28.97904
2024-02-20 10:00:00+00:00,23.713645833333334,28.96881
2024-02-20 11:00:00+00:00,22.158541666666665,25.386095
2024-02-20 12:00:00+00:00,20.6034375,18.764786
2024-02-20 13:00:00+00:00,19.048333333333332,16.988235
2024-02-20 14:00:00+00:00,22.2675,20.04832
2024-02-20 15:00:00+00:00,25.486666666666665,23.07866
2024-02-20 16:00:00+00:00,28.705833333333334,21.945305
2024-02-20 17:00:00+00:00,31.925,18.634224
2024-02-20 18:00:00+00:00,28.114375000000003,19.014229
2024-02-20 19:00:00+00:00,24.30375,17.82835
2024-02-20 20:00:00+00:00,20.493125,17.068481
2024-02-20 21:00:00+00:00,16.6825,14.609589
2024-02-20 22:00:00+00:00,18.54,16.974365
2024-02-20 23:00:00+00:00,20.3975,17.977196
2024-02-21 00:00:00+00:00,22.255000000000003,24.570751
2024-02-21 01:00:00+00:00,24.1125,25.489357
2024-02-21 02:00:00+00:00,25.6509375,22.379467
2024-02-21 03:00:00+00:00,27.189375,21.931406
2024-02-21 04:00:00+00:00,28.7278125,23.260664
2024-02-21 05:00:00+00:00,30.26625,26.248035
2024-02-21 06:00:00+00:00,16.620625,26.487717
2024-02-21 07:00:00+00:00,2.975,22.610405
2024-02-21 08:00:00+00:00,14.411249999999999,24.506964
2024-02-21 09:00:00+00:00,25.8475,26.829737
2024-02-21 10:00:00+00:00,24.634375,26.008991
2024-02-21 11:00:00+00:00,23.42125,28.537594
2024-02-21 12:00:00+00:00,22.208125000000003,22.957617
2024-02-21 13:00:00+00:00,20.995,24.109638
2024-02-21 14:00:00+00:00,76.11656249999999,74.38684
2024-02-21 15:00:00+00:00,131.238125,120.32286
2024-02-21 16:00:00+00:00,186.35968749999998,150.79306
2024-02-21 17:00:00+00:00,241.48125,173.56345
2024-02-21 18:00:00+00:00,185.1678125,123.85002
2024-02-21 19:00:00+00:00,128.854375,75.83711
2024-02-21 20:00:00+00:00,72.54093749999998,47.351334
2024-02-21 21:00:00+00:00,16.2275,17.735413
2024-02-21 22:00:00+00:00,15.974374999999998,18.4832
2024-02-21 23:00:00+00:00,15.721249999999998,19.858425
2024-02-22 00:00:00+00:00,15.468125,21.321077
2024-02-22 01:00:00+00:00,15.214999999999998,24.684374
2024-02-22 02:00:00+00:00,18.33375,25.1158
2024-02-22 03:00:00+00:00,21.4525,25.476156
2024-02-22 04:00:00+00:00,24.571249999999996,28.502321
2024-02-22 05:00:00+00:00,27.689999999999998,26.794397
2024-02-22 06:00:00+00:00,16.799999999999997,18.140244
2024-02-22 07:00:00+00:00,5.91,6.3655243
2024-02-22 08:00:00+00:00,19.919375000000002,12.179432
2024-02-22 09:00:00+00:00,33.92875,19.633492
2024-02-22 10:00:00+00:00,36.987812500000004,25.370659
2024-02-22 11:00:00+00:00,40.046875,32.071575
2024-02-22 12:00:00+00:00,43.105937499999996,34.42106
2024-02-22 13:00:00+00:00,46.165,41.010418
2024-02-22 14:00:00+00:00,126.6509375,130.25116
2024-02-22 15:00:00+00:00,207.13687499999997,229.61493
2024-02-22 16:00:00+00:00,287.6228125,332.79208
2024-02-22 17:00:00+00:00,368.10875,424.14917
2024-02-22 18:00:00+00:00,280.7540625,327.925
2024-02-22 19:00:00+00:00,193.399375,208.85503
2024-02-22 20:00:00+00:00,106.04468750000001,109.48213
2024-02-22 21:00:00+00:00,18.69,20.568521
2024-02-22 22:00:00+00:00,17.7175,19.352623
2024-02-22 23:00:00+00:00,16.745,19.77111
2024-02-23 00:00:00+00:00,15.772500000000003,23.212145
2024-02-23 01:00:00+00:00,14.8,20.969215
2024-02-23 02:00:00+00:00,18.388437500000002,20.908772
2024-02-23 03:00:00+00:00,21.976875,21.170055
2024-02-23 04:00:00+00:00,25.565312499999997,24.475426
2024-02-23 05:00:00+00:00,29.15375,27.07713
2024-02-23 06:00:00+00:00,20.406875,23.949196
2024-02-23 07:00:00+00:00,11.66,20.38274
2024-02-23 08:00:00+00:00,18.735,23.604649
2024-02-23 09:00:00+00:00,25.810000000000002,26.171818
2024-02-23 10:00:00+00:00,25.28125,27.629116
2024-02-23 11:00:00+00:00,24.752499999999998,25.902699
2024-02-23 12:00:00+00:00,24.22375,25.180218
2024-02-23 13:00:00+00:00,23.694999999999997,25.242405
2024-02-23 14:00:00+00:00,25.670312499999998,35.515705
2024-02-23 15:00:00+00:00,27.645625,41.218502
2024-02-23 16:00:00+00:00,29.6209375,45.10353
2024-02-23 17:00:00+00:00,31.59625,52.67887
2024-02-23 18:00:00+00:00,27.0940625,39.889423
2024-02-23 19:00:00+00:00,22.591875,30.235806
2024-02-23 20:00:00+00:00,18.089687500000004,17.065361
2024-02-23 21:00:00+00:00,13.5875,-1.2954178
2024-02-23 22:00:00+00:00,13.1928125,4.0534897
2024-02-23 23:00:00+00:00,12.798124999999997,6.319504
2024-02-24 00:00:00+00:00,12.403437499999999,11.472912
2024-02-24 01:00:00+00:00,12.008750000000001,18.189999
2024-02-24 02:00:00+00:00,15.548437499999999,20.198273
2024-02-24 03:00:00+00:00,19.088124999999998,25.024506
2024-02-24 04:00:00+00:00,22.627812499999997,24.320011
2024-02-24 05:00:00+00:00,26.1675,26.58884
2024-02-24 06:00:00+00:00,22.06625,21.438171
2024-02-24 07:00:00+00:00,17.965,14.460224
2024-02-24 08:00:00+00:00,19.151249999999997,19.05027
2024-02-24 09:00:00+00:00,20.3375,21.209446
2024-02-24 10:00:00+00:00,24.169791666666665,21.35796
2024-02-24 11:00:00+00:00,28.00208333333333,21.47221
2024-02-24 12:00:00+00:00,31.834374999999998,21.838787
2024-02-24 13:00:00+00:00,35.666666666666664,24.405453
2024-02-24 14:00:00+00:00,30.508437500000003,23.563534
2024-02-24 15:00:00+00:00,25.35020833333333,21.487858
2024-02-24 16:00:00+00:00,20.191979166666663,15.505848
2024-02-24 17:00:00+00:00,15.03375,8.331413
2024-02-24 18:00:00+00:00,18.9615625,15.499687
2024-02-24 19:00:00+00:00,22.889375,20.41988
2024-02-24 20:00:00+00:00,26.817187500000003,20.698795
2024-02-24 21:00:00+00:00,30.745,20.874088
2024-02-24 22:00:00+00:00,27.4378125,16.74073
2024-02-24 23:00:00+00:00,24.130625000000002,15.110283
2024-02-25 00:00:00+00:00,20.8234375,16.25948
2024-02-25 01:00:00+00:00,17.51625,13.139111
2024-02-25 02:00:00+00:00,20.072812499999998,18.668312
2024-02-25 03:00:00+00:00,22.629375,24.747108
2024-02-25 04:00:00+00:00,25.1859375,26.176956
2024-02-25 05:00:00+00:00,27.7425,27.71925
2024-02-25 06:00:00+00:00,14.96875,23.636204
2024-02-25 07:00:00+00:00,2.1950000000000007,19.536861
2024-02-25 08:00:00+00:00,10.003125,20.44297
2024-02-25 09:00:00+00:00,17.81125,22.176674
2024-02-25 10:00:00+00:00,20.67010416666667,23.932053
2024-02-25 11:00:00+00:00,23.528958333333335,25.844616
2024-02-25 12:00:00+00:00,26.3878125,28.173168
2024-02-25 13:00:00+00:00,29.246666666666666,32.501255
2024-02-25 14:00:00+00:00,26.779375,29.474335
2024-02-25 15:00:00+00:00,24.312083333333334,26.726702
2024-02-25 16:00:00+00:00,21.844791666666666,21.934504
2024-02-25 17:00:00+00:00,19.3775,17.66056
2024-02-25 18:00:00+00:00,43.165000000000006,46.171196
2024-02-25 19:00:00+00:00,66.9525,70.47308
2024-02-25 20:00:00+00:00,90.74000000000001,84.30522
2024-02-25 21:00:00+00:00,114.5275,100.19973
2024-02-25 22:00:00+00:00,90.371875,76.72771
2024-02-25 23:00:00+00:00,66.21625,53.648914
2024-02-26 00:00:00+00:00,42.060625,38.15347
2024-02-26 01:00:00+00:00,17.905,17.217316
2024-02-26 02:00:00+00:00,17.70125,18.155912
2024-02-26 03:00:00+00:00,17.497500000000002,18.19435
2024-02-26 04:00:00+00:00,17.29375,17.34554
2024-02-26 05:00:00+00:00,17.09,20.031132
2024-02-26 06:00:00+00:00,13.584999999999999,15.996922
2024-02-26 07:00:00+00:00,10.08,12.91506
2024-02-26 08:00:00+00:00,17.749375,16.430584
2024-02-26 09:00:00+00:00,25.41875,21.986479
2024-02-26 10:00:00+00:00,28.006145833333335,23.654633
2024-02-26 11:00:00+00:00,30.593541666666667,26.037632
2024-02-26 12:00:00+00:00,33.180937500000006,26.69146
2024-02-26 13:00:00+00:00,35.76833333333334,26.298151
2024-02-26 14:00:00+00:00,33.41125,27.954388
2024-02-26 15:00:00+00:00,31.054166666666664,29.122923
2024-02-26 16:00:00+00:00,28.697083333333335,33.632698
2024-02-26 17:00:00+00:00,26.34,37.448715
2024-02-26 18:00:00+00:00,46.450312499999995,75.74689
2024-02-26 19:00:00+00:00,66.560625,119.63263
2024-02-26 20:00:00+00:00,86.6709375,151.72456
2024-02-26 21:00:00+00:00,106.78125,179.54291
2024-02-26 22:00:00+00:00,85.10687499999999,138.59837
2024-02-26 23:00:00+00:00,63.43249999999999,90.4787
2024-02-27 00:00:00+00:00,41.75812499999999,51.27378
2024-02-27 01:00:00+00:00,20.08375,16.842411
2024-02-27 02:00:00+00:00,19.690312499999997,16.26778
2024-02-27 03:00:00+00:00,19.296875,17.14772
2024-02-27 04:00:00+00:00,18.903437500000003,17.429174
2024-02-27 05:00:00+00:00,18.51,20.187239
2024-02-27 06:00:00+00:00,15.6575,16.912348
2024-02-27 07:00:00+00:00,12.805,14.737017
2024-02-27 08:00:00+00:00,17.921875,18.615898
2024-02-27 09:00:00+00:00,23.03875,24.163757
2024-02-27 10:00:00+00:00,24.422395833333333,25.849812
2024-02-27 11:00:00+00:00,25.806041666666665,25.514582
2024-02-27 12:00:00+00:00,27.1896875,25.639511
2024-02-27 13:00:00+00:00,28.573333333333334,26.246338
2024-02-27 14:00:00+00:00,26.568125,24.944353
2024-02-27 15:00:00+00:00,24.562916666666666,21.880846
2024-02-27 16:00:00+00:00,22.55770833333333,17.93084
2024-02-27 17:00:00+00:00,20.5525,14.051632
2024-02-27 18:00:00+00:00,21.1721875,16.853495
2024-02-27 19:00:00+00:00,21.791874999999997,21.154898
2024-02-27 20:00:00+00:00,22.4115625,24.247143
2024-02-27 21:00:00+00:00,23.03125,26.11042
2024-02-27 22:00:00+00:00,20.816875,24.352219
2024-02-27 23:00:00+00:00,18.6025,22.308222
2024-02-28 00:00:00+00:00,16.388125000000002,17.008314
2024-02-28 01:00:00+00:00,14.17375,15.343248
2024-02-28 02:00:00+00:00,14.7565625,18.846163
2024-02-28 03:00:00+00:00,15.339375000000002,21.034319
2024-02-28 04:00:00+00:00,15.9221875,20.99775
2024-02-28 05:00:00+00:00,16.505,19.625013
2024-02-28 06:00:00+00:00,12.2425,15.6216545
2024-02-28 07:00:00+00:00,7.98,10.777763
2024-02-28 08:00:00+00:00,15.39875,14.00111
2024-02-28 09:00:00+00:00,22.8175,19.5698
2024-02-28 10:00:00+00:00,22.931874999999998,21.925367
2024-02-28 11:00:00+00:00,23.04625,24.511524
2024-02-28 12:00:00+00:00,23.160625000000003,27.273567
2024-02-28 13:00:00+00:00,23.275000000000002,30.33522
2024-02-28 14:00:00+00:00,23.078124999999996,30.15733
2024-02-28 15:00:00+00:00,22.88125,29.460377
2024-02-28 16:00:00+00:00,22.684375000000003,26.644047
2024-02-28 17:00:00+00:00,22.4875,23.72124
2024-02-28 18:00:00+00:00,20.3109375,22.755928
2024-02-28 19:00:00+00:00,18.134375,19.855587
2024-02-28 20:00:00+00:00,15.9578125,15.998335
2024-02-28 21:00:00+00:00,13.78125,10.823498
2024-02-28 22:00:00+00:00,18.7665625,16.06244
2024-02-28 23:00:00+00:00,23.751875000000002,19.102774
2024-02-29 00:00:00+00:00,28.737187500000005,20.711758
2024-02-29 01:00:00+00:00,33.722500000000004,21.381052
2024-02-29 02:00:00+00:00,30.788125,22.999752
2024-02-29 03:00:00+00:00,27.85375,23.791615
2024-02-29 04:00:00+00:00,24.919375000000002,21.886505
2024-02-29 05:00:00+00:00,21.985,19.684067
2024-02-29 06:00:00+00:00,21.4125,14.980099
2024-02-29 07:00:00+00:00,20.840000000000003,11.2180195
2024-02-29 08:00:00+00:00,21.682499999999997,14.962231
2024-02-29 09:00:00+00:00,22.525,17.442636
2024-02-29 10:00:00+00:00,22.438333333333336,17.43038
2024-02-29 11:00:00+00:00,22.351666666666667,18.709633
2024-02-29 12:00:00+00:00,22.264999999999997,19.557108
2024-02-29 13:00:00+00:00,22.17833333333333,21.06721
2024-02-29 14:00:00+00:00,22.5015625,20.419113
2024-02-29 15:00:00+00:00,22.824791666666663,20.283794
2024-02-29 16:00:00+00:00,23.14802083333333,19.96139
2024-02-29 17:00:00+00:00,23.471249999999998,19.937538
2024-02-29 18:00:00+00:00,22.080624999999998,19.695606
2024-02-29 19:00:00+00:00,20.689999999999998,18.690397
2024-02-29 20:00:00+00:00,19.299375,17.322573
2024-02-29 21:00:00+00:00,17.90875,16.768427
2024-02-29 22:00:00+00:00,33.080625000000005,28.915287
2024-02-29 23:00:00+00:00,48.25250000000001,42.718952
2024-03-01 00:00:00+00:00,63.42437500000001,54.971333
2024-03-01 01:00:00+00:00,78.59625000000001,98.07187
2024-03-01 02:00:00+00:00,64.68531250000001,82.00606
2024-03-01 03:00:00+00:00,50.774375000000006,64.34328
2024-03-01 04:00:00+00:00,36.8634375,48.232307
2024-03-01 05:00:00+00:00,22.9525,32.39748
2024-03-01 06:00:00+00:00,18.45125,24.089073
2024-03-01 07:00:00+00:00,13.95,17.781471
2024-03-01 08:00:00+00:00,14.231250000000001,17.80051
2024-03-01 09:00:00+00:00,14.5125,18.312065
2024-03-01 10:00:00+00:00,18.561041666666668,19.024244
2024-03-01 11:00:00+00:00,22.609583333333333,20.599438
2024-03-01 12:00:00+00:00,26.658125,22.839832
2024-03-01 13:00:00+00:00,30.706666666666667,24.926174
2024-03-01 14:00:00+00:00,31.004687499999996,25.54484
2024-03-01 15:00:00+00:00,31.302708333333335,25.387209
2024-03-01 16:00:00+00:00,31.60072916666667,25.68964
2024-03-01 17:00:00+00:00,31.89875,24.879728
2024-03-01 18:00:00+00:00,28.950625,24.187132
2024-03-01 19:00:00+00:00,26.002499999999998,24.576443
2024-03-01 20:00:00+00:00,23.054375,24.520367
2024-03-01 21:00:00+00:00,20.10625,25.311651
2024-03-01 22:00:00+00:00,32.713125,39.95908
2024-03-01 23:00:00+00:00,45.31999999999999,52.241875
2024-03-02 00:00:00+00:00,57.926874999999995,61.61605
2024-03-02 01:00:00+00:00,70.53375,67.66697
2024-03-02 02:00:00+00:00,59.6734375,57.015335
2024-03-02 03:00:00+00:00,48.813125,46.858494
2024-03-02 04:00:00+00:00,37.9528125,35.614727
2024-03-02 05:00:00+00:00,27.0925,22.519537
2024-03-02 06:00:00+00:00,18.85125,17.20808
2024-03-02 07:00:00+00:00,10.61,12.425566
2024-03-02 08:00:00+00:00,13.508125,14.87616
2024-03-02 09:00:00+00:00,16.40625,18.709372
2024-03-02 10:00:00+00:00,18.0859375,19.320522
2024-03-02 11:00:00+00:00,19.765625,20.568718
2024-03-02 12:00:00+00:00,21.4453125,22.76688
2024-03-02 13:00:00+00:00,23.125,25.145332
2024-03-02 14:00:00+00:00,22.0359375,27.14336
2024-03-02 15:00:00+00:00,20.946875,29.572182
2024-03-02 16:00:00+00:00,19.857812500000005,31.795565
2024-03-02 17:00:00+00:00,18.76875,31.271889
2024-03-02 18:00:00+00:00,18.92875,27.15731
2024-03-02 19:00:00+00:00,19.088750000000005,24.336573
2024-03-02 20:00:00+00:00,19.24875,21.293419
2024-03-02 21:00:00+00:00,19.40875,18.961826
2024-03-02 22:00:00+00:00,19.552500000000002,20.347843
2024-03-02 23:00:00+00:00,19.69625,21.270473
2024-03-03 00:00:00+00:00,19.840000000000003,23.36758
2024-03-03 01:00:00+00:00,19.98375,23.948635
2024-03-03 02:00:00+00:00,19.6921875,23.431795
2024-03-03 03:00:00+00:00,19.400624999999998,22.667025
2024-03-03 04:00:00+00:00,19.1090625,20.893936
2024-03-03 05:00:00+00:00,18.8175,19.076931
2024-03-03 06:00:00+00:00,13.521249999999998,15.308047
2024-03-03 07:00:00+00:00,8.225,11.226885
2024-03-03 08:00:00+00:00,11.5275,13.162163
2024-03-03 09:00:00+00:00,14.830000000000002,16.00016
2024-03-03 10:00:00+00:00,16.649166666666666,17.887299
2024-03-03 11:00:00+00:00,18.468333333333334,20.614454
2024-03-03 12:00:00+00:00,20.2875,23.257515
2024-03-03 13:00:00+00:00,22.106666666666662,25.774427
2024-03-03 14:00:00+00:00,20.4059375,26.145119
2024-03-03 15:00:00+00:00,18.70520833333333,25.422132
2024-03-03 16:00:00+00:00,17.004479166666666,24.10191
2024-03-03 17:00:00+00:00,15.303749999999999,23.245031
2024-03-03 18:00:00+00:00,16.5478125,23.030056
2024-03-03 19:00:00+00:00,17.791875,23.0765
2024-03-03 20:00:00+00:00,19.0359375,23.255686
2024-03-03 21:00:00+00:00,20.28,22.207272
2024-03-03 22:00:00+00:00,18.920625,19.806244
2024-03-03 23:00:00+00:00,17.56125,17.510845
2024-03-04 00:00:00+00:00,16.201875,14.793328
2024-03-04 01:00:00+00:00,14.842500000000001,13.263419
2024-03-04 02:00:00+00:00,20.256875,16.219906
2024-03-04 03:00:00+00:00,25.67125,19.483639
2024-03-04 04:00:00+00:00,31.085625,22.914143
2024-03-04 05:00:00+00:00,36.5,25.363863
2024-03-04 06:00:00+00:00,22.125,14.352063
2024-03-04 07:00:00+00:00,7.75,3.8028412
2024-03-04 08:00:00+00:00,12.771875,8.643377
2024-03-04 09:00:00+00:00,17.79375,15.586757
2024-03-04 10:00:00+00:00,19.6440625,20.367939
2024-03-04 11:00:00+00:00,21.494375,23.907215
2024-03-04 12:00:00+00:00,23.344687500000006,24.751873
2024-03-04 13:00:00+00:00,25.195000000000004,24.529028
2024-03-04 14:00:00+00:00,23.071250000000003,22.079472
2024-03-04 15:00:00+00:00,20.9475,19.330006
2024-03-04 16:00:00+00:00,18.82375,18.524107
2024-03-04 17:00:00+00:00,16.7,18.185928
2024-03-04 18:00:00+00:00,18.19625,20.139969
2024-03-04 19:00:00+00:00,19.6925,22.148699
2024-03-04 20:00:00+00:00,21.18875,22.817465
2024-03-04 21:00:00+00:00,22.685,22.762196
2024-03-04 22:00:00+00:00,22.1953125,21.733522
2024-03-04 23:00:00+00:00,21.705624999999998,20.717072
2024-03-05 00:00:00+00:00,21.2159375,19.3307
2024-03-05 01:00:00+00:00,20.72625,20.433416
2024-03-05 02:00:00+00:00,31.204375,31.312183
2024-03-05 03:00:00+00:00,41.682500000000005,44.440407
2024-03-05 04:00:00+00:00,52.160625,53.922966
2024-03-05 05:00:00+00:00,62.63875,57.915955
2024-03-05 06:00:00+00:00,39.751875,36.630222
2024-03-05 07:00:00+00:00,16.865000000000002,15.609602
2024-03-05 08:00:00+00:00,18.064375000000002,16.635466
2024-03-05 09:00:00+00:00,19.26375,19.556593
2024-03-05 10:00:00+00:00,18.245729166666667,19.923147
2024-03-05 11:00:00+00:00,17.227708333333336,19.341965
2024-03-05 12:00:00+00:00,16.2096875,17.969454
2024-03-05 13:00:00+00:00,15.191666666666668,18.138409
2024-03-05 14:00:00+00:00,15.913125,19.199139
2024-03-05 15:00:00+00:00,16.634583333333335,20.46085
2024-03-05 16:00:00+00:00,17.356041666666666,21.136423
2024-03-05 17:00:00+00:00,18.0775,21.43844
2024-03-05 18:00:00+00:00,20.810625,23.997068
2024-03-05 19:00:00+00:00,23.54375,27.017914
2024-03-05 20:00:00+00:00,26.276874999999997,28.734512
2024-03-05 21:00:00+00:00,29.01,29.96471
2024-03-05 22:00:00+00:00,26.960937499999996,28.166336
2024-03-05 23:00:00+00:00,24.911874999999995,26.321213
2024-03-06 00:00:00+00:00,22.8628125,24.598637
2024-03-06 01:00:00+00:00,20.81375,22.507463
2024-03-06 02:00:00+00:00,31.12875,29.261253
2024-03-06 03:00:00+00:00,41.443749999999994,36.129257
2024-03-06 04:00:00+00:00,51.758750000000006,41.37629
2024-03-06 05:00:00+00:00,62.073750000000004,45.98442
2024-03-06 06:00:00+00:00,42.141875,31.039478
2024-03-06 07:00:00+00:00,22.21,14.10386
2024-03-06 08:00:00+00:00,26.349375000000002,14.896977
2024-03-06 09:00:00+00:00,30.48875,17.151615
2024-03-06 10:00:00+00:00,27.157395833333332,18.019669
2024-03-06 11:00:00+00:00,23.82604166666667,18.407845
2024-03-06 12:00:00+00:00,20.4946875,17.96986
2024-03-06 13:00:00+00:00,17.163333333333334,18.371323
2024-03-06 14:00:00+00:00,16.914375,18.045486
2024-03-06 15:00:00+00:00,16.665416666666665,18.004934
2024-03-06 16:00:00+00:00,16.416458333333335,19.08154
2024-03-06 17:00:00+00:00,16.1675,19.943594
2024-03-06 18:00:00+00:00,16.1,20.479828
2024-03-06 19:00:00+00:00,16.0325,20.242235
2024-03-06 20:00:00+00:00,15.965,19.983896
2024-03-06 21:00:00+00:00,15.897499999999999,20.164135
2024-03-06 22:00:00+00:00,16.88625,19.55858
2024-03-06 23:00:00+00:00,17.875,19.361448
2024-03-07 00:00:00+00:00,18.86375,19.689968
2024-03-07 01:00:00+00:00,19.852499999999996,19.388767
2024-03-07 02:00:00+00:00,19.965625,19.853231
2024-03-07 03:00:00+00:00,20.07875,20.046904
2024-03-07 04:00:00+00:00,20.191875,20.320862
2024-03-07 05:00:00+00:00,20.305000000000003,20.879515
2024-03-07 06:00:00+00:00,18.7875,17.876213
2024-03-07 07:00:00+00:00,17.27,14.196326
2024-03-07 08:00:00+00:00,15.903749999999999,18.204317
2024-03-07 09:00:00+00:00,14.5375,22.573809
2024-03-07 10:00:00+00:00,15.382291666666667,21.10313
2024-03-07 11:00:00+00:00,16.227083333333333,19.740187
2024-03-07 12:00:00+00:00,17.071875000000002,17.802956
2024-03-07 13:00:00+00:00,17.916666666666668,15.902166
2024-03-07 14:00:00+00:00,17.570625,16.606056
2024-03-07 15:00:00+00:00,17.224583333333335,17.508911
2024-03-07 16:00:00+00:00,16.878541666666667,17.70974
2024-03-07 17:00:00+00:00,16.5325,17.82081
2024-03-07 18:00:00+00:00,15.9728125,17.364983
2024-03-07 19:00:00+00:00,15.413124999999999,16.52055
2024-03-07 20:00:00+00:00,14.853437499999997,16.251522
2024-03-07 21:00:00+00:00,14.29375,16.670826
2024-03-07 22:00:00+00:00,15.810624999999998,17.928759
2024-03-07 23:00:00+00:00,17.3275,19.231548
2024-03-08 00:00:00+00:00,18.844375,21.067085
2024-03-08 01:00:00+00:00,20.36125,22.174416
2024-03-08 02:00:00+00:00,19.835625,20.968925
2024-03-08 03:00:00+00:00,19.31,19.067207
2024-03-08 04:00:00+00:00,18.784374999999997,16.367168
2024-03-08 05:00:00+00:00,18.25875,14.058592
2024-03-08 06:00:00+00:00,22.296875,13.249147
2024-03-08 07:00:00+00:00,26.335,12.06673
2024-03-08 08:00:00+00:00,28.39375,15.715217
2024-03-08 09:00:00+00:00,30.4525,19.73038
2024-03-08 10:00:00+00:00,26.960625,19.381187
2024-03-08 11:00:00+00:00,23.46875,19.24735
2024-03-08 12:00:00+00:00,19.976875000000003,19.23484
2024-03-08 13:00:00+00:00,16.485,20.004068
2024-03-08 14:00:00+00:00,16.0378125,20.314636
2024-03-08 15:00:00+00:00,15.590624999999998,19.88604
2024-03-08 16:00:00+00:00,15.143437500000001,19.376068
2024-03-08 17:00:00+00:00,14.69625,18.605923
2024-03-08 18:00:00+00:00,14.671875,18.345772
2024-03-08 19:00:00+00:00,14.6475,17.57221
2024-03-08 20:00:00+00:00,14.623125,16.446363
2024-03-08 21:00:00+00:00,14.598749999999999,15.450813
2024-03-08 22:00:00+00:00,16.77125,17.18779
2024-03-08 23:00:00+00:00,18.94375,18.80198
2024-03-09 00:00:00+00:00,21.11625,20.47828
2024-03-09 01:00:00+00:00,23.28875,23.437897
2024-03-09 02:00:00+00:00,24.567812500000002,22.909002
2024-03-09 03:00:00+00:00,25.846875,22.431948
2024-03-09 04:00:00+00:00,27.1259375,21.624062
2024-03-09 05:00:00+00:00,28.405,22.196995
2024-03-09 06:00:00+00:00,18.5875,26.377325
2024-03-09 07:00:00+00:00,8.77,31.74006
2024-03-09 08:00:00+00:00,28.053749999999997,42.13822
2024-03-09 09:00:00+00:00,47.3375,46.382877
2024-03-09 10:00:00+00:00,40.933125,39.376358
2024-03-09 11:00:00+00:00,34.52875,32.377777
2024-03-09 12:00:00+00:00,28.124375,25.617126
2024-03-09 13:00:00+00:00,21.72,20.652754
2024-03-09 14:00:00+00:00,19.2384375,18.109552
2024-03-09 15:00:00+00:00,16.756875,16.501232
2024-03-09 16:00:00+00:00,14.275312499999998,15.162162
2024-03-09 17:00:00+00:00,11.79375,13.821715
2024-03-09 18:00:00+00:00,12.618749999999999,14.813495
2024-03-09 19:00:00+00:00,13.44375,15.998753
2024-03-09 20:00:00+00:00,14.26875,16.801012
2024-03-09 21:00:00+00:00,15.09375,17.923586
2024-03-09 22:00:00+00:00,18.2975,19.020638
2024-03-09 23:00:00+00:00,21.50125,21.557024
2024-03-10 00:00:00+00:00,24.705000000000002,25.98624
2024-03-10 01:00:00+00:00,27.908750000000005,29.151123
2024-03-10 02:00:00+00:00,27.5475,29.458372
2024-03-10 03:00:00+00:00,27.18625,29.41475
2024-03-10 04:00:00+00:00,26.825000000000003,26.865057
2024-03-10 05:00:00+00:00,26.46375,23.760117
2024-03-10 06:00:00+00:00,36.244375000000005,16.109802
2024-03-10 07:00:00+00:00,46.025000000000006,7.635235
2024-03-10 08:00:00+00:00,42.36,21.930288
2024-03-10 09:00:00+00:00,39.08375,39.21649
2024-03-10 10:00:00+00:00,35.80749999999999,38.33155
2024-03-10 11:00:00+00:00,32.53125,37.01465
2024-03-10 12:00:00+00:00,29.255,35.161243
2024-03-10 13:00:00+00:00,25.49375,32.090126
2024-03-10 14:00:00+00:00,21.7325,27.400707
2024-03-10 15:00:00+00:00,17.97125,21.965826
2024-03-10 16:00:00+00:00,14.21,17.753042
2024-03-10 17:00:00+00:00,14.3434375,13.52259
2024-03-10 18:00:00+00:00,14.476875,13.775133
2024-03-10 19:00:00+00:00,14.6103125,14.825342
2024-03-10 20:00:00+00:00,14.74375,14.793689
2024-03-10 21:00:00+00:00,15.2275,15.05389
2024-03-10 22:00:00+00:00,15.71125,15.382932
2024-03-10 23:00:00+00:00,16.195,15.556105
2024-03-11 00:00:00+00:00,16.67875,15.723698
2024-03-11 01:00:00+00:00,19.075625000000002,16.36913
2024-03-11 02:00:00+00:00,21.4725,18.17431
2024-03-11 03:00:00+00:00,23.869374999999998,19.777052
2024-03-11 04:00:00+00:00,26.26625,22.969349
2024-03-11 05:00:00+00:00,20.868124999999996,25.46071
2024-03-11 06:00:00+00:00,15.469999999999999,24.56127
2024-03-11 07:00:00+00:00,16.185,24.297716
2024-03-11 08:00:00+00:00,16.9,24.846973
2024-03-11 09:00:00+00:00,15.851666666666667,24.263737
2024-03-11 10:00:00+00:00,14.803333333333331,22.19645
2024-03-11 11:00:00+00:00,13.754999999999999,20.809948
2024-03-11 12:00:00+00:00,12.706666666666665,19.126038
2024-03-11 13:00:00+00:00,13.155312499999999,17.294733
2024-03-11 14:00:00+00:00,13.603958333333335,16.012947
2024-03-11 15:00:00+00:00,14.052604166666667,14.273325
2024-03-11 16:00:00+00:00,14.50125,13.394088
2024-03-11 17:00:00+00:00,14.685937500000001,14.319685
2024-03-11 18:00:00+00:00,14.870625,15.348103
2024-03-11 19:00:00+00:00,15.0553125,15.717118
2024-03-11 20:00:00+00:00,15.24,16.230066
2024-03-11 21:00:00+00:00,15.3715625,16.774471
2024-03-11 22:00:00+00:00,15.503125,16.860666
2024-03-11 23:00:00+00:00,15.6346875,17.205776
2024-03-12 00:00:00+00:00,15.76625,17.069338
2024-03-12 01:00:00+00:00,18.309375,18.18899
2024-03-12 02:00:00+00:00,20.852500000000003,21.210789
2024-03-12 03:00:00+00:00,23.395625,25.604277
2024-03-12 04:00:00+00:00,25.93875,30.40123
2024-03-12 05:00:00+00:00,14.741875,28.194693
2024-03-12 06:00:00+00:00,3.545,21.769045
2024-03-12 07:00:00+00:00,14.589374999999999,19.351177
2024-03-12 08:00:00+00:00,25.63375,19.552246
2024-03-12 09:00:00+00:00,27.70489583333333,19.316223
2024-03-12 10:00:00+00:00,29.776041666666664,18.72998
2024-03-12 11:00:00+00:00,31.847187499999997,17.952076
2024-03-12 12:00:00+00:00,33.91833333333333,18.245777
2024-03-12 13:00:00+00:00,29.347499999999997,18.859919
2024-03-12 14:00:00+00:00,24.776666666666664,16.393717
2024-03-12 15:00:00+00:00,20.20583333333333,14.161068
2024-03-12 16:00:00+00:00,15.635,13.500398
2024-03-12 17:00:00+00:00,14.930937499999999,12.983111
2024-03-12 18:00:00+00:00,14.226875,13.397539
2024-03-12 19:00:00+00:00,13.522812499999999,13.747334
2024-03-12 20:00:00+00:00,12.81875,13.694076
2024-03-12 21:00:00+00:00,13.880625,14.071531
2024-03-12 22:00:00+00:00,14.942499999999999,14.010524
2024-03-12 23:00:00+00:00,16.004375,13.971271
2024-03-13 00:00:00+00:00,17.06625,14.997324
2024-03-13 01:00:00+00:00,19.991562500000004,16.687353
2024-03-13 02:00:00+00:00,22.916874999999997,19.871683
2024-03-13 03:00:00+00:00,25.842187499999998,22.859089
2024-03-13 04:00:00+00:00,28.7675,26.013111
2024-03-13 05:00:00+00:00,17.32125,20.171331
2024-03-13 06:00:00+00:00,5.875,14.134316
2024-03-13 07:00:00+00:00,15.455625000000001,24.828386
2024-03-13 08:00:00+00:00,25.036250000000003,31.768053
2024-03-13 09:00:00+00:00,31.000520833333336,32.26314
2024-03-13 10:00:00+00:00,36.96479166666668,36.2319
2024-03-13 11:00:00+00:00,42.9290625,39.463417
2024-03-13 12:00:00+00:00,48.89333333333334,42.853127
2024-03-13 13:00:00+00:00,40.75687500000001,40.027973
2024-03-13 14:00:00+00:00,32.62041666666667,32.42897
2024-03-13 15:00:00+00:00,24.483958333333337,26.812616
2024-03-13 16:00:00+00:00,16.3475,19.940372
2024-03-13 17:00:00+00:00,14.781874999999998,15.885677
2024-03-13 18:00:00+00:00,13.21625,14.734327
2024-03-13 19:00:00+00:00,11.650625000000002,13.248201
2024-03-13 20:00:00+00:00,10.085,12.333238
2024-03-13 21:00:00+00:00,11.608125000000001,12.870964
2024-03-13 22:00:00+00:00,13.13125,14.207432
2024-03-13 23:00:00+00:00,14.654374999999996,15.801952
2024-03-14 00:00:00+00:00,16.1775,17.380245
2024-03-14 01:00:00+00:00,19.8596875,18.908604
2024-03-14 02:00:00+00:00,23.541874999999997,22.89867
2024-03-14 03:00:00+00:00,27.2240625,29.272333
2024-03-14 04:00:00+00:00,30.90625,31.827927
2024-03-14 05:00:00+00:00,24.983125,19.329191
2024-03-14 06:00:00+00:00,19.06,8.125788
2024-03-14 07:00:00+00:00,25.133125,15.104292
2024-03-14 08:00:00+00:00,31.20625,31.02632
2024-03-14 09:00:00+00:00,34.239270833333336,41.380913
2024-03-14 10:00:00+00:00,37.27229166666667,47.91898
2024-03-14 11:00:00+00:00,40.3053125,52.938602
2024-03-14 12:00:00+00:00,43.33833333333333,47.681
2024-03-14 13:00:00+00:00,36.770312499999996,37.27191
2024-03-14 14:00:00+00:00,30.202291666666667,28.553776
2024-03-14 15:00:00+00:00,23.634270833333332,21.228241
2024-03-14 16:00:00+00:00,17.06625,17.38452
2024-03-14 17:00:00+00:00,15.8140625,15.345036
2024-03-14 18:00:00+00:00,14.561875,13.07045
2024-03-14 19:00:00+00:00,13.309687499999999,12.035111
2024-03-14 20:00:00+00:00,12.0575,11.960232
2024-03-14 21:00:00+00:00,13.171562499999999,13.0226345
2024-03-14 22:00:00+00:00,14.285625,14.382412
2024-03-14 23:00:00+00:00,15.399687499999999,15.446907
2024-03-15 00:00:00+00:00,16.513749999999998,16.113441
2024-03-15 01:00:00+00:00,17.7128125,18.190525
2024-03-15 02:00:00+00:00,18.911875000000002,20.496408
2024-03-15 03:00:00+00:00,20.110937500000002,23.080507
2024-03-15 04:00:00+00:00,21.310000000000002,24.240995
2024-03-15 05:00:00+00:00,15.865000000000004,20.256062
2024-03-15 06:00:00+00:00,10.420000000000002,15.746197
2024-03-15 07:00:00+00:00,17.904374999999998,22.22995
2024-03-15 08:00:00+00:00,25.388749999999998,29.163666
2024-03-15 09:00:00+00:00,22.900729166666665,27.162134
2024-03-15 10:00:00+00:00,20.412708333333335,24.14561
2024-03-15 11:00:00+00:00,17.924687499999997,21.94638
2024-03-15 12:00:00+00:00,15.436666666666667,19.445137
2024-03-15 13:00:00+00:00,13.940312500000001,16.63813
2024-03-15 14:00:00+00:00,12.443958333333335,14.822094
2024-03-15 15:00:00+00:00,10.947604166666666,13.498657
2024-03-15 16:00:00+00:00,9.45125,11.692016
2024-03-15 17:00:00+00:00,10.39375,11.919097
2024-03-15 18:00:00+00:00,11.33625,12.409765
2024-03-15 19:00:00+00:00,12.278749999999999,12.940978
2024-03-15 20:00:00+00:00,13.22125,13.4534
2024-03-15 21:00:00+00:00,14.085625,13.773825
2024-03-15 22:00:00+00:00,14.95,15.14102
2024-03-15 23:00:00+00:00,15.814375,16.845085
2024-03-16 00:00:00+00:00,16.67875,17.87921
2024-03-16 01:00:00+00:00,17.801562500000003,19.091019
2024-03-16 02:00:00+00:00,18.924375,19.42335
2024-03-16 03:00:00+00:00,20.0471875,18.945133
2024-03-16 04:00:00+00:00,21.17,19.654598
2024-03-16 05:00:00+00:00,24.5975,15.992697
2024-03-16 06:00:00+00:00,28.025,12.019093
2024-03-16 07:00:00+00:00,23.940624999999997,18.48183
2024-03-16 08:00:00+00:00,19.85625,25.42112
2024-03-16 09:00:00+00:00,20.453854166666666,25.906685
2024-03-16 10:00:00+00:00,21.051458333333333,26.438519
2024-03-16 11:00:00+00:00,21.6490625,27.706377
2024-03-16 12:00:00+00:00,22.246666666666666,28.21395
2024-03-16 13:00:00+00:00,22.486562499999998,27.055552
2024-03-16 14:00:00+00:00,22.726458333333333,25.481855
2024-03-16 15:00:00+00:00,22.96635416666667,23.742445
2024-03-16 16:00:00+00:00,23.20625,22.323015
2024-03-16 17:00:00+00:00,21.35625,20.36994
2024-03-16 18:00:00+00:00,19.50625,18.222925
2024-03-16 19:00:00+00:00,17.65625,16.329296
2024-03-16 20:00:00+00:00,15.806249999999999,14.438789
2024-03-16 21:00:00+00:00,15.384062499999999,13.670181
2024-03-16 22:00:00+00:00,14.961875,13.254769
2024-03-16 23:00:00+00:00,14.5396875,13.286642
2024-03-17 00:00:00+00:00,14.1175,13.458906
2024-03-17 01:00:00+00:00,16.93625,14.5900545
2024-03-17 02:00:00+00:00,19.755,16.633842
2024-03-17 03:00:00+00:00,22.573749999999997,18.387722
2024-03-17 04:00:00+00:00,25.392499999999995,20.522842
2024-03-17 05:00:00+00:00,32.77375,21.594936
2024-03-17 06:00:00+00:00,40.155,21.642164
2024-03-17 07:00:00+00:00,30.2225,22.440857
2024-03-17 08:00:00+00:00,20.29,21.904583
2024-03-17 09:00:00+00:00,22.06,21.432491
2024-03-17 10:00:00+00:00,23.83,22.354475
2024-03-17 11:00:00+00:00,25.6,24.364073
2024-03-17 12:00:00+00:00,27.37,26.31456
2024-03-17 13:00:00+00:00,29.61375,26.434715
2024-03-17 14:00:00+00:00,31.8575,26.898014
2024-03-17 15:00:00+00:00,34.10125,27.114965
2024-03-17 16:00:00+00:00,36.345,26.618168
2024-03-17 17:00:00+00:00,30.854687499999997,24.110683
2024-03-17 18:00:00+00:00,25.364375000000003,20.548609
2024-03-17 19:00:00+00:00,19.8740625,17.96761
2024-03-17 20:00:00+00:00,14.38375,15.044165
2024-03-17 21:00:00+00:00,13.311874999999999,13.515737
2024-03-17 22:00:00+00:00,12.239999999999998,12.445773
2024-03-17 23:00:00+00:00,11.168124999999998,11.175651
2024-03-18 00:00:00+00:00,10.09625,10.852703
2024-03-18 01:00:00+00:00,13.800625,13.195322
2024-03-18 02:00:00+00:00,17.505000000000003,15.451402
2024-03-18 03:00:00+00:00,21.209375,17.254107
2024-03-18 04:00:00+00:00,24.91375,19.631021
2024-03-18 05:00:00+00:00,25.231875,21.693983
2024-03-18 06:00:00+00:00,25.549999999999997,24.192938
2024-03-18 07:00:00+00:00,25.844375,23.56714
2024-03-18 08:00:00+00:00,26.13875,21.911152
2024-03-18 09:00:00+00:00,25.6515625,25.725746
2024-03-18 10:00:00+00:00,25.164375,30.544579
2024-03-18 11:00:00+00:00,24.6771875,33.68352
2024-03-18 12:00:00+00:00,24.189999999999998,35.10025
2024-03-18 13:00:00+00:00,26.886249999999997,32.212067
2024-03-18 14:00:00+00:00,29.5825,29.562897
2024-03-18 15:00:00+00:00,32.27875,28.468082
2024-03-18 16:00:00+00:00,34.975,27.385845
2024-03-18 17:00:00+00:00,29.994375000000005,25.015108
2024-03-18 18:00:00+00:00,25.01375,22.078794
2024-03-18 19:00:00+00:00,20.033125000000002,18.80316
2024-03-18 20:00:00+00:00,15.0525,15.675848
2024-03-18 21:00:00+00:00,14.43875,14.562088
2024-03-18 22:00:00+00:00,13.825,13.939571
2024-03-18 23:00:00+00:00,13.21125,13.379215
2024-03-19 00:00:00+00:00,12.5975,13.393711
2024-03-19 01:00:00+00:00,14.438749999999999,15.026102
2024-03-19 02:00:00+00:00,16.28,17.331146
2024-03-19 03:00:00+00:00,18.12125,19.463717
2024-03-19 04:00:00+00:00,19.9625,22.405146
2024-03-19 05:00:00+00:00,23.55625,24.86293
2024-03-19 06:00:00+00:00,27.15,25.155907
2024-03-19 07:00:00+00:00,23.531875,24.013668
2024-03-19 08:00:00+00:00,19.91375,22.99493
2024-03-19 09:00:00+00:00,22.336145833333333,21.87684
2024-03-19 10:00:00+00:00,24.758541666666666,21.16088
2024-03-19 11:00:00+00:00,27.180937500000002,21.597755
2024-03-19 12:00:00+00:00,29.603333333333335,22.336676
2024-03-19 13:00:00+00:00,25.98375,21.2814
2024-03-19 14:00:00+00:00,22.36416666666667,20.428844
2024-03-19 15:00:00+00:00,18.744583333333335,18.582024
2024-03-19 16:00:00+00:00,15.125,16.112942
2024-03-19 17:00:00+00:00,13.1828125,14.560762
2024-03-19 18:00:00+00:00,11.240625,13.310738
2024-03-19 19:00:00+00:00,9.2984375,12.685823
2024-03-19 20:00:00+00:00,7.35625,12.143997
2024-03-19 21:00:00+00:00,9.0353125,12.324947
2024-03-19 22:00:00+00:00,10.714375,13.104488
2024-03-19 23:00:00+00:00,12.393437500000001,13.335254
2024-03-20 00:00:00+00:00,14.0725,13.815178
2024-03-20 01:00:00+00:00,16.2515625,15.568674
2024-03-20 02:00:00+00:00,18.430625,17.376814
2024-03-20 03:00:00+00:00,20.6096875,19.56647
2024-03-20 04:00:00+00:00,22.788750000000004,21.950726
2024-03-20 05:00:00+00:00,15.914375,23.35764
2024-03-20 06:00:00+00:00,9.04,24.936497
2024-03-20 07:00:00+00:00,17.22625,25.558386
2024-03-20 08:00:00+00:00,25.412500000000005,26.427238
2024-03-20 09:00:00+00:00,25.223958333333336,32.3205
2024-03-20 10:00:00+00:00,25.035416666666666,37.43064
2024-03-20 11:00:00+00:00,24.846874999999997,36.37511
2024-03-20 12:00:00+00:00,24.65833333333333,32.696007
2024-03-20 13:00:00+00:00,22.8259375,27.95693
2024-03-20 14:00:00+00:00,20.993541666666665,23.79611
2024-03-20 15:00:00+00:00,19.161145833333332,21.511265
2024-03-20 16:00:00+00:00,17.32875,20.36057
2024-03-20 17:00:00+00:00,18.4878125,19.88089
2024-03-20 18:00:00+00:00,19.646875,19.593794
2024-03-20 19:00:00+00:00,20.8059375,19.40524
2024-03-20 20:00:00+00:00,21.965,19.186945
2024-03-20 21:00:00+00:00,20.93625,20.050924
2024-03-20 22:00:00+00:00,19.9075,20.185986
2024-03-20 23:00:00+00:00,18.87875,18.652992
2024-03-21 00:00:00+00:00,17.85,17.379402
2024-03-21 01:00:00+00:00,18.23,18.380722
2024-03-21 02:00:00+00:00,18.61,18.46013
2024-03-21 03:00:00+00:00,18.990000000000002,18.78809
2024-03-21 04:00:00+00:00,19.37,18.94875
2024-03-21 05:00:00+00:00,17.637500000000003,14.613387
2024-03-21 06:00:00+00:00,15.905000000000001,11.49026
2024-03-21 07:00:00+00:00,23.281874999999996,19.510622
2024-03-21 08:00:00+00:00,30.65875,27.057623
2024-03-21 09:00:00+00:00,29.209895833333334,29.107811
2024-03-21 10:00:00+00:00,27.761041666666667,30.675167
2024-03-21 11:00:00+00:00,26.3121875,28.737041
2024-03-21 12:00:00+00:00,24.863333333333333,27.181202
2024-03-21 13:00:00+00:00,23.4534375,26.04787
2024-03-21 14:00:00+00:00,22.043541666666666,24.49548
2024-03-21 15:00:00+00:00,20.633645833333333,23.99842
2024-03-21 16:00:00+00:00,19.22375,23.758211
2024-03-21 17:00:00+00:00,23.314687499999998,24.94713
2024-03-21 18:00:00+00:00,27.405625,26.436789
2024-03-21 19:00:00+00:00,31.4965625,27.794579
2024-03-21 20:00:00+00:00,35.5875,28.627695
2024-03-21 21:00:00+00:00,30.4575,25.308176
2024-03-21 22:00:00+00:00,25.3275,21.246477
2024-03-21 23:00:00+00:00,20.197499999999998,18.270344
2024-03-22 00:00:00+00:00,15.067499999999999,16.118198
2024-03-22 01:00:00+00:00,14.267812499999998,15.298525
2024-03-22 02:00:00+00:00,13.468125,14.223545
2024-03-22 03:00:00+00:00,12.6684375,13.582519
2024-03-22 04:00:00+00:00,11.868750000000002,13.462401
2024-03-22 05:00:00+00:00,27.366875,12.820718
2024-03-22 06:00:00+00:00,42.865,13.42367
2024-03-22 07:00:00+00:00,33.55125,19.6047
2024-03-22 08:00:00+00:00,24.2375,25.718037
2024-03-22 09:00:00+00:00,24.744791666666668,26.16357
2024-03-22 10:00:00+00:00,25.252083333333335,26.893627
2024-03-22 11:00:00+00:00,25.759375,27.45073
2024-03-22 12:00:00+00:00,26.26666666666667,27.23283
2024-03-22 13:00:00+00:00,24.892083333333336,25.949457
2024-03-22 14:00:00+00:00,23.517500000000002,24.475437
2024-03-22 15:00:00+00:00,22.142916666666668,23.462463
2024-03-22 16:00:00+00:00,20.768333333333334,22.465572
2024-03-22 17:00:00+00:00,24.030625,25.05018
2024-03-22 18:00:00+00:00,27.29291666666667,27.070744
2024-03-22 19:00:00+00:00,30.555208333333336,26.335974
2024-03-22 20:00:00+00:00,33.8175,26.135464
2024-03-22 21:00:00+00:00,29.55375,24.400658
2024-03-22 22:00:00+00:00,25.29,22.536848
2024-03-22 23:00:00+00:00,21.02625,19.42376
2024-03-23 00:00:00+00:00,16.7625,16.010784
2024-03-23 01:00:00+00:00,16.690312499999997,15.449945
2024-03-23 02:00:00+00:00,16.618125,15.761204
2024-03-23 03:00:00+00:00,16.5459375,15.996771
2024-03-23 04:00:00+00:00,16.47375,16.37647
2024-03-23 05:00:00+00:00,15.701875,22.267094
2024-03-23 06:00:00+00:00,14.93,30.671223
2024-03-23 07:00:00+00:00,19.695625,29.085457
2024-03-23 08:00:00+00:00,24.46125,24.2491
2024-03-23 09:00:00+00:00,23.4184375,25.285185
2024-03-23 10:00:00+00:00,22.375625,27.537682
2024-03-23 11:00:00+00:00,21.3328125,27.378613
2024-03-23 12:00:00+00:00,20.29,26.824835
2024-03-23 13:00:00+00:00,20.7309375,25.296385
2024-03-23 14:00:00+00:00,21.171875,24.042114
2024-03-23 15:00:00+00:00,21.6128125,24.043419
2024-03-23 16:00:00+00:00,22.05375,24.217915
2024-03-23 17:00:00+00:00,20.0734375,23.123838
2024-03-23 18:00:00+00:00,18.093125,21.313795
2024-03-23 19:00:00+00:00,16.1128125,19.637835
2024-03-23 20:00:00+00:00,14.132499999999999,16.777836
2024-03-23 21:00:00+00:00,12.2915625,13.337739
2024-03-23 22:00:00+00:00,10.450625,11.05104
2024-03-23 23:00:00+00:00,8.6096875,10.612028
2024-03-24 00:00:00+00:00,6.76875,10.632971
2024-03-24 01:00:00+00:00,11.135,12.272723
2024-03-24 02:00:00+00:00,15.501249999999999,14.698566
2024-03-24 03:00:00+00:00,19.8675,16.700428
2024-03-24 04:00:00+00:00,24.23375,18.254107
2024-03-24 05:00:00+00:00,12.301875000000003,19.525564
2024-03-24 06:00:00+00:00,0.37000000000000005,20.461878
2024-03-24 07:00:00+00:00,10.738125,20.472706
2024-03-24 08:00:00+00:00,21.10625,20.997595
2024-03-24 09:00:00+00:00,21.343854166666667,21.232292
2024-03-24 10:00:00+00:00,21.581458333333334,20.9138
2024-03-24 11:00:00+00:00,21.819062499999998,21.708595
2024-03-24 12:00:00+00:00,22.056666666666672,22.765318
2024-03-24 13:00:00+00:00,21.145625000000003,22.11933
2024-03-24 14:00:00+00:00,20.23458333333333,21.498734
2024-03-24 15:00:00+00:00,19.323541666666664,19.828505
2024-03-24 16:00:00+00:00,18.412499999999998,18.439608
2024-03-24 17:00:00+00:00,17.341874999999998,18.178673
2024-03-24 18:00:00+00:00,16.27125,18.473118
2024-03-24 19:00:00+00:00,15.200624999999999,18.43273
2024-03-24 20:00:00+00:00,14.129999999999999,18.269236
2024-03-24 21:00:00+00:00,16.963124999999998,18.688076
2024-03-24 22:00:00+00:00,19.79625,19.076942
2024-03-24 23:00:00+00:00,22.629375,20.096111
2024-03-25 00:00:00+00:00,25.4625,20.74599
2024-03-25 01:00:00+00:00,25.8375,23.07742
2024-03-25 02:00:00+00:00,26.2125,23.2715
2024-03-25 03:00:00+00:00,26.5875,23.43041
2024-03-25 04:00:00+00:00,26.9625,22.843376
2024-03-25 05:00:00+00:00,19.14875,15.0473385
2024-03-25 06:00:00+00:00,11.335,9.084078
2024-03-25 07:00:00+00:00,15.557500000000001,16.065994
2024-03-25 08:00:00+00:00,19.78,23.60149
2024-03-25 09:00:00+00:00,20.594166666666666,26.390099
2024-03-25 10:00:00+00:00,21.40833333333333,28.63993
2024-03-25 11:00:00+00:00,22.2225,30.592085
2024-03-25 12:00:00+00:00,23.03666666666667,31.355034
2024-03-25 13:00:00+00:00,21.715,27.47926
2024-03-25 14:00:00+00:00,20.39333333333333,24.213135
2024-03-25 15:00:00+00:00,19.071666666666665,20.794325
2024-03-25 16:00:00+00:00,17.75,18.643568
2024-03-25 17:00:00+00:00,17.6984375,18.302397
2024-03-25 18:00:00+00:00,17.646875,17.628496
2024-03-25 19:00:00+00:00,17.5953125,17.59287
2024-03-25 20:00:00+00:00,17.543750000000003,17.365667
2024-03-25 21:00:00+00:00,22.204375,20.837784
2024-03-25 22:00:00+00:00,26.865000000000002,25.568932
2024-03-25 23:00:00+00:00,31.525625,27.53975
2024-03-26 00:00:00+00:00,36.18625,29.145111
2024-03-26 01:00:00+00:00,31.7371875,29.636269
2024-03-26 02:00:00+00:00,27.288125,28.394741
2024-03-26 03:00:00+00:00,22.8390625,27.26498
2024-03-26 04:00:00+00:00,18.39,25.021273
2024-03-26 05:00:00+00:00,21.36,16.322971
2024-03-26 06:00:00+00:00,24.33,8.601719
2024-03-26 07:00:00+00:00,23.173125,15.560471
2024-03-26 08:00:00+00:00,22.01625,22.284164
2024-03-26 09:00:00+00:00,21.875520833333333,25.760704
2024-03-26 10:00:00+00:00,21.734791666666666,28.586796
2024-03-26 11:00:00+00:00,21.5940625,26.910025
2024-03-26 12:00:00+00:00,21.453333333333333,25.239765
2024-03-26 13:00:00+00:00,20.9534375,22.18324
2024-03-26 14:00:00+00:00,20.453541666666666,20.231619
2024-03-26 15:00:00+00:00,19.953645833333333,20.708736
2024-03-26 16:00:00+00:00,19.45375,21.445631
2024-03-26 17:00:00+00:00,21.043125,20.987616
2024-03-26 18:00:00+00:00,22.6325,19.663166
2024-03-26 19:00:00+00:00,24.221875,19.169817
2024-03-26 20:00:00+00:00,25.81125,19.593414
2024-03-26 21:00:00+00:00,29.0959375,20.176664
2024-03-26 22:00:00+00:00,32.380625,21.280651
2024-03-26 23:00:00+00:00,35.6653125,23.962336
2024-03-27 00:00:00+00:00,38.95,27.70206
2024-03-27 01:00:00+00:00,34.6396875,28.0165
2024-03-27 02:00:00+00:00,30.329375000000002,25.34695
2024-03-27 03:00:00+00:00,26.019062500000004,22.988722
2024-03-27 04:00:00+00:00,21.708750000000002,20.56527
2024-03-27 05:00:00+00:00,21.699375000000003,20.80468
2024-03-27 06:00:00+00:00,21.69,20.069233
2024-03-27 07:00:00+00:00,20.355625000000003,19.591204
2024-03-27 08:00:00+00:00,19.021250000000002,19.187162
2024-03-27 09:00:00+00:00,19.875520833333333,18.339684
2024-03-27 10:00:00+00:00,20.729791666666667,19.286837
2024-03-27 11:00:00+00:00,21.5840625,20.688087
2024-03-27 12:00:00+00:00,22.438333333333336,21.712936
2024-03-27 13:00:00+00:00,20.178125,21.16398
2024-03-27 14:00:00+00:00,17.917916666666667,20.493986
2024-03-27 15:00:00+00:00,15.657708333333332,19.811893
2024-03-27 16:00:00+00:00,13.3975,18.95347
2024-03-27 17:00:00+00:00,15.16375,19.208414
2024-03-27 18:00:00+00:00,16.93,20.090408
2024-03-27 19:00:00+00:00,18.69625,21.297861
2024-03-27 20:00:00+00:00,20.4625,22.020424
2024-03-27 21:00:00+00:00,19.04875,20.667099
2024-03-27 22:00:00+00:00,17.634999999999998,18.55462
2024-03-27 23:00:00+00:00,16.221249999999998,15.752892
2024-03-28 00:00:00+00:00,14.807500000000001,12.798817
2024-03-28 01:00:00+00:00,13.753750000000002,10.904689
2024-03-28 02:00:00+00:00,12.7,9.846585
2024-03-28 03:00:00+00:00,11.646249999999998,9.001548
2024-03-28 04:00:00+00:00,10.5925,8.998996
2024-03-28 05:00:00+00:00,21.791249999999998,14.742159
2024-03-28 06:00:00+00:00,32.989999999999995,18.100182
2024-03-28 07:00:00+00:00,27.40625,19.439817
2024-03-28 08:00:00+00:00,21.8225,20.825668
2024-03-28 09:00:00+00:00,22.056041666666665,19.54609
2024-03-28 10:00:00+00:00,22.289583333333333,18.641865
2024-03-28 11:00:00+00:00,22.523125,19.16795
2024-03-28 12:00:00+00:00,22.756666666666664,20.084665
2024-03-28 13:00:00+00:00,22.318749999999998,20.363983
2024-03-28 14:00:00+00:00,21.880833333333335,21.131124
2024-03-28 15:00:00+00:00,21.44291666666667,20.540741
2024-03-28 16:00:00+00:00,21.005000000000003,19.712854
2024-03-28 17:00:00+00:00,20.235000000000003,19.801424
2024-03-28 18:00:00+00:00,19.465000000000007,19.482899
2024-03-28 19:00:00+00:00,18.695,18.902542
2024-03-28 20:00:00+00:00,17.925,18.11505
2024-03-28 21:00:00+00:00,16.996875,16.453629
2024-03-28 22:00:00+00:00,16.06875,15.530047
2024-03-28 23:00:00+00:00,15.140625,15.201889
2024-03-29 00:00:00+00:00,14.2125,15.882816
2024-03-29 01:00:00+00:00,19.323125,18.706844
2024-03-29 02:00:00+00:00,24.433750000000003,21.196352
2024-03-29 03:00:00+00:00,29.544375000000002,24.61949
2024-03-29 04:00:00+00:00,34.655,26.352224
2024-03-29 05:00:00+00:00,15.344999999999999,32.28235
2024-03-29 06:00:00+00:00,-3.965,43.13839
2024-03-29 07:00:00+00:00,12.023125,38.025642
2024-03-29 08:00:00+00:00,28.01125,30.110325
2024-03-29 09:00:00+00:00,26.15385416666667,26.758907
2024-03-29 10:00:00+00:00,24.296458333333334,23.408266
2024-03-29 11:00:00+00:00,22.4390625,22.673603
2024-03-29 12:00:00+00:00,20.581666666666667,22.144258
2024-03-29 13:00:00+00:00,21.20125,21.848833
2024-03-29 14:00:00+00:00,21.820833333333333,21.780832
2024-03-29 15:00:00+00:00,22.440416666666668,21.43085
2024-03-29 16:00:00+00:00,23.060000000000002,21.18006
2024-03-29 17:00:00+00:00,21.569375000000004,20.42252
2024-03-29 18:00:00+00:00,20.07875,19.46612
2024-03-29 19:00:00+00:00,18.588125,18.628628
2024-03-29 20:00:00+00:00,17.0975,17.67742
2024-03-29 21:00:00+00:00,17.817812500000002,17.784481
2024-03-29 22:00:00+00:00,18.538125000000004,18.138163
2024-03-29 23:00:00+00:00,19.2584375,19.21278
2024-03-30 00:00:00+00:00,19.97875,20.417522
2024-03-30 01:00:00+00:00,28.2503125,24.442734
2024-03-30 02:00:00+00:00,36.521874999999994,29.368423
2024-03-30 03:00:00+00:00,44.793437499999996,32.871254
2024-03-30 04:00:00+00:00,53.06499999999999,35.9513
2024-03-30 05:00:00+00:00,29.04,26.152906
2024-03-30 06:00:00+00:00,5.015000000000001,16.588564
2024-03-30 07:00:00+00:00,15.06875,20.639595
2024-03-30 08:00:00+00:00,25.1225,25.55356
2024-03-30 09:00:00+00:00,21.866458333333334,26.670456
2024-03-30 10:00:00+00:00,18.610416666666666,28.661871
2024-03-30 11:00:00+00:00,15.354375000000001,28.486824
2024-03-30 12:00:00+00:00,12.098333333333334,26.280457
2024-03-30 13:00:00+00:00,13.852500000000003,23.494953
2024-03-30 14:00:00+00:00,15.60666666666667,20.633934
2024-03-30 15:00:00+00:00,17.360833333333336,19.639275
2024-03-30 16:00:00+00:00,19.115000000000002,19.047363
2024-03-30 17:00:00+00:00,18.836875000000003,19.420364
2024-03-30 18:00:00+00:00,18.558750000000003,19.642878
2024-03-30 19:00:00+00:00,18.280625,19.029743
2024-03-30 20:00:00+00:00,18.0025,19.183264
2024-03-30 21:00:00+00:00,19.7721875,20.983583
2024-03-30 22:00:00+00:00,21.541874999999997,22.15247
2024-03-30 23:00:00+00:00,23.311562499999997,23.583294
2024-03-31 00:00:00+00:00,25.081249999999997,26.019426
2024-03-31 01:00:00+00:00,38.7359375,31.066141
2024-03-31 02:00:00+00:00,52.390625,33.999912
2024-03-31 03:00:00+00:00,66.0453125,38.660904
2024-03-31 04:00:00+00:00,79.7,42.880203
2024-03-31 05:00:00+00:00,41.6525,31.811348
2024-03-31 06:00:00+00:00,3.605,21.393835
2024-03-31 07:00:00+00:00,15.05625,23.082134
2024-03-31 08:00:00+00:00,26.507499999999997,25.26344
2024-03-31 09:00:00+00:00,23.808541666666667,23.987032
2024-03-31 10:00:00+00:00,21.109583333333333,22.958282
2024-03-31 11:00:00+00:00,18.410625,19.695957
2024-03-31 12:00:00+00:00,15.711666666666664,16.675295
2024-03-31 13:00:00+00:00,16.541874999999997,16.473003
2024-03-31 14:00:00+00:00,17.372083333333332,16.972853
2024-03-31 15:00:00+00:00,18.202291666666667,16.976969
2024-03-31 16:00:00+00:00,19.0325,16.340527
2024-03-31 17:00:00+00:00,17.259375,15.725813
2024-03-31 18:00:00+00:00,15.486249999999998,14.72514
2024-03-31 19:00:00+00:00,13.713125,13.81868
2024-03-31 20:00:00+00:00,11.94,13.321653
2024-03-31 21:00:00+00:00,14.247187499999999,15.222637
2024-03-31 22:00:00+00:00,16.554375,17.213108
2024-03-31 23:00:00+00:00,18.861562499999998,19.269482
2024-04-01 00:00:00+00:00,21.16875,20.601152
2024-04-01 01:00:00+00:00,20.304375,20.786919
2024-04-01 02:00:00+00:00,19.439999999999998,20.755802
2024-04-01 03:00:00+00:00,18.575624999999995,19.412037
2024-04-01 04:00:00+00:00,17.71125,18.070923
2024-04-01 05:00:00+00:00,14.473124999999998,10.956605
2024-04-01 06:00:00+00:00,11.235000000000001,2.0736618
2024-04-01 07:00:00+00:00,14.403125000000001,10.371358
2024-04-01 08:00:00+00:00,17.57125,20.101307
2024-04-01 09:00:00+00:00,18.76385416666667,22.491373
2024-04-01 10:00:00+00:00,19.956458333333334,24.84565
2024-04-01 11:00:00+00:00,21.1490625,23.509464
2024-04-01 12:00:00+00:00,22.34166666666667,22.563734
2024-04-01 13:00:00+00:00,21.1865625,20.875717
2024-04-01 14:00:00+00:00,20.031458333333333,19.32528
2024-04-01 15:00:00+00:00,18.87635416666667,19.481564
2024-04-01 16:00:00+00:00,17.72125,20.378036
2024-04-01 17:00:00+00:00,18.518125,20.845116
2024-04-01 18:00:00+00:00,19.315,20.819939
2024-04-01 19:00:00+00:00,20.111875,20.532066
2024-04-01 20:00:00+00:00,20.90875,20.477678
2024-04-01 21:00:00+00:00,20.19,19.633106
2024-04-01 22:00:00+00:00,19.47125,19.31547
2024-04-01 23:00:00+00:00,18.7525,18.892845
2024-04-02 00:00:00+00:00,18.03375,17.966734
2024-04-02 01:00:00+00:00,18.224375000000002,17.097803
2024-04-02 02:00:00+00:00,18.415,15.64933
2024-04-02 03:00:00+00:00,18.605625,16.630383
2024-04-02 04:00:00+00:00,18.79625,18.409315
2024-04-02 05:00:00+00:00,13.530625,19.059132
2024-04-02 06:00:00+00:00,8.265,19.099293
2024-04-02 07:00:00+00:00,22.21625,22.383526
2024-04-02 08:00:00+00:00,36.1675,25.170326
2024-04-02 09:00:00+00:00,34.664375,22.55748
2024-04-02 10:00:00+00:00,33.161249999999995,20.529898
2024-04-02 11:00:00+00:00,31.658125,21.723381
2024-04-02 12:00:00+00:00,30.155,24.163248
2024-04-02 13:00:00+00:00,27.169999999999998,23.81496
2024-04-02 14:00:00+00:00,24.185000000000002,22.704824
2024-04-02 15:00:00+00:00,21.2,21.3673
2024-04-02 16:00:00+00:00,18.215,19.502323
2024-04-02 17:00:00+00:00,19.007187499999997,19.792086
2024-04-02 18:00:00+00:00,19.799374999999998,19.994057
2024-04-02 19:00:00+00:00,20.5915625,20.172737
2024-04-02 20:00:00+00:00,21.38375,20.82087
2024-04-02 21:00:00+00:00,20.5978125,19.98864
2024-04-02 22:00:00+00:00,19.811875,19.606647
2024-04-02 23:00:00+00:00,19.0259375,18.656887
2024-04-03 00:00:00+00:00,18.240000000000002,17.644764
2024-04-03 01:00:00+00:00,19.7959375,19.409248
2024-04-03 02:00:00+00:00,21.351875,22.228722
2024-04-03 03:00:00+00:00,22.907812500000002,23.38885
2024-04-03 04:00:00+00:00,24.46375,23.692345
2024-04-03 05:00:00+00:00,25.156875,14.973407
2024-04-03 06:00:00+00:00,25.85,6.8340015
2024-04-03 07:00:00+00:00,39.09625,36.845184
2024-04-03 08:00:00+00:00,52.3425,62.762627
2024-04-03 09:00:00+00:00,44.351875,53.475246
2024-04-03 10:00:00+00:00,36.36125,42.738018
2024-04-03 11:00:00+00:00,28.370625,33.86002
2024-04-03 12:00:00+00:00,20.38,27.47745
2024-04-03 13:00:00+00:00,19.5721875,23.529297
2024-04-03 14:00:00+00:00,18.764375,19.756765
2024-04-03 15:00:00+00:00,17.9565625,16.321865
2024-04-03 16:00:00+00:00,17.14875,13.163746
2024-04-03 17:00:00+00:00,17.249375,13.826813
2024-04-03 18:00:00+00:00,17.35,15.210976
2024-04-03 19:00:00+00:00,17.450625000000002,16.364101
2024-04-03 20:00:00+00:00,17.55125,17.50897
2024-04-03 21:00:00+00:00,17.934062499999996,17.410051
2024-04-03 22:00:00+00:00,18.316875,17.193096
2024-04-03 23:00:00+00:00,18.6996875,17.77477
2024-04-04 00:00:00+00:00,19.0825,18.519316
2024-04-04 01:00:00+00:00,21.4165625,21.936213
2024-04-04 02:00:00+00:00,23.750625,26.53321
2024-04-04 03:00:00+00:00,26.0846875,29.696392
2024-04-04 04:00:00+00:00,28.418750000000003,32.597385
2024-04-04 05:00:00+00:00,25.699375000000003,26.845797
2024-04-04 06:00:00+00:00,22.98,21.304777
2024-04-04 07:00:00+00:00,61.73375,44.730785
2024-04-04 08:00:00+00:00,100.4875,60.74816
2024-04-04 09:00:00+00:00,81.32979166666665,51.140877
2024-04-04 10:00:00+00:00,62.17208333333333,40.842464
2024-04-04 11:00:00+00:00,43.014375,31.102688
2024-04-04 12:00:00+00:00,23.856666666666666,24.742992
2024-04-04 13:00:00+00:00,21.1884375,21.872242
2024-04-04 14:00:00+00:00,18.520208333333333,20.060081
2024-04-04 15:00:00+00:00,15.851979166666666,18.208986
2024-04-04 16:00:00+00:00,13.183750000000002,15.972047
2024-04-04 17:00:00+00:00,14.197812500000001,16.227688
2024-04-04 18:00:00+00:00,15.211875000000001,16.665024
2024-04-04 19:00:00+00:00,16.2259375,16.693953
2024-04-04 20:00:00+00:00,17.240000000000002,16.332838
2024-04-04 21:00:00+00:00,16.4146875,15.444002
2024-04-04 22:00:00+00:00,15.589375,14.630083
2024-04-04 23:00:00+00:00,14.7640625,14.557646
2024-04-05 00:00:00+00:00,13.938749999999999,14.421362
2024-04-05 01:00:00+00:00,15.736875,17.024078
2024-04-05 02:00:00+00:00,17.535,19.409178
2024-04-05 03:00:00+00:00,19.333125000000003,20.730038
2024-04-05 04:00:00+00:00,21.13125,21.908302
2024-04-05 05:00:00+00:00,11.680625000000001,19.605225
2024-04-05 06:00:00+00:00,2.23,16.971184
2024-04-05 07:00:00+00:00,11.15,21.186583
2024-04-05 08:00:00+00:00,20.07,25.508242
2024-04-05 09:00:00+00:00,18.313333333333333,23.5714
2024-04-05 10:00:00+00:00,16.55666666666667,21.271458
2024-04-05 11:00:00+00:00,14.8,19.32549
2024-04-05 12:00:00+00:00,13.043333333333335,17.859825
2024-04-05 13:00:00+00:00,12.843125000000002,18.824583
2024-04-05 14:00:00+00:00,12.642916666666668,18.764242
2024-04-05 15:00:00+00:00,12.442708333333334,17.80666
2024-04-05 16:00:00+00:00,12.2425,16.84077
2024-04-05 17:00:00+00:00,13.5153125,17.223652
2024-04-05 18:00:00+00:00,14.788124999999999,17.830221
2024-04-05 19:00:00+00:00,16.060937499999998,17.91894
2024-04-05 20:00:00+00:00,17.33375,17.94326
2024-04-05 21:00:00+00:00,18.3053125,18.055597
2024-04-05 22:00:00+00:00,19.276874999999997,18.5635
2024-04-05 23:00:00+00:00,20.248437499999998,19.848513
2024-04-06 00:00:00+00:00,21.22,20.52042
2024-04-06 01:00:00+00:00,21.5075,21.610195
2024-04-06 02:00:00+00:00,21.795,22.002773
2024-04-06 03:00:00+00:00,22.0825,22.153961
2024-04-06 04:00:00+00:00,22.37,22.248672
2024-04-06 05:00:00+00:00,10.690000000000001,15.166395
2024-04-06 06:00:00+00:00,-0.9899999999999998,8.6184845
2024-04-06 07:00:00+00:00,11.474374999999998,15.014412
2024-04-06 08:00:00+00:00,23.93875,20.75345
2024-04-06 09:00:00+00:00,29.572812499999998,21.197403
2024-04-06 10:00:00+00:00,35.206875,21.83527
2024-04-06 11:00:00+00:00,40.840937499999995,22.227114
2024-04-06 12:00:00+00:00,46.474999999999994,23.014187
2024-04-06 13:00:00+00:00,39.72031249999999,21.310995
2024-04-06 14:00:00+00:00,32.965624999999996,20.239943
2024-04-06 15:00:00+00:00,26.210937499999996,18.329014
2024-04-06 16:00:00+00:00,19.456249999999997,16.854916
2024-04-06 17:00:00+00:00,19.011562499999997,17.20008
2024-04-06 18:00:00+00:00,18.566875,16.750574
2024-04-06 19:00:00+00:00,18.122187500000003,16.098934
2024-04-06 20:00:00+00:00,17.677500000000002,15.783012
2024-04-06 21:00:00+00:00,18.841250000000002,17.438774
2024-04-06 22:00:00+00:00,20.005000000000003,19.191309
2024-04-06 23:00:00+00:00,21.16875,20.161234
2024-04-07 00:00:00+00:00,22.3325,20.982876
2024-04-07 01:00:00+00:00,22.78625,21.068182
2024-04-07 02:00:00+00:00,23.240000000000002,20.575815
2024-04-07 03:00:00+00:00,23.69375,20.728746
2024-04-07 04:00:00+00:00,24.1475,20.776361
2024-04-07 05:00:00+00:00,19.03875,14.763375
2024-04-07 06:00:00+00:00,13.93,10.888605
2024-04-07 07:00:00+00:00,22.255,25.74015
2024-04-07 08:00:00+00:00,30.58,40.667
2024-04-07 09:00:00+00:00,37.37500000000001,46.29421
2024-04-07 10:00:00+00:00,44.169999999999995,51.234947
2024-04-07 11:00:00+00:00,50.96499999999999,60.619133
2024-04-07 12:00:00+00:00,57.75999999999999,67.62873
2024-04-07 13:00:00+00:00,47.841562499999995,52.420456
2024-04-07 14:00:00+00:00,37.923125,36.111126
2024-04-07 15:00:00+00:00,28.004687499999992,24.225426
2024-04-07 16:00:00+00:00,18.08625,14.839495
2024-04-07 17:00:00+00:00,17.5928125,14.210559
2024-04-07 18:00:00+00:00,17.099375000000002,13.639451
2024-04-07 19:00:00+00:00,16.6059375,14.201788
2024-04-07 20:00:00+00:00,16.1125,14.5660515
2024-04-07 21:00:00+00:00,16.449375,15.865393
2024-04-07 22:00:00+00:00,16.786250000000003,17.783463
2024-04-07 23:00:00+00:00,17.123125,18.635235
2024-04-08 00:00:00+00:00,17.46,19.36987
2024-04-08 01:00:00+00:00,19.6159375,19.171297
2024-04-08 02:00:00+00:00,21.771875,20.924934
2024-04-08 03:00:00+00:00,23.927812499999998,24.06066
2024-04-08 04:00:00+00:00,26.08375,26.36116
2024-04-08 05:00:00+00:00,18.366875,22.412039
2024-04-08 06:00:00+00:00,10.649999999999999,19.091976
2024-04-08 07:00:00+00:00,23.650624999999998,26.035036
2024-04-08 08:00:00+00:00,36.65125,34.38075
2024-04-08 09:00:00+00:00,59.112604166666664,52.915443
2024-04-08 10:00:00+00:00,81.57395833333335,69.43259
2024-04-08 11:00:00+00:00,104.0353125,85.31567
2024-04-08 12:00:00+00:00,126.49666666666667,95.721146
2024-04-08 13:00:00+00:00,99.6878125,74.98081
2024-04-08 14:00:00+00:00,72.87895833333334,54.752052
2024-04-08 15:00:00+00:00,46.07010416666667,32.621796
2024-04-08 16:00:00+00:00,19.26125,13.539924
2024-04-08 17:00:00+00:00,17.806875,13.886247
2024-04-08 18:00:00+00:00,16.3525,14.736605
2024-04-08 19:00:00+00:00,14.898125,14.881269
2024-04-08 20:00:00+00:00,13.44375,14.583516
2024-04-08 21:00:00+00:00,14.3521875,14.756699
2024-04-08 22:00:00+00:00,15.260625000000001,15.335587
2024-04-08 23:00:00+00:00,16.1690625,16.21843
2024-04-09 00:00:00+00:00,17.0775,17.183716
2024-04-09 01:00:00+00:00,17.7675,17.016571
2024-04-09 02:00:00+00:00,18.4575,17.75922
2024-04-09 03:00:00+00:00,19.1475,19.148771
2024-04-09 04:00:00+00:00,19.8375,20.580973
2024-04-09 05:00:00+00:00,16.35125,15.355558
2024-04-09 06:00:00+00:00,12.865,9.360481
2024-04-09 07:00:00+00:00,15.908750000000001,15.785505
2024-04-09 08:00:00+00:00,18.9525,22.56194
2024-04-09 09:00:00+00:00,19.29104166666667,23.319452
2024-04-09 10:00:00+00:00,19.629583333333336,25.211298
2024-04-09 11:00:00+00:00,19.968125,28.298773
2024-04-09 12:00:00+00:00,20.30666666666667,29.700502
2024-04-09 13:00:00+00:00,19.484687499999996,25.915352
2024-04-09 14:00:00+00:00,18.662708333333335,23.066467
2024-04-09 15:00:00+00:00,17.84072916666667,18.37167
2024-04-09 16:00:00+00:00,17.01875,14.092749
2024-04-09 17:00:00+00:00,15.3353125,14.671685
2024-04-09 18:00:00+00:00,13.651875000000002,14.5588
2024-04-09 19:00:00+00:00,11.9684375,13.688263
2024-04-09 20:00:00+00:00,10.285,12.448798
2024-04-09 21:00:00+00:00,12.309375,13.692269
2024-04-09 22:00:00+00:00,14.33375,15.935418
2024-04-09 23:00:00+00:00,16.358125,17.335667
2024-04-10 00:00:00+00:00,18.3825,18.43561
2024-04-10 01:00:00+00:00,20.203125,19.317612
2024-04-10 02:00:00+00:00,22.02375,21.390396
2024-04-10 03:00:00+00:00,23.844375,24.477602
2024-04-10 04:00:00+00:00,25.665,27.572746
2024-04-10 05:00:00+00:00,24.3375,23.306486
2024-04-10 06:00:00+00:00,23.009999999999998,18.21218
2024-04-10 07:00:00+00:00,20.023125,19.995516
2024-04-10 08:00:00+00:00,17.03625,22.442905
2024-04-10 09:00:00+00:00,18.195520833333333,20.920864
2024-04-10 10:00:00+00:00,19.354791666666664,19.537336
2024-04-10 11:00:00+00:00,20.514062499999998,20.138586
2024-04-10 12:00:00+00:00,21.673333333333332,21.297607
2024-04-10 13:00:00+00:00,24.394687499999996,24.961458
2024-04-10 14:00:00+00:00,27.116041666666664,28.792374
2024-04-10 15:00:00+00:00,29.837395833333332,31.343044
2024-04-10 16:00:00+00:00,32.558749999999996,33.139416
2024-04-10 17:00:00+00:00,28.013437499999995,28.617119
2024-04-10 18:00:00+00:00,23.468124999999997,22.846622
2024-04-10 19:00:00+00:00,18.9228125,18.17578
2024-04-10 20:00:00+00:00,14.377499999999998,13.887336
2024-04-10 21:00:00+00:00,15.44375,14.024171
2024-04-10 22:00:00+00:00,16.509999999999998,14.732482
2024-04-10 23:00:00+00:00,17.576249999999998,15.835635
2024-04-11 00:00:00+00:00,18.642499999999995,17.539719
2024-04-11 01:00:00+00:00,20.388125,18.917868
2024-04-11 02:00:00+00:00,22.13375,19.92761
2024-04-11 03:00:00+00:00,23.879375,20.94929
2024-04-11 04:00:00+00:00,25.625,22.442717
2024-04-11 05:00:00+00:00,25.8525,20.365955
2024-04-11 06:00:00+00:00,26.080000000000002,18.528374
2024-04-11 07:00:00+00:00,25.31625,20.088797
2024-04-11 08:00:00+00:00,24.5525,21.300026
2024-04-11 09:00:00+00:00,24.785625,21.73238
2024-04-11 10:00:00+00:00,25.018749999999997,22.485117
2024-04-11 11:00:00+00:00,25.251875,23.729956
2024-04-11 12:00:00+00:00,25.485,25.581165
2024-04-11 13:00:00+00:00,28.5165625,30.82265
2024-04-11 14:00:00+00:00,31.548125,34.903793
2024-04-11 15:00:00+00:00,34.5796875,38.529984
2024-04-11 16:00:00+00:00,37.61125,41.98976
2024-04-11 17:00:00+00:00,32.6040625,34.668743
2024-04-11 18:00:00+00:00,27.596874999999997,25.514269
2024-04-11 19:00:00+00:00,22.5896875,18.931854
2024-04-11 20:00:00+00:00,17.5825,12.624129
2024-04-11 21:00:00+00:00,17.2353125,13.717253
2024-04-11 22:00:00+00:00,16.888125000000002,15.513615
2024-04-11 23:00:00+00:00,16.540937500000002,16.650383
2024-04-12 00:00:00+00:00,16.19375,17.723732
2024-04-12 01:00:00+00:00,18.365000000000002,18.005459
2024-04-12 02:00:00+00:00,20.536250000000003,18.358973
2024-04-12 03:00:00+00:00,22.7075,18.624592
2024-04-12 04:00:00+00:00,24.87875,19.452759
2024-04-12 05:00:00+00:00,16.086875,18.91293
2024-04-12 06:00:00+00:00,7.295,19.507444
2024-04-12 07:00:00+00:00,19.081249999999997,20.839432
2024-04-12 08:00:00+00:00,30.8675,22.358244
2024-04-12 09:00:00+00:00,32.408541666666665,22.54828
2024-04-12 10:00:00+00:00,33.94958333333334,22.731443
2024-04-12 11:00:00+00:00,35.490625,23.224281
2024-04-12 12:00:00+00:00,37.031666666666666,25.208954
2024-04-12 13:00:00+00:00,47.8659375,32.983734
2024-04-12 14:00:00+00:00,58.700208333333336,38.556507
2024-04-12 15:00:00+00:00,69.53447916666667,43.364414
2024-04-12 16:00:00+00:00,80.36875,46.572464
2024-04-12 17:00:00+00:00,64.5209375,39.626305
2024-04-12 18:00:00+00:00,48.673125,32.003136
2024-04-12 19:00:00+00:00,32.8253125,23.753874
2024-04-12 20:00:00+00:00,16.9775,16.527332
2024-04-12 21:00:00+00:00,16.369374999999998,15.764786
2024-04-12 22:00:00+00:00,15.76125,15.017054
2024-04-12 23:00:00+00:00,15.153125,14.992569
2024-04-13 00:00:00+00:00,14.545,15.416951
2024-04-13 01:00:00+00:00,16.9653125,17.736752
2024-04-13 02:00:00+00:00,19.385625,19.09364
2024-04-13 03:00:00+00:00,21.8059375,20.115196
2024-04-13 04:00:00+00:00,24.22625,20.933044
2024-04-13 05:00:00+00:00,12.355625,16.758606
2024-04-13 06:00:00+00:00,0.4850000000000003,11.908495
2024-04-13 07:00:00+00:00,10.89375,19.184248
2024-04-13 08:00:00+00:00,21.3025,26.945946
2024-04-13 09:00:00+00:00,22.248541666666668,26.27858
2024-04-13 10:00:00+00:00,23.194583333333334,24.995464
2024-04-13 11:00:00+00:00,24.140625,22.81174
2024-04-13 12:00:00+00:00,25.08666666666667,20.991873
2024-04-13 13:00:00+00:00,22.893125,21.342083
2024-04-13 14:00:00+00:00,20.699583333333337,21.295052
2024-04-13 15:00:00+00:00,18.506041666666665,20.259264
2024-04-13 16:00:00+00:00,16.3125,18.809448
2024-04-13 17:00:00+00:00,16.87875,17.81013
2024-04-13 18:00:00+00:00,17.445,17.206432
2024-04-13 19:00:00+00:00,18.01125,16.163239
2024-04-13 20:00:00+00:00,18.5775,15.10008
2024-04-13 21:00:00+00:00,16.495625,15.950748
2024-04-13 22:00:00+00:00,14.41375,16.805782
2024-04-13 23:00:00+00:00,12.331875,15.953378
2024-04-14 00:00:00+00:00,10.25,15.101663
2024-04-14 01:00:00+00:00,13.6578125,15.928799
2024-04-14 02:00:00+00:00,17.065625,17.852663
2024-04-14 03:00:00+00:00,20.473437500000003,19.679924
2024-04-14 04:00:00+00:00,23.88125,21.03041
2024-04-14 05:00:00+00:00,13.238125,12.843386
2024-04-14 06:00:00+00:00,2.5949999999999998,5.054125
2024-04-14 07:00:00+00:00,15.066875,14.967966
2024-04-14 08:00:00+00:00,27.53875,30.677814
2024-04-14 09:00:00+00:00,24.858229166666668,41.680733
2024-04-14 10:00:00+00:00,22.177708333333335,44.209644
2024-04-14 11:00:00+00:00,19.4971875,41.628433
2024-04-14 12:00:00+00:00,16.816666666666666,37.137928
2024-04-14 13:00:00+00:00,16.3028125,28.663433
2024-04-14 14:00:00+00:00,15.788958333333333,22.579605
2024-04-14 15:00:00+00:00,15.275104166666667,18.533379
2024-04-14 16:00:00+00:00,14.76125,16.430126
2024-04-14 17:00:00+00:00,18.870312499999997,18.752834
2024-04-14 18:00:00+00:00,22.979374999999997,20.525349
2024-04-14 19:00:00+00:00,27.0884375,21.337826
2024-04-14 20:00:00+00:00,31.197499999999998,20.770649
2024-04-14 21:00:00+00:00,26.64875,16.803486
2024-04-14 22:00:00+00:00,22.099999999999998,13.743977
2024-04-14 23:00:00+00:00,17.551249999999996,11.852938
2024-04-15 00:00:00+00:00,13.0025,10.3395195
2024-04-15 01:00:00+00:00,15.883750000000001,12.500884
2024-04-15 02:00:00+00:00,18.765,15.825017
2024-04-15 03:00:00+00:00,21.646250000000002,17.58412
2024-04-15 04:00:00+00:00,24.5275,19.25274
2024-04-15 05:00:00+00:00,15.33125,13.233752
2024-04-15 06:00:00+00:00,6.135,6.344557
2024-04-15 07:00:00+00:00,17.753750000000004,17.616188
2024-04-15 08:00:00+00:00,29.372500000000002,30.21328
2024-04-15 09:00:00+00:00,28.30979166666667,31.950943
2024-04-15 10:00:00+00:00,27.247083333333336,31.91892
2024-04-15 11:00:00+00:00,26.184375,28.824066
2024-04-15 12:00:00+00:00,25.121666666666666,25.550402
2024-04-15 13:00:00+00:00,24.228749999999998,23.589485
2024-04-15 14:00:00+00:00,23.335833333333333,21.557579
2024-04-15 15:00:00+00:00,22.44291666666667,19.398405
2024-04-15 16:00:00+00:00,21.55,17.20668
2024-04-15 17:00:00+00:00,24.5928125,18.413649
2024-04-15 18:00:00+00:00,27.635624999999997,19.920357
2024-04-15 19:00:00+00:00,30.678437499999998,20.371727
2024-04-15 20:00:00+00:00,33.72125,22.016886
2024-04-15 21:00:00+00:00,29.620937499999997,21.124973
2024-04-15 22:00:00+00:00,25.520625,20.472626
2024-04-15 23:00:00+00:00,21.4203125,18.881132
2024-04-16 00:00:00+00:00,17.32,16.688433
2024-04-16 01:00:00+00:00,17.8890625,17.605883
2024-04-16 02:00:00+00:00,18.458125,18.626177
2024-04-16 03:00:00+00:00,19.027187499999997,19.077715
2024-04-16 04:00:00+00:00,19.596249999999998,19.270016
2024-04-16 05:00:00+00:00,14.265625,15.243898
2024-04-16 06:00:00+00:00,8.935,10.80593
2024-04-16 07:00:00+00:00,19.575625000000002,16.107157
2024-04-16 08:00:00+00:00,30.21625,21.275328
2024-04-16 09:00:00+00:00,31.165104166666666,20.580143
2024-04-16 10:00:00+00:00,32.11395833333333,21.157555
2024-04-16 11:00:00+00:00,33.0628125,23.34322
2024-04-16 12:00:00+00:00,34.01166666666666,26.427368
2024-04-16 13:00:00+00:00,32.48375,27.455368
2024-04-16 14:00:00+00:00,30.95583333333333,28.846458
2024-04-16 15:00:00+00:00,29.427916666666665,30.17224
2024-04-16 16:00:00+00:00,27.9,30.649387
2024-04-16 17:00:00+00:00,35.8340625,37.433483
2024-04-16 18:00:00+00:00,43.768125,43.408333
2024-04-16 19:00:00+00:00,51.702187499999994,49.60675
2024-04-16 20:00:00+00:00,59.63625,52.81176
2024-04-16 21:00:00+00:00,48.994375,42.592674
2024-04-16 22:00:00+00:00,38.3525,32.827454
2024-04-16 23:00:00+00:00,27.710625,23.650469
2024-04-17 00:00:00+00:00,17.06875,16.7047
2024-04-17 01:00:00+00:00,17.163125,17.375587
2024-04-17 02:00:00+00:00,17.2575,19.386644
2024-04-17 03:00:00+00:00,17.351875,20.210133
2024-04-17 04:00:00+00:00,17.44625,20.10095
2024-04-17 05:00:00+00:00,20.483125,14.488198
2024-04-17 06:00:00+00:00,23.52,9.649029
2024-04-17 07:00:00+00:00,26.28125,17.124172
2024-04-17 08:00:00+00:00,29.0425,25.119835
2024-04-17 09:00:00+00:00,26.423541666666665,25.155432
2024-04-17 10:00:00+00:00,23.804583333333333,24.673014
2024-04-17 11:00:00+00:00,21.185625,24.323427
2024-04-17 12:00:00+00:00,18.566666666666666,23.220936
2024-04-17 13:00:00+00:00,17.9140625,22.754892
2024-04-17 14:00:00+00:00,17.261458333333334,22.920666
2024-04-17 15:00:00+00:00,16.608854166666667,22.464642
2024-04-17 16:00:00+00:00,15.956249999999999,22.184994
2024-04-17 17:00:00+00:00,15.398125,20.198124
2024-04-17 18:00:00+00:00,14.84,17.953238
2024-04-17 19:00:00+00:00,14.281875,15.747204
2024-04-17 20:00:00+00:00,13.72375,12.970653
2024-04-17 21:00:00+00:00,15.48375,13.73418
2024-04-17 22:00:00+00:00,17.243750000000002,15.190993
2024-04-17 23:00:00+00:00,19.003750000000004,15.812565
2024-04-18 00:00:00+00:00,20.763750000000005,16.756056
2024-04-18 01:00:00+00:00,19.0425,17.146774
2024-04-18 02:00:00+00:00,17.32125,16.408588
2024-04-18 03:00:00+00:00,15.600000000000001,15.816307
2024-04-18 04:00:00+00:00,13.87875,15.495143
2024-04-18 05:00:00+00:00,10.951875000000003,16.425428
2024-04-18 06:00:00+00:00,8.025,18.204227
2024-04-18 07:00:00+00:00,15.406250000000002,23.457558
2024-04-18 08:00:00+00:00,22.7875,28.107262
2024-04-18 09:00:00+00:00,23.14604166666667,27.916512
2024-04-18 10:00:00+00:00,23.504583333333333,25.855522
2024-04-18 11:00:00+00:00,23.863124999999997,24.72364
2024-04-18 12:00:00+00:00,24.221666666666664,23.97992
2024-04-18 13:00:00+00:00,20.611562499999998,21.568785
2024-04-18 14:00:00+00:00,17.001458333333332,20.257929
2024-04-18 15:00:00+00:00,13.391354166666666,17.596771
2024-04-18 16:00:00+00:00,9.78125,15.164458
2024-04-18 17:00:00+00:00,10.544062499999999,13.717165
2024-04-18 18:00:00+00:00,11.306875,13.048974
2024-04-18 19:00:00+00:00,12.0696875,13.36987
2024-04-18 20:00:00+00:00,12.8325,14.160227
2024-04-18 21:00:00+00:00,16.4990625,19.033863
2024-04-18 22:00:00+00:00,20.165625,23.318521
2024-04-18 23:00:00+00:00,23.832187499999996,28.087543
2024-04-19 00:00:00+00:00,27.498749999999998,33.425507
2024-04-19 01:00:00+00:00,24.3125,30.565039
2024-04-19 02:00:00+00:00,21.126250000000002,23.959284
2024-04-19 03:00:00+00:00,17.939999999999998,18.794828
2024-04-19 04:00:00+00:00,14.75375,14.569715
2024-04-19 05:00:00+00:00,11.481875,10.961813
2024-04-19 06:00:00+00:00,8.21,8.437919
2024-04-19 07:00:00+00:00,15.945625000000001,16.468248
2024-04-19 08:00:00+00:00,23.681250000000002,23.905125
2024-04-19 09:00:00+00:00,24.699687500000003,25.814735
2024-04-19 10:00:00+00:00,25.718125,27.827286
2024-04-19 11:00:00+00:00,26.736562499999998,29.464642
2024-04-19 12:00:00+00:00,27.755,30.110199
2024-04-19 13:00:00+00:00,25.841875,25.261087
2024-04-19 14:00:00+00:00,23.928750000000004,21.039059
2024-04-19 15:00:00+00:00,22.015625,17.15601
2024-04-19 16:00:00+00:00,20.1025,13.68584
2024-04-19 17:00:00+00:00,20.068437499999998,12.721367
2024-04-19 18:00:00+00:00,20.034374999999997,12.135005
2024-04-19 19:00:00+00:00,20.0003125,12.905357
2024-04-19 20:00:00+00:00,19.96625,13.174842
2024-04-19 21:00:00+00:00,25.4653125,16.09062
2024-04-19 22:00:00+00:00,30.964374999999997,19.021091
2024-04-19 23:00:00+00:00,36.4634375,23.726341
2024-04-20 00:00:00+00:00,41.9625,29.970549
2024-04-20 01:00:00+00:00,37.715937499999995,29.360638
2024-04-20 02:00:00+00:00,33.469375,24.695784
2024-04-20 03:00:00+00:00,29.2228125,22.203972
2024-04-20 04:00:00+00:00,24.97625,19.105597
2024-04-20 05:00:00+00:00,25.390625,12.40046
2024-04-20 06:00:00+00:00,25.805,8.904789
2024-04-20 07:00:00+00:00,27.294375,19.027067
2024-04-20 08:00:00+00:00,28.783749999999998,25.84343
2024-04-20 09:00:00+00:00,30.706562499999997,25.68377
2024-04-20 10:00:00+00:00,32.629374999999996,26.573112
2024-04-20 11:00:00+00:00,34.5521875,27.655378
2024-04-20 12:00:00+00:00,36.475,28.378963
2024-04-20 13:00:00+00:00,33.188125,27.797716
2024-04-20 14:00:00+00:00,29.90125,27.220602
2024-04-20 15:00:00+00:00,26.614375000000003,25.499706
2024-04-20 16:00:00+00:00,23.3275,24.943104
2024-04-20 17:00:00+00:00,22.012812500000003,25.405876
2024-04-20 18:00:00+00:00,20.698125,26.545647
2024-04-20 19:00:00+00:00,19.3834375,27.824263
2024-04-20 20:00:00+00:00,18.06875,28.73975
2024-04-20 21:00:00+00:00,29.14,36.671593
2024-04-20 22:00:00+00:00,40.21125,44.076714
2024-04-20 23:00:00+00:00,51.28249999999999,47.600883
2024-04-21 00:00:00+00:00,62.35375,50.796318
2024-04-21 01:00:00+00:00,51.637812499999995,43.21004
2024-04-21 02:00:00+00:00,40.921875,34.8465
2024-04-21 03:00:00+00:00,30.205937499999997,28.077633
2024-04-21 04:00:00+00:00,19.49,21.981937
2024-04-21 05:00:00+00:00,20.645000000000003,18.094322
2024-04-21 06:00:00+00:00,21.8,14.727169
2024-04-21 07:00:00+00:00,23.919375000000006,19.200308
2024-04-21 08:00:00+00:00,26.03875,24.178822
2024-04-21 09:00:00+00:00,27.841145833333336,27.129646
2024-04-21 10:00:00+00:00,29.643541666666668,29.97352
2024-04-21 11:00:00+00:00,31.4459375,31.015324
2024-04-21 12:00:00+00:00,33.248333333333335,31.642876
2024-04-21 13:00:00+00:00,28.4478125,26.90974
2024-04-21 14:00:00+00:00,23.647291666666668,21.631403
2024-04-21 15:00:00+00:00,18.846770833333334,19.136427
2024-04-21 16:00:00+00:00,14.04625,16.84681
2024-04-21 17:00:00+00:00,13.755,16.193811
2024-04-21 18:00:00+00:00,13.463750000000001,15.97197
2024-04-21 19:00:00+00:00,13.172500000000001,14.952026
2024-04-21 20:00:00+00:00,12.881250000000001,13.984718
2024-04-21 21:00:00+00:00,13.537187500000002,14.638601
2024-04-21 22:00:00+00:00,14.193125000000002,15.80135
2024-04-21 23:00:00+00:00,14.8490625,15.914023
2024-04-22 00:00:00+00:00,15.504999999999999,15.715437
2024-04-22 01:00:00+00:00,17.5709375,19.705723
2024-04-22 02:00:00+00:00,19.636875,21.751478
2024-04-22 03:00:00+00:00,21.7028125,22.313726
2024-04-22 04:00:00+00:00,23.76875,21.703657
2024-04-22 05:00:00+00:00,24.731875000000002,19.234604
2024-04-22 06:00:00+00:00,25.695,16.876572
2024-04-22 07:00:00+00:00,20.043125,16.171621
2024-04-22 08:00:00+00:00,14.39125,16.12688
2024-04-22 09:00:00+00:00,17.410104166666667,16.442192
2024-04-22 10:00:00+00:00,20.42895833333333,17.360996
2024-04-22 11:00:00+00:00,23.4478125,21.088501
2024-04-22 12:00:00+00:00,26.46666666666667,24.541231
2024-04-22 13:00:00+00:00,25.7065625,23.799795
2024-04-22 14:00:00+00:00,24.946458333333332,22.905428
2024-04-22 15:00:00+00:00,24.186354166666668,20.766357
2024-04-22 16:00:00+00:00,23.42625,17.902132
2024-04-22 17:00:00+00:00,19.6178125,15.692986
2024-04-22 18:00:00+00:00,15.809375,13.5037
2024-04-22 19:00:00+00:00,12.0009375,12.876867
2024-04-22 20:00:00+00:00,8.192499999999999,12.371869
2024-04-22 21:00:00+00:00,9.1171875,13.251853
2024-04-22 22:00:00+00:00,10.041875,14.4207
2024-04-22 23:00:00+00:00,10.966562499999998,15.105221
2024-04-23 00:00:00+00:00,11.89125,15.37979
2024-04-23 01:00:00+00:00,16.7096875,17.03642
2024-04-23 02:00:00+00:00,21.528125,20.251606
2024-04-23 03:00:00+00:00,26.346562499999997,23.638466
2024-04-23 04:00:00+00:00,31.165,26.205212
2024-04-23 05:00:00+00:00,15.225,24.267784
2024-04-23 06:00:00+00:00,-0.7150000000000003,21.552107
2024-04-23 07:00:00+00:00,8.27625,16.439638
2024-04-23 08:00:00+00:00,17.2675,11.454293
2024-04-23 09:00:00+00:00,20.378124999999997,14.387487
2024-04-23 10:00:00+00:00,23.488749999999996,18.607302
2024-04-23 11:00:00+00:00,26.599374999999995,23.652565
2024-04-23 12:00:00+00:00,29.709999999999994,28.515478
2024-04-23 13:00:00+00:00,28.682187499999998,29.77257
2024-04-23 14:00:00+00:00,27.654375,30.080254
2024-04-23 15:00:00+00:00,26.626562500000002,27.870363
2024-04-23 16:00:00+00:00,25.598750000000003,25.947357
2024-04-23 17:00:00+00:00,23.4271875,24.476305
2024-04-23 18:00:00+00:00,21.255625000000002,22.719196
2024-04-23 19:00:00+00:00,19.0840625,20.051044
2024-04-23 20:00:00+00:00,16.9125,16.846615
2024-04-23 21:00:00+00:00,17.773125,17.333527
2024-04-23 22:00:00+00:00,18.63375,18.514448
2024-04-23 23:00:00+00:00,19.494375,19.369715
2024-04-24 00:00:00+00:00,20.355,20.99401
2024-04-24 01:00:00+00:00,26.320625,30.211636
2024-04-24 02:00:00+00:00,32.28625,36.358067
2024-04-24 03:00:00+00:00,38.251875,44.266365
2024-04-24 04:00:00+00:00,44.2175,50.894157
2024-04-24 05:00:00+00:00,28.13875,32.896126
2024-04-24 06:00:00+00:00,12.059999999999999,15.438797
2024-04-24 07:00:00+00:00,29.411875,21.883684
2024-04-24 08:00:00+00:00,46.76375,28.384308
2024-04-24 09:00:00+00:00,41.9828125,31.149946
2024-04-24 10:00:00+00:00,37.201875,34.70353
2024-04-24 11:00:00+00:00,32.4209375,35.719437
2024-04-24 12:00:00+00:00,27.64,35.960506
2024-04-24 13:00:00+00:00,26.45375,35.540054
2024-04-24 14:00:00+00:00,25.2675,33.785873
2024-04-24 15:00:00+00:00,24.081249999999997,32.097897
2024-04-24 16:00:00+00:00,22.895,31.46342
2024-04-24 17:00:00+00:00,21.6846875,28.219667
2024-04-24 18:00:00+00:00,20.474375000000002,24.849848
2024-04-24 19:00:00+00:00,19.2640625,21.984331
2024-04-24 20:00:00+00:00,18.05375,18.532982
2024-04-24 21:00:00+00:00,17.8246875,19.01904
2024-04-24 22:00:00+00:00,17.595625,20.034786
2024-04-24 23:00:00+00:00,17.3665625,19.741024
2024-04-25 00:00:00+00:00,17.1375,20.24058
2024-04-25 01:00:00+00:00,26.1840625,25.877428
2024-04-25 02:00:00+00:00,35.230625,32.80079
2024-04-25 03:00:00+00:00,44.2771875,40.01487
2024-04-25 04:00:00+00:00,53.323750000000004,46.71105
2024-04-25 05:00:00+00:00,30.011875000000003,31.25016
2024-04-25 06:00:00+00:00,6.7,15.532801
2024-04-25 07:00:00+00:00,15.323125000000001,21.783989
2024-04-25 08:00:00+00:00,23.94625,28.386866
2024-04-25 09:00:00+00:00,25.511770833333333,29.12988
2024-04-25 10:00:00+00:00,27.077291666666664,29.466059
2024-04-25 11:00:00+00:00,28.642812499999998,27.86385
2024-04-25 12:00:00+00:00,30.208333333333332,28.040691
2024-04-25 13:00:00+00:00,27.163125,29.247458
2024-04-25 14:00:00+00:00,24.117916666666666,29.285845
2024-04-25 15:00:00+00:00,21.07270833333333,27.832104
2024-04-25 16:00:00+00:00,18.0275,25.516558
2024-04-25 17:00:00+00:00,16.6746875,22.041136
2024-04-25 18:00:00+00:00,15.321875,17.747356
2024-04-25 19:00:00+00:00,13.9690625,13.68188
2024-04-25 20:00:00+00:00,12.61625,10.348766
2024-04-25 21:00:00+00:00,12.44875,11.438484
2024-04-25 22:00:00+00:00,12.28125,13.435942
2024-04-25 23:00:00+00:00,12.113749999999998,14.737838
2024-04-26 00:00:00+00:00,11.94625,15.278963
2024-04-26 01:00:00+00:00,13.613125,15.979645
2024-04-26 02:00:00+00:00,15.28,16.892267
2024-04-26 03:00:00+00:00,16.946875,18.250246
2024-04-26 04:00:00+00:00,18.61375,19.295452
2024-04-26 05:00:00+00:00,14.269374999999998,16.947474
2024-04-26 06:00:00+00:00,9.925,13.891543
2024-04-26 07:00:00+00:00,23.966875,19.075048
2024-04-26 08:00:00+00:00,38.00875,24.353502
2024-04-26 09:00:00+00:00,31.769895833333333,22.76972
2024-04-26 10:00:00+00:00,25.531041666666667,21.83885
2024-04-26 11:00:00+00:00,19.2921875,19.277094
2024-04-26 12:00:00+00:00,13.053333333333336,17.009867
2024-04-26 13:00:00+00:00,14.392812500000002,16.36219
2024-04-26 14:00:00+00:00,15.732291666666667,15.977212
2024-04-26 15:00:00+00:00,17.071770833333332,16.944862
2024-04-26 16:00:00+00:00,18.41125,17.771404
2024-04-26 17:00:00+00:00,19.295624999999998,18.629679
2024-04-26 18:00:00+00:00,20.18,19.195206
2024-04-26 19:00:00+00:00,21.064375,19.33152
2024-04-26 20:00:00+00:00,21.94875,19.415415
2024-04-26 21:00:00+00:00,18.372812500000002,16.647306
2024-04-26 22:00:00+00:00,14.796875,13.18152
2024-04-26 23:00:00+00:00,11.2209375,10.91051
2024-04-27 00:00:00+00:00,7.645,8.849568
2024-04-27 01:00:00+00:00,9.65125,11.70302
2024-04-27 02:00:00+00:00,11.657499999999999,14.7272415
2024-04-27 03:00:00+00:00,13.66375,17.351713
2024-04-27 04:00:00+00:00,15.67,18.881794
2024-04-27 05:00:00+00:00,11.780000000000001,16.420376
2024-04-27 06:00:00+00:00,7.890000000000001,12.986511
2024-04-27 07:00:00+00:00,11.924375000000001,22.738024
2024-04-27 08:00:00+00:00,15.95875,33.935978
2024-04-27 09:00:00+00:00,16.7890625,28.304575
2024-04-27 10:00:00+00:00,17.619375,22.341202
2024-04-27 11:00:00+00:00,18.4496875,18.694466
2024-04-27 12:00:00+00:00,19.280000000000005,15.034744
2024-04-27 13:00:00+00:00,19.8984375,17.289639
2024-04-27 14:00:00+00:00,20.516875,19.755377
2024-04-27 15:00:00+00:00,21.1353125,21.257687
2024-04-27 16:00:00+00:00,21.75375,22.934135
2024-04-27 17:00:00+00:00,22.096875,23.178116
2024-04-27 18:00:00+00:00,22.439999999999998,23.479618
2024-04-27 19:00:00+00:00,22.783125,23.632385
2024-04-27 20:00:00+00:00,23.12625,23.68935
2024-04-27 21:00:00+00:00,21.4415625,21.956938
2024-04-27 22:00:00+00:00,19.756875,19.69521
2024-04-27 23:00:00+00:00,18.0721875,17.33619
2024-04-28 00:00:00+00:00,16.3875,14.530605
2024-04-28 01:00:00+00:00,17.99625,18.911123
2024-04-28 02:00:00+00:00,19.604999999999997,21.543436
2024-04-28 03:00:00+00:00,21.213749999999997,23.588808
2024-04-28 04:00:00+00:00,22.822499999999998,23.462667
2024-04-28 05:00:00+00:00,21.03625,12.847161
2024-04-28 06:00:00+00:00,19.25,5.70088
2024-04-28 07:00:00+00:00,21.713749999999997,18.001322
2024-04-28 08:00:00+00:00,24.1775,30.320896
2024-04-28 09:00:00+00:00,30.008541666666666,33.65493
2024-04-28 10:00:00+00:00,35.83958333333334,35.633575
2024-04-28 11:00:00+00:00,41.670625,37.273293
2024-04-28 12:00:00+00:00,47.501666666666665,37.934517
2024-04-28 13:00:00+00:00,39.527812499999996,33.28302
2024-04-28 14:00:00+00:00,31.553958333333334,28.632898
2024-04-28 15:00:00+00:00,23.580104166666665,23.186554
2024-04-28 16:00:00+00:00,15.60625,19.068157
2024-04-28 17:00:00+00:00,16.018124999999998,19.097185
2024-04-28 18:00:00+00:00,16.43,19.836021
2024-04-28 19:00:00+00:00,16.841875,20.866154
2024-04-28 20:00:00+00:00,17.25375,21.404728
2024-04-28 21:00:00+00:00,17.091562500000002,20.809216
2024-04-28 22:00:00+00:00,16.929375,20.199368
2024-04-28 23:00:00+00:00,16.7671875,18.396145
2024-04-29 00:00:00+00:00,16.605,17.283806
2024-04-29 01:00:00+00:00,17.1825,19.200098
2024-04-29 02:00:00+00:00,17.759999999999998,20.440525
2024-04-29 03:00:00+00:00,18.3375,21.39946
2024-04-29 04:00:00+00:00,18.915,21.340899
2024-04-29 05:00:00+00:00,19.15,16.103668
2024-04-29 06:00:00+00:00,19.384999999999998,12.248287
2024-04-29 07:00:00+00:00,18.099375,19.86609
2024-04-29 08:00:00+00:00,16.81375,27.738377
2024-04-29 09:00:00+00:00,18.4765625,29.021343
2024-04-29 10:00:00+00:00,20.139375,28.206175
2024-04-29 11:00:00+00:00,21.8021875,24.749653
2024-04-29 12:00:00+00:00,23.465,22.41719
2024-04-29 13:00:00+00:00,23.1234375,22.92869
2024-04-29 14:00:00+00:00,22.781875,24.733654
2024-04-29 15:00:00+00:00,22.440312499999997,25.413055
2024-04-29 16:00:00+00:00,22.09875,25.019875
2024-04-29 17:00:00+00:00,19.98375,24.074112
2024-04-29 18:00:00+00:00,17.86875,21.93495
2024-04-29 19:00:00+00:00,15.75375,20.224497
2024-04-29 20:00:00+00:00,13.63875,19.036444
2024-04-29 21:00:00+00:00,13.3321875,16.783144
2024-04-29 22:00:00+00:00,13.025625,15.47942
2024-04-29 23:00:00+00:00,12.7190625,14.37413
2024-04-30 00:00:00+00:00,12.4125,13.977659
2024-04-30 01:00:00+00:00,13.0725,13.618605
2024-04-30 02:00:00+00:00,13.7325,13.997723
2024-04-30 03:00:00+00:00,14.3925,15.130741
2024-04-30 04:00:00+00:00,15.0525,16.412554
2024-04-30 05:00:00+00:00,10.10875,17.510756
2024-04-30 06:00:00+00:00,5.165,18.765781
2024-04-30 07:00:00+00:00,12.664375,18.372972
2024-04-30 08:00:00+00:00,20.16375,17.587791
2024-04-30 09:00:00+00:00,24.19322916666667,19.12145
2024-04-30 10:00:00+00:00,28.222708333333333,21.362803
2024-04-30 11:00:00+00:00,32.2521875,25.585405
2024-04-30 12:00:00+00:00,36.281666666666666,30.05376
2024-04-30 13:00:00+00:00,29.5875,26.422138
2024-04-30 14:00:00+00:00,22.893333333333334,22.847092
2024-04-30 15:00:00+00:00,16.19916666666667,18.267313
2024-04-30 16:00:00+00:00,9.505,13.309017
2024-04-30 17:00:00+00:00,10.782187500000001,13.374897
2024-04-30 18:00:00+00:00,12.059375,13.853434
2024-04-30 19:00:00+00:00,13.3365625,14.456215
2024-04-30 20:00:00+00:00,14.61375,15.155423
2024-04-30 21:00:00+00:00,16.2359375,16.613949
2024-04-30 22:00:00+00:00,17.858125,18.48242
2024-04-30 23:00:00+00:00,19.4803125,19.152216
2024-05-01 00:00:00+00:00,21.1025,19.53135
2024-05-01 01:00:00+00:00,18.18375,18.789238
2024-05-01 02:00:00+00:00,15.265,17.294449
2024-05-01 03:00:00+00:00,12.346250000000001,16.045559
2024-05-01 04:00:00+00:00,9.4275,14.7548275
2024-05-01 05:00:00+00:00,8.94875,10.25126
2024-05-01 06:00:00+00:00,8.47,6.0774794
2024-05-01 07:00:00+00:00,15.693124999999998,11.453654
2024-05-01 08:00:00+00:00,22.916249999999998,16.773113
2024-05-01 09:00:00+00:00,21.649687499999995,17.493893
2024-05-01 10:00:00+00:00,20.383125,18.700706
2024-05-01 11:00:00+00:00,19.116562499999997,18.4256
2024-05-01 12:00:00+00:00,17.849999999999998,18.66913
2024-05-01 13:00:00+00:00,16.534687499999997,19.861427
2024-05-01 14:00:00+00:00,15.219375,20.801487
2024-05-01 15:00:00+00:00,13.9040625,19.065022
2024-05-01 16:00:00+00:00,12.588750000000001,16.685276
2024-05-01 17:00:00+00:00,13.525000000000002,15.766115
2024-05-01 18:00:00+00:00,14.461250000000001,15.146694
2024-05-01 19:00:00+00:00,15.3975,14.051474
2024-05-01 20:00:00+00:00,16.333750000000002,14.118298
2024-05-01 21:00:00+00:00,17.785312500000003,15.968921
2024-05-01 22:00:00+00:00,19.236875,17.86151
2024-05-01 23:00:00+00:00,20.688437500000003,19.55138
2024-05-02 00:00:00+00:00,22.14,20.69237
2024-05-02 01:00:00+00:00,21.5553125,20.140049
2024-05-02 02:00:00+00:00,20.970625,19.222479
2024-05-02 03:00:00+00:00,20.3859375,18.60383
2024-05-02 04:00:00+00:00,19.80125,18.597704
2024-05-02 05:00:00+00:00,18.263125000000002,16.25686
2024-05-02 06:00:00+00:00,16.725,14.307905
2024-05-02 07:00:00+00:00,19.85875,21.971565
2024-05-02 08:00:00+00:00,22.9925,29.399704
2024-05-02 09:00:00+00:00,23.49395833333333,27.963139
2024-05-02 10:00:00+00:00,23.995416666666667,25.495966
2024-05-02 11:00:00+00:00,24.496875000000003,23.186935
2024-05-02 12:00:00+00:00,24.99833333333333,21.546274
2024-05-02 13:00:00+00:00,24.747812500000002,22.336536
2024-05-02 14:00:00+00:00,24.49729166666667,23.124287
2024-05-02 15:00:00+00:00,24.246770833333333,25.123634
2024-05-02 16:00:00+00:00,23.99625,26.14449
2024-05-02 17:00:00+00:00,21.062499999999996,22.37582
2024-05-02 18:00:00+00:00,18.12875,19.279795
2024-05-02 19:00:00+00:00,15.195,17.638313
2024-05-02 20:00:00+00:00,12.26125,15.687138
2024-05-02 21:00:00+00:00,12.3928125,16.483524
2024-05-02 22:00:00+00:00,12.524374999999997,17.628555
2024-05-02 23:00:00+00:00,12.6559375,17.636095
2024-05-03 00:00:00+00:00,12.7875,18.637981
2024-05-03 01:00:00+00:00,14.807812499999999,17.4936
2024-05-03 02:00:00+00:00,16.828125,17.30075
2024-05-03 03:00:00+00:00,18.8484375,17.441805
2024-05-03 04:00:00+00:00,20.86875,17.6764
2024-05-03 05:00:00+00:00,20.119374999999998,16.852913
2024-05-03 06:00:00+00:00,19.37,15.841296
2024-05-03 07:00:00+00:00,20.98375,18.600183
2024-05-03 08:00:00+00:00,22.597500000000004,21.733208
2024-05-03 09:00:00+00:00,21.145625000000003,21.548315
2024-05-03 10:00:00+00:00,19.693749999999998,21.749027
2024-05-03 11:00:00+00:00,18.241875,21.339302
2024-05-03 12:00:00+00:00,16.790000000000003,19.949091
2024-05-03 13:00:00+00:00,16.633750000000003,20.03115
2024-05-03 14:00:00+00:00,16.4775,19.531752
2024-05-03 15:00:00+00:00,16.32125,18.74385
2024-05-03 16:00:00+00:00,16.165,18.476652
2024-05-03 17:00:00+00:00,16.564375,18.08798
2024-05-03 18:00:00+00:00,16.963749999999997,17.994123
2024-05-03 19:00:00+00:00,17.363125,17.848896
2024-05-03 20:00:00+00:00,17.7625,17.096508
2024-05-03 21:00:00+00:00,16.1996875,15.621729
2024-05-03 22:00:00+00:00,14.636875,14.583912
2024-05-03 23:00:00+00:00,13.0740625,13.571297
2024-05-04 00:00:00+00:00,11.51125,12.351383
2024-05-04 01:00:00+00:00,13.0396875,13.110302
2024-05-04 02:00:00+00:00,14.568125,13.322329
2024-05-04 03:00:00+00:00,16.0965625,13.803645
2024-05-04 04:00:00+00:00,17.625,14.353726
2024-05-04 05:00:00+00:00,14.097499999999998,14.397974
2024-05-04 06:00:00+00:00,10.57,14.408846
2024-05-04 07:00:00+00:00,12.199375,12.5969715
2024-05-04 08:00:00+00:00,13.82875,10.063839
2024-05-04 09:00:00+00:00,16.2240625,10.157152
2024-05-04 10:00:00+00:00,18.619374999999998,11.930965
2024-05-04 11:00:00+00:00,21.0146875,14.805181
2024-05-04 12:00:00+00:00,23.41,17.415108
2024-05-04 13:00:00+00:00,22.2690625,19.605154
2024-05-04 14:00:00+00:00,21.128125,21.337599
2024-05-04 15:00:00+00:00,19.9871875,21.23106
2024-05-04 16:00:00+00:00,18.84625,20.415405
2024-05-04 17:00:00+00:00,16.414375,18.072363
2024-05-04 18:00:00+00:00,13.982500000000002,16.057001
2024-05-04 19:00:00+00:00,11.550625,14.1971035
2024-05-04 20:00:00+00:00,9.11875,11.918539
2024-05-04 21:00:00+00:00,9.866875,11.502039
2024-05-04 22:00:00+00:00,10.615,11.3275385
2024-05-04 23:00:00+00:00,11.363125,11.981544
2024-05-05 00:00:00+00:00,12.11125,13.223314
2024-05-05 01:00:00+00:00,14.899375,16.352463
2024-05-05 02:00:00+00:00,17.687499999999996,19.591076
2024-05-05 03:00:00+00:00,20.475625,22.41072
2024-05-05 04:00:00+00:00,23.263749999999998,24.542843
2024-05-05 05:00:00+00:00,21.026874999999997,18.720028
2024-05-05 06:00:00+00:00,18.79,13.723045
2024-05-05 07:00:00+00:00,13.504999999999997,15.042749
2024-05-05 08:00:00+00:00,8.22,16.49146
2024-05-05 09:00:00+00:00,12.070416666666667,17.920605
2024-05-05 10:00:00+00:00,15.920833333333334,19.88118
2024-05-05 11:00:00+00:00,19.771250000000002,23.448818
2024-05-05 12:00:00+00:00,23.621666666666666,25.774172
2024-05-05 13:00:00+00:00,20.663437500000004,22.430525
2024-05-05 14:00:00+00:00,17.70520833333333,19.125618
2024-05-05 15:00:00+00:00,14.746979166666666,16.41996
2024-05-05 16:00:00+00:00,11.78875,14.0994625
2024-05-05 17:00:00+00:00,11.5528125,13.599143
2024-05-05 18:00:00+00:00,11.316875,12.916478
2024-05-05 19:00:00+00:00,11.0809375,12.081446
2024-05-05 20:00:00+00:00,10.844999999999999,11.471226
2024-05-05 21:00:00+00:00,11.802187499999999,12.078154
2024-05-05 22:00:00+00:00,12.759374999999999,13.172043
2024-05-05 23:00:00+00:00,13.7165625,13.683666
2024-05-06 00:00:00+00:00,14.673749999999998,13.847107
2024-05-06 01:00:00+00:00,16.6890625,16.106812
2024-05-06 02:00:00+00:00,18.704375,17.959408
2024-05-06 03:00:00+00:00,20.7196875,21.214886
2024-05-06 04:00:00+00:00,22.735,23.752031
2024-05-06 05:00:00+00:00,15.122499999999997,20.217255
2024-05-06 06:00:00+00:00,7.51,17.071152
2024-05-06 07:00:00+00:00,16.294375000000002,18.490456
2024-05-06 08:00:00+00:00,25.07875,19.717806
2024-05-06 09:00:00+00:00,23.2840625,21.727644
2024-05-06 10:00:00+00:00,21.489375000000003,23.119884
2024-05-06 11:00:00+00:00,19.6946875,24.248356
2024-05-06 12:00:00+00:00,17.900000000000002,25.206028
2024-05-06 13:00:00+00:00,18.900625,22.426815
2024-05-06 14:00:00+00:00,19.90125,20.251068
2024-05-06 15:00:00+00:00,20.901875,18.992012
2024-05-06 16:00:00+00:00,21.9025,17.405773
2024-05-06 17:00:00+00:00,20.9196875,16.935358
2024-05-06 18:00:00+00:00,19.936875,16.296186
2024-05-06 19:00:00+00:00,18.9540625,17.039915
2024-05-06 20:00:00+00:00,17.971249999999998,18.028656
2024-05-06 21:00:00+00:00,16.956562499999997,16.86672
2024-05-06 22:00:00+00:00,15.941875,15.450911
2024-05-06 23:00:00+00:00,14.927187499999999,14.015488
2024-05-07 00:00:00+00:00,13.9125,12.714281
2024-05-07 01:00:00+00:00,14.415625,13.468759
2024-05-07 02:00:00+00:00,14.918749999999998,13.134584
2024-05-07 03:00:00+00:00,15.421875,13.761061
2024-05-07 04:00:00+00:00,15.925,14.407181
2024-05-07 05:00:00+00:00,14.095,10.357487
2024-05-07 06:00:00+00:00,12.265,6.2467413
2024-05-07 07:00:00+00:00,20.861875,15.041743
2024-05-07 08:00:00+00:00,29.45875,23.72606
2024-05-07 09:00:00+00:00,26.657395833333332,23.434391
2024-05-07 10:00:00+00:00,23.856041666666666,22.439194
2024-05-07 11:00:00+00:00,21.0546875,20.629349
2024-05-07 12:00:00+00:00,18.253333333333334,18.974798
2024-05-07 13:00:00+00:00,17.04,18.326456
2024-05-07 14:00:00+00:00,15.826666666666666,17.336002
2024-05-07 15:00:00+00:00,14.613333333333335,15.617438
2024-05-07 16:00:00+00:00,13.4,14.641647
2024-05-07 17:00:00+00:00,13.190625,14.66485
2024-05-07 18:00:00+00:00,12.98125,14.667507
2024-05-07 19:00:00+00:00,12.771875,14.090434
2024-05-07 20:00:00+00:00,12.5625,13.611832
2024-05-07 21:00:00+00:00,13.9978125,14.058553
2024-05-07 22:00:00+00:00,15.433125,15.321843
2024-05-07 23:00:00+00:00,16.8684375,18.339458
2024-05-08 00:00:00+00:00,18.30375,21.00671
2024-05-08 01:00:00+00:00,18.163125,18.506336
2024-05-08 02:00:00+00:00,18.0225,16.41045
2024-05-08 03:00:00+00:00,17.881874999999997,14.783459
2024-05-08 04:00:00+00:00,17.74125,13.439806
2024-05-08 05:00:00+00:00,12.890624999999998,12.414967
2024-05-08 06:00:00+00:00,8.04,11.47164
2024-05-08 07:00:00+00:00,16.58375,15.535883
2024-05-08 08:00:00+00:00,25.127499999999998,20.066193
2024-05-08 09:00:00+00:00,21.849791666666665,19.499107
2024-05-08 10:00:00+00:00,18.57208333333333,18.581537
2024-05-08 11:00:00+00:00,15.294374999999999,17.07374
2024-05-08 12:00:00+00:00,12.016666666666666,15.283001
2024-05-08 13:00:00+00:00,14.059687499999999,15.115849
2024-05-08 14:00:00+00:00,16.102708333333332,15.439113
2024-05-08 15:00:00+00:00,18.145729166666666,16.33115
2024-05-08 16:00:00+00:00,20.18875,17.215033
2024-05-08 17:00:00+00:00,19.226875,17.064716
2024-05-08 18:00:00+00:00,18.265,16.798416
2024-05-08 19:00:00+00:00,17.303125,16.873596
2024-05-08 20:00:00+00:00,16.341250000000002,16.694527
2024-05-08 21:00:00+00:00,14.650625000000002,15.34052
2024-05-08 22:00:00+00:00,12.96,13.400137
2024-05-08 23:00:00+00:00,11.269375,10.603571
2024-05-09 00:00:00+00:00,9.57875,8.632123
2024-05-09 01:00:00+00:00,11.1825,10.468336
2024-05-09 02:00:00+00:00,12.786249999999999,12.139288
2024-05-09 03:00:00+00:00,14.39,14.567739
2024-05-09 04:00:00+00:00,15.99375,17.122084
2024-05-09 05:00:00+00:00,16.366875,13.849834
2024-05-09 06:00:00+00:00,16.740000000000002,9.935286
2024-05-09 07:00:00+00:00,20.201875,18.278992
2024-05-09 08:00:00+00:00,23.66375,28.1683
2024-05-09 09:00:00+00:00,19.6678125,25.938715
2024-05-09 10:00:00+00:00,15.671875,22.113815
2024-05-09 11:00:00+00:00,11.675937499999998,18.320965
2024-05-09 12:00:00+00:00,7.68,14.533968
2024-05-09 13:00:00+00:00,9.4753125,15.32737
2024-05-09 14:00:00+00:00,11.270624999999999,16.395588
2024-05-09 15:00:00+00:00,13.0659375,17.515392
2024-05-09 16:00:00+00:00,14.86125,18.54584
2024-05-09 17:00:00+00:00,13.5840625,17.128119
2024-05-09 18:00:00+00:00,12.306875,15.130527
2024-05-09 19:00:00+00:00,11.029687500000001,12.858386
2024-05-09 20:00:00+00:00,9.7525,10.681986
2024-05-09 21:00:00+00:00,10.0775,10.138368
2024-05-09 22:00:00+00:00,10.4025,10.001045
2024-05-09 23:00:00+00:00,10.7275,9.7723675
2024-05-10 00:00:00+00:00,11.0525,10.063961
2024-05-10 01:00:00+00:00,13.434375,12.633069
2024-05-10 02:00:00+00:00,15.81625,15.010765
2024-05-10 03:00:00+00:00,18.198124999999997,17.31497
2024-05-10 04:00:00+00:00,20.58,19.462488
2024-05-10 05:00:00+00:00,15.834999999999999,18.024109
2024-05-10 06:00:00+00:00,11.09,17.006937
2024-05-10 07:00:00+00:00,15.953750000000001,19.69493
2024-05-10 08:00:00+00:00,20.8175,21.30025
2024-05-10 09:00:00+00:00,21.76020833333333,19.9805
2024-05-10 10:00:00+00:00,22.702916666666667,17.795088
2024-05-10 11:00:00+00:00,23.645625000000006,17.680721
2024-05-10 12:00:00+00:00,24.588333333333335,17.82248
2024-05-10 13:00:00+00:00,21.8075,16.405806
2024-05-10 14:00:00+00:00,19.026666666666667,15.609168
2024-05-10 15:00:00+00:00,16.245833333333334,14.412857
2024-05-10 16:00:00+00:00,13.465,13.200326
2024-05-10 17:00:00+00:00,15.36375,14.140464
2024-05-10 18:00:00+00:00,17.262500000000003,14.914081
2024-05-10 19:00:00+00:00,19.161250000000003,15.621241
2024-05-10 20:00:00+00:00,21.060000000000002,16.879477
2024-05-10 21:00:00+00:00,19.713125,17.118008
2024-05-10 22:00:00+00:00,18.36625,17.36639
2024-05-10 23:00:00+00:00,17.019375,17.255983
2024-05-11 00:00:00+00:00,15.6725,16.993528
2024-05-11 01:00:00+00:00,16.9203125,16.686104
2024-05-11 02:00:00+00:00,18.168124999999996,16.930967
2024-05-11 03:00:00+00:00,19.4159375,17.791014
2024-05-11 04:00:00+00:00,20.66375,18.413382
2024-05-11 05:00:00+00:00,22.681874999999998,12.318222
2024-05-11 06:00:00+00:00,24.7,5.7442427
2024-05-11 07:00:00+00:00,23.8275,11.524923
2024-05-11 08:00:00+00:00,22.955,17.247084
2024-05-11 09:00:00+00:00,23.839583333333334,19.436342
2024-05-11 10:00:00+00:00,24.72416666666667,21.90162
2024-05-11 11:00:00+00:00,25.60875,24.214249
2024-05-11 12:00:00+00:00,26.493333333333336,26.442715
2024-05-11 13:00:00+00:00,23.372187500000003,23.429264
2024-05-11 14:00:00+00:00,20.251041666666666,20.445997
2024-05-11 15:00:00+00:00,17.129895833333332,17.59415
2024-05-11 16:00:00+00:00,14.00875,14.513609
2024-05-11 17:00:00+00:00,13.9009375,14.304707
2024-05-11 18:00:00+00:00,13.793125,14.032732
2024-05-11 19:00:00+00:00,13.685312500000002,13.943876
2024-05-11 20:00:00+00:00,13.5775,13.664396
2024-05-11 21:00:00+00:00,13.3434375,13.054266
2024-05-11 22:00:00+00:00,13.109375,12.605756
2024-05-11 23:00:00+00:00,12.8753125,12.122072
2024-05-12 00:00:00+00:00,12.64125,12.587461
2024-05-12 01:00:00+00:00,14.629999999999999,15.77547
2024-05-12 02:00:00+00:00,16.61875,18.99699
2024-05-12 03:00:00+00:00,18.6075,24.502268
2024-05-12 04:00:00+00:00,20.59625,31.079763
2024-05-12 05:00:00+00:00,16.963124999999998,34.51117
2024-05-12 06:00:00+00:00,13.33,34.656868
2024-05-12 07:00:00+00:00,16.679375,29.74409
2024-05-12 08:00:00+00:00,20.028750000000002,24.496323
2024-05-12 09:00:00+00:00,20.447395833333335,21.91275
2024-05-12 10:00:00+00:00,20.866041666666668,20.578968
2024-05-12 11:00:00+00:00,21.2846875,21.654125
2024-05-12 12:00:00+00:00,21.703333333333333,22.748686
2024-05-12 13:00:00+00:00,18.0903125,20.135954
2024-05-12 14:00:00+00:00,14.477291666666666,17.955536
2024-05-12 15:00:00+00:00,10.864270833333332,15.437248
2024-05-12 16:00:00+00:00,7.25125,12.1836815
2024-05-12 17:00:00+00:00,10.449375,13.222462
2024-05-12 18:00:00+00:00,13.6475,14.754969
2024-05-12 19:00:00+00:00,16.845625,16.142742
2024-05-12 20:00:00+00:00,20.043750000000003,17.96107
2024-05-12 21:00:00+00:00,19.2784375,18.227716
2024-05-12 22:00:00+00:00,18.513125000000002,18.045256
2024-05-12 23:00:00+00:00,17.747812500000002,17.91397
2024-05-13 00:00:00+00:00,16.9825,17.079704
2024-05-13 01:00:00+00:00,16.216875,15.366619
2024-05-13 02:00:00+00:00,15.451250000000002,14.13954
2024-05-13 03:00:00+00:00,14.685625,11.605885
2024-05-13 04:00:00+00:00,13.92,8.602015
2024-05-13 05:00:00+00:00,19.45,4.7859116
2024-05-13 06:00:00+00:00,24.98,2.4644327
2024-05-13 07:00:00+00:00,21.110625,11.6082325
2024-05-13 08:00:00+00:00,17.24125,21.147942
2024-05-13 09:00:00+00:00,17.28635416666667,23.525486
2024-05-13 10:00:00+00:00,17.331458333333334,23.715887
2024-05-13 11:00:00+00:00,17.3765625,22.291134
2024-05-13 12:00:00+00:00,17.421666666666667,21.116108
2024-05-13 13:00:00+00:00,14.8571875,16.825512
2024-05-13 14:00:00+00:00,12.292708333333334,13.005995
2024-05-13 15:00:00+00:00,9.728229166666667,9.889223
2024-05-13 16:00:00+00:00,7.16375,7.298664
2024-05-13 17:00:00+00:00,8.498750000000001,9.410988
2024-05-13 18:00:00+00:00,9.83375,12.012693
2024-05-13 19:00:00+00:00,11.16875,13.894718
2024-05-13 20:00:00+00:00,12.50375,15.392812
2024-05-13 21:00:00+00:00,12.340937499999999,14.6339
2024-05-13 22:00:00+00:00,12.178125,13.612284
2024-05-13 23:00:00+00:00,12.0153125,12.273765
2024-05-14 00:00:00+00:00,11.852499999999997,10.858194
2024-05-14 01:00:00+00:00,12.399687499999999,11.03743
2024-05-14 02:00:00+00:00,12.946874999999999,11.240676
2024-05-14 03:00:00+00:00,13.494062499999998,12.158597
2024-05-14 04:00:00+00:00,14.04125,13.729008
2024-05-14 05:00:00+00:00,22.730625000000003,16.867245
2024-05-14 06:00:00+00:00,31.42,19.978735
2024-05-14 07:00:00+00:00,31.016875,21.607096
2024-05-14 08:00:00+00:00,30.61375,21.42398
2024-05-14 09:00:00+00:00,27.9890625,19.344265
2024-05-14 10:00:00+00:00,25.364375000000003,17.792145
2024-05-14 11:00:00+00:00,22.7396875,17.858498
2024-05-14 12:00:00+00:00,20.115,18.361067
2024-05-14 13:00:00+00:00,20.565624999999997,18.88646
2024-05-14 14:00:00+00:00,21.01625,19.191673
2024-05-14 15:00:00+00:00,21.466875,17.975513
2024-05-14 16:00:00+00:00,21.9175,16.629316
2024-05-14 17:00:00+00:00,19.4234375,15.824867
2024-05-14 18:00:00+00:00,16.929375,15.356118
2024-05-14 19:00:00+00:00,14.4353125,14.177385
2024-05-14 20:00:00+00:00,11.94125,12.973361
2024-05-14 21:00:00+00:00,15.1515625,14.498085
2024-05-14 22:00:00+00:00,18.361874999999998,16.128536
2024-05-14 23:00:00+00:00,21.5721875,16.982214
2024-05-15 00:00:00+00:00,24.7825,17.961452
2024-05-15 01:00:00+00:00,23.4678125,17.24204
2024-05-15 02:00:00+00:00,22.153125,17.234581
2024-05-15 03:00:00+00:00,20.838437499999998,17.361006
2024-05-15 04:00:00+00:00,19.52375,17.806728
2024-05-15 05:00:00+00:00,12.936875,21.51294
2024-05-15 06:00:00+00:00,6.35,26.574041
2024-05-15 07:00:00+00:00,17.268749999999997,31.673115
2024-05-15 08:00:00+00:00,28.1875,34.492188
2024-05-15 09:00:00+00:00,24.972291666666667,33.056824
2024-05-15 10:00:00+00:00,21.757083333333338,30.603088
2024-05-15 11:00:00+00:00,18.541875,25.826574
2024-05-15 12:00:00+00:00,15.326666666666666,21.839064
2024-05-15 13:00:00+00:00,16.774375,21.802467
2024-05-15 14:00:00+00:00,18.222083333333334,22.614998
2024-05-15 15:00:00+00:00,19.66979166666667,23.478817
2024-05-15 16:00:00+00:00,21.1175,23.29867
2024-05-15 17:00:00+00:00,18.915625,20.94531
2024-05-15 18:00:00+00:00,16.713749999999997,18.570032
2024-05-15 19:00:00+00:00,14.511875,16.206902
2024-05-15 20:00:00+00:00,12.309999999999999,13.753874
2024-05-15 21:00:00+00:00,13.2853125,13.729103
2024-05-15 22:00:00+00:00,14.260625,13.661694
2024-05-15 23:00:00+00:00,15.235937499999999,12.903057
2024-05-16 00:00:00+00:00,16.21125,12.744791
2024-05-16 01:00:00+00:00,16.427500000000002,12.993773
2024-05-16 02:00:00+00:00,16.64375,13.403408
2024-05-16 03:00:00+00:00,16.86,13.483561
2024-05-16 04:00:00+00:00,17.07625,14.424889
2024-05-16 05:00:00+00:00,15.525625000000002,14.543972
2024-05-16 06:00:00+00:00,13.975,14.650732
2024-05-16 07:00:00+00:00,17.9225,21.404749
2024-05-16 08:00:00+00:00,21.87,26.624054
2024-05-16 09:00:00+00:00,20.830000000000002,24.381872
2024-05-16 10:00:00+00:00,19.79,21.896492
2024-05-16 11:00:00+00:00,18.75,20.42215
2024-05-16 12:00:00+00:00,17.71,20.292149
2024-05-16 13:00:00+00:00,17.196875000000002,19.544561
2024-05-16 14:00:00+00:00,16.68375,18.680073
2024-05-16 15:00:00+00:00,16.170625,17.990398
2024-05-16 16:00:00+00:00,15.6575,16.675278
2024-05-16 17:00:00+00:00,13.260625000000001,13.967685
2024-05-16 18:00:00+00:00,10.86375,11.366924
2024-05-16 19:00:00+00:00,8.466874999999998,9.371141
2024-05-16 20:00:00+00:00,6.069999999999999,8.250586
2024-05-16 21:00:00+00:00,9.818749999999998,10.930689
2024-05-16 22:00:00+00:00,13.567499999999999,14.00078
2024-05-16 23:00:00+00:00,17.316249999999997,17.00863
2024-05-17 00:00:00+00:00,21.064999999999998,20.34555
2024-05-17 01:00:00+00:00,21.5471875,20.691675
2024-05-17 02:00:00+00:00,22.029374999999998,19.968681
2024-05-17 03:00:00+00:00,22.511562499999997,18.770979
2024-05-17 04:00:00+00:00,22.99375,18.250813
2024-05-17 05:00:00+00:00,25.886875,16.230562
2024-05-17 06:00:00+00:00,28.78,13.306528
2024-05-17 07:00:00+00:00,25.221875,17.0808
2024-05-17 08:00:00+00:00,21.66375,20.798637
2024-05-17 09:00:00+00:00,19.6328125,21.534925
2024-05-17 10:00:00+00:00,17.601875,21.619722
2024-05-17 11:00:00+00:00,15.570937500000001,19.727556
2024-05-17 12:00:00+00:00,13.540000000000001,17.569057
2024-05-17 13:00:00+00:00,13.949375,15.230148
2024-05-17 14:00:00+00:00,14.358750000000002,13.443005
2024-05-17 15:00:00+00:00,14.768125000000001,12.690464
2024-05-17 16:00:00+00:00,15.1775,12.726739
2024-05-17 17:00:00+00:00,13.2759375,12.761738
2024-05-17 18:00:00+00:00,11.374375,12.434337
2024-05-17 19:00:00+00:00,9.4728125,11.712886
2024-05-17 20:00:00+00:00,7.57125,10.284074
2024-05-17 21:00:00+00:00,8.3746875,11.512941
2024-05-17 22:00:00+00:00,9.178125000000001,13.385094
2024-05-17 23:00:00+00:00,9.981562499999999,14.587361
2024-05-18 00:00:00+00:00,10.785,15.608197
2024-05-18 01:00:00+00:00,14.9590625,14.453157
2024-05-18 02:00:00+00:00,19.133125,14.557225
2024-05-18 03:00:00+00:00,23.307187499999998,15.230442
2024-05-18 04:00:00+00:00,27.48125,16.275738
2024-05-18 05:00:00+00:00,19.913124999999997,15.943242
2024-05-18 06:00:00+00:00,12.344999999999999,15.497479
2024-05-18 07:00:00+00:00,19.237499999999997,17.572659
2024-05-18 08:00:00+00:00,26.13,18.560509
2024-05-18 09:00:00+00:00,26.113333333333333,20.177391
2024-05-18 10:00:00+00:00,26.096666666666664,21.79444
2024-05-18 11:00:00+00:00,26.08,22.243671
2024-05-18 12:00:00+00:00,26.063333333333333,22.316057
2024-05-18 13:00:00+00:00,22.3765625,19.956398
2024-05-18 14:00:00+00:00,18.689791666666665,17.932465
2024-05-18 15:00:00+00:00,15.003020833333334,17.360363
2024-05-18 16:00:00+00:00,11.31625,16.742413
2024-05-18 17:00:00+00:00,13.40625,16.462893
2024-05-18 18:00:00+00:00,15.49625,16.531776
2024-05-18 19:00:00+00:00,17.58625,16.97497
2024-05-18 20:00:00+00:00,19.67625,17.911995
2024-05-18 21:00:00+00:00,17.744999999999997,17.02098
2024-05-18 22:00:00+00:00,15.813749999999999,15.170893
2024-05-18 23:00:00+00:00,13.8825,12.804926
2024-05-19 00:00:00+00:00,11.95125,11.323745
2024-05-19 01:00:00+00:00,26.943125000000002,15.759024
2024-05-19 02:00:00+00:00,41.93500000000001,20.99859
2024-05-19 03:00:00+00:00,56.926875,27.366755
2024-05-19 04:00:00+00:00,71.91875,33.915543
2024-05-19 05:00:00+00:00,39.994375000000005,27.868744
2024-05-19 06:00:00+00:00,8.07,20.267534
2024-05-19 07:00:00+00:00,15.389375,21.326174
2024-05-19 08:00:00+00:00,22.70875,21.599297
2024-05-19 09:00:00+00:00,21.5778125,22.518164
2024-05-19 10:00:00+00:00,20.446875,23.426016
2024-05-19 11:00:00+00:00,19.315937499999997,25.077776
2024-05-19 12:00:00+00:00,18.185,26.88518
2024-05-19 13:00:00+00:00,16.4075,23.082619
2024-05-19 14:00:00+00:00,14.629999999999999,19.81126
2024-05-19 15:00:00+00:00,12.852500000000001,15.770959
2024-05-19 16:00:00+00:00,11.075,11.15703
2024-05-19 17:00:00+00:00,13.555625,13.55705
2024-05-19 18:00:00+00:00,16.03625,15.982474
2024-05-19 19:00:00+00:00,18.516875,17.003614
2024-05-19 20:00:00+00:00,20.9975,18.153326
2024-05-19 21:00:00+00:00,19.125312500000003,16.38537
2024-05-19 22:00:00+00:00,17.253124999999997,14.495875
2024-05-19 23:00:00+00:00,15.380937499999998,13.519978
2024-05-20 00:00:00+00:00,13.50875,12.209987
2024-05-20 01:00:00+00:00,16.6834375,15.078735
2024-05-20 02:00:00+00:00,19.858125,16.749855
2024-05-20 03:00:00+00:00,23.0328125,18.627329
2024-05-20 04:00:00+00:00,26.2075,22.83169
2024-05-20 05:00:00+00:00,16.26375,17.43142
2024-05-20 06:00:00+00:00,6.32,10.089593
2024-05-20 07:00:00+00:00,15.393125,16.058933
2024-05-20 08:00:00+00:00,24.46625,21.83088
2024-05-20 09:00:00+00:00,22.765104166666667,21.064917
2024-05-20 10:00:00+00:00,21.063958333333332,19.74788
2024-05-20 11:00:00+00:00,19.362812499999997,18.821493
2024-05-20 12:00:00+00:00,17.66166666666666,17.75681
2024-05-20 13:00:00+00:00,16.3171875,16.292894
2024-05-20 14:00:00+00:00,14.972708333333333,15.615163
2024-05-20 15:00:00+00:00,13.628229166666667,14.927008
2024-05-20 16:00:00+00:00,12.283750000000001,14.575264
2024-05-20 17:00:00+00:00,12.4584375,15.117068
2024-05-20 18:00:00+00:00,12.633125,15.557796
2024-05-20 19:00:00+00:00,12.8078125,15.627304
2024-05-20 20:00:00+00:00,12.9825,15.28001
2024-05-20 21:00:00+00:00,11.2421875,13.555044
2024-05-20 22:00:00+00:00,9.501875,12.35401
2024-05-20 23:00:00+00:00,7.7615625,10.630756
2024-05-21 00:00:00+00:00,6.02125,8.904962
2024-05-21 01:00:00+00:00,11.019375,12.23395
2024-05-21 02:00:00+00:00,16.0175,17.405039
2024-05-21 03:00:00+00:00,21.015625,28.742474
2024-05-21 04:00:00+00:00,26.01375,38.215195
2024-05-21 05:00:00+00:00,16.269375,27.069017
2024-05-21 06:00:00+00:00,6.5249999999999995,15.767512
2024-05-21 07:00:00+00:00,20.976875000000003,23.755539
2024-05-21 08:00:00+00:00,35.42875,32.589787
2024-05-21 09:00:00+00:00,30.813645833333332,32.043587
2024-05-21 10:00:00+00:00,26.198541666666664,29.496151
2024-05-21 11:00:00+00:00,21.583437500000002,25.054895
2024-05-21 12:00:00+00:00,16.968333333333334,20.577309
2024-05-21 13:00:00+00:00,15.768125000000001,17.01368
2024-05-21 14:00:00+00:00,14.567916666666667,14.165753
2024-05-21 15:00:00+00:00,13.367708333333333,12.807299
2024-05-21 16:00:00+00:00,12.1675,11.368523
2024-05-21 17:00:00+00:00,12.9765625,11.547439
2024-05-21 18:00:00+00:00,13.785625,12.034235
2024-05-21 19:00:00+00:00,14.594687500000001,12.466139
2024-05-21 20:00:00+00:00,15.40375,13.213485
2024-05-21 21:00:00+00:00,13.4725,13.10238
2024-05-21 22:00:00+00:00,11.54125,12.451731
2024-05-21 23:00:00+00:00,9.61,12.009663
2024-05-22 00:00:00+00:00,7.67875,11.39533
2024-05-22 01:00:00+00:00,9.014375,11.242645
2024-05-22 02:00:00+00:00,10.35,12.339594
2024-05-22 03:00:00+00:00,11.685625,12.672435
2024-05-22 04:00:00+00:00,13.021249999999998,13.255816
2024-05-22 05:00:00+00:00,16.418125,9.785944
2024-05-22 06:00:00+00:00,19.814999999999998,4.926202
2024-05-22 07:00:00+00:00,30.97625,16.57861
2024-05-22 08:00:00+00:00,42.1375,30.012829
2024-05-22 09:00:00+00:00,35.95854166666667,28.249557
2024-05-22 10:00:00+00:00,29.779583333333335,26.24332
2024-05-22 11:00:00+00:00,23.600624999999997,25.56971
2024-05-22 12:00:00+00:00,17.421666666666663,24.173853
2024-05-22 13:00:00+00:00,17.5790625,23.407154
2024-05-22 14:00:00+00:00,17.73645833333333,22.608358
2024-05-22 15:00:00+00:00,17.893854166666664,21.08271
2024-05-22 16:00:00+00:00,18.05125,19.12413
2024-05-22 17:00:00+00:00,15.894375,17.616102
2024-05-22 18:00:00+00:00,13.7375,16.681253
2024-05-22 19:00:00+00:00,11.580625,14.851299
2024-05-22 20:00:00+00:00,9.42375,12.464331
2024-05-22 21:00:00+00:00,11.1165625,13.451384
2024-05-22 22:00:00+00:00,12.809375,15.155743
2024-05-22 23:00:00+00:00,14.5021875,17.214851
2024-05-23 00:00:00+00:00,16.195,19.067347
2024-05-23 01:00:00+00:00,16.448125,19.229212
2024-05-23 02:00:00+00:00,16.70125,18.47683
2024-05-23 03:00:00+00:00,16.954375,16.857487
2024-05-23 04:00:00+00:00,17.2075,15.506159
2024-05-23 05:00:00+00:00,18.816249999999997,16.482246
2024-05-23 06:00:00+00:00,20.424999999999997,20.245712
2024-05-23 07:00:00+00:00,50.60124999999999,45.99096
2024-05-23 08:00:00+00:00,80.7775,68.83149
2024-05-23 09:00:00+00:00,64.68104166666667,59.497696
2024-05-23 10:00:00+00:00,48.584583333333335,45.015305
2024-05-23 11:00:00+00:00,32.488125,31.28865
2024-05-23 12:00:00+00:00,16.391666666666666,20.721409
2024-05-23 13:00:00+00:00,16.4184375,18.854399
2024-05-23 14:00:00+00:00,16.445208333333333,17.765335
2024-05-23 15:00:00+00:00,16.471979166666667,16.156805
2024-05-23 16:00:00+00:00,16.49875,14.596299
2024-05-23 17:00:00+00:00,14.915625,13.406438
2024-05-23 18:00:00+00:00,13.3325,12.358944
2024-05-23 19:00:00+00:00,11.749375,10.924568
2024-05-23 20:00:00+00:00,10.16625,9.286464
2024-05-23 21:00:00+00:00,13.8340625,12.513205
2024-05-23 22:00:00+00:00,17.501875000000002,15.286528
2024-05-23 23:00:00+00:00,21.1696875,16.472864
2024-05-24 00:00:00+00:00,24.8375,17.564552
2024-05-24 01:00:00+00:00,22.752499999999998,16.598436
2024-05-24 02:00:00+00:00,20.6675,17.550499
2024-05-24 03:00:00+00:00,18.5825,17.89411
2024-05-24 04:00:00+00:00,16.4975,17.885021
2024-05-24 05:00:00+00:00,15.82875,17.516752
2024-05-24 06:00:00+00:00,15.16,17.202837
2024-05-24 07:00:00+00:00,22.03,24.74174
2024-05-24 08:00:00+00:00,28.9,31.890774
2024-05-24 09:00:00+00:00,26.51083333333333,28.962135
2024-05-24 10:00:00+00:00,24.121666666666666,25.997543
2024-05-24 11:00:00+00:00,21.7325,24.409988
2024-05-24 12:00:00+00:00,19.34333333333333,22.766665
2024-05-24 13:00:00+00:00,18.2115625,21.451687
2024-05-24 14:00:00+00:00,17.079791666666665,19.831734
2024-05-24 15:00:00+00:00,15.948020833333334,17.042892
2024-05-24 16:00:00+00:00,14.81625,14.486221
2024-05-24 17:00:00+00:00,13.5121875,13.48449
2024-05-24 18:00:00+00:00,12.208124999999999,12.903482
2024-05-24 19:00:00+00:00,10.9040625,12.238762
2024-05-24 20:00:00+00:00,9.6,11.748106
2024-05-24 21:00:00+00:00,10.255937500000002,12.804209
2024-05-24 22:00:00+00:00,10.911875,14.127314
2024-05-24 23:00:00+00:00,11.567812499999999,13.176282
2024-05-25 00:00:00+00:00,12.22375,12.425821
2024-05-25 01:00:00+00:00,10.8903125,12.692547
2024-05-25 02:00:00+00:00,9.556875000000002,11.328392
2024-05-25 03:00:00+00:00,8.223437500000001,9.618601
2024-05-25 04:00:00+00:00,6.890000000000001,9.023367
2024-05-25 05:00:00+00:00,14.059999999999999,11.398209
2024-05-25 06:00:00+00:00,21.229999999999997,14.167896
2024-05-25 07:00:00+00:00,25.68125,19.847004
2024-05-25 08:00:00+00:00,30.1325,25.574377
2024-05-25 09:00:00+00:00,28.459374999999998,27.30927
2024-05-25 10:00:00+00:00,26.78625,27.892097
2024-05-25 11:00:00+00:00,25.113124999999997,28.406572
2024-05-25 12:00:00+00:00,23.439999999999998,28.85461
2024-05-25 13:00:00+00:00,21.769687499999996,25.418385
2024-05-25 14:00:00+00:00,20.099375,21.835472
2024-05-25 15:00:00+00:00,18.4290625,17.43005
2024-05-25 16:00:00+00:00,16.75875,13.367597
2024-05-25 17:00:00+00:00,15.5084375,12.5852
2024-05-25 18:00:00+00:00,14.258125,11.744099
2024-05-25 19:00:00+00:00,13.0078125,10.699587
2024-05-25 20:00:00+00:00,11.7575,9.6006
2024-05-25 21:00:00+00:00,12.85875,10.220512
2024-05-25 22:00:00+00:00,13.96,11.849239
2024-05-25 23:00:00+00:00,15.061250000000001,12.484158
2024-05-26 00:00:00+00:00,16.1625,13.532835
2024-05-26 01:00:00+00:00,14.280000000000001,12.725421
2024-05-26 02:00:00+00:00,12.3975,11.073531
2024-05-26 03:00:00+00:00,10.515,9.941795
2024-05-26 04:00:00+00:00,8.6325,9.006984
2024-05-26 05:00:00+00:00,9.05375,11.198483
2024-05-26 06:00:00+00:00,9.475000000000001,14.493408
2024-05-26 07:00:00+00:00,13.518125,15.593074
2024-05-26 08:00:00+00:00,17.56125,16.369898
2024-05-26 09:00:00+00:00,22.008020833333333,18.936886
2024-05-26 10:00:00+00:00,26.45479166666667,22.39306
2024-05-26 11:00:00+00:00,30.901562500000004,27.438148
2024-05-26 12:00:00+00:00,35.348333333333336,32.309208
2024-05-26 13:00:00+00:00,31.129375000000003,28.741222
2024-05-26 14:00:00+00:00,26.91041666666667,24.57181
2024-05-26 15:00:00+00:00,22.691458333333333,20.159126
2024-05-26 16:00:00+00:00,18.4725,16.344421
2024-05-26 17:00:00+00:00,17.975,17.04819
2024-05-26 18:00:00+00:00,17.4775,17.449892
2024-05-26 19:00:00+00:00,16.979999999999997,17.173458
2024-05-26 20:00:00+00:00,16.482499999999998,16.850721
2024-05-26 21:00:00+00:00,14.779687499999998,16.083855
2024-05-26 22:00:00+00:00,13.076875,15.872419
2024-05-26 23:00:00+00:00,11.3740625,14.932393
2024-05-27 00:00:00+00:00,9.67125,13.8671465
2024-05-27 01:00:00+00:00,11.270000000000001,12.9167
2024-05-27 02:00:00+00:00,12.86875,13.141636
2024-05-27 03:00:00+00:00,14.467500000000001,13.897683
2024-05-27 04:00:00+00:00,16.06625,14.873994
2024-05-27 05:00:00+00:00,25.153125000000003,13.488558
2024-05-27 06:00:00+00:00,34.24,13.353289
2024-05-27 07:00:00+00:00,37.910624999999996,16.131168
2024-05-27 08:00:00+00:00,41.58125,17.912233
2024-05-27 09:00:00+00:00,45.99135416666667,31.092777
2024-05-27 10:00:00+00:00,50.40145833333333,43.53862
2024-05-27 11:00:00+00:00,54.811562499999994,55.01478
2024-05-27 12:00:00+00:00,59.221666666666664,65.53667
2024-05-27 13:00:00+00:00,47.518125,53.131317
2024-05-27 14:00:00+00:00,35.81458333333334,41.753143
2024-05-27 15:00:00+00:00,24.111041666666665,29.11772
2024-05-27 16:00:00+00:00,12.407499999999999,16.60931
2024-05-27 17:00:00+00:00,12.862812499999999,16.89575
2024-05-27 18:00:00+00:00,13.318124999999998,16.60866
2024-05-27 19:00:00+00:00,13.7734375,16.398623
2024-05-27 20:00:00+00:00,14.22875,16.724659
2024-05-27 21:00:00+00:00,13.3275,14.673358
2024-05-27 22:00:00+00:00,12.42625,12.617101
2024-05-27 23:00:00+00:00,11.525,11.630933
2024-05-28 00:00:00+00:00,10.62375,10.482664
2024-05-28 01:00:00+00:00,15.0053125,12.636745
2024-05-28 02:00:00+00:00,19.386875,15.319769
2024-05-28 03:00:00+00:00,23.768437499999997,18.223726
2024-05-28 04:00:00+00:00,28.149999999999995,23.175625
2024-05-28 05:00:00+00:00,21.4225,30.479149
2024-05-28 06:00:00+00:00,14.695,35.23147
2024-05-28 07:00:00+00:00,20.8275,31.91143
2024-05-28 08:00:00+00:00,26.960000000000004,27.211205
2024-05-28 09:00:00+00:00,25.889583333333334,24.076694
2024-05-28 10:00:00+00:00,24.819166666666668,22.327671
2024-05-28 11:00:00+00:00,23.748749999999998,23.500479
2024-05-28 12:00:00+00:00,22.67833333333333,24.202759
2024-05-28 13:00:00+00:00,20.439687499999994,22.97888
2024-05-28 14:00:00+00:00,18.201041666666665,21.08506
2024-05-28 15:00:00+00:00,15.962395833333332,17.317305
2024-05-28 16:00:00+00:00,13.723749999999999,14.302532
2024-05-28 17:00:00+00:00,14.0475,13.9097185
2024-05-28 18:00:00+00:00,14.371249999999998,13.700082
2024-05-28 19:00:00+00:00,14.695,13.498629
2024-05-28 20:00:00+00:00,15.01875,13.289722
2024-05-28 21:00:00+00:00,13.375,12.514926
2024-05-28 22:00:00+00:00,11.73125,11.550538
2024-05-28 23:00:00+00:00,10.0875,11.348811
2024-05-29 00:00:00+00:00,8.44375,10.88318
2024-05-29 01:00:00+00:00,9.6971875,11.965002
2024-05-29 02:00:00+00:00,10.950624999999999,13.110733
2024-05-29 03:00:00+00:00,12.2040625,13.220224
2024-05-29 04:00:00+00:00,13.457500000000001,13.837416
2024-05-29 05:00:00+00:00,14.848749999999997,11.04401
2024-05-29 06:00:00+00:00,16.24,8.457632
2024-05-29 07:00:00+00:00,15.4325,12.569889
2024-05-29 08:00:00+00:00,14.625,18.880878
2024-05-29 09:00:00+00:00,19.07125,23.240559
2024-05-29 10:00:00+00:00,23.5175,26.593267
2024-05-29 11:00:00+00:00,27.963749999999997,29.378256
2024-05-29 12:00:00+00:00,32.41,31.126286
2024-05-29 13:00:00+00:00,28.437187499999997,28.270245
2024-05-29 14:00:00+00:00,24.464374999999997,24.294691
2024-05-29 15:00:00+00:00,20.4915625,21.567034
2024-05-29 16:00:00+00:00,16.51875,18.798197
2024-05-29 17:00:00+00:00,16.153750000000002,17.649775
2024-05-29 18:00:00+00:00,15.78875,16.622496
2024-05-29 19:00:00+00:00,15.42375,15.721946
2024-05-29 20:00:00+00:00,15.05875,14.963876
2024-05-29 21:00:00+00:00,14.6640625,13.363636
2024-05-29 22:00:00+00:00,14.269374999999998,12.200166
2024-05-29 23:00:00+00:00,13.8746875,11.451548
2024-05-30 00:00:00+00:00,13.480000000000002,11.223611
2024-05-30 01:00:00+00:00,15.431562500000002,11.333659
2024-05-30 02:00:00+00:00,17.383125,11.369868
2024-05-30 03:00:00+00:00,19.3346875,11.650918
2024-05-30 04:00:00+00:00,21.286250000000006,12.621917
2024-05-30 05:00:00+00:00,17.508125000000003,14.282806
2024-05-30 06:00:00+00:00,13.73,15.658499
2024-05-30 07:00:00+00:00,13.88125,15.433746
2024-05-30 08:00:00+00:00,14.032499999999999,14.748907
2024-05-30 09:00:00+00:00,13.900625,14.196731
2024-05-30 10:00:00+00:00,13.76875,15.239857
2024-05-30 11:00:00+00:00,13.636875,17.318596
2024-05-30 12:00:00+00:00,13.505,19.116337
2024-05-30 13:00:00+00:00,13.721562500000001,22.125608
2024-05-30 14:00:00+00:00,13.938124999999998,24.051912
2024-05-30 15:00:00+00:00,14.1546875,24.326368
2024-05-30 16:00:00+00:00,14.371249999999998,23.655611
2024-05-30 17:00:00+00:00,15.1453125,20.902962
2024-05-30 18:00:00+00:00,15.919375,18.489044
2024-05-30 19:00:00+00:00,16.6934375,17.079384
2024-05-30 20:00:00+00:00,17.467500000000005,15.85721
2024-05-30 21:00:00+00:00,16.980625,16.88969
2024-05-30 22:00:00+00:00,16.49375,17.42469
2024-05-30 23:00:00+00:00,16.006875,17.151867
2024-05-31 00:00:00+00:00,15.52,15.957606
2024-05-31 01:00:00+00:00,14.770937499999999,16.021442
2024-05-31 02:00:00+00:00,14.021875,15.538343
2024-05-31 03:00:00+00:00,13.2728125,14.671577
2024-05-31 04:00:00+00:00,12.52375,14.361702
2024-05-31 05:00:00+00:00,14.644375,13.547516
2024-05-31 06:00:00+00:00,16.765,12.023432
2024-05-31 07:00:00+00:00,20.315,14.680309
2024-05-31 08:00:00+00:00,23.865000000000006,19.333948
2024-05-31 09:00:00+00:00,28.425416666666667,23.025974
2024-05-31 10:00:00+00:00,32.98583333333333,26.77449
2024-05-31 11:00:00+00:00,37.54624999999999,29.613804
2024-05-31 12:00:00+00:00,42.10666666666666,30.15443
2024-05-31 13:00:00+00:00,38.46062499999999,27.43356
2024-05-31 14:00:00+00:00,34.81458333333333,25.410067
2024-05-31 15:00:00+00:00,31.168541666666666,24.037254
2024-05-31 16:00:00+00:00,27.5225,22.407528
2024-05-31 17:00:00+00:00,23.361875,19.070526
2024-05-31 18:00:00+00:00,19.20125,16.190268
2024-05-31 19:00:00+00:00,15.040625000000002,14.5478735
2024-05-31 20:00:00+00:00,10.88,12.859489
2024-05-31 21:00:00+00:00,11.41,12.394515
2024-05-31 22:00:00+00:00,11.940000000000001,12.197356
2024-05-31 23:00:00+00:00,12.47,12.8956175
2024-06-01 00:00:00+00:00,13.0,14.437853
2024-06-01 01:00:00+00:00,13.5215625,13.288593
2024-06-01 02:00:00+00:00,14.043125,12.280092
2024-06-01 03:00:00+00:00,14.5646875,11.606173
2024-06-01 04:00:00+00:00,15.08625,11.49909
2024-06-01 05:00:00+00:00,18.163125,17.007559
2024-06-01 06:00:00+00:00,21.240000000000002,23.669123
2024-06-01 07:00:00+00:00,38.806875000000005,30.557285
2024-06-01 08:00:00+00:00,56.37375,36.23091
2024-06-01 09:00:00+00:00,52.787395833333335,33.98932
2024-06-01 10:00:00+00:00,49.20104166666667,30.744938
2024-06-01 11:00:00+00:00,45.6146875,27.855042
2024-06-01 12:00:00+00:00,42.028333333333336,25.392828
2024-06-01 13:00:00+00:00,35.03906249999999,23.800549
2024-06-01 14:00:00+00:00,28.049791666666668,21.972317
2024-06-01 15:00:00+00:00,21.060520833333335,19.613277
2024-06-01 16:00:00+00:00,14.071250000000001,17.138369
2024-06-01 17:00:00+00:00,13.598437500000001,15.511646
2024-06-01 18:00:00+00:00,13.125625,14.049484
2024-06-01 19:00:00+00:00,12.6528125,12.929363
2024-06-01 20:00:00+00:00,12.18,11.789856
2024-06-01 21:00:00+00:00,13.0978125,12.1048355
2024-06-01 22:00:00+00:00,14.015625,12.672079
2024-06-01 23:00:00+00:00,14.933437500000002,13.034775
2024-06-02 00:00:00+00:00,15.85125,13.496786
2024-06-02 01:00:00+00:00,14.428437500000001,13.740309
2024-06-02 02:00:00+00:00,13.005625,14.198975
2024-06-02 03:00:00+00:00,11.5828125,14.605673
2024-06-02 04:00:00+00:00,10.16,14.464638
2024-06-02 05:00:00+00:00,12.24,15.145293
2024-06-02 06:00:00+00:00,14.32,15.042036
2024-06-02 07:00:00+00:00,15.255625,16.380083
2024-06-02 08:00:00+00:00,16.19125,18.781763
2024-06-02 09:00:00+00:00,17.026770833333334,18.891401
2024-06-02 10:00:00+00:00,17.862291666666668,19.388968
2024-06-02 11:00:00+00:00,18.697812499999998,19.669325
2024-06-02 12:00:00+00:00,19.53333333333333,18.842867
2024-06-02 13:00:00+00:00,19.9059375,19.781288
2024-06-02 14:00:00+00:00,20.278541666666666,21.845926
2024-06-02 15:00:00+00:00,20.65114583333333,21.16883
2024-06-02 16:00:00+00:00,21.02375,18.717113
2024-06-02 17:00:00+00:00,19.2084375,16.990122
2024-06-02 18:00:00+00:00,17.393124999999998,16.111702
2024-06-02 19:00:00+00:00,15.5778125,16.391148
2024-06-02 20:00:00+00:00,13.7625,16.585783
2024-06-02 21:00:00+00:00,14.143125,16.618725
2024-06-02 22:00:00+00:00,14.52375,16.58343
2024-06-02 23:00:00+00:00,14.904375,16.065788
2024-06-03 00:00:00+00:00,15.285,16.097355
2024-06-03 01:00:00+00:00,15.8784375,14.281958
2024-06-03 02:00:00+00:00,16.471875,13.598188
2024-06-03 03:00:00+00:00,17.0653125,13.716129
2024-06-03 04:00:00+00:00,17.65875,14.330456
2024-06-03 05:00:00+00:00,14.821875,17.207115
2024-06-03 06:00:00+00:00,11.985,20.464771
2024-06-03 07:00:00+00:00,19.1175,22.124968
2024-06-03 08:00:00+00:00,26.25,22.161629
2024-06-03 09:00:00+00:00,26.070833333333333,19.674116
2024-06-03 10:00:00+00:00,25.891666666666666,17.375134
2024-06-03 11:00:00+00:00,25.7125,16.24896
2024-06-03 12:00:00+00:00,25.53333333333333,15.698469
2024-06-03 13:00:00+00:00,22.018749999999997,15.064861
2024-06-03 14:00:00+00:00,18.504166666666666,15.232504
2024-06-03 15:00:00+00:00,14.989583333333332,14.188386
2024-06-03 16:00:00+00:00,11.475,12.519513
2024-06-03 17:00:00+00:00,11.319374999999999,11.977735
2024-06-03 18:00:00+00:00,11.16375,11.838373
2024-06-03 19:00:00+00:00,11.008125,11.995586
2024-06-03 20:00:00+00:00,10.8525,12.324835
2024-06-03 21:00:00+00:00,12.650625,13.3025055
2024-06-03 22:00:00+00:00,14.44875,14.621246
2024-06-03 23:00:00+00:00,16.246875000000003,15.687461
2024-06-04 00:00:00+00:00,18.045,16.7429
2024-06-04 01:00:00+00:00,17.6284375,17.59047
2024-06-04 02:00:00+00:00,17.211875,18.29101
2024-06-04 03:00:00+00:00,16.7953125,18.533337
2024-06-04 04:00:00+00:00,16.37875,18.20771
2024-06-04 05:00:00+00:00,15.254375,15.874489
2024-06-04 06:00:00+00:00,14.129999999999999,13.228958
2024-06-04 07:00:00+00:00,16.3875,14.855821
2024-06-04 08:00:00+00:00,18.645,17.147623
2024-06-04 09:00:00+00:00,21.94875,20.850029
2024-06-04 10:00:00+00:00,25.252499999999994,25.098991
2024-06-04 11:00:00+00:00,28.55625,28.627169
2024-06-04 12:00:00+00:00,31.86,33.78244
2024-06-04 13:00:00+00:00,32.1975,33.791706
2024-06-04 14:00:00+00:00,32.535,30.518911
2024-06-04 15:00:00+00:00,32.8725,26.124851
2024-06-04 16:00:00+00:00,33.21,20.802956
2024-06-04 17:00:00+00:00,30.685625,18.39642
2024-06-04 18:00:00+00:00,28.161250000000003,17.162764
2024-06-04 19:00:00+00:00,25.636875,15.586651
2024-06-04 20:00:00+00:00,23.1125,14.138707
2024-06-04 21:00:00+00:00,20.016875,14.07282
2024-06-04 22:00:00+00:00,16.92125,13.832771
2024-06-04 23:00:00+00:00,13.825625,12.346707
2024-06-05 00:00:00+00:00,10.73,10.85883
2024-06-05 01:00:00+00:00,11.6403125,10.762363
2024-06-05 02:00:00+00:00,12.550625,12.2399845
2024-06-05 03:00:00+00:00,13.4609375,13.714426
2024-06-05 04:00:00+00:00,14.371249999999998,15.3474245
2024-06-05 05:00:00+00:00,16.230625,14.508341
2024-06-05 06:00:00+00:00,18.09,13.937733
2024-06-05 07:00:00+00:00,22.679999999999996,14.2943735
2024-06-05 08:00:00+00:00,27.27,15.096888
2024-06-05 09:00:00+00:00,46.082499999999996,23.332737
2024-06-05 10:00:00+00:00,64.895,33.63442
2024-06-05 11:00:00+00:00,83.7075,43.867954
2024-06-05 12:00:00+00:00,102.52,52.109844
2024-06-05 13:00:00+00:00,83.3490625,49.8844
2024-06-05 14:00:00+00:00,64.178125,45.509697
2024-06-05 15:00:00+00:00,45.00718749999999,39.360374
2024-06-05 16:00:00+00:00,25.83625,31.401463
2024-06-05 17:00:00+00:00,22.287187499999998,25.421227
2024-06-05 18:00:00+00:00,18.738125,20.417265
2024-06-05 19:00:00+00:00,15.189062499999999,16.52398
2024-06-05 20:00:00+00:00,11.639999999999999,13.530006
2024-06-05 21:00:00+00:00,11.868749999999999,12.564442
2024-06-05 22:00:00+00:00,12.0975,11.815229
2024-06-05 23:00:00+00:00,12.32625,11.131281
2024-06-06 00:00:00+00:00,12.555,10.972865
2024-06-06 01:00:00+00:00,13.4665625,12.987972
2024-06-06 02:00:00+00:00,14.378125,14.842757
2024-06-06 03:00:00+00:00,15.289687500000001,15.034533
2024-06-06 04:00:00+00:00,16.20125,15.503147
2024-06-06 05:00:00+00:00,17.653125000000006,16.129929
2024-06-06 06:00:00+00:00,19.105,16.151787
2024-06-06 07:00:00+00:00,16.444375,17.804745
2024-06-06 08:00:00+00:00,13.78375,18.924805
2024-06-06 09:00:00+00:00,15.902395833333333,19.878334
2024-06-06 10:00:00+00:00,18.02104166666667,21.658161
2024-06-06 11:00:00+00:00,20.1396875,23.677927
2024-06-06 12:00:00+00:00,22.258333333333336,25.943176
2024-06-06 13:00:00+00:00,20.042187500000004,24.186129
2024-06-06 14:00:00+00:00,17.82604166666667,21.743069
2024-06-06 15:00:00+00:00,15.609895833333335,18.744995
2024-06-06 16:00:00+00:00,13.39375,15.741795
2024-06-06 17:00:00+00:00,14.4390625,15.752315
2024-06-06 18:00:00+00:00,15.484375,16.481075
2024-06-06 19:00:00+00:00,16.5296875,15.222044
2024-06-06 20:00:00+00:00,17.575,13.207867
2024-06-06 21:00:00+00:00,16.196875,13.2980795
2024-06-06 22:00:00+00:00,14.81875,14.229963
2024-06-06 23:00:00+00:00,13.440625,14.866398
2024-06-07 00:00:00+00:00,12.0625,15.160202
2024-06-07 01:00:00+00:00,13.399375,14.857054
2024-06-07 02:00:00+00:00,14.73625,14.859701
2024-06-07 03:00:00+00:00,16.073125,15.462788
2024-06-07 04:00:00+00:00,17.41,16.110104
2024-06-07 05:00:00+00:00,14.73,18.517282
2024-06-07 06:00:00+00:00,12.05,20.748688
2024-06-07 07:00:00+00:00,18.311875,18.238678
2024-06-07 08:00:00+00:00,24.57375,16.611465
2024-06-07 09:00:00+00:00,26.7615625,19.249952
2024-06-07 10:00:00+00:00,28.949374999999996,23.269081
2024-06-07 11:00:00+00:00,31.137187499999996,28.254395
2024-06-07 12:00:00+00:00,33.324999999999996,31.040548
2024-06-07 13:00:00+00:00,28.610312499999996,28.53527
2024-06-07 14:00:00+00:00,23.895624999999995,25.7496
2024-06-07 15:00:00+00:00,19.1809375,22.428099
2024-06-07 16:00:00+00:00,14.466249999999999,18.726625
2024-06-07 17:00:00+00:00,13.1484375,16.303123
2024-06-07 18:00:00+00:00,11.830625,14.439194
2024-06-07 19:00:00+00:00,10.512812499999999,12.724155
2024-06-07 20:00:00+00:00,9.195,11.381544
2024-06-07 21:00:00+00:00,9.240312500000002,10.754099
2024-06-07 22:00:00+00:00,9.285625,9.845984
2024-06-07 23:00:00+00:00,9.330937500000001,9.187676
2024-06-08 00:00:00+00:00,9.37625,9.079107
2024-06-08 01:00:00+00:00,11.738124999999998,10.826525
2024-06-08 02:00:00+00:00,14.100000000000001,12.839077
2024-06-08 03:00:00+00:00,16.461875,14.401528
2024-06-08 04:00:00+00:00,18.82375,16.28243
2024-06-08 05:00:00+00:00,13.841875,15.593508
2024-06-08 06:00:00+00:00,8.86,14.470551
2024-06-08 07:00:00+00:00,16.478749999999998,17.08625
2024-06-08 08:00:00+00:00,24.0975,19.742346
2024-06-08 09:00:00+00:00,25.796458333333334,20.820126
2024-06-08 10:00:00+00:00,27.495416666666664,22.079355
2024-06-08 11:00:00+00:00,29.194374999999997,23.67776
2024-06-08 12:00:00+00:00,30.89333333333333,25.549877
2024-06-08 13:00:00+00:00,29.6875,25.628147
2024-06-08 14:00:00+00:00,28.48166666666667,24.599628
2024-06-08 15:00:00+00:00,27.27583333333333,22.077074
2024-06-08 16:00:00+00:00,26.07,18.75677
2024-06-08 17:00:00+00:00,26.5153125,17.911114
2024-06-08 18:00:00+00:00,26.960625,16.88659
2024-06-08 19:00:00+00:00,27.4059375,15.444421
2024-06-08 20:00:00+00:00,27.851250000000004,14.208487
2024-06-08 21:00:00+00:00,26.445625,14.143082
2024-06-08 22:00:00+00:00,25.04,15.946003
2024-06-08 23:00:00+00:00,23.634375000000002,15.852093
2024-06-09 00:00:00+00:00,22.22875,15.368025
2024-06-09 01:00:00+00:00,19.6153125,14.309824
2024-06-09 02:00:00+00:00,17.001875000000002,14.088955
2024-06-09 03:00:00+00:00,14.3884375,12.7812195
2024-06-09 04:00:00+00:00,11.775,12.282373
2024-06-09 05:00:00+00:00,11.24,10.502109
2024-06-09 06:00:00+00:00,10.705,10.104972
2024-06-09 07:00:00+00:00,15.069375,13.555983
2024-06-09 08:00:00+00:00,19.43375,18.294273
2024-06-09 09:00:00+00:00,27.2740625,23.801872
2024-06-09 10:00:00+00:00,35.114374999999995,30.62182
2024-06-09 11:00:00+00:00,42.95468749999999,34.16455
2024-06-09 12:00:00+00:00,50.794999999999995,37.082863
2024-06-09 13:00:00+00:00,49.025625,50.02311
2024-06-09 14:00:00+00:00,47.256249999999994,63.531864
2024-06-09 15:00:00+00:00,45.486875,77.16841
2024-06-09 16:00:00+00:00,43.717499999999994,81.921364
2024-06-09 17:00:00+00:00,37.722187500000004,65.456604
2024-06-09 18:00:00+00:00,31.726875,47.930695
2024-06-09 19:00:00+00:00,25.731562500000003,31.620361
2024-06-09 20:00:00+00:00,19.736250000000002,19.063324
2024-06-09 21:00:00+00:00,17.426875000000003,16.411846
2024-06-09 22:00:00+00:00,15.1175,14.664787
2024-06-09 23:00:00+00:00,12.808125000000002,12.481568
2024-06-10 00:00:00+00:00,10.49875,12.131223
2024-06-10 01:00:00+00:00,11.37875,11.265918
2024-06-10 02:00:00+00:00,12.25875,11.799404
2024-06-10 03:00:00+00:00,13.13875,12.491798
2024-06-10 04:00:00+00:00,14.01875,12.772334
2024-06-10 05:00:00+00:00,17.751875,10.883274
2024-06-10 06:00:00+00:00,21.485,9.334804
2024-06-10 07:00:00+00:00,21.47625,13.829282
2024-06-10 08:00:00+00:00,21.4675,19.299255
2024-06-10 09:00:00+00:00,21.801041666666666,23.675076
2024-06-10 10:00:00+00:00,22.13458333333333,27.490074
2024-06-10 11:00:00+00:00,22.468125,27.279303
2024-06-10 12:00:00+00:00,22.801666666666666,25.281315
2024-06-10 13:00:00+00:00,22.6303125,23.109585
2024-06-10 14:00:00+00:00,22.458958333333335,20.746119
2024-06-10 15:00:00+00:00,22.287604166666668,18.69724
2024-06-10 16:00:00+00:00,22.11625,17.074484
2024-06-10 17:00:00+00:00,19.291875,14.695283
2024-06-10 18:00:00+00:00,16.4675,13.885041
2024-06-10 19:00:00+00:00,13.643125,12.989884
2024-06-10 20:00:00+00:00,10.81875,12.261607
2024-06-10 21:00:00+00:00,12.373125,13.313151
2024-06-10 22:00:00+00:00,13.927499999999998,14.672524
2024-06-10 23:00:00+00:00,15.481874999999999,15.27787
2024-06-11 00:00:00+00:00,17.03625,15.699108
2024-06-11 01:00:00+00:00,16.164375,15.090006
2024-06-11 02:00:00+00:00,15.2925,14.683184
2024-06-11 03:00:00+00:00,14.420625,14.502186
2024-06-11 04:00:00+00:00,13.54875,14.725321
2024-06-11 05:00:00+00:00,19.851875,17.216513
2024-06-11 06:00:00+00:00,26.155,20.187944
2024-06-11 07:00:00+00:00,22.5325,20.289066
2024-06-11 08:00:00+00:00,18.909999999999997,21.131384
2024-06-11 09:00:00+00:00,24.245,25.457504
2024-06-11 10:00:00+00:00,29.58,31.878632
2024-06-11 11:00:00+00:00,34.915,37.852615
2024-06-11 12:00:00+00:00,40.25,40.28581
2024-06-11 13:00:00+00:00,36.5240625,36.42031
2024-06-11 14:00:00+00:00,32.798125,33.02497
2024-06-11 15:00:00+00:00,29.072187500000002,29.570604
2024-06-11 16:00:00+00:00,25.34625,25.103632
2024-06-11 17:00:00+00:00,21.825000000000003,20.964375
2024-06-11 18:00:00+00:00,18.30375,17.421022
2024-06-11 19:00:00+00:00,14.7825,14.900568
2024-06-11 20:00:00+00:00,11.26125,12.758295
2024-06-11 21:00:00+00:00,10.85875,11.6562805
2024-06-11 22:00:00+00:00,10.45625,10.828349
2024-06-11 23:00:00+00:00,10.053749999999999,10.289507
2024-06-12 00:00:00+00:00,9.651250000000001,10.3957815
2024-06-12 01:00:00+00:00,9.93875,10.468448
2024-06-12 02:00:00+00:00,10.22625,11.247132
2024-06-12 03:00:00+00:00,10.51375,10.904783
2024-06-12 04:00:00+00:00,10.80125,10.357762
2024-06-12 05:00:00+00:00,19.095625,13.389134
2024-06-12 06:00:00+00:00,27.39,17.629494
2024-06-12 07:00:00+00:00,23.946875,18.678288
2024-06-12 08:00:00+00:00,20.50375,18.847975
2024-06-12 09:00:00+00:00,28.6253125,21.892786
2024-06-12 10:00:00+00:00,36.746875,25.692352
2024-06-12 11:00:00+00:00,44.8684375,29.793293
2024-06-12 12:00:00+00:00,52.99000000000001,33.173615
2024-06-12 13:00:00+00:00,45.760937500000004,31.741028
2024-06-12 14:00:00+00:00,38.531875,29.39482
2024-06-12 15:00:00+00:00,31.3028125,26.658188
2024-06-12 16:00:00+00:00,24.07375,24.141792
2024-06-12 17:00:00+00:00,23.0671875,23.826488
2024-06-12 18:00:00+00:00,22.060625,23.696554
2024-06-12 19:00:00+00:00,21.0540625,21.96299
2024-06-12 20:00:00+00:00,20.0475,19.701189
2024-06-12 21:00:00+00:00,20.9784375,20.533333
2024-06-12 22:00:00+00:00,21.909374999999997,23.320744
2024-06-12 23:00:00+00:00,22.8403125,22.942587
2024-06-13 00:00:00+00:00,23.77125,21.801409
2024-06-13 01:00:00+00:00,23.691249999999997,22.220901
2024-06-13 02:00:00+00:00,23.61125,22.144224
2024-06-13 03:00:00+00:00,23.53125,20.802837
2024-06-13 04:00:00+00:00,23.451249999999998,19.272108
2024-06-13 05:00:00+00:00,21.058124999999997,20.183197
2024-06-13 06:00:00+00:00,18.665,21.278568
2024-06-13 07:00:00+00:00,17.799999999999997,19.779634
2024-06-13 08:00:00+00:00,16.935,18.704584
2024-06-13 09:00:00+00:00,21.96,21.35971
2024-06-13 10:00:00+00:00,26.985000000000003,24.257141
2024-06-13 11:00:00+00:00,32.010000000000005,27.786123
2024-06-13 12:00:00+00:00,37.035000000000004,34.568962
2024-06-13 13:00:00+00:00,36.315000000000005,37.046143
2024-06-13 14:00:00+00:00,35.595,37.1428
2024-06-13 15:00:00+00:00,34.875,37.57067
2024-06-13 16:00:00+00:00,34.155,38.142113
2024-06-13 17:00:00+00:00,31.750625,43.1559
2024-06-13 18:00:00+00:00,29.34625,47.279423
2024-06-13 19:00:00+00:00,26.941875000000003,45.79539
2024-06-13 20:00:00+00:00,24.5375,41.97676
2024-06-13 21:00:00+00:00,22.7484375,35.39575
2024-06-13 22:00:00+00:00,20.959375,29.685448
2024-06-13 23:00:00+00:00,19.1703125,23.455593
2024-06-14 00:00:00+00:00,17.38125,18.14297
2024-06-14 01:00:00+00:00,16.498125,16.384901
2024-06-14 02:00:00+00:00,15.615000000000002,13.569564
2024-06-14 03:00:00+00:00,14.731875,11.943132
2024-06-14 04:00:00+00:00,13.84875,11.773578
2024-06-14 05:00:00+00:00,16.524375000000003,11.697888
2024-06-14 06:00:00+00:00,19.200000000000003,11.538147
2024-06-14 07:00:00+00:00,20.584999999999997,14.723085
2024-06-14 08:00:00+00:00,21.97,20.640762
2024-06-14 09:00:00+00:00,23.97083333333333,30.332432
2024-06-14 10:00:00+00:00,25.971666666666664,38.38141
2024-06-14 11:00:00+00:00,27.9725,38.511833
2024-06-14 12:00:00+00:00,29.973333333333333,36.2382
2024-06-14 13:00:00+00:00,25.9003125,31.29717
2024-06-14 14:00:00+00:00,21.827291666666667,26.761002
2024-06-14 15:00:00+00:00,17.754270833333337,24.65105
2024-06-14 16:00:00+00:00,13.68125,22.862156
2024-06-14 17:00:00+00:00,15.5803125,20.98015
2024-06-14 18:00:00+00:00,17.479375,19.027718
2024-06-14 19:00:00+00:00,19.3784375,16.841251
2024-06-14 20:00:00+00:00,21.2775,15.428949
2024-06-14 21:00:00+00:00,18.3375,13.859602
2024-06-14 22:00:00+00:00,15.3975,12.982467
2024-06-14 23:00:00+00:00,12.4575,12.281722
2024-06-15 00:00:00+00:00,9.5175,12.091128
2024-06-15 01:00:00+00:00,11.580937500000001,12.841592
2024-06-15 02:00:00+00:00,13.644375,14.65409
2024-06-15 03:00:00+00:00,15.707812500000001,15.304428
2024-06-15 04:00:00+00:00,17.771250000000002,16.034767
2024-06-15 05:00:00+00:00,20.130625000000002,18.055838
2024-06-15 06:00:00+00:00,22.490000000000002,20.476059
2024-06-15 07:00:00+00:00,23.011249999999997,23.866678
2024-06-15 08:00:00+00:00,23.5325,27.631609
2024-06-15 09:00:00+00:00,23.700625,29.59948
2024-06-15 10:00:00+00:00,23.86875,30.949509
2024-06-15 11:00:00+00:00,24.036875000000002,32.00893
2024-06-15 12:00:00+00:00,24.205000000000002,31.972149
2024-06-15 13:00:00+00:00,23.9753125,31.123781
2024-06-15 14:00:00+00:00,23.745625,29.761183
2024-06-15 15:00:00+00:00,23.515937499999996,25.937586
2024-06-15 16:00:00+00:00,23.28625,23.359241
2024-06-15 17:00:00+00:00,23.479687499999997,19.827873
2024-06-15 18:00:00+00:00,23.673125,16.37149
2024-06-15 19:00:00+00:00,23.8665625,15.448501
2024-06-15 20:00:00+00:00,24.06,14.374322
2024-06-15 21:00:00+00:00,20.362187499999997,14.750599
2024-06-15 22:00:00+00:00,16.664375,14.3614235
2024-06-15 23:00:00+00:00,12.9665625,11.812418
2024-06-16 00:00:00+00:00,9.26875,8.361734
2024-06-16 01:00:00+00:00,9.735625,10.335433
2024-06-16 02:00:00+00:00,10.2025,12.074569
2024-06-16 03:00:00+00:00,10.669375,13.3245325
2024-06-16 04:00:00+00:00,11.136249999999999,14.87154
2024-06-16 05:00:00+00:00,13.705625,16.304218
2024-06-16 06:00:00+00:00,16.275,18.06953
2024-06-16 07:00:00+00:00,15.384374999999999,20.513962
2024-06-16 08:00:00+00:00,14.49375,23.395733
2024-06-16 09:00:00+00:00,18.178645833333334,26.260553
2024-06-16 10:00:00+00:00,21.863541666666666,27.107145
2024-06-16 11:00:00+00:00,25.5484375,27.503437
2024-06-16 12:00:00+00:00,29.233333333333338,28.491508
2024-06-16 13:00:00+00:00,32.4234375,29.50813
2024-06-16 14:00:00+00:00,35.61354166666666,30.522156
2024-06-16 15:00:00+00:00,38.803645833333334,31.051617
2024-06-16 16:00:00+00:00,41.99375,31.746109
2024-06-16 17:00:00+00:00,36.205,28.657852
2024-06-16 18:00:00+00:00,30.416249999999998,24.827059
2024-06-16 19:00:00+00:00,24.6275,22.104746
2024-06-16 20:00:00+00:00,18.83875,19.757288
2024-06-16 21:00:00+00:00,18.62125,19.512508
2024-06-16 22:00:00+00:00,18.403750000000002,19.27265
2024-06-16 23:00:00+00:00,18.18625,19.388048
2024-06-17 00:00:00+00:00,17.96875,19.679398
2024-06-17 01:00:00+00:00,19.56375,18.937672
2024-06-17 02:00:00+00:00,21.158749999999998,19.102505
2024-06-17 03:00:00+00:00,22.75375,19.918266
2024-06-17 04:00:00+00:00,24.348750000000003,21.056185
2024-06-17 05:00:00+00:00,19.006875,23.730536
2024-06-17 06:00:00+00:00,13.665,25.78885
2024-06-17 07:00:00+00:00,17.71,23.447447
2024-06-17 08:00:00+00:00,21.755,20.282314
2024-06-17 09:00:00+00:00,26.006249999999998,19.200201
2024-06-17 10:00:00+00:00,30.2575,19.563425
2024-06-17 11:00:00+00:00,34.50875,21.25455
2024-06-17 12:00:00+00:00,38.76,23.332024
2024-06-17 13:00:00+00:00,34.829375,25.745783
2024-06-17 14:00:00+00:00,30.89875,28.348814
2024-06-17 15:00:00+00:00,26.968125,29.879848
2024-06-17 16:00:00+00:00,23.0375,30.325478
2024-06-17 17:00:00+00:00,24.3046875,29.093803
2024-06-17 18:00:00+00:00,25.571875,27.808203
2024-06-17 19:00:00+00:00,26.8390625,27.221931
2024-06-17 20:00:00+00:00,28.10625,25.939548
2024-06-17 21:00:00+00:00,26.7696875,24.955
2024-06-17 22:00:00+00:00,25.433125,24.073164
2024-06-17 23:00:00+00:00,24.0965625,23.130297
2024-06-18 00:00:00+00:00,22.76,22.238817
2024-06-18 01:00:00+00:00,21.371875,21.511307
2024-06-18 02:00:00+00:00,19.98375,21.933928
2024-06-18 03:00:00+00:00,18.595625,21.766918
2024-06-18 04:00:00+00:00,17.2075,21.028013
2024-06-18 05:00:00+00:00,14.82625,17.662294
2024-06-18 06:00:00+00:00,12.444999999999999,14.386481
2024-06-18 07:00:00+00:00,15.1175,15.663697
2024-06-18 08:00:00+00:00,17.79,18.126057
2024-06-18 09:00:00+00:00,20.677083333333332,22.908937
2024-06-18 10:00:00+00:00,23.564166666666665,28.022322
2024-06-18 11:00:00+00:00,26.45125,32.073112
2024-06-18 12:00:00+00:00,29.338333333333335,35.43009
2024-06-18 13:00:00+00:00,28.341562500000002,31.085258
2024-06-18 14:00:00+00:00,27.34479166666667,27.071415
2024-06-18 15:00:00+00:00,26.348020833333333,24.934399
2024-06-18 16:00:00+00:00,25.35125,23.162281
2024-06-18 17:00:00+00:00,21.954375,22.15135
2024-06-18 18:00:00+00:00,18.5575,20.482674
2024-06-18 19:00:00+00:00,15.160625,18.411537
2024-06-18 20:00:00+00:00,11.76375,15.712266
2024-06-18 21:00:00+00:00,13.81,15.8721485
2024-06-18 22:00:00+00:00,15.85625,17.46695
2024-06-18 23:00:00+00:00,17.9025,19.644361
2024-06-19 00:00:00+00:00,19.94875,21.047758
2024-06-19 01:00:00+00:00,17.4021875,16.576654
2024-06-19 02:00:00+00:00,14.855625,14.39276
2024-06-19 03:00:00+00:00,12.3090625,12.6728115
2024-06-19 04:00:00+00:00,9.7625,11.419644
2024-06-19 05:00:00+00:00,11.87125,12.513363
2024-06-19 06:00:00+00:00,13.98,13.853775
2024-06-19 07:00:00+00:00,16.36375,17.201687
2024-06-19 08:00:00+00:00,18.7475,20.985628
2024-06-19 09:00:00+00:00,20.288125,25.66473
2024-06-19 10:00:00+00:00,21.82875,31.61698
2024-06-19 11:00:00+00:00,23.369374999999998,35.10961
2024-06-19 12:00:00+00:00,24.91,36.78512
2024-06-19 13:00:00+00:00,23.8975,32.640625
2024-06-19 14:00:00+00:00,22.884999999999998,28.451859
2024-06-19 15:00:00+00:00,21.8725,25.232206
2024-06-19 16:00:00+00:00,20.86,21.498558
2024-06-19 17:00:00+00:00,19.753125,19.5353
2024-06-19 18:00:00+00:00,18.646250000000002,18.96487
2024-06-19 19:00:00+00:00,17.539375,19.816076
2024-06-19 20:00:00+00:00,16.4325,20.038925
2024-06-19 21:00:00+00:00,18.0196875,18.852379
2024-06-19 22:00:00+00:00,19.606875000000002,18.095804
2024-06-19 23:00:00+00:00,21.1940625,17.476048
2024-06-20 00:00:00+00:00,22.78125,16.591995
2024-06-20 01:00:00+00:00,19.424062499999994,15.590446
2024-06-20 02:00:00+00:00,16.066875,13.83494
2024-06-20 03:00:00+00:00,12.7096875,12.544626
2024-06-20 04:00:00+00:00,9.3525,11.5299015
2024-06-20 05:00:00+00:00,15.153749999999999,11.685232
2024-06-20 06:00:00+00:00,20.955,12.319076
2024-06-20 07:00:00+00:00,17.93875,14.277261
2024-06-20 08:00:00+00:00,14.9225,16.822895
2024-06-20 09:00:00+00:00,14.709791666666666,19.001318
2024-06-20 10:00:00+00:00,14.497083333333332,19.87543
2024-06-20 11:00:00+00:00,14.284374999999999,20.687422
2024-06-20 12:00:00+00:00,14.071666666666665,22.501934
2024-06-20 13:00:00+00:00,16.8709375,23.077368
2024-06-20 14:00:00+00:00,19.670208333333335,23.001411
2024-06-20 15:00:00+00:00,22.469479166666666,23.176647
2024-06-20 16:00:00+00:00,25.26875,23.94027
2024-06-20 17:00:00+00:00,26.709375,25.856709
2024-06-20 18:00:00+00:00,28.149999999999995,27.474155
2024-06-20 19:00:00+00:00,29.590625,27.776146
2024-06-20 20:00:00+00:00,31.03125,27.167244
2024-06-20 21:00:00+00:00,27.59875,24.524849
2024-06-20 22:00:00+00:00,24.166249999999998,22.101418
2024-06-20 23:00:00+00:00,20.73375,18.797266
2024-06-21 00:00:00+00:00,17.30125,15.784149
2024-06-21 01:00:00+00:00,17.521875000000005,17.362791
2024-06-21 02:00:00+00:00,17.7425,18.086098
2024-06-21 03:00:00+00:00,17.963124999999998,18.416327
2024-06-21 04:00:00+00:00,18.18375,19.60106
2024-06-21 05:00:00+00:00,21.239375000000003,25.99834
2024-06-21 06:00:00+00:00,24.295,31.52129
2024-06-21 07:00:00+00:00,23.030625,28.592413
2024-06-21 08:00:00+00:00,21.76625,24.510735
2024-06-21 09:00:00+00:00,21.99802083333333,21.820297
2024-06-21 10:00:00+00:00,22.229791666666664,20.124653
2024-06-21 11:00:00+00:00,22.4615625,19.367664
2024-06-21 12:00:00+00:00,22.69333333333333,18.729399
2024-06-21 13:00:00+00:00,22.648125,20.793854
2024-06-21 14:00:00+00:00,22.602916666666665,22.929193
2024-06-21 15:00:00+00:00,22.55770833333333,24.615246
2024-06-21 16:00:00+00:00,22.5125,26.328243
2024-06-21 17:00:00+00:00,21.673125,24.292671
2024-06-21 18:00:00+00:00,20.83375,21.994904
2024-06-21 19:00:00+00:00,19.994375,20.365784
2024-06-21 20:00:00+00:00,19.155,18.703606
2024-06-21 21:00:00+00:00,20.147187499999998,19.898134
2024-06-21 22:00:00+00:00,21.139375,21.6855
2024-06-21 23:00:00+00:00,22.1315625,22.40289
2024-06-22 00:00:00+00:00,23.12375,22.627901
2024-06-22 01:00:00+00:00,22.47125,22.072115
2024-06-22 02:00:00+00:00,21.81875,22.038034
2024-06-22 03:00:00+00:00,21.16625,21.45719
2024-06-22 04:00:00+00:00,20.51375,21.00787
2024-06-22 05:00:00+00:00,19.501875000000002,22.25061
2024-06-22 06:00:00+00:00,18.49,23.545261
2024-06-22 07:00:00+00:00,18.986875,23.57872
2024-06-22 08:00:00+00:00,19.483750000000004,22.243124
2024-06-22 09:00:00+00:00,19.669895833333335,19.205853
2024-06-22 10:00:00+00:00,19.85604166666667,16.6368
2024-06-22 11:00:00+00:00,20.0421875,16.291273
2024-06-22 12:00:00+00:00,20.228333333333335,17.204353
2024-06-22 13:00:00+00:00,21.591562500000002,18.784855
2024-06-22 14:00:00+00:00,22.954791666666665,19.602335
2024-06-22 15:00:00+00:00,24.31802083333333,20.014626
2024-06-22 16:00:00+00:00,25.68125,20.45486
2024-06-22 17:00:00+00:00,25.7425,20.29362
2024-06-22 18:00:00+00:00,25.80375,20.301386
2024-06-22 19:00:00+00:00,25.865,20.87403
2024-06-22 20:00:00+00:00,25.92625,21.391987
2024-06-22 21:00:00+00:00,22.38,19.342085
2024-06-22 22:00:00+00:00,18.833750000000002,17.062466
2024-06-22 23:00:00+00:00,15.287500000000001,15.442541
2024-06-23 00:00:00+00:00,11.74125,13.632744
2024-06-23 01:00:00+00:00,14.071875,15.102624
2024-06-23 02:00:00+00:00,16.4025,16.59837
2024-06-23 03:00:00+00:00,18.733125,18.657232
2024-06-23 04:00:00+00:00,21.06375,20.173939
2024-06-23 05:00:00+00:00,19.614375,17.911634
2024-06-23 06:00:00+00:00,18.164999999999996,16.190163
2024-06-23 07:00:00+00:00,16.091875,15.281131
2024-06-23 08:00:00+00:00,14.01875,14.989993
2024-06-23 09:00:00+00:00,16.043645833333336,16.494274
2024-06-23 10:00:00+00:00,18.06854166666667,17.751867
2024-06-23 11:00:00+00:00,20.0934375,18.674255
2024-06-23 12:00:00+00:00,22.118333333333336,20.265516
2024-06-23 13:00:00+00:00,21.300625000000004,22.014381
2024-06-23 14:00:00+00:00,20.482916666666668,23.781225
2024-06-23 15:00:00+00:00,19.665208333333332,24.743519
2024-06-23 16:00:00+00:00,18.8475,25.02714
2024-06-23 17:00:00+00:00,19.007187499999997,23.183764
2024-06-23 18:00:00+00:00,19.166875,21.409689
2024-06-23 19:00:00+00:00,19.3265625,21.059675
2024-06-23 20:00:00+00:00,19.486250000000002,20.963667
2024-06-23 21:00:00+00:00,18.4284375,19.326677
2024-06-23 22:00:00+00:00,17.370625,17.702246
2024-06-23 23:00:00+00:00,16.3128125,17.147484
2024-06-24 00:00:00+00:00,15.254999999999999,16.773945
2024-06-24 01:00:00+00:00,16.6515625,18.087166
2024-06-24 02:00:00+00:00,18.048125,19.67062
2024-06-24 03:00:00+00:00,19.4446875,19.683283
2024-06-24 04:00:00+00:00,20.841250000000002,19.085974
2024-06-24 05:00:00+00:00,19.618125,18.053717
2024-06-24 06:00:00+00:00,18.395,17.116455
2024-06-24 07:00:00+00:00,15.325,17.54769
2024-06-24 08:00:00+00:00,12.254999999999999,18.000837
2024-06-24 09:00:00+00:00,14.298333333333332,20.293182
2024-06-24 10:00:00+00:00,16.34166666666667,22.471558
2024-06-24 11:00:00+00:00,18.385,21.732035
2024-06-24 12:00:00+00:00,20.428333333333335,21.021374
2024-06-24 13:00:00+00:00,19.120625,19.487175
2024-06-24 14:00:00+00:00,17.812916666666666,17.800428
2024-06-24 15:00:00+00:00,16.505208333333336,16.977392
2024-06-24 16:00:00+00:00,15.197500000000002,16.110048
2024-06-24 17:00:00+00:00,17.3709375,17.17901
2024-06-24 18:00:00+00:00,19.544375000000006,18.768011
2024-06-24 19:00:00+00:00,21.7178125,21.01138
2024-06-24 20:00:00+00:00,23.89125,23.919292
2024-06-24 21:00:00+00:00,23.708125,24.048344
2024-06-24 22:00:00+00:00,23.525,23.887077
2024-06-24 23:00:00+00:00,23.341875,23.74048
2024-06-25 00:00:00+00:00,23.15875,22.94291
2024-06-25 01:00:00+00:00,22.035312499999996,21.404947
2024-06-25 02:00:00+00:00,20.911875000000002,19.497814
2024-06-25 03:00:00+00:00,19.7884375,16.980757
2024-06-25 04:00:00+00:00,18.665,14.771769
2024-06-25 05:00:00+00:00,17.52,15.252451
2024-06-25 06:00:00+00:00,16.375,16.020626
2024-06-25 07:00:00+00:00,19.46875,16.911541
2024-06-25 08:00:00+00:00,22.5625,18.065142
2024-06-25 09:00:00+00:00,34.315625,21.542156
2024-06-25 10:00:00+00:00,46.06875,25.245037
2024-06-25 11:00:00+00:00,57.821875000000006,26.399479
2024-06-25 12:00:00+00:00,69.575,27.521103
2024-06-25 13:00:00+00:00,56.3009375,25.945934
2024-06-25 14:00:00+00:00,43.026875000000004,23.748985
2024-06-25 15:00:00+00:00,29.752812499999997,23.02727
2024-06-25 16:00:00+00:00,16.478749999999998,22.248066
2024-06-25 17:00:00+00:00,16.8684375,20.950222
2024-06-25 18:00:00+00:00,17.258125,19.864073
2024-06-25 19:00:00+00:00,17.647812499999997,19.991905
2024-06-25 20:00:00+00:00,18.0375,20.136301
2024-06-25 21:00:00+00:00,18.2665625,19.44483
2024-06-25 22:00:00+00:00,18.495625,18.842205
2024-06-25 23:00:00+00:00,18.7246875,17.11206
2024-06-26 00:00:00+00:00,18.95375,15.706707
2024-06-26 01:00:00+00:00,19.7253125,17.811249
2024-06-26 02:00:00+00:00,20.496875,19.643002
2024-06-26 03:00:00+00:00,21.268437499999997,20.027166
2024-06-26 04:00:00+00:00,22.04,20.209501
2024-06-26 05:00:00+00:00,20.11,18.981216
2024-06-26 06:00:00+00:00,18.18,17.401226
2024-06-26 07:00:00+00:00,20.19875,18.344017
2024-06-26 08:00:00+00:00,22.2175,20.045412
2024-06-26 09:00:00+00:00,25.514375,22.439667
2024-06-26 10:00:00+00:00,28.81125,24.098549
2024-06-26 11:00:00+00:00,32.108125,25.429714
2024-06-26 12:00:00+00:00,35.405,26.913857
2024-06-26 13:00:00+00:00,30.73875,25.142984
2024-06-26 14:00:00+00:00,26.072499999999998,23.166227
2024-06-26 15:00:00+00:00,21.40625,20.599138
2024-06-26 16:00:00+00:00,16.74,17.69781
2024-06-26 17:00:00+00:00,17.956562499999997,18.940437
2024-06-26 18:00:00+00:00,19.173125,19.84573
2024-06-26 19:00:00+00:00,20.3896875,19.522614
2024-06-26 20:00:00+00:00,21.60625,19.698116
2024-06-26 21:00:00+00:00,25.407187499999996,20.393438
2024-06-26 22:00:00+00:00,29.208125000000003,21.552238
2024-06-26 23:00:00+00:00,33.0090625,23.57071
2024-06-27 00:00:00+00:00,36.81,25.378086
2024-06-27 01:00:00+00:00,30.865625,20.975657
2024-06-27 02:00:00+00:00,24.92125,17.588333
2024-06-27 03:00:00+00:00,18.976874999999996,15.95112
2024-06-27 04:00:00+00:00,13.0325,15.027723
2024-06-27 05:00:00+00:00,19.30375,16.39433
2024-06-27 06:00:00+00:00,25.575,17.557674
2024-06-27 07:00:00+00:00,24.224375000000002,19.981651
2024-06-27 08:00:00+00:00,22.87375,22.799465
2024-06-27 09:00:00+00:00,21.467395833333335,21.356897
2024-06-27 10:00:00+00:00,20.061041666666668,19.67117
2024-06-27 11:00:00+00:00,18.6546875,19.37682
2024-06-27 12:00:00+00:00,17.248333333333335,19.544344
2024-06-27 13:00:00+00:00,17.9828125,19.636276
2024-06-27 14:00:00+00:00,18.717291666666668,19.84456
2024-06-27 15:00:00+00:00,19.451770833333335,21.239498
2024-06-27 16:00:00+00:00,20.18625,22.436672
2024-06-27 17:00:00+00:00,19.1965625,21.508577
2024-06-27 18:00:00+00:00,18.206875,20.132534
2024-06-27 19:00:00+00:00,17.2171875,19.552074
2024-06-27 20:00:00+00:00,16.2275,18.997986
2024-06-27 21:00:00+00:00,16.763749999999998,19.181805
2024-06-27 22:00:00+00:00,17.299999999999997,19.287048
2024-06-27 23:00:00+00:00,17.83625,20.291203
2024-06-28 00:00:00+00:00,18.3725,21.9237
2024-06-28 01:00:00+00:00,18.3590625,22.047443
2024-06-28 02:00:00+00:00,18.345625,20.627897
2024-06-28 03:00:00+00:00,18.332187499999996,18.907625
2024-06-28 04:00:00+00:00,18.31875,16.559952
2024-06-28 05:00:00+00:00,17.234375,18.646553
2024-06-28 06:00:00+00:00,16.150000000000002,20.45876
2024-06-28 07:00:00+00:00,16.999375,21.545208
2024-06-28 08:00:00+00:00,17.84875,23.745075
2024-06-28 09:00:00+00:00,17.1203125,22.914915
2024-06-28 10:00:00+00:00,16.391875,20.970846
2024-06-28 11:00:00+00:00,15.6634375,18.92547
2024-06-28 12:00:00+00:00,14.934999999999999,17.155224
2024-06-28 13:00:00+00:00,17.568125000000002,17.779062
2024-06-28 14:00:00+00:00,20.20125,18.600487
2024-06-28 15:00:00+00:00,22.834375,18.820978
2024-06-28 16:00:00+00:00,25.4675,18.60228
2024-06-28 17:00:00+00:00,22.954375,17.858288
2024-06-28 18:00:00+00:00,20.44125,16.952387
2024-06-28 19:00:00+00:00,17.928125,16.43056
2024-06-28 20:00:00+00:00,15.415,16.025915
2024-06-28 21:00:00+00:00,17.1096875,17.65524
2024-06-28 22:00:00+00:00,18.804375,20.059994
2024-06-28 23:00:00+00:00,20.4990625,22.32835
2024-06-29 00:00:00+00:00,22.19375,24.11177
2024-06-29 01:00:00+00:00,21.9446875,23.959587
2024-06-29 02:00:00+00:00,21.695625,24.172318
2024-06-29 03:00:00+00:00,21.4465625,24.235025
2024-06-29 04:00:00+00:00,21.197499999999998,23.66522
2024-06-29 05:00:00+00:00,16.826249999999998,21.14482
2024-06-29 06:00:00+00:00,12.455,18.678576
2024-06-29 07:00:00+00:00,20.080625,15.940473
2024-06-29 08:00:00+00:00,27.70625,13.91389
2024-06-29 09:00:00+00:00,36.0334375,14.805201
2024-06-29 10:00:00+00:00,44.360625,16.480227
2024-06-29 11:00:00+00:00,52.68781249999999,19.650723
2024-06-29 12:00:00+00:00,61.01499999999999,23.755241
2024-06-29 13:00:00+00:00,59.194375,35.2311
2024-06-29 14:00:00+00:00,57.37375,46.6455
2024-06-29 15:00:00+00:00,55.553125,54.25782
2024-06-29 16:00:00+00:00,53.7325,59.672516
2024-06-29 17:00:00+00:00,44.27968750000001,47.81568
2024-06-29 18:00:00+00:00,34.826875,33.72747
2024-06-29 19:00:00+00:00,25.3740625,24.918344
2024-06-29 20:00:00+00:00,15.92125,17.3178
2024-06-29 21:00:00+00:00,16.125625,16.959427
2024-06-29 22:00:00+00:00,16.33,18.096224
2024-06-29 23:00:00+00:00,16.534375,19.52626
2024-06-30 00:00:00+00:00,16.73875,21.11224
2024-06-30 01:00:00+00:00,18.17125,19.76554
2024-06-30 02:00:00+00:00,19.603749999999998,19.896378
2024-06-30 03:00:00+00:00,21.03625,19.857002
2024-06-30 04:00:00+00:00,22.46875,19.519215
2024-06-30 05:00:00+00:00,20.384375000000002,17.758144
2024-06-30 06:00:00+00:00,18.299999999999997,16.101736
2024-06-30 07:00:00+00:00,19.72625,20.904236
2024-06-30 08:00:00+00:00,21.1525,27.706211
2024-06-30 09:00:00+00:00,24.632708333333333,30.814075
2024-06-30 10:00:00+00:00,28.112916666666663,30.962605
2024-06-30 11:00:00+00:00,31.593124999999997,29.61253
2024-06-30 12:00:00+00:00,35.07333333333333,28.774849
2024-06-30 13:00:00+00:00,30.9509375,29.380264
2024-06-30 14:00:00+00:00,26.828541666666666,29.359028
2024-06-30 15:00:00+00:00,22.70614583333333,27.988266
2024-06-30 16:00:00+00:00,18.58375,27.344189
2024-06-30 17:00:00+00:00,17.542187499999997,25.201452
2024-06-30 18:00:00+00:00,16.500625,22.715345
2024-06-30 19:00:00+00:00,15.4590625,20.159243
2024-06-30 20:00:00+00:00,14.4175,16.5578
2024-06-30 21:00:00+00:00,16.193125000000002,17.523201
2024-06-30 22:00:00+00:00,17.96875,19.422703
2024-06-30 23:00:00+00:00,19.744374999999998,21.90858
2024-07-01 00:00:00+00:00,21.52,24.836412
2024-07-01 01:00:00+00:00,26.5925,27.87228
2024-07-01 02:00:00+00:00,31.665,30.242418
2024-07-01 03:00:00+00:00,36.737500000000004,35.131104
2024-07-01 04:00:00+00:00,41.81,39.234924
2024-07-01 05:00:00+00:00,30.155,30.670856
2024-07-01 06:00:00+00:00,18.5,21.007814
2024-07-01 07:00:00+00:00,19.155625000000004,18.68529
2024-07-01 08:00:00+00:00,19.81125,18.317854
2024-07-01 09:00:00+00:00,23.1809375,24.335264
2024-07-01 10:00:00+00:00,26.550625,31.432564
2024-07-01 11:00:00+00:00,29.9203125,36.777985
2024-07-01 12:00:00+00:00,33.29,39.15322
2024-07-01 13:00:00+00:00,28.606875,31.690538
2024-07-01 14:00:00+00:00,23.92375,24.507805
2024-07-01 15:00:00+00:00,19.240625,19.703188
2024-07-01 16:00:00+00:00,14.557500000000001,15.410198
2024-07-01 17:00:00+00:00,15.1796875,15.627024
2024-07-01 18:00:00+00:00,15.801875,16.263561
2024-07-01 19:00:00+00:00,16.4240625,16.500254
2024-07-01 20:00:00+00:00,17.04625,16.39254
2024-07-01 21:00:00+00:00,16.545,16.690516
2024-07-01 22:00:00+00:00,16.04375,17.856527
2024-07-01 23:00:00+00:00,15.5425,18.736456
2024-07-02 00:00:00+00:00,15.04125,19.366806
2024-07-02 01:00:00+00:00,15.350625,20.351826
2024-07-02 02:00:00+00:00,15.66,21.17662
2024-07-02 03:00:00+00:00,15.969375000000001,21.452835
2024-07-02 04:00:00+00:00,16.278750000000002,22.203352
2024-07-02 05:00:00+00:00,14.006875,19.76628
2024-07-02 06:00:00+00:00,11.735,16.060629
2024-07-02 07:00:00+00:00,17.4375,16.54182
2024-07-02 08:00:00+00:00,23.14,17.672209
2024-07-02 09:00:00+00:00,25.268333333333334,18.605534
2024-07-02 10:00:00+00:00,27.39666666666667,19.425428
2024-07-02 11:00:00+00:00,29.525,21.096529
2024-07-02 12:00:00+00:00,31.653333333333332,22.968077
2024-07-02 13:00:00+00:00,28.099375,21.167278
2024-07-02 14:00:00+00:00,24.545416666666668,19.506556
2024-07-02 15:00:00+00:00,20.991458333333334,17.200813
2024-07-02 16:00:00+00:00,17.4375,14.779
2024-07-02 17:00:00+00:00,18.87,15.734654
2024-07-02 18:00:00+00:00,20.302500000000002,16.471256
2024-07-02 19:00:00+00:00,21.735,17.853676
2024-07-02 20:00:00+00:00,23.1675,19.770855
2024-07-02 21:00:00+00:00,21.326874999999998,18.938751
2024-07-02 22:00:00+00:00,19.48625,18.352213
2024-07-02 23:00:00+00:00,17.645625,17.788315
2024-07-03 00:00:00+00:00,15.805,16.849146
2024-07-03 01:00:00+00:00,17.48875,17.068647
2024-07-03 02:00:00+00:00,19.1725,17.884653
2024-07-03 03:00:00+00:00,20.85625,18.75518
2024-07-03 04:00:00+00:00,22.540000000000003,19.877193
2024-07-03 05:00:00+00:00,18.4925,17.883749
2024-07-03 06:00:00+00:00,14.445,16.33728
2024-07-03 07:00:00+00:00,13.943125,19.296453
2024-07-03 08:00:00+00:00,13.44125,22.262758
2024-07-03 09:00:00+00:00,33.0684375,22.994417
2024-07-03 10:00:00+00:00,52.69562500000001,23.739805
2024-07-03 11:00:00+00:00,72.3228125,26.163376
2024-07-03 12:00:00+00:00,91.95,30.331032
2024-07-03 13:00:00+00:00,79.16125,36.34735
2024-07-03 14:00:00+00:00,66.3725,42.061756
2024-07-03 15:00:00+00:00,53.58375,41.819412
2024-07-03 16:00:00+00:00,40.795,39.10545
2024-07-03 17:00:00+00:00,40.0409375,39.413094
2024-07-03 18:00:00+00:00,39.286875,39.551582
2024-07-03 19:00:00+00:00,38.5328125,42.4079
2024-07-03 20:00:00+00:00,37.77875,44.329445
2024-07-03 21:00:00+00:00,32.32625,35.83488
2024-07-03 22:00:00+00:00,26.87375,27.973972
2024-07-03 23:00:00+00:00,21.42125,22.094337
2024-07-04 00:00:00+00:00,15.96875,16.248394
2024-07-04 01:00:00+00:00,16.313125,15.700329
2024-07-04 02:00:00+00:00,16.6575,17.015478
2024-07-04 03:00:00+00:00,17.001875000000002,17.883698
2024-07-04 04:00:00+00:00,17.34625,19.08794
2024-07-04 05:00:00+00:00,16.380625000000002,17.099445
2024-07-04 06:00:00+00:00,15.415,15.230928
2024-07-04 07:00:00+00:00,25.390625,16.268024
2024-07-04 08:00:00+00:00,35.36625,18.975956
2024-07-04 09:00:00+00:00,33.20427083333333,27.081917
2024-07-04 10:00:00+00:00,31.042291666666667,35.97618
2024-07-04 11:00:00+00:00,28.880312500000002,38.684875
2024-07-04 12:00:00+00:00,26.718333333333334,39.205208
2024-07-04 13:00:00+00:00,26.6415625,37.788548
2024-07-04 14:00:00+00:00,26.564791666666668,34.72253
2024-07-04 15:00:00+00:00,26.488020833333337,32.425285
2024-07-04 16:00:00+00:00,26.411250000000003,30.031494
2024-07-04 17:00:00+00:00,24.003750000000004,27.441456
2024-07-04 18:00:00+00:00,21.59625,24.685505
2024-07-04 19:00:00+00:00,19.18875,21.257725
2024-07-04 20:00:00+00:00,16.78125,17.839497
2024-07-04 21:00:00+00:00,16.0421875,16.999454
2024-07-04 22:00:00+00:00,15.303125,16.848171
2024-07-04 23:00:00+00:00,14.564062499999999,16.210009
2024-07-05 00:00:00+00:00,13.825,15.872516
2024-07-05 01:00:00+00:00,15.8040625,18.337425
2024-07-05 02:00:00+00:00,17.783125,21.725864
2024-07-05 03:00:00+00:00,19.7621875,23.40819
2024-07-05 04:00:00+00:00,21.74125,24.38872
2024-07-05 05:00:00+00:00,22.930625,21.835764
2024-07-05 06:00:00+00:00,24.12,20.410065
2024-07-05 07:00:00+00:00,36.22124999999999,33.135277
2024-07-05 08:00:00+00:00,48.3225,48.755936
2024-07-05 09:00:00+00:00,42.14104166666666,48.373375
2024-07-05 10:00:00+00:00,35.95958333333333,43.281563
2024-07-05 11:00:00+00:00,29.778124999999996,36.750687
2024-07-05 12:00:00+00:00,23.59666666666666,30.687305
2024-07-05 13:00:00+00:00,24.379062499999996,29.314083
2024-07-05 14:00:00+00:00,25.161458333333332,29.003874
2024-07-05 15:00:00+00:00,25.943854166666668,28.691853
2024-07-05 16:00:00+00:00,26.72625,27.356361
2024-07-05 17:00:00+00:00,23.4925,23.825266
2024-07-05 18:00:00+00:00,20.25875,20.455856
2024-07-05 19:00:00+00:00,17.025,17.481632
2024-07-05 20:00:00+00:00,13.79125,14.352722
2024-07-05 21:00:00+00:00,14.541562499999998,13.718323
2024-07-05 22:00:00+00:00,15.291875000000001,14.039078
2024-07-05 23:00:00+00:00,16.0421875,15.290465
2024-07-06 00:00:00+00:00,16.7925,17.13294
2024-07-06 01:00:00+00:00,16.051875,16.370747
2024-07-06 02:00:00+00:00,15.311250000000001,17.022564
2024-07-06 03:00:00+00:00,14.570625,17.18816
2024-07-06 04:00:00+00:00,13.829999999999998,17.230446
2024-07-06 05:00:00+00:00,18.769999999999996,16.732422
2024-07-06 06:00:00+00:00,23.71,16.128086
2024-07-06 07:00:00+00:00,20.610625,16.864979
2024-07-06 08:00:00+00:00,17.511250000000004,17.840649
2024-07-06 09:00:00+00:00,23.588854166666668,19.207989
2024-07-06 10:00:00+00:00,29.66645833333333,20.600985
2024-07-06 11:00:00+00:00,35.7440625,21.66813
2024-07-06 12:00:00+00:00,41.821666666666665,23.45373
2024-07-06 13:00:00+00:00,40.6803125,26.323544
2024-07-06 14:00:00+00:00,39.53895833333333,28.07738
2024-07-06 15:00:00+00:00,38.39760416666667,28.15001
2024-07-06 16:00:00+00:00,37.25625,27.17524
2024-07-06 17:00:00+00:00,31.694374999999997,23.595598
2024-07-06 18:00:00+00:00,26.1325,20.843342
2024-07-06 19:00:00+00:00,20.570625,19.271
2024-07-06 20:00:00+00:00,15.00875,17.966242
2024-07-06 21:00:00+00:00,16.094375,18.943441
2024-07-06 22:00:00+00:00,17.18,20.473457
2024-07-06 23:00:00+00:00,18.265625,22.191645
2024-07-07 00:00:00+00:00,19.35125,24.107048
2024-07-07 01:00:00+00:00,18.8090625,22.50888
2024-07-07 02:00:00+00:00,18.266875,19.555748
2024-07-07 03:00:00+00:00,17.7246875,18.072939
2024-07-07 04:00:00+00:00,17.1825,17.603935
2024-07-07 05:00:00+00:00,18.041249999999998,19.95069
2024-07-07 06:00:00+00:00,18.9,22.752357
2024-07-07 07:00:00+00:00,20.814375,22.772192
2024-07-07 08:00:00+00:00,22.728749999999998,22.778084
2024-07-07 09:00:00+00:00,20.43989583333333,24.449102
2024-07-07 10:00:00+00:00,18.151041666666664,27.03353
2024-07-07 11:00:00+00:00,15.8621875,25.605965
2024-07-07 12:00:00+00:00,13.573333333333332,26.476622
2024-07-07 13:00:00+00:00,21.0140625,39.692482
2024-07-07 14:00:00+00:00,28.454791666666665,51.711067
2024-07-07 15:00:00+00:00,35.895520833333336,63.109894
2024-07-07 16:00:00+00:00,43.33625,70.8396
2024-07-07 17:00:00+00:00,39.5803125,62.437294
2024-07-07 18:00:00+00:00,35.824374999999996,52.22488
2024-07-07 19:00:00+00:00,32.0684375,40.03482
2024-07-07 20:00:00+00:00,28.3125,28.626337
2024-07-07 21:00:00+00:00,27.734375,27.573647
2024-07-07 22:00:00+00:00,27.15625,28.438644
2024-07-07 23:00:00+00:00,26.578125,28.752195
2024-07-08 00:00:00+00:00,26.0,29.77464
2024-07-08 01:00:00+00:00,24.130312500000002,24.868298
2024-07-08 02:00:00+00:00,22.260625,22.152344
2024-07-08 03:00:00+00:00,20.3909375,20.453213
2024-07-08 04:00:00+00:00,18.521250000000002,18.574734
2024-07-08 05:00:00+00:00,18.523125,18.289972
2024-07-08 06:00:00+00:00,18.525,18.453247
2024-07-08 07:00:00+00:00,17.146875,18.674187
2024-07-08 08:00:00+00:00,15.76875,19.112476
2024-07-08 09:00:00+00:00,39.0578125,22.492733
2024-07-08 10:00:00+00:00,62.346875,25.444794
2024-07-08 11:00:00+00:00,85.6359375,27.132095
2024-07-08 12:00:00+00:00,108.925,29.589825
2024-07-08 13:00:00+00:00,87.29124999999999,29.284275
2024-07-08 14:00:00+00:00,65.6575,27.735048
2024-07-08 15:00:00+00:00,44.02374999999999,25.50436
2024-07-08 16:00:00+00:00,22.39,23.381071
2024-07-08 17:00:00+00:00,21.814375,23.32418
2024-07-08 18:00:00+00:00,21.23875,24.098171
2024-07-08 19:00:00+00:00,20.663125,23.677372
2024-07-08 20:00:00+00:00,20.0875,23.50194
2024-07-08 21:00:00+00:00,19.520625,22.1339
2024-07-08 22:00:00+00:00,18.95375,20.261337
2024-07-08 23:00:00+00:00,18.386875,18.621763
2024-07-09 00:00:00+00:00,17.82,16.531225
2024-07-09 01:00:00+00:00,17.475625,16.488176
2024-07-09 02:00:00+00:00,17.13125,17.1265
2024-07-09 03:00:00+00:00,16.786875,16.36965
2024-07-09 04:00:00+00:00,16.4425,16.212193
2024-07-09 05:00:00+00:00,17.70625,16.931828
2024-07-09 06:00:00+00:00,18.97,18.13013
2024-07-09 07:00:00+00:00,22.0275,18.624733
2024-07-09 08:00:00+00:00,25.085,19.515602
2024-07-09 09:00:00+00:00,43.08208333333333,36.181023
2024-07-09 10:00:00+00:00,61.07916666666666,56.452248
2024-07-09 11:00:00+00:00,79.07624999999999,80.828606
2024-07-09 12:00:00+00:00,97.07333333333332,103.652176
2024-07-09 13:00:00+00:00,78.8390625,82.75879
2024-07-09 14:00:00+00:00,60.604791666666664,59.25566
2024-07-09 15:00:00+00:00,42.37052083333333,42.236046
2024-07-09 16:00:00+00:00,24.13625,25.46975
2024-07-09 17:00:00+00:00,23.021250000000002,23.445492
2024-07-09 18:00:00+00:00,21.90625,21.656307
2024-07-09 19:00:00+00:00,20.791249999999998,20.304096
2024-07-09 20:00:00+00:00,19.67625,19.324696
2024-07-09 21:00:00+00:00,18.456562499999997,17.088226
2024-07-09 22:00:00+00:00,17.236874999999998,16.935886
2024-07-09 23:00:00+00:00,16.0171875,16.76831
2024-07-10 00:00:00+00:00,14.7975,15.710017
2024-07-10 01:00:00+00:00,15.4059375,15.345403
2024-07-10 02:00:00+00:00,16.014375,16.263176
2024-07-10 03:00:00+00:00,16.6228125,18.948406
2024-07-10 04:00:00+00:00,17.23125,22.07132
2024-07-10 05:00:00+00:00,16.745624999999997,22.128191
2024-07-10 06:00:00+00:00,16.259999999999998,20.98808
2024-07-10 07:00:00+00:00,18.810624999999998,23.56389
2024-07-10 08:00:00+00:00,21.36125,26.413502
2024-07-10 09:00:00+00:00,23.208854166666665,26.42436
2024-07-10 10:00:00+00:00,25.05645833333333,25.76582
2024-07-10 11:00:00+00:00,26.9040625,26.383648
2024-07-10 12:00:00+00:00,28.751666666666665,29.51508
2024-07-10 13:00:00+00:00,27.4265625,33.663742
2024-07-10 14:00:00+00:00,26.101458333333333,38.968117
2024-07-10 15:00:00+00:00,24.776354166666668,42.62425
2024-07-10 16:00:00+00:00,23.451250000000005,43.660313
2024-07-10 17:00:00+00:00,24.3809375,39.909035
2024-07-10 18:00:00+00:00,25.310625,35.50491
2024-07-10 19:00:00+00:00,26.240312499999998,31.872772
2024-07-10 20:00:00+00:00,27.169999999999998,27.725498
2024-07-10 21:00:00+00:00,24.264687499999997,23.602478
2024-07-10 22:00:00+00:00,21.359375,20.620338
2024-07-10 23:00:00+00:00,18.4540625,18.180313
2024-07-11 00:00:00+00:00,15.54875,16.351128
2024-07-11 01:00:00+00:00,16.4309375,16.381151
2024-07-11 02:00:00+00:00,17.313125,17.703896
2024-07-11 03:00:00+00:00,18.195312499999996,18.833826
2024-07-11 04:00:00+00:00,19.0775,20.266155
2024-07-11 05:00:00+00:00,18.01375,20.297935
2024-07-11 06:00:00+00:00,16.95,19.864658
2024-07-11 07:00:00+00:00,20.723125,19.928455
2024-07-11 08:00:00+00:00,24.49625,18.942904
2024-07-11 09:00:00+00:00,27.256354166666668,22.285133
2024-07-11 10:00:00+00:00,30.016458333333333,25.163887
2024-07-11 11:00:00+00:00,32.7765625,26.434649
2024-07-11 12:00:00+00:00,35.53666666666667,27.852468
2024-07-11 13:00:00+00:00,29.8734375,24.159935
2024-07-11 14:00:00+00:00,24.210208333333334,20.475437
2024-07-11 15:00:00+00:00,18.546979166666667,16.520922
2024-07-11 16:00:00+00:00,12.88375,12.987962
2024-07-11 17:00:00+00:00,14.7415625,15.994413
2024-07-11 18:00:00+00:00,16.599375000000002,20.189995
2024-07-11 19:00:00+00:00,18.4571875,24.15396
2024-07-11 20:00:00+00:00,20.315,27.498169
2024-07-11 21:00:00+00:00,22.5903125,27.15809
2024-07-11 22:00:00+00:00,24.865625,27.005642
2024-07-11 23:00:00+00:00,27.1409375,26.565002
2024-07-12 00:00:00+00:00,29.416249999999998,26.011425
2024-07-12 01:00:00+00:00,28.049374999999998,26.626009
2024-07-12 02:00:00+00:00,26.682499999999997,26.149544
2024-07-12 03:00:00+00:00,25.315625,25.347515
2024-07-12 04:00:00+00:00,23.94875,25.076624
2024-07-12 05:00:00+00:00,19.864375,22.833755
2024-07-12 06:00:00+00:00,15.78,21.260242
2024-07-12 07:00:00+00:00,20.996875,22.687162
2024-07-12 08:00:00+00:00,26.21375,24.729929
2024-07-12 09:00:00+00:00,23.9465625,24.314743
2024-07-12 10:00:00+00:00,21.679375,23.601465
2024-07-12 11:00:00+00:00,19.4121875,22.35046
2024-07-12 12:00:00+00:00,17.145,22.211298
2024-07-12 13:00:00+00:00,30.13375,34.97214
2024-07-12 14:00:00+00:00,43.1225,43.774086
2024-07-12 15:00:00+00:00,56.11125,49.446983
2024-07-12 16:00:00+00:00,69.1,55.09373
2024-07-12 17:00:00+00:00,56.855,39.7601
2024-07-12 18:00:00+00:00,44.61,25.746569
2024-07-12 19:00:00+00:00,32.365,18.736185
2024-07-12 20:00:00+00:00,20.12,11.605885
2024-07-12 21:00:00+00:00,19.949687499999996,14.218962
2024-07-12 22:00:00+00:00,19.779375,16.898495
2024-07-12 23:00:00+00:00,19.609062499999997,19.966562
2024-07-13 00:00:00+00:00,19.438750000000002,22.762573
2024-07-13 01:00:00+00:00,19.58625,20.876171
2024-07-13 02:00:00+00:00,19.73375,19.620184
2024-07-13 03:00:00+00:00,19.881249999999998,18.379864
2024-07-13 04:00:00+00:00,20.02875,17.957977
2024-07-13 05:00:00+00:00,17.421875,16.905436
2024-07-13 06:00:00+00:00,14.815,16.059864
2024-07-13 07:00:00+00:00,18.37,17.54971
2024-07-13 08:00:00+00:00,21.925,19.21595
2024-07-13 09:00:00+00:00,25.781249999999996,21.74609
2024-07-13 10:00:00+00:00,29.637500000000003,24.63459
2024-07-13 11:00:00+00:00,33.493750000000006,25.879723
2024-07-13 12:00:00+00:00,37.35000000000001,26.516346
2024-07-13 13:00:00+00:00,41.2628125,34.12094
2024-07-13 14:00:00+00:00,45.175625,43.025578
2024-07-13 15:00:00+00:00,49.0884375,49.9171
2024-07-13 16:00:00+00:00,53.00125,56.739475
2024-07-13 17:00:00+00:00,47.0184375,50.195293
2024-07-13 18:00:00+00:00,41.035624999999996,39.840153
2024-07-13 19:00:00+00:00,35.0528125,30.384068
2024-07-13 20:00:00+00:00,29.07,20.461437
2024-07-13 21:00:00+00:00,26.5928125,20.01394
2024-07-13 22:00:00+00:00,24.115625,19.186913
2024-07-13 23:00:00+00:00,21.6384375,18.732452
2024-07-14 00:00:00+00:00,19.16125,20.191315
2024-07-14 01:00:00+00:00,18.679375,17.669962
2024-07-14 02:00:00+00:00,18.197499999999998,16.555225
2024-07-14 03:00:00+00:00,17.715625,16.470284
2024-07-14 04:00:00+00:00,17.23375,16.526827
2024-07-14 05:00:00+00:00,15.364374999999999,16.004917
2024-07-14 06:00:00+00:00,13.495,15.878407
2024-07-14 07:00:00+00:00,17.16875,19.777931
2024-07-14 08:00:00+00:00,20.8425,25.010054
2024-07-14 09:00:00+00:00,22.076458333333335,29.97283
2024-07-14 10:00:00+00:00,23.31041666666667,35.830368
2024-07-14 11:00:00+00:00,24.544375,38.014717
2024-07-14 12:00:00+00:00,25.778333333333332,36.181095
2024-07-14 13:00:00+00:00,24.6603125,33.622337
2024-07-14 14:00:00+00:00,23.542291666666664,31.5394
2024-07-14 15:00:00+00:00,22.42427083333333,28.932253
2024-07-14 16:00:00+00:00,21.30625,26.22751
2024-07-14 17:00:00+00:00,20.925624999999997,24.549318
2024-07-14 18:00:00+00:00,20.544999999999998,24.479275
2024-07-14 19:00:00+00:00,20.164375,25.303993
2024-07-14 20:00:00+00:00,19.783749999999998,26.476786
2024-07-14 21:00:00+00:00,20.889687499999997,26.284021
2024-07-14 22:00:00+00:00,21.995624999999997,25.57199
2024-07-14 23:00:00+00:00,23.1015625,25.027512
2024-07-15 00:00:00+00:00,24.2075,23.894152
2024-07-15 01:00:00+00:00,22.4540625,22.23581
2024-07-15 02:00:00+00:00,20.700625,21.258768
2024-07-15 03:00:00+00:00,18.9471875,19.724049
2024-07-15 04:00:00+00:00,17.193749999999998,18.27504
2024-07-15 05:00:00+00:00,14.889375,16.732563
2024-07-15 06:00:00+00:00,12.585,15.815231
2024-07-15 07:00:00+00:00,15.531875,18.36101
2024-07-15 08:00:00+00:00,18.478749999999998,21.84108
2024-07-15 09:00:00+00:00,23.655729166666667,23.99838
2024-07-15 10:00:00+00:00,28.832708333333333,26.623075
2024-07-15 11:00:00+00:00,34.0096875,29.151142
2024-07-15 12:00:00+00:00,39.18666666666667,31.30264
2024-07-15 13:00:00+00:00,37.1084375,31.890621
2024-07-15 14:00:00+00:00,35.030208333333334,31.357422
2024-07-15 15:00:00+00:00,32.95197916666667,29.971962
2024-07-15 16:00:00+00:00,30.87375,27.901646
2024-07-15 17:00:00+00:00,26.3903125,24.702757
2024-07-15 18:00:00+00:00,21.906875,21.488356
2024-07-15 19:00:00+00:00,17.4234375,17.945438
2024-07-15 20:00:00+00:00,12.94,15.300151
2024-07-15 21:00:00+00:00,13.950312499999999,14.830361
2024-07-15 22:00:00+00:00,14.960625,16.039602
2024-07-15 23:00:00+00:00,15.9709375,17.142422
2024-07-16 00:00:00+00:00,16.98125,18.319736
2024-07-16 01:00:00+00:00,21.281875,19.1493
2024-07-16 02:00:00+00:00,25.582500000000003,20.676865
2024-07-16 03:00:00+00:00,29.883125000000003,22.385906
2024-07-16 04:00:00+00:00,34.18375,23.238148
2024-07-16 05:00:00+00:00,23.379375000000003,19.279316
2024-07-16 06:00:00+00:00,12.575,15.697997
2024-07-16 07:00:00+00:00,25.528125000000003,17.71255
2024-07-16 08:00:00+00:00,38.48125,20.191671
2024-07-16 09:00:00+00:00,40.36052083333334,24.250057
2024-07-16 10:00:00+00:00,42.23979166666667,27.836893
2024-07-16 11:00:00+00:00,44.1190625,32.84518
2024-07-16 12:00:00+00:00,45.998333333333335,38.420696
2024-07-16 13:00:00+00:00,38.903125,33.760136
2024-07-16 14:00:00+00:00,31.807916666666667,27.978785
2024-07-16 15:00:00+00:00,24.71270833333333,23.477383
2024-07-16 16:00:00+00:00,17.617500000000003,18.875092
2024-07-16 17:00:00+00:00,23.041249999999998,24.57121
2024-07-16 18:00:00+00:00,28.465,29.451355
2024-07-16 19:00:00+00:00,33.88875,30.73402
2024-07-16 20:00:00+00:00,39.3125,33.29046
2024-07-16 21:00:00+00:00,34.4,27.083149
2024-07-16 22:00:00+00:00,29.4875,22.078886
2024-07-16 23:00:00+00:00,24.575000000000003,19.133858
2024-07-17 00:00:00+00:00,19.6625,14.699506
2024-07-17 01:00:00+00:00,19.453125,16.03703
2024-07-17 02:00:00+00:00,19.24375,17.262009
2024-07-17 03:00:00+00:00,19.034374999999997,17.60143
2024-07-17 04:00:00+00:00,18.825,19.0321
2024-07-17 05:00:00+00:00,17.54,16.64289
2024-07-17 06:00:00+00:00,16.255000000000003,14.185835
2024-07-17 07:00:00+00:00,21.856875000000002,21.55981
2024-07-17 08:00:00+00:00,27.45875,28.294746
2024-07-17 09:00:00+00:00,27.184479166666666,28.642435
2024-07-17 10:00:00+00:00,26.91020833333333,28.500479
2024-07-17 11:00:00+00:00,26.635937499999994,29.918821
2024-07-17 12:00:00+00:00,26.361666666666665,32.786137
2024-07-17 13:00:00+00:00,29.286874999999995,33.994568
2024-07-17 14:00:00+00:00,32.21208333333333,34.563187
2024-07-17 15:00:00+00:00,35.13729166666667,34.36637
2024-07-17 16:00:00+00:00,38.06250000000001,34.434307
2024-07-17 17:00:00+00:00,34.0525,37.839874
2024-07-17 18:00:00+00:00,30.0425,39.62223
2024-07-17 19:00:00+00:00,26.0325,37.786488
2024-07-17 20:00:00+00:00,22.0225,36.201527
2024-07-17 21:00:00+00:00,33.681875,32.76873
2024-07-17 22:00:00+00:00,45.341249999999995,30.85614
2024-07-17 23:00:00+00:00,57.000625,30.564781
2024-07-18 00:00:00+00:00,68.66,29.04818
2024-07-18 01:00:00+00:00,56.6975,29.563057
2024-07-18 02:00:00+00:00,44.735,26.396189
2024-07-18 03:00:00+00:00,32.7725,23.644533
2024-07-18 04:00:00+00:00,20.81,20.849636
2024-07-18 05:00:00+00:00,22.6725,13.890795
2024-07-18 06:00:00+00:00,24.535,8.42016
2024-07-18 07:00:00+00:00,24.064375,13.513542
2024-07-18 08:00:00+00:00,23.59375,19.947124
2024-07-18 09:00:00+00:00,29.012395833333336,22.584482
2024-07-18 10:00:00+00:00,34.43104166666667,23.939793
2024-07-18 11:00:00+00:00,39.8496875,24.57737
2024-07-18 12:00:00+00:00,45.26833333333334,25.767487
2024-07-18 13:00:00+00:00,40.4265625,27.049725
2024-07-18 14:00:00+00:00,35.58479166666667,27.53639
2024-07-18 15:00:00+00:00,30.743020833333336,25.228476
2024-07-18 16:00:00+00:00,25.90125,23.372051
2024-07-18 17:00:00+00:00,23.705625,21.648209
2024-07-18 18:00:00+00:00,21.51,19.597364
2024-07-18 19:00:00+00:00,19.314375000000002,17.48899
2024-07-18 20:00:00+00:00,17.118750000000002,15.138726
2024-07-18 21:00:00+00:00,17.4359375,16.726086
2024-07-18 22:00:00+00:00,17.753125,20.180637
2024-07-18 23:00:00+00:00,18.0703125,23.882656
2024-07-19 00:00:00+00:00,18.3875,27.613123
2024-07-19 01:00:00+00:00,20.198437500000004,28.077536
2024-07-19 02:00:00+00:00,22.009375,27.93371
2024-07-19 03:00:00+00:00,23.8203125,26.191906
2024-07-19 04:00:00+00:00,25.63125,22.856815
2024-07-19 05:00:00+00:00,23.328125,23.153307
2024-07-19 06:00:00+00:00,21.025,23.415457
2024-07-19 07:00:00+00:00,19.99625,24.226274
2024-07-19 08:00:00+00:00,18.967499999999998,25.467384
2024-07-19 09:00:00+00:00,21.148125,24.827389
2024-07-19 10:00:00+00:00,23.32875,25.096619
2024-07-19 11:00:00+00:00,25.509375,27.576567
2024-07-19 12:00:00+00:00,27.689999999999998,32.23188
2024-07-19 13:00:00+00:00,28.058749999999996,35.49814
2024-07-19 14:00:00+00:00,28.4275,38.016224
2024-07-19 15:00:00+00:00,28.79625,35.453293
2024-07-19 16:00:00+00:00,29.165,31.059328
2024-07-19 17:00:00+00:00,28.975,28.441315
2024-07-19 18:00:00+00:00,28.785,26.751595
2024-07-19 19:00:00+00:00,28.595,25.397099
2024-07-19 20:00:00+00:00,28.405,22.382154
2024-07-19 21:00:00+00:00,25.317500000000003,19.970123
2024-07-19 22:00:00+00:00,22.23,17.89666
2024-07-19 23:00:00+00:00,19.1425,16.585373
2024-07-20 00:00:00+00:00,16.055,15.307445
2024-07-20 01:00:00+00:00,16.5040625,15.169048
2024-07-20 02:00:00+00:00,16.953125,15.543875
2024-07-20 03:00:00+00:00,17.4021875,16.545395
2024-07-20 04:00:00+00:00,17.85125,17.686962
2024-07-20 05:00:00+00:00,16.265625,18.113115
2024-07-20 06:00:00+00:00,14.68,17.905159
2024-07-20 07:00:00+00:00,26.394375,18.804798
2024-07-20 08:00:00+00:00,38.10875,20.435432
2024-07-20 09:00:00+00:00,81.80322916666667,25.167252
2024-07-20 10:00:00+00:00,125.49770833333334,30.144648
2024-07-20 11:00:00+00:00,169.1921875,35.106464
2024-07-20 12:00:00+00:00,212.88666666666666,39.28724
2024-07-20 13:00:00+00:00,166.82406249999997,39.501972
2024-07-20 14:00:00+00:00,120.76145833333334,39.09692
2024-07-20 15:00:00+00:00,74.69885416666665,36.56664
2024-07-20 16:00:00+00:00,28.63625,33.92515
2024-07-20 17:00:00+00:00,25.7584375,28.772667
2024-07-20 18:00:00+00:00,22.880625000000002,23.797169
2024-07-20 19:00:00+00:00,20.0028125,18.681301
2024-07-20 20:00:00+00:00,17.125,13.933946
2024-07-20 21:00:00+00:00,19.24375,18.31665
2024-07-20 22:00:00+00:00,21.3625,23.139084
2024-07-20 23:00:00+00:00,23.481250000000003,28.82863
2024-07-21 00:00:00+00:00,25.6,35.36454
2024-07-21 01:00:00+00:00,24.313125,34.105324
2024-07-21 02:00:00+00:00,23.02625,29.867395
2024-07-21 03:00:00+00:00,21.739375000000003,25.641054
2024-07-21 04:00:00+00:00,20.4525,22.800152
2024-07-21 05:00:00+00:00,20.55875,21.502274
2024-07-21 06:00:00+00:00,20.665,20.599628
2024-07-21 07:00:00+00:00,21.194375,23.982399
2024-07-21 08:00:00+00:00,21.72375,26.391945
2024-07-21 09:00:00+00:00,38.98197916666666,29.876888
2024-07-21 10:00:00+00:00,56.24020833333333,36.281395
2024-07-21 11:00:00+00:00,73.4984375,48.89
2024-07-21 12:00:00+00:00,90.75666666666666,61.06569
2024-07-21 13:00:00+00:00,73.9890625,51.98042
2024-07-21 14:00:00+00:00,57.22145833333333,41.63017
2024-07-21 15:00:00+00:00,40.453854166666666,30.971199
2024-07-21 16:00:00+00:00,23.68625,21.340298
2024-07-21 17:00:00+00:00,25.5396875,22.082596
2024-07-21 18:00:00+00:00,27.393125,23.944843
2024-07-21 19:00:00+00:00,29.246562500000003,29.31254
2024-07-21 20:00:00+00:00,31.1,33.479053
2024-07-21 21:00:00+00:00,28.082812500000003,30.083334
2024-07-21 22:00:00+00:00,25.065625,27.02564
2024-07-21 23:00:00+00:00,22.0484375,23.668772
2024-07-22 00:00:00+00:00,19.031250000000004,20.013739
2024-07-22 01:00:00+00:00,60.658125,22.948174
2024-07-22 02:00:00+00:00,102.28500000000001,31.049719
2024-07-22 03:00:00+00:00,143.911875,43.80801
2024-07-22 04:00:00+00:00,185.53875,54.22968
2024-07-22 05:00:00+00:00,102.906875,49.50316
2024-07-22 06:00:00+00:00,20.275,40.346214
2024-07-22 07:00:00+00:00,21.77375,33.75144
2024-07-22 08:00:00+00:00,23.272499999999997,29.115498
2024-07-22 09:00:00+00:00,32.68895833333333,29.0208
2024-07-22 10:00:00+00:00,42.10541666666667,30.909973
2024-07-22 11:00:00+00:00,51.521875,35.102604
2024-07-22 12:00:00+00:00,60.93833333333333,40.01955
2024-07-22 13:00:00+00:00,55.3171875,42.98417
2024-07-22 14:00:00+00:00,49.696041666666666,43.671684
2024-07-22 15:00:00+00:00,44.07489583333333,41.56257
2024-07-22 16:00:00+00:00,38.45375,39.8042
2024-07-22 17:00:00+00:00,34.42875,35.87519
2024-07-22 18:00:00+00:00,30.40375,30.557598
2024-07-22 19:00:00+00:00,26.378749999999997,27.53059
2024-07-22 20:00:00+00:00,22.353749999999998,25.077394
2024-07-22 21:00:00+00:00,20.990937499999998,23.63152
2024-07-22 22:00:00+00:00,19.628124999999997,22.736818
2024-07-22 23:00:00+00:00,18.265312499999997,20.986412
2024-07-23 00:00:00+00:00,16.9025,18.991146
2024-07-23 01:00:00+00:00,17.5015625,17.027653
2024-07-23 02:00:00+00:00,18.100625,23.195736
2024-07-23 03:00:00+00:00,18.6996875,27.886929
2024-07-23 04:00:00+00:00,19.29875,30.50947
2024-07-23 05:00:00+00:00,22.211874999999996,22.221287
2024-07-23 06:00:00+00:00,25.125,10.470362
2024-07-23 07:00:00+00:00,25.424374999999998,17.40955
2024-07-23 08:00:00+00:00,25.723749999999995,23.77853
2024-07-23 09:00:00+00:00,26.32989583333333,25.37003
2024-07-23 10:00:00+00:00,26.936041666666664,27.796724
2024-07-23 11:00:00+00:00,27.542187499999997,29.232788
2024-07-23 12:00:00+00:00,28.14833333333333,31.565508
2024-07-23 13:00:00+00:00,27.266875,31.21305
2024-07-23 14:00:00+00:00,26.385416666666664,29.70867
2024-07-23 15:00:00+00:00,25.503958333333333,25.38506
2024-07-23 16:00:00+00:00,24.622500000000002,20.363934
2024-07-23 17:00:00+00:00,24.963125,21.356503
2024-07-23 18:00:00+00:00,25.303749999999997,24.788504
2024-07-23 19:00:00+00:00,25.644374999999997,25.736626
2024-07-23 20:00:00+00:00,25.984999999999996,26.44793
2024-07-23 21:00:00+00:00,28.289375,25.939083
2024-07-23 22:00:00+00:00,30.59375,25.198425
2024-07-23 23:00:00+00:00,32.898125,25.213203
2024-07-24 00:00:00+00:00,35.2025,25.732002
2024-07-24 01:00:00+00:00,30.9940625,22.55363
2024-07-24 02:00:00+00:00,26.785625,20.473389
2024-07-24 03:00:00+00:00,22.5771875,17.749998
2024-07-24 04:00:00+00:00,18.368750000000002,16.586695
2024-07-24 05:00:00+00:00,19.559375,15.755495
2024-07-24 06:00:00+00:00,20.75,16.769117
2024-07-24 07:00:00+00:00,20.425,16.064703
2024-07-24 08:00:00+00:00,20.1,16.394978
2024-07-24 09:00:00+00:00,63.13999999999999,22.367708
2024-07-24 10:00:00+00:00,106.18,31.511143
2024-07-24 11:00:00+00:00,149.22,37.43455
2024-07-24 12:00:00+00:00,192.26,42.17988
2024-07-24 13:00:00+00:00,185.23375,63.88542
2024-07-24 14:00:00+00:00,178.20749999999998,83.96382
2024-07-24 15:00:00+00:00,171.18125,107.51643
2024-07-24 16:00:00+00:00,164.155,117.82997
2024-07-24 17:00:00+00:00,128.049375,88.48688
2024-07-24 18:00:00+00:00,91.94375,64.58702
2024-07-24 19:00:00+00:00,55.838125,46.531933
2024-07-24 20:00:00+00:00,19.7325,28.968807
2024-07-24 21:00:00+00:00,19.5853125,25.723507
2024-07-24 22:00:00+00:00,19.438125,23.968431
2024-07-24 23:00:00+00:00,19.290937500000002,21.538677
2024-07-25 00:00:00+00:00,19.14375,22.002712
2024-07-25 01:00:00+00:00,20.4796875,24.07235
2024-07-25 02:00:00+00:00,21.815624999999997,23.026646
2024-07-25 03:00:00+00:00,23.151562499999997,23.447466
2024-07-25 04:00:00+00:00,24.487499999999997,23.921268
2024-07-25 05:00:00+00:00,21.336249999999996,22.204756
2024-07-25 06:00:00+00:00,18.185000000000002,23.30472
2024-07-25 07:00:00+00:00,22.215625000000003,26.286777
2024-07-25 08:00:00+00:00,26.246249999999996,30.939148
2024-07-25 09:00:00+00:00,29.646770833333335,48.983833
2024-07-25 10:00:00+00:00,33.047291666666666,68.2114
2024-07-25 11:00:00+00:00,36.4478125,69.39876
2024-07-25 12:00:00+00:00,39.848333333333336,66.14424
2024-07-25 13:00:00+00:00,42.855312500000004,64.722115
2024-07-25 14:00:00+00:00,45.862291666666664,62.101746
2024-07-25 15:00:00+00:00,48.86927083333333,63.55036
2024-07-25 16:00:00+00:00,51.87625,63.069614
2024-07-25 17:00:00+00:00,44.4840625,52.428917
2024-07-25 18:00:00+00:00,37.091875,42.827114
2024-07-25 19:00:00+00:00,29.699687500000003,30.542206
2024-07-25 20:00:00+00:00,22.3075,16.698072
2024-07-25 21:00:00+00:00,23.849375000000002,18.543882
2024-07-25 22:00:00+00:00,25.39125,21.867123
2024-07-25 23:00:00+00:00,26.933125,26.095354
2024-07-26 00:00:00+00:00,28.475,31.040962
2024-07-26 01:00:00+00:00,26.052500000000002,27.997341
2024-07-26 02:00:00+00:00,23.630000000000003,28.14958
2024-07-26 03:00:00+00:00,21.2075,20.677217
2024-07-26 04:00:00+00:00,18.785,15.983818
2024-07-26 05:00:00+00:00,17.3425,19.069242
2024-07-26 06:00:00+00:00,15.899999999999999,26.703045
2024-07-26 07:00:00+00:00,128.586875,83.70117
2024-07-26 08:00:00+00:00,241.27375,133.32361
2024-07-26 09:00:00+00:00,188.80906249999998,109.673256
2024-07-26 10:00:00+00:00,136.344375,81.801285
2024-07-26 11:00:00+00:00,83.87968749999999,55.962204
2024-07-26 12:00:00+00:00,31.415000000000003,36.25198
2024-07-26 13:00:00+00:00,33.4340625,34.493713
2024-07-26 14:00:00+00:00,35.453125,35.913696
2024-07-26 15:00:00+00:00,37.472187500000004,36.632362
2024-07-26 16:00:00+00:00,39.49125,35.496952
2024-07-26 17:00:00+00:00,36.6846875,36.328117
2024-07-26 18:00:00+00:00,33.878125,35.479713
2024-07-26 19:00:00+00:00,31.071562499999995,32.563526
2024-07-26 20:00:00+00:00,28.264999999999997,28.355434
2024-07-26 21:00:00+00:00,28.279062500000002,25.929323
2024-07-26 22:00:00+00:00,28.293125,25.43974
2024-07-26 23:00:00+00:00,28.307187499999998,23.669931
2024-07-27 00:00:00+00:00,28.32125,22.48235
2024-07-27 01:00:00+00:00,25.6259375,22.101269
2024-07-27 02:00:00+00:00,22.930625,23.5499
2024-07-27 03:00:00+00:00,20.2353125,23.964653
2024-07-27 04:00:00+00:00,17.54,23.138807
2024-07-27 05:00:00+00:00,17.25,17.616459
2024-07-27 06:00:00+00:00,16.96,13.048279
2024-07-27 07:00:00+00:00,19.6625,22.255672
2024-07-27 08:00:00+00:00,22.365000000000002,31.243225
2024-07-27 09:00:00+00:00,25.0575,33.31364
2024-07-27 10:00:00+00:00,27.75,35.219803
2024-07-27 11:00:00+00:00,30.4425,32.35853
2024-07-27 12:00:00+00:00,33.135,27.793375
2024-07-27 13:00:00+00:00,31.503437499999997,32.123943
2024-07-27 14:00:00+00:00,29.871875,34.370094
2024-07-27 15:00:00+00:00,28.2403125,31.918339
2024-07-27 16:00:00+00:00,26.60875,28.95769
2024-07-27 17:00:00+00:00,25.2353125,27.796652
2024-07-27 18:00:00+00:00,23.861874999999998,25.956018
2024-07-27 19:00:00+00:00,22.4884375,23.614483
2024-07-27 20:00:00+00:00,21.115,21.82011
2024-07-27 21:00:00+00:00,23.2484375,22.05676
2024-07-27 22:00:00+00:00,25.381875,25.452997
2024-07-27 23:00:00+00:00,27.5153125,25.832134
2024-07-28 00:00:00+00:00,29.64875,27.818714
2024-07-28 01:00:00+00:00,31.8034375,28.14814
2024-07-28 02:00:00+00:00,33.958124999999995,28.62216
2024-07-28 03:00:00+00:00,36.1128125,29.654247
2024-07-28 04:00:00+00:00,38.2675,30.578947
2024-07-28 05:00:00+00:00,25.10875,25.424208
2024-07-28 06:00:00+00:00,11.95,21.021795
2024-07-28 07:00:00+00:00,19.52875,20.873693
2024-07-28 08:00:00+00:00,27.107499999999998,21.113024
2024-07-28 09:00:00+00:00,27.353125,20.744041
2024-07-28 10:00:00+00:00,27.59875,23.51884
2024-07-28 11:00:00+00:00,27.844375,27.455164
2024-07-28 12:00:00+00:00,28.09,30.586388
2024-07-28 13:00:00+00:00,52.097500000000004,45.15911
2024-07-28 14:00:00+00:00,76.105,62.42814
2024-07-28 15:00:00+00:00,100.11250000000001,82.27724
2024-07-28 16:00:00+00:00,124.12,96.288086
2024-07-28 17:00:00+00:00,110.4703125,97.595474
2024-07-28 18:00:00+00:00,96.820625,96.33992
2024-07-28 19:00:00+00:00,83.1709375,92.70653
2024-07-28 20:00:00+00:00,69.52125,87.02179
2024-07-28 21:00:00+00:00,57.420624999999994,76.18622
2024-07-28 22:00:00+00:00,45.31999999999999,62.364044
2024-07-28 23:00:00+00:00,33.219375,44.166348
2024-07-29 00:00:00+00:00,21.11875,28.259315
2024-07-29 01:00:00+00:00,20.513125,21.458172
2024-07-29 02:00:00+00:00,19.9075,20.051418
2024-07-29 03:00:00+00:00,19.301875000000003,20.42111
2024-07-29 04:00:00+00:00,18.69625,20.488781
2024-07-29 05:00:00+00:00,16.385624999999997,17.41301
2024-07-29 06:00:00+00:00,14.074999999999998,13.603811
2024-07-29 07:00:00+00:00,17.866875,20.527508
2024-07-29 08:00:00+00:00,21.65875,27.44395
2024-07-29 09:00:00+00:00,30.461145833333333,29.781282
2024-07-29 10:00:00+00:00,39.263541666666676,32.668312
2024-07-29 11:00:00+00:00,48.0659375,32.016273
2024-07-29 12:00:00+00:00,56.86833333333333,30.69033
2024-07-29 13:00:00+00:00,52.161874999999995,32.07712
2024-07-29 14:00:00+00:00,47.45541666666667,32.65062
2024-07-29 15:00:00+00:00,42.748958333333334,33.1263
2024-07-29 16:00:00+00:00,38.0425,33.581833
2024-07-29 17:00:00+00:00,37.232187499999995,38.109676
2024-07-29 18:00:00+00:00,36.421875,40.72337
2024-07-29 19:00:00+00:00,35.6115625,38.60768
2024-07-29 20:00:00+00:00,34.801249999999996,36.66495
2024-07-29 21:00:00+00:00,32.01125,34.56212
2024-07-29 22:00:00+00:00,29.221249999999998,32.64028
2024-07-29 23:00:00+00:00,26.43125,31.011274
2024-07-30 00:00:00+00:00,23.64125,29.046028
2024-07-30 01:00:00+00:00,25.276249999999997,27.028671
2024-07-30 02:00:00+00:00,26.91125,27.584337
2024-07-30 03:00:00+00:00,28.54625,26.283493
2024-07-30 04:00:00+00:00,30.18125,25.308672
2024-07-30 05:00:00+00:00,23.138125,21.167248
2024-07-30 06:00:00+00:00,16.095,20.740318
2024-07-30 07:00:00+00:00,19.226875,17.065374
2024-07-30 08:00:00+00:00,22.35875,15.964146
2024-07-30 09:00:00+00:00,206.16739583333333,60.02671
2024-07-30 10:00:00+00:00,389.9760416666666,114.52704
2024-07-30 11:00:00+00:00,573.7846875,186.57634
2024-07-30 12:00:00+00:00,757.5933333333332,253.5601
2024-07-30 13:00:00+00:00,576.071875,209.89156
2024-07-30 14:00:00+00:00,394.5504166666667,147.8624
2024-07-30 15:00:00+00:00,213.02895833333332,93.120804
2024-07-30 16:00:00+00:00,31.5075,45.720863
2024-07-30 17:00:00+00:00,28.79625,35.074394
2024-07-30 18:00:00+00:00,26.085,30.86813
2024-07-30 19:00:00+00:00,23.373749999999994,30.56051
2024-07-30 20:00:00+00:00,20.662499999999998,29.926094
2024-07-30 21:00:00+00:00,22.585312499999997,27.781677
2024-07-30 22:00:00+00:00,24.508125,29.824715
2024-07-30 23:00:00+00:00,26.4309375,28.919716
2024-07-31 00:00:00+00:00,28.353749999999994,28.58228
2024-07-31 01:00:00+00:00,29.674374999999998,32.077618
2024-07-31 02:00:00+00:00,30.995,30.984133
2024-07-31 03:00:00+00:00,32.315625000000004,29.684595
2024-07-31 04:00:00+00:00,33.636250000000004,28.580528
2024-07-31 05:00:00+00:00,23.785625000000007,25.748474
2024-07-31 06:00:00+00:00,13.935,20.579323
2024-07-31 07:00:00+00:00,18.335,21.614075
2024-07-31 08:00:00+00:00,22.735,25.847282
2024-07-31 09:00:00+00:00,23.6525,40.998043
2024-07-31 10:00:00+00:00,24.57,49.106342
2024-07-31 11:00:00+00:00,25.4875,51.510815
2024-07-31 12:00:00+00:00,26.405,59.582615
2024-07-31 13:00:00+00:00,27.1953125,49.94748
2024-07-31 14:00:00+00:00,27.985625,43.56019
2024-07-31 15:00:00+00:00,28.7759375,33.820858
2024-07-31 16:00:00+00:00,29.56625,18.199661
2024-07-31 17:00:00+00:00,29.1821875,23.399662
2024-07-31 18:00:00+00:00,28.798125,24.101112
2024-07-31 19:00:00+00:00,28.4140625,20.164272
2024-07-31 20:00:00+00:00,28.03,16.302803
2024-07-31 21:00:00+00:00,26.543125,13.568497
2024-07-31 22:00:00+00:00,25.05625,15.444099
2024-07-31 23:00:00+00:00,23.569375,22.468506
2024-08-01 00:00:00+00:00,22.0825,27.692972
2024-08-01 01:00:00+00:00,24.386875,26.59565
2024-08-01 02:00:00+00:00,26.69125,25.03224
2024-08-01 03:00:00+00:00,28.995625,27.604961
2024-08-01 04:00:00+00:00,31.3,28.473785
2024-08-01 05:00:00+00:00,20.43,28.567293
2024-08-01 06:00:00+00:00,9.56,26.312193
2024-08-01 07:00:00+00:00,23.56125,28.888838
2024-08-01 08:00:00+00:00,37.5625,31.841974
2024-08-01 09:00:00+00:00,39.471875,26.028337
2024-08-01 10:00:00+00:00,41.381249999999994,17.196129
2024-08-01 11:00:00+00:00,43.290625,13.280178
2024-08-01 12:00:00+00:00,45.199999999999996,16.275284
2024-08-01 13:00:00+00:00,41.595,18.283703
2024-08-01 14:00:00+00:00,37.989999999999995,23.938208
2024-08-01 15:00:00+00:00,34.385,25.875748
2024-08-01 16:00:00+00:00,30.779999999999994,27.51094
2024-08-01 17:00:00+00:00,36.4321875,42.568974
2024-08-01 18:00:00+00:00,42.084375,59.984337
2024-08-01 19:00:00+00:00,47.736562500000005,74.5455
2024-08-01 20:00:00+00:00,53.38875,87.3966
2024-08-01 21:00:00+00:00,46.610625,82.49394
2024-08-01 22:00:00+00:00,39.8325,76.38013
2024-08-01 23:00:00+00:00,33.054375,72.44232
2024-08-02 00:00:00+00:00,26.27625,67.6785
2024-08-02 01:00:00+00:00,25.3284375,55.231678
2024-08-02 02:00:00+00:00,24.380625000000002,44.041122
2024-08-02 03:00:00+00:00,23.4328125,36.12462
2024-08-02 04:00:00+00:00,22.485,30.123886
2024-08-02 05:00:00+00:00,19.9075,22.103317
2024-08-02 06:00:00+00:00,17.33,15.907814
2024-08-02 07:00:00+00:00,17.7825,19.082241
2024-08-02 08:00:00+00:00,18.234999999999996,24.861528
2024-08-02 09:00:00+00:00,20.217916666666667,29.314413
2024-08-02 10:00:00+00:00,22.200833333333335,31.891777
2024-08-02 11:00:00+00:00,24.18375,30.196331
2024-08-02 12:00:00+00:00,26.166666666666668,28.920958
2024-08-02 13:00:00+00:00,28.7296875,36.227646
2024-08-02 14:00:00+00:00,31.292708333333337,45.69881
2024-08-02 15:00:00+00:00,33.85572916666667,57.887962
2024-08-02 16:00:00+00:00,36.41875,66.03019
2024-08-02 17:00:00+00:00,34.253125000000004,60.27167
2024-08-02 18:00:00+00:00,32.087500000000006,50.06741
2024-08-02 19:00:00+00:00,29.921875,40.613026
2024-08-02 20:00:00+00:00,27.75625,33.06034
2024-08-02 21:00:00+00:00,36.069375,31.563526
2024-08-02 22:00:00+00:00,44.38250000000001,31.197487
2024-08-02 23:00:00+00:00,52.69562500000001,32.918198
2024-08-03 00:00:00+00:00,61.008750000000006,32.681015
2024-08-03 01:00:00+00:00,52.056875000000005,27.312265
2024-08-03 02:00:00+00:00,43.105000000000004,29.50403
2024-08-03 03:00:00+00:00,34.153125,33.18356
2024-08-03 04:00:00+00:00,25.20125,37.97054
2024-08-03 05:00:00+00:00,23.848125,30.975248
2024-08-03 06:00:00+00:00,22.494999999999994,24.932941
2024-08-03 07:00:00+00:00,25.525,25.785759
2024-08-03 08:00:00+00:00,28.555,29.394146
2024-08-03 09:00:00+00:00,30.24875,25.941677
2024-08-03 10:00:00+00:00,31.9425,27.830177
2024-08-03 11:00:00+00:00,33.63625,32.60049
2024-08-03 12:00:00+00:00,35.33,36.703697
2024-08-03 13:00:00+00:00,150.42343749999998,116.32895
2024-08-03 14:00:00+00:00,265.516875,189.29092
2024-08-03 15:00:00+00:00,380.6103125,249.93973
2024-08-03 16:00:00+00:00,495.70375,293.09134
2024-08-03 17:00:00+00:00,378.46375,205.97853
2024-08-03 18:00:00+00:00,261.22375,127.36925
2024-08-03 19:00:00+00:00,143.98375,83.88241
2024-08-03 20:00:00+00:00,26.74375,37.700527
2024-08-03 21:00:00+00:00,25.287187499999998,34.769268
2024-08-03 22:00:00+00:00,23.830624999999998,31.795982
2024-08-03 23:00:00+00:00,22.3740625,30.221312
2024-08-04 00:00:00+00:00,20.9175,34.452137
2024-08-04 01:00:00+00:00,22.363125,30.140638
2024-08-04 02:00:00+00:00,23.808750000000003,25.960876
2024-08-04 03:00:00+00:00,25.254375000000003,23.12886
2024-08-04 04:00:00+00:00,26.700000000000003,21.599068
2024-08-04 05:00:00+00:00,24.5925,21.01844
2024-08-04 06:00:00+00:00,22.485,24.497128
2024-08-04 07:00:00+00:00,35.406875,26.667461
2024-08-04 08:00:00+00:00,48.32875,26.895054
2024-08-04 09:00:00+00:00,60.049479166666664,28.579285
2024-08-04 10:00:00+00:00,71.77020833333333,28.159077
2024-08-04 11:00:00+00:00,83.4909375,24.838612
2024-08-04 12:00:00+00:00,95.21166666666666,21.321648
2024-08-04 13:00:00+00:00,77.3896875,25.450317
2024-08-04 14:00:00+00:00,59.56770833333333,26.264957
2024-08-04 15:00:00+00:00,41.74572916666666,28.30637
2024-08-04 16:00:00+00:00,23.92375,33.944595
2024-08-04 17:00:00+00:00,23.167499999999997,31.540817
2024-08-04 18:00:00+00:00,22.41125,33.568657
2024-08-04 19:00:00+00:00,21.654999999999998,29.611803
2024-08-04 20:00:00+00:00,20.89875,21.697834
2024-08-04 21:00:00+00:00,23.9078125,25.719631
2024-08-04 22:00:00+00:00,26.916875,31.413168
2024-08-04 23:00:00+00:00,29.925937500000003,35.034172
2024-08-05 00:00:00+00:00,32.935,34.56096
2024-08-05 01:00:00+00:00,30.636562500000004,29.495974
2024-08-05 02:00:00+00:00,28.338125,26.713554
2024-08-05 03:00:00+00:00,26.0396875,25.604935
2024-08-05 04:00:00+00:00,23.74125,24.17537
2024-08-05 05:00:00+00:00,22.405625,22.891315
2024-08-05 06:00:00+00:00,21.07,23.569004
2024-08-05 07:00:00+00:00,26.396250000000002,29.26012
2024-08-05 08:00:00+00:00,31.7225,35.77572
2024-08-05 09:00:00+00:00,67.88354166666667,48.466114
2024-08-05 10:00:00+00:00,104.04458333333334,66.797035
2024-08-05 11:00:00+00:00,140.205625,99.01704
2024-08-05 12:00:00+00:00,176.36666666666667,130.62575
2024-08-05 13:00:00+00:00,141.81625,102.2414
2024-08-05 14:00:00+00:00,107.26583333333335,72.066216
2024-08-05 15:00:00+00:00,72.71541666666667,50.10046
2024-08-05 16:00:00+00:00,38.165,29.20478
2024-08-05 17:00:00+00:00,34.4834375,26.317326
2024-08-05 18:00:00+00:00,30.801875,25.9791
2024-08-05 19:00:00+00:00,27.120312499999997,26.97327
2024-08-05 20:00:00+00:00,23.43875,28.895452
2024-08-05 21:00:00+00:00,31.29875,30.575233
2024-08-05 22:00:00+00:00,39.15875,32.12667
2024-08-05 23:00:00+00:00,47.018750000000004,34.65599
2024-08-06 00:00:00+00:00,54.878750000000004,35.26992
2024-08-06 01:00:00+00:00,46.40656250000001,37.461155
2024-08-06 02:00:00+00:00,37.934375,38.440964
2024-08-06 03:00:00+00:00,29.462187500000002,33.83585
2024-08-06 04:00:00+00:00,20.99,27.152214
2024-08-06 05:00:00+00:00,20.167499999999997,22.847103
2024-08-06 06:00:00+00:00,19.345,17.667389
2024-08-06 07:00:00+00:00,22.353749999999998,19.77446
2024-08-06 08:00:00+00:00,25.3625,23.806011
2024-08-06 09:00:00+00:00,26.077708333333337,36.243366
2024-08-06 10:00:00+00:00,26.792916666666667,49.872875
2024-08-06 11:00:00+00:00,27.508125,70.525665
2024-08-06 12:00:00+00:00,28.223333333333333,94.14651
2024-08-06 13:00:00+00:00,27.7709375,79.913734
2024-08-06 14:00:00+00:00,27.31854166666667,60.307354
2024-08-06 15:00:00+00:00,26.866145833333334,40.251587
2024-08-06 16:00:00+00:00,26.41375,21.12247
2024-08-06 17:00:00+00:00,25.176249999999996,21.782524
2024-08-06 18:00:00+00:00,23.93875,24.881447
2024-08-06 19:00:00+00:00,22.70125,27.933243
2024-08-06 20:00:00+00:00,21.46375,29.520607
2024-08-06 21:00:00+00:00,22.3084375,32.74228
2024-08-06 22:00:00+00:00,23.153125000000003,39.025013
2024-08-06 23:00:00+00:00,23.997812500000002,38.849022
2024-08-07 00:00:00+00:00,24.8425,39.42298
2024-08-07 01:00:00+00:00,36.050000000000004,38.995773
2024-08-07 02:00:00+00:00,47.2575,41.254375
2024-08-07 03:00:00+00:00,58.465,42.693924
2024-08-07 04:00:00+00:00,69.6725,40.171215
2024-08-07 05:00:00+00:00,44.81125,35.838867
2024-08-07 06:00:00+00:00,19.95,33.566055
2024-08-07 07:00:00+00:00,24.746875,37.567673
2024-08-07 08:00:00+00:00,29.54375,39.73331
2024-08-07 09:00:00+00:00,33.090312499999996,37.44226
2024-08-07 10:00:00+00:00,36.636874999999996,35.060966
2024-08-07 11:00:00+00:00,40.1834375,36.126694
2024-08-07 12:00:00+00:00,43.730000000000004,38.34446
2024-08-07 13:00:00+00:00,42.123437499999994,33.09948
2024-08-07 14:00:00+00:00,40.516875,32.94035
2024-08-07 15:00:00+00:00,38.9103125,32.11176
2024-08-07 16:00:00+00:00,37.30375,28.59802
2024-08-07 17:00:00+00:00,45.811875,63.344162
2024-08-07 18:00:00+00:00,54.31999999999999,93.869644
2024-08-07 19:00:00+00:00,62.82812499999999,123.186554
2024-08-07 20:00:00+00:00,71.33624999999999,155.97719
2024-08-07 21:00:00+00:00,60.185,125.044586
2024-08-07 22:00:00+00:00,49.03375,94.51012
2024-08-07 23:00:00+00:00,37.8825,69.3958
2024-08-08 00:00:00+00:00,26.73125,37.91293
2024-08-08 01:00:00+00:00,25.108125,34.948486
2024-08-08 02:00:00+00:00,23.485,31.450218
2024-08-08 03:00:00+00:00,21.861874999999998,30.729256
2024-08-08 04:00:00+00:00,20.23875,32.41249
2024-08-08 05:00:00+00:00,19.529375,23.642456
2024-08-08 06:00:00+00:00,18.82,13.539982
2024-08-08 07:00:00+00:00,24.669375000000002,16.06112
2024-08-08 08:00:00+00:00,30.51875,22.75552
2024-08-08 09:00:00+00:00,63.29322916666666,29.94377
2024-08-08 10:00:00+00:00,96.06770833333333,42.186436
2024-08-08 11:00:00+00:00,128.8421875,55.412575
2024-08-08 12:00:00+00:00,161.61666666666667,65.33106
2024-08-08 13:00:00+00:00,147.8125,69.179825
2024-08-08 14:00:00+00:00,134.00833333333333,68.5341
2024-08-08 15:00:00+00:00,120.20416666666665,64.60761
2024-08-08 16:00:00+00:00,106.39999999999999,56.040104
2024-08-08 17:00:00+00:00,84.6521875,45.98349
2024-08-08 18:00:00+00:00,62.904374999999995,33.07911
2024-08-08 19:00:00+00:00,41.15656249999999,22.396273
2024-08-08 20:00:00+00:00,19.408749999999998,13.798954
2024-08-08 21:00:00+00:00,19.4625,10.670956
2024-08-08 22:00:00+00:00,19.51625,13.031128
2024-08-08 23:00:00+00:00,19.57,14.380413
2024-08-09 00:00:00+00:00,19.623750000000005,19.840836
2024-08-09 01:00:00+00:00,24.431562500000002,25.68169
2024-08-09 02:00:00+00:00,29.239375000000003,33.430626
2024-08-09 03:00:00+00:00,34.04718750000001,37.329506
2024-08-09 04:00:00+00:00,38.855000000000004,37.214664
2024-08-09 05:00:00+00:00,30.195,29.778473
2024-08-09 06:00:00+00:00,21.535,24.319534
2024-08-09 07:00:00+00:00,23.358125,24.295273
2024-08-09 08:00:00+00:00,25.18125,27.448812
2024-08-09 09:00:00+00:00,32.5709375,28.957253
2024-08-09 10:00:00+00:00,39.960625,28.861675
2024-08-09 11:00:00+00:00,47.3503125,23.672386
2024-08-09 12:00:00+00:00,54.74,26.133018
2024-08-09 13:00:00+00:00,51.98906250000001,65.14754
2024-08-09 14:00:00+00:00,49.238125,101.18084
2024-08-09 15:00:00+00:00,46.4871875,121.3864
2024-08-09 16:00:00+00:00,43.736250000000005,137.9678
2024-08-09 17:00:00+00:00,40.972812499999996,120.34176
2024-08-09 18:00:00+00:00,38.209374999999994,89.73042
2024-08-09 19:00:00+00:00,35.4459375,60.17253
2024-08-09 20:00:00+00:00,32.6825,31.480268
2024-08-09 21:00:00+00:00,31.202812499999997,25.953367
2024-08-09 22:00:00+00:00,29.723124999999996,24.20209
2024-08-09 23:00:00+00:00,28.2434375,22.018774
2024-08-10 00:00:00+00:00,26.763749999999998,25.059677
2024-08-10 01:00:00+00:00,32.2109375,35.534332
2024-08-10 02:00:00+00:00,37.658125,37.182068
2024-08-10 03:00:00+00:00,43.1053125,42.079315
2024-08-10 04:00:00+00:00,48.5525,47.839058
2024-08-10 05:00:00+00:00,38.166250000000005,35.744568
2024-08-10 06:00:00+00:00,27.78,25.271059
2024-08-10 07:00:00+00:00,23.380000000000003,23.352694
2024-08-10 08:00:00+00:00,18.98,22.077543
2024-08-10 09:00:00+00:00,23.209166666666672,26.479616
2024-08-10 10:00:00+00:00,27.438333333333333,29.567665
2024-08-10 11:00:00+00:00,31.6675,32.310596
2024-08-10 12:00:00+00:00,35.89666666666667,34.338844
2024-08-10 13:00:00+00:00,33.315,32.73211
2024-08-10 14:00:00+00:00,30.733333333333334,30.654259
2024-08-10 15:00:00+00:00,28.151666666666667,28.450785
2024-08-10 16:00:00+00:00,25.57,26.793182
2024-08-10 17:00:00+00:00,26.216875,26.159788
2024-08-10 18:00:00+00:00,26.863749999999996,25.365707
2024-08-10 19:00:00+00:00,27.510624999999997,25.322655
2024-08-10 20:00:00+00:00,28.1575,23.245417
2024-08-10 21:00:00+00:00,26.67125,24.181282
2024-08-10 22:00:00+00:00,25.185,22.365341
2024-08-10 23:00:00+00:00,23.69875,20.811846
2024-08-11 00:00:00+00:00,22.2125,18.52739
2024-08-11 01:00:00+00:00,22.311875,21.297634
2024-08-11 02:00:00+00:00,22.41125,22.401312
2024-08-11 03:00:00+00:00,22.510624999999997,23.939669
2024-08-11 04:00:00+00:00,22.609999999999996,26.130568
2024-08-11 05:00:00+00:00,20.5675,25.022419
2024-08-11 06:00:00+00:00,18.525,21.60852
2024-08-11 07:00:00+00:00,57.528124999999996,29.250782
2024-08-11 08:00:00+00:00,96.53125,37.50934
2024-08-11 09:00:00+00:00,82.07135416666667,39.082237
2024-08-11 10:00:00+00:00,67.61145833333333,39.68059
2024-08-11 11:00:00+00:00,53.151562500000004,39.13849
2024-08-11 12:00:00+00:00,38.69166666666667,39.998352
2024-08-11 13:00:00+00:00,40.563437500000006,40.51809
2024-08-11 14:00:00+00:00,42.435208333333335,41.11737
2024-08-11 15:00:00+00:00,44.306979166666665,41.31161
2024-08-11 16:00:00+00:00,46.17875,39.752907
2024-08-11 17:00:00+00:00,43.63875,34.28014
2024-08-11 18:00:00+00:00,41.098749999999995,28.758324
2024-08-11 19:00:00+00:00,38.558749999999996,26.738403
2024-08-11 20:00:00+00:00,36.01875,24.52463
2024-08-11 21:00:00+00:00,36.194374999999994,26.099762
2024-08-11 22:00:00+00:00,36.37,31.896614
2024-08-11 23:00:00+00:00,36.545625,37.81233
2024-08-12 00:00:00+00:00,36.72125,41.12991
2024-08-12 01:00:00+00:00,33.944375,33.750187
2024-08-12 02:00:00+00:00,31.167499999999997,28.413565
2024-08-12 03:00:00+00:00,28.390625,23.695251
2024-08-12 04:00:00+00:00,25.61375,18.897995
2024-08-12 05:00:00+00:00,19.889375,14.805792
2024-08-12 06:00:00+00:00,14.165,12.189333
2024-08-12 07:00:00+00:00,18.200625,20.446846
2024-08-12 08:00:00+00:00,22.23625,31.530424
2024-08-12 09:00:00+00:00,28.731354166666662,32.279385
2024-08-12 10:00:00+00:00,35.22645833333333,33.63533
2024-08-12 11:00:00+00:00,41.721562500000005,34.295048
2024-08-12 12:00:00+00:00,48.21666666666667,35.588646
2024-08-12 13:00:00+00:00,83.98750000000001,49.559254
2024-08-12 14:00:00+00:00,119.75833333333334,64.19898
2024-08-12 15:00:00+00:00,155.52916666666667,85.6676
2024-08-12 16:00:00+00:00,191.3,110.706024
2024-08-12 17:00:00+00:00,156.539375,115.776695
2024-08-12 18:00:00+00:00,121.77875000000002,112.71924
2024-08-12 19:00:00+00:00,87.018125,103.75051
2024-08-12 20:00:00+00:00,52.2575,86.92455
2024-08-12 21:00:00+00:00,44.578125,61.11246
2024-08-12 22:00:00+00:00,36.89875,40.668114
2024-08-12 23:00:00+00:00,29.219375,26.024336
2024-08-13 00:00:00+00:00,21.539999999999996,15.923174
2024-08-13 01:00:00+00:00,21.005625,18.537416
2024-08-13 02:00:00+00:00,20.471249999999998,21.730543
2024-08-13 03:00:00+00:00,19.936875,24.020256
2024-08-13 04:00:00+00:00,19.4025,25.976557
2024-08-13 05:00:00+00:00,17.75375,21.985264
2024-08-13 06:00:00+00:00,16.105,19.634346
2024-08-13 07:00:00+00:00,42.050625,23.408419
2024-08-13 08:00:00+00:00,67.99625,29.587154
2024-08-13 09:00:00+00:00,60.29260416666667,34.43628
2024-08-13 10:00:00+00:00,52.58895833333334,40.29055
2024-08-13 11:00:00+00:00,44.8853125,44.83743
2024-08-13 12:00:00+00:00,37.181666666666665,47.00232
2024-08-13 13:00:00+00:00,35.1796875,50.180794
2024-08-13 14:00:00+00:00,33.17770833333333,52.655373
2024-08-13 15:00:00+00:00,31.175729166666663,54.587036
2024-08-13 16:00:00+00:00,29.17375,56.47853
2024-08-13 17:00:00+00:00,25.910625,54.407883
2024-08-13 18:00:00+00:00,22.6475,51.02051
2024-08-13 19:00:00+00:00,19.384374999999995,47.354897
2024-08-13 20:00:00+00:00,16.12125,44.331985
2024-08-13 21:00:00+00:00,19.900624999999998,39.22851
2024-08-13 22:00:00+00:00,23.680000000000003,35.18337
2024-08-13 23:00:00+00:00,27.459375,31.66893
2024-08-14 00:00:00+00:00,31.238749999999996,30.002026
2024-08-14 01:00:00+00:00,29.7878125,26.72418
2024-08-14 02:00:00+00:00,28.336875,25.650406
2024-08-14 03:00:00+00:00,26.885937499999997,24.338663
2024-08-14 04:00:00+00:00,25.435,24.708376
2024-08-14 05:00:00+00:00,19.74,25.018896
2024-08-14 06:00:00+00:00,14.044999999999998,26.515675
2024-08-14 07:00:00+00:00,32.0175,38.260284
2024-08-14 08:00:00+00:00,49.989999999999995,51.37815
2024-08-14 09:00:00+00:00,43.46874999999999,50.298683
2024-08-14 10:00:00+00:00,36.9475,46.401638
2024-08-14 11:00:00+00:00,30.42625,39.96126
2024-08-14 12:00:00+00:00,23.905,31.039555
2024-08-14 13:00:00+00:00,25.883125,27.415604
2024-08-14 14:00:00+00:00,27.86125,25.555367
2024-08-14 15:00:00+00:00,29.839375,23.649803
2024-08-14 16:00:00+00:00,31.8175,23.979757
2024-08-14 17:00:00+00:00,29.0328125,22.909166
2024-08-14 18:00:00+00:00,26.248125,23.413134
2024-08-14 19:00:00+00:00,23.4634375,22.352514
2024-08-14 20:00:00+00:00,20.67875,20.279688
2024-08-14 21:00:00+00:00,23.4590625,20.902071
2024-08-14 22:00:00+00:00,26.239375000000003,20.837984
2024-08-14 23:00:00+00:00,29.0196875,20.511375
2024-08-15 00:00:00+00:00,31.8,21.358097
2024-08-15 01:00:00+00:00,29.734375,20.523104
2024-08-15 02:00:00+00:00,27.668750000000003,22.120333
2024-08-15 03:00:00+00:00,25.603125000000002,22.753208
2024-08-15 04:00:00+00:00,23.5375,22.795673
2024-08-15 05:00:00+00:00,20.32875,17.490519
2024-08-15 06:00:00+00:00,17.12,13.425962
2024-08-15 07:00:00+00:00,19.949375,17.779646
2024-08-15 08:00:00+00:00,22.77875,22.904793
2024-08-15 09:00:00+00:00,74.6678125,40.240997
2024-08-15 10:00:00+00:00,126.556875,61.54443
2024-08-15 11:00:00+00:00,178.4459375,78.341774
2024-08-15 12:00:00+00:00,230.335,91.1864
2024-08-15 13:00:00+00:00,180.96812500000001,81.520615
2024-08-15 14:00:00+00:00,131.60125,67.695076
2024-08-15 15:00:00+00:00,82.234375,52.847572
2024-08-15 16:00:00+00:00,32.8675,38.920586
2024-08-15 17:00:00+00:00,35.8665625,33.948715
2024-08-15 18:00:00+00:00,38.865624999999994,31.61491
2024-08-15 19:00:00+00:00,41.864687499999995,31.650345
2024-08-15 20:00:00+00:00,44.863749999999996,32.358505
2024-08-15 21:00:00+00:00,43.9403125,32.256424
2024-08-15 22:00:00+00:00,43.016875,33.90231
2024-08-15 23:00:00+00:00,42.0934375,37.848606
2024-08-16 00:00:00+00:00,41.169999999999995,40.70488
2024-08-16 01:00:00+00:00,37.8440625,39.142677
2024-08-16 02:00:00+00:00,34.518125,37.203266
2024-08-16 03:00:00+00:00,31.192187500000003,34.331264
2024-08-16 04:00:00+00:00,27.86625,29.68202
2024-08-16 05:00:00+00:00,24.295625,23.050608
2024-08-16 06:00:00+00:00,20.725,17.755865
2024-08-16 07:00:00+00:00,22.87375,22.026455
2024-08-16 08:00:00+00:00,25.0225,24.965502
2024-08-16 09:00:00+00:00,24.453541666666663,30.50563
2024-08-16 10:00:00+00:00,23.88458333333333,35.709743
2024-08-16 11:00:00+00:00,23.315625,41.17504
2024-08-16 12:00:00+00:00,22.746666666666666,51.442165
2024-08-16 13:00:00+00:00,26.980625,48.065495
2024-08-16 14:00:00+00:00,31.21458333333333,42.427296
2024-08-16 15:00:00+00:00,35.448541666666664,34.378296
2024-08-16 16:00:00+00:00,39.6825,27.0422
2024-08-16 17:00:00+00:00,50.586875,46.275352
2024-08-16 18:00:00+00:00,61.491249999999994,71.563385
2024-08-16 19:00:00+00:00,72.395625,111.70106
2024-08-16 20:00:00+00:00,83.3,152.57492
2024-08-16 21:00:00+00:00,69.57843749999999,134.27895
2024-08-16 22:00:00+00:00,55.856875,105.92534
2024-08-16 23:00:00+00:00,42.1353125,81.37223
2024-08-17 00:00:00+00:00,28.41375,54.720886
2024-08-17 01:00:00+00:00,26.808437500000004,40.84802
2024-08-17 02:00:00+00:00,25.203125,32.838135
2024-08-17 03:00:00+00:00,23.5978125,27.794006
2024-08-17 04:00:00+00:00,21.992500000000003,23.965696
2024-08-17 05:00:00+00:00,20.38625,19.254185
2024-08-17 06:00:00+00:00,18.78,16.95011
2024-08-17 07:00:00+00:00,20.171875,17.55569
2024-08-17 08:00:00+00:00,21.56375,18.753695
2024-08-17 09:00:00+00:00,104.46864583333334,26.804668
2024-08-17 10:00:00+00:00,187.37354166666668,34.090748
2024-08-17 11:00:00+00:00,270.2784375,36.57576
2024-08-17 12:00:00+00:00,353.18333333333334,38.077343
2024-08-17 13:00:00+00:00,273.9659375,40.378902
2024-08-17 14:00:00+00:00,194.74854166666665,43.69383
2024-08-17 15:00:00+00:00,115.53114583333331,43.549763
2024-08-17 16:00:00+00:00,36.31375,41.22334
2024-08-17 17:00:00+00:00,33.6084375,36.99735
2024-08-17 18:00:00+00:00,30.903125,31.031742
2024-08-17 19:00:00+00:00,28.197812499999998,28.36088
2024-08-17 20:00:00+00:00,25.4925,24.651188
2024-08-17 21:00:00+00:00,23.131875,19.543673
2024-08-17 22:00:00+00:00,20.771250000000002,19.41283
2024-08-17 23:00:00+00:00,18.410625,18.963774
2024-08-18 00:00:00+00:00,16.05,18.748154
2024-08-18 01:00:00+00:00,19.882812499999996,24.104101
2024-08-18 02:00:00+00:00,23.715625000000006,26.349407
2024-08-18 03:00:00+00:00,27.548437500000002,28.0567
2024-08-18 04:00:00+00:00,31.38125,27.409899
2024-08-18 05:00:00+00:00,25.758125,22.150942
2024-08-18 06:00:00+00:00,20.134999999999998,19.036577
2024-08-18 07:00:00+00:00,22.17875,20.438576
2024-08-18 08:00:00+00:00,24.2225,22.282969
2024-08-18 09:00:00+00:00,44.25270833333333,42.453274
2024-08-18 10:00:00+00:00,64.28291666666667,67.515854
2024-08-18 11:00:00+00:00,84.31312499999999,80.45607
2024-08-18 12:00:00+00:00,104.34333333333332,86.13907
2024-08-18 13:00:00+00:00,84.88218749999999,73.24959
2024-08-18 14:00:00+00:00,65.42104166666667,60.22558
2024-08-18 15:00:00+00:00,45.959895833333334,41.497494
2024-08-18 16:00:00+00:00,26.49875,25.894903
2024-08-18 17:00:00+00:00,27.6009375,29.525846
2024-08-18 18:00:00+00:00,28.703125,33.650387
2024-08-18 19:00:00+00:00,29.8053125,33.22515
2024-08-18 20:00:00+00:00,30.907499999999995,32.587578
2024-08-18 21:00:00+00:00,29.264062499999998,24.277334
2024-08-18 22:00:00+00:00,27.620624999999997,19.400957
2024-08-18 23:00:00+00:00,25.9771875,21.38847
2024-08-19 00:00:00+00:00,24.33375,22.992174
2024-08-19 01:00:00+00:00,26.54875,25.92937
2024-08-19 02:00:00+00:00,28.76375,28.541449
2024-08-19 03:00:00+00:00,30.97875,30.447187
2024-08-19 04:00:00+00:00,33.19375,33.340538
2024-08-19 05:00:00+00:00,27.279375,27.307552
2024-08-19 06:00:00+00:00,21.365000000000002,22.637794
2024-08-19 07:00:00+00:00,24.624375,22.40221
2024-08-19 08:00:00+00:00,27.88375,23.260626
2024-08-19 09:00:00+00:00,27.946145833333333,21.790882
2024-08-19 10:00:00+00:00,28.008541666666666,21.561964
2024-08-19 11:00:00+00:00,28.070937500000003,17.654703
2024-08-19 12:00:00+00:00,28.133333333333336,16.95437
2024-08-19 13:00:00+00:00,54.96625,58.80843
2024-08-19 14:00:00+00:00,81.79916666666666,101.921646
2024-08-19 15:00:00+00:00,108.63208333333334,153.25946
2024-08-19 16:00:00+00:00,135.465,190.77908
2024-08-19 17:00:00+00:00,109.0240625,147.48471
2024-08-19 18:00:00+00:00,82.583125,100.268845
2024-08-19 19:00:00+00:00,56.142187500000006,64.68236
2024-08-19 20:00:00+00:00,29.70125,29.712368
2024-08-19 21:00:00+00:00,30.7115625,27.384298
2024-08-19 22:00:00+00:00,31.721875,29.630987
2024-08-19 23:00:00+00:00,32.7321875,33.285084
2024-08-20 00:00:00+00:00,33.7425,39.06933
2024-08-20 01:00:00+00:00,35.590625,38.32738
2024-08-20 02:00:00+00:00,37.43875,36.954483
2024-08-20 03:00:00+00:00,39.286874999999995,35.612713
2024-08-20 04:00:00+00:00,41.135,35.465824
2024-08-20 05:00:00+00:00,30.119999999999997,32.64292
2024-08-20 06:00:00+00:00,19.105,30.781902
2024-08-20 07:00:00+00:00,24.275,34.21168
2024-08-20 08:00:00+00:00,29.445,35.823944
2024-08-20 09:00:00+00:00,29.779583333333335,33.664867
2024-08-20 10:00:00+00:00,30.11416666666667,31.84196
2024-08-20 11:00:00+00:00,30.44875,30.224997
2024-08-20 12:00:00+00:00,30.783333333333335,29.885384
2024-08-20 13:00:00+00:00,29.188125,32.923676
2024-08-20 14:00:00+00:00,27.592916666666667,34.90889
2024-08-20 15:00:00+00:00,25.997708333333335,35.917595
2024-08-20 16:00:00+00:00,24.4025,34.408607
2024-08-20 17:00:00+00:00,25.5078125,33.257534
2024-08-20 18:00:00+00:00,26.613125,35.010944
2024-08-20 19:00:00+00:00,27.7184375,31.383625
2024-08-20 20:00:00+00:00,28.82375,29.240934
2024-08-20 21:00:00+00:00,29.8034375,36.613613
2024-08-20 22:00:00+00:00,30.783124999999995,45.010902
2024-08-20 23:00:00+00:00,31.7628125,52.49643
2024-08-21 00:00:00+00:00,32.7425,57.16724
2024-08-21 01:00:00+00:00,30.2128125,45.833214
2024-08-21 02:00:00+00:00,27.683125,38.557808
2024-08-21 03:00:00+00:00,25.153437500000003,30.250975
2024-08-21 04:00:00+00:00,22.62375,24.23742
2024-08-21 05:00:00+00:00,20.991875,18.708864
2024-08-21 06:00:00+00:00,19.36,14.789516
2024-08-21 07:00:00+00:00,22.476249999999997,17.820824
2024-08-21 08:00:00+00:00,25.5925,21.486801
2024-08-21 09:00:00+00:00,26.057291666666668,20.07519
2024-08-21 10:00:00+00:00,26.522083333333335,19.89411
2024-08-21 11:00:00+00:00,26.986875,18.540564
2024-08-21 12:00:00+00:00,27.451666666666668,12.491215
2024-08-21 13:00:00+00:00,120.0959375,36.42215
2024-08-21 14:00:00+00:00,212.74020833333333,63.473778
2024-08-21 15:00:00+00:00,305.38447916666667,92.709915
2024-08-21 16:00:00+00:00,398.02875,124.06383
2024-08-21 17:00:00+00:00,304.2065625,98.87739
2024-08-21 18:00:00+00:00,210.384375,69.550896
2024-08-21 19:00:00+00:00,116.56218749999998,48.569645
2024-08-21 20:00:00+00:00,22.740000000000002,25.913591
2024-08-21 21:00:00+00:00,23.3625,27.560247
2024-08-21 22:00:00+00:00,23.985,27.676104
2024-08-21 23:00:00+00:00,24.6075,28.612947
2024-08-22 00:00:00+00:00,25.23,29.636126
2024-08-22 01:00:00+00:00,23.0040625,32.399055
2024-08-22 02:00:00+00:00,20.778125000000003,29.045923
2024-08-22 03:00:00+00:00,18.552187500000002,25.083096
2024-08-22 04:00:00+00:00,16.32625,21.553673
2024-08-22 05:00:00+00:00,15.825625,19.064533
2024-08-22 06:00:00+00:00,15.325,20.26828
2024-08-22 07:00:00+00:00,24.932499999999997,23.962797
2024-08-22 08:00:00+00:00,34.54,28.888563
2024-08-22 09:00:00+00:00,34.50625,29.641428
2024-08-22 10:00:00+00:00,34.4725,30.44247
2024-08-22 11:00:00+00:00,34.43875,28.760513
2024-08-22 12:00:00+00:00,34.405,27.60277
2024-08-22 13:00:00+00:00,39.0128125,45.32824
2024-08-22 14:00:00+00:00,43.620625000000004,62.343395
2024-08-22 15:00:00+00:00,48.2284375,71.46547
2024-08-22 16:00:00+00:00,52.83625,77.774216
2024-08-22 17:00:00+00:00,44.5790625,67.214355
2024-08-22 18:00:00+00:00,36.321875,55.2111
2024-08-22 19:00:00+00:00,28.064687499999998,39.88359
2024-08-22 20:00:00+00:00,19.807499999999994,23.246384
2024-08-22 21:00:00+00:00,22.467187499999998,23.63848
2024-08-22 22:00:00+00:00,25.126875,26.038315
2024-08-22 23:00:00+00:00,27.7865625,26.792044
2024-08-23 00:00:00+00:00,30.44625,29.600466
2024-08-23 01:00:00+00:00,29.565625,24.314762
2024-08-23 02:00:00+00:00,28.685000000000002,20.524519
2024-08-23 03:00:00+00:00,27.804375,19.95859
2024-08-23 04:00:00+00:00,26.923750000000002,21.567202
2024-08-23 05:00:00+00:00,20.366875,25.686668
2024-08-23 06:00:00+00:00,13.81,28.46177
2024-08-23 07:00:00+00:00,26.693125000000002,30.07892
2024-08-23 08:00:00+00:00,39.57625,33.667976
2024-08-23 09:00:00+00:00,39.68135416666667,35.469067
2024-08-23 10:00:00+00:00,39.78645833333333,36.43212
2024-08-23 11:00:00+00:00,39.8915625,36.62452
2024-08-23 12:00:00+00:00,39.99666666666666,36.837963
2024-08-23 13:00:00+00:00,36.1790625,30.512396
2024-08-23 14:00:00+00:00,32.36145833333333,26.23073
2024-08-23 15:00:00+00:00,28.543854166666666,19.727657
2024-08-23 16:00:00+00:00,24.72625,16.62157
2024-08-23 17:00:00+00:00,27.1021875,26.696333
2024-08-23 18:00:00+00:00,29.478125000000002,38.10887
2024-08-23 19:00:00+00:00,31.854062500000005,50.152794
2024-08-23 20:00:00+00:00,34.230000000000004,60.023186
2024-08-23 21:00:00+00:00,32.745625000000004,53.316433
2024-08-23 22:00:00+00:00,31.261250000000004,45.52739
2024-08-23 23:00:00+00:00,29.776875,38.33462
2024-08-24 00:00:00+00:00,28.2925,30.219133
2024-08-24 01:00:00+00:00,28.8196875,30.805239
2024-08-24 02:00:00+00:00,29.346875,33.77707
2024-08-24 03:00:00+00:00,29.8740625,34.263
2024-08-24 04:00:00+00:00,30.40125,34.405396
2024-08-24 05:00:00+00:00,22.670624999999998,28.861174
2024-08-24 06:00:00+00:00,14.94,23.357628
2024-08-24 07:00:00+00:00,26.411875000000002,26.12023
2024-08-24 08:00:00+00:00,37.88375,32.17048
2024-08-24 09:00:00+00:00,37.68739583333333,32.741074
2024-08-24 10:00:00+00:00,37.49104166666667,32.20536
2024-08-24 11:00:00+00:00,37.2946875,35.110332
2024-08-24 12:00:00+00:00,37.098333333333336,36.328182
2024-08-24 13:00:00+00:00,34.6725,36.538567
2024-08-24 14:00:00+00:00,32.24666666666667,36.1425
2024-08-24 15:00:00+00:00,29.820833333333333,31.612839
2024-08-24 16:00:00+00:00,27.395,25.45874
2024-08-24 17:00:00+00:00,25.158125,26.706923
2024-08-24 18:00:00+00:00,22.92125,29.146986
2024-08-24 19:00:00+00:00,20.684375,29.61221
2024-08-24 20:00:00+00:00,18.447499999999998,29.49831
2024-08-24 21:00:00+00:00,20.93,27.714739
2024-08-24 22:00:00+00:00,23.412499999999998,28.472078
2024-08-24 23:00:00+00:00,25.895,28.910645
2024-08-25 00:00:00+00:00,28.3775,30.120504
2024-08-25 01:00:00+00:00,28.6840625,27.96635
2024-08-25 02:00:00+00:00,28.990625,29.957932
2024-08-25 03:00:00+00:00,29.2971875,31.66989
2024-08-25 04:00:00+00:00,29.603749999999998,30.41766
2024-08-25 05:00:00+00:00,22.251875,26.114437
2024-08-25 06:00:00+00:00,14.900000000000002,21.461023
2024-08-25 07:00:00+00:00,17.896875,25.108707
2024-08-25 08:00:00+00:00,20.89375,29.667583
2024-08-25 09:00:00+00:00,23.762395833333333,30.772766
2024-08-25 10:00:00+00:00,26.63104166666667,31.628872
2024-08-25 11:00:00+00:00,29.4996875,31.493544
2024-08-25 12:00:00+00:00,32.36833333333333,31.175388
2024-08-25 13:00:00+00:00,30.426874999999995,25.82983
2024-08-25 14:00:00+00:00,28.485416666666666,23.328289
2024-08-25 15:00:00+00:00,26.543958333333332,18.129465
2024-08-25 16:00:00+00:00,24.6025,12.218742
2024-08-25 17:00:00+00:00,44.485,39.713364
2024-08-25 18:00:00+00:00,64.3675,64.95542
2024-08-25 19:00:00+00:00,84.24999999999999,84.301765
2024-08-25 20:00:00+00:00,104.1325,105.11544
2024-08-25 21:00:00+00:00,83.6171875,79.11969
2024-08-25 22:00:00+00:00,63.10187499999999,57.327152
2024-08-25 23:00:00+00:00,42.58656249999999,47.403404
2024-08-26 00:00:00+00:00,22.07125,33.912434
2024-08-26 01:00:00+00:00,22.5365625,32.687897
2024-08-26 02:00:00+00:00,23.001875,29.6031
2024-08-26 03:00:00+00:00,23.4671875,26.51815
2024-08-26 04:00:00+00:00,23.9325,24.361996
2024-08-26 05:00:00+00:00,20.77375,17.702347
2024-08-26 06:00:00+00:00,17.615000000000002,12.220919
2024-08-26 07:00:00+00:00,18.659375,13.443338
2024-08-26 08:00:00+00:00,19.70375,15.920452
2024-08-26 09:00:00+00:00,29.3740625,20.458967
2024-08-26 10:00:00+00:00,39.044375,26.879234
2024-08-26 11:00:00+00:00,48.7146875,34.68905
2024-08-26 12:00:00+00:00,58.385,42.11581
2024-08-26 13:00:00+00:00,51.86125,41.16019
2024-08-26 14:00:00+00:00,45.3375,37.64678
2024-08-26 15:00:00+00:00,38.81375,31.517311
2024-08-26 16:00:00+00:00,32.29,25.03713
2024-08-26 17:00:00+00:00,30.6253125,26.409111
2024-08-26 18:00:00+00:00,28.960625,27.545538
2024-08-26 19:00:00+00:00,27.2959375,30.085764
2024-08-26 20:00:00+00:00,25.63125,32.82874
2024-08-26 21:00:00+00:00,24.1340625,29.210794
2024-08-26 22:00:00+00:00,22.636875,26.124557
2024-08-26 23:00:00+00:00,21.1396875,22.160007
2024-08-27 00:00:00+00:00,19.642500000000002,19.111683
2024-08-27 01:00:00+00:00,21.756562499999998,19.174017
2024-08-27 02:00:00+00:00,23.870624999999997,21.966906
2024-08-27 03:00:00+00:00,25.9846875,23.195736
2024-08-27 04:00:00+00:00,28.09875,24.113823
2024-08-27 05:00:00+00:00,23.836875,21.200434
2024-08-27 06:00:00+00:00,19.575,17.408682
2024-08-27 07:00:00+00:00,23.271250000000002,17.676117
2024-08-27 08:00:00+00:00,26.9675,19.191238
2024-08-27 09:00:00+00:00,35.234791666666666,24.003222
2024-08-27 10:00:00+00:00,43.50208333333333,29.930664
2024-08-27 11:00:00+00:00,51.769375000000004,37.255802
2024-08-27 12:00:00+00:00,60.03666666666667,49.26803
2024-08-27 13:00:00+00:00,53.76531250000001,55.15018
2024-08-27 14:00:00+00:00,47.49395833333334,51.638477
2024-08-27 15:00:00+00:00,41.22260416666667,44.31162
2024-08-27 16:00:00+00:00,34.95125,38.53098
2024-08-27 17:00:00+00:00,31.972812500000003,32.855583
2024-08-27 18:00:00+00:00,28.994374999999998,29.203985
2024-08-27 19:00:00+00:00,26.0159375,26.577265
2024-08-27 20:00:00+00:00,23.0375,22.42277
2024-08-27 21:00:00+00:00,22.751875000000002,21.250587
2024-08-27 22:00:00+00:00,22.466250000000002,23.036531
2024-08-27 23:00:00+00:00,22.180625,23.151394
2024-08-28 00:00:00+00:00,21.895,24.76474
2024-08-28 01:00:00+00:00,22.158749999999998,30.378609
2024-08-28 02:00:00+00:00,22.4225,32.118782
2024-08-28 03:00:00+00:00,22.68625,32.582733
2024-08-28 04:00:00+00:00,22.95,30.913895
2024-08-28 05:00:00+00:00,22.305,21.473534
2024-08-28 06:00:00+00:00,21.66,14.771595
2024-08-28 07:00:00+00:00,28.931874999999998,18.449581
2024-08-28 08:00:00+00:00,36.20375,22.35058
2024-08-28 09:00:00+00:00,45.806979166666665,28.217602
2024-08-28 10:00:00+00:00,55.41020833333333,35.584
2024-08-28 11:00:00+00:00,65.0134375,45.785576
2024-08-28 12:00:00+00:00,74.61666666666666,56.61158
2024-08-28 13:00:00+00:00,63.847812499999996,54.484077
2024-08-28 14:00:00+00:00,53.07895833333333,48.92454
2024-08-28 15:00:00+00:00,42.31010416666667,41.936054
2024-08-28 16:00:00+00:00,31.54125,35.355602
2024-08-28 17:00:00+00:00,30.149687500000002,31.521505
2024-08-28 18:00:00+00:00,28.758125,28.039822
2024-08-28 19:00:00+00:00,27.3665625,26.60661
2024-08-28 20:00:00+00:00,25.975,22.65896
2024-08-28 21:00:00+00:00,23.769687500000003,21.492609
2024-08-28 22:00:00+00:00,21.564375000000002,20.696655
2024-08-28 23:00:00+00:00,19.3590625,20.571342
2024-08-29 00:00:00+00:00,17.153750000000002,20.353172
2024-08-29 01:00:00+00:00,19.161562500000002,16.518229
2024-08-29 02:00:00+00:00,21.169375000000002,19.534842
2024-08-29 03:00:00+00:00,23.1771875,21.422241
2024-08-29 04:00:00+00:00,25.185,22.892658
2024-08-29 05:00:00+00:00,22.252499999999998,19.151217
2024-08-29 06:00:00+00:00,19.32,14.980116
2024-08-29 07:00:00+00:00,23.57625,23.392822
2024-08-29 08:00:00+00:00,27.8325,29.775064
2024-08-29 09:00:00+00:00,26.446875000000002,27.013231
2024-08-29 10:00:00+00:00,25.06125,24.058674
2024-08-29 11:00:00+00:00,23.675625000000004,22.92341
2024-08-29 12:00:00+00:00,22.290000000000003,23.788876
2024-08-29 13:00:00+00:00,23.034375000000008,27.16885
2024-08-29 14:00:00+00:00,23.778750000000002,28.231749
2024-08-29 15:00:00+00:00,24.523125,26.278343
2024-08-29 16:00:00+00:00,25.267500000000002,26.780508
2024-08-29 17:00:00+00:00,25.404375,25.970585
2024-08-29 18:00:00+00:00,25.54125,25.96231
2024-08-29 19:00:00+00:00,25.678125,25.694782
2024-08-29 20:00:00+00:00,25.815,23.45237
2024-08-29 21:00:00+00:00,28.2265625,38.34314
2024-08-29 22:00:00+00:00,30.638125000000002,54.511627
2024-08-29 23:00:00+00:00,33.0496875,70.78164
2024-08-30 00:00:00+00:00,35.46125,89.02768
2024-08-30 01:00:00+00:00,32.181875,65.559975
2024-08-30 02:00:00+00:00,28.9025,52.878693
2024-08-30 03:00:00+00:00,25.623125,41.12311
2024-08-30 04:00:00+00:00,22.34375,30.487944
2024-08-30 05:00:00+00:00,19.279375,23.456507
2024-08-30 06:00:00+00:00,16.215,17.723167
2024-08-30 07:00:00+00:00,22.376875,21.546932
2024-08-30 08:00:00+00:00,28.538749999999997,25.226368
2024-08-30 09:00:00+00:00,28.028229166666666,24.688904
2024-08-30 10:00:00+00:00,27.51770833333333,23.888165
2024-08-30 11:00:00+00:00,27.0071875,21.069916
2024-08-30 12:00:00+00:00,26.496666666666666,19.766396
2024-08-30 13:00:00+00:00,29.4653125,24.366184
2024-08-30 14:00:00+00:00,32.43395833333333,29.288261
2024-08-30 15:00:00+00:00,35.40260416666666,38.835182
2024-08-30 16:00:00+00:00,38.371249999999996,47.897102
2024-08-30 17:00:00+00:00,35.942187499999996,44.023727
2024-08-30 18:00:00+00:00,33.513125,39.343018
2024-08-30 19:00:00+00:00,31.0840625,36.150528
2024-08-30 20:00:00+00:00,28.655,31.394554
2024-08-30 21:00:00+00:00,27.693125000000002,28.129799
2024-08-30 22:00:00+00:00,26.73125,23.693794
2024-08-30 23:00:00+00:00,25.769374999999997,21.33567
2024-08-31 00:00:00+00:00,24.807499999999997,19.62452
2024-08-31 01:00:00+00:00,23.51625,20.506145
2024-08-31 02:00:00+00:00,22.224999999999998,21.09864
2024-08-31 03:00:00+00:00,20.933749999999996,20.379965
2024-08-31 04:00:00+00:00,19.642500000000002,20.117973
2024-08-31 05:00:00+00:00,22.38375,16.550636
2024-08-31 06:00:00+00:00,25.125,12.684702
2024-08-31 07:00:00+00:00,27.875625,21.954166
2024-08-31 08:00:00+00:00,30.62625,32.223816
2024-08-31 09:00:00+00:00,32.96010416666667,33.182133
2024-08-31 10:00:00+00:00,35.293958333333336,32.245594
2024-08-31 11:00:00+00:00,37.627812500000005,31.112886
2024-08-31 12:00:00+00:00,39.961666666666666,31.180586
2024-08-31 13:00:00+00:00,43.730000000000004,34.958885
2024-08-31 14:00:00+00:00,47.498333333333335,37.81696
2024-08-31 15:00:00+00:00,51.266666666666666,42.252327
2024-08-31 16:00:00+00:00,55.035,46.40412
2024-08-31 17:00:00+00:00,49.034375,41.849964
2024-08-31 18:00:00+00:00,43.03375,37.306694
2024-08-31 19:00:00+00:00,37.033125,34.61246
2024-08-31 20:00:00+00:00,31.0325,31.653835
2024-08-31 21:00:00+00:00,28.955624999999994,29.564903
2024-08-31 22:00:00+00:00,26.87875,27.901798
2024-08-31 23:00:00+00:00,24.801875000000003,26.116468
2024-09-01 00:00:00+00:00,22.724999999999998,23.645338
2024-09-01 01:00:00+00:00,22.597500000000004,20.772749
2024-09-01 02:00:00+00:00,22.470000000000002,19.296375
2024-09-01 03:00:00+00:00,22.3425,19.43407
2024-09-01 04:00:00+00:00,22.215,20.133026
2024-09-01 05:00:00+00:00,24.750000000000004,20.362297
2024-09-01 06:00:00+00:00,27.284999999999997,21.374973
2024-09-01 07:00:00+00:00,26.486874999999998,24.88946
2024-09-01 08:00:00+00:00,25.68875,28.384615
2024-09-01 09:00:00+00:00,32.54322916666666,32.29435
2024-09-01 10:00:00+00:00,39.39770833333333,37.649315
2024-09-01 11:00:00+00:00,46.2521875,45.009697
2024-09-01 12:00:00+00:00,53.10666666666666,52.63009
2024-09-01 13:00:00+00:00,50.7025,55.678703
2024-09-01 14:00:00+00:00,48.29833333333333,57.09591
2024-09-01 15:00:00+00:00,45.89416666666666,61.892532
2024-09-01 16:00:00+00:00,43.49,65.49101
2024-09-01 17:00:00+00:00,39.5446875,57.793648
2024-09-01 18:00:00+00:00,35.599375,48.585472
2024-09-01 19:00:00+00:00,31.654062500000002,39.29146
2024-09-01 20:00:00+00:00,27.708750000000002,29.80822
2024-09-01 21:00:00+00:00,27.833125000000003,28.202688
2024-09-01 22:00:00+00:00,27.957500000000003,27.952549
2024-09-01 23:00:00+00:00,28.081875,26.499088
2024-09-02 00:00:00+00:00,28.20625,25.373316
2024-09-02 01:00:00+00:00,25.3871875,24.741018
2024-09-02 02:00:00+00:00,22.568125000000002,22.22197
2024-09-02 03:00:00+00:00,19.7490625,20.635006
2024-09-02 04:00:00+00:00,16.93,19.494858
2024-09-02 05:00:00+00:00,20.405,22.091265
2024-09-02 06:00:00+00:00,23.88,24.993505
2024-09-02 07:00:00+00:00,25.243124999999996,26.515993
2024-09-02 08:00:00+00:00,26.60625,27.831915
2024-09-02 09:00:00+00:00,29.823854166666667,31.424305
2024-09-02 10:00:00+00:00,33.04145833333333,36.104824
2024-09-02 11:00:00+00:00,36.259062500000006,37.522358
2024-09-02 12:00:00+00:00,39.476666666666674,37.82972
2024-09-02 13:00:00+00:00,35.16375,33.99262
2024-09-02 14:00:00+00:00,30.850833333333338,29.514734
2024-09-02 15:00:00+00:00,26.537916666666668,25.746536
2024-09-02 16:00:00+00:00,22.225,22.5125
2024-09-02 17:00:00+00:00,22.2640625,21.859217
2024-09-02 18:00:00+00:00,22.303125,22.302721
2024-09-02 19:00:00+00:00,22.3421875,22.34183
2024-09-02 20:00:00+00:00,22.381250000000005,22.354836
2024-09-02 21:00:00+00:00,23.8553125,23.237783
2024-09-02 22:00:00+00:00,25.329375,24.658707
2024-09-02 23:00:00+00:00,26.8034375,25.650894
2024-09-03 00:00:00+00:00,28.2775,27.018948
2024-09-03 01:00:00+00:00,28.518124999999998,28.978262
2024-09-03 02:00:00+00:00,28.75875,29.365936
2024-09-03 03:00:00+00:00,28.999375,29.808891
2024-09-03 04:00:00+00:00,29.24,31.068872
2024-09-03 05:00:00+00:00,24.322499999999998,29.731451
2024-09-03 06:00:00+00:00,19.405,28.899025
2024-09-03 07:00:00+00:00,21.11,27.457745
2024-09-03 08:00:00+00:00,22.815,25.992462
2024-09-03 09:00:00+00:00,26.862916666666667,30.043438
2024-09-03 10:00:00+00:00,30.910833333333336,34.61397
2024-09-03 11:00:00+00:00,34.95875,36.780293
2024-09-03 12:00:00+00:00,39.00666666666667,39.32621
2024-09-03 13:00:00+00:00,34.841875,36.85583
2024-09-03 14:00:00+00:00,30.677083333333336,33.07323
2024-09-03 15:00:00+00:00,26.512291666666666,29.336348
2024-09-03 16:00:00+00:00,22.3475,26.353168
2024-09-03 17:00:00+00:00,23.81625,27.445387
2024-09-03 18:00:00+00:00,25.285000000000004,28.66778
2024-09-03 19:00:00+00:00,26.75375,29.27636
2024-09-03 20:00:00+00:00,28.2225,29.494738
2024-09-03 21:00:00+00:00,27.7153125,28.325691
2024-09-03 22:00:00+00:00,27.208125,27.542847
2024-09-03 23:00:00+00:00,26.7009375,26.473936
2024-09-04 00:00:00+00:00,26.193749999999998,25.641045
2024-09-04 01:00:00+00:00,25.865312499999998,25.147198
2024-09-04 02:00:00+00:00,25.536875000000006,25.451496
2024-09-04 03:00:00+00:00,25.208437500000002,24.83598
2024-09-04 04:00:00+00:00,24.880000000000003,24.163273
2024-09-04 05:00:00+00:00,23.375,20.91721
2024-09-04 06:00:00+00:00,21.869999999999997,17.906849
2024-09-04 07:00:00+00:00,22.4125,20.267632
2024-09-04 08:00:00+00:00,22.955000000000002,23.483244
2024-09-04 09:00:00+00:00,29.08666666666667,26.186794
2024-09-04 10:00:00+00:00,35.218333333333334,28.464506
2024-09-04 11:00:00+00:00,41.349999999999994,31.312405
2024-09-04 12:00:00+00:00,47.48166666666666,35.68552
2024-09-04 13:00:00+00:00,42.72,36.10332
2024-09-04 14:00:00+00:00,37.95833333333333,35.60462
2024-09-04 15:00:00+00:00,33.196666666666665,34.65645
2024-09-04 16:00:00+00:00,28.435,33.235252
2024-09-04 17:00:00+00:00,30.163125,35.284866
2024-09-04 18:00:00+00:00,31.89125,35.77121
2024-09-04 19:00:00+00:00,33.619375000000005,36.29422
2024-09-04 20:00:00+00:00,35.347500000000004,37.561596
2024-09-04 21:00:00+00:00,34.244375000000005,35.19934
2024-09-04 22:00:00+00:00,33.14125,33.90035
2024-09-04 23:00:00+00:00,32.038125,31.935507
2024-09-05 00:00:00+00:00,30.935,29.040405
2024-09-05 01:00:00+00:00,29.1096875,26.85915
2024-09-05 02:00:00+00:00,27.284374999999997,24.56561
2024-09-05 03:00:00+00:00,25.459062499999998,23.023026
2024-09-05 04:00:00+00:00,23.63375,21.834076
2024-09-05 05:00:00+00:00,23.119374999999998,20.554977
2024-09-05 06:00:00+00:00,22.604999999999997,20.980228
2024-09-05 07:00:00+00:00,22.665,24.111973
2024-09-05 08:00:00+00:00,22.724999999999998,27.45052
2024-09-05 09:00:00+00:00,25.352916666666665,31.054716
2024-09-05 10:00:00+00:00,27.980833333333333,34.353985
2024-09-05 11:00:00+00:00,30.608750000000004,35.34029
2024-09-05 12:00:00+00:00,33.236666666666665,35.824726
2024-09-05 13:00:00+00:00,36.2546875,38.266556
2024-09-05 14:00:00+00:00,39.272708333333334,40.20111
2024-09-05 15:00:00+00:00,42.290729166666665,40.03288
2024-09-05 16:00:00+00:00,45.30875,39.591698
2024-09-05 17:00:00+00:00,40.0934375,38.145172
2024-09-05 18:00:00+00:00,34.878125000000004,36.684196
2024-09-05 19:00:00+00:00,29.6628125,35.064014
2024-09-05 20:00:00+00:00,24.4475,33.2968
2024-09-05 21:00:00+00:00,24.825312500000006,31.495087
2024-09-05 22:00:00+00:00,25.203125,30.321732
2024-09-05 23:00:00+00:00,25.5809375,29.057322
2024-09-06 00:00:00+00:00,25.958750000000002,27.84305
2024-09-06 01:00:00+00:00,26.9909375,28.215906
2024-09-06 02:00:00+00:00,28.023125,28.26079
2024-09-06 03:00:00+00:00,29.0553125,28.349741
2024-09-06 04:00:00+00:00,30.0875,28.373251
2024-09-06 05:00:00+00:00,26.62125,24.905321
2024-09-06 06:00:00+00:00,23.155,21.446095
2024-09-06 07:00:00+00:00,21.848750000000003,20.681831
2024-09-06 08:00:00+00:00,20.5425,20.560186
2024-09-06 09:00:00+00:00,24.261458333333334,24.831787
2024-09-06 10:00:00+00:00,27.980416666666663,29.484549
2024-09-06 11:00:00+00:00,31.699374999999996,33.14622
2024-09-06 12:00:00+00:00,35.41833333333333,36.209156
2024-09-06 13:00:00+00:00,35.726875,37.291065
2024-09-06 14:00:00+00:00,36.03541666666666,37.918568
2024-09-06 15:00:00+00:00,36.34395833333333,38.43483
2024-09-06 16:00:00+00:00,36.6525,37.789417
2024-09-06 17:00:00+00:00,32.855312500000004,32.960983
2024-09-06 18:00:00+00:00,29.058125000000004,27.854471
2024-09-06 19:00:00+00:00,25.260937499999997,23.163788
2024-09-06 20:00:00+00:00,21.46375,18.823093
2024-09-06 21:00:00+00:00,21.3284375,19.263756
2024-09-06 22:00:00+00:00,21.193125000000002,19.964573
2024-09-06 23:00:00+00:00,21.0578125,20.260374
2024-09-07 00:00:00+00:00,20.922500000000003,21.664059
2024-09-07 01:00:00+00:00,22.9375,23.140026
2024-09-07 02:00:00+00:00,24.9525,25.349842
2024-09-07 03:00:00+00:00,26.9675,27.279448
2024-09-07 04:00:00+00:00,28.9825,28.555643
2024-09-07 05:00:00+00:00,24.023749999999996,25.885422
2024-09-07 06:00:00+00:00,19.064999999999998,23.671259
2024-09-07 07:00:00+00:00,21.278125,23.843842
2024-09-07 08:00:00+00:00,23.49125,23.970816
2024-09-07 09:00:00+00:00,24.634270833333332,24.514648
2024-09-07 10:00:00+00:00,25.777291666666667,24.811256
2024-09-07 11:00:00+00:00,26.920312500000005,25.457489
2024-09-07 12:00:00+00:00,28.063333333333333,27.015497
2024-09-07 13:00:00+00:00,29.630624999999995,30.329535
2024-09-07 14:00:00+00:00,31.197916666666664,32.59292
2024-09-07 15:00:00+00:00,32.765208333333334,35.329044
2024-09-07 16:00:00+00:00,34.332499999999996,38.50296
2024-09-07 17:00:00+00:00,30.520937499999995,34.375458
2024-09-07 18:00:00+00:00,26.709374999999998,29.830204
2024-09-07 19:00:00+00:00,22.8978125,25.688957
2024-09-07 20:00:00+00:00,19.08625,21.551779
2024-09-07 21:00:00+00:00,20.494374999999998,22.56106
2024-09-07 22:00:00+00:00,21.9025,23.733166
2024-09-07 23:00:00+00:00,23.310625,24.701307
2024-09-08 00:00:00+00:00,24.71875,25.412605
2024-09-08 01:00:00+00:00,25.170625,25.208015
2024-09-08 02:00:00+00:00,25.6225,26.116928
2024-09-08 03:00:00+00:00,26.074375,25.958864
2024-09-08 04:00:00+00:00,26.52625,25.505136
2024-09-08 05:00:00+00:00,21.840625000000003,22.179855
2024-09-08 06:00:00+00:00,17.155,19.176777
2024-09-08 07:00:00+00:00,22.01125,21.2587
2024-09-08 08:00:00+00:00,26.8675,23.91338
2024-09-08 09:00:00+00:00,26.216041666666666,24.408354
2024-09-08 10:00:00+00:00,25.564583333333328,24.188244
2024-09-08 11:00:00+00:00,24.913125,24.241673
2024-09-08 12:00:00+00:00,24.261666666666667,24.587097
2024-09-08 13:00:00+00:00,26.0846875,28.135143
2024-09-08 14:00:00+00:00,27.907708333333332,31.895855
2024-09-08 15:00:00+00:00,29.730729166666666,35.8741
2024-09-08 16:00:00+00:00,31.55375,39.453087
2024-09-08 17:00:00+00:00,29.5615625,35.89296
2024-09-08 18:00:00+00:00,27.569375,32.18275
2024-09-08 19:00:00+00:00,25.5771875,28.540485
2024-09-08 20:00:00+00:00,23.585,24.61264
2024-09-08 21:00:00+00:00,24.444375,25.528864
2024-09-08 22:00:00+00:00,25.303749999999997,27.108978
2024-09-08 23:00:00+00:00,26.163125,29.310717
2024-09-09 00:00:00+00:00,27.0225,30.782064
2024-09-09 01:00:00+00:00,27.808125,29.796816
2024-09-09 02:00:00+00:00,28.59375,28.90541
2024-09-09 03:00:00+00:00,29.379375,28.706856
2024-09-09 04:00:00+00:00,30.165,28.610668
2024-09-09 05:00:00+00:00,22.66,24.48984
2024-09-09 06:00:00+00:00,15.155000000000001,19.88719
2024-09-09 07:00:00+00:00,21.966250000000002,22.267315
2024-09-09 08:00:00+00:00,28.777500000000003,24.653654
2024-09-09 09:00:00+00:00,27.156458333333337,24.2357
2024-09-09 10:00:00+00:00,25.53541666666667,24.30677
2024-09-09 11:00:00+00:00,23.914375,24.444136
2024-09-09 12:00:00+00:00,22.293333333333333,25.219284
2024-09-09 13:00:00+00:00,24.08875,26.753506
2024-09-09 14:00:00+00:00,25.884166666666665,27.503317
2024-09-09 15:00:00+00:00,27.679583333333333,27.772232
2024-09-09 16:00:00+00:00,29.474999999999998,28.45647
2024-09-09 17:00:00+00:00,29.891874999999995,30.054384
2024-09-09 18:00:00+00:00,30.30875,31.625227
2024-09-09 19:00:00+00:00,30.725625,33.200237
2024-09-09 20:00:00+00:00,31.1425,34.540756
2024-09-09 21:00:00+00:00,28.7434375,31.373127
2024-09-09 22:00:00+00:00,26.344375,28.15753
2024-09-09 23:00:00+00:00,23.9453125,25.113438
2024-09-10 00:00:00+00:00,21.54625,21.972176
2024-09-10 01:00:00+00:00,22.123124999999998,23.147131
2024-09-10 02:00:00+00:00,22.700000000000006,23.694798
2024-09-10 03:00:00+00:00,23.276875,24.615498
2024-09-10 04:00:00+00:00,23.85375,25.540916
2024-09-10 05:00:00+00:00,20.086875,21.522135
2024-09-10 06:00:00+00:00,16.32,16.410583
2024-09-10 07:00:00+00:00,25.585,25.72653
2024-09-10 08:00:00+00:00,34.85,36.048325
2024-09-10 09:00:00+00:00,31.357083333333335,33.15367
2024-09-10 10:00:00+00:00,27.864166666666666,29.505466
2024-09-10 11:00:00+00:00,24.37125,26.559074
2024-09-10 12:00:00+00:00,20.878333333333337,24.469982
2024-09-10 13:00:00+00:00,22.8296875,25.220829
2024-09-10 14:00:00+00:00,24.781041666666667,26.414791
2024-09-10 15:00:00+00:00,26.732395833333335,29.382977
2024-09-10 16:00:00+00:00,28.68375,32.24789
2024-09-10 17:00:00+00:00,27.8625,32.683346
2024-09-10 18:00:00+00:00,27.041249999999998,31.638042
2024-09-10 19:00:00+00:00,26.22,30.752321
2024-09-10 20:00:00+00:00,25.39875,30.134459
2024-09-10 21:00:00+00:00,24.024375,27.391518
2024-09-10 22:00:00+00:00,22.65,25.24254
2024-09-10 23:00:00+00:00,21.275624999999994,23.421505
2024-09-11 00:00:00+00:00,19.901249999999997,21.819836
2024-09-11 01:00:00+00:00,19.900624999999998,21.108688
2024-09-11 02:00:00+00:00,19.9,20.801863
2024-09-11 03:00:00+00:00,19.899375,20.417873
2024-09-11 04:00:00+00:00,19.89875,20.21464
2024-09-11 05:00:00+00:00,18.906874999999996,18.491356
2024-09-11 06:00:00+00:00,17.915,17.016314
2024-09-11 07:00:00+00:00,24.967499999999998,22.587633
2024-09-11 08:00:00+00:00,32.019999999999996,28.096075
2024-09-11 09:00:00+00:00,31.77208333333333,27.414093
2024-09-11 10:00:00+00:00,31.524166666666666,26.49194
2024-09-11 11:00:00+00:00,31.276249999999997,25.204397
2024-09-11 12:00:00+00:00,31.028333333333332,23.717777
2024-09-11 13:00:00+00:00,29.956875,23.949097
2024-09-11 14:00:00+00:00,28.885416666666664,23.949831
2024-09-11 15:00:00+00:00,27.813958333333332,23.40107
2024-09-11 16:00:00+00:00,26.7425,23.470327
2024-09-11 17:00:00+00:00,25.910625,24.129112
2024-09-11 18:00:00+00:00,25.07875,24.510565
2024-09-11 19:00:00+00:00,24.246875,25.129934
2024-09-11 20:00:00+00:00,23.415,25.504269
2024-09-11 21:00:00+00:00,21.891875,24.035358
2024-09-11 22:00:00+00:00,20.36875,22.817528
2024-09-11 23:00:00+00:00,18.845625000000002,20.997364
2024-09-12 00:00:00+00:00,17.3225,19.24777
2024-09-12 01:00:00+00:00,18.659375,20.452785
2024-09-12 02:00:00+00:00,19.996250000000003,22.032804
2024-09-12 03:00:00+00:00,21.333125000000003,23.49839
2024-09-12 04:00:00+00:00,22.67,25.063547
2024-09-12 05:00:00+00:00,18.705000000000002,22.323534
2024-09-12 06:00:00+00:00,14.74,19.904472
2024-09-12 07:00:00+00:00,21.03875,24.06867
2024-09-12 08:00:00+00:00,27.3375,27.625435
2024-09-12 09:00:00+00:00,29.759791666666665,28.473646
2024-09-12 10:00:00+00:00,32.18208333333333,30.072657
2024-09-12 11:00:00+00:00,34.604375,33.292698
2024-09-12 12:00:00+00:00,37.026666666666664,35.410362
2024-09-12 13:00:00+00:00,33.8815625,31.796469
2024-09-12 14:00:00+00:00,30.73645833333333,28.07756
2024-09-12 15:00:00+00:00,27.59135416666666,25.538692
2024-09-12 16:00:00+00:00,24.44625,23.852798
2024-09-12 17:00:00+00:00,23.990625,24.094276
2024-09-12 18:00:00+00:00,23.535,24.63033
2024-09-12 19:00:00+00:00,23.079375,24.479738
2024-09-12 20:00:00+00:00,22.62375,24.502546
2024-09-12 21:00:00+00:00,22.280625,24.408253
2024-09-12 22:00:00+00:00,21.9375,24.314138
2024-09-12 23:00:00+00:00,21.594375000000003,23.582663
2024-09-13 00:00:00+00:00,21.25125,23.01914
2024-09-13 01:00:00+00:00,22.440312499999997,23.873495
2024-09-13 02:00:00+00:00,23.629375,25.002613
2024-09-13 03:00:00+00:00,24.8184375,26.337713
2024-09-13 04:00:00+00:00,26.0075,27.431835
2024-09-13 05:00:00+00:00,19.04625,22.419086
2024-09-13 06:00:00+00:00,12.085,17.938179
2024-09-13 07:00:00+00:00,20.79375,23.589806
2024-09-13 08:00:00+00:00,29.502499999999998,29.662403
2024-09-13 09:00:00+00:00,33.67854166666667,31.890965
2024-09-13 10:00:00+00:00,37.85458333333334,33.16777
2024-09-13 11:00:00+00:00,42.030625,34.93831
2024-09-13 12:00:00+00:00,46.20666666666667,36.24878
2024-09-13 13:00:00+00:00,40.496875,31.788528
2024-09-13 14:00:00+00:00,34.787083333333335,27.7236
2024-09-13 15:00:00+00:00,29.07729166666667,25.029102
2024-09-13 16:00:00+00:00,23.3675,22.746979
2024-09-13 17:00:00+00:00,23.7021875,23.528536
2024-09-13 18:00:00+00:00,24.036875000000002,24.171455
2024-09-13 19:00:00+00:00,24.3715625,24.029785
2024-09-13 20:00:00+00:00,24.70625,23.763618
2024-09-13 21:00:00+00:00,23.8546875,24.380798
2024-09-13 22:00:00+00:00,23.003125,25.327082
2024-09-13 23:00:00+00:00,22.1515625,25.824804
2024-09-14 00:00:00+00:00,21.3,26.154287
2024-09-14 01:00:00+00:00,21.153437500000003,24.526867
2024-09-14 02:00:00+00:00,21.006875,23.397072
2024-09-14 03:00:00+00:00,20.8603125,22.83746
2024-09-14 04:00:00+00:00,20.71375,22.129572
2024-09-14 05:00:00+00:00,17.024375,18.516132
2024-09-14 06:00:00+00:00,13.335,15.097787
2024-09-14 07:00:00+00:00,19.13625,21.136696
2024-09-14 08:00:00+00:00,24.9375,27.872753
2024-09-14 09:00:00+00:00,38.59520833333333,30.902958
2024-09-14 10:00:00+00:00,52.25291666666667,34.763985
2024-09-14 11:00:00+00:00,65.91062500000001,41.803135
2024-09-14 12:00:00+00:00,79.56833333333334,47.433563
2024-09-14 13:00:00+00:00,65.1915625,41.069134
2024-09-14 14:00:00+00:00,50.81479166666667,34.205925
2024-09-14 15:00:00+00:00,36.43802083333334,28.778643
2024-09-14 16:00:00+00:00,22.061249999999998,23.774189
2024-09-14 17:00:00+00:00,22.745624999999997,23.99331
2024-09-14 18:00:00+00:00,23.43,24.551178
2024-09-14 19:00:00+00:00,24.114375,24.94012
2024-09-14 20:00:00+00:00,24.79875,25.08888
2024-09-14 21:00:00+00:00,24.006249999999998,24.336502
2024-09-14 22:00:00+00:00,23.213749999999997,23.743736
2024-09-14 23:00:00+00:00,22.42125,22.820814
2024-09-15 00:00:00+00:00,21.62875,21.988455
2024-09-15 01:00:00+00:00,20.993125,21.183086
2024-09-15 02:00:00+00:00,20.3575,20.620317
2024-09-15 03:00:00+00:00,19.721875,20.009613
2024-09-15 04:00:00+00:00,19.08625,19.743841
2024-09-15 05:00:00+00:00,18.935625,16.93227
2024-09-15 06:00:00+00:00,18.785,15.099404
2024-09-15 07:00:00+00:00,19.176875000000003,20.507223
2024-09-15 08:00:00+00:00,19.56875,27.097954
2024-09-15 09:00:00+00:00,28.304479166666667,34.6286
2024-09-15 10:00:00+00:00,37.04020833333333,42.166218
2024-09-15 11:00:00+00:00,45.775937500000005,52.138695
2024-09-15 12:00:00+00:00,54.51166666666666,59.719036
2024-09-15 13:00:00+00:00,48.389687499999994,51.652946
2024-09-15 14:00:00+00:00,42.26770833333333,43.46349
2024-09-15 15:00:00+00:00,36.14572916666667,37.393745
2024-09-15 16:00:00+00:00,30.02375,31.42361
2024-09-15 17:00:00+00:00,28.3503125,28.868305
2024-09-15 18:00:00+00:00,26.676875000000006,26.659533
2024-09-15 19:00:00+00:00,25.0034375,25.07729
2024-09-15 20:00:00+00:00,23.33,23.682087
2024-09-15 21:00:00+00:00,22.919375000000006,22.69091
2024-09-15 22:00:00+00:00,22.50875,22.260103
2024-09-15 23:00:00+00:00,22.098125,21.706326
2024-09-16 00:00:00+00:00,21.6875,20.741238
2024-09-16 01:00:00+00:00,20.45125,19.504692
2024-09-16 02:00:00+00:00,19.215,19.145956
2024-09-16 03:00:00+00:00,17.978749999999998,18.988014
2024-09-16 04:00:00+00:00,16.7425,19.525738
2024-09-16 05:00:00+00:00,19.07875,18.685585
2024-09-16 06:00:00+00:00,21.415,18.214523
2024-09-16 07:00:00+00:00,21.253749999999997,20.788092
2024-09-16 08:00:00+00:00,21.0925,22.579836
2024-09-16 09:00:00+00:00,26.936041666666668,25.48903
2024-09-16 10:00:00+00:00,32.779583333333335,29.280794
2024-09-16 11:00:00+00:00,38.623125,33.02097
2024-09-16 12:00:00+00:00,44.46666666666667,37.188522
2024-09-16 13:00:00+00:00,41.2484375,37.496513
2024-09-16 14:00:00+00:00,38.030208333333334,37.08188
2024-09-16 15:00:00+00:00,34.81197916666667,37.747887
2024-09-16 16:00:00+00:00,31.59375,38.604713
2024-09-16 17:00:00+00:00,29.2975,35.131027
2024-09-16 18:00:00+00:00,27.00125,30.77417
2024-09-16 19:00:00+00:00,24.705000000000002,26.865421
2024-09-16 20:00:00+00:00,22.40875,23.268078
2024-09-16 21:00:00+00:00,22.1603125,22.771397
2024-09-16 22:00:00+00:00,21.911875000000002,22.507586
2024-09-16 23:00:00+00:00,21.6634375,22.142643
2024-09-17 00:00:00+00:00,21.415,21.99503
2024-09-17 01:00:00+00:00,21.7534375,21.587482
2024-09-17 02:00:00+00:00,22.091875,21.312994
2024-09-17 03:00:00+00:00,22.430312500000003,21.319132
2024-09-17 04:00:00+00:00,22.76875,21.942757
2024-09-17 05:00:00+00:00,21.006875,22.802675
2024-09-17 06:00:00+00:00,19.244999999999997,23.897135
2024-09-17 07:00:00+00:00,21.229374999999997,24.304808
2024-09-17 08:00:00+00:00,23.21375,24.18605
2024-09-17 09:00:00+00:00,33.53572916666667,27.261438
2024-09-17 10:00:00+00:00,43.857708333333335,30.820145
2024-09-17 11:00:00+00:00,54.1796875,32.586586
2024-09-17 12:00:00+00:00,64.50166666666667,35.731636
2024-09-17 13:00:00+00:00,58.3303125,38.55997
2024-09-17 14:00:00+00:00,52.15895833333333,39.552925
2024-09-17 15:00:00+00:00,45.987604166666664,41.988876
2024-09-17 16:00:00+00:00,39.81625,43.63732
2024-09-17 17:00:00+00:00,35.433749999999996,38.447453
2024-09-17 18:00:00+00:00,31.05125,32.245644
2024-09-17 19:00:00+00:00,26.668750000000003,27.147346
2024-09-17 20:00:00+00:00,22.286250000000003,22.666395
2024-09-17 21:00:00+00:00,23.356250000000003,22.619778
2024-09-17 22:00:00+00:00,24.426250000000003,22.779354
2024-09-17 23:00:00+00:00,25.49625,22.565699
2024-09-18 00:00:00+00:00,26.56625,22.764355
2024-09-18 01:00:00+00:00,25.0896875,22.957024
2024-09-18 02:00:00+00:00,23.613124999999997,22.975334
2024-09-18 03:00:00+00:00,22.1365625,22.500315
2024-09-18 04:00:00+00:00,20.66,22.392654
2024-09-18 05:00:00+00:00,17.7075,20.346855
2024-09-18 06:00:00+00:00,14.754999999999999,18.793198
2024-09-18 07:00:00+00:00,17.620624999999997,19.335745
2024-09-18 08:00:00+00:00,20.48625,19.857365
2024-09-18 09:00:00+00:00,23.8684375,20.471083
2024-09-18 10:00:00+00:00,27.250625,21.235962
2024-09-18 11:00:00+00:00,30.6328125,21.814325
2024-09-18 12:00:00+00:00,34.015,24.59052
2024-09-18 13:00:00+00:00,42.530625,34.00912
2024-09-18 14:00:00+00:00,51.04625,41.872353
2024-09-18 15:00:00+00:00,59.561875,50.032394
2024-09-18 16:00:00+00:00,68.0775,57.08666
2024-09-18 17:00:00+00:00,56.3609375,49.505077
2024-09-18 18:00:00+00:00,44.644375,40.079105
2024-09-18 19:00:00+00:00,32.9278125,30.836155
2024-09-18 20:00:00+00:00,21.21125,20.911507
2024-09-18 21:00:00+00:00,22.3425,20.731987
2024-09-18 22:00:00+00:00,23.47375,21.762218
2024-09-18 23:00:00+00:00,24.604999999999997,22.088974
2024-09-19 00:00:00+00:00,25.73625,22.966541
2024-09-19 01:00:00+00:00,24.403125,22.679165
2024-09-19 02:00:00+00:00,23.07,22.244827
2024-09-19 03:00:00+00:00,21.736874999999998,21.871965
2024-09-19 04:00:00+00:00,20.40375,21.933437
2024-09-19 05:00:00+00:00,16.336875,19.184162
2024-09-19 06:00:00+00:00,12.27,16.479025
2024-09-19 07:00:00+00:00,16.43,18.484734
2024-09-19 08:00:00+00:00,20.59,21.78851
2024-09-19 09:00:00+00:00,21.912916666666668,23.43256
2024-09-19 10:00:00+00:00,23.235833333333332,25.379494
2024-09-19 11:00:00+00:00,24.558749999999996,26.008244
2024-09-19 12:00:00+00:00,25.881666666666664,26.326557
2024-09-19 13:00:00+00:00,30.4059375,31.887451
2024-09-19 14:00:00+00:00,34.93020833333333,37.336628
2024-09-19 15:00:00+00:00,39.454479166666665,42.66619
2024-09-19 16:00:00+00:00,43.978750000000005,47.468246
2024-09-19 17:00:00+00:00,39.4525,43.352547
2024-09-19 18:00:00+00:00,34.926249999999996,39.008648
2024-09-19 19:00:00+00:00,30.4,35.606297
2024-09-19 20:00:00+00:00,25.87375,31.21554
2024-09-19 21:00:00+00:00,25.474062500000002,29.109066
2024-09-19 22:00:00+00:00,25.074375,27.50207
2024-09-19 23:00:00+00:00,24.6746875,24.921633
2024-09-20 00:00:00+00:00,24.275,23.003853
2024-09-20 01:00:00+00:00,23.803124999999998,23.043179
2024-09-20 02:00:00+00:00,23.331249999999997,22.777056
2024-09-20 03:00:00+00:00,22.859375,21.62346
2024-09-20 04:00:00+00:00,22.3875,20.788237
2024-09-20 05:00:00+00:00,18.92875,16.251736
2024-09-20 06:00:00+00:00,15.469999999999999,11.863325
2024-09-20 07:00:00+00:00,17.438125,15.590219
2024-09-20 08:00:00+00:00,19.40625,21.558092
2024-09-20 09:00:00+00:00,21.296770833333333,26.354057
2024-09-20 10:00:00+00:00,23.187291666666667,29.74511
2024-09-20 11:00:00+00:00,25.0778125,30.257856
2024-09-20 12:00:00+00:00,26.968333333333334,30.518093
2024-09-20 13:00:00+00:00,28.371875000000003,32.58128
2024-09-20 14:00:00+00:00,29.77541666666667,34.744366
2024-09-20 15:00:00+00:00,31.178958333333334,38.38613
2024-09-20 16:00:00+00:00,32.5825,41.633255
2024-09-20 17:00:00+00:00,31.3071875,38.474434
2024-09-20 18:00:00+00:00,30.031874999999996,35.86959
2024-09-20 19:00:00+00:00,28.7565625,33.49593
2024-09-20 20:00:00+00:00,27.48125,29.989258
2024-09-20 21:00:00+00:00,26.779375,28.411554
2024-09-20 22:00:00+00:00,26.0775,27.237501
2024-09-20 23:00:00+00:00,25.375625,25.416782
2024-09-21 00:00:00+00:00,24.673750000000005,23.461023
2024-09-21 01:00:00+00:00,24.420625,22.44318
2024-09-21 02:00:00+00:00,24.1675,22.473831
2024-09-21 03:00:00+00:00,23.914375,21.974833
2024-09-21 04:00:00+00:00,23.66125,21.957422
2024-09-21 05:00:00+00:00,21.355624999999996,18.33648
2024-09-21 06:00:00+00:00,19.05,14.019085
2024-09-21 07:00:00+00:00,21.336249999999996,16.402939
2024-09-21 08:00:00+00:00,23.622500000000002,19.4556
2024-09-21 09:00:00+00:00,26.629791666666666,21.803658
2024-09-21 10:00:00+00:00,29.63708333333333,24.762854
2024-09-21 11:00:00+00:00,32.644375,26.81651
2024-09-21 12:00:00+00:00,35.651666666666664,28.996864
2024-09-21 13:00:00+00:00,38.58062499999999,33.130573
2024-09-21 14:00:00+00:00,41.50958333333333,37.46919
2024-09-21 15:00:00+00:00,44.438541666666666,42.51866
2024-09-21 16:00:00+00:00,47.3675,46.32007
2024-09-21 17:00:00+00:00,42.6090625,43.45565
2024-09-21 18:00:00+00:00,37.850625,40.06997
2024-09-21 19:00:00+00:00,33.092187499999994,36.344685
2024-09-21 20:00:00+00:00,28.33375,32.52539
2024-09-21 21:00:00+00:00,27.0509375,29.741953
2024-09-21 22:00:00+00:00,25.768124999999998,28.003088
2024-09-21 23:00:00+00:00,24.4853125,25.965633
2024-09-22 00:00:00+00:00,23.202500000000004,23.63967
2024-09-22 01:00:00+00:00,24.155625,24.191656
2024-09-22 02:00:00+00:00,25.10875,24.98623
2024-09-22 03:00:00+00:00,26.061875,26.18462
2024-09-22 04:00:00+00:00,27.015,27.094519
2024-09-22 05:00:00+00:00,21.02,24.443907
2024-09-22 06:00:00+00:00,15.024999999999999,20.79037
2024-09-22 07:00:00+00:00,16.93,20.206161
2024-09-22 08:00:00+00:00,18.835,20.396717
2024-09-22 09:00:00+00:00,20.586666666666666,22.216438
2024-09-22 10:00:00+00:00,22.338333333333335,24.49567
2024-09-22 11:00:00+00:00,24.090000000000003,27.28189
2024-09-22 12:00:00+00:00,25.84166666666667,30.043154
2024-09-22 13:00:00+00:00,25.958125000000003,30.406996
2024-09-22 14:00:00+00:00,26.074583333333337,29.990913
2024-09-22 15:00:00+00:00,26.191041666666663,29.80525
2024-09-22 16:00:00+00:00,26.307499999999997,31.164936
2024-09-22 17:00:00+00:00,26.968437499999997,36.27541
2024-09-22 18:00:00+00:00,27.629374999999996,40.85615
2024-09-22 19:00:00+00:00,28.2903125,43.209743
2024-09-22 20:00:00+00:00,28.951249999999998,44.17126
2024-09-22 21:00:00+00:00,27.534374999999997,39.628803
2024-09-22 22:00:00+00:00,26.1175,34.96023
2024-09-22 23:00:00+00:00,24.700625000000002,28.026955
2024-09-23 00:00:00+00:00,23.28375,21.113728
2024-09-23 01:00:00+00:00,23.622812500000002,21.248663
2024-09-23 02:00:00+00:00,23.961875,21.352154
2024-09-23 03:00:00+00:00,24.3009375,21.916546
2024-09-23 04:00:00+00:00,24.64,23.215338
2024-09-23 05:00:00+00:00,23.302500000000002,21.318478
2024-09-23 06:00:00+00:00,21.965,19.30958
2024-09-23 07:00:00+00:00,20.06125,21.089022
2024-09-23 08:00:00+00:00,18.157500000000002,23.816795
2024-09-23 09:00:00+00:00,20.268958333333337,24.352522
2024-09-23 10:00:00+00:00,22.38041666666667,23.644716
2024-09-23 11:00:00+00:00,24.491874999999997,24.622406
2024-09-23 12:00:00+00:00,26.60333333333334,26.18797
2024-09-23 13:00:00+00:00,25.5153125,25.553001
2024-09-23 14:00:00+00:00,24.42729166666667,25.185205
2024-09-23 15:00:00+00:00,23.339270833333334,24.547657
2024-09-23 16:00:00+00:00,22.25125,24.19333
2024-09-23 17:00:00+00:00,22.773125,26.466743
2024-09-23 18:00:00+00:00,23.294999999999998,28.832573
2024-09-23 19:00:00+00:00,23.816874999999996,30.441446
2024-09-23 20:00:00+00:00,24.338749999999997,31.684048
2024-09-23 21:00:00+00:00,24.402187499999997,30.240498
2024-09-23 22:00:00+00:00,24.465625,29.30348
2024-09-23 23:00:00+00:00,24.529062500000002,28.037973
2024-09-24 00:00:00+00:00,24.5925,26.714396
2024-09-24 01:00:00+00:00,24.7509375,25.646944
2024-09-24 02:00:00+00:00,24.909375,24.681332
2024-09-24 03:00:00+00:00,25.067812500000002,23.798603
2024-09-24 04:00:00+00:00,25.22625,23.68498
2024-09-24 05:00:00+00:00,25.455624999999998,22.338915
2024-09-24 06:00:00+00:00,25.685,20.045898
2024-09-24 07:00:00+00:00,23.831874999999997,20.253107
2024-09-24 08:00:00+00:00,21.978749999999998,20.532412
2024-09-24 09:00:00+00:00,22.746979166666666,21.709326
2024-09-24 10:00:00+00:00,23.515208333333334,23.214586
2024-09-24 11:00:00+00:00,24.283437499999998,24.430614
2024-09-24 12:00:00+00:00,25.051666666666666,25.76644
2024-09-24 13:00:00+00:00,25.3021875,25.825636
2024-09-24 14:00:00+00:00,25.552708333333335,25.990677
2024-09-24 15:00:00+00:00,25.803229166666668,25.206867
2024-09-24 16:00:00+00:00,26.05375,23.961514
2024-09-24 17:00:00+00:00,25.091250000000002,23.113178
2024-09-24 18:00:00+00:00,24.12875,23.008078
2024-09-24 19:00:00+00:00,23.166249999999998,22.944204
2024-09-24 20:00:00+00:00,22.20375,22.679398
2024-09-24 21:00:00+00:00,23.313125,23.008854
2024-09-24 22:00:00+00:00,24.4225,23.228216
2024-09-24 23:00:00+00:00,25.531875,24.01896
2024-09-25 00:00:00+00:00,26.641250000000003,25.102554
2024-09-25 01:00:00+00:00,25.7796875,25.474781
2024-09-25 02:00:00+00:00,24.918125,25.605455
2024-09-25 03:00:00+00:00,24.0565625,25.485287
2024-09-25 04:00:00+00:00,23.195,24.943731
2024-09-25 05:00:00+00:00,23.1425,23.922525
2024-09-25 06:00:00+00:00,23.09,22.591373
2024-09-25 07:00:00+00:00,24.12625,21.50248
2024-09-25 08:00:00+00:00,25.1625,20.56669
2024-09-25 09:00:00+00:00,28.859791666666666,21.9459
2024-09-25 10:00:00+00:00,32.55708333333334,23.805729
2024-09-25 11:00:00+00:00,36.254375,26.485067
2024-09-25 12:00:00+00:00,39.95166666666667,30.296747
2024-09-25 13:00:00+00:00,37.691250000000004,31.672186
2024-09-25 14:00:00+00:00,35.43083333333333,32.08777
2024-09-25 15:00:00+00:00,33.17041666666667,31.720362
2024-09-25 16:00:00+00:00,30.91,31.097525
2024-09-25 17:00:00+00:00,30.16375,30.366613
2024-09-25 18:00:00+00:00,29.417499999999997,30.136751
2024-09-25 19:00:00+00:00,28.67125,30.124453
2024-09-25 20:00:00+00:00,27.925,29.073767
2024-09-25 21:00:00+00:00,28.164375,28.144337
2024-09-25 22:00:00+00:00,28.403750000000002,27.434326
2024-09-25 23:00:00+00:00,28.643125,27.240253
2024-09-26 00:00:00+00:00,28.8825,27.280687
2024-09-26 01:00:00+00:00,27.303750000000004,25.511003
2024-09-26 02:00:00+00:00,25.725,25.391537
2024-09-26 03:00:00+00:00,24.14625,24.807785
2024-09-26 04:00:00+00:00,22.5675,24.006609
2024-09-26 05:00:00+00:00,21.37375,23.340952
2024-09-26 06:00:00+00:00,20.18,22.589926
2024-09-26 07:00:00+00:00,24.241875,23.983376
2024-09-26 08:00:00+00:00,28.30375,25.780472
2024-09-26 09:00:00+00:00,27.439895833333335,26.954617
2024-09-26 10:00:00+00:00,26.57604166666667,28.406603
2024-09-26 11:00:00+00:00,25.7121875,28.454023
2024-09-26 12:00:00+00:00,24.848333333333333,27.532972
2024-09-26 13:00:00+00:00,24.654374999999998,26.095316
2024-09-26 14:00:00+00:00,24.460416666666667,25.071877
2024-09-26 15:00:00+00:00,24.266458333333333,24.961699
2024-09-26 16:00:00+00:00,24.072499999999998,25.080639
2024-09-26 17:00:00+00:00,23.5090625,24.079508
2024-09-26 18:00:00+00:00,22.945625,23.099827
2024-09-26 19:00:00+00:00,22.3821875,22.411283
2024-09-26 20:00:00+00:00,21.81875,22.171852
2024-09-26 21:00:00+00:00,22.090000000000003,23.73484
2024-09-26 22:00:00+00:00,22.361250000000002,25.354668
2024-09-26 23:00:00+00:00,22.6325,27.287321
2024-09-27 00:00:00+00:00,22.903750000000002,28.865053
2024-09-27 01:00:00+00:00,23.089375000000004,27.70324
2024-09-27 02:00:00+00:00,23.275000000000002,27.408976
2024-09-27 03:00:00+00:00,23.460625000000004,26.34039
2024-09-27 04:00:00+00:00,23.646250000000002,25.099163
2024-09-27 05:00:00+00:00,23.305625,22.993952
2024-09-27 06:00:00+00:00,22.965,21.014023
2024-09-27 07:00:00+00:00,24.635,23.837776
2024-09-27 08:00:00+00:00,26.305,27.65973
2024-09-27 09:00:00+00:00,26.97375,27.145922
2024-09-27 10:00:00+00:00,27.6425,25.58486
2024-09-27 11:00:00+00:00,28.31125,24.010502
2024-09-27 12:00:00+00:00,28.98,22.93462
2024-09-27 13:00:00+00:00,28.1734375,23.651005
2024-09-27 14:00:00+00:00,27.366875,24.646994
2024-09-27 15:00:00+00:00,26.560312500000002,25.303608
2024-09-27 16:00:00+00:00,25.75375,25.45169
2024-09-27 17:00:00+00:00,24.22,24.150442
2024-09-27 18:00:00+00:00,22.68625,22.834595
2024-09-27 19:00:00+00:00,21.1525,21.836098
2024-09-27 20:00:00+00:00,19.61875,20.896187
2024-09-27 21:00:00+00:00,20.5096875,21.26204
2024-09-27 22:00:00+00:00,21.400624999999998,21.847034
2024-09-27 23:00:00+00:00,22.291562499999998,22.324446
2024-09-28 00:00:00+00:00,23.182499999999997,22.895962
2024-09-28 01:00:00+00:00,23.719375,23.44446
2024-09-28 02:00:00+00:00,24.25625,23.294106
2024-09-28 03:00:00+00:00,24.793125,23.384119
2024-09-28 04:00:00+00:00,25.330000000000002,23.754246
2024-09-28 05:00:00+00:00,25.700000000000003,23.236897
2024-09-28 06:00:00+00:00,26.07,22.66576
2024-09-28 07:00:00+00:00,28.095,24.029943
2024-09-28 08:00:00+00:00,30.12,25.923735
2024-09-28 09:00:00+00:00,29.31458333333333,29.365505
2024-09-28 10:00:00+00:00,28.509166666666665,32.089634
2024-09-28 11:00:00+00:00,27.70375,31.878752
2024-09-28 12:00:00+00:00,26.89833333333333,31.352438
2024-09-28 13:00:00+00:00,26.272187499999998,29.05658
2024-09-28 14:00:00+00:00,25.646041666666665,27.24087
2024-09-28 15:00:00+00:00,25.019895833333333,26.716057
2024-09-28 16:00:00+00:00,24.39375,25.887842
2024-09-28 17:00:00+00:00,23.5071875,25.82154
2024-09-28 18:00:00+00:00,22.620625,25.38278
2024-09-28 19:00:00+00:00,21.7340625,24.377651
2024-09-28 20:00:00+00:00,20.8475,23.404617
2024-09-28 21:00:00+00:00,21.3096875,22.729162
2024-09-28 22:00:00+00:00,21.771875,22.49283
2024-09-28 23:00:00+00:00,22.2340625,22.289537
2024-09-29 00:00:00+00:00,22.69625,22.133825
2024-09-29 01:00:00+00:00,23.8628125,22.630873
2024-09-29 02:00:00+00:00,25.029375,23.601572
2024-09-29 03:00:00+00:00,26.1959375,24.580748
2024-09-29 04:00:00+00:00,27.3625,25.544127
2024-09-29 05:00:00+00:00,27.103749999999998,25.214804
2024-09-29 06:00:00+00:00,26.845000000000002,24.782412
2024-09-29 07:00:00+00:00,27.894375,24.998219
2024-09-29 08:00:00+00:00,28.94375,25.334476
2024-09-29 09:00:00+00:00,29.1565625,26.446049
2024-09-29 10:00:00+00:00,29.369375,27.136942
2024-09-29 11:00:00+00:00,29.582187500000003,27.663897
2024-09-29 12:00:00+00:00,29.795,28.935461
2024-09-29 13:00:00+00:00,31.058750000000003,31.147667
2024-09-29 14:00:00+00:00,32.322500000000005,32.50993
2024-09-29 15:00:00+00:00,33.58625,32.347694
2024-09-29 16:00:00+00:00,34.85,31.82981
2024-09-29 17:00:00+00:00,31.802187500000002,29.710815
2024-09-29 18:00:00+00:00,28.754375000000003,27.425148
2024-09-29 19:00:00+00:00,25.7065625,25.563906
2024-09-29 20:00:00+00:00,22.65875,24.417393
2024-09-29 21:00:00+00:00,22.7603125,24.77862
2024-09-29 22:00:00+00:00,22.861874999999998,25.34232
2024-09-29 23:00:00+00:00,22.9634375,25.990875
2024-09-30 00:00:00+00:00,23.065,26.822046
2024-09-30 01:00:00+00:00,24.594375,26.726627
2024-09-30 02:00:00+00:00,26.12375,26.959745
2024-09-30 03:00:00+00:00,27.653125,26.762869
2024-09-30 04:00:00+00:00,29.182499999999997,26.691948
2024-09-30 05:00:00+00:00,26.84125,25.665817
2024-09-30 06:00:00+00:00,24.5,25.187796
2024-09-30 07:00:00+00:00,25.171875,24.06795
2024-09-30 08:00:00+00:00,25.84375,23.610456
2024-09-30 09:00:00+00:00,32.35489583333333,26.767761
2024-09-30 10:00:00+00:00,38.86604166666666,29.098522
2024-09-30 11:00:00+00:00,45.3771875,31.21851
2024-09-30 12:00:00+00:00,51.88833333333333,32.30378
2024-09-30 13:00:00+00:00,44.8140625,30.397972
2024-09-30 14:00:00+00:00,37.739791666666655,28.287716
2024-09-30 15:00:00+00:00,30.665520833333332,25.833942
2024-09-30 16:00:00+00:00,23.59125,24.007065
2024-09-30 17:00:00+00:00,23.119374999999998,23.678919
2024-09-30 18:00:00+00:00,22.6475,23.25394
2024-09-30 19:00:00+00:00,22.175625,22.813597
2024-09-30 20:00:00+00:00,21.70375,22.170977
2024-09-30 21:00:00+00:00,21.7578125,21.993279
2024-09-30 22:00:00+00:00,21.811875,22.101013
2024-09-30 23:00:00+00:00,21.8659375,21.750551
2024-10-01 00:00:00+00:00,21.92,21.458542
2024-10-01 01:00:00+00:00,22.1625,21.732746
2024-10-01 02:00:00+00:00,22.405,22.47909
2024-10-01 03:00:00+00:00,22.6475,23.27884
2024-10-01 04:00:00+00:00,22.89,24.124355
2024-10-01 05:00:00+00:00,22.215,24.400467
2024-10-01 06:00:00+00:00,21.539999999999996,24.21423
2024-10-01 07:00:00+00:00,23.88875,25.197996
2024-10-01 08:00:00+00:00,26.2375,26.237473
2024-10-01 09:00:00+00:00,29.907708333333332,28.632002
2024-10-01 10:00:00+00:00,33.57791666666667,34.714714
2024-10-01 11:00:00+00:00,37.248125,41.57943
2024-10-01 12:00:00+00:00,40.91833333333333,45.602776
2024-10-01 13:00:00+00:00,36.07125,41.472626
2024-10-01 14:00:00+00:00,31.224166666666665,35.634666
2024-10-01 15:00:00+00:00,26.37708333333333,31.378836
2024-10-01 16:00:00+00:00,21.53,28.439981
2024-10-01 17:00:00+00:00,21.6475,26.785442
2024-10-01 18:00:00+00:00,21.765,25.273863
2024-10-01 19:00:00+00:00,21.8825,24.376797
2024-10-01 20:00:00+00:00,22.0,23.396706
2024-10-01 21:00:00+00:00,21.7371875,22.539492
2024-10-01 22:00:00+00:00,21.474375000000002,21.986328
2024-10-01 23:00:00+00:00,21.2115625,21.6642
2024-10-02 00:00:00+00:00,20.94875,21.037052
2024-10-02 01:00:00+00:00,21.46875,20.788023
2024-10-02 02:00:00+00:00,21.98875,21.656954
2024-10-02 03:00:00+00:00,22.50875,23.813438
2024-10-02 04:00:00+00:00,23.02875,26.128582
2024-10-02 05:00:00+00:00,24.564375,25.659956
2024-10-02 06:00:00+00:00,26.099999999999998,24.83306
2024-10-02 07:00:00+00:00,26.585,25.6043
2024-10-02 08:00:00+00:00,27.07,27.1892
2024-10-02 09:00:00+00:00,30.519583333333337,32.855957
2024-10-02 10:00:00+00:00,33.969166666666666,39.37522
2024-10-02 11:00:00+00:00,37.41875,43.333046
2024-10-02 12:00:00+00:00,40.86833333333333,43.52577
2024-10-02 13:00:00+00:00,36.457187499999996,37.459953
2024-10-02 14:00:00+00:00,32.04604166666667,31.680634
2024-10-02 15:00:00+00:00,27.63489583333333,27.254261
2024-10-02 16:00:00+00:00,23.22375,23.768185
2024-10-02 17:00:00+00:00,22.489375,22.767525
2024-10-02 18:00:00+00:00,21.755,22.497063
2024-10-02 19:00:00+00:00,21.020625,22.651669
2024-10-02 20:00:00+00:00,20.28625,22.542894
2024-10-02 21:00:00+00:00,20.7265625,21.908978
2024-10-02 22:00:00+00:00,21.166874999999997,21.282457
2024-10-02 23:00:00+00:00,21.6071875,21.00022
2024-10-03 00:00:00+00:00,22.0475,20.989832
2024-10-03 01:00:00+00:00,22.4134375,21.552654
2024-10-03 02:00:00+00:00,22.779375000000005,21.857162
2024-10-03 03:00:00+00:00,23.1453125,22.547743
2024-10-03 04:00:00+00:00,23.51125,23.804226
2024-10-03 05:00:00+00:00,20.508125,25.160458
2024-10-03 06:00:00+00:00,17.505000000000006,26.345018
2024-10-03 07:00:00+00:00,24.485625000000002,26.976904
2024-10-03 08:00:00+00:00,31.46625,27.976824
2024-10-03 09:00:00+00:00,32.99135416666667,30.565287
2024-10-03 10:00:00+00:00,34.51645833333333,33.05797
2024-10-03 11:00:00+00:00,36.04156249999999,36.24962
2024-10-03 12:00:00+00:00,37.56666666666666,38.552437
2024-10-03 13:00:00+00:00,35.801874999999995,36.309147
2024-10-03 14:00:00+00:00,34.03708333333333,33.639397
2024-10-03 15:00:00+00:00,32.27229166666667,30.316545
2024-10-03 16:00:00+00:00,30.5075,26.980722
2024-10-03 17:00:00+00:00,29.32625,24.877403
2024-10-03 18:00:00+00:00,28.145,22.86676
2024-10-03 19:00:00+00:00,26.963749999999997,21.330471
2024-10-03 20:00:00+00:00,25.7825,21.06272
2024-10-03 21:00:00+00:00,24.459374999999998,21.915806
2024-10-03 22:00:00+00:00,23.136249999999997,22.818144
2024-10-03 23:00:00+00:00,21.813125,23.212135
2024-10-04 00:00:00+00:00,20.49,23.1668
2024-10-04 01:00:00+00:00,21.527499999999996,22.781923
2024-10-04 02:00:00+00:00,22.564999999999994,22.68999
2024-10-04 03:00:00+00:00,23.6025,22.809492
2024-10-04 04:00:00+00:00,24.64,23.49182
2024-10-04 05:00:00+00:00,22.2575,21.676304
2024-10-04 06:00:00+00:00,19.875,20.516148
2024-10-04 07:00:00+00:00,25.406875,27.300917
2024-10-04 08:00:00+00:00,30.93875,34.024128
2024-10-04 09:00:00+00:00,31.937812499999996,33.77714
2024-10-04 10:00:00+00:00,32.936875,32.54396
2024-10-04 11:00:00+00:00,33.9359375,30.958925
2024-10-04 12:00:00+00:00,34.935,30.561277
2024-10-04 13:00:00+00:00,36.180625,35.097237
2024-10-04 14:00:00+00:00,37.426249999999996,39.124153
2024-10-04 15:00:00+00:00,38.671875,42.59486
2024-10-04 16:00:00+00:00,39.9175,44.692234
2024-10-04 17:00:00+00:00,35.1575,39.085876
2024-10-04 18:00:00+00:00,30.397499999999997,32.575386
2024-10-04 19:00:00+00:00,25.637499999999996,27.05685
2024-10-04 20:00:00+00:00,20.877499999999994,22.539726
2024-10-04 21:00:00+00:00,20.9446875,21.918947
2024-10-04 22:00:00+00:00,21.011875,21.358181
2024-10-04 23:00:00+00:00,21.0790625,21.172186
2024-10-05 00:00:00+00:00,21.146250000000002,21.263733
2024-10-05 01:00:00+00:00,21.8046875,21.70317
2024-10-05 02:00:00+00:00,22.463125,22.485512
2024-10-05 03:00:00+00:00,23.121562500000003,22.88126
2024-10-05 04:00:00+00:00,23.78,23.282192
2024-10-05 05:00:00+00:00,24.23,21.453423
2024-10-05 06:00:00+00:00,24.680000000000003,19.731447
2024-10-05 07:00:00+00:00,24.565,22.5059
2024-10-05 08:00:00+00:00,24.45,25.283302
2024-10-05 09:00:00+00:00,26.47833333333333,27.04417
2024-10-05 10:00:00+00:00,28.506666666666668,29.183886
2024-10-05 11:00:00+00:00,30.535,30.540348
2024-10-05 12:00:00+00:00,32.56333333333333,31.730595
2024-10-05 13:00:00+00:00,32.67875,32.369835
2024-10-05 14:00:00+00:00,32.79416666666667,32.040096
2024-10-05 15:00:00+00:00,32.90958333333333,32.79927
2024-10-05 16:00:00+00:00,33.025,33.066612
2024-10-05 17:00:00+00:00,29.487187499999997,29.75276
2024-10-05 18:00:00+00:00,25.949375,26.3004
2024-10-05 19:00:00+00:00,22.411562500000006,22.84148
2024-10-05 20:00:00+00:00,18.87375,19.503223
2024-10-05 21:00:00+00:00,19.401875,19.678818
2024-10-05 22:00:00+00:00,19.93,20.557226
2024-10-05 23:00:00+00:00,20.458125,21.231083
2024-10-06 00:00:00+00:00,20.986250000000002,22.011477
2024-10-06 01:00:00+00:00,21.408749999999998,21.69815
2024-10-06 02:00:00+00:00,21.831249999999997,22.171371
2024-10-06 03:00:00+00:00,22.253750000000004,22.865433
2024-10-06 04:00:00+00:00,22.67625,23.525843
2024-10-06 05:00:00+00:00,22.078124999999996,22.788473
2024-10-06 06:00:00+00:00,21.48,22.39585
2024-10-06 07:00:00+00:00,23.39125,24.043736
2024-10-06 08:00:00+00:00,25.302500000000002,26.15313
2024-10-06 09:00:00+00:00,27.804791666666667,28.712152
2024-10-06 10:00:00+00:00,30.307083333333335,31.61151
2024-10-06 11:00:00+00:00,32.809375,32.971485
2024-10-06 12:00:00+00:00,35.311666666666675,32.904167
2024-10-06 13:00:00+00:00,35.540625,32.547157
2024-10-06 14:00:00+00:00,35.76958333333333,31.79728
2024-10-06 15:00:00+00:00,35.99854166666667,31.498577
2024-10-06 16:00:00+00:00,36.2275,31.895445
2024-10-06 17:00:00+00:00,32.391875,29.040697
2024-10-06 18:00:00+00:00,28.55625,25.65908
2024-10-06 19:00:00+00:00,24.720625,22.764723
2024-10-06 20:00:00+00:00,20.884999999999998,19.596472
2024-10-06 21:00:00+00:00,21.057187499999998,19.122662
2024-10-06 22:00:00+00:00,21.229374999999997,19.436953
2024-10-06 23:00:00+00:00,21.4015625,20.052494
2024-10-07 00:00:00+00:00,21.57375,20.69988
2024-10-07 01:00:00+00:00,21.992500000000003,21.674154
2024-10-07 02:00:00+00:00,22.411250000000003,22.542465
2024-10-07 03:00:00+00:00,22.830000000000002,22.989485
2024-10-07 04:00:00+00:00,23.24875,23.45969
2024-10-07 05:00:00+00:00,22.979375,22.813858
2024-10-07 06:00:00+00:00,22.71,22.12186
2024-10-07 07:00:00+00:00,23.480625,22.6961
2024-10-07 08:00:00+00:00,24.25125,23.157879
2024-10-07 09:00:00+00:00,30.12802083333333,24.992073
2024-10-07 10:00:00+00:00,36.00479166666666,27.833961
2024-10-07 11:00:00+00:00,41.8815625,32.713707
2024-10-07 12:00:00+00:00,47.75833333333333,38.671394
2024-10-07 13:00:00+00:00,44.74781250000001,37.820766
2024-10-07 14:00:00+00:00,41.737291666666664,35.78023
2024-10-07 15:00:00+00:00,38.72677083333333,34.180393
2024-10-07 16:00:00+00:00,35.71625,31.920105
2024-10-07 17:00:00+00:00,34.1446875,30.39132
2024-10-07 18:00:00+00:00,32.573125000000005,28.383675
2024-10-07 19:00:00+00:00,31.001562499999995,25.97323
2024-10-07 20:00:00+00:00,29.43,23.862274
2024-10-07 21:00:00+00:00,28.0590625,23.395573
2024-10-07 22:00:00+00:00,26.688125,23.75622
2024-10-07 23:00:00+00:00,25.3171875,24.566343
2024-10-08 00:00:00+00:00,23.94625,24.86829
2024-10-08 01:00:00+00:00,23.3509375,24.020004
2024-10-08 02:00:00+00:00,22.755625000000002,23.135458
2024-10-08 03:00:00+00:00,22.1603125,22.689316
2024-10-08 04:00:00+00:00,21.565,22.461563
2024-10-08 05:00:00+00:00,21.9525,22.636745
2024-10-08 06:00:00+00:00,22.34,22.994707
2024-10-08 07:00:00+00:00,23.66125,24.101887
2024-10-08 08:00:00+00:00,24.9825,25.876877
2024-10-08 09:00:00+00:00,29.191875,31.273077
2024-10-08 10:00:00+00:00,33.401250000000005,36.858414
2024-10-08 11:00:00+00:00,37.610625,42.964954
2024-10-08 12:00:00+00:00,41.82000000000001,48.881878
2024-10-08 13:00:00+00:00,39.6859375,44.820034
2024-10-08 14:00:00+00:00,37.551874999999995,39.78808
2024-10-08 15:00:00+00:00,35.4178125,35.96465
2024-10-08 16:00:00+00:00,33.28375,32.675247
2024-10-08 17:00:00+00:00,32.5946875,33.215824
2024-10-08 18:00:00+00:00,31.905625,33.77912
2024-10-08 19:00:00+00:00,31.2165625,34.55748
2024-10-08 20:00:00+00:00,30.5275,34.48313
2024-10-08 21:00:00+00:00,28.384062499999995,31.25509
2024-10-08 22:00:00+00:00,26.240625,28.19649
2024-10-08 23:00:00+00:00,24.0971875,24.489206
2024-10-09 00:00:00+00:00,21.95375,21.257257
2024-10-09 01:00:00+00:00,21.795625,21.10513
2024-10-09 02:00:00+00:00,21.6375,21.022928
2024-10-09 03:00:00+00:00,21.479374999999994,21.084337
2024-10-09 04:00:00+00:00,21.32125,21.335766
2024-10-09 05:00:00+00:00,18.830624999999998,21.366247
2024-10-09 06:00:00+00:00,16.34,21.436783
2024-10-09 07:00:00+00:00,21.949375,23.617718
2024-10-09 08:00:00+00:00,27.55875,26.025486
2024-10-09 09:00:00+00:00,29.0315625,28.158495
2024-10-09 10:00:00+00:00,30.504374999999996,30.460592
2024-10-09 11:00:00+00:00,31.977187499999996,31.553888
2024-10-09 12:00:00+00:00,33.449999999999996,31.948551
2024-10-09 13:00:00+00:00,32.215624999999996,30.639269
2024-10-09 14:00:00+00:00,30.981249999999996,29.437298
2024-10-09 15:00:00+00:00,29.746875,29.270052
2024-10-09 16:00:00+00:00,28.5125,29.40483
2024-10-09 17:00:00+00:00,27.73875,29.728123
2024-10-09 18:00:00+00:00,26.965,29.689384
2024-10-09 19:00:00+00:00,26.19125,29.184765
2024-10-09 20:00:00+00:00,25.4175,28.13668
2024-10-09 21:00:00+00:00,23.801875,26.11255
2024-10-09 22:00:00+00:00,22.18625,24.552479
2024-10-09 23:00:00+00:00,20.570625,22.703856
2024-10-10 00:00:00+00:00,18.955,20.937216
2024-10-10 01:00:00+00:00,19.712500000000002,20.536362
2024-10-10 02:00:00+00:00,20.469999999999995,20.804527
2024-10-10 03:00:00+00:00,21.2275,21.114569
2024-10-10 04:00:00+00:00,21.985,21.657036
2024-10-10 05:00:00+00:00,18.73,19.863028
2024-10-10 06:00:00+00:00,15.475,17.972824
2024-10-10 07:00:00+00:00,21.526875,22.491581
2024-10-10 08:00:00+00:00,27.57875,27.209719
2024-10-10 09:00:00+00:00,28.4140625,27.415344
2024-10-10 10:00:00+00:00,29.249375,27.491535
2024-10-10 11:00:00+00:00,30.084687499999998,29.40516
2024-10-10 12:00:00+00:00,30.919999999999998,32.375862
2024-10-10 13:00:00+00:00,31.053124999999998,33.30445
2024-10-10 14:00:00+00:00,31.18625,33.532303
2024-10-10 15:00:00+00:00,31.319375,32.52196
2024-10-10 16:00:00+00:00,31.4525,30.874798
2024-10-10 17:00:00+00:00,30.760625,30.23999
2024-10-10 18:00:00+00:00,30.06875,29.513756
2024-10-10 19:00:00+00:00,29.376875,27.99041
2024-10-10 20:00:00+00:00,28.684999999999995,26.5107
2024-10-10 21:00:00+00:00,26.5640625,25.076794
2024-10-10 22:00:00+00:00,24.443125000000002,23.866
2024-10-10 23:00:00+00:00,22.322187500000002,22.616621
2024-10-11 00:00:00+00:00,20.20125,21.594488
2024-10-11 01:00:00+00:00,20.7375,21.736109
2024-10-11 02:00:00+00:00,21.27375,22.108013
2024-10-11 03:00:00+00:00,21.810000000000002,22.246765
2024-10-11 04:00:00+00:00,22.34625,22.683357
2024-10-11 05:00:00+00:00,17.435625,19.787628
2024-10-11 06:00:00+00:00,12.525,16.9734
2024-10-11 07:00:00+00:00,19.75875,22.236046
2024-10-11 08:00:00+00:00,26.9925,28.513693
2024-10-11 09:00:00+00:00,27.942708333333332,29.549885
2024-10-11 10:00:00+00:00,28.892916666666665,30.684616
2024-10-11 11:00:00+00:00,29.843125,32.055683
2024-10-11 12:00:00+00:00,30.793333333333337,32.882023
2024-10-11 13:00:00+00:00,32.065625,35.398987
2024-10-11 14:00:00+00:00,33.337916666666665,37.181786
2024-10-11 15:00:00+00:00,34.61020833333333,39.08271
2024-10-11 16:00:00+00:00,35.8825,40.536892
2024-10-11 17:00:00+00:00,35.9428125,37.20175
2024-10-11 18:00:00+00:00,36.003125,33.547806
2024-10-11 19:00:00+00:00,36.0634375,30.21993
2024-10-11 20:00:00+00:00,36.12375,27.316053
2024-10-11 21:00:00+00:00,35.2959375,26.864248
2024-10-11 22:00:00+00:00,34.468125,26.854206
2024-10-11 23:00:00+00:00,33.6403125,27.38739
2024-10-12 00:00:00+00:00,32.8125,27.288792
2024-10-12 01:00:00+00:00,30.558125,26.57955
2024-10-12 02:00:00+00:00,28.30375,26.907394
2024-10-12 03:00:00+00:00,26.049374999999998,26.392368
2024-10-12 04:00:00+00:00,23.794999999999998,24.999754
2024-10-12 05:00:00+00:00,16.9625,19.057747
2024-10-12 06:00:00+00:00,10.13,13.934552
2024-10-12 07:00:00+00:00,18.416249999999998,18.619411
2024-10-12 08:00:00+00:00,26.7025,24.182175
2024-10-12 09:00:00+00:00,28.37979166666667,26.022287
2024-10-12 10:00:00+00:00,30.057083333333335,28.519241
2024-10-12 11:00:00+00:00,31.734375,31.794493
2024-10-12 12:00:00+00:00,33.41166666666667,34.32534
2024-10-12 13:00:00+00:00,34.0571875,34.493984
2024-10-12 14:00:00+00:00,34.702708333333334,33.818554
2024-10-12 15:00:00+00:00,35.34822916666667,34.116463
2024-10-12 16:00:00+00:00,35.99375,34.830647
2024-10-12 17:00:00+00:00,35.3446875,34.349472
2024-10-12 18:00:00+00:00,34.695625,34.20314
2024-10-12 19:00:00+00:00,34.0465625,33.488705
2024-10-12 20:00:00+00:00,33.3975,32.344387
2024-10-12 21:00:00+00:00,33.064687500000005,32.54922
2024-10-12 22:00:00+00:00,32.731875,32.502506
2024-10-12 23:00:00+00:00,32.3990625,32.00682
2024-10-13 00:00:00+00:00,32.066250000000004,31.320261
2024-10-13 01:00:00+00:00,29.551562500000003,28.538351
2024-10-13 02:00:00+00:00,27.036875000000002,26.781746
2024-10-13 03:00:00+00:00,24.522187499999998,25.27095
2024-10-13 04:00:00+00:00,22.0075,23.724072
2024-10-13 05:00:00+00:00,16.50125,18.721579
2024-10-13 06:00:00+00:00,10.995000000000001,14.287388
2024-10-13 07:00:00+00:00,17.16375,18.520113
2024-10-13 08:00:00+00:00,23.3325,23.773193
2024-10-13 09:00:00+00:00,25.430625,26.766184
2024-10-13 10:00:00+00:00,27.52875,29.664042
2024-10-13 11:00:00+00:00,29.626875,33.91016
2024-10-13 12:00:00+00:00,31.724999999999998,38.396095
2024-10-13 13:00:00+00:00,31.414375,38.32907
2024-10-13 14:00:00+00:00,31.103749999999998,37.321484
2024-10-13 15:00:00+00:00,30.793125,35.735287
2024-10-13 16:00:00+00:00,30.4825,34.455135
2024-10-13 17:00:00+00:00,29.399687500000002,32.562813
2024-10-13 18:00:00+00:00,28.316875000000003,30.975893
2024-10-13 19:00:00+00:00,27.2340625,30.459536
2024-10-13 20:00:00+00:00,26.151250000000005,29.773026
2024-10-13 21:00:00+00:00,25.9575,29.194025
2024-10-13 22:00:00+00:00,25.76375,28.875648
2024-10-13 23:00:00+00:00,25.57,28.68506
2024-10-14 00:00:00+00:00,25.37625,27.992214
2024-10-14 01:00:00+00:00,23.99375,25.177618
2024-10-14 02:00:00+00:00,22.61125,23.032604
2024-10-14 03:00:00+00:00,21.228750000000005,21.354305
2024-10-14 04:00:00+00:00,19.84625,19.751907
2024-10-14 05:00:00+00:00,19.165625,17.088392
2024-10-14 06:00:00+00:00,18.485,14.835934
2024-10-14 07:00:00+00:00,20.326875,19.301668
2024-10-14 08:00:00+00:00,22.16875,24.086859
2024-10-14 09:00:00+00:00,25.420729166666668,25.449158
2024-10-14 10:00:00+00:00,28.672708333333333,26.799252
2024-10-14 11:00:00+00:00,31.9246875,28.430695
2024-10-14 12:00:00+00:00,35.17666666666667,30.59202
2024-10-14 13:00:00+00:00,33.2275,31.41305
2024-10-14 14:00:00+00:00,31.278333333333336,31.617382
2024-10-14 15:00:00+00:00,29.329166666666666,31.224522
2024-10-14 16:00:00+00:00,27.380000000000003,30.89219
2024-10-14 17:00:00+00:00,27.7353125,30.578056
2024-10-14 18:00:00+00:00,28.090625,30.745623
2024-10-14 19:00:00+00:00,28.4459375,30.493217
2024-10-14 20:00:00+00:00,28.80125,30.141361
2024-10-14 21:00:00+00:00,28.4809375,29.99915
2024-10-14 22:00:00+00:00,28.160625,29.968235
2024-10-14 23:00:00+00:00,27.8403125,30.365929
2024-10-15 00:00:00+00:00,27.520000000000003,31.08869
2024-10-15 01:00:00+00:00,25.8278125,28.13379
2024-10-15 02:00:00+00:00,24.135624999999997,26.040546
2024-10-15 03:00:00+00:00,22.443437499999998,24.220253
2024-10-15 04:00:00+00:00,20.75125,22.294508
2024-10-15 05:00:00+00:00,15.700624999999999,19.735394
2024-10-15 06:00:00+00:00,10.649999999999999,17.526207
2024-10-15 07:00:00+00:00,16.911875,19.169983
2024-10-15 08:00:00+00:00,23.17375,21.326347
2024-10-15 09:00:00+00:00,25.48239583333333,24.018564
2024-10-15 10:00:00+00:00,27.791041666666665,27.13612
2024-10-15 11:00:00+00:00,30.099687499999998,30.161238
2024-10-15 12:00:00+00:00,32.40833333333333,32.75843
2024-10-15 13:00:00+00:00,31.13375,32.107346
2024-10-15 14:00:00+00:00,29.859166666666667,31.081503
2024-10-15 15:00:00+00:00,28.58458333333333,29.622429
2024-10-15 16:00:00+00:00,27.31,28.32391
2024-10-15 17:00:00+00:00,27.294999999999998,29.824833
2024-10-15 18:00:00+00:00,27.28,31.656828
2024-10-15 19:00:00+00:00,27.265,33.102383
2024-10-15 20:00:00+00:00,27.25,34.26217
2024-10-15 21:00:00+00:00,30.21875,33.677105
2024-10-15 22:00:00+00:00,33.1875,33.31566
2024-10-15 23:00:00+00:00,36.15625,32.587753
2024-10-16 00:00:00+00:00,39.125,31.521404
2024-10-16 01:00:00+00:00,37.1090625,31.041386
2024-10-16 02:00:00+00:00,35.09312499999999,30.852726
2024-10-16 03:00:00+00:00,33.0771875,30.777409
2024-10-16 04:00:00+00:00,31.06125,30.337954
2024-10-16 05:00:00+00:00,19.478125,22.168201
2024-10-16 06:00:00+00:00,7.8950000000000005,13.5015335
2024-10-16 07:00:00+00:00,15.935625000000002,18.802181
2024-10-16 08:00:00+00:00,23.97625,24.63726
2024-10-16 09:00:00+00:00,27.424270833333335,25.877201
2024-10-16 10:00:00+00:00,30.87229166666667,26.54557
2024-10-16 11:00:00+00:00,34.3203125,27.110554
2024-10-16 12:00:00+00:00,37.76833333333334,28.433619
2024-10-16 13:00:00+00:00,35.66375000000001,28.18862
2024-10-16 14:00:00+00:00,33.55916666666667,28.08044
2024-10-16 15:00:00+00:00,31.454583333333336,27.715218
2024-10-16 16:00:00+00:00,29.35,27.068811
2024-10-16 17:00:00+00:00,28.6825,27.93951
2024-10-16 18:00:00+00:00,28.015,29.729992
2024-10-16 19:00:00+00:00,27.3475,31.200417
2024-10-16 20:00:00+00:00,26.68,32.041485
2024-10-16 21:00:00+00:00,29.12875,33.593258
2024-10-16 22:00:00+00:00,31.5775,34.59813
2024-10-16 23:00:00+00:00,34.026250000000005,33.458603
2024-10-17 00:00:00+00:00,36.475,32.43452
2024-10-17 01:00:00+00:00,34.7625,31.247791
2024-10-17 02:00:00+00:00,33.05,29.912527
2024-10-17 03:00:00+00:00,31.3375,28.474726
2024-10-17 04:00:00+00:00,29.625,26.804615
2024-10-17 05:00:00+00:00,21.384999999999998,17.833122
2024-10-17 06:00:00+00:00,13.145,8.5547085
2024-10-17 07:00:00+00:00,16.47625,15.382013
2024-10-17 08:00:00+00:00,19.8075,22.704063
2024-10-17 09:00:00+00:00,23.742291666666667,24.850655
2024-10-17 10:00:00+00:00,27.677083333333336,26.382082
2024-10-17 11:00:00+00:00,31.611875000000005,26.4474
2024-10-17 12:00:00+00:00,35.54666666666667,27.403109
2024-10-17 13:00:00+00:00,34.573750000000004,27.7381
2024-10-17 14:00:00+00:00,33.600833333333334,28.189785
2024-10-17 15:00:00+00:00,32.627916666666664,27.873764
2024-10-17 16:00:00+00:00,31.655,27.510689
2024-10-17 17:00:00+00:00,30.285,27.49318
2024-10-17 18:00:00+00:00,28.915,27.769474
2024-10-17 19:00:00+00:00,27.545,28.249483
2024-10-17 20:00:00+00:00,26.175,28.60498
2024-10-17 21:00:00+00:00,26.0534375,28.741299
2024-10-17 22:00:00+00:00,25.931874999999998,28.6318
2024-10-17 23:00:00+00:00,25.8103125,28.755838
2024-10-18 00:00:00+00:00,25.68875,28.345901
2024-10-18 01:00:00+00:00,25.6921875,28.203688
2024-10-18 02:00:00+00:00,25.695625000000003,27.618864
2024-10-18 03:00:00+00:00,25.6990625,26.733896
2024-10-18 04:00:00+00:00,25.7025,25.550356
2024-10-18 05:00:00+00:00,14.98875,19.703857
2024-10-18 06:00:00+00:00,4.2749999999999995,14.034926
2024-10-18 07:00:00+00:00,13.098749999999999,18.134026
2024-10-18 08:00:00+00:00,21.922500000000003,23.170074
2024-10-18 09:00:00+00:00,24.453541666666663,25.144587
2024-10-18 10:00:00+00:00,26.984583333333333,27.007105
2024-10-18 11:00:00+00:00,29.515625,28.440565
2024-10-18 12:00:00+00:00,32.04666666666667,29.717178
2024-10-18 13:00:00+00:00,32.2040625,30.809809
2024-10-18 14:00:00+00:00,32.36145833333333,32.119225
2024-10-18 15:00:00+00:00,32.51885416666667,32.974422
2024-10-18 16:00:00+00:00,32.67625,33.571625
2024-10-18 17:00:00+00:00,29.876875000000002,32.063908
2024-10-18 18:00:00+00:00,27.0775,30.560978
2024-10-18 19:00:00+00:00,24.278125,28.699709
2024-10-18 20:00:00+00:00,21.478749999999998,27.22727
2024-10-18 21:00:00+00:00,23.397499999999997,27.6039
2024-10-18 22:00:00+00:00,25.31625,28.360744
2024-10-18 23:00:00+00:00,27.235,29.17304
2024-10-19 00:00:00+00:00,29.15375,29.326641
2024-10-19 01:00:00+00:00,28.432187499999998,28.194841
2024-10-19 02:00:00+00:00,27.710625,28.15642
2024-10-19 03:00:00+00:00,26.9890625,27.627716
2024-10-19 04:00:00+00:00,26.2675,26.867403
2024-10-19 05:00:00+00:00,15.706249999999999,21.442413
2024-10-19 06:00:00+00:00,5.145,15.6475115
2024-10-19 07:00:00+00:00,13.783125,19.888994
2024-10-19 08:00:00+00:00,22.42125,24.669144
2024-10-19 09:00:00+00:00,25.60510416666667,25.578688
2024-10-19 10:00:00+00:00,28.788958333333333,26.950354
2024-10-19 11:00:00+00:00,31.9728125,27.878834
2024-10-19 12:00:00+00:00,35.156666666666666,28.887865
2024-10-19 13:00:00+00:00,33.98,28.88176
2024-10-19 14:00:00+00:00,32.803333333333335,29.213013
2024-10-19 15:00:00+00:00,31.626666666666665,29.83775
2024-10-19 16:00:00+00:00,30.45,30.098526
2024-10-19 17:00:00+00:00,28.0696875,28.870483
2024-10-19 18:00:00+00:00,25.689375,27.708288
2024-10-19 19:00:00+00:00,23.309062500000003,26.431225
2024-10-19 20:00:00+00:00,20.92875,25.459538
2024-10-19 21:00:00+00:00,22.284375,26.005102
2024-10-19 22:00:00+00:00,23.64,26.333706
2024-10-19 23:00:00+00:00,24.995625,26.725645
2024-10-20 00:00:00+00:00,26.35125,26.549828
2024-10-20 01:00:00+00:00,31.2275,27.283606
2024-10-20 02:00:00+00:00,36.10375,29.229319
2024-10-20 03:00:00+00:00,40.98,30.391422
2024-10-20 04:00:00+00:00,45.856249999999996,30.856495
2024-10-20 05:00:00+00:00,29.030624999999997,18.043903
2024-10-20 06:00:00+00:00,12.205,6.2080307
2024-10-20 07:00:00+00:00,28.910000000000004,15.26509
2024-10-20 08:00:00+00:00,45.614999999999995,24.424074
2024-10-20 09:00:00+00:00,45.108333333333334,27.11985
2024-10-20 10:00:00+00:00,44.60166666666667,30.472187
2024-10-20 11:00:00+00:00,44.095,33.57709
2024-10-20 12:00:00+00:00,43.58833333333333,35.875984
2024-10-20 13:00:00+00:00,41.8840625,35.36989
2024-10-20 14:00:00+00:00,40.17979166666666,34.719498
2024-10-20 15:00:00+00:00,38.47552083333333,34.34657
2024-10-20 16:00:00+00:00,36.771249999999995,33.90993
2024-10-20 17:00:00+00:00,34.18687499999999,31.48908
2024-10-20 18:00:00+00:00,31.6025,29.299686
2024-10-20 19:00:00+00:00,29.018124999999998,27.115734
2024-10-20 20:00:00+00:00,26.43375,24.86461
2024-10-20 21:00:00+00:00,26.136562500000004,25.267733
2024-10-20 22:00:00+00:00,25.839375,26.024244
2024-10-20 23:00:00+00:00,25.5421875,26.207205
2024-10-21 00:00:00+00:00,25.245,26.079216
2024-10-21 01:00:00+00:00,27.9059375,27.837753
2024-10-21 02:00:00+00:00,30.566875000000003,31.50106
2024-10-21 03:00:00+00:00,33.2278125,34.729263
2024-10-21 04:00:00+00:00,35.88875,37.19256
2024-10-21 05:00:00+00:00,22.099375000000002,26.063702
2024-10-21 06:00:00+00:00,8.309999999999999,14.541791
2024-10-21 07:00:00+00:00,19.295624999999998,27.744442
2024-10-21 08:00:00+00:00,30.28125,41.542534
2024-10-21 09:00:00+00:00,30.270520833333332,39.94801
2024-10-21 10:00:00+00:00,30.259791666666665,36.68869
2024-10-21 11:00:00+00:00,30.2490625,32.9031
2024-10-21 12:00:00+00:00,30.238333333333333,29.806635
2024-10-21 13:00:00+00:00,31.1359375,30.07904
2024-10-21 14:00:00+00:00,32.033541666666665,30.931698
2024-10-21 15:00:00+00:00,32.93114583333333,31.624866
2024-10-21 16:00:00+00:00,33.82875,32.436775
2024-10-21 17:00:00+00:00,33.0215625,30.711212
2024-10-21 18:00:00+00:00,32.214375000000004,29.1375
2024-10-21 19:00:00+00:00,31.4071875,28.204893
2024-10-21 20:00:00+00:00,30.6,26.567144
2024-10-21 21:00:00+00:00,29.4559375,26.86616
2024-10-21 22:00:00+00:00,28.311875,27.301287
2024-10-21 23:00:00+00:00,27.1678125,27.54499
2024-10-22 00:00:00+00:00,26.02375,27.79809
2024-10-22 01:00:00+00:00,25.685,27.847185
2024-10-22 02:00:00+00:00,25.346249999999998,28.018198
2024-10-22 03:00:00+00:00,25.0075,27.511385
2024-10-22 04:00:00+00:00,24.66875,27.095234
2024-10-22 05:00:00+00:00,14.896875,18.669624
2024-10-22 06:00:00+00:00,5.125,11.46036
2024-10-22 07:00:00+00:00,14.593125,18.546467
2024-10-22 08:00:00+00:00,24.06125,25.88307
2024-10-22 09:00:00+00:00,25.131770833333334,27.283554
2024-10-22 10:00:00+00:00,26.202291666666667,28.602686
2024-10-22 11:00:00+00:00,27.2728125,29.07669
2024-10-22 12:00:00+00:00,28.343333333333334,29.369738
2024-10-22 13:00:00+00:00,28.138125000000002,28.635572
2024-10-22 14:00:00+00:00,27.932916666666667,27.802496
2024-10-22 15:00:00+00:00,27.727708333333332,25.96211
2024-10-22 16:00:00+00:00,27.5225,25.198198
2024-10-22 17:00:00+00:00,27.905625000000004,27.945784
2024-10-22 18:00:00+00:00,28.28875,30.188526
2024-10-22 19:00:00+00:00,28.671875,31.48113
2024-10-22 20:00:00+00:00,29.055,32.661495
2024-10-22 21:00:00+00:00,26.9303125,30.544138
2024-10-22 22:00:00+00:00,24.805625,28.274742
2024-10-22 23:00:00+00:00,22.6809375,25.355316
2024-10-23 00:00:00+00:00,20.55625,22.44442
2024-10-23 01:00:00+00:00,22.026249999999997,22.691128
2024-10-23 02:00:00+00:00,23.49625,23.490042
2024-10-23 03:00:00+00:00,24.966250000000002,24.459457
2024-10-23 04:00:00+00:00,26.43625,25.28425
2024-10-23 05:00:00+00:00,19.915625,17.192917
2024-10-23 06:00:00+00:00,13.395,10.002481
2024-10-23 07:00:00+00:00,19.786875000000002,18.737616
2024-10-23 08:00:00+00:00,26.17875,26.944557
2024-10-23 09:00:00+00:00,28.67697916666667,27.674568
2024-10-23 10:00:00+00:00,31.175208333333334,28.710941
2024-10-23 11:00:00+00:00,33.6734375,30.046143
2024-10-23 12:00:00+00:00,36.17166666666667,31.263437
2024-10-23 13:00:00+00:00,33.7871875,31.19696
2024-10-23 14:00:00+00:00,31.402708333333333,31.210142
2024-10-23 15:00:00+00:00,29.018229166666664,30.28837
2024-10-23 16:00:00+00:00,26.63375,29.58173
2024-10-23 17:00:00+00:00,26.549374999999998,29.703724
2024-10-23 18:00:00+00:00,26.465,29.818892
2024-10-23 19:00:00+00:00,26.380625000000002,29.667742
2024-10-23 20:00:00+00:00,26.29625,29.290567
2024-10-23 21:00:00+00:00,24.7690625,27.35858
2024-10-23 22:00:00+00:00,23.241875,25.207224
2024-10-23 23:00:00+00:00,21.7146875,23.54835
2024-10-24 00:00:00+00:00,20.1875,22.214792
2024-10-24 01:00:00+00:00,21.4546875,23.292994
2024-10-24 02:00:00+00:00,22.721875000000004,23.875353
2024-10-24 03:00:00+00:00,23.989062500000003,24.393944
2024-10-24 04:00:00+00:00,25.25625,24.392338
2024-10-24 05:00:00+00:00,18.473125000000003,15.327594
2024-10-24 06:00:00+00:00,11.690000000000001,8.652449
2024-10-24 07:00:00+00:00,37.774375000000006,21.93733
2024-10-24 08:00:00+00:00,63.85875,35.39344
2024-10-24 09:00:00+00:00,94.34322916666666,41.67248
2024-10-24 10:00:00+00:00,124.82770833333333,47.116436
2024-10-24 11:00:00+00:00,155.3121875,51.57974
2024-10-24 12:00:00+00:00,185.79666666666665,54.26107
2024-10-24 13:00:00+00:00,146.50656249999997,49.73787
2024-10-24 14:00:00+00:00,107.21645833333332,44.831024
2024-10-24 15:00:00+00:00,67.92635416666666,38.870758
2024-10-24 16:00:00+00:00,28.63625,32.90568
2024-10-24 17:00:00+00:00,28.6403125,31.844719
2024-10-24 18:00:00+00:00,28.644375,31.184956
2024-10-24 19:00:00+00:00,28.6484375,31.388458
2024-10-24 20:00:00+00:00,28.6525,31.688694
2024-10-24 21:00:00+00:00,28.121875000000003,30.01311
2024-10-24 22:00:00+00:00,27.591250000000002,28.495699
2024-10-24 23:00:00+00:00,27.060625,27.094704
2024-10-25 00:00:00+00:00,26.53,25.781713
2024-10-25 01:00:00+00:00,25.8615625,25.920635
2024-10-25 02:00:00+00:00,25.193125000000002,26.035954
2024-10-25 03:00:00+00:00,24.524687500000002,25.541683
2024-10-25 04:00:00+00:00,23.856250000000003,25.603453
2024-10-25 05:00:00+00:00,13.980625000000002,18.522705
2024-10-25 06:00:00+00:00,4.105,10.759716
2024-10-25 07:00:00+00:00,25.570625000000003,22.162159
2024-10-25 08:00:00+00:00,47.03625,33.414856
2024-10-25 09:00:00+00:00,51.876354166666665,34.75997
2024-10-25 10:00:00+00:00,56.716458333333335,38.639824
2024-10-25 11:00:00+00:00,61.5565625,49.741013
2024-10-25 12:00:00+00:00,66.39666666666666,59.34371
2024-10-25 13:00:00+00:00,55.598437499999996,53.703415
2024-10-25 14:00:00+00:00,44.80020833333333,46.68711
2024-10-25 15:00:00+00:00,34.001979166666665,39.909008
2024-10-25 16:00:00+00:00,23.20375,33.04806
2024-10-25 17:00:00+00:00,25.1678125,31.53554
2024-10-25 18:00:00+00:00,27.131875,30.486998
2024-10-25 19:00:00+00:00,29.095937499999998,28.801468
2024-10-25 20:00:00+00:00,31.06,28.339886
2024-10-25 21:00:00+00:00,31.349999999999998,28.560268
2024-10-25 22:00:00+00:00,31.64,28.870821
2024-10-25 23:00:00+00:00,31.93,28.208263
2024-10-26 00:00:00+00:00,32.22,27.326612
2024-10-26 01:00:00+00:00,29.909062499999997,27.72263
2024-10-26 02:00:00+00:00,27.598125,27.095095
2024-10-26 03:00:00+00:00,25.2871875,27.10489
2024-10-26 04:00:00+00:00,22.97625,25.681625
2024-10-26 05:00:00+00:00,23.345625000000002,17.365467
2024-10-26 06:00:00+00:00,23.715,8.166721
2024-10-26 07:00:00+00:00,24.228125,17.387373
2024-10-26 08:00:00+00:00,24.74125,26.784052
2024-10-26 09:00:00+00:00,30.4496875,27.366943
2024-10-26 10:00:00+00:00,36.158125,29.46174
2024-10-26 11:00:00+00:00,41.8665625,32.845943
2024-10-26 12:00:00+00:00,47.574999999999996,35.939137
2024-10-26 13:00:00+00:00,41.68875,33.207687
2024-10-26 14:00:00+00:00,35.802499999999995,30.83845
2024-10-26 15:00:00+00:00,29.916249999999998,28.00071
2024-10-26 16:00:00+00:00,24.03,26.222252
2024-10-26 17:00:00+00:00,24.3040625,27.721905
2024-10-26 18:00:00+00:00,24.578125,28.079844
2024-10-26 19:00:00+00:00,24.8521875,28.316935
2024-10-26 20:00:00+00:00,25.12625,28.26094
2024-10-26 21:00:00+00:00,26.0784375,28.125734
2024-10-26 22:00:00+00:00,27.030625,28.94719
2024-10-26 23:00:00+00:00,27.982812499999994,29.856081
2024-10-27 00:00:00+00:00,28.935,29.772419
2024-10-27 01:00:00+00:00,26.510312499999998,27.85664
2024-10-27 02:00:00+00:00,24.085625,26.48042
2024-10-27 03:00:00+00:00,21.6609375,25.188381
2024-10-27 04:00:00+00:00,19.23625,23.993938
2024-10-27 05:00:00+00:00,21.923125,21.827919
2024-10-27 06:00:00+00:00,24.61,20.02452
2024-10-27 07:00:00+00:00,25.8075,25.610088
2024-10-27 08:00:00+00:00,27.005000000000003,30.815392
2024-10-27 09:00:00+00:00,33.935833333333335,32.581463
2024-10-27 10:00:00+00:00,40.86666666666667,34.879875
2024-10-27 11:00:00+00:00,47.7975,39.41986
2024-10-27 12:00:00+00:00,54.72833333333333,44.95958
2024-10-27 13:00:00+00:00,48.5415625,43.216408
2024-10-27 14:00:00+00:00,42.354791666666664,40.48049
2024-10-27 15:00:00+00:00,36.16802083333333,36.42151
2024-10-27 16:00:00+00:00,29.98125,32.10648
2024-10-27 17:00:00+00:00,28.23125,30.64082
2024-10-27 18:00:00+00:00,26.48125,29.198256
2024-10-27 19:00:00+00:00,24.73125,28.03634
2024-10-27 20:00:00+00:00,22.98125,26.812166
2024-10-27 21:00:00+00:00,24.088749999999997,26.43042
2024-10-27 22:00:00+00:00,25.19625,26.393942
2024-10-27 23:00:00+00:00,26.303749999999997,26.894625
2024-10-28 00:00:00+00:00,27.41125,27.55595
2024-10-28 01:00:00+00:00,25.796875,25.605211
2024-10-28 02:00:00+00:00,24.182499999999994,25.195007
2024-10-28 03:00:00+00:00,22.568125,23.09988
2024-10-28 04:00:00+00:00,20.95375,21.919197
2024-10-28 05:00:00+00:00,13.996875,19.87622
2024-10-28 06:00:00+00:00,7.039999999999999,20.320065
2024-10-28 07:00:00+00:00,15.405,21.309048
2024-10-28 08:00:00+00:00,23.77,23.771774
2024-10-28 09:00:00+00:00,93.27958333333333,31.395252
2024-10-28 10:00:00+00:00,162.7891666666667,46.779427
2024-10-28 11:00:00+00:00,232.29875,69.12285
2024-10-28 12:00:00+00:00,301.80833333333334,97.9393
2024-10-28 13:00:00+00:00,255.1734375,132.91325
2024-10-28 14:00:00+00:00,208.53854166666667,144.03711
2024-10-28 15:00:00+00:00,161.90364583333331,139.3775
2024-10-28 16:00:00+00:00,115.26875,126.01166
2024-10-28 17:00:00+00:00,92.129375,91.09822
2024-10-28 18:00:00+00:00,68.99,61.803062
2024-10-28 19:00:00+00:00,45.850624999999994,41.52515
2024-10-28 20:00:00+00:00,22.71125,26.963144
2024-10-28 21:00:00+00:00,24.248125,26.27488
2024-10-28 22:00:00+00:00,25.785,26.3779
2024-10-28 23:00:00+00:00,27.321875,27.242868
2024-10-29 00:00:00+00:00,28.85875,29.89287
2024-10-29 01:00:00+00:00,28.7925,28.849134
2024-10-29 02:00:00+00:00,28.72625,28.669003
2024-10-29 03:00:00+00:00,28.660000000000004,27.234322
2024-10-29 04:00:00+00:00,28.59375,26.696
2024-10-29 05:00:00+00:00,15.581875,20.75917
2024-10-29 06:00:00+00:00,2.5700000000000007,18.03046
2024-10-29 07:00:00+00:00,12.304375,19.975079
2024-10-29 08:00:00+00:00,22.03875,26.571413
2024-10-29 09:00:00+00:00,54.6515625,66.76353
2024-10-29 10:00:00+00:00,87.264375,111.185844
2024-10-29 11:00:00+00:00,119.87718749999999,120.81456
2024-10-29 12:00:00+00:00,152.48999999999998,117.75756
2024-10-29 13:00:00+00:00,125.836875,97.42003
2024-10-29 14:00:00+00:00,99.18374999999999,76.413956
2024-10-29 15:00:00+00:00,72.53062499999999,64.5173
2024-10-29 16:00:00+00:00,45.8775,53.249588
2024-10-29 17:00:00+00:00,39.1275,44.441166
2024-10-29 18:00:00+00:00,32.3775,37.263878
2024-10-29 19:00:00+00:00,25.6275,27.71598
2024-10-29 20:00:00+00:00,18.8775,17.824862
2024-10-29 21:00:00+00:00,22.003125,20.11432
2024-10-29 22:00:00+00:00,25.12875,25.156202
2024-10-29 23:00:00+00:00,28.254375,27.489006
2024-10-30 00:00:00+00:00,31.38,29.995924
2024-10-30 01:00:00+00:00,31.541562499999998,27.803352
2024-10-30 02:00:00+00:00,31.703125,28.2485
2024-10-30 03:00:00+00:00,31.864687500000002,27.83995
2024-10-30 04:00:00+00:00,32.02625,28.160473
2024-10-30 05:00:00+00:00,17.575625,21.76882
2024-10-30 06:00:00+00:00,3.125,14.602467
2024-10-30 07:00:00+00:00,14.576875000000001,18.3399
2024-10-30 08:00:00+00:00,26.028750000000002,24.273724
2024-10-30 09:00:00+00:00,31.1790625,32.852337
2024-10-30 10:00:00+00:00,36.329375,42.040443
2024-10-30 11:00:00+00:00,41.479687500000004,47.93568
2024-10-30 12:00:00+00:00,46.63,52.445374
2024-10-30 13:00:00+00:00,42.784062500000005,48.884434
2024-10-30 14:00:00+00:00,38.93812500000001,45.324966
2024-10-30 15:00:00+00:00,35.0921875,43.084152
2024-10-30 16:00:00+00:00,31.246250000000003,41.184486
2024-10-30 17:00:00+00:00,28.610000000000003,39.713158
2024-10-30 18:00:00+00:00,25.973750000000003,35.123653
2024-10-30 19:00:00+00:00,23.337500000000002,28.517113
2024-10-30 20:00:00+00:00,20.70125,20.660078
2024-10-30 21:00:00+00:00,21.980937500000003,19.417795
2024-10-30 22:00:00+00:00,23.260625,22.752056
2024-10-30 23:00:00+00:00,24.5403125,27.299706
2024-10-31 00:00:00+00:00,25.820000000000004,31.990139
2024-10-31 01:00:00+00:00,25.99625,31.491837
2024-10-31 02:00:00+00:00,26.1725,32.55667
2024-10-31 03:00:00+00:00,26.34875,34.37924
2024-10-31 04:00:00+00:00,26.525,35.523117
2024-10-31 05:00:00+00:00,26.494999999999997,24.812155
2024-10-31 06:00:00+00:00,26.465,13.197636
2024-10-31 07:00:00+00:00,24.671875,20.11658
2024-10-31 08:00:00+00:00,22.87875,32.3232
2024-10-31 09:00:00+00:00,25.681979166666668,36.521576
2024-10-31 10:00:00+00:00,28.485208333333333,38.139423
2024-10-31 11:00:00+00:00,31.2884375,38.544643
2024-10-31 12:00:00+00:00,34.09166666666667,38.107655
2024-10-31 13:00:00+00:00,34.194375,38.264664
2024-10-31 14:00:00+00:00,34.29708333333333,38.877426
2024-10-31 15:00:00+00:00,34.399791666666665,39.84108
2024-10-31 16:00:00+00:00,34.5025,39.537098
2024-10-31 17:00:00+00:00,31.3640625,36.749653
2024-10-31 18:00:00+00:00,28.225625,33.802387
2024-10-31 19:00:00+00:00,25.0871875,29.389355
2024-10-31 20:00:00+00:00,21.94875,25.9533
2024-10-31 21:00:00+00:00,22.2746875,23.722391
2024-10-31 22:00:00+00:00,22.600624999999997,21.907478
2024-10-31 23:00:00+00:00,22.9265625,21.705704
2024-11-01 00:00:00+00:00,23.252499999999998,21.37169
2024-11-01 01:00:00+00:00,24.151874999999997,20.972206
2024-11-01 02:00:00+00:00,25.05125,22.378214
2024-11-01 03:00:00+00:00,25.950625000000006,23.93547
2024-11-01 04:00:00+00:00,26.85,25.83806
2024-11-01 05:00:00+00:00,23.955000000000002,25.105396
2024-11-01 06:00:00+00:00,21.060000000000002,23.654665
2024-11-01 07:00:00+00:00,21.280625,23.00305
2024-11-01 08:00:00+00:00,21.50125,23.285957
2024-11-01 09:00:00+00:00,23.762604166666666,23.69425
2024-11-01 10:00:00+00:00,26.023958333333333,25.440327
2024-11-01 11:00:00+00:00,28.2853125,27.574028
2024-11-01 12:00:00+00:00,30.546666666666667,33.82265
2024-11-01 13:00:00+00:00,51.9203125,68.55321
2024-11-01 14:00:00+00:00,73.29395833333332,96.13642
2024-11-01 15:00:00+00:00,94.66760416666666,107.99263
2024-11-01 16:00:00+00:00,116.04125,116.61069
2024-11-01 17:00:00+00:00,95.7628125,94.18089
2024-11-01 18:00:00+00:00,75.484375,69.755264
2024-11-01 19:00:00+00:00,55.2059375,49.765244
2024-11-01 20:00:00+00:00,34.9275,30.531261
2024-11-01 21:00:00+00:00,31.892500000000002,30.613197
2024-11-01 22:00:00+00:00,28.857499999999998,32.484142
2024-11-01 23:00:00+00:00,25.8225,32.761513
2024-11-02 00:00:00+00:00,22.7875,30.666817
2024-11-02 01:00:00+00:00,24.288124999999997,27.146294
2024-11-02 02:00:00+00:00,25.78875,26.934336
2024-11-02 03:00:00+00:00,27.289375,26.217228
2024-11-02 04:00:00+00:00,28.79,26.742657
2024-11-02 05:00:00+00:00,20.54,24.034094
2024-11-02 06:00:00+00:00,12.29,21.555916
2024-11-02 07:00:00+00:00,24.0525,20.92514
2024-11-02 08:00:00+00:00,35.815,21.235188
2024-11-02 09:00:00+00:00,35.08958333333332,19.970427
2024-11-02 10:00:00+00:00,34.36416666666666,19.394833
2024-11-02 11:00:00+00:00,33.63875,21.28759
2024-11-02 12:00:00+00:00,32.913333333333334,23.133877
2024-11-02 13:00:00+00:00,38.7578125,36.196842
2024-11-02 14:00:00+00:00,44.602291666666666,48.456726
2024-11-02 15:00:00+00:00,50.44677083333333,60.550644
2024-11-02 16:00:00+00:00,56.29125,73.032394
2024-11-02 17:00:00+00:00,49.290625,64.96102
2024-11-02 18:00:00+00:00,42.29,55.123466
2024-11-02 19:00:00+00:00,35.28937500000001,43.72894
2024-11-02 20:00:00+00:00,28.28875,30.054459
2024-11-02 21:00:00+00:00,25.3878125,27.35693
2024-11-02 22:00:00+00:00,22.486874999999998,25.400986
2024-11-02 23:00:00+00:00,19.5859375,24.738722
2024-11-03 00:00:00+00:00,16.685,23.7648
2024-11-03 01:00:00+00:00,20.1365625,23.264198
2024-11-03 02:00:00+00:00,23.588124999999998,24.45779
2024-11-03 03:00:00+00:00,27.0396875,26.49862
2024-11-03 04:00:00+00:00,30.49125,28.694256
2024-11-03 05:00:00+00:00,32.414500000000004,24.155594
2024-11-03 06:00:00+00:00,34.33775,20.28695
2024-11-03 07:00:00+00:00,36.261,25.334158
2024-11-03 08:00:00+00:00,38.18425,31.371544
2024-11-03 09:00:00+00:00,40.1075,33.369583
2024-11-03 10:00:00+00:00,38.234791666666666,34.978546
2024-11-03 11:00:00+00:00,36.36208333333334,36.71456
2024-11-03 12:00:00+00:00,34.489375,38.31174
2024-11-03 13:00:00+00:00,32.61666666666667,37.028034
2024-11-03 14:00:00+00:00,31.648437500000004,35.5249
2024-11-03 15:00:00+00:00,30.680208333333333,34.7809
2024-11-03 16:00:00+00:00,29.711979166666666,33.80014
2024-11-03 17:00:00+00:00,28.74375,32.328865
2024-11-03 18:00:00+00:00,27.294375,31.73164
2024-11-03 19:00:00+00:00,25.845000000000002,28.730076
2024-11-03 20:00:00+00:00,24.395625,24.4943
2024-11-03 21:00:00+00:00,22.94625,22.481256
2024-11-03 22:00:00+00:00,22.345,22.842222
2024-11-03 23:00:00+00:00,21.743749999999995,23.00696
2024-11-04 00:00:00+00:00,21.142500000000002,22.654678
2024-11-04 01:00:00+00:00,20.54125,20.21844
2024-11-04 02:00:00+00:00,21.81625,21.560944
2024-11-04 03:00:00+00:00,23.091250000000002,25.045815
2024-11-04 04:00:00+00:00,24.36625,28.711254
2024-11-04 05:00:00+00:00,25.641249999999996,28.117964
2024-11-04 06:00:00+00:00,21.595625,26.860752
2024-11-04 07:00:00+00:00,17.550000000000004,30.199575
2024-11-04 08:00:00+00:00,26.63875,35.324757
2024-11-04 09:00:00+00:00,35.7275,37.040764
2024-11-04 10:00:00+00:00,34.32145833333333,35.154182
2024-11-04 11:00:00+00:00,32.915416666666665,31.629051
2024-11-04 12:00:00+00:00,31.509375000000002,29.471973
2024-11-04 13:00:00+00:00,30.103333333333335,27.976902
2024-11-04 14:00:00+00:00,28.6703125,27.272081
2024-11-04 15:00:00+00:00,27.237291666666668,26.51175
2024-11-04 16:00:00+00:00,25.804270833333334,26.726658
2024-11-04 17:00:00+00:00,24.37125,28.657312
2024-11-04 18:00:00+00:00,24.0575,30.491009
2024-11-04 19:00:00+00:00,23.74375,29.827057
2024-11-04 20:00:00+00:00,23.43,26.923569
2024-11-04 21:00:00+00:00,23.11625,25.09408
2024-11-04 22:00:00+00:00,22.9121875,24.202291
2024-11-04 23:00:00+00:00,22.708125000000003,21.505718
2024-11-05 00:00:00+00:00,22.5040625,18.928484
2024-11-05 01:00:00+00:00,22.3,20.454403
2024-11-05 02:00:00+00:00,22.189999999999998,21.183754
2024-11-05 03:00:00+00:00,22.08,22.07789
2024-11-05 04:00:00+00:00,21.97,21.942738
2024-11-05 05:00:00+00:00,21.86,21.794207
2024-11-05 06:00:00+00:00,16.1175,18.692757
2024-11-05 07:00:00+00:00,10.375,20.18593
2024-11-05 08:00:00+00:00,23.746875000000003,26.294413
2024-11-05 09:00:00+00:00,37.11875,28.903685
2024-11-05 10:00:00+00:00,38.30072916666667,29.86434
2024-11-05 11:00:00+00:00,39.482708333333335,29.57608
2024-11-05 12:00:00+00:00,40.6646875,30.044233
2024-11-05 13:00:00+00:00,41.84666666666667,28.467192
2024-11-05 14:00:00+00:00,36.454375000000006,26.212769
2024-11-05 15:00:00+00:00,31.062083333333334,24.504364
2024-11-05 16:00:00+00:00,25.66979166666667,22.282215
2024-11-05 17:00:00+00:00,20.2775,29.96209
2024-11-05 18:00:00+00:00,24.66125,40.847626
2024-11-05 19:00:00+00:00,29.045,49.1127
2024-11-05 20:00:00+00:00,33.42875,57.3089
2024-11-05 21:00:00+00:00,37.8125,53.923084
2024-11-05 22:00:00+00:00,34.08375,48.65473
2024-11-05 23:00:00+00:00,30.355,40.453358
2024-11-06 00:00:00+00:00,26.62625,31.93691
2024-11-06 01:00:00+00:00,22.8975,29.533993
2024-11-06 02:00:00+00:00,22.697187500000002,28.244095
2024-11-06 03:00:00+00:00,22.496875000000003,26.281534
2024-11-06 04:00:00+00:00,22.296562499999997,24.031193
2024-11-06 05:00:00+00:00,22.09625,22.101337
2024-11-06 06:00:00+00:00,16.278125000000003,16.743412
2024-11-06 07:00:00+00:00,10.46,14.669108
2024-11-06 08:00:00+00:00,30.213125,23.7169
2024-11-06 09:00:00+00:00,49.96625,34.468185
2024-11-06 10:00:00+00:00,56.35677083333333,41.461018
2024-11-06 11:00:00+00:00,62.74729166666666,49.86106
2024-11-06 12:00:00+00:00,69.1378125,56.996315
2024-11-06 13:00:00+00:00,75.52833333333332,53.747482
2024-11-06 14:00:00+00:00,62.38437499999999,44.184467
2024-11-06 15:00:00+00:00,49.24041666666666,34.867176
2024-11-06 16:00:00+00:00,36.09645833333333,28.087994
2024-11-06 17:00:00+00:00,22.9525,24.409256
2024-11-06 18:00:00+00:00,22.678125,24.252789
2024-11-06 19:00:00+00:00,22.403750000000002,27.368118
2024-11-06 20:00:00+00:00,22.129375000000003,30.622942
2024-11-06 21:00:00+00:00,21.855,31.585114
2024-11-06 22:00:00+00:00,22.43375,31.519701
2024-11-06 23:00:00+00:00,23.012500000000003,29.478222
2024-11-07 00:00:00+00:00,23.591250000000006,26.62056
2024-11-07 01:00:00+00:00,24.17,22.657272
2024-11-07 02:00:00+00:00,22.27625,20.867805
2024-11-07 03:00:00+00:00,20.3825,20.195465
2024-11-07 04:00:00+00:00,18.48875,19.212439
2024-11-07 05:00:00+00:00,16.595,19.38147
2024-11-07 06:00:00+00:00,14.3125,15.08811
2024-11-07 07:00:00+00:00,12.03,13.085762
2024-11-07 08:00:00+00:00,36.993125,27.210842
2024-11-07 09:00:00+00:00,61.95625,41.23484
2024-11-07 10:00:00+00:00,67.22635416666667,47.42887
2024-11-07 11:00:00+00:00,72.49645833333334,50.108593
2024-11-07 12:00:00+00:00,77.7665625,51.06945
2024-11-07 13:00:00+00:00,83.03666666666668,51.69574
2024-11-07 14:00:00+00:00,68.8303125,45.882908
2024-11-07 15:00:00+00:00,54.623958333333334,40.184074
2024-11-07 16:00:00+00:00,40.41760416666667,36.6262
2024-11-07 17:00:00+00:00,26.21125,29.945381
2024-11-07 18:00:00+00:00,24.2234375,26.464401
2024-11-07 19:00:00+00:00,22.235625,24.050426
2024-11-07 20:00:00+00:00,20.247812500000002,21.319822
2024-11-07 21:00:00+00:00,18.26,20.211168
2024-11-07 22:00:00+00:00,19.186875,19.907387
2024-11-07 23:00:00+00:00,20.113750000000003,20.175987
2024-11-08 00:00:00+00:00,21.040625,21.024729
2024-11-08 01:00:00+00:00,21.9675,21.823704
2024-11-08 02:00:00+00:00,21.802500000000002,21.806795
2024-11-08 03:00:00+00:00,21.637500000000003,21.02747
2024-11-08 04:00:00+00:00,21.4725,19.912632
2024-11-08 05:00:00+00:00,21.3075,19.052956
2024-11-08 06:00:00+00:00,18.54875,17.381699
2024-11-08 07:00:00+00:00,15.79,17.770042
2024-11-08 08:00:00+00:00,25.033125000000002,25.258766
2024-11-08 09:00:00+00:00,34.27625,31.458559
2024-11-08 10:00:00+00:00,39.93927083333333,35.38628
2024-11-08 11:00:00+00:00,45.602291666666666,38.33642
2024-11-08 12:00:00+00:00,51.2653125,41.729744
2024-11-08 13:00:00+00:00,56.928333333333335,43.16585
2024-11-08 14:00:00+00:00,49.32656250000001,37.9964
2024-11-08 15:00:00+00:00,41.72479166666667,33.90632
2024-11-08 16:00:00+00:00,34.12302083333333,29.96627
2024-11-08 17:00:00+00:00,26.52125,24.807491
2024-11-08 18:00:00+00:00,24.57,24.056541
2024-11-08 19:00:00+00:00,22.61875,22.900276
2024-11-08 20:00:00+00:00,20.6675,20.67626
2024-11-08 21:00:00+00:00,18.71625,19.219593
2024-11-08 22:00:00+00:00,19.4428125,18.924831
2024-11-08 23:00:00+00:00,20.169375,19.460072
2024-11-09 00:00:00+00:00,20.8959375,21.080774
2024-11-09 01:00:00+00:00,21.6225,22.502522
2024-11-09 02:00:00+00:00,22.033749999999998,22.554823
2024-11-09 03:00:00+00:00,22.445,21.831919
2024-11-09 04:00:00+00:00,22.856250000000003,21.210012
2024-11-09 05:00:00+00:00,23.267500000000002,19.579891
2024-11-09 06:00:00+00:00,25.41875,14.851284
2024-11-09 07:00:00+00:00,27.57,12.710114
2024-11-09 08:00:00+00:00,27.338124999999994,17.479767
2024-11-09 09:00:00+00:00,27.10625,21.189484
2024-11-09 10:00:00+00:00,44.593020833333334,26.950657
2024-11-09 11:00:00+00:00,62.07979166666667,33.364616
2024-11-09 12:00:00+00:00,79.5665625,40.252033
2024-11-09 13:00:00+00:00,97.05333333333334,47.179485
2024-11-09 14:00:00+00:00,78.58000000000001,46.433548
2024-11-09 15:00:00+00:00,60.10666666666667,43.785885
2024-11-09 16:00:00+00:00,41.63333333333333,40.785404
2024-11-09 17:00:00+00:00,23.16,36.977966
2024-11-09 18:00:00+00:00,21.5465625,31.828196
2024-11-09 19:00:00+00:00,19.933125,26.312458
2024-11-09 20:00:00+00:00,18.319687499999997,21.553051
2024-11-09 21:00:00+00:00,16.70625,17.613085
2024-11-09 22:00:00+00:00,18.4253125,21.233772
2024-11-09 23:00:00+00:00,20.144375,26.399607
2024-11-10 00:00:00+00:00,21.8634375,32.421345
2024-11-10 01:00:00+00:00,23.5825,38.245804
2024-11-10 02:00:00+00:00,23.423125,35.25848
2024-11-10 03:00:00+00:00,23.26375,31.043684
2024-11-10 04:00:00+00:00,23.104375,27.715601
2024-11-10 05:00:00+00:00,22.945,24.594292
2024-11-10 06:00:00+00:00,19.6725,24.08271
2024-11-10 07:00:00+00:00,16.4,24.907436
2024-11-10 08:00:00+00:00,18.640625,24.890099
2024-11-10 09:00:00+00:00,20.88125,25.066204
2024-11-10 10:00:00+00:00,63.90677083333333,40.99363
2024-11-10 11:00:00+00:00,106.93229166666666,58.760727
2024-11-10 12:00:00+00:00,149.9578125,68.94403
2024-11-10 13:00:00+00:00,192.98333333333332,76.59038
2024-11-10 14:00:00+00:00,153.71937499999999,70.27841
2024-11-10 15:00:00+00:00,114.45541666666666,61.718445
2024-11-10 16:00:00+00:00,75.19145833333334,54.06955
2024-11-10 17:00:00+00:00,35.9275,43.47476
2024-11-10 18:00:00+00:00,31.82875,34.848022
2024-11-10 19:00:00+00:00,27.729999999999997,28.815115
2024-11-10 20:00:00+00:00,23.63125,23.755978
2024-11-10 21:00:00+00:00,19.5325,18.861067
2024-11-10 22:00:00+00:00,19.39125,19.199566
2024-11-10 23:00:00+00:00,19.25,19.46077
2024-11-11 00:00:00+00:00,19.10875,20.154741
2024-11-11 01:00:00+00:00,18.967499999999998,19.489874
2024-11-11 02:00:00+00:00,20.4709375,19.808125
2024-11-11 03:00:00+00:00,21.974375000000002,20.331985
2024-11-11 04:00:00+00:00,23.4778125,21.006863
2024-11-11 05:00:00+00:00,24.98125,22.43641
2024-11-11 06:00:00+00:00,26.138125,19.466202
2024-11-11 07:00:00+00:00,27.294999999999998,16.647585
2024-11-11 08:00:00+00:00,23.3475,16.621433
2024-11-11 09:00:00+00:00,19.400000000000002,20.091965
2024-11-11 10:00:00+00:00,72.21,48.60515
2024-11-11 11:00:00+00:00,125.02,73.9771
2024-11-11 12:00:00+00:00,177.82999999999998,89.69584
2024-11-11 13:00:00+00:00,230.64,103.93692
2024-11-11 14:00:00+00:00,182.3290625,95.15428
2024-11-11 15:00:00+00:00,134.018125,82.14029
2024-11-11 16:00:00+00:00,85.7071875,68.29213
2024-11-11 17:00:00+00:00,37.39625,51.48306
2024-11-11 18:00:00+00:00,32.9378125,43.807808
2024-11-11 19:00:00+00:00,28.479375,38.081894
2024-11-11 20:00:00+00:00,24.020937500000002,31.386591
2024-11-11 21:00:00+00:00,19.5625,24.874634
2024-11-11 22:00:00+00:00,19.2803125,22.263132
2024-11-11 23:00:00+00:00,18.998125,20.542553
2024-11-12 00:00:00+00:00,18.7159375,18.843811
2024-11-12 01:00:00+00:00,18.43375,17.604975
2024-11-12 02:00:00+00:00,19.515,18.007727
2024-11-12 03:00:00+00:00,20.59625,18.94678
2024-11-12 04:00:00+00:00,21.677500000000002,21.072525
2024-11-12 05:00:00+00:00,22.758750000000003,23.717764
2024-11-12 06:00:00+00:00,17.554375,25.586147
2024-11-12 07:00:00+00:00,12.350000000000001,27.140053
2024-11-12 08:00:00+00:00,19.735625,27.286053
2024-11-12 09:00:00+00:00,27.12125,27.231495
2024-11-12 10:00:00+00:00,34.6371875,40.75116
2024-11-12 11:00:00+00:00,42.153125,53.05603
2024-11-12 12:00:00+00:00,49.6690625,57.269413
2024-11-12 13:00:00+00:00,57.185,63.916477
2024-11-12 14:00:00+00:00,51.300625000000004,63.29357
2024-11-12 15:00:00+00:00,45.416250000000005,58.790737
2024-11-12 16:00:00+00:00,39.531875,56.120728
2024-11-12 17:00:00+00:00,33.6475,49.25244
2024-11-12 18:00:00+00:00,30.09625,45.44405
2024-11-12 19:00:00+00:00,26.545,40.155018
2024-11-12 20:00:00+00:00,22.99375,31.586529
2024-11-12 21:00:00+00:00,19.4425,24.787514
2024-11-12 22:00:00+00:00,19.5375,21.725962
2024-11-12 23:00:00+00:00,19.6325,20.56279
2024-11-13 00:00:00+00:00,19.7275,20.16865
2024-11-13 01:00:00+00:00,19.8225,17.246359
2024-11-13 02:00:00+00:00,20.3084375,18.974016
2024-11-13 03:00:00+00:00,20.794375000000002,20.956923
2024-11-13 04:00:00+00:00,21.2803125,23.212925
2024-11-13 05:00:00+00:00,21.76625,25.09829
2024-11-13 06:00:00+00:00,10.763125,21.831999
2024-11-13 07:00:00+00:00,-0.23999999999999977,19.046953
2024-11-13 08:00:00+00:00,14.846249999999998,24.345299
2024-11-13 09:00:00+00:00,29.932499999999997,28.81572
2024-11-13 10:00:00+00:00,33.752291666666665,31.26189
2024-11-13 11:00:00+00:00,37.57208333333334,32.342358
2024-11-13 12:00:00+00:00,41.391875,29.29149
2024-11-13 13:00:00+00:00,45.211666666666666,29.617682
2024-11-13 14:00:00+00:00,45.37125,34.512848
2024-11-13 15:00:00+00:00,45.530833333333334,38.60708
2024-11-13 16:00:00+00:00,45.690416666666664,48.97127
2024-11-13 17:00:00+00:00,45.85,57.40413
2024-11-13 18:00:00+00:00,38.322500000000005,49.032967
2024-11-13 19:00:00+00:00,30.795,37.227592
2024-11-13 20:00:00+00:00,23.267500000000002,27.259954
2024-11-13 21:00:00+00:00,15.74,18.60113
2024-11-13 22:00:00+00:00,16.048750000000002,18.142822
2024-11-13 23:00:00+00:00,16.3575,18.695887
2024-11-14 00:00:00+00:00,16.66625,18.489243
2024-11-14 01:00:00+00:00,16.975,18.793716
2024-11-14 02:00:00+00:00,18.623125,20.081541
2024-11-14 03:00:00+00:00,20.271250000000002,21.073872
2024-11-14 04:00:00+00:00,21.919375,21.738178
2024-11-14 05:00:00+00:00,23.5675,22.754725
2024-11-14 06:00:00+00:00,25.45375,15.552261
2024-11-14 07:00:00+00:00,27.340000000000003,6.7105846
2024-11-14 08:00:00+00:00,25.378750000000004,14.133677
2024-11-14 09:00:00+00:00,23.4175,23.981018
2024-11-14 10:00:00+00:00,24.558541666666667,27.782341
2024-11-14 11:00:00+00:00,25.699583333333333,29.623707
2024-11-14 12:00:00+00:00,26.840625,28.894526
2024-11-14 13:00:00+00:00,27.981666666666666,30.367352
2024-11-14 14:00:00+00:00,40.693749999999994,41.703503
2024-11-14 15:00:00+00:00,53.405833333333334,52.06312
2024-11-14 16:00:00+00:00,66.11791666666666,59.423622
2024-11-14 17:00:00+00:00,78.83,65.53701
2024-11-14 18:00:00+00:00,63.5678125,52.828472
2024-11-14 19:00:00+00:00,48.305625,37.308037
2024-11-14 20:00:00+00:00,33.043437499999996,24.089108
2024-11-14 21:00:00+00:00,17.78125,13.07802
2024-11-14 22:00:00+00:00,18.2740625,16.253492
2024-11-14 23:00:00+00:00,18.766875000000002,20.247759
2024-11-15 00:00:00+00:00,19.2596875,22.233059
2024-11-15 01:00:00+00:00,19.752499999999998,24.11891
2024-11-15 02:00:00+00:00,19.682499999999997,24.787716
2024-11-15 03:00:00+00:00,19.612499999999997,25.030132
2024-11-15 04:00:00+00:00,19.5425,23.828676
2024-11-15 05:00:00+00:00,19.4725,22.480934
2024-11-15 06:00:00+00:00,12.78125,21.339582
2024-11-15 07:00:00+00:00,6.09,20.011683
2024-11-15 08:00:00+00:00,17.88375,21.040262
2024-11-15 09:00:00+00:00,29.677500000000002,24.088669
2024-11-15 10:00:00+00:00,29.525625,26.939486
2024-11-15 11:00:00+00:00,29.37375,29.163477
2024-11-15 12:00:00+00:00,29.221874999999997,30.946728
2024-11-15 13:00:00+00:00,29.069999999999997,32.40831
2024-11-15 14:00:00+00:00,42.955625,43.36296
2024-11-15 15:00:00+00:00,56.84125,54.32956
2024-11-15 16:00:00+00:00,70.72687499999999,61.083275
2024-11-15 17:00:00+00:00,84.6125,66.701584
2024-11-15 18:00:00+00:00,68.364375,59.433853
2024-11-15 19:00:00+00:00,52.11625,50.46235
2024-11-15 20:00:00+00:00,35.868125000000006,39.94043
2024-11-15 21:00:00+00:00,19.62,26.485878
2024-11-15 22:00:00+00:00,19.68125,24.484333
2024-11-15 23:00:00+00:00,19.7425,22.50732
2024-11-16 00:00:00+00:00,19.80375,21.289677
2024-11-16 01:00:00+00:00,19.864999999999995,19.663252
2024-11-16 02:00:00+00:00,19.694062499999998,18.937542
2024-11-16 03:00:00+00:00,19.523125,18.715775
2024-11-16 04:00:00+00:00,19.3521875,18.650928
2024-11-16 05:00:00+00:00,19.18125,18.271584
2024-11-16 06:00:00+00:00,12.208124999999999,15.415003
2024-11-16 07:00:00+00:00,5.234999999999999,12.017656
2024-11-16 08:00:00+00:00,14.864374999999999,18.492836
2024-11-16 09:00:00+00:00,24.49375,26.632954
2024-11-16 10:00:00+00:00,27.948229166666664,28.994732
2024-11-16 11:00:00+00:00,31.402708333333333,30.055534
2024-11-16 12:00:00+00:00,34.8571875,29.92481
2024-11-16 13:00:00+00:00,38.31166666666667,30.197601
2024-11-16 14:00:00+00:00,36.3778125,34.333923
2024-11-16 15:00:00+00:00,34.443958333333335,38.348343
2024-11-16 16:00:00+00:00,32.510104166666665,38.52544
2024-11-16 17:00:00+00:00,30.576249999999995,36.99952
2024-11-16 18:00:00+00:00,28.7125,35.0826
2024-11-16 19:00:00+00:00,26.84875,33.23589
2024-11-16 20:00:00+00:00,24.985,30.99014
2024-11-16 21:00:00+00:00,23.12125,27.6107
2024-11-16 22:00:00+00:00,22.174375000000005,26.185867
2024-11-16 23:00:00+00:00,21.2275,24.148527
2024-11-17 00:00:00+00:00,20.280625,22.632412
2024-11-17 01:00:00+00:00,19.333750000000002,19.98957
2024-11-17 02:00:00+00:00,19.605312500000004,20.222115
2024-11-17 03:00:00+00:00,19.876875000000002,21.02709
2024-11-17 04:00:00+00:00,20.1484375,19.392567
2024-11-17 05:00:00+00:00,20.420000000000005,19.365202
2024-11-17 06:00:00+00:00,16.3125,15.467867
2024-11-17 07:00:00+00:00,12.205,10.354593
2024-11-17 08:00:00+00:00,15.845624999999998,13.75635
2024-11-17 09:00:00+00:00,19.48625,17.29976
2024-11-17 10:00:00+00:00,23.127604166666664,22.00194
2024-11-17 11:00:00+00:00,26.768958333333334,29.74266
2024-11-17 12:00:00+00:00,30.410312500000007,36.98411
2024-11-17 13:00:00+00:00,34.05166666666667,40.932198
2024-11-17 14:00:00+00:00,32.159375000000004,39.59503
2024-11-17 15:00:00+00:00,30.267083333333332,38.11732
2024-11-17 16:00:00+00:00,28.374791666666667,36.635353
2024-11-17 17:00:00+00:00,26.482499999999998,33.951756
2024-11-17 18:00:00+00:00,26.2234375,35.704548
2024-11-17 19:00:00+00:00,25.964374999999997,36.30726
2024-11-17 20:00:00+00:00,25.705312499999998,34.47271
2024-11-17 21:00:00+00:00,25.44625,31.491388
2024-11-17 22:00:00+00:00,22.8775,27.104458
2024-11-17 23:00:00+00:00,20.30875,23.452791
2024-11-18 00:00:00+00:00,17.740000000000002,20.777393
2024-11-18 01:00:00+00:00,15.17125,19.167187
2024-11-18 02:00:00+00:00,15.9503125,18.94823
2024-11-18 03:00:00+00:00,16.729375,19.19402
2024-11-18 04:00:00+00:00,17.5084375,18.883003
2024-11-18 05:00:00+00:00,18.2875,18.825127
2024-11-18 06:00:00+00:00,11.43875,15.391325
2024-11-18 07:00:00+00:00,4.59,11.833199
2024-11-18 08:00:00+00:00,15.758750000000001,17.194504
2024-11-18 09:00:00+00:00,26.927500000000002,23.51476
2024-11-18 10:00:00+00:00,27.792291666666667,27.385962
2024-11-18 11:00:00+00:00,28.657083333333333,31.133524
2024-11-18 12:00:00+00:00,29.521875,32.230637
2024-11-18 13:00:00+00:00,30.386666666666667,33.074245
2024-11-18 14:00:00+00:00,27.69125,29.822336
2024-11-18 15:00:00+00:00,24.995833333333334,26.4683
2024-11-18 16:00:00+00:00,22.300416666666667,25.246262
2024-11-18 17:00:00+00:00,19.605,23.41203
2024-11-18 18:00:00+00:00,21.3625,29.05631
2024-11-18 19:00:00+00:00,23.120000000000005,32.758926
2024-11-18 20:00:00+00:00,24.877500000000005,33.60314
2024-11-18 21:00:00+00:00,26.634999999999998,34.23786
2024-11-18 22:00:00+00:00,24.259062500000002,29.124527
2024-11-18 23:00:00+00:00,21.883125,25.063145
2024-11-19 00:00:00+00:00,19.5071875,21.351274
2024-11-19 01:00:00+00:00,17.13125,17.445597
2024-11-19 02:00:00+00:00,18.125312499999996,19.094296
2024-11-19 03:00:00+00:00,19.119375,20.928337
2024-11-19 04:00:00+00:00,20.113437500000003,22.150112
2024-11-19 05:00:00+00:00,21.107499999999998,22.900784
2024-11-19 06:00:00+00:00,18.07875,15.799695
2024-11-19 07:00:00+00:00,15.05,10.13155
2024-11-19 08:00:00+00:00,16.703125,14.994002
2024-11-19 09:00:00+00:00,18.356250000000003,19.851158
2024-11-19 10:00:00+00:00,21.9509375,21.31947
2024-11-19 11:00:00+00:00,25.545625,23.124947
2024-11-19 12:00:00+00:00,29.1403125,27.668447
2024-11-19 13:00:00+00:00,32.735,32.03981
2024-11-19 14:00:00+00:00,30.0640625,31.311901
2024-11-19 15:00:00+00:00,27.393124999999998,29.885744
2024-11-19 16:00:00+00:00,24.7221875,27.33335
2024-11-19 17:00:00+00:00,22.05125,25.19337
2024-11-19 18:00:00+00:00,23.236874999999994,28.811052
2024-11-19 19:00:00+00:00,24.4225,32.058376
2024-11-19 20:00:00+00:00,25.608125,30.745588
2024-11-19 21:00:00+00:00,26.793749999999996,28.706364
2024-11-19 22:00:00+00:00,24.7653125,27.091986
2024-11-19 23:00:00+00:00,22.736874999999998,25.559368
2024-11-20 00:00:00+00:00,20.7084375,23.67194
2024-11-20 01:00:00+00:00,18.68,20.207067
2024-11-20 02:00:00+00:00,18.733437499999997,20.548466
2024-11-20 03:00:00+00:00,18.786875000000002,20.770971
2024-11-20 04:00:00+00:00,18.8403125,21.2861
2024-11-20 05:00:00+00:00,18.89375,21.59852
2024-11-20 06:00:00+00:00,18.286875000000002,14.207897
2024-11-20 07:00:00+00:00,17.68,7.3738422
2024-11-20 08:00:00+00:00,17.43625,10.556876
2024-11-20 09:00:00+00:00,17.1925,14.26282
2024-11-20 10:00:00+00:00,20.836875,18.59645
2024-11-20 11:00:00+00:00,24.48125,23.877298
2024-11-20 12:00:00+00:00,28.125625,29.5584
2024-11-20 13:00:00+00:00,31.77,33.54017
2024-11-20 14:00:00+00:00,31.346875,30.992477
2024-11-20 15:00:00+00:00,30.92375,28.616104
2024-11-20 16:00:00+00:00,30.500625,25.657312
2024-11-20 17:00:00+00:00,30.0775,22.809647
2024-11-20 18:00:00+00:00,27.635000000000005,22.42652
2024-11-20 19:00:00+00:00,25.192500000000003,21.411875
2024-11-20 20:00:00+00:00,22.749999999999996,20.250107
2024-11-20 21:00:00+00:00,20.3075,18.800474
2024-11-20 22:00:00+00:00,20.986250000000002,20.430296
2024-11-20 23:00:00+00:00,21.665,22.582407
2024-11-21 00:00:00+00:00,22.34375,24.334282
2024-11-21 01:00:00+00:00,23.0225,24.175283
2024-11-21 02:00:00+00:00,21.971875,23.2419
2024-11-21 03:00:00+00:00,20.92125,21.617416
2024-11-21 04:00:00+00:00,19.870625,20.198318
2024-11-21 05:00:00+00:00,18.82,19.31899
2024-11-21 06:00:00+00:00,21.755,16.647797
2024-11-21 07:00:00+00:00,24.689999999999998,14.553679
2024-11-21 08:00:00+00:00,22.02375,16.226883
2024-11-21 09:00:00+00:00,19.357499999999998,17.677961
2024-11-21 10:00:00+00:00,22.576041666666665,19.423851
2024-11-21 11:00:00+00:00,25.79458333333333,20.445576
2024-11-21 12:00:00+00:00,29.013124999999995,21.779234
2024-11-21 13:00:00+00:00,32.23166666666666,23.30732
2024-11-21 14:00:00+00:00,30.97125,24.548275
2024-11-21 15:00:00+00:00,29.71083333333333,26.58361
2024-11-21 16:00:00+00:00,28.450416666666662,27.627096
2024-11-21 17:00:00+00:00,27.189999999999998,27.999584
2024-11-21 18:00:00+00:00,25.148125000000004,26.57997
2024-11-21 19:00:00+00:00,23.10625,24.2992
2024-11-21 20:00:00+00:00,21.064375,22.71507
2024-11-21 21:00:00+00:00,19.0225,20.684828
2024-11-21 22:00:00+00:00,20.278750000000002,21.199125
2024-11-21 23:00:00+00:00,21.535,20.851603
2024-11-22 00:00:00+00:00,22.791249999999998,21.39391
2024-11-22 01:00:00+00:00,24.0475,22.656773
2024-11-22 02:00:00+00:00,21.8525,21.19595
2024-11-22 03:00:00+00:00,19.6575,19.616062
2024-11-22 04:00:00+00:00,17.4625,18.19498
2024-11-22 05:00:00+00:00,15.2675,17.152306
2024-11-22 06:00:00+00:00,24.973750000000003,17.466183
2024-11-22 07:00:00+00:00,34.68,18.160316
2024-11-22 08:00:00+00:00,27.276875,17.980026
2024-11-22 09:00:00+00:00,19.87375,17.591225
2024-11-22 10:00:00+00:00,23.61447916666667,21.992714
2024-11-22 11:00:00+00:00,27.355208333333334,26.664797
2024-11-22 12:00:00+00:00,31.095937499999998,33.61221
2024-11-22 13:00:00+00:00,34.836666666666666,40.670128
2024-11-22 14:00:00+00:00,31.8640625,37.40749
2024-11-22 15:00:00+00:00,28.891458333333333,33.253456
2024-11-22 16:00:00+00:00,25.918854166666666,30.004812
2024-11-22 17:00:00+00:00,22.94625,25.574738
2024-11-22 18:00:00+00:00,21.38625,23.22238
2024-11-22 19:00:00+00:00,19.82625,21.17464
2024-11-22 20:00:00+00:00,18.26625,18.814972
2024-11-22 21:00:00+00:00,16.70625,16.98054
2024-11-22 22:00:00+00:00,17.799375000000005,18.250275
2024-11-22 23:00:00+00:00,18.8925,19.916761
2024-11-23 00:00:00+00:00,19.985625,21.76456
2024-11-23 01:00:00+00:00,21.07875,24.399582
2024-11-23 02:00:00+00:00,20.15375,22.789522
2024-11-23 03:00:00+00:00,19.228749999999998,20.80396
2024-11-23 04:00:00+00:00,18.30375,19.478027
2024-11-23 05:00:00+00:00,17.37875,18.455406
2024-11-23 06:00:00+00:00,15.669375,23.247812
2024-11-23 07:00:00+00:00,13.96,29.282898
2024-11-23 08:00:00+00:00,20.7925,26.920135
2024-11-23 09:00:00+00:00,27.625,22.006376
2024-11-23 10:00:00+00:00,27.71375,21.197601
2024-11-23 11:00:00+00:00,27.802500000000002,21.01485
2024-11-23 12:00:00+00:00,27.89125,21.207441
2024-11-23 13:00:00+00:00,27.98,21.695005
2024-11-23 14:00:00+00:00,27.9534375,22.533567
2024-11-23 15:00:00+00:00,27.926875,23.057102
2024-11-23 16:00:00+00:00,27.900312500000002,23.456656
2024-11-23 17:00:00+00:00,27.873749999999998,23.543583
2024-11-23 18:00:00+00:00,25.235625,23.073927
2024-11-23 19:00:00+00:00,22.597499999999997,22.682356
2024-11-23 20:00:00+00:00,19.959374999999998,21.017181
2024-11-23 21:00:00+00:00,17.32125,19.209852
2024-11-23 22:00:00+00:00,18.23125,20.522831
2024-11-23 23:00:00+00:00,19.14125,21.82202
2024-11-24 00:00:00+00:00,20.05125,22.631718
2024-11-24 01:00:00+00:00,20.96125,22.043434
2024-11-24 02:00:00+00:00,20.4346875,20.89506
2024-11-24 03:00:00+00:00,19.908125,19.798138
2024-11-24 04:00:00+00:00,19.3815625,19.267424
2024-11-24 05:00:00+00:00,18.855,18.750504
2024-11-24 06:00:00+00:00,9.2975,16.44517
2024-11-24 07:00:00+00:00,-0.2599999999999998,14.4892845
2024-11-24 08:00:00+00:00,10.32125,18.183136
2024-11-24 09:00:00+00:00,20.9025,22.086813
2024-11-24 10:00:00+00:00,22.058958333333333,22.808128
2024-11-24 11:00:00+00:00,23.215416666666666,23.494644
2024-11-24 12:00:00+00:00,24.371875000000003,23.480959
2024-11-24 13:00:00+00:00,25.528333333333336,23.265087
2024-11-24 14:00:00+00:00,25.152500000000003,24.1126
2024-11-24 15:00:00+00:00,24.77666666666667,24.58556
2024-11-24 16:00:00+00:00,24.400833333333335,24.956888
2024-11-24 17:00:00+00:00,24.025000000000002,25.24766
2024-11-24 18:00:00+00:00,23.968437500000004,25.167099
2024-11-24 19:00:00+00:00,23.911875000000002,25.340988
2024-11-24 20:00:00+00:00,23.855312500000004,24.899605
2024-11-24 21:00:00+00:00,23.798750000000002,23.624613
2024-11-24 22:00:00+00:00,22.93,21.969513
2024-11-24 23:00:00+00:00,22.06125,20.704086
2024-11-25 00:00:00+00:00,21.192500000000003,19.669777
2024-11-25 01:00:00+00:00,20.32375,18.834032
2024-11-25 02:00:00+00:00,20.986875,20.008038
2024-11-25 03:00:00+00:00,21.65,21.162249
2024-11-25 04:00:00+00:00,22.313125,21.124035
2024-11-25 05:00:00+00:00,22.97625,20.857012
2024-11-25 06:00:00+00:00,16.625625,7.3053102
2024-11-25 07:00:00+00:00,10.275,-5.973137
2024-11-25 08:00:00+00:00,16.349375,9.488276
2024-11-25 09:00:00+00:00,22.42375,25.447191
2024-11-25 10:00:00+00:00,22.919479166666665,28.00695
2024-11-25 11:00:00+00:00,23.415208333333332,30.246418
2024-11-25 12:00:00+00:00,23.910937500000003,29.108702
2024-11-25 13:00:00+00:00,24.406666666666666,27.859646
2024-11-25 14:00:00+00:00,23.6796875,27.890968
2024-11-25 15:00:00+00:00,22.952708333333334,27.199533
2024-11-25 16:00:00+00:00,22.225729166666667,27.157545
2024-11-25 17:00:00+00:00,21.49875,26.98798
2024-11-25 18:00:00+00:00,21.794375000000002,25.75896
2024-11-25 19:00:00+00:00,22.09,24.69052
2024-11-25 20:00:00+00:00,22.385624999999997,24.066608
2024-11-25 21:00:00+00:00,22.68125,23.253798
2024-11-25 22:00:00+00:00,21.821875,22.14276
2024-11-25 23:00:00+00:00,20.9625,20.886389
2024-11-26 00:00:00+00:00,20.103125,19.929945
2024-11-26 01:00:00+00:00,19.24375,19.21008
2024-11-26 02:00:00+00:00,20.68875,19.740763
2024-11-26 03:00:00+00:00,22.13375,20.30901
2024-11-26 04:00:00+00:00,23.57875,20.15024
2024-11-26 05:00:00+00:00,25.023750000000003,20.672401
2024-11-26 06:00:00+00:00,27.309375000000003,15.343248
2024-11-26 07:00:00+00:00,29.595000000000002,9.592808
2024-11-26 08:00:00+00:00,25.46125,17.562977
2024-11-26 09:00:00+00:00,21.3275,25.89508
2024-11-26 10:00:00+00:00,23.158541666666668,28.69512
2024-11-26 11:00:00+00:00,24.989583333333336,30.999855
2024-11-26 12:00:00+00:00,26.820625,32.877552
2024-11-26 13:00:00+00:00,28.651666666666667,34.259434
2024-11-26 14:00:00+00:00,29.19625,31.640808
2024-11-26 15:00:00+00:00,29.740833333333335,29.138906
2024-11-26 16:00:00+00:00,30.28541666666667,27.434572
2024-11-26 17:00:00+00:00,30.830000000000002,25.638826
2024-11-26 18:00:00+00:00,27.5334375,24.246525
2024-11-26 19:00:00+00:00,24.236875,23.137367
2024-11-26 20:00:00+00:00,20.940312500000005,22.301525
2024-11-26 21:00:00+00:00,17.64375,21.464775
2024-11-26 22:00:00+00:00,17.466875,20.738949
2024-11-26 23:00:00+00:00,17.29,19.933632
2024-11-27 00:00:00+00:00,17.113125,19.088987
2024-11-27 01:00:00+00:00,16.93625,18.039965
2024-11-27 02:00:00+00:00,17.692500000000003,18.54095
2024-11-27 03:00:00+00:00,18.44875,19.533386
2024-11-27 04:00:00+00:00,19.205,20.080929
2024-11-27 05:00:00+00:00,19.96125,21.057661
2024-11-27 06:00:00+00:00,12.095625,22.70481
2024-11-27 07:00:00+00:00,4.23,23.217812
2024-11-27 08:00:00+00:00,12.126875,21.450335
2024-11-27 09:00:00+00:00,20.02375,18.995026
2024-11-27 10:00:00+00:00,24.232812500000005,19.614656
2024-11-27 11:00:00+00:00,28.441875,21.079771
2024-11-27 12:00:00+00:00,32.6509375,23.42271
2024-11-27 13:00:00+00:00,36.86,26.082132
2024-11-27 14:00:00+00:00,32.46875,26.12628
2024-11-27 15:00:00+00:00,28.0775,26.140587
2024-11-27 16:00:00+00:00,23.68625,24.94336
2024-11-27 17:00:00+00:00,19.294999999999998,23.349518
2024-11-27 18:00:00+00:00,20.246875,22.949001
2024-11-27 19:00:00+00:00,21.198749999999997,22.739794
2024-11-27 20:00:00+00:00,22.150624999999998,22.691261
2024-11-27 21:00:00+00:00,23.1025,22.247381
2024-11-27 22:00:00+00:00,21.9371875,21.464846
2024-11-27 23:00:00+00:00,20.771875,20.523212
2024-11-28 00:00:00+00:00,19.6065625,19.255781
2024-11-28 01:00:00+00:00,18.44125,17.824356
2024-11-28 02:00:00+00:00,19.39,18.788475
2024-11-28 03:00:00+00:00,20.33875,19.56261
2024-11-28 04:00:00+00:00,21.2875,19.684668
2024-11-28 05:00:00+00:00,22.236250000000002,20.111048
2024-11-28 06:00:00+00:00,22.755625000000002,15.077217
2024-11-28 07:00:00+00:00,23.275,10.020532
2024-11-28 08:00:00+00:00,21.432499999999997,14.727636
2024-11-28 09:00:00+00:00,19.59,19.960066
2024-11-28 10:00:00+00:00,21.798333333333332,21.345274
2024-11-28 11:00:00+00:00,24.006666666666668,21.517536
2024-11-28 12:00:00+00:00,26.215,22.202795
2024-11-28 13:00:00+00:00,28.423333333333332,23.889156
2024-11-28 14:00:00+00:00,26.20875,22.503721
2024-11-28 15:00:00+00:00,23.994166666666665,21.484344
2024-11-28 16:00:00+00:00,21.77958333333333,21.241522
2024-11-28 17:00:00+00:00,19.564999999999998,20.601908
2024-11-28 18:00:00+00:00,19.855937499999996,21.423183
2024-11-28 19:00:00+00:00,20.146874999999998,22.167196
2024-11-28 20:00:00+00:00,20.4378125,23.074446
2024-11-28 21:00:00+00:00,20.728749999999998,23.48011
2024-11-28 22:00:00+00:00,21.319374999999997,23.168665
2024-11-28 23:00:00+00:00,21.909999999999997,22.929302
2024-11-29 00:00:00+00:00,22.500625,22.72751
2024-11-29 01:00:00+00:00,23.09125,22.159302
2024-11-29 02:00:00+00:00,22.5775,21.532436
2024-11-29 03:00:00+00:00,22.06375,21.129164
2024-11-29 04:00:00+00:00,21.549999999999997,20.809587
2024-11-29 05:00:00+00:00,21.03625,20.977589
2024-11-29 06:00:00+00:00,31.315624999999997,19.547905
2024-11-29 07:00:00+00:00,41.595,17.371422
2024-11-29 08:00:00+00:00,35.064375,22.174252
2024-11-29 09:00:00+00:00,28.53375,26.424759
2024-11-29 10:00:00+00:00,28.18947916666667,26.923267
2024-11-29 11:00:00+00:00,27.845208333333332,27.504236
2024-11-29 12:00:00+00:00,27.5009375,28.182865
2024-11-29 13:00:00+00:00,27.156666666666666,28.732548
2024-11-29 14:00:00+00:00,25.945625,28.782965
2024-11-29 15:00:00+00:00,24.734583333333333,27.86283
2024-11-29 16:00:00+00:00,23.523541666666667,25.406649
2024-11-29 17:00:00+00:00,22.3125,23.059185
2024-11-29 18:00:00+00:00,21.4503125,21.897898
2024-11-29 19:00:00+00:00,20.588125,21.119709
2024-11-29 20:00:00+00:00,19.7259375,20.711802
2024-11-29 21:00:00+00:00,18.86375,20.18582
2024-11-29 22:00:00+00:00,19.7084375,20.654129
2024-11-29 23:00:00+00:00,20.553125,21.057531
2024-11-30 00:00:00+00:00,21.3978125,21.204374
2024-11-30 01:00:00+00:00,22.2425,20.646599
2024-11-30 02:00:00+00:00,21.7703125,20.73559
2024-11-30 03:00:00+00:00,21.298125,19.718302
2024-11-30 04:00:00+00:00,20.8259375,20.605982
2024-11-30 05:00:00+00:00,20.353749999999998,21.073572
2024-11-30 06:00:00+00:00,21.084374999999994,24.533348
2024-11-30 07:00:00+00:00,21.814999999999998,34.418095
2024-11-30 08:00:00+00:00,27.700625,35.600124
2024-11-30 09:00:00+00:00,33.58625,32.064373
2024-11-30 10:00:00+00:00,31.411770833333332,32.594845
2024-11-30 11:00:00+00:00,29.237291666666664,31.788927
2024-11-30 12:00:00+00:00,27.0628125,30.18069
2024-11-30 13:00:00+00:00,24.888333333333332,29.175701
2024-11-30 14:00:00+00:00,23.3528125,26.483257
2024-11-30 15:00:00+00:00,21.81729166666667,23.87444
2024-11-30 16:00:00+00:00,20.281770833333333,23.516098
2024-11-30 17:00:00+00:00,18.74625,23.254684
2024-11-30 18:00:00+00:00,20.2346875,24.004034
2024-11-30 19:00:00+00:00,21.723125,24.516613
2024-11-30 20:00:00+00:00,23.2115625,25.40357
2024-11-30 21:00:00+00:00,24.7,25.390808
2024-11-30 22:00:00+00:00,22.704062500000003,22.83186
2024-11-30 23:00:00+00:00,20.708125,20.996626
2024-12-01 00:00:00+00:00,18.7121875,18.367565
2024-12-01 01:00:00+00:00,16.71625,16.027016
2024-12-01 02:00:00+00:00,17.120312499999997,16.28352
2024-12-01 03:00:00+00:00,17.524375,16.93523
2024-12-01 04:00:00+00:00,17.9284375,17.194412
2024-12-01 05:00:00+00:00,18.3325,17.636873
2024-12-01 06:00:00+00:00,26.708750000000002,19.338493
2024-12-01 07:00:00+00:00,35.084999999999994,20.327343
2024-12-01 08:00:00+00:00,28.896250000000002,17.69636
2024-12-01 09:00:00+00:00,22.7075,15.181091
2024-12-01 10:00:00+00:00,24.252291666666665,14.963756
2024-12-01 11:00:00+00:00,25.797083333333333,15.57439
2024-12-01 12:00:00+00:00,27.341875,17.004887
2024-12-01 13:00:00+00:00,28.886666666666667,18.61393
2024-12-01 14:00:00+00:00,28.938125,20.7134
2024-12-01 15:00:00+00:00,28.989583333333332,22.737131
2024-12-01 16:00:00+00:00,29.041041666666665,24.137888
2024-12-01 17:00:00+00:00,29.092499999999994,24.835854
2024-12-01 18:00:00+00:00,25.944687499999997,24.84643
2024-12-01 19:00:00+00:00,22.796875,24.176577
2024-12-01 20:00:00+00:00,19.6490625,22.392609
2024-12-01 21:00:00+00:00,16.50125,20.116983
2024-12-01 22:00:00+00:00,17.76375,19.834656
2024-12-01 23:00:00+00:00,19.026249999999997,19.932922
2024-12-02 00:00:00+00:00,20.28875,20.377714
2024-12-02 01:00:00+00:00,21.55125,21.11117
2024-12-02 02:00:00+00:00,21.0271875,20.451097
2024-12-02 03:00:00+00:00,20.503124999999997,19.22311
2024-12-02 04:00:00+00:00,19.979062499999998,19.233654
2024-12-02 05:00:00+00:00,19.455,20.086655
2024-12-02 06:00:00+00:00,25.575,31.140224
2024-12-02 07:00:00+00:00,31.695,41.87594
2024-12-02 08:00:00+00:00,30.914375,36.44182
2024-12-02 09:00:00+00:00,30.13375,29.264385
2024-12-02 10:00:00+00:00,30.836979166666666,27.517277
2024-12-02 11:00:00+00:00,31.540208333333332,27.49119
2024-12-02 12:00:00+00:00,32.2434375,27.111727
2024-12-02 13:00:00+00:00,32.946666666666665,25.828812
2024-12-02 14:00:00+00:00,30.4746875,25.571074
2024-12-02 15:00:00+00:00,28.002708333333334,25.188017
2024-12-02 16:00:00+00:00,25.530729166666667,24.898333
2024-12-02 17:00:00+00:00,23.058750000000003,24.093777
2024-12-02 18:00:00+00:00,21.7834375,22.586227
2024-12-02 19:00:00+00:00,20.508125,21.11578
2024-12-02 20:00:00+00:00,19.2328125,19.487835
2024-12-02 21:00:00+00:00,17.9575,17.905487
2024-12-02 22:00:00+00:00,18.246875,18.676006
2024-12-02 23:00:00+00:00,18.53625,19.954153
2024-12-03 00:00:00+00:00,18.825625,21.0373
2024-12-03 01:00:00+00:00,19.115,21.525343
2024-12-03 02:00:00+00:00,20.5521875,21.8782
2024-12-03 03:00:00+00:00,21.989375000000003,22.874079
2024-12-03 04:00:00+00:00,23.4265625,23.104233
2024-12-03 05:00:00+00:00,24.86375,23.781004
2024-12-03 06:00:00+00:00,26.684375000000003,25.809622
2024-12-03 07:00:00+00:00,28.505000000000003,27.811535
2024-12-03 08:00:00+00:00,30.651875,33.70702
2024-12-03 09:00:00+00:00,32.79875,39.42919
2024-12-03 10:00:00+00:00,35.521145833333335,46.305748
2024-12-03 11:00:00+00:00,38.24354166666666,50.14416
2024-12-03 12:00:00+00:00,40.965937499999995,47.43074
2024-12-03 13:00:00+00:00,43.68833333333333,44.002106
2024-12-03 14:00:00+00:00,38.9565625,36.33384
2024-12-03 15:00:00+00:00,34.22479166666667,29.437521
2024-12-03 16:00:00+00:00,29.493020833333333,25.950773
2024-12-03 17:00:00+00:00,24.76125,22.6473
2024-12-03 18:00:00+00:00,24.05,21.923935
2024-12-03 19:00:00+00:00,23.338749999999997,21.36261
2024-12-03 20:00:00+00:00,22.627499999999998,20.33219
2024-12-03 21:00:00+00:00,21.916249999999998,19.662918
2024-12-03 22:00:00+00:00,20.9378125,19.117832
2024-12-03 23:00:00+00:00,19.959374999999998,18.628979
2024-12-04 00:00:00+00:00,18.980937499999996,17.54797
2024-12-04 01:00:00+00:00,18.002499999999998,16.323591
2024-12-04 02:00:00+00:00,18.849999999999998,17.419708
2024-12-04 03:00:00+00:00,19.697499999999998,19.582834
2024-12-04 04:00:00+00:00,20.544999999999998,21.949232
2024-12-04 05:00:00+00:00,21.3925,23.757795
2024-12-04 06:00:00+00:00,22.033749999999998,24.835127
2024-12-04 07:00:00+00:00,22.674999999999997,25.190208
2024-12-04 08:00:00+00:00,26.3725,22.904446
2024-12-04 09:00:00+00:00,30.07,20.49969
2024-12-04 10:00:00+00:00,34.12583333333333,23.249168
2024-12-04 11:00:00+00:00,38.181666666666665,26.241617
2024-12-04 12:00:00+00:00,42.2375,29.301828
2024-12-04 13:00:00+00:00,46.29333333333333,33.52546
2024-12-04 14:00:00+00:00,40.69562499999999,32.242165
2024-12-04 15:00:00+00:00,35.09791666666666,29.65037
2024-12-04 16:00:00+00:00,29.500208333333333,26.473827
2024-12-04 17:00:00+00:00,23.9025,23.17595
2024-12-04 18:00:00+00:00,21.745937500000004,22.445965
2024-12-04 19:00:00+00:00,19.589375,21.85011
2024-12-04 20:00:00+00:00,17.432812499999997,21.204144
2024-12-04 21:00:00+00:00,15.27625,20.287556
2024-12-04 22:00:00+00:00,17.035625,20.892096
2024-12-04 23:00:00+00:00,18.794999999999998,21.57447
2024-12-05 00:00:00+00:00,20.554375,21.859816
2024-12-05 01:00:00+00:00,22.31375,22.319565
2024-12-05 02:00:00+00:00,21.107499999999998,21.29516
2024-12-05 03:00:00+00:00,19.901249999999997,19.932503
2024-12-05 04:00:00+00:00,18.695,18.417341
2024-12-05 05:00:00+00:00,17.48875,17.185665
2024-12-05 06:00:00+00:00,23.624375,17.426147
2024-12-05 07:00:00+00:00,29.759999999999998,18.71641
2024-12-05 08:00:00+00:00,29.057499999999997,26.978249
2024-12-05 09:00:00+00:00,28.355,37.081
2024-12-05 10:00:00+00:00,28.944583333333334,44.945606
2024-12-05 11:00:00+00:00,29.534166666666668,48.128113
2024-12-05 12:00:00+00:00,30.12375,41.834778
2024-12-05 13:00:00+00:00,30.713333333333335,35.073853
2024-12-05 14:00:00+00:00,28.2771875,30.451298
2024-12-05 15:00:00+00:00,25.84104166666667,26.819817
2024-12-05 16:00:00+00:00,23.404895833333338,25.10466
2024-12-05 17:00:00+00:00,20.96875,23.934042
2024-12-05 18:00:00+00:00,22.019375,23.84417
2024-12-05 19:00:00+00:00,23.07,23.762312
2024-12-05 20:00:00+00:00,24.120625,22.210445
2024-12-05 21:00:00+00:00,25.17125,20.82241
2024-12-05 22:00:00+00:00,23.1309375,20.75247
2024-12-05 23:00:00+00:00,21.090625000000003,20.443037
2024-12-06 00:00:00+00:00,19.0503125,19.578
2024-12-06 01:00:00+00:00,17.01,18.27277
2024-12-06 02:00:00+00:00,17.966250000000002,18.557426
2024-12-06 03:00:00+00:00,18.9225,19.140783
2024-12-06 04:00:00+00:00,19.87875,19.714588
2024-12-06 05:00:00+00:00,20.835,20.922266
2024-12-06 06:00:00+00:00,27.395,24.50484
2024-12-06 07:00:00+00:00,33.955,27.288376
2024-12-06 08:00:00+00:00,31.196875,28.067299
2024-12-06 09:00:00+00:00,28.43875,28.781929
2024-12-06 10:00:00+00:00,29.6528125,31.517914
2024-12-06 11:00:00+00:00,30.866875,34.37995
2024-12-06 12:00:00+00:00,32.080937500000005,35.715416
2024-12-06 13:00:00+00:00,33.295,37.02906
2024-12-06 14:00:00+00:00,29.856250000000003,36.346874
2024-12-06 15:00:00+00:00,26.4175,34.872437
2024-12-06 16:00:00+00:00,22.978749999999998,32.110626
2024-12-06 17:00:00+00:00,19.54,29.239601
2024-12-06 18:00:00+00:00,19.8265625,26.95196
2024-12-06 19:00:00+00:00,20.113125,24.659184
2024-12-06 20:00:00+00:00,20.3996875,22.882261
2024-12-06 21:00:00+00:00,20.68625,21.68121
2024-12-06 22:00:00+00:00,19.8471875,20.706509
2024-12-06 23:00:00+00:00,19.008125,19.450562
2024-12-07 00:00:00+00:00,18.1690625,18.505836
2024-12-07 01:00:00+00:00,17.33,17.322584
2024-12-07 02:00:00+00:00,18.420937499999994,17.529312
2024-12-07 03:00:00+00:00,19.511874999999996,18.150805
2024-12-07 04:00:00+00:00,20.6028125,19.083103
2024-12-07 05:00:00+00:00,21.693749999999998,20.445576
2024-12-07 06:00:00+00:00,27.269374999999997,25.727205
2024-12-07 07:00:00+00:00,32.845,31.154669
2024-12-07 08:00:00+00:00,39.0475,32.14645
2024-12-07 09:00:00+00:00,45.25,32.241795
2024-12-07 10:00:00+00:00,43.35374999999999,33.37101
2024-12-07 11:00:00+00:00,41.457499999999996,34.86972
2024-12-07 12:00:00+00:00,39.56125,37.171047
2024-12-07 13:00:00+00:00,37.665,38.079163
2024-12-07 14:00:00+00:00,35.1340625,34.46347
2024-12-07 15:00:00+00:00,32.603125,30.105072
2024-12-07 16:00:00+00:00,30.072187500000002,26.762949
2024-12-07 17:00:00+00:00,27.54125,24.305563
2024-12-07 18:00:00+00:00,26.4415625,23.47666
2024-12-07 19:00:00+00:00,25.341875,23.319244
2024-12-07 20:00:00+00:00,24.242187500000004,22.539478
2024-12-07 21:00:00+00:00,23.1425,21.869698
2024-12-07 22:00:00+00:00,22.79375,21.805466
2024-12-07 23:00:00+00:00,22.445,21.569033
2024-12-08 00:00:00+00:00,22.096249999999998,22.424278
2024-12-08 01:00:00+00:00,21.7475,22.819002
2024-12-08 02:00:00+00:00,21.220937499999998,22.198828
2024-12-08 03:00:00+00:00,20.694375,21.452545
2024-12-08 04:00:00+00:00,20.1678125,19.937105
2024-12-08 05:00:00+00:00,19.64125,19.250635
2024-12-08 06:00:00+00:00,25.183125,22.225536
2024-12-08 07:00:00+00:00,30.725,25.550846
2024-12-08 08:00:00+00:00,28.585,27.392984
2024-12-08 09:00:00+00:00,26.445,27.762024
2024-12-08 10:00:00+00:00,29.217916666666667,27.732925
2024-12-08 11:00:00+00:00,31.990833333333338,28.18674
2024-12-08 12:00:00+00:00,34.76375,28.971882
2024-12-08 13:00:00+00:00,37.53666666666667,30.100084
2024-12-08 14:00:00+00:00,36.88374999999999,30.315475
2024-12-08 15:00:00+00:00,36.23083333333334,30.911741
2024-12-08 16:00:00+00:00,35.57791666666667,32.291245
2024-12-08 17:00:00+00:00,34.925,32.751713
2024-12-08 18:00:00+00:00,31.919062499999995,31.328686
2024-12-08 19:00:00+00:00,28.913124999999997,28.914345
2024-12-08 20:00:00+00:00,25.9071875,25.56137
2024-12-08 21:00:00+00:00,22.901249999999997,22.553715
2024-12-08 22:00:00+00:00,20.871562499999996,20.346544
2024-12-08 23:00:00+00:00,18.841874999999998,18.689068
2024-12-09 00:00:00+00:00,16.8121875,18.032679
2024-12-09 01:00:00+00:00,14.782499999999999,17.64267
2024-12-09 02:00:00+00:00,16.85,18.931427
2024-12-09 03:00:00+00:00,18.9175,20.14479
2024-12-09 04:00:00+00:00,20.985,20.635296
2024-12-09 05:00:00+00:00,23.052500000000002,21.41711
2024-12-09 06:00:00+00:00,21.42875,23.553535
2024-12-09 07:00:00+00:00,19.805,25.933954
2024-12-09 08:00:00+00:00,21.79,27.40447
2024-12-09 09:00:00+00:00,23.775,27.92309
2024-12-09 10:00:00+00:00,25.062083333333337,31.859245
2024-12-09 11:00:00+00:00,26.349166666666665,35.918633
2024-12-09 12:00:00+00:00,27.636249999999997,36.367706
2024-12-09 13:00:00+00:00,28.923333333333332,35.875443
2024-12-09 14:00:00+00:00,26.289375,32.969204
2024-12-09 15:00:00+00:00,23.655416666666667,30.41812
2024-12-09 16:00:00+00:00,21.02145833333333,29.659164
2024-12-09 17:00:00+00:00,18.3875,28.607883
2024-12-09 18:00:00+00:00,18.983125,27.568281
2024-12-09 19:00:00+00:00,19.578749999999996,25.640533
2024-12-09 20:00:00+00:00,20.174374999999998,23.144356
2024-12-09 21:00:00+00:00,20.77,21.011993
2024-12-09 22:00:00+00:00,21.3203125,21.591114
2024-12-09 23:00:00+00:00,21.870625,22.24448
2024-12-10 00:00:00+00:00,22.420937500000004,21.880854
2024-12-10 01:00:00+00:00,22.97125,21.176334
2024-12-10 02:00:00+00:00,22.0303125,20.957966
2024-12-10 03:00:00+00:00,21.089375,20.99493
2024-12-10 04:00:00+00:00,20.1484375,20.310364
2024-12-10 05:00:00+00:00,19.2075,20.0113
2024-12-10 06:00:00+00:00,21.028750000000002,20.587479
2024-12-10 07:00:00+00:00,22.85,21.19823
2024-12-10 08:00:00+00:00,25.548750000000002,26.863518
2024-12-10 09:00:00+00:00,28.247500000000002,32.404507
2024-12-10 10:00:00+00:00,28.986458333333335,33.046726
2024-12-10 11:00:00+00:00,29.725416666666668,33.522247
2024-12-10 12:00:00+00:00,30.464375,33.009926
2024-12-10 13:00:00+00:00,31.203333333333333,32.03
2024-12-10 14:00:00+00:00,28.5828125,29.59403
2024-12-10 15:00:00+00:00,25.962291666666665,26.76494
2024-12-10 16:00:00+00:00,23.341770833333335,25.294222
2024-12-10 17:00:00+00:00,20.72125,23.76764
2024-12-10 18:00:00+00:00,19.7665625,22.265331
2024-12-10 19:00:00+00:00,18.811875000000004,21.064005
2024-12-10 20:00:00+00:00,17.857187500000002,19.869743
2024-12-10 21:00:00+00:00,16.9025,18.637857
2024-12-10 22:00:00+00:00,18.1196875,18.457996
2024-12-10 23:00:00+00:00,19.336875,18.695816
2024-12-11 00:00:00+00:00,20.5540625,19.086327
2024-12-11 01:00:00+00:00,21.771250000000002,19.13805
2024-12-11 02:00:00+00:00,21.113750000000003,19.159855
2024-12-11 03:00:00+00:00,20.45625,19.17482
2024-12-11 04:00:00+00:00,19.79875,18.685564
2024-12-11 05:00:00+00:00,19.14125,18.052574
2024-12-11 06:00:00+00:00,23.945625,19.592995
2024-12-11 07:00:00+00:00,28.75,21.557667
2024-12-11 08:00:00+00:00,30.891875000000002,23.48804
2024-12-11 09:00:00+00:00,33.03375,25.534014
2024-12-11 10:00:00+00:00,38.2353125,29.875462
2024-12-11 11:00:00+00:00,43.436875,34.267567
2024-12-11 12:00:00+00:00,48.6384375,38.37494
2024-12-11 13:00:00+00:00,53.84,41.966194
2024-12-11 14:00:00+00:00,48.65625,38.68104
2024-12-11 15:00:00+00:00,43.472500000000004,34.249104
2024-12-11 16:00:00+00:00,38.28875000000001,30.378862
2024-12-11 17:00:00+00:00,33.105000000000004,25.710472
2024-12-11 18:00:00+00:00,30.660937500000003,23.03558
2024-12-11 19:00:00+00:00,28.216875,21.349438
2024-12-11 20:00:00+00:00,25.7728125,19.866274
2024-12-11 21:00:00+00:00,23.32875,19.389568
2024-12-11 22:00:00+00:00,23.36,21.380686
2024-12-11 23:00:00+00:00,23.39125,23.086071
2024-12-12 00:00:00+00:00,23.4225,23.790699
2024-12-12 01:00:00+00:00,23.45375,24.172256
2024-12-12 02:00:00+00:00,23.455624999999998,23.376562
2024-12-12 03:00:00+00:00,23.4575,22.680729
2024-12-12 04:00:00+00:00,23.459375,21.89707
2024-12-12 05:00:00+00:00,23.46125,21.58254
2024-12-12 06:00:00+00:00,18.135624999999997,23.545929
2024-12-12 07:00:00+00:00,12.809999999999999,26.803051
2024-12-12 08:00:00+00:00,21.055,31.26784
2024-12-12 09:00:00+00:00,29.3,34.643444
2024-12-12 10:00:00+00:00,30.1975,35.209152
2024-12-12 11:00:00+00:00,31.095,35.10153
2024-12-12 12:00:00+00:00,31.9925,34.918648
2024-12-12 13:00:00+00:00,32.89,34.114
2024-12-12 14:00:00+00:00,30.8290625,32.842953
2024-12-12 15:00:00+00:00,28.768125,32.073933
2024-12-12 16:00:00+00:00,26.707187500000007,31.166727
2024-12-12 17:00:00+00:00,24.646250000000002,30.764442
2024-12-12 18:00:00+00:00,26.4759375,31.148396
2024-12-12 19:00:00+00:00,28.305625,31.21714
2024-12-12 20:00:00+00:00,30.1353125,30.113716
2024-12-12 21:00:00+00:00,31.965000000000003,28.027061
2024-12-12 22:00:00+00:00,29.704375,26.601171
2024-12-12 23:00:00+00:00,27.443749999999998,25.790367
2024-12-13 00:00:00+00:00,25.183125,24.911556
2024-12-13 01:00:00+00:00,22.9225,24.40984
2024-12-13 02:00:00+00:00,21.384375,22.96307
2024-12-13 03:00:00+00:00,19.84625,21.371672
2024-12-13 04:00:00+00:00,18.308125,19.672411
2024-12-13 05:00:00+00:00,16.77,18.37924
2024-12-13 06:00:00+00:00,13.9625,17.096235
2024-12-13 07:00:00+00:00,11.155000000000001,15.737113
2024-12-13 08:00:00+00:00,22.383750000000003,23.111523
2024-12-13 09:00:00+00:00,33.612500000000004,31.92207
2024-12-13 10:00:00+00:00,30.24979166666667,30.516455
2024-12-13 11:00:00+00:00,26.887083333333337,28.042948
2024-12-13 12:00:00+00:00,23.524375,26.807457
2024-12-13 13:00:00+00:00,20.161666666666665,25.545158
2024-12-13 14:00:00+00:00,21.704375,25.166588
2024-12-13 15:00:00+00:00,23.247083333333336,24.876577
2024-12-13 16:00:00+00:00,24.789791666666666,23.863514
2024-12-13 17:00:00+00:00,26.3325,22.82382
2024-12-13 18:00:00+00:00,24.1459375,21.71411
2024-12-13 19:00:00+00:00,21.959375,20.882225
2024-12-13 20:00:00+00:00,19.7728125,19.936249
2024-12-13 21:00:00+00:00,17.58625,18.705574
2024-12-13 22:00:00+00:00,18.3309375,18.951878
2024-12-13 23:00:00+00:00,19.075625000000002,19.496502
2024-12-14 00:00:00+00:00,19.8203125,20.448608
2024-12-14 01:00:00+00:00,20.565,20.309904
2024-12-14 02:00:00+00:00,22.0115625,20.7561
2024-12-14 03:00:00+00:00,23.458125000000003,20.613983
2024-12-14 04:00:00+00:00,24.904687500000005,20.438982
2024-12-14 05:00:00+00:00,26.35125,20.139322
2024-12-14 06:00:00+00:00,22.058125,19.357853
2024-12-14 07:00:00+00:00,17.765,19.0192
2024-12-14 08:00:00+00:00,23.7025,26.141197
2024-12-14 09:00:00+00:00,29.64,34.93281
2024-12-14 10:00:00+00:00,27.60375,35.519726
2024-12-14 11:00:00+00:00,25.567500000000003,34.24536
2024-12-14 12:00:00+00:00,23.53125,33.061172
2024-12-14 13:00:00+00:00,21.495,31.060335
2024-12-14 14:00:00+00:00,23.1490625,29.301208
2024-12-14 15:00:00+00:00,24.803125,27.63287
2024-12-14 16:00:00+00:00,26.4571875,26.06956
2024-12-14 17:00:00+00:00,28.11125,24.891127
2024-12-14 18:00:00+00:00,25.705624999999998,22.191607
2024-12-14 19:00:00+00:00,23.299999999999997,19.779102
2024-12-14 20:00:00+00:00,20.894375,19.13653
2024-12-14 21:00:00+00:00,18.48875,18.755991
2024-12-14 22:00:00+00:00,18.1646875,18.451197
2024-12-14 23:00:00+00:00,17.840625,17.459301
2024-12-15 00:00:00+00:00,17.516562500000003,16.773872
2024-12-15 01:00:00+00:00,17.1925,16.44513
2024-12-15 02:00:00+00:00,18.697499999999998,17.967602
2024-12-15 03:00:00+00:00,20.2025,19.383436
2024-12-15 04:00:00+00:00,21.7075,20.331024
2024-12-15 05:00:00+00:00,23.2125,21.58184
2024-12-15 06:00:00+00:00,22.006249999999998,19.704285
2024-12-15 07:00:00+00:00,20.799999999999997,17.765844
2024-12-15 08:00:00+00:00,25.2475,23.801609
2024-12-15 09:00:00+00:00,29.695,29.76265
2024-12-15 10:00:00+00:00,30.245416666666664,30.238853
2024-12-15 11:00:00+00:00,30.795833333333334,30.33308
2024-12-15 12:00:00+00:00,31.346249999999998,29.16172
2024-12-15 13:00:00+00:00,31.896666666666665,28.426676
2024-12-15 14:00:00+00:00,31.8715625,30.680843
2024-12-15 15:00:00+00:00,31.84645833333333,34.228577
2024-12-15 16:00:00+00:00,31.821354166666666,37.47856
2024-12-15 17:00:00+00:00,31.79625,38.423176
2024-12-15 18:00:00+00:00,31.090937500000003,35.215813
2024-12-15 19:00:00+00:00,30.385625,30.768173
2024-12-15 20:00:00+00:00,29.6803125,27.073214
2024-12-15 21:00:00+00:00,28.975,25.161543
2024-12-15 22:00:00+00:00,27.4634375,24.593006
2024-12-15 23:00:00+00:00,25.951875,23.984055
2024-12-16 00:00:00+00:00,24.4403125,23.924833
2024-12-16 01:00:00+00:00,22.928750000000004,22.124311
2024-12-16 02:00:00+00:00,23.529062500000002,22.580353
2024-12-16 03:00:00+00:00,24.129375,23.053108
2024-12-16 04:00:00+00:00,24.729687499999997,23.426128
2024-12-16 05:00:00+00:00,25.33,23.843088
2024-12-16 06:00:00+00:00,21.3725,19.520283
2024-12-16 07:00:00+00:00,17.415,16.553802
2024-12-16 08:00:00+00:00,22.305625,21.425375
2024-12-16 09:00:00+00:00,27.19625,25.84327
2024-12-16 10:00:00+00:00,29.161770833333332,27.084427
2024-12-16 11:00:00+00:00,31.127291666666668,27.298496
2024-12-16 12:00:00+00:00,33.092812499999994,26.454683
2024-12-16 13:00:00+00:00,35.05833333333332,25.400616
2024-12-16 14:00:00+00:00,31.925624999999997,26.281206
2024-12-16 15:00:00+00:00,28.79291666666666,27.709236
2024-12-16 16:00:00+00:00,25.660208333333333,28.594442
2024-12-16 17:00:00+00:00,22.527500000000003,29.325708
2024-12-16 18:00:00+00:00,22.2453125,28.593302
2024-12-16 19:00:00+00:00,21.963124999999998,27.70765
2024-12-16 20:00:00+00:00,21.6809375,26.85137
2024-12-16 21:00:00+00:00,21.39875,25.782125
2024-12-16 22:00:00+00:00,24.268749999999997,27.20716
2024-12-16 23:00:00+00:00,27.138749999999998,28.600447
2024-12-17 00:00:00+00:00,30.00875,29.486609
2024-12-17 01:00:00+00:00,32.87875,29.288563
2024-12-17 02:00:00+00:00,31.726562499999996,28.31037
2024-12-17 03:00:00+00:00,30.574374999999996,27.322
2024-12-17 04:00:00+00:00,29.4221875,26.43284
2024-12-17 05:00:00+00:00,28.27,25.412796
2024-12-17 06:00:00+00:00,29.705,22.871574
2024-12-17 07:00:00+00:00,31.14,20.782352
2024-12-17 08:00:00+00:00,28.942500000000003,23.08549
2024-12-17 09:00:00+00:00,26.745,25.480536
2024-12-17 10:00:00+00:00,30.708333333333336,26.64565
2024-12-17 11:00:00+00:00,34.67166666666667,27.562536
2024-12-17 12:00:00+00:00,38.635000000000005,33.15763
2024-12-17 13:00:00+00:00,42.598333333333336,37.99922
2024-12-17 14:00:00+00:00,36.7709375,33.669003
2024-12-17 15:00:00+00:00,30.94354166666667,28.95354
2024-12-17 16:00:00+00:00,25.116145833333334,24.20733
2024-12-17 17:00:00+00:00,19.28875,19.556171
2024-12-17 18:00:00+00:00,20.153437500000003,20.4904
2024-12-17 19:00:00+00:00,21.018125,22.52398
2024-12-17 20:00:00+00:00,21.882812500000004,24.31383
2024-12-17 21:00:00+00:00,22.747500000000002,26.060678
2024-12-17 22:00:00+00:00,21.744062500000002,24.804136
2024-12-17 23:00:00+00:00,20.740625,22.724007
2024-12-18 00:00:00+00:00,19.7371875,20.859304
2024-12-18 01:00:00+00:00,18.73375,18.590626
2024-12-18 02:00:00+00:00,20.206875,19.309418
2024-12-18 03:00:00+00:00,21.68,20.3165
2024-12-18 04:00:00+00:00,23.153125,20.306183
2024-12-18 05:00:00+00:00,24.62625,21.07266
2024-12-18 06:00:00+00:00,22.758125,22.838598
2024-12-18 07:00:00+00:00,20.89,25.330124
2024-12-18 08:00:00+00:00,33.858125,33.912167
2024-12-18 09:00:00+00:00,46.82625,40.025826
2024-12-18 10:00:00+00:00,44.59885416666667,38.96665
2024-12-18 11:00:00+00:00,42.37145833333334,37.89811
2024-12-18 12:00:00+00:00,40.1440625,38.942917
2024-12-18 13:00:00+00:00,37.916666666666664,39.143192
2024-12-18 14:00:00+00:00,33.5159375,33.880665
2024-12-18 15:00:00+00:00,29.115208333333335,28.707182
2024-12-18 16:00:00+00:00,24.714479166666663,24.546759
2024-12-18 17:00:00+00:00,20.31375,20.911545
2024-12-18 18:00:00+00:00,21.987499999999997,21.72719
2024-12-18 19:00:00+00:00,23.66125,22.984503
2024-12-18 20:00:00+00:00,25.335,23.506088
2024-12-18 21:00:00+00:00,27.00875,24.367306
2024-12-18 22:00:00+00:00,24.83625,23.82959
2024-12-18 23:00:00+00:00,22.66375,22.886906
2024-12-19 00:00:00+00:00,20.49125,21.17201
2024-12-19 01:00:00+00:00,18.31875,19.305798
2024-12-19 02:00:00+00:00,19.431562500000002,19.174162
2024-12-19 03:00:00+00:00,20.544375000000002,19.134007
2024-12-19 04:00:00+00:00,21.6571875,19.891838
2024-12-19 05:00:00+00:00,22.77,20.774391
2024-12-19 06:00:00+00:00,27.9225,20.680435
2024-12-19 07:00:00+00:00,33.075,19.888086
2024-12-19 08:00:00+00:00,37.440625,23.226387
2024-12-19 09:00:00+00:00,41.80625,27.151615
2024-12-19 10:00:00+00:00,39.82635416666666,27.715168
2024-12-19 11:00:00+00:00,37.84645833333333,28.71028
2024-12-19 12:00:00+00:00,35.8665625,30.738052
2024-12-19 13:00:00+00:00,33.88666666666666,33.214554
2024-12-19 14:00:00+00:00,31.502812499999997,34.391586
2024-12-19 15:00:00+00:00,29.11895833333333,34.188446
2024-12-19 16:00:00+00:00,26.735104166666666,31.9805
2024-12-19 17:00:00+00:00,24.35125,29.359789
2024-12-19 18:00:00+00:00,24.8340625,29.354603
2024-12-19 19:00:00+00:00,25.316875,29.78887
2024-12-19 20:00:00+00:00,25.799687499999997,30.513433
2024-12-19 21:00:00+00:00,26.2825,30.686665
2024-12-19 22:00:00+00:00,26.9909375,28.849855
2024-12-19 23:00:00+00:00,27.699375,26.866663
2024-12-20 00:00:00+00:00,28.4078125,26.627623
2024-12-20 01:00:00+00:00,29.11625,26.868475
2024-12-20 02:00:00+00:00,28.7809375,27.567055
2024-12-20 03:00:00+00:00,28.445625,27.350492
2024-12-20 04:00:00+00:00,28.110312500000003,26.872095
2024-12-20 05:00:00+00:00,27.775,27.250242
2024-12-20 06:00:00+00:00,26.1475,34.43353
2024-12-20 07:00:00+00:00,24.520000000000003,43.863365
2024-12-20 08:00:00+00:00,33.771875,45.29357
2024-12-20 09:00:00+00:00,43.02375000000001,42.770355
2024-12-20 10:00:00+00:00,41.819895833333334,38.077477
2024-12-20 11:00:00+00:00,40.61604166666667,33.741978
2024-12-20 12:00:00+00:00,39.4121875,31.956669
2024-12-20 13:00:00+00:00,38.208333333333336,30.425589
2024-12-20 14:00:00+00:00,34.3346875,29.854515
2024-12-20 15:00:00+00:00,30.461041666666667,29.628162
2024-12-20 16:00:00+00:00,26.587395833333332,27.580837
2024-12-20 17:00:00+00:00,22.713749999999997,25.26568
2024-12-20 18:00:00+00:00,22.475937499999997,24.195515
2024-12-20 19:00:00+00:00,22.238124999999997,23.594885
2024-12-20 20:00:00+00:00,22.0003125,22.904833
2024-12-20 21:00:00+00:00,21.7625,21.80966
2024-12-20 22:00:00+00:00,21.682499999999997,22.006798
2024-12-20 23:00:00+00:00,21.6025,21.851759
2024-12-21 00:00:00+00:00,21.5225,21.86468
2024-12-21 01:00:00+00:00,21.4425,20.76698
2024-12-21 02:00:00+00:00,27.9015625,23.740458
2024-12-21 03:00:00+00:00,34.360625,28.160862
2024-12-21 04:00:00+00:00,40.8196875,32.501793
2024-12-21 05:00:00+00:00,47.27875,34.846535
2024-12-21 06:00:00+00:00,34.946875,30.998716
2024-12-21 07:00:00+00:00,22.615,29.0975
2024-12-21 08:00:00+00:00,39.628125,45.390804
2024-12-21 09:00:00+00:00,56.64125,61.75692
2024-12-21 10:00:00+00:00,51.224270833333335,56.241722
2024-12-21 11:00:00+00:00,45.80729166666667,47.706352
2024-12-21 12:00:00+00:00,40.3903125,39.733406
2024-12-21 13:00:00+00:00,34.973333333333336,33.01008
2024-12-21 14:00:00+00:00,32.8809375,31.232046
2024-12-21 15:00:00+00:00,30.788541666666667,29.46349
2024-12-21 16:00:00+00:00,28.696145833333336,27.369812
2024-12-21 17:00:00+00:00,26.60375,25.202654
2024-12-21 18:00:00+00:00,24.2528125,23.141912
2024-12-21 19:00:00+00:00,21.901875,22.12621
2024-12-21 20:00:00+00:00,19.5509375,20.524736
2024-12-21 21:00:00+00:00,17.2,19.06803
2024-12-21 22:00:00+00:00,18.850625,19.996601
2024-12-21 23:00:00+00:00,20.50125,21.078094
2024-12-22 00:00:00+00:00,22.151875,22.355871
2024-12-22 01:00:00+00:00,23.802500000000002,24.378872
2024-12-22 02:00:00+00:00,23.775000000000002,23.93613
2024-12-22 03:00:00+00:00,23.747500000000002,23.565294
2024-12-22 04:00:00+00:00,23.72,22.92559
2024-12-22 05:00:00+00:00,23.692499999999995,23.127949
2024-12-22 06:00:00+00:00,23.223750000000003,21.737343
2024-12-22 07:00:00+00:00,22.755000000000003,18.732788
2024-12-22 08:00:00+00:00,31.355625,25.180334
2024-12-22 09:00:00+00:00,39.95625,32.998505
2024-12-22 10:00:00+00:00,42.84593749999999,35.087788
2024-12-22 11:00:00+00:00,45.735625,37.813675
2024-12-22 12:00:00+00:00,48.62531249999999,42.55963
2024-12-22 13:00:00+00:00,51.51499999999999,46.726692
2024-12-22 14:00:00+00:00,44.16437499999999,43.44661
2024-12-22 15:00:00+00:00,36.81375,38.858986
2024-12-22 16:00:00+00:00,29.463124999999998,34.239292
2024-12-22 17:00:00+00:00,22.1125,29.155462
2024-12-22 18:00:00+00:00,21.189375000000002,27.328539
2024-12-22 19:00:00+00:00,20.26625,24.69355
2024-12-22 20:00:00+00:00,19.343125,21.705538
2024-12-22 21:00:00+00:00,18.419999999999998,19.855732
2024-12-22 22:00:00+00:00,20.858125,21.271973
2024-12-22 23:00:00+00:00,23.29625,23.291595
2024-12-23 00:00:00+00:00,25.734375,25.041214
2024-12-23 01:00:00+00:00,28.1725,26.693094
2024-12-23 02:00:00+00:00,26.7771875,24.913208
2024-12-23 03:00:00+00:00,25.381875,22.89962
2024-12-23 04:00:00+00:00,23.986562499999998,22.465376
2024-12-23 05:00:00+00:00,22.59125,22.11488
2024-12-23 06:00:00+00:00,17.233125,21.324387
2024-12-23 07:00:00+00:00,11.874999999999998,20.454346
2024-12-23 08:00:00+00:00,24.6675,28.224298
2024-12-23 09:00:00+00:00,37.46,36.679913
2024-12-23 10:00:00+00:00,41.169583333333335,41.36533
2024-12-23 11:00:00+00:00,44.87916666666666,44.15203
2024-12-23 12:00:00+00:00,48.58874999999999,45.65319
2024-12-23 13:00:00+00:00,52.298333333333325,46.431404
2024-12-23 14:00:00+00:00,45.43249999999999,41.486122
2024-12-23 15:00:00+00:00,38.56666666666666,36.196316
2024-12-23 16:00:00+00:00,31.700833333333332,30.605993
2024-12-23 17:00:00+00:00,24.835,24.524487
2024-12-23 18:00:00+00:00,23.860625,22.94807
2024-12-23 19:00:00+00:00,22.88625,22.322985
2024-12-23 20:00:00+00:00,21.911875000000002,21.635195
2024-12-23 21:00:00+00:00,20.9375,20.933819
2024-12-23 22:00:00+00:00,22.2815625,22.157743
2024-12-23 23:00:00+00:00,23.625624999999996,24.151709
2024-12-24 00:00:00+00:00,24.9696875,25.941154
2024-12-24 01:00:00+00:00,26.31375,28.393639
2024-12-24 02:00:00+00:00,28.8975,28.892132
2024-12-24 03:00:00+00:00,31.48125,28.281387
2024-12-24 04:00:00+00:00,34.065,28.099108
2024-12-24 05:00:00+00:00,36.64875,28.790718
2024-12-24 06:00:00+00:00,31.209375,21.32224
2024-12-24 07:00:00+00:00,25.770000000000003,14.55682
2024-12-24 08:00:00+00:00,37.785,28.746428
2024-12-24 09:00:00+00:00,49.8,42.55201
2024-12-24 10:00:00+00:00,48.259166666666665,44.94666
2024-12-24 11:00:00+00:00,46.718333333333334,44.514366
2024-12-24 12:00:00+00:00,45.177499999999995,42.30771
2024-12-24 13:00:00+00:00,43.63666666666666,42.008385
2024-12-24 14:00:00+00:00,39.41375,39.36917
2024-12-24 15:00:00+00:00,35.19083333333333,35.112843
2024-12-24 16:00:00+00:00,30.967916666666667,30.022545
2024-12-24 17:00:00+00:00,26.745,25.361097
2024-12-24 18:00:00+00:00,24.9078125,23.308357
2024-12-24 19:00:00+00:00,23.070625,22.316286
2024-12-24 20:00:00+00:00,21.2334375,21.917995
2024-12-24 21:00:00+00:00,19.39625,21.332289
2024-12-24 22:00:00+00:00,20.5040625,21.080318
2024-12-24 23:00:00+00:00,21.611874999999998,21.038168
2024-12-25 00:00:00+00:00,22.719687499999996,20.883118
2024-12-25 01:00:00+00:00,23.8275,20.343412
2024-12-25 02:00:00+00:00,24.140625,20.732763
2024-12-25 03:00:00+00:00,24.45375,21.181292
2024-12-25 04:00:00+00:00,24.766875,21.419762
2024-12-25 05:00:00+00:00,25.08,23.847475
2024-12-25 06:00:00+00:00,26.6875,24.902985
2024-12-25 07:00:00+00:00,28.295,24.646196
2024-12-25 08:00:00+00:00,75.31875,52.44199
2024-12-25 09:00:00+00:00,122.3425,82.14419
2024-12-25 10:00:00+00:00,104.71187499999999,77.7523
2024-12-25 11:00:00+00:00,87.08125,68.26591
2024-12-25 12:00:00+00:00,69.450625,61.105217
2024-12-25 13:00:00+00:00,51.81999999999999,54.415936
2024-12-25 14:00:00+00:00,43.48374999999999,44.432724
2024-12-25 15:00:00+00:00,35.147499999999994,35.619225
2024-12-25 16:00:00+00:00,26.81125,28.40478
2024-12-25 17:00:00+00:00,18.475,21.689594
2024-12-25 18:00:00+00:00,18.9796875,22.94395
2024-12-25 19:00:00+00:00,19.484375,23.949903
2024-12-25 20:00:00+00:00,19.9890625,23.497278
2024-12-25 21:00:00+00:00,20.49375,24.027802
2024-12-25 22:00:00+00:00,19.9459375,22.665224
2024-12-25 23:00:00+00:00,19.398125,22.024738
2024-12-26 00:00:00+00:00,18.850312499999998,21.18834
2024-12-26 01:00:00+00:00,18.3025,22.145824
2024-12-26 02:00:00+00:00,20.9071875,24.24082
2024-12-26 03:00:00+00:00,23.511875,25.353298
2024-12-26 04:00:00+00:00,26.1165625,26.879108
2024-12-26 05:00:00+00:00,28.72125,27.238495
2024-12-26 06:00:00+00:00,23.915625,27.03432
2024-12-26 07:00:00+00:00,19.11,26.5525
2024-12-26 08:00:00+00:00,38.870625000000004,31.078625
2024-12-26 09:00:00+00:00,58.63125,38.73524
2024-12-26 10:00:00+00:00,53.850520833333334,37.231743
2024-12-26 11:00:00+00:00,49.06979166666667,35.775494
2024-12-26 12:00:00+00:00,44.2890625,38.230335
2024-12-26 13:00:00+00:00,39.50833333333333,38.61144
2024-12-26 14:00:00+00:00,36.44906249999999,38.23237
2024-12-26 15:00:00+00:00,33.38979166666667,36.88903
2024-12-26 16:00:00+00:00,30.330520833333335,32.313362
2024-12-26 17:00:00+00:00,27.271250000000002,26.113098
2024-12-26 18:00:00+00:00,24.862812499999997,22.188805
2024-12-26 19:00:00+00:00,22.454375,19.89477
2024-12-26 20:00:00+00:00,20.0459375,19.126637
2024-12-26 21:00:00+00:00,17.6375,18.854282
2024-12-26 22:00:00+00:00,18.377499999999998,20.34613
2024-12-26 23:00:00+00:00,19.1175,21.154995
2024-12-27 00:00:00+00:00,19.8575,21.592632
2024-12-27 01:00:00+00:00,20.5975,21.105244
2024-12-27 02:00:00+00:00,24.9353125,24.055336
2024-12-27 03:00:00+00:00,29.273125,27.163687
2024-12-27 04:00:00+00:00,33.6109375,30.188164
2024-12-27 05:00:00+00:00,37.94875,32.910263
2024-12-27 06:00:00+00:00,30.721874999999997,27.43766
2024-12-27 07:00:00+00:00,23.495,21.307753
2024-12-27 08:00:00+00:00,29.827499999999997,28.34935
2024-12-27 09:00:00+00:00,36.16,34.226585
2024-12-27 10:00:00+00:00,36.25875,34.092377
2024-12-27 11:00:00+00:00,36.3575,35.86254
2024-12-27 12:00:00+00:00,36.45625,37.136806
2024-12-27 13:00:00+00:00,36.555,37.653046
2024-12-27 14:00:00+00:00,34.0234375,36.289024
2024-12-27 15:00:00+00:00,31.491875,35.10303
2024-12-27 16:00:00+00:00,28.9603125,32.280506
2024-12-27 17:00:00+00:00,26.42875,28.751387
2024-12-27 18:00:00+00:00,25.40625,26.157932
2024-12-27 19:00:00+00:00,24.38375,24.219297
2024-12-27 20:00:00+00:00,23.361250000000002,22.277714
2024-12-27 21:00:00+00:00,22.33875,19.981174
2024-12-27 22:00:00+00:00,21.4775,20.511272
2024-12-27 23:00:00+00:00,20.61625,21.590818
2024-12-28 00:00:00+00:00,19.755000000000003,22.862865
2024-12-28 01:00:00+00:00,18.89375,23.781683
2024-12-28 02:00:00+00:00,23.0346875,26.248524
2024-12-28 03:00:00+00:00,27.175624999999997,27.80811
2024-12-28 04:00:00+00:00,31.316562499999996,27.839481
2024-12-28 05:00:00+00:00,35.457499999999996,29.0578
2024-12-28 06:00:00+00:00,24.651249999999997,23.287037
2024-12-28 07:00:00+00:00,13.844999999999999,16.86515
2024-12-28 08:00:00+00:00,34.01875,34.25435
2024-12-28 09:00:00+00:00,54.192499999999995,52.477776
2024-12-28 10:00:00+00:00,54.883125,58.91564
2024-12-28 11:00:00+00:00,55.573750000000004,62.131233
2024-12-28 12:00:00+00:00,56.264375,63.524113
2024-12-28 13:00:00+00:00,56.955000000000005,64.00199
2024-12-28 14:00:00+00:00,48.6784375,55.043625
2024-12-28 15:00:00+00:00,40.401875000000004,45.141876
2024-12-28 16:00:00+00:00,32.12531250000001,36.207794
2024-12-28 17:00:00+00:00,23.84875,28.959501
2024-12-28 18:00:00+00:00,24.126875,27.085861
2024-12-28 19:00:00+00:00,24.405,26.11922
2024-12-28 20:00:00+00:00,24.683125000000004,25.146093
2024-12-28 21:00:00+00:00,24.96125,24.6219
2024-12-28 22:00:00+00:00,23.0753125,23.45133
2024-12-28 23:00:00+00:00,21.189375,22.171604
2024-12-29 00:00:00+00:00,19.3034375,21.201622
2024-12-29 01:00:00+00:00,17.4175,19.298882
2024-12-29 02:00:00+00:00,19.884375,20.832323
2024-12-29 03:00:00+00:00,22.35125,22.468277
2024-12-29 04:00:00+00:00,24.818125000000002,23.517235
2024-12-29 05:00:00+00:00,27.285,25.769444
2024-12-29 06:00:00+00:00,27.997500000000002,21.004433
2024-12-29 07:00:00+00:00,28.71,16.054089
2024-12-29 08:00:00+00:00,32.84125,26.55696
2024-12-29 09:00:00+00:00,36.9725,37.020264
2024-12-29 10:00:00+00:00,68.23229166666667,65.20644
2024-12-29 11:00:00+00:00,99.49208333333334,85.9021
2024-12-29 12:00:00+00:00,130.751875,99.79599
2024-12-29 13:00:00+00:00,162.01166666666668,117.06782
2024-12-29 14:00:00+00:00,127.76875000000001,92.48762
2024-12-29 15:00:00+00:00,93.52583333333334,68.27759
2024-12-29 16:00:00+00:00,59.282916666666665,46.531464
2024-12-29 17:00:00+00:00,25.04,23.85286
2024-12-29 18:00:00+00:00,22.4534375,22.45978
2024-12-29 19:00:00+00:00,19.866875,21.770905
2024-12-29 20:00:00+00:00,17.2803125,20.21498
2024-12-29 21:00:00+00:00,14.69375,17.672653
2024-12-29 22:00:00+00:00,15.7028125,17.639124
2024-12-29 23:00:00+00:00,16.711875,18.123322
2024-12-30 00:00:00+00:00,17.7209375,18.716408
2024-12-30 01:00:00+00:00,18.73,18.482834
2024-12-30 02:00:00+00:00,18.870312499999997,19.387684
2024-12-30 03:00:00+00:00,19.010624999999997,19.330883
2024-12-30 04:00:00+00:00,19.150937499999998,20.552109
2024-12-30 05:00:00+00:00,19.291249999999998,22.921797
2024-12-30 06:00:00+00:00,12.595624999999998,23.76201
2024-12-30 07:00:00+00:00,5.9,24.913052
2024-12-30 08:00:00+00:00,25.341250000000002,29.764013
2024-12-30 09:00:00+00:00,44.7825,34.08318
2024-12-30 10:00:00+00:00,45.24229166666666,41.21204
2024-12-30 11:00:00+00:00,45.702083333333334,48.57168
2024-12-30 12:00:00+00:00,46.161875,57.46769
2024-12-30 13:00:00+00:00,46.62166666666666,65.82933
2024-12-30 14:00:00+00:00,40.365625,58.53174
2024-12-30 15:00:00+00:00,34.10958333333333,48.958733
2024-12-30 16:00:00+00:00,27.85354166666667,40.682755
2024-12-30 17:00:00+00:00,21.597499999999997,29.779516
2024-12-30 18:00:00+00:00,22.4534375,26.369022
2024-12-30 19:00:00+00:00,23.309375,24.379349
2024-12-30 20:00:00+00:00,24.1653125,21.335714
2024-12-30 21:00:00+00:00,25.02125,20.731152
2024-12-30 22:00:00+00:00,22.865312499999998,20.655788
2024-12-30 23:00:00+00:00,20.709374999999998,20.638166
2024-12-31 00:00:00+00:00,18.5534375,20.435993
2024-12-31 01:00:00+00:00,16.3975,18.983921
2024-12-31 02:00:00+00:00,17.81375,20.119457
2024-12-31 03:00:00+00:00,19.23,21.202507
2024-12-31 04:00:00+00:00,20.646250000000002,21.923225
2024-12-31 05:00:00+00:00,22.062500000000004,23.940327
2024-12-31 06:00:00+00:00,18.57625,18.65026
2024-12-31 07:00:00+00:00,15.09,14.74511
2024-12-31 08:00:00+00:00,44.325624999999995,44.21174
2024-12-31 09:00:00+00:00,73.56125,68.1729
2024-12-31 10:00:00+00:00,63.166354166666665,60.040993
2024-12-31 11:00:00+00:00,52.771458333333335,50.701252
2024-12-31 12:00:00+00:00,42.376562500000006,42.26998
2024-12-31 13:00:00+00:00,31.981666666666666,35.97495
2024-12-31 14:00:00+00:00,29.7778125,33.005768
2024-12-31 15:00:00+00:00,27.57395833333333,31.300125
2024-12-31 16:00:00+00:00,25.370104166666668,28.567537
2024-12-31 17:00:00+00:00,23.16625,24.933043
2024-12-31 18:00:00+00:00,23.220625000000002,25.078064
2024-12-31 19:00:00+00:00,23.275,25.81604
2024-12-31 20:00:00+00:00,23.329375,25.023552
2024-12-31 21:00:00+00:00,23.38375,23.95909
2024-12-31 22:00:00+00:00,23.7015625,23.706179
2024-12-31 23:00:00+00:00,24.019375,22.298435
2025-01-01 00:00:00+00:00,24.337187499999995,21.198193
2025-01-01 01:00:00+00:00,24.655,19.43739
2025-01-01 02:00:00+00:00,23.4015625,19.419954
2025-01-01 03:00:00+00:00,22.148125,19.11679
2025-01-01 04:00:00+00:00,20.8946875,19.912994
2025-01-01 05:00:00+00:00,19.64125,21.529503
2025-01-01 06:00:00+00:00,20.543125,21.761208
2025-01-01 07:00:00+00:00,21.445000000000004,22.26388
2025-01-01 08:00:00+00:00,38.201875,34.122204
2025-01-01 09:00:00+00:00,54.95875,45.154736
2025-01-01 10:00:00+00:00,52.80614583333333,47.894356
2025-01-01 11:00:00+00:00,50.65354166666667,49.2977
2025-01-01 12:00:00+00:00,48.500937500000006,49.348244
2025-01-01 13:00:00+00:00,46.348333333333336,50.9011
2025-01-01 14:00:00+00:00,42.641562500000006,46.199455
2025-01-01 15:00:00+00:00,38.93479166666667,40.527946
2025-01-01 16:00:00+00:00,35.22802083333333,33.570606
2025-01-01 17:00:00+00:00,31.521250000000002,24.854603
2025-01-01 18:00:00+00:00,29.265625,22.714611
2025-01-01 19:00:00+00:00,27.01,22.6179
2025-01-01 20:00:00+00:00,24.754375000000003,22.51706
2025-01-01 21:00:00+00:00,22.49875,21.829296
2025-01-01 22:00:00+00:00,23.892187500000006,23.529032
2025-01-01 23:00:00+00:00,25.285625000000003,24.535297
2025-01-02 00:00:00+00:00,26.6790625,24.885372
2025-01-02 01:00:00+00:00,28.0725,23.718157
2025-01-02 02:00:00+00:00,25.5478125,23.545769
2025-01-02 03:00:00+00:00,23.023125,22.017508
2025-01-02 04:00:00+00:00,20.4984375,21.632679
2025-01-02 05:00:00+00:00,17.973749999999995,21.926529
2025-01-02 06:00:00+00:00,17.756875,20.438766
2025-01-02 07:00:00+00:00,17.54,19.496466
2025-01-02 08:00:00+00:00,27.980625,27.675188
2025-01-02 09:00:00+00:00,38.42125,36.6586
2025-01-02 10:00:00+00:00,35.37385416666667,40.57706
2025-01-02 11:00:00+00:00,32.326458333333335,42.31291
2025-01-02 12:00:00+00:00,29.2790625,42.233536
2025-01-02 13:00:00+00:00,26.231666666666666,42.116425
2025-01-02 14:00:00+00:00,32.523125,48.616875
2025-01-02 15:00:00+00:00,38.81458333333333,54.805466
2025-01-02 16:00:00+00:00,45.10604166666667,60.662556
2025-01-02 17:00:00+00:00,51.397499999999994,65.36543
2025-01-02 18:00:00+00:00,44.291875000000005,53.93331
2025-01-02 19:00:00+00:00,37.18625,42.316566
2025-01-02 20:00:00+00:00,30.080625,30.805426
2025-01-02 21:00:00+00:00,22.975,20.026226
2025-01-02 22:00:00+00:00,20.9096875,20.483135
2025-01-02 23:00:00+00:00,18.844375,20.39006
2025-01-03 00:00:00+00:00,16.779062500000002,20.205086
2025-01-03 01:00:00+00:00,14.713750000000001,19.349842
2025-01-03 02:00:00+00:00,16.582812500000003,20.342197
2025-01-03 03:00:00+00:00,18.451875,21.003548
2025-01-03 04:00:00+00:00,20.3209375,21.312061
2025-01-03 05:00:00+00:00,22.189999999999998,21.567251
2025-01-03 06:00:00+00:00,24.3525,19.760517
2025-01-03 07:00:00+00:00,26.515,18.596697
2025-01-03 08:00:00+00:00,25.83,21.119598
2025-01-03 09:00:00+00:00,25.145,25.629103
2025-01-03 10:00:00+00:00,26.899166666666666,28.56026
2025-01-03 11:00:00+00:00,28.653333333333336,28.324553
2025-01-03 12:00:00+00:00,30.407500000000002,28.647196
2025-01-03 13:00:00+00:00,32.16166666666667,29.022877
2025-01-03 14:00:00+00:00,29.5965625,29.037968
2025-01-03 15:00:00+00:00,27.031458333333333,28.528748
2025-01-03 16:00:00+00:00,24.46635416666667,25.692554
2025-01-03 17:00:00+00:00,21.90125,24.586023
2025-01-03 18:00:00+00:00,21.3821875,23.31061
2025-01-03 19:00:00+00:00,20.863125,22.501957
2025-01-03 20:00:00+00:00,20.3440625,23.313969
2025-01-03 21:00:00+00:00,19.825,23.231983
2025-01-03 22:00:00+00:00,21.6359375,23.8097
2025-01-03 23:00:00+00:00,23.446875,23.95921
2025-01-04 00:00:00+00:00,25.257812500000004,23.633642
2025-01-04 01:00:00+00:00,27.06875,22.945225
2025-01-04 02:00:00+00:00,25.153750000000002,22.028852
2025-01-04 03:00:00+00:00,23.238750000000003,21.26801
2025-01-04 04:00:00+00:00,21.323749999999997,20.706715
2025-01-04 05:00:00+00:00,19.40875,22.08863
2025-01-04 06:00:00+00:00,11.976875000000001,24.404865
2025-01-04 07:00:00+00:00,4.545,28.317307
2025-01-04 08:00:00+00:00,19.563125000000003,30.222502
2025-01-04 09:00:00+00:00,34.58125,32.472446
2025-01-04 10:00:00+00:00,38.8221875,45.537083
2025-01-04 11:00:00+00:00,43.063125,50.567585
2025-01-04 12:00:00+00:00,47.30406249999999,51.188286
2025-01-04 13:00:00+00:00,51.544999999999995,53.220787
2025-01-04 14:00:00+00:00,44.1740625,46.124367
2025-01-04 15:00:00+00:00,36.803124999999994,39.203407
2025-01-04 16:00:00+00:00,29.432187499999998,31.196266
2025-01-04 17:00:00+00:00,22.06125,23.659601
2025-01-04 18:00:00+00:00,21.499375,22.821482
2025-01-04 19:00:00+00:00,20.9375,21.541906
2025-01-04 20:00:00+00:00,20.375625,21.338203
2025-01-04 21:00:00+00:00,19.81375,21.305593
2025-01-04 22:00:00+00:00,21.074375,22.367693
2025-01-04 23:00:00+00:00,22.335,23.321949
2025-01-05 00:00:00+00:00,23.595625,24.095245
2025-01-05 01:00:00+00:00,24.85625,25.042458
2025-01-05 02:00:00+00:00,28.400937499999998,24.161886
2025-01-05 03:00:00+00:00,31.945625,22.0071
2025-01-05 04:00:00+00:00,35.4903125,20.217884
2025-01-05 05:00:00+00:00,39.035,18.51789
2025-01-05 06:00:00+00:00,20.825,14.284494
2025-01-05 07:00:00+00:00,2.6149999999999998,11.338194
2025-01-05 08:00:00+00:00,12.38,21.719017
2025-01-05 09:00:00+00:00,22.144999999999996,33.216
2025-01-05 10:00:00+00:00,29.897083333333335,38.254467
2025-01-05 11:00:00+00:00,37.649166666666666,40.16559
2025-01-05 12:00:00+00:00,45.401250000000005,39.328392
2025-01-05 13:00:00+00:00,53.153333333333336,38.657337
2025-01-05 14:00:00+00:00,46.0046875,34.677227
2025-01-05 15:00:00+00:00,38.85604166666668,29.1866
2025-01-05 16:00:00+00:00,31.707395833333333,26.741734
2025-01-05 17:00:00+00:00,24.558749999999996,24.527214
2025-01-05 18:00:00+00:00,24.668125,24.581825
2025-01-05 19:00:00+00:00,24.7775,24.96235
2025-01-05 20:00:00+00:00,24.886875000000003,24.007278
2025-01-05 21:00:00+00:00,24.99625,23.26868
2025-01-05 22:00:00+00:00,24.6425,23.376242
2025-01-05 23:00:00+00:00,24.28875,23.578144
2025-01-06 00:00:00+00:00,23.935,23.612827
2025-01-06 01:00:00+00:00,23.58125,22.108086
2025-01-06 02:00:00+00:00,29.3115625,24.570284
2025-01-06 03:00:00+00:00,35.041875,27.285402
2025-01-06 04:00:00+00:00,40.7721875,30.341541
2025-01-06 05:00:00+00:00,46.5025,34.10848
2025-01-06 06:00:00+00:00,36.33624999999999,21.942678
2025-01-06 07:00:00+00:00,26.169999999999998,8.99931
2025-01-06 08:00:00+00:00,22.9075,19.247967
2025-01-06 09:00:00+00:00,19.645,27.496029
2025-01-06 10:00:00+00:00,23.090416666666666,29.136747
2025-01-06 11:00:00+00:00,26.535833333333336,30.650457
2025-01-06 12:00:00+00:00,29.981250000000003,34.243862
2025-01-06 13:00:00+00:00,33.42666666666667,40.554348
2025-01-06 14:00:00+00:00,30.661562500000002,35.49066
2025-01-06 15:00:00+00:00,27.896458333333335,29.752016
2025-01-06 16:00:00+00:00,25.131354166666668,24.500862
2025-01-06 17:00:00+00:00,22.36625,19.343634
2025-01-06 18:00:00+00:00,24.762812500000003,25.036541
2025-01-06 19:00:00+00:00,27.159375,30.100796
2025-01-06 20:00:00+00:00,29.5559375,33.843266
2025-01-06 21:00:00+00:00,31.952500000000004,38.072422
2025-01-06 22:00:00+00:00,29.683125,34.524353
2025-01-06 23:00:00+00:00,27.41375,29.77831
2025-01-07 00:00:00+00:00,25.144375,24.825695
2025-01-07 01:00:00+00:00,22.875,20.50872
2025-01-07 02:00:00+00:00,21.1071875,20.139503
2025-01-07 03:00:00+00:00,19.339375,19.082554
2025-01-07 04:00:00+00:00,17.5715625,18.323708
2025-01-07 05:00:00+00:00,15.803749999999999,18.886072
2025-01-07 06:00:00+00:00,28.366875,16.899012
2025-01-07 07:00:00+00:00,40.93,14.260997
2025-01-07 08:00:00+00:00,35.582499999999996,21.072325
2025-01-07 09:00:00+00:00,30.235,27.83773
2025-01-07 10:00:00+00:00,29.885416666666668,29.465023
2025-01-07 11:00:00+00:00,29.535833333333336,30.037472
2025-01-07 12:00:00+00:00,29.18625,29.134735
2025-01-07 13:00:00+00:00,28.83666666666667,28.86554
2025-01-07 14:00:00+00:00,27.031250000000004,28.57171
2025-01-07 15:00:00+00:00,25.225833333333334,27.269373
2025-01-07 16:00:00+00:00,23.420416666666668,27.428078
2025-01-07 17:00:00+00:00,21.615000000000002,27.115055
2025-01-07 18:00:00+00:00,20.871250000000003,26.012064
2025-01-07 19:00:00+00:00,20.1275,23.948181
2025-01-07 20:00:00+00:00,19.38375,20.911388
2025-01-07 21:00:00+00:00,18.64,18.488346
2025-01-07 22:00:00+00:00,18.1278125,18.22805
2025-01-07 23:00:00+00:00,17.615625,18.812973
2025-01-08 00:00:00+00:00,17.103437500000002,18.776258
2025-01-08 01:00:00+00:00,16.591250000000002,17.709969
2025-01-08 02:00:00+00:00,24.860937500000002,20.98357
2025-01-08 03:00:00+00:00,33.130625,24.499445
2025-01-08 04:00:00+00:00,41.4003125,28.023985
2025-01-08 05:00:00+00:00,49.67,31.458433
2025-01-08 06:00:00+00:00,39.004999999999995,33.44948
2025-01-08 07:00:00+00:00,28.34,34.067173
2025-01-08 08:00:00+00:00,26.625,27.59968
2025-01-08 09:00:00+00:00,24.91,20.024292
2025-01-08 10:00:00+00:00,30.735,20.336182
2025-01-08 11:00:00+00:00,36.56000000000001,24.88155
2025-01-08 12:00:00+00:00,42.385000000000005,30.721748
2025-01-08 13:00:00+00:00,48.21,35.66944
2025-01-08 14:00:00+00:00,43.1453125,36.958065
2025-01-08 15:00:00+00:00,38.080625,37.566086
2025-01-08 16:00:00+00:00,33.0159375,35.632317
2025-01-08 17:00:00+00:00,27.95125,33.33419
2025-01-08 18:00:00+00:00,26.033125,30.867191
2025-01-08 19:00:00+00:00,24.115000000000002,27.978209
2025-01-08 20:00:00+00:00,22.196875,25.292828
2025-01-08 21:00:00+00:00,20.27875,22.731071
2025-01-08 22:00:00+00:00,19.936875,21.135822
2025-01-08 23:00:00+00:00,19.595,19.84777
2025-01-09 00:00:00+00:00,19.253125,18.207092
2025-01-09 01:00:00+00:00,18.911250000000003,16.934423
2025-01-09 02:00:00+00:00,24.262500000000003,20.865707
2025-01-09 03:00:00+00:00,29.61375,25.836287
2025-01-09 04:00:00+00:00,34.964999999999996,29.614986
2025-01-09 05:00:00+00:00,40.31625,33.286743
2025-01-09 06:00:00+00:00,35.910624999999996,29.40249
2025-01-09 07:00:00+00:00,31.505000000000003,23.825489
2025-01-09 08:00:00+00:00,46.098125,29.26001
2025-01-09 09:00:00+00:00,60.691250000000004,35.089348
2025-01-09 10:00:00+00:00,51.34677083333334,35.571037
2025-01-09 11:00:00+00:00,42.002291666666665,35.21309
2025-01-09 12:00:00+00:00,32.6578125,32.68878
2025-01-09 13:00:00+00:00,23.313333333333333,29.241144
2025-01-09 14:00:00+00:00,24.539375,28.43798
2025-01-09 15:00:00+00:00,25.765416666666667,28.717354
2025-01-09 16:00:00+00:00,26.991458333333334,28.263441
2025-01-09 17:00:00+00:00,28.2175,28.139006
2025-01-09 18:00:00+00:00,26.6559375,27.192091
2025-01-09 19:00:00+00:00,25.094375,26.656992
2025-01-09 20:00:00+00:00,23.5328125,26.016205
2025-01-09 21:00:00+00:00,21.971249999999998,24.544975
2025-01-09 22:00:00+00:00,22.705937499999997,24.965324
2025-01-09 23:00:00+00:00,23.440624999999994,25.203485
2025-01-10 00:00:00+00:00,24.175312500000004,24.758968
2025-01-10 01:00:00+00:00,24.91,24.336914
2025-01-10 02:00:00+00:00,26.1353125,25.427147
2025-01-10 03:00:00+00:00,27.360625,26.344725
2025-01-10 04:00:00+00:00,28.5859375,25.953695
2025-01-10 05:00:00+00:00,29.81125,26.934399
2025-01-10 06:00:00+00:00,29.248125,26.764156
2025-01-10 07:00:00+00:00,28.685000000000002,24.856777
2025-01-10 08:00:00+00:00,51.98625,45.43611
2025-01-10 09:00:00+00:00,75.2875,66.86032
2025-01-10 10:00:00+00:00,61.339375,57.012627
2025-01-10 11:00:00+00:00,47.39124999999999,44.418354
2025-01-10 12:00:00+00:00,33.443125,32.86936
2025-01-10 13:00:00+00:00,19.495,22.990728
2025-01-10 14:00:00+00:00,21.5746875,23.821892
2025-01-10 15:00:00+00:00,23.654375,24.683754
2025-01-10 16:00:00+00:00,25.7340625,24.840275
2025-01-10 17:00:00+00:00,27.81375,25.561703
2025-01-10 18:00:00+00:00,26.270312500000003,25.79583
2025-01-10 19:00:00+00:00,24.726875,24.616331
2025-01-10 20:00:00+00:00,23.1834375,22.68166
2025-01-10 21:00:00+00:00,21.64,21.352398
2025-01-10 22:00:00+00:00,23.3015625,22.60469
2025-01-10 23:00:00+00:00,24.963125,24.962925
2025-01-11 00:00:00+00:00,26.6246875,27.605345
2025-01-11 01:00:00+00:00,28.28625,31.559414
2025-01-11 02:00:00+00:00,27.00375,30.580818
2025-01-11 03:00:00+00:00,25.721249999999998,29.460922
2025-01-11 04:00:00+00:00,24.43875,29.040577
2025-01-11 05:00:00+00:00,23.15625,27.292606
2025-01-11 06:00:00+00:00,25.160625000000003,22.200106
2025-01-11 07:00:00+00:00,27.165,16.465477
2025-01-11 08:00:00+00:00,26.183125,38.13543
2025-01-11 09:00:00+00:00,25.20125,63.50576
2025-01-11 10:00:00+00:00,26.04510416666667,58.730118
2025-01-11 11:00:00+00:00,26.888958333333335,51.22409
2025-01-11 12:00:00+00:00,27.7328125,42.29644
2025-01-11 13:00:00+00:00,28.576666666666668,33.577984
2025-01-11 14:00:00+00:00,25.889375,29.327393
2025-01-11 15:00:00+00:00,23.202083333333334,25.721382
2025-01-11 16:00:00+00:00,20.514791666666667,24.613483
2025-01-11 17:00:00+00:00,17.827499999999997,23.404488
2025-01-11 18:00:00+00:00,18.473125,23.571552
2025-01-11 19:00:00+00:00,19.11875,23.18926
2025-01-11 20:00:00+00:00,19.764375,22.179626
2025-01-11 21:00:00+00:00,20.41,21.599218
2025-01-11 22:00:00+00:00,19.9484375,20.956482
2025-01-11 23:00:00+00:00,19.486874999999998,20.190845
2025-01-12 00:00:00+00:00,19.0253125,19.946854
2025-01-12 01:00:00+00:00,18.56375,18.283005
2025-01-12 02:00:00+00:00,17.702187500000004,17.960384
2025-01-12 03:00:00+00:00,16.840625,17.543898
2025-01-12 04:00:00+00:00,15.9790625,18.29007
2025-01-12 05:00:00+00:00,15.1175,20.27927
2025-01-12 06:00:00+00:00,21.38375,29.821827
2025-01-12 07:00:00+00:00,27.65,39.065445
2025-01-12 08:00:00+00:00,59.739999999999995,45.36017
2025-01-12 09:00:00+00:00,91.83000000000001,48.539494
2025-01-12 10:00:00+00:00,75.36791666666667,39.413296
2025-01-12 11:00:00+00:00,58.90583333333334,32.388863
2025-01-12 12:00:00+00:00,42.44375000000001,28.011879
2025-01-12 13:00:00+00:00,25.981666666666666,24.889656
2025-01-12 14:00:00+00:00,26.6503125,25.81775
2025-01-12 15:00:00+00:00,27.318958333333335,26.369587
2025-01-12 16:00:00+00:00,27.987604166666667,26.82507
2025-01-12 17:00:00+00:00,28.65625,26.366928
2025-01-12 18:00:00+00:00,27.3903125,26.247337
2025-01-12 19:00:00+00:00,26.124375,26.19071
2025-01-12 20:00:00+00:00,24.8584375,26.027128
2025-01-12 21:00:00+00:00,23.5925,26.35458
2025-01-12 22:00:00+00:00,23.3896875,24.529253
2025-01-12 23:00:00+00:00,23.186875,22.272886
2025-01-13 00:00:00+00:00,22.984062499999997,20.380693
2025-01-13 01:00:00+00:00,22.78125,19.227573
2025-01-13 02:00:00+00:00,22.650937499999998,18.36097
2025-01-13 03:00:00+00:00,22.520625,18.149014
2025-01-13 04:00:00+00:00,22.3903125,17.196266
2025-01-13 05:00:00+00:00,22.259999999999998,16.833664
2025-01-13 06:00:00+00:00,25.029999999999998,21.206043
2025-01-13 07:00:00+00:00,27.8,27.199343
2025-01-13 08:00:00+00:00,47.510000000000005,40.917442
2025-01-13 09:00:00+00:00,67.22,55.399414
2025-01-13 10:00:00+00:00,63.53583333333333,60.81069
2025-01-13 11:00:00+00:00,59.85166666666666,62.843834
2025-01-13 12:00:00+00:00,56.1675,63.603523
2025-01-13 13:00:00+00:00,52.48333333333333,61.09575
2025-01-13 14:00:00+00:00,44.763437499999995,46.619637
2025-01-13 15:00:00+00:00,37.04354166666666,35.207355
2025-01-13 16:00:00+00:00,29.323645833333334,27.106915
2025-01-13 17:00:00+00:00,21.60375,19.44786
2025-01-13 18:00:00+00:00,22.121875000000003,21.64062
2025-01-13 19:00:00+00:00,22.64,23.473639
2025-01-13 20:00:00+00:00,23.158125,24.581787
2025-01-13 21:00:00+00:00,23.67625,26.066837
2025-01-13 22:00:00+00:00,23.4525,25.169634
2025-01-13 23:00:00+00:00,23.228749999999998,24.955183
2025-01-14 00:00:00+00:00,23.005000000000003,25.387478
2025-01-14 01:00:00+00:00,22.78125,24.934052
2025-01-14 02:00:00+00:00,26.4884375,25.89219
2025-01-14 03:00:00+00:00,30.195625,26.068857
2025-01-14 04:00:00+00:00,33.902812499999996,24.844782
2025-01-14 05:00:00+00:00,37.61,24.000101
2025-01-14 06:00:00+00:00,33.3575,25.638376
2025-01-14 07:00:00+00:00,29.105,27.989605
2025-01-14 08:00:00+00:00,35.344375,32.642185
2025-01-14 09:00:00+00:00,41.58375,35.169693
2025-01-14 10:00:00+00:00,45.34489583333333,43.73849
2025-01-14 11:00:00+00:00,49.10604166666667,51.39071
2025-01-14 12:00:00+00:00,52.8671875,56.209675
2025-01-14 13:00:00+00:00,56.62833333333333,62.752068
2025-01-14 14:00:00+00:00,46.5496875,50.738293
2025-01-14 15:00:00+00:00,36.471041666666665,39.62413
2025-01-14 16:00:00+00:00,26.39239583333333,29.62098
2025-01-14 17:00:00+00:00,16.31375,17.40786
2025-01-14 18:00:00+00:00,18.2790625,19.000755
2025-01-14 19:00:00+00:00,20.244374999999998,20.702324
2025-01-14 20:00:00+00:00,22.2096875,22.084558
2025-01-14 21:00:00+00:00,24.175,23.969814
2025-01-14 22:00:00+00:00,24.2990625,24.116428
2025-01-14 23:00:00+00:00,24.423125,23.981022
2025-01-15 00:00:00+00:00,24.5471875,23.506342
2025-01-15 01:00:00+00:00,24.67125,22.505234
2025-01-15 02:00:00+00:00,25.361875,24.727192
2025-01-15 03:00:00+00:00,26.052500000000002,27.960926
2025-01-15 04:00:00+00:00,26.743125,34.400738
2025-01-15 05:00:00+00:00,27.43375,39.83206
2025-01-15 06:00:00+00:00,32.986875,34.267876
2025-01-15 07:00:00+00:00,38.54,28.448103
2025-01-15 08:00:00+00:00,34.398125,29.858715
2025-01-15 09:00:00+00:00,30.25625,30.781267
2025-01-15 10:00:00+00:00,26.8771875,31.606466
2025-01-15 11:00:00+00:00,23.498125,31.424145
2025-01-15 12:00:00+00:00,20.1190625,29.128304
2025-01-15 13:00:00+00:00,16.74,27.634905
2025-01-15 14:00:00+00:00,17.6421875,26.419296
2025-01-15 15:00:00+00:00,18.544375,25.920498
2025-01-15 16:00:00+00:00,19.4465625,24.492329
2025-01-15 17:00:00+00:00,20.34875,22.504782
2025-01-15 18:00:00+00:00,19.2221875,22.309093
2025-01-15 19:00:00+00:00,18.095625,21.337961
2025-01-15 20:00:00+00:00,16.9690625,20.04531
2025-01-15 21:00:00+00:00,15.8425,19.190231
2025-01-15 22:00:00+00:00,18.057187499999998,19.67051
2025-01-15 23:00:00+00:00,20.271874999999998,21.220312
2025-01-16 00:00:00+00:00,22.486562499999998,22.585888
2025-01-16 01:00:00+00:00,24.701249999999998,22.48904
2025-01-16 02:00:00+00:00,23.670312499999998,21.797855
2025-01-16 03:00:00+00:00,22.639375,21.37178
2025-01-16 04:00:00+00:00,21.6084375,20.8816
2025-01-16 05:00:00+00:00,20.5775,20.59653
2025-01-16 06:00:00+00:00,32.69125,20.10596
2025-01-16 07:00:00+00:00,44.805,19.740685
2025-01-16 08:00:00+00:00,30.45375,17.916443
2025-01-16 09:00:00+00:00,16.1025,15.754551
2025-01-16 10:00:00+00:00,25.706041666666668,22.142086
2025-01-16 11:00:00+00:00,35.309583333333336,27.862078
2025-01-16 12:00:00+00:00,44.913125000000015,32.265972
2025-01-16 13:00:00+00:00,54.51666666666667,36.710747
2025-01-16 14:00:00+00:00,44.28750000000001,32.043827
2025-01-16 15:00:00+00:00,34.05833333333334,27.363438
2025-01-16 16:00:00+00:00,23.82916666666667,23.011127
2025-01-16 17:00:00+00:00,13.6,18.571255
2025-01-16 18:00:00+00:00,16.6759375,19.915188
2025-01-16 19:00:00+00:00,19.751875,20.836388
2025-01-16 20:00:00+00:00,22.8278125,21.155373
2025-01-16 21:00:00+00:00,25.90375,21.284325
2025-01-16 22:00:00+00:00,25.5234375,22.632442
2025-01-16 23:00:00+00:00,25.143124999999998,24.252989
2025-01-17 00:00:00+00:00,24.7628125,25.43394
2025-01-17 01:00:00+00:00,24.3825,27.673012
2025-01-17 02:00:00+00:00,25.2271875,26.117294
2025-01-17 03:00:00+00:00,26.071875,24.024347
2025-01-17 04:00:00+00:00,26.9165625,23.083776
2025-01-17 05:00:00+00:00,27.76125,23.372734
2025-01-17 06:00:00+00:00,20.985625,28.421082
2025-01-17 07:00:00+00:00,14.21,35.335354
2025-01-17 08:00:00+00:00,25.025000000000002,32.04052
2025-01-17 09:00:00+00:00,35.84,25.69869
2025-01-17 10:00:00+00:00,38.0675,31.954912
2025-01-17 11:00:00+00:00,40.295,39.22723
2025-01-17 12:00:00+00:00,42.5225,45.84288
2025-01-17 13:00:00+00:00,44.75,52.920258
2025-01-17 14:00:00+00:00,38.188125,48.613625
2025-01-17 15:00:00+00:00,31.62625,40.112534
2025-01-17 16:00:00+00:00,25.064375000000002,32.168392
2025-01-17 17:00:00+00:00,18.5025,25.170952
2025-01-17 18:00:00+00:00,19.8584375,21.152607
2025-01-17 19:00:00+00:00,21.214375,20.3134
2025-01-17 20:00:00+00:00,22.570312499999996,21.49229
2025-01-17 21:00:00+00:00,23.92625,21.404612
2025-01-17 22:00:00+00:00,24.44625,23.109459
2025-01-17 23:00:00+00:00,24.966250000000002,24.14176
2025-01-18 00:00:00+00:00,25.486250000000002,24.81177
2025-01-18 01:00:00+00:00,26.00625,26.182508
2025-01-18 02:00:00+00:00,26.692187500000003,25.728123
2025-01-18 03:00:00+00:00,27.378125,25.49549
2025-01-18 04:00:00+00:00,28.0640625,23.860626
2025-01-18 05:00:00+00:00,28.75,22.280819
2025-01-18 06:00:00+00:00,24.415,21.618893
2025-01-18 07:00:00+00:00,20.08,22.107145
2025-01-18 08:00:00+00:00,42.936875,39.113495
2025-01-18 09:00:00+00:00,65.79375,57.384567
2025-01-18 10:00:00+00:00,56.6228125,54.684982
2025-01-18 11:00:00+00:00,47.451875,47.57463
2025-01-18 12:00:00+00:00,38.2809375,39.85474
2025-01-18 13:00:00+00:00,29.11,33.37684
2025-01-18 14:00:00+00:00,29.8578125,29.56526
2025-01-18 15:00:00+00:00,30.605625000000003,26.092531
2025-01-18 16:00:00+00:00,31.3534375,22.673134
2025-01-18 17:00:00+00:00,32.10125,18.988468
2025-01-18 18:00:00+00:00,28.0934375,17.779537
2025-01-18 19:00:00+00:00,24.085625,18.546959
2025-01-18 20:00:00+00:00,20.0778125,18.696777
2025-01-18 21:00:00+00:00,16.07,18.29794
2025-01-18 22:00:00+00:00,18.4959375,20.950966
2025-01-18 23:00:00+00:00,20.921875,23.500694
2025-01-19 00:00:00+00:00,23.3478125,25.948492
2025-01-19 01:00:00+00:00,25.77375,26.633505
2025-01-19 02:00:00+00:00,29.4390625,26.556545
2025-01-19 03:00:00+00:00,33.104375000000005,27.109667
2025-01-19 04:00:00+00:00,36.7696875,29.00769
2025-01-19 05:00:00+00:00,40.435,30.483929
2025-01-19 06:00:00+00:00,28.3625,28.689138
2025-01-19 07:00:00+00:00,16.29,25.921656
2025-01-19 08:00:00+00:00,23.7725,32.332863
2025-01-19 09:00:00+00:00,31.255,38.993546
2025-01-19 10:00:00+00:00,30.84583333333333,38.029816
2025-01-19 11:00:00+00:00,30.436666666666664,37.13345
2025-01-19 12:00:00+00:00,30.027500000000003,33.15113
2025-01-19 13:00:00+00:00,29.618333333333336,28.293867
2025-01-19 14:00:00+00:00,26.969062500000003,24.69682
2025-01-19 15:00:00+00:00,24.319791666666664,21.80235
2025-01-19 16:00:00+00:00,21.670520833333335,19.194473
2025-01-19 17:00:00+00:00,19.021250000000002,16.488953
2025-01-19 18:00:00+00:00,18.7375,17.010157
2025-01-19 19:00:00+00:00,18.45375,18.407587
2025-01-19 20:00:00+00:00,18.17,19.578897
2025-01-19 21:00:00+00:00,17.88625,21.296871
2025-01-19 22:00:00+00:00,20.3575,21.882666
2025-01-19 23:00:00+00:00,22.82875,21.499416
2025-01-20 00:00:00+00:00,25.3,21.553234
2025-01-20 01:00:00+00:00,27.771250000000002,20.5503
2025-01-20 02:00:00+00:00,28.7340625,22.554638
2025-01-20 03:00:00+00:00,29.696875000000002,24.887903
2025-01-20 04:00:00+00:00,30.659687500000004,26.744984
2025-01-20 05:00:00+00:00,31.622500000000002,28.62601
2025-01-20 06:00:00+00:00,38.83375000000001,22.961266
2025-01-20 07:00:00+00:00,46.045,16.17714
2025-01-20 08:00:00+00:00,37.60625,24.406519
2025-01-20 09:00:00+00:00,29.167499999999997,32.729782
2025-01-20 10:00:00+00:00,25.156041666666667,32.229477
2025-01-20 11:00:00+00:00,21.144583333333333,31.460705
2025-01-20 12:00:00+00:00,17.133125,28.604477
2025-01-20 13:00:00+00:00,13.121666666666668,26.403355
2025-01-20 14:00:00+00:00,18.006250000000005,27.649727
2025-01-20 15:00:00+00:00,22.890833333333333,28.626444
2025-01-20 16:00:00+00:00,27.775416666666665,30.926184
2025-01-20 17:00:00+00:00,32.66,32.491142
2025-01-20 18:00:00+00:00,27.046562499999993,28.072874
2025-01-20 19:00:00+00:00,21.433124999999997,23.49527
2025-01-20 20:00:00+00:00,15.8196875,20.097748
2025-01-20 21:00:00+00:00,10.20625,16.691208
2025-01-20 22:00:00+00:00,16.281875,19.234056
2025-01-20 23:00:00+00:00,22.3575,22.577982
2025-01-21 00:00:00+00:00,28.433125,25.591726
2025-01-21 01:00:00+00:00,34.50875,28.997103
2025-01-21 02:00:00+00:00,33.17375,30.412197
2025-01-21 03:00:00+00:00,31.838749999999997,31.462822
2025-01-21 04:00:00+00:00,30.50375,31.465277
2025-01-21 05:00:00+00:00,29.16875,31.790073
2025-01-21 06:00:00+00:00,40.331875000000004,38.975418
2025-01-21 07:00:00+00:00,51.495000000000005,45.435974
2025-01-21 08:00:00+00:00,38.843125,38.788788
2025-01-21 09:00:00+00:00,26.19125,30.207777
2025-01-21 10:00:00+00:00,28.200520833333332,26.964262
2025-01-21 11:00:00+00:00,30.209791666666668,25.150553
2025-01-21 12:00:00+00:00,32.2190625,24.397575
2025-01-21 13:00:00+00:00,34.22833333333333,23.42804
2025-01-21 14:00:00+00:00,32.37375,24.57123
2025-01-21 15:00:00+00:00,30.519166666666667,27.297771
2025-01-21 16:00:00+00:00,28.664583333333333,26.944813
2025-01-21 17:00:00+00:00,26.810000000000002,26.769604
2025-01-21 18:00:00+00:00,23.602500000000003,25.184044
2025-01-21 19:00:00+00:00,20.395000000000003,22.911549
2025-01-21 20:00:00+00:00,17.1875,18.885017
2025-01-21 21:00:00+00:00,13.98,14.937711
2025-01-21 22:00:00+00:00,16.2696875,17.519005
2025-01-21 23:00:00+00:00,18.559375,20.677498
2025-01-22 00:00:00+00:00,20.8490625,21.909346
2025-01-22 01:00:00+00:00,23.138749999999998,25.667454
2025-01-22 02:00:00+00:00,25.326249999999998,25.87069
2025-01-22 03:00:00+00:00,27.513749999999998,25.53087
2025-01-22 04:00:00+00:00,29.70125,26.852327
2025-01-22 05:00:00+00:00,31.888749999999998,27.700441
2025-01-22 06:00:00+00:00,32.181875000000005,37.429653
2025-01-22 07:00:00+00:00,32.475,48.39466
2025-01-22 08:00:00+00:00,29.080624999999998,40.245293
2025-01-22 09:00:00+00:00,25.686249999999998,28.95878
2025-01-22 10:00:00+00:00,31.400104166666665,35.62166
2025-01-22 11:00:00+00:00,37.11395833333333,44.5839
2025-01-22 12:00:00+00:00,42.82781249999999,54.24465
2025-01-22 13:00:00+00:00,48.541666666666664,62.373375
2025-01-22 14:00:00+00:00,42.0703125,52.274696
2025-01-22 15:00:00+00:00,35.59895833333333,41.824947
2025-01-22 16:00:00+00:00,29.127604166666664,32.683388
2025-01-22 17:00:00+00:00,22.65625,23.498579
2025-01-22 18:00:00+00:00,24.817812500000002,22.712135
2025-01-22 19:00:00+00:00,26.979375,22.52029
2025-01-22 20:00:00+00:00,29.1409375,21.237991
2025-01-22 21:00:00+00:00,31.302500000000002,20.349972
2025-01-22 22:00:00+00:00,28.810000000000002,19.92736
2025-01-22 23:00:00+00:00,26.317500000000003,19.354485
2025-01-23 00:00:00+00:00,23.825,18.886948
2025-01-23 01:00:00+00:00,21.3325,18.197227
2025-01-23 02:00:00+00:00,24.065,20.526785
2025-01-23 03:00:00+00:00,26.7975,23.497747
2025-01-23 04:00:00+00:00,29.53,26.914356
2025-01-23 05:00:00+00:00,32.2625,30.736225
2025-01-23 06:00:00+00:00,29.63625,33.32335
2025-01-23 07:00:00+00:00,27.009999999999994,36.325706
2025-01-23 08:00:00+00:00,30.493125,37.125633
2025-01-23 09:00:00+00:00,33.97625,36.02964
2025-01-23 10:00:00+00:00,32.47677083333333,34.151592
2025-01-23 11:00:00+00:00,30.977291666666666,31.433355
2025-01-23 12:00:00+00:00,29.477812500000002,28.825394
2025-01-23 13:00:00+00:00,27.978333333333335,27.483795
2025-01-23 14:00:00+00:00,26.810312500000002,26.94053
2025-01-23 15:00:00+00:00,25.642291666666665,26.925806
2025-01-23 16:00:00+00:00,24.474270833333332,25.8485
2025-01-23 17:00:00+00:00,23.30625,24.811674
2025-01-23 18:00:00+00:00,21.8709375,25.376232
2025-01-23 19:00:00+00:00,20.435624999999998,24.602728
2025-01-23 20:00:00+00:00,19.0003125,21.844748
2025-01-23 21:00:00+00:00,17.565,19.105358
2025-01-23 22:00:00+00:00,18.318125000000002,19.600645
2025-01-23 23:00:00+00:00,19.07125,20.319744
2025-01-24 00:00:00+00:00,19.824375,21.789753
2025-01-24 01:00:00+00:00,20.5775,21.925508
2025-01-24 02:00:00+00:00,28.7925,24.600967
2025-01-24 03:00:00+00:00,37.0075,27.05523
2025-01-24 04:00:00+00:00,45.2225,29.265789
2025-01-24 05:00:00+00:00,53.4375,32.09761
2025-01-24 06:00:00+00:00,45.78875,31.048773
2025-01-24 07:00:00+00:00,38.14,28.460182
2025-01-24 08:00:00+00:00,35.376875,37.654976
2025-01-24 09:00:00+00:00,32.61375,47.612236
2025-01-24 10:00:00+00:00,30.09572916666667,45.81626
2025-01-24 11:00:00+00:00,27.577708333333334,43.487095
2025-01-24 12:00:00+00:00,25.059687500000003,38.09097
2025-01-24 13:00:00+00:00,22.541666666666668,32.05448
2025-01-24 14:00:00+00:00,20.488125,24.301289
2025-01-24 15:00:00+00:00,18.434583333333336,17.336025
2025-01-24 16:00:00+00:00,16.38104166666667,13.67609
2025-01-24 17:00:00+00:00,14.3275,11.091265
2025-01-24 18:00:00+00:00,17.2875,16.152098
2025-01-24 19:00:00+00:00,20.247500000000002,20.724066
2025-01-24 20:00:00+00:00,23.2075,24.833704
2025-01-24 21:00:00+00:00,26.1675,29.122133
2025-01-24 22:00:00+00:00,22.2971875,25.489388
2025-01-24 23:00:00+00:00,18.426875,21.869816
2025-01-25 00:00:00+00:00,14.5565625,19.259161
2025-01-25 01:00:00+00:00,10.68625,17.873144
2025-01-25 02:00:00+00:00,23.607187500000002,25.302914
2025-01-25 03:00:00+00:00,36.528125,33.91798
2025-01-25 04:00:00+00:00,49.449062500000004,41.499004
2025-01-25 05:00:00+00:00,62.370000000000005,46.652496
2025-01-25 06:00:00+00:00,38.727500000000006,41.492805
2025-01-25 07:00:00+00:00,15.085,35.572327
2025-01-25 08:00:00+00:00,24.498125,35.874035
2025-01-25 09:00:00+00:00,33.911249999999995,36.52771
2025-01-25 10:00:00+00:00,31.96177083333333,34.89074
2025-01-25 11:00:00+00:00,30.01229166666666,33.933968
2025-01-25 12:00:00+00:00,28.0628125,31.62923
2025-01-25 13:00:00+00:00,26.113333333333333,29.369076
2025-01-25 14:00:00+00:00,26.509999999999998,28.033176
2025-01-25 15:00:00+00:00,26.906666666666666,27.277569
2025-01-25 16:00:00+00:00,27.303333333333335,27.638302
2025-01-25 17:00:00+00:00,27.7,27.280363
2025-01-25 18:00:00+00:00,26.8440625,26.243982
2025-01-25 19:00:00+00:00,25.988125,25.290565
2025-01-25 20:00:00+00:00,25.132187499999997,24.56265
2025-01-25 21:00:00+00:00,24.276249999999997,23.61261
2025-01-25 22:00:00+00:00,22.2659375,22.428925
2025-01-25 23:00:00+00:00,20.255625,20.086056
2025-01-26 00:00:00+00:00,18.245312499999997,17.395058
2025-01-26 01:00:00+00:00,16.235,14.602879
2025-01-26 02:00:00+00:00,18.7128125,19.712831
2025-01-26 03:00:00+00:00,21.190625,24.853226
2025-01-26 04:00:00+00:00,23.668437500000003,27.77363
2025-01-26 05:00:00+00:00,26.146250000000002,30.512896
2025-01-26 06:00:00+00:00,25.305625000000003,25.994629
2025-01-26 07:00:00+00:00,24.465000000000003,19.358986
2025-01-26 08:00:00+00:00,29.6275,26.043293
2025-01-26 09:00:00+00:00,34.79,34.39394
2025-01-26 10:00:00+00:00,32.335,32.378967
2025-01-26 11:00:00+00:00,29.88,30.082476
2025-01-26 12:00:00+00:00,27.424999999999997,28.29228
2025-01-26 13:00:00+00:00,24.97,26.14414
2025-01-26 14:00:00+00:00,26.3128125,28.65034
2025-01-26 15:00:00+00:00,27.655625,30.811197
2025-01-26 16:00:00+00:00,28.9984375,31.175362
2025-01-26 17:00:00+00:00,30.34125,31.856354
2025-01-26 18:00:00+00:00,27.2578125,29.004305
2025-01-26 19:00:00+00:00,24.174375,26.015411
2025-01-26 20:00:00+00:00,21.090937500000003,24.739698
2025-01-26 21:00:00+00:00,18.0075,22.910124
2025-01-26 22:00:00+00:00,22.073124999999997,24.23251
2025-01-26 23:00:00+00:00,26.138749999999998,24.946936
2025-01-27 00:00:00+00:00,30.204375,25.157064
2025-01-27 01:00:00+00:00,34.269999999999996,27.577963
2025-01-27 02:00:00+00:00,36.13562499999999,28.057985
2025-01-27 03:00:00+00:00,38.00125,27.69335
2025-01-27 04:00:00+00:00,39.866875,27.18407
2025-01-27 05:00:00+00:00,41.7325,26.12698
2025-01-27 06:00:00+00:00,33.463750000000005,25.800486
2025-01-27 07:00:00+00:00,25.195,25.146038
2025-01-27 08:00:00+00:00,27.2925,29.133009
2025-01-27 09:00:00+00:00,29.39,32.897335
2025-01-27 10:00:00+00:00,30.405833333333334,31.936516
2025-01-27 11:00:00+00:00,31.421666666666667,30.964308
2025-01-27 12:00:00+00:00,32.4375,28.903687
2025-01-27 13:00:00+00:00,33.45333333333333,27.592712
2025-01-27 14:00:00+00:00,30.700624999999995,27.465424
2025-01-27 15:00:00+00:00,27.947916666666664,27.554745
2025-01-27 16:00:00+00:00,25.195208333333333,26.824308
2025-01-27 17:00:00+00:00,22.4425,24.801699
2025-01-27 18:00:00+00:00,21.5890625,23.213993
2025-01-27 19:00:00+00:00,20.735625,21.796621
2025-01-27 20:00:00+00:00,19.8821875,19.967693
2025-01-27 21:00:00+00:00,19.028750000000002,19.25668
2025-01-27 22:00:00+00:00,18.993437500000002,19.832943
2025-01-27 23:00:00+00:00,18.958125000000003,19.946543
2025-01-28 00:00:00+00:00,18.9228125,19.25045
2025-01-28 01:00:00+00:00,18.8875,21.04843
2025-01-28 02:00:00+00:00,21.4571875,24.671238
2025-01-28 03:00:00+00:00,24.026874999999997,28.457918
2025-01-28 04:00:00+00:00,26.5965625,31.038965
2025-01-28 05:00:00+00:00,29.16625,33.127857
2025-01-28 06:00:00+00:00,29.000625000000003,33.574547
2025-01-28 07:00:00+00:00,28.835,32.623287
2025-01-28 08:00:00+00:00,43.78375,37.78985
2025-01-28 09:00:00+00:00,58.7325,43.90047
2025-01-28 10:00:00+00:00,50.19729166666667,41.752003
2025-01-28 11:00:00+00:00,41.662083333333335,38.48091
2025-01-28 12:00:00+00:00,33.126875,34.74955
2025-01-28 13:00:00+00:00,24.59166666666667,31.037218
2025-01-28 14:00:00+00:00,24.544687500000002,29.045708
2025-01-28 15:00:00+00:00,24.497708333333335,26.851322
2025-01-28 16:00:00+00:00,24.450729166666665,24.605291
2025-01-28 17:00:00+00:00,24.40375,22.439344
2025-01-28 18:00:00+00:00,21.440312499999997,19.768547
2025-01-28 19:00:00+00:00,18.476875,17.41159
2025-01-28 20:00:00+00:00,15.5134375,15.743707
2025-01-28 21:00:00+00:00,12.55,15.695638
2025-01-28 22:00:00+00:00,17.6128125,18.175922
2025-01-28 23:00:00+00:00,22.675624999999997,19.278984
2025-01-29 00:00:00+00:00,27.738437499999996,19.575218
2025-01-29 01:00:00+00:00,32.801249999999996,22.480331
2025-01-29 02:00:00+00:00,28.097499999999997,21.0998
2025-01-29 03:00:00+00:00,23.393749999999997,21.734722
2025-01-29 04:00:00+00:00,18.689999999999998,23.475874
2025-01-29 05:00:00+00:00,13.98625,24.627338
2025-01-29 06:00:00+00:00,20.648125,29.157413
2025-01-29 07:00:00+00:00,27.31,30.791729
2025-01-29 08:00:00+00:00,34.668124999999996,44.48028
2025-01-29 09:00:00+00:00,42.02625,62.2062
2025-01-29 10:00:00+00:00,37.56802083333333,55.43223
2025-01-29 11:00:00+00:00,33.109791666666666,45.179962
2025-01-29 12:00:00+00:00,28.6515625,36.67623
2025-01-29 13:00:00+00:00,24.19333333333333,28.956814
2025-01-29 14:00:00+00:00,23.308437499999997,27.09361
2025-01-29 15:00:00+00:00,22.423541666666665,26.7459
2025-01-29 16:00:00+00:00,21.53864583333333,26.369642
2025-01-29 17:00:00+00:00,20.65375,25.061895
2025-01-29 18:00:00+00:00,21.9215625,25.25424
2025-01-29 19:00:00+00:00,23.189375,25.131617
2025-01-29 20:00:00+00:00,24.4571875,23.820833
2025-01-29 21:00:00+00:00,25.725,24.022924
2025-01-29 22:00:00+00:00,26.35125,24.883427
2025-01-29 23:00:00+00:00,26.9775,26.030876
2025-01-30 00:00:00+00:00,27.60375,26.343378
2025-01-30 01:00:00+00:00,28.23,25.963459
2025-01-30 02:00:00+00:00,26.32375,25.36938
2025-01-30 03:00:00+00:00,24.4175,24.89219
2025-01-30 04:00:00+00:00,22.51125,24.345295
2025-01-30 05:00:00+00:00,20.605,22.98014
2025-01-30 06:00:00+00:00,23.575000000000003,24.735107
2025-01-30 07:00:00+00:00,26.545,25.797993
2025-01-30 08:00:00+00:00,26.496875000000003,26.555365
2025-01-30 09:00:00+00:00,26.44875,28.072346
2025-01-30 10:00:00+00:00,27.135312499999998,27.214275
2025-01-30 11:00:00+00:00,27.821875,27.562866
2025-01-30 12:00:00+00:00,28.508437499999996,28.234835
2025-01-30 13:00:00+00:00,29.194999999999997,28.413523
2025-01-30 14:00:00+00:00,27.228125,27.126863
2025-01-30 15:00:00+00:00,25.261249999999997,25.044497
2025-01-30 16:00:00+00:00,23.294374999999995,24.010479
2025-01-30 17:00:00+00:00,21.3275,22.536137
2025-01-30 18:00:00+00:00,23.1028125,23.717424
2025-01-30 19:00:00+00:00,24.878125,24.78061
2025-01-30 20:00:00+00:00,26.653437500000003,26.393166
2025-01-30 21:00:00+00:00,28.42875,28.504171
2025-01-30 22:00:00+00:00,27.638437500000002,26.095942
2025-01-30 23:00:00+00:00,26.848125000000003,24.067154
2025-01-31 00:00:00+00:00,26.057812499999997,22.549692
2025-01-31 01:00:00+00:00,25.2675,20.471382
2025-01-31 02:00:00+00:00,28.141875,24.82164
2025-01-31 03:00:00+00:00,31.016250000000003,29.555765
2025-01-31 04:00:00+00:00,33.890625,33.98105
2025-01-31 05:00:00+00:00,36.765,40.12498
2025-01-31 06:00:00+00:00,24.4575,42.146744
2025-01-31 07:00:00+00:00,12.15,41.506424
2025-01-31 08:00:00+00:00,24.880625,41.16621
2025-01-31 09:00:00+00:00,37.61125,38.674023
2025-01-31 10:00:00+00:00,34.91927083333333,33.690693
2025-01-31 11:00:00+00:00,32.227291666666666,30.008394
2025-01-31 12:00:00+00:00,29.5353125,26.983707
2025-01-31 13:00:00+00:00,26.843333333333334,25.39799
2025-01-31 14:00:00+00:00,26.175625,26.319212
2025-01-31 15:00:00+00:00,25.50791666666667,26.37628
2025-01-31 16:00:00+00:00,24.840208333333333,25.554203
2025-01-31 17:00:00+00:00,24.1725,25.57543
2025-01-31 18:00:00+00:00,23.357187500000006,24.985058
2025-01-31 19:00:00+00:00,22.541875,23.898195
2025-01-31 20:00:00+00:00,21.7265625,22.888195
2025-01-31 21:00:00+00:00,20.911250000000003,22.256348
2025-01-31 22:00:00+00:00,21.956562500000004,21.395962
2025-01-31 23:00:00+00:00,23.001875,21.48124
2025-02-01 00:00:00+00:00,24.0471875,21.353996
2025-02-01 01:00:00+00:00,25.0925,21.3468
2025-02-01 02:00:00+00:00,26.093125,21.942709
2025-02-01 03:00:00+00:00,27.09375,21.459553
2025-02-01 04:00:00+00:00,28.094375,20.859398
2025-02-01 05:00:00+00:00,29.095,21.144281
2025-02-01 06:00:00+00:00,31.15,19.013401
2025-02-01 07:00:00+00:00,33.205,17.346098
2025-02-01 08:00:00+00:00,30.656875,23.248106
2025-02-01 09:00:00+00:00,28.10875,28.96024
2025-02-01 10:00:00+00:00,31.9890625,35.23301
2025-02-01 11:00:00+00:00,35.869375,41.127968
2025-02-01 12:00:00+00:00,39.74968749999999,49.74887
2025-02-01 13:00:00+00:00,43.629999999999995,57.16548
2025-02-01 14:00:00+00:00,39.6884375,48.33882
2025-02-01 15:00:00+00:00,35.74687499999999,39.754974
2025-02-01 16:00:00+00:00,31.8053125,31.683613
2025-02-01 17:00:00+00:00,27.863749999999996,23.006054
2025-02-01 18:00:00+00:00,26.7065625,22.596792
2025-02-01 19:00:00+00:00,25.549374999999998,22.640408
2025-02-01 20:00:00+00:00,24.3921875,24.36175
2025-02-01 21:00:00+00:00,23.235,25.900719
2025-02-01 22:00:00+00:00,21.2278125,23.414635
2025-02-01 23:00:00+00:00,19.220625,21.29166
2025-02-02 00:00:00+00:00,17.213437499999998,20.36548
2025-02-02 01:00:00+00:00,15.206249999999999,21.234272
2025-02-02 02:00:00+00:00,23.1778125,26.179266
2025-02-02 03:00:00+00:00,31.149375,30.589565
2025-02-02 04:00:00+00:00,39.120937500000004,35.988274
2025-02-02 05:00:00+00:00,47.092499999999994,41.303154
2025-02-02 06:00:00+00:00,28.668750000000003,35.434284
2025-02-02 07:00:00+00:00,10.245000000000003,28.209393
2025-02-02 08:00:00+00:00,13.260625000000001,24.023914
2025-02-02 09:00:00+00:00,16.27625,19.610268
2025-02-02 10:00:00+00:00,20.386354166666667,23.001257
2025-02-02 11:00:00+00:00,24.496458333333337,26.443243
2025-02-02 12:00:00+00:00,28.606562500000003,29.269217
2025-02-02 13:00:00+00:00,32.71666666666667,33.112396
2025-02-02 14:00:00+00:00,32.065937500000004,31.05362
2025-02-02 15:00:00+00:00,31.415208333333332,29.13806
2025-02-02 16:00:00+00:00,30.764479166666668,28.546848
2025-02-02 17:00:00+00:00,30.11375,27.373922
2025-02-02 18:00:00+00:00,27.266875,25.564898
2025-02-02 19:00:00+00:00,24.42,23.61822
2025-02-02 20:00:00+00:00,21.573125,22.09859
2025-02-02 21:00:00+00:00,18.72625,20.820932
2025-02-02 22:00:00+00:00,21.338124999999998,22.105509
2025-02-02 23:00:00+00:00,23.95,23.508974
2025-02-03 00:00:00+00:00,26.561875000000004,25.302807
2025-02-03 01:00:00+00:00,29.17375,26.229069
2025-02-03 02:00:00+00:00,32.0846875,29.119726
2025-02-03 03:00:00+00:00,34.995625,31.00262
2025-02-03 04:00:00+00:00,37.90656249999999,32.805588
2025-02-03 05:00:00+00:00,40.817499999999995,34.65874
2025-02-03 06:00:00+00:00,23.308749999999996,23.472406
2025-02-03 07:00:00+00:00,5.8,12.485247
2025-02-03 08:00:00+00:00,12.55125,17.544569
2025-02-03 09:00:00+00:00,19.302500000000002,23.077785
2025-02-03 10:00:00+00:00,21.001458333333336,25.272486
2025-02-03 11:00:00+00:00,22.70041666666667,27.425114
2025-02-03 12:00:00+00:00,24.399375,27.759846
2025-02-03 13:00:00+00:00,26.098333333333333,27.778728
2025-02-03 14:00:00+00:00,26.8325,27.086653
2025-02-03 15:00:00+00:00,27.566666666666666,26.629715
2025-02-03 16:00:00+00:00,28.300833333333333,26.496414
2025-02-03 17:00:00+00:00,29.035,27.23201
2025-02-03 18:00:00+00:00,26.96125,26.068699
2025-02-03 19:00:00+00:00,24.887500000000003,24.064278
2025-02-03 20:00:00+00:00,22.813750000000002,21.772348
2025-02-03 21:00:00+00:00,20.740000000000002,19.667255
2025-02-03 22:00:00+00:00,22.8184375,21.658045
2025-02-03 23:00:00+00:00,24.896875,24.48958
2025-02-04 00:00:00+00:00,26.9753125,28.02172
2025-02-04 01:00:00+00:00,29.05375,32.34318
2025-02-04 02:00:00+00:00,31.8684375,31.925756
2025-02-04 03:00:00+00:00,34.683125000000004,30.383286
2025-02-04 04:00:00+00:00,37.4978125,32.836987
2025-02-04 05:00:00+00:00,40.3125,35.435303
2025-02-04 06:00:00+00:00,28.86875,28.765411
2025-02-04 07:00:00+00:00,17.425,20.535683
2025-02-04 08:00:00+00:00,28.988750000000003,23.933443
2025-02-04 09:00:00+00:00,40.5525,27.889305
2025-02-04 10:00:00+00:00,37.936875,26.648594
2025-02-04 11:00:00+00:00,35.32125,26.136385
2025-02-04 12:00:00+00:00,32.705625,26.762505
2025-02-04 13:00:00+00:00,30.09,28.613617
2025-02-04 14:00:00+00:00,28.72625,29.117723
2025-02-04 15:00:00+00:00,27.362499999999997,29.104813
2025-02-04 16:00:00+00:00,25.998749999999998,27.169395
2025-02-04 17:00:00+00:00,24.635,24.018469
2025-02-04 18:00:00+00:00,23.9071875,24.506891
2025-02-04 19:00:00+00:00,23.179375,24.794243
2025-02-04 20:00:00+00:00,22.451562499999998,23.539614
2025-02-04 21:00:00+00:00,21.72375,22.793676
2025-02-04 22:00:00+00:00,21.8375,22.981728
2025-02-04 23:00:00+00:00,21.95125,22.887701
2025-02-05 00:00:00+00:00,22.065,22.665764
2025-02-05 01:00:00+00:00,22.17875,21.175879
2025-02-05 02:00:00+00:00,24.3846875,23.044575
2025-02-05 03:00:00+00:00,26.590625,25.886057
2025-02-05 04:00:00+00:00,28.7965625,28.590225
2025-02-05 05:00:00+00:00,31.002499999999998,30.555641
2025-02-05 06:00:00+00:00,27.963749999999997,25.160292
2025-02-05 07:00:00+00:00,24.925,17.646622
2025-02-05 08:00:00+00:00,33.52,25.655851
2025-02-05 09:00:00+00:00,42.115,36.04986
2025-02-05 10:00:00+00:00,38.59166666666667,36.295033
2025-02-05 11:00:00+00:00,35.068333333333335,35.677162
2025-02-05 12:00:00+00:00,31.544999999999998,32.904892
2025-02-05 13:00:00+00:00,28.021666666666665,29.151457
2025-02-05 14:00:00+00:00,28.654374999999998,27.838406
2025-02-05 15:00:00+00:00,29.287083333333335,26.940878
2025-02-05 16:00:00+00:00,29.91979166666667,27.808493
2025-02-05 17:00:00+00:00,30.552500000000002,29.036959
2025-02-05 18:00:00+00:00,29.384375000000002,27.270473
2025-02-05 19:00:00+00:00,28.216250000000002,25.591354
2025-02-05 20:00:00+00:00,27.048125,24.849236
2025-02-05 21:00:00+00:00,25.88,24.042248
2025-02-05 22:00:00+00:00,25.870625,24.050583
2025-02-05 23:00:00+00:00,25.86125,24.161615
2025-02-06 00:00:00+00:00,25.851875,24.45247
2025-02-06 01:00:00+00:00,25.8425,24.28156
2025-02-06 02:00:00+00:00,24.0021875,23.197016
2025-02-06 03:00:00+00:00,22.161875000000002,23.111782
2025-02-06 04:00:00+00:00,20.3215625,22.357763
2025-02-06 05:00:00+00:00,18.48125,21.767365
2025-02-06 06:00:00+00:00,18.068125000000002,20.734922
2025-02-06 07:00:00+00:00,17.655,18.615963
2025-02-06 08:00:00+00:00,26.61625,29.485128
2025-02-06 09:00:00+00:00,35.5775,41.833218
2025-02-06 10:00:00+00:00,29.677708333333335,36.3804
2025-02-06 11:00:00+00:00,23.777916666666666,30.183107
2025-02-06 12:00:00+00:00,17.878124999999997,25.56988
2025-02-06 13:00:00+00:00,11.978333333333333,20.495247
2025-02-06 14:00:00+00:00,14.8325,21.13676
2025-02-06 15:00:00+00:00,17.686666666666667,22.36594
2025-02-06 16:00:00+00:00,20.54083333333333,23.657675
2025-02-06 17:00:00+00:00,23.395,25.28348
2025-02-06 18:00:00+00:00,24.8671875,25.63184
2025-02-06 19:00:00+00:00,26.339374999999997,25.742393
2025-02-06 20:00:00+00:00,27.811562499999997,25.617168
2025-02-06 21:00:00+00:00,29.28375,25.52954
2025-02-06 22:00:00+00:00,27.124374999999997,24.691013
2025-02-06 23:00:00+00:00,24.964999999999996,23.373306
2025-02-07 00:00:00+00:00,22.805625,22.305109
2025-02-07 01:00:00+00:00,20.64625,21.088402
2025-02-07 02:00:00+00:00,24.0878125,25.422253
2025-02-07 03:00:00+00:00,27.529375,31.130016
2025-02-07 04:00:00+00:00,30.9709375,35.717587
2025-02-07 05:00:00+00:00,34.4125,37.564556
2025-02-07 06:00:00+00:00,31.028750000000002,28.05455
2025-02-07 07:00:00+00:00,27.645,17.537495
2025-02-07 08:00:00+00:00,29.442500000000003,24.275112
2025-02-07 09:00:00+00:00,31.240000000000002,33.26876
2025-02-07 10:00:00+00:00,26.97416666666667,30.406681
2025-02-07 11:00:00+00:00,22.708333333333336,26.926126
2025-02-07 12:00:00+00:00,18.442500000000003,23.486992
2025-02-07 13:00:00+00:00,14.176666666666668,19.865091
2025-02-07 14:00:00+00:00,16.282500000000002,19.542168
2025-02-07 15:00:00+00:00,18.388333333333332,20.26198
2025-02-07 16:00:00+00:00,20.49416666666667,21.653965
2025-02-07 17:00:00+00:00,22.6,22.787292
2025-02-07 18:00:00+00:00,23.552187500000002,23.497135
2025-02-07 19:00:00+00:00,24.504375000000003,24.378529
2025-02-07 20:00:00+00:00,25.4565625,25.177816
2025-02-07 21:00:00+00:00,26.40875,26.81317
2025-02-07 22:00:00+00:00,25.816875,25.854597
2025-02-07 23:00:00+00:00,25.225,24.12834
2025-02-08 00:00:00+00:00,24.633125,22.108408
2025-02-08 01:00:00+00:00,24.04125,19.991043
2025-02-08 02:00:00+00:00,27.4365625,23.956825
2025-02-08 03:00:00+00:00,30.831875000000004,27.315365
2025-02-08 04:00:00+00:00,34.2271875,30.357077
2025-02-08 05:00:00+00:00,37.6225,32.69083
2025-02-08 06:00:00+00:00,25.808750000000003,21.99368
2025-02-08 07:00:00+00:00,13.995000000000001,12.756194
2025-02-08 08:00:00+00:00,28.378750000000004,25.640068
2025-02-08 09:00:00+00:00,42.762499999999996,38.409855
2025-02-08 10:00:00+00:00,45.281875,37.37406
2025-02-08 11:00:00+00:00,47.80125,34.802986
2025-02-08 12:00:00+00:00,50.32062500000001,34.096554
2025-02-08 13:00:00+00:00,52.84,34.102432
2025-02-08 14:00:00+00:00,46.394375000000004,31.720592
2025-02-08 15:00:00+00:00,39.948750000000004,29.30703
2025-02-08 16:00:00+00:00,33.503125,27.796759
2025-02-08 17:00:00+00:00,27.0575,24.978277
2025-02-08 18:00:00+00:00,26.580000000000002,23.786163
2025-02-08 19:00:00+00:00,26.1025,23.06743
2025-02-08 20:00:00+00:00,25.625,23.612915
2025-02-08 21:00:00+00:00,25.1475,24.489218
2025-02-08 22:00:00+00:00,25.0953125,23.31633
2025-02-08 23:00:00+00:00,25.043125,22.981592
2025-02-09 00:00:00+00:00,24.9909375,22.818153
2025-02-09 01:00:00+00:00,24.93875,23.36219
2025-02-09 02:00:00+00:00,24.86375,24.874527
2025-02-09 03:00:00+00:00,24.78875,26.284893
2025-02-09 04:00:00+00:00,24.71375,26.06949
2025-02-09 05:00:00+00:00,24.63875,25.872208
2025-02-09 06:00:00+00:00,27.604375,20.461815
2025-02-09 07:00:00+00:00,30.57,14.07105
2025-02-09 08:00:00+00:00,29.42125,24.75167
2025-02-09 09:00:00+00:00,28.2725,35.407616
2025-02-09 10:00:00+00:00,31.961041666666667,39.49695
2025-02-09 11:00:00+00:00,35.64958333333333,43.722183
2025-02-09 12:00:00+00:00,39.338125,46.4545
2025-02-09 13:00:00+00:00,43.026666666666664,48.676083
2025-02-09 14:00:00+00:00,38.01875,43.05361
2025-02-09 15:00:00+00:00,33.01083333333333,36.70457
2025-02-09 16:00:00+00:00,28.002916666666664,31.514519
2025-02-09 17:00:00+00:00,22.994999999999997,26.092497
2025-02-09 18:00:00+00:00,23.388437500000002,25.926668
2025-02-09 19:00:00+00:00,23.781875,25.894283
2025-02-09 20:00:00+00:00,24.175312500000004,26.965752
2025-02-09 21:00:00+00:00,24.56875,29.11081
2025-02-09 22:00:00+00:00,24.917187500000004,28.71988
2025-02-09 23:00:00+00:00,25.265625,28.232656
2025-02-10 00:00:00+00:00,25.614062499999996,28.091162
2025-02-10 01:00:00+00:00,25.9625,28.074545
2025-02-10 02:00:00+00:00,26.1775,27.836613
2025-02-10 03:00:00+00:00,26.392499999999995,27.89196
2025-02-10 04:00:00+00:00,26.607499999999998,28.910103
2025-02-10 05:00:00+00:00,26.822499999999998,30.12237
2025-02-10 06:00:00+00:00,27.57375,27.08911
2025-02-10 07:00:00+00:00,28.325000000000003,23.270653
2025-02-10 08:00:00+00:00,25.016875,22.65725
2025-02-10 09:00:00+00:00,21.70875,21.898426
2025-02-10 10:00:00+00:00,26.8378125,26.369633
2025-02-10 11:00:00+00:00,31.966875,31.460424
2025-02-10 12:00:00+00:00,37.095937500000005,35.017094
2025-02-10 13:00:00+00:00,42.225,37.456745
2025-02-10 14:00:00+00:00,35.4671875,31.70803
2025-02-10 15:00:00+00:00,28.709375,25.87697
2025-02-10 16:00:00+00:00,21.9515625,21.919472
2025-02-10 17:00:00+00:00,15.19375,17.468464
2025-02-10 18:00:00+00:00,16.55625,18.506514
2025-02-10 19:00:00+00:00,17.91875,19.918163
2025-02-10 20:00:00+00:00,19.28125,20.934414
2025-02-10 21:00:00+00:00,20.64375,22.526802
2025-02-10 22:00:00+00:00,24.129375,23.75114
2025-02-10 23:00:00+00:00,27.615000000000002,25.546267
2025-02-11 00:00:00+00:00,31.100625,27.406303
2025-02-11 01:00:00+00:00,34.58625,28.435534
2025-02-11 02:00:00+00:00,32.35625,27.231377
2025-02-11 03:00:00+00:00,30.12625,26.060219
2025-02-11 04:00:00+00:00,27.89625,25.328106
2025-02-11 05:00:00+00:00,25.666249999999998,24.77323
2025-02-11 06:00:00+00:00,25.490624999999998,27.612108
2025-02-11 07:00:00+00:00,25.314999999999998,30.571608
2025-02-11 08:00:00+00:00,30.294375,37.160892
2025-02-11 09:00:00+00:00,35.27375,41.84775
2025-02-11 10:00:00+00:00,35.6515625,38.826904
2025-02-11 11:00:00+00:00,36.029375,35.64228
2025-02-11 12:00:00+00:00,36.407187500000006,33.458366
2025-02-11 13:00:00+00:00,36.785000000000004,32.737473
2025-02-11 14:00:00+00:00,30.900937500000005,29.22953
2025-02-11 15:00:00+00:00,25.016875000000002,25.465485
2025-02-11 16:00:00+00:00,19.1328125,22.462528
2025-02-11 17:00:00+00:00,13.24875,18.963898
2025-02-11 18:00:00+00:00,15.4575,19.496368
2025-02-11 19:00:00+00:00,17.666249999999998,20.850986
2025-02-11 20:00:00+00:00,19.875,21.265293
2025-02-11 21:00:00+00:00,22.08375,21.71928
2025-02-11 22:00:00+00:00,23.4553125,23.015541
2025-02-11 23:00:00+00:00,24.826875,25.061695
2025-02-12 00:00:00+00:00,26.1984375,26.41728
2025-02-12 01:00:00+00:00,27.57,28.190006
2025-02-12 02:00:00+00:00,28.18625,28.346806
2025-02-12 03:00:00+00:00,28.802500000000002,27.798645
2025-02-12 04:00:00+00:00,29.41875,27.203115
2025-02-12 05:00:00+00:00,30.035,26.408886
2025-02-12 06:00:00+00:00,30.622500000000002,26.170694
2025-02-12 07:00:00+00:00,31.21,26.201727
2025-02-12 08:00:00+00:00,34.259375,26.264267
2025-02-12 09:00:00+00:00,37.308749999999996,28.509052
2025-02-12 10:00:00+00:00,37.71239583333333,33.284706
2025-02-12 11:00:00+00:00,38.11604166666667,34.58091
2025-02-12 12:00:00+00:00,38.5196875,36.033337
2025-02-12 13:00:00+00:00,38.92333333333334,39.593296
2025-02-12 14:00:00+00:00,35.74906250000001,39.96149
2025-02-12 15:00:00+00:00,32.57479166666667,39.348503
2025-02-12 16:00:00+00:00,29.40052083333334,38.69039
2025-02-12 17:00:00+00:00,26.22625,37.495777
2025-02-12 18:00:00+00:00,25.449375,34.34467
2025-02-12 19:00:00+00:00,24.6725,30.432728
2025-02-12 20:00:00+00:00,23.895625,27.130314
2025-02-12 21:00:00+00:00,23.11875,24.040392
2025-02-12 22:00:00+00:00,24.43,23.957073
2025-02-12 23:00:00+00:00,25.74125,24.566
2025-02-13 00:00:00+00:00,27.0525,24.892696
2025-02-13 01:00:00+00:00,28.36375,25.059137
2025-02-13 02:00:00+00:00,29.1478125,25.013613
2025-02-13 03:00:00+00:00,29.931874999999998,24.642456
2025-02-13 04:00:00+00:00,30.7159375,25.36913
2025-02-13 05:00:00+00:00,31.499999999999996,26.671377
2025-02-13 06:00:00+00:00,31.3425,26.647863
2025-02-13 07:00:00+00:00,31.185,26.345442
2025-02-13 08:00:00+00:00,31.79,31.769573
2025-02-13 09:00:00+00:00,32.394999999999996,37.31047
2025-02-13 10:00:00+00:00,30.49708333333333,37.06757
2025-02-13 11:00:00+00:00,28.59916666666666,35.266838
2025-02-13 12:00:00+00:00,26.701249999999998,31.713388
2025-02-13 13:00:00+00:00,24.80333333333333,28.86464
2025-02-13 14:00:00+00:00,25.1875,28.49787
2025-02-13 15:00:00+00:00,25.571666666666665,27.750801
2025-02-13 16:00:00+00:00,25.95583333333333,28.358349
2025-02-13 17:00:00+00:00,26.34,28.912746
2025-02-13 18:00:00+00:00,25.0225,26.72445
2025-02-13 19:00:00+00:00,23.704999999999995,24.955566
2025-02-13 20:00:00+00:00,22.3875,23.815403
2025-02-13 21:00:00+00:00,21.07,22.420183
2025-02-13 22:00:00+00:00,21.915625,23.300898
2025-02-13 23:00:00+00:00,22.76125,23.882408
2025-02-14 00:00:00+00:00,23.606875,24.649487
2025-02-14 01:00:00+00:00,24.4525,25.275583
2025-02-14 02:00:00+00:00,27.166249999999998,26.184847
2025-02-14 03:00:00+00:00,29.88,27.06074
2025-02-14 04:00:00+00:00,32.59375,30.035625
2025-02-14 05:00:00+00:00,35.3075,33.303455
2025-02-14 06:00:00+00:00,34.07375,33.246235
2025-02-14 07:00:00+00:00,32.839999999999996,32.680523
2025-02-14 08:00:00+00:00,33.04375,34.09981
2025-02-14 09:00:00+00:00,33.2475,35.271282
2025-02-14 10:00:00+00:00,30.248958333333338,32.77637
2025-02-14 11:00:00+00:00,27.250416666666666,30.05717
2025-02-14 12:00:00+00:00,24.251875000000002,26.948044
2025-02-14 13:00:00+00:00,21.253333333333334,23.666267
2025-02-14 14:00:00+00:00,22.846250000000005,23.064787
2025-02-14 15:00:00+00:00,24.439166666666665,22.693993
2025-02-14 16:00:00+00:00,26.032083333333333,23.234972
2025-02-14 17:00:00+00:00,27.625,24.410322
2025-02-14 18:00:00+00:00,24.2634375,23.023949
2025-02-14 19:00:00+00:00,20.901875,21.438667
2025-02-14 20:00:00+00:00,17.5403125,20.991985
2025-02-14 21:00:00+00:00,14.178749999999999,20.316002
2025-02-14 22:00:00+00:00,15.85,21.521412
2025-02-14 23:00:00+00:00,17.52125,22.122675
2025-02-15 00:00:00+00:00,19.1925,22.503515
2025-02-15 01:00:00+00:00,20.86375,23.140814
2025-02-15 02:00:00+00:00,26.871875,27.17878
2025-02-15 03:00:00+00:00,32.88,32.47874
2025-02-15 04:00:00+00:00,38.888125,40.977417
2025-02-15 05:00:00+00:00,44.89625000000001,48.116394
2025-02-15 06:00:00+00:00,30.095625000000002,46.05858
2025-02-15 07:00:00+00:00,15.295,41.6641
2025-02-15 08:00:00+00:00,21.796875,34.986565
2025-02-15 09:00:00+00:00,28.298750000000002,28.575184
2025-02-15 10:00:00+00:00,29.474895833333335,27.004116
2025-02-15 11:00:00+00:00,30.651041666666664,26.966219
2025-02-15 12:00:00+00:00,31.827187499999997,29.157791
2025-02-15 13:00:00+00:00,33.00333333333333,31.45793
2025-02-15 14:00:00+00:00,31.302812499999998,30.67689
2025-02-15 15:00:00+00:00,29.602291666666666,28.905756
2025-02-15 16:00:00+00:00,27.901770833333334,27.220703
2025-02-15 17:00:00+00:00,26.20125,25.332169
2025-02-15 18:00:00+00:00,22.480937500000003,23.163063
2025-02-15 19:00:00+00:00,18.760624999999997,20.324625
2025-02-15 20:00:00+00:00,15.0403125,17.448463
2025-02-15 21:00:00+00:00,11.32,15.810353
2025-02-15 22:00:00+00:00,14.445937499999998,17.368113
2025-02-15 23:00:00+00:00,17.571875,19.579697
2025-02-16 00:00:00+00:00,20.6978125,21.17918
2025-02-16 01:00:00+00:00,23.82375,22.851715
2025-02-16 02:00:00+00:00,25.5809375,25.212334
2025-02-16 03:00:00+00:00,27.338124999999994,27.05108
2025-02-16 04:00:00+00:00,29.0953125,29.217604
2025-02-16 05:00:00+00:00,30.8525,31.706945
2025-02-16 06:00:00+00:00,27.146250000000002,23.64255
2025-02-16 07:00:00+00:00,23.44,15.839346
2025-02-16 08:00:00+00:00,26.9775,25.038963
2025-02-16 09:00:00+00:00,30.515,33.2332
2025-02-16 10:00:00+00:00,33.36291666666666,33.702515
2025-02-16 11:00:00+00:00,36.21083333333333,33.63294
2025-02-16 12:00:00+00:00,39.05875,32.88791
2025-02-16 13:00:00+00:00,41.906666666666666,31.898008
2025-02-16 14:00:00+00:00,39.081875,29.71836
2025-02-16 15:00:00+00:00,36.257083333333334,28.458363
2025-02-16 16:00:00+00:00,33.432291666666664,27.542484
2025-02-16 17:00:00+00:00,30.607499999999998,26.811289
2025-02-16 18:00:00+00:00,28.055625,26.654654
2025-02-16 19:00:00+00:00,25.503749999999997,25.655848
2025-02-16 20:00:00+00:00,22.951874999999998,24.387684
2025-02-16 21:00:00+00:00,20.399999999999995,22.86419
2025-02-16 22:00:00+00:00,20.684375,23.272646
2025-02-16 23:00:00+00:00,20.96875,24.067656
2025-02-17 00:00:00+00:00,21.253125,24.078526
2025-02-17 01:00:00+00:00,21.5375,24.706715
2025-02-17 02:00:00+00:00,25.612812500000004,25.675127
2025-02-17 03:00:00+00:00,29.688125000000003,26.816593
2025-02-17 04:00:00+00:00,33.7634375,29.166502
2025-02-17 05:00:00+00:00,37.838750000000005,30.926228
2025-02-17 06:00:00+00:00,29.924375000000005,28.466972
2025-02-17 07:00:00+00:00,22.009999999999998,26.274628
2025-02-17 08:00:00+00:00,30.455,29.248352
2025-02-17 09:00:00+00:00,38.9,31.96425
2025-02-17 10:00:00+00:00,36.68625,32.195583
2025-02-17 11:00:00+00:00,34.4725,32.54795
2025-02-17 12:00:00+00:00,32.25875,31.7877
2025-02-17 13:00:00+00:00,30.044999999999998,30.025661
2025-02-17 14:00:00+00:00,27.91125,27.832445
2025-02-17 15:00:00+00:00,25.7775,25.686605
2025-02-17 16:00:00+00:00,23.64375,23.280062
2025-02-17 17:00:00+00:00,21.51,21.95063
2025-02-17 18:00:00+00:00,21.1134375,22.295025
2025-02-17 19:00:00+00:00,20.716875,22.484869
2025-02-17 20:00:00+00:00,20.3203125,22.359941
2025-02-17 21:00:00+00:00,19.92375,21.148067
2025-02-17 22:00:00+00:00,21.205,20.791283
2025-02-17 23:00:00+00:00,22.48625,21.065956
2025-02-18 00:00:00+00:00,23.7675,20.97548
2025-02-18 01:00:00+00:00,25.048749999999995,21.847946
2025-02-18 02:00:00+00:00,25.478749999999998,23.837255
2025-02-18 03:00:00+00:00,25.90875,25.86625
2025-02-18 04:00:00+00:00,26.33875,26.90586
2025-02-18 05:00:00+00:00,26.768750000000004,28.869179
2025-02-18 06:00:00+00:00,22.301875000000006,26.423338
2025-02-18 07:00:00+00:00,17.835,23.553885
2025-02-18 08:00:00+00:00,29.085625,33.465134
2025-02-18 09:00:00+00:00,40.33625000000001,43.038868
2025-02-18 10:00:00+00:00,38.682604166666664,40.803623
2025-02-18 11:00:00+00:00,37.028958333333335,37.94687
2025-02-18 12:00:00+00:00,35.37531250000001,36.57108
2025-02-18 13:00:00+00:00,33.72166666666667,35.750477
2025-02-18 14:00:00+00:00,29.922187500000003,32.224094
2025-02-18 15:00:00+00:00,26.12270833333334,27.627127
2025-02-18 16:00:00+00:00,22.323229166666668,23.470284
2025-02-18 17:00:00+00:00,18.52375,19.690842
2025-02-18 18:00:00+00:00,19.6596875,21.025301
2025-02-18 19:00:00+00:00,20.795625,22.95296
2025-02-18 20:00:00+00:00,21.9315625,23.57803
2025-02-18 21:00:00+00:00,23.0675,24.243744
2025-02-18 22:00:00+00:00,21.263749999999998,23.04452
2025-02-18 23:00:00+00:00,19.46,22.136389
2025-02-19 00:00:00+00:00,17.65625,19.913847
2025-02-19 01:00:00+00:00,15.8525,17.850292
2025-02-19 02:00:00+00:00,19.1071875,18.427118
2025-02-19 03:00:00+00:00,22.361874999999998,19.391762
2025-02-19 04:00:00+00:00,25.6165625,20.718342
2025-02-19 05:00:00+00:00,28.87125,22.53191
2025-02-19 06:00:00+00:00,26.445625,20.291735
2025-02-19 07:00:00+00:00,24.02,17.622288
2025-02-19 08:00:00+00:00,34.99375,27.925327
2025-02-19 09:00:00+00:00,45.9675,38.993668
2025-02-19 10:00:00+00:00,41.62520833333333,36.367134
2025-02-19 11:00:00+00:00,37.282916666666665,33.43302
2025-02-19 12:00:00+00:00,32.940625,31.378376
2025-02-19 13:00:00+00:00,28.598333333333333,29.374369
2025-02-19 14:00:00+00:00,27.444375,29.253479
2025-02-19 15:00:00+00:00,26.290416666666665,28.846106
2025-02-19 16:00:00+00:00,25.136458333333334,28.32011
2025-02-19 17:00:00+00:00,23.9825,27.322954
2025-02-19 18:00:00+00:00,24.239375000000003,26.448536
2025-02-19 19:00:00+00:00,24.496250000000003,25.592087
2025-02-19 20:00:00+00:00,24.753124999999997,24.230005
2025-02-19 21:00:00+00:00,25.01,23.027067
2025-02-19 22:00:00+00:00,21.916249999999998,21.051111
2025-02-19 23:00:00+00:00,18.8225,19.403938
2025-02-20 00:00:00+00:00,15.72875,17.64051
2025-02-20 01:00:00+00:00,12.635,16.835392
2025-02-20 02:00:00+00:00,15.8925,20.907007
2025-02-20 03:00:00+00:00,19.15,25.161894
2025-02-20 04:00:00+00:00,22.4075,30.186172
2025-02-20 05:00:00+00:00,25.665,35.207428
2025-02-20 06:00:00+00:00,58.56250000000001,24.493862
2025-02-20 07:00:00+00:00,91.46,13.436742
2025-02-20 08:00:00+00:00,64.858125,23.657146
2025-02-20 09:00:00+00:00,38.25625,34.248447
2025-02-20 10:00:00+00:00,36.35635416666667,35.484802
2025-02-20 11:00:00+00:00,34.45645833333333,36.439285
2025-02-20 12:00:00+00:00,32.5565625,35.422607
2025-02-20 13:00:00+00:00,30.656666666666666,34.194607
2025-02-20 14:00:00+00:00,29.615000000000002,34.099586
2025-02-20 15:00:00+00:00,28.573333333333334,33.532806
2025-02-20 16:00:00+00:00,27.531666666666666,33.39447
2025-02-20 17:00:00+00:00,26.490000000000002,32.33203
2025-02-20 18:00:00+00:00,27.184062500000003,30.537424
2025-02-20 19:00:00+00:00,27.878125,28.695616
2025-02-20 20:00:00+00:00,28.572187500000002,27.016222
2025-02-20 21:00:00+00:00,29.26625,25.803444
2025-02-20 22:00:00+00:00,26.6725,22.434505
2025-02-20 23:00:00+00:00,24.07875,18.765303
2025-02-21 00:00:00+00:00,21.485,17.964598
2025-02-21 01:00:00+00:00,18.891250000000003,19.651186
2025-02-21 02:00:00+00:00,20.9778125,20.546326
2025-02-21 03:00:00+00:00,23.064375,21.055447
2025-02-21 04:00:00+00:00,25.150937499999998,25.658325
2025-02-21 05:00:00+00:00,27.237499999999997,31.620022
2025-02-21 06:00:00+00:00,43.708749999999995,83.77823
2025-02-21 07:00:00+00:00,60.18,138.68015
2025-02-21 08:00:00+00:00,51.32625,102.17226
2025-02-21 09:00:00+00:00,42.4725,56.063786
2025-02-21 10:00:00+00:00,42.479375,44.982643
2025-02-21 11:00:00+00:00,42.48625,40.40985
2025-02-21 12:00:00+00:00,42.493125,42.47233
2025-02-21 13:00:00+00:00,42.5,41.97874
2025-02-21 14:00:00+00:00,38.2040625,37.103928
2025-02-21 15:00:00+00:00,33.908125,33.814682
2025-02-21 16:00:00+00:00,29.6121875,29.867735
2025-02-21 17:00:00+00:00,25.31625,25.570549
2025-02-21 18:00:00+00:00,24.00125,23.414371
2025-02-21 19:00:00+00:00,22.68625,21.663834
2025-02-21 20:00:00+00:00,21.37125,20.4034
2025-02-21 21:00:00+00:00,20.056249999999995,20.111633
2025-02-21 22:00:00+00:00,20.330624999999998,19.458084
2025-02-21 23:00:00+00:00,20.605,18.313131
2025-02-22 00:00:00+00:00,20.879375000000003,19.182545
2025-02-22 01:00:00+00:00,21.153750000000002,19.346054
2025-02-22 02:00:00+00:00,23.973437500000003,23.233696
2025-02-22 03:00:00+00:00,26.793125,26.963165
2025-02-22 04:00:00+00:00,29.612812499999993,29.630928
2025-02-22 05:00:00+00:00,32.4325,29.572332
2025-02-22 06:00:00+00:00,43.318749999999994,35.496624
2025-02-22 07:00:00+00:00,54.205,41.01016
2025-02-22 08:00:00+00:00,38.796875,34.063034
2025-02-22 09:00:00+00:00,23.38875,29.287928
2025-02-22 10:00:00+00:00,28.179895833333333,31.205233
2025-02-22 11:00:00+00:00,32.971041666666665,34.019394
2025-02-22 12:00:00+00:00,37.7621875,36.605568
2025-02-22 13:00:00+00:00,42.553333333333335,37.74312
2025-02-22 14:00:00+00:00,37.4515625,35.951324
2025-02-22 15:00:00+00:00,32.34979166666667,33.159283
2025-02-22 16:00:00+00:00,27.24802083333333,31.453102
2025-02-22 17:00:00+00:00,22.146250000000002,29.86492
2025-02-22 18:00:00+00:00,20.6871875,28.431332
2025-02-22 19:00:00+00:00,19.228125,25.903004
2025-02-22 20:00:00+00:00,17.769062500000004,22.936922
2025-02-22 21:00:00+00:00,16.31,20.49216
2025-02-22 22:00:00+00:00,18.9290625,21.015081
2025-02-22 23:00:00+00:00,21.548125,22.326084
2025-02-23 00:00:00+00:00,24.167187499999997,22.736498
2025-02-23 01:00:00+00:00,26.78625,23.326693
2025-02-23 02:00:00+00:00,24.829375000000002,22.905254
2025-02-23 03:00:00+00:00,22.8725,21.561077
2025-02-23 04:00:00+00:00,20.915625,22.309238
2025-02-23 05:00:00+00:00,18.95875,23.563553
2025-02-23 06:00:00+00:00,23.924374999999998,38.92507
2025-02-23 07:00:00+00:00,28.89,53.270317
2025-02-23 08:00:00+00:00,30.075000000000003,41.600067
2025-02-23 09:00:00+00:00,31.26,28.32312
2025-02-23 10:00:00+00:00,41.35208333333333,33.206505
2025-02-23 11:00:00+00:00,51.44416666666666,40.659615
2025-02-23 12:00:00+00:00,61.536249999999995,43.549477
2025-02-23 13:00:00+00:00,71.62833333333333,45.068695
2025-02-23 14:00:00+00:00,60.38156250000001,38.57317
2025-02-23 15:00:00+00:00,49.134791666666665,31.659203
2025-02-23 16:00:00+00:00,37.88802083333333,25.83635
2025-02-23 17:00:00+00:00,26.641250000000003,20.824501
2025-02-23 18:00:00+00:00,25.3628125,20.550247
2025-02-23 19:00:00+00:00,24.084374999999998,19.529003
2025-02-23 20:00:00+00:00,22.8059375,19.952961
2025-02-23 21:00:00+00:00,21.527499999999996,20.08234
2025-02-23 22:00:00+00:00,23.1296875,22.93427
2025-02-23 23:00:00+00:00,24.731875000000002,26.139418
2025-02-24 00:00:00+00:00,26.334062499999998,25.36007
2025-02-24 01:00:00+00:00,27.93625,25.52552
2025-02-24 02:00:00+00:00,25.372500000000002,24.86026
2025-02-24 03:00:00+00:00,22.80875,23.355963
2025-02-24 04:00:00+00:00,20.244999999999997,19.747528
2025-02-24 05:00:00+00:00,17.681250000000002,20.322838
2025-02-24 06:00:00+00:00,28.210625,17.254818
2025-02-24 07:00:00+00:00,38.739999999999995,17.828716
2025-02-24 08:00:00+00:00,43.246874999999996,48.83791
2025-02-24 09:00:00+00:00,47.75375,71.535545
2025-02-24 10:00:00+00:00,45.93197916666667,112.56053
2025-02-24 11:00:00+00:00,44.11020833333333,145.32748
2025-02-24 12:00:00+00:00,42.2884375,121.13093
2025-02-24 13:00:00+00:00,40.46666666666667,96.98924
2025-02-24 14:00:00+00:00,36.9159375,66.92448
2025-02-24 15:00:00+00:00,33.365208333333335,40.172737
2025-02-24 16:00:00+00:00,29.81447916666667,33.581787
2025-02-24 17:00:00+00:00,26.26375,27.646725
2025-02-24 18:00:00+00:00,25.461875000000003,26.382349
2025-02-24 19:00:00+00:00,24.660000000000004,24.542671
2025-02-24 20:00:00+00:00,23.858125,23.54722
2025-02-24 21:00:00+00:00,23.05625,23.808044
2025-02-24 22:00:00+00:00,24.556250000000002,25.248222
2025-02-24 23:00:00+00:00,26.056250000000002,27.394222
2025-02-25 00:00:00+00:00,27.556250000000002,27.655191
2025-02-25 01:00:00+00:00,29.056250000000002,28.039865
2025-02-25 02:00:00+00:00,27.2925,26.562424
2025-02-25 03:00:00+00:00,25.528750000000002,24.543919
2025-02-25 04:00:00+00:00,23.765,22.790798
2025-02-25 05:00:00+00:00,22.00125,21.449419
2025-02-25 06:00:00+00:00,24.353125,26.446066
2025-02-25 07:00:00+00:00,26.705,33.347218
2025-02-25 08:00:00+00:00,34.386250000000004,39.853634
2025-02-25 09:00:00+00:00,42.0675,42.307022
2025-02-25 10:00:00+00:00,41.99854166666667,42.795372
2025-02-25 11:00:00+00:00,41.92958333333333,43.966354
2025-02-25 12:00:00+00:00,41.860625,41.02297
2025-02-25 13:00:00+00:00,41.791666666666664,40.609306
2025-02-25 14:00:00+00:00,39.6509375,39.590214
2025-02-25 15:00:00+00:00,37.51020833333333,38.407818
2025-02-25 16:00:00+00:00,35.369479166666665,37.398987
2025-02-25 17:00:00+00:00,33.22875,35.154064
2025-02-25 18:00:00+00:00,30.435624999999998,33.424175
2025-02-25 19:00:00+00:00,27.6425,29.696955
2025-02-25 20:00:00+00:00,24.849375,26.64833
2025-02-25 21:00:00+00:00,22.05625,24.087067
2025-02-25 22:00:00+00:00,21.6409375,23.026737
2025-02-25 23:00:00+00:00,21.225625,21.701794
2025-02-26 00:00:00+00:00,20.8103125,21.332603
2025-02-26 01:00:00+00:00,20.395,20.11465
2025-02-26 02:00:00+00:00,21.0034375,20.155281
2025-02-26 03:00:00+00:00,21.611874999999998,20.766136
2025-02-26 04:00:00+00:00,22.2203125,21.557444
2025-02-26 05:00:00+00:00,22.82875,21.96769
2025-02-26 06:00:00+00:00,18.794375,26.014713
2025-02-26 07:00:00+00:00,14.76,30.726503
2025-02-26 08:00:00+00:00,29.864375000000003,37.369442
2025-02-26 09:00:00+00:00,44.96875,45.34436
2025-02-26 10:00:00+00:00,39.73739583333333,47.06101
2025-02-26 11:00:00+00:00,34.50604166666667,46.69102
2025-02-26 12:00:00+00:00,29.2746875,42.962193
2025-02-26 13:00:00+00:00,24.043333333333333,37.55107
2025-02-26 14:00:00+00:00,26.08875,33.230995
2025-02-26 15:00:00+00:00,28.134166666666665,31.542002
2025-02-26 16:00:00+00:00,30.179583333333333,31.688751
2025-02-26 17:00:00+00:00,32.225,31.771727
2025-02-26 18:00:00+00:00,29.441875000000003,29.357197
2025-02-26 19:00:00+00:00,26.65875,26.621223
2025-02-26 20:00:00+00:00,23.875625,23.614946
2025-02-26 21:00:00+00:00,21.0925,20.395546
2025-02-26 22:00:00+00:00,20.213125,19.730577
2025-02-26 23:00:00+00:00,19.333750000000002,19.42348
2025-02-27 00:00:00+00:00,18.454375,19.610493
2025-02-27 01:00:00+00:00,17.575,20.172829
2025-02-27 02:00:00+00:00,21.2378125,23.249311
2025-02-27 03:00:00+00:00,24.900624999999998,26.509169
2025-02-27 04:00:00+00:00,28.5634375,26.979227
2025-02-27 05:00:00+00:00,32.22625,26.249361
2025-02-27 06:00:00+00:00,24.645625000000003,21.99985
2025-02-27 07:00:00+00:00,17.065,17.323914
2025-02-27 08:00:00+00:00,23.676875000000003,22.35276
2025-02-27 09:00:00+00:00,30.28875,29.136444
2025-02-27 10:00:00+00:00,30.973229166666666,30.90749
2025-02-27 11:00:00+00:00,31.657708333333332,31.65224
2025-02-27 12:00:00+00:00,32.342187499999994,30.659304
2025-02-27 13:00:00+00:00,33.026666666666664,30.09085
2025-02-27 14:00:00+00:00,38.223749999999995,34.88194
2025-02-27 15:00:00+00:00,43.420833333333334,41.306187
2025-02-27 16:00:00+00:00,48.617916666666666,44.00111
2025-02-27 17:00:00+00:00,53.815,45.557587
2025-02-27 18:00:00+00:00,46.5309375,39.20441
2025-02-27 19:00:00+00:00,39.246875,31.410168
2025-02-27 20:00:00+00:00,31.9628125,27.918688
2025-02-27 21:00:00+00:00,24.67875,24.2501
2025-02-27 22:00:00+00:00,24.419062500000003,23.910883
2025-02-27 23:00:00+00:00,24.159375,22.750845
2025-02-28 00:00:00+00:00,23.8996875,21.535666
2025-02-28 01:00:00+00:00,23.64,20.933317
2025-02-28 02:00:00+00:00,25.6734375,23.894787
2025-02-28 03:00:00+00:00,27.706875,26.326908
2025-02-28 04:00:00+00:00,29.7403125,30.063942
2025-02-28 05:00:00+00:00,31.773749999999996,33.57568
2025-02-28 06:00:00+00:00,31.399375,28.33107
2025-02-28 07:00:00+00:00,31.025,22.734537
2025-02-28 08:00:00+00:00,28.254375,28.837023
2025-02-28 09:00:00+00:00,25.48375,35.67833
2025-02-28 10:00:00+00:00,26.308229166666663,38.555855
2025-02-28 11:00:00+00:00,27.132708333333333,39.734283
2025-02-28 12:00:00+00:00,27.9571875,40.932358
2025-02-28 13:00:00+00:00,28.781666666666666,41.62137
2025-02-28 14:00:00+00:00,28.405,39.825935
2025-02-28 15:00:00+00:00,28.028333333333332,38.419853
2025-02-28 16:00:00+00:00,27.651666666666664,36.385223
2025-02-28 17:00:00+00:00,27.275,35.062336
2025-02-28 18:00:00+00:00,25.875625,31.734266
2025-02-28 19:00:00+00:00,24.476250000000004,28.893723
2025-02-28 20:00:00+00:00,23.076875,27.50794
2025-02-28 21:00:00+00:00,21.677500000000002,25.376793
2025-02-28 22:00:00+00:00,22.121250000000003,25.147964
2025-02-28 23:00:00+00:00,22.565,24.440483
2025-03-01 00:00:00+00:00,23.00875,24.033758
2025-03-01 01:00:00+00:00,23.4525,24.449469
2025-03-01 02:00:00+00:00,26.273125,25.995312
2025-03-01 03:00:00+00:00,29.09375,27.238834
2025-03-01 04:00:00+00:00,31.914375,28.596096
2025-03-01 05:00:00+00:00,34.735,30.559032
2025-03-01 06:00:00+00:00,35.44,29.171436
2025-03-01 07:00:00+00:00,36.144999999999996,27.280518
2025-03-01 08:00:00+00:00,30.0925,25.023884
2025-03-01 09:00:00+00:00,24.04,22.288227
2025-03-01 10:00:00+00:00,26.956666666666667,23.840408
2025-03-01 11:00:00+00:00,29.873333333333335,26.295198
2025-03-01 12:00:00+00:00,32.790000000000006,29.61338
2025-03-01 13:00:00+00:00,35.70666666666666,31.782059
2025-03-01 14:00:00+00:00,34.13,31.156313
2025-03-01 15:00:00+00:00,32.553333333333335,30.549482
2025-03-01 16:00:00+00:00,30.976666666666667,32.08474
2025-03-01 17:00:00+00:00,29.4,33.60376
2025-03-01 18:00:00+00:00,29.6790625,32.15379
2025-03-01 19:00:00+00:00,29.958125,30.488407
2025-03-01 20:00:00+00:00,30.237187499999997,29.811861
2025-03-01 21:00:00+00:00,30.51625,28.824114
2025-03-01 22:00:00+00:00,28.678125,26.631159
2025-03-01 23:00:00+00:00,26.84,24.6845
2025-03-02 00:00:00+00:00,25.001875,24.05563
2025-03-02 01:00:00+00:00,23.16375,23.32069
2025-03-02 02:00:00+00:00,23.494687499999998,22.93584
2025-03-02 03:00:00+00:00,23.825625,22.584707
2025-03-02 04:00:00+00:00,24.1565625,22.16275
2025-03-02 05:00:00+00:00,24.487499999999997,22.665796
2025-03-02 06:00:00+00:00,19.89875,25.117868
2025-03-02 07:00:00+00:00,15.31,27.179338
2025-03-02 08:00:00+00:00,18.948125,23.77197
2025-03-02 09:00:00+00:00,22.58625,20.366318
2025-03-02 10:00:00+00:00,26.499270833333334,23.764091
2025-03-02 11:00:00+00:00,30.41229166666667,27.626707
2025-03-02 12:00:00+00:00,34.3253125,34.28345
2025-03-02 13:00:00+00:00,38.23833333333334,40.88303
2025-03-02 14:00:00+00:00,33.739375,38.281834
2025-03-02 15:00:00+00:00,29.24041666666667,34.357616
2025-03-02 16:00:00+00:00,24.741458333333334,29.894299
2025-03-02 17:00:00+00:00,20.2425,25.361689
2025-03-02 18:00:00+00:00,22.658437499999998,25.820625
2025-03-02 19:00:00+00:00,25.074375,26.7009
2025-03-02 20:00:00+00:00,27.4903125,26.99202
2025-03-02 21:00:00+00:00,29.90625,27.178509
2025-03-02 22:00:00+00:00,28.0840625,25.658936
2025-03-02 23:00:00+00:00,26.261875,23.960072
2025-03-03 00:00:00+00:00,24.439687499999998,21.740356
2025-03-03 01:00:00+00:00,22.6175,19.118156
2025-03-03 02:00:00+00:00,22.9953125,19.709227
2025-03-03 03:00:00+00:00,23.373125,19.849781
2025-03-03 04:00:00+00:00,23.7509375,20.527502
2025-03-03 05:00:00+00:00,24.12875,21.054436
2025-03-03 06:00:00+00:00,27.329375,20.835117
2025-03-03 07:00:00+00:00,30.53,21.523285
2025-03-03 08:00:00+00:00,29.526250000000005,26.542036
2025-03-03 09:00:00+00:00,28.5225,32.40055
2025-03-03 10:00:00+00:00,29.555625,31.617544
2025-03-03 11:00:00+00:00,30.58875,29.375505
2025-03-03 12:00:00+00:00,31.621875000000003,28.32608
2025-03-03 13:00:00+00:00,32.655,27.29457
2025-03-03 14:00:00+00:00,31.428125,26.40811
2025-03-03 15:00:00+00:00,30.201249999999998,25.511314
2025-03-03 16:00:00+00:00,28.974375,26.710184
2025-03-03 17:00:00+00:00,27.7475,28.451921
2025-03-03 18:00:00+00:00,31.3946875,32.365704
2025-03-03 19:00:00+00:00,35.041875,35.726574
2025-03-03 20:00:00+00:00,38.6890625,39.13006
2025-03-03 21:00:00+00:00,42.33625,41.447018
2025-03-03 22:00:00+00:00,38.40125,37.66934
2025-03-03 23:00:00+00:00,34.46625,32.890434
2025-03-04 00:00:00+00:00,30.53125,27.845917
2025-03-04 01:00:00+00:00,26.59625,23.128489
2025-03-04 02:00:00+00:00,27.30875,23.710999
2025-03-04 03:00:00+00:00,28.021250000000002,24.404675
2025-03-04 04:00:00+00:00,28.73375,24.914967
2025-03-04 05:00:00+00:00,29.44625,26.517546
2025-03-04 06:00:00+00:00,23.975625,25.957289
2025-03-04 07:00:00+00:00,18.505,25.179312
2025-03-04 08:00:00+00:00,25.505625000000002,30.058603
2025-03-04 09:00:00+00:00,32.50625,33.969025
2025-03-04 10:00:00+00:00,28.805104166666666,34.922382
2025-03-04 11:00:00+00:00,25.10395833333333,35.344597
2025-03-04 12:00:00+00:00,21.4028125,33.16304
2025-03-04 13:00:00+00:00,17.701666666666664,31.300713
2025-03-04 14:00:00+00:00,24.818125,29.621103
2025-03-04 15:00:00+00:00,31.934583333333336,27.512148
2025-03-04 16:00:00+00:00,39.05104166666667,26.023487
2025-03-04 17:00:00+00:00,46.167500000000004,24.828138
2025-03-04 18:00:00+00:00,39.9515625,25.191957
2025-03-04 19:00:00+00:00,33.735625,24.935242
2025-03-04 20:00:00+00:00,27.519687500000003,24.42705
2025-03-04 21:00:00+00:00,21.30375,24.167946
2025-03-04 22:00:00+00:00,21.6109375,23.05801
2025-03-04 23:00:00+00:00,21.918125,22.767712
2025-03-05 00:00:00+00:00,22.2253125,22.377686
2025-03-05 01:00:00+00:00,22.5325,22.618727
2025-03-05 02:00:00+00:00,24.28,24.385593
2025-03-05 03:00:00+00:00,26.0275,25.858923
2025-03-05 04:00:00+00:00,27.775,26.812843
2025-03-05 05:00:00+00:00,29.5225,28.152107
2025-03-05 06:00:00+00:00,31.83875,25.545916
2025-03-05 07:00:00+00:00,34.155,22.464956
2025-03-05 08:00:00+00:00,33.0275,30.67568
2025-03-05 09:00:00+00:00,31.9,38.175873
2025-03-05 10:00:00+00:00,29.911666666666665,35.675167
2025-03-05 11:00:00+00:00,27.923333333333332,32.352173
2025-03-05 12:00:00+00:00,25.935000000000002,28.607344
2025-03-05 13:00:00+00:00,23.94666666666667,25.092913
2025-03-05 14:00:00+00:00,27.435000000000002,27.514969
2025-03-05 15:00:00+00:00,30.923333333333332,30.547754
2025-03-05 16:00:00+00:00,34.41166666666666,37.005997
2025-03-05 17:00:00+00:00,37.9,45.907627
2025-03-05 18:00:00+00:00,34.623125,42.794163
2025-03-05 19:00:00+00:00,31.346249999999998,36.397125
2025-03-05 20:00:00+00:00,28.069375,32.0518
2025-03-05 21:00:00+00:00,24.7925,27.8474
2025-03-05 22:00:00+00:00,26.34,26.878992
2025-03-05 23:00:00+00:00,27.887500000000003,26.456211
2025-03-06 00:00:00+00:00,29.435000000000002,28.958662
2025-03-06 01:00:00+00:00,30.9825,31.21394
2025-03-06 02:00:00+00:00,29.963125,30.422161
2025-03-06 03:00:00+00:00,28.94375,28.529129
2025-03-06 04:00:00+00:00,27.924374999999998,26.868563
2025-03-06 05:00:00+00:00,26.905,25.12067
2025-03-06 06:00:00+00:00,21.46,24.55758
2025-03-06 07:00:00+00:00,16.015,24.06589
2025-03-06 08:00:00+00:00,18.283125,22.6623
2025-03-06 09:00:00+00:00,20.55125,21.245613
2025-03-06 10:00:00+00:00,20.918854166666666,20.578072
2025-03-06 11:00:00+00:00,21.286458333333332,20.232346
2025-03-06 12:00:00+00:00,21.6540625,20.412506
2025-03-06 13:00:00+00:00,22.021666666666665,21.738365
2025-03-06 14:00:00+00:00,25.494999999999997,25.656889
2025-03-06 15:00:00+00:00,28.968333333333334,28.782015
2025-03-06 16:00:00+00:00,32.44166666666666,32.33928
2025-03-06 17:00:00+00:00,35.915,35.736282
2025-03-06 18:00:00+00:00,32.2759375,32.076393
2025-03-06 19:00:00+00:00,28.636875,28.08114
2025-03-06 20:00:00+00:00,24.997812500000002,24.32516
2025-03-06 21:00:00+00:00,21.35875,20.998955
2025-03-06 22:00:00+00:00,23.49625,22.9433
2025-03-06 23:00:00+00:00,25.63375,24.79886
2025-03-07 00:00:00+00:00,27.771250000000002,26.365984
2025-03-07 01:00:00+00:00,29.90875,29.523531
2025-03-07 02:00:00+00:00,29.017187500000002,29.672302
2025-03-07 03:00:00+00:00,28.125625,29.130013
2025-03-07 04:00:00+00:00,27.2340625,27.15064
2025-03-07 05:00:00+00:00,26.3425,24.95051
2025-03-07 06:00:00+00:00,21.598750000000003,20.434761
2025-03-07 07:00:00+00:00,16.855,15.289363
2025-03-07 08:00:00+00:00,25.192500000000003,20.32782
2025-03-07 09:00:00+00:00,33.53,26.209362
2025-03-07 10:00:00+00:00,32.63916666666667,26.424593
2025-03-07 11:00:00+00:00,31.748333333333335,26.238531
2025-03-07 12:00:00+00:00,30.8575,25.39978
2025-03-07 13:00:00+00:00,29.96666666666667,24.9418
2025-03-07 14:00:00+00:00,30.404375,26.579718
2025-03-07 15:00:00+00:00,30.842083333333335,26.872686
2025-03-07 16:00:00+00:00,31.279791666666668,28.140759
2025-03-07 17:00:00+00:00,31.7175,30.077934
2025-03-07 18:00:00+00:00,30.3828125,28.667738
2025-03-07 19:00:00+00:00,29.048125,28.130733
2025-03-07 20:00:00+00:00,27.7134375,27.724575
2025-03-07 21:00:00+00:00,26.37875,26.409792
2025-03-07 22:00:00+00:00,29.7246875,29.02898
2025-03-07 23:00:00+00:00,33.070625,30.955612
2025-03-08 00:00:00+00:00,36.4165625,33.227345
2025-03-08 01:00:00+00:00,39.762499999999996,37.434628
2025-03-08 02:00:00+00:00,37.13875,35.671497
2025-03-08 03:00:00+00:00,34.515,33.15722
2025-03-08 04:00:00+00:00,31.89125,30.783993
2025-03-08 05:00:00+00:00,29.267500000000002,28.545738
2025-03-08 06:00:00+00:00,29.35375,25.266989
2025-03-08 07:00:00+00:00,29.439999999999998,23.407461
2025-03-08 08:00:00+00:00,30.99625,29.083012
2025-03-08 09:00:00+00:00,32.5525,34.271404
2025-03-08 10:00:00+00:00,32.601875,33.201874
2025-03-08 11:00:00+00:00,32.651250000000005,32.30251
2025-03-08 12:00:00+00:00,32.700625,32.885933
2025-03-08 13:00:00+00:00,32.75,33.46956
2025-03-08 14:00:00+00:00,29.9646875,30.263498
2025-03-08 15:00:00+00:00,27.179375000000004,26.64981
2025-03-08 16:00:00+00:00,24.3940625,24.879139
2025-03-08 17:00:00+00:00,21.60875,22.78212
2025-03-08 18:00:00+00:00,27.7646875,27.4143
2025-03-08 19:00:00+00:00,33.920625,32.552326
2025-03-08 20:00:00+00:00,40.0765625,36.180664
2025-03-08 21:00:00+00:00,46.2325,39.952877
2025-03-08 22:00:00+00:00,40.35125,36.25665
2025-03-08 23:00:00+00:00,34.47,31.913607
2025-03-09 00:00:00+00:00,28.58875,27.09252
2025-03-09 01:00:00+00:00,22.7075,22.782722
2025-03-09 02:00:00+00:00,23.5528125,22.937582
2025-03-09 03:00:00+00:00,24.398125,23.272709
2025-03-09 04:00:00+00:00,25.2434375,23.76284
2025-03-09 05:00:00+00:00,26.08875,25.384995
2025-03-09 06:00:00+00:00,27.144375,25.05758
2025-03-09 07:00:00+00:00,28.2,24.446638
2025-03-09 08:00:00+00:00,28.44125,30.491636
2025-03-09 09:00:00+00:00,28.7746875,36.54799
2025-03-09 10:00:00+00:00,29.108125,39.07274
2025-03-09 11:00:00+00:00,29.441562500000003,40.658882
2025-03-09 12:00:00+00:00,29.775000000000002,40.13726
2025-03-09 13:00:00+00:00,27.8078125,38.862816
2025-03-09 14:00:00+00:00,25.840625000000003,33.370117
2025-03-09 15:00:00+00:00,23.8734375,28.340284
2025-03-09 16:00:00+00:00,21.90625,25.934874
2025-03-09 17:00:00+00:00,25.537812499999998,23.706022
2025-03-09 18:00:00+00:00,29.169375,27.550467
2025-03-09 19:00:00+00:00,32.800937499999996,31.103722
2025-03-09 20:00:00+00:00,36.4325,36.29548
2025-03-09 21:00:00+00:00,33.873125,43.24447
2025-03-09 22:00:00+00:00,31.31375,40.80141
2025-03-09 23:00:00+00:00,28.754375,36.622013
2025-03-10 00:00:00+00:00,26.195,31.660439
2025-03-10 01:00:00+00:00,28.80375,25.972752
2025-03-10 02:00:00+00:00,31.4125,27.446205
2025-03-10 03:00:00+00:00,34.02125,29.477255
2025-03-10 04:00:00+00:00,36.63,31.077599
2025-03-10 05:00:00+00:00,44.78750000000001,32.328194
2025-03-10 06:00:00+00:00,52.945,30.316618
2025-03-10 07:00:00+00:00,40.4625,28.730658
2025-03-10 08:00:00+00:00,27.98,27.766685
2025-03-10 09:00:00+00:00,25.34375,26.07222
2025-03-10 10:00:00+00:00,22.7075,22.907135
2025-03-10 11:00:00+00:00,20.07125,20.533848
2025-03-10 12:00:00+00:00,17.435,19.441559
2025-03-10 13:00:00+00:00,17.347187499999997,18.957836
2025-03-10 14:00:00+00:00,17.259375,19.459526
2025-03-10 15:00:00+00:00,17.1715625,20.552963
2025-03-10 16:00:00+00:00,17.08375,20.840153
2025-03-10 17:00:00+00:00,21.311875,22.105597
2025-03-10 18:00:00+00:00,25.54,25.90053
2025-03-10 19:00:00+00:00,29.768125,28.568123
2025-03-10 20:00:00+00:00,33.99625,30.262564
2025-03-10 21:00:00+00:00,30.680000000000003,30.34944
2025-03-10 22:00:00+00:00,27.363750000000003,28.459524
2025-03-10 23:00:00+00:00,24.0475,27.27968
2025-03-11 00:00:00+00:00,20.731249999999996,24.547
2025-03-11 01:00:00+00:00,24.37875,24.602057
2025-03-11 02:00:00+00:00,28.026249999999997,25.923805
2025-03-11 03:00:00+00:00,31.67375,28.330559
2025-03-11 04:00:00+00:00,35.32125,29.441702
2025-03-11 05:00:00+00:00,23.845625,33.8856
2025-03-11 06:00:00+00:00,12.37,42.12635
2025-03-11 07:00:00+00:00,20.572499999999998,36.272507
2025-03-11 08:00:00+00:00,28.775000000000006,28.733467
2025-03-11 09:00:00+00:00,29.880000000000003,27.793459
2025-03-11 10:00:00+00:00,30.985,26.882036
2025-03-11 11:00:00+00:00,32.09,27.502138
2025-03-11 12:00:00+00:00,33.195,29.254692
2025-03-11 13:00:00+00:00,30.73875,30.550514
2025-03-11 14:00:00+00:00,28.2825,30.017496
2025-03-11 15:00:00+00:00,25.826249999999998,29.262712
2025-03-11 16:00:00+00:00,23.37,27.785643
2025-03-11 17:00:00+00:00,24.833125000000003,28.675558
2025-03-11 18:00:00+00:00,26.29625,30.429844
2025-03-11 19:00:00+00:00,27.759375,31.935835
2025-03-11 20:00:00+00:00,29.2225,32.53208
2025-03-11 21:00:00+00:00,28.8075,30.443464
2025-03-11 22:00:00+00:00,28.3925,28.770512
2025-03-11 23:00:00+00:00,27.9775,28.189459
2025-03-12 00:00:00+00:00,27.5625,27.43227
2025-03-12 01:00:00+00:00,31.03875,28.730286
2025-03-12 02:00:00+00:00,34.515,33.08889
2025-03-12 03:00:00+00:00,37.99125,39.582985
2025-03-12 04:00:00+00:00,41.4675,43.929935
2025-03-12 05:00:00+00:00,27.61875,39.17549
2025-03-12 06:00:00+00:00,13.77,30.384342
2025-03-12 07:00:00+00:00,19.9825,30.682137
2025-03-12 08:00:00+00:00,26.195,34.361805
2025-03-12 09:00:00+00:00,27.940416666666664,34.319107
2025-03-12 10:00:00+00:00,29.685833333333335,33.25074
2025-03-12 11:00:00+00:00,31.431250000000002,32.806942
2025-03-12 12:00:00+00:00,33.17666666666667,34.449417
2025-03-12 13:00:00+00:00,31.7484375,33.40536
2025-03-12 14:00:00+00:00,30.320208333333333,31.693285
2025-03-12 15:00:00+00:00,28.891979166666665,30.208887
2025-03-12 16:00:00+00:00,27.463749999999997,28.447277
2025-03-12 17:00:00+00:00,25.3909375,29.692883
2025-03-12 18:00:00+00:00,23.318125,28.768347
2025-03-12 19:00:00+00:00,21.245312499999994,26.542524
2025-03-12 20:00:00+00:00,19.1725,24.635092
2025-03-12 21:00:00+00:00,27.049062499999998,22.187687
2025-03-12 22:00:00+00:00,34.925625,27.61676
2025-03-12 23:00:00+00:00,42.802187499999995,32.670177
2025-03-13 00:00:00+00:00,50.67875,37.94086
2025-03-13 01:00:00+00:00,45.2825,44.85191
2025-03-13 02:00:00+00:00,39.886250000000004,41.450867
2025-03-13 03:00:00+00:00,34.49,37.620575
2025-03-13 04:00:00+00:00,29.09375,33.52251
2025-03-13 05:00:00+00:00,27.061875,25.643574
2025-03-13 06:00:00+00:00,25.029999999999998,21.78183
2025-03-13 07:00:00+00:00,27.699375,23.058256
2025-03-13 08:00:00+00:00,30.36875,26.674156
2025-03-13 09:00:00+00:00,29.094895833333332,28.664227
2025-03-13 10:00:00+00:00,27.821041666666666,29.91641
2025-03-13 11:00:00+00:00,26.547187499999996,30.868925
2025-03-13 12:00:00+00:00,25.27333333333333,30.119179
2025-03-13 13:00:00+00:00,26.559999999999995,28.307077
2025-03-13 14:00:00+00:00,27.846666666666664,26.751213
2025-03-13 15:00:00+00:00,29.133333333333333,26.511673
2025-03-13 16:00:00+00:00,30.419999999999998,26.325079
2025-03-13 17:00:00+00:00,27.6209375,24.423475
2025-03-13 18:00:00+00:00,24.821875,23.145813
2025-03-13 19:00:00+00:00,22.022812500000004,21.987564
2025-03-13 20:00:00+00:00,19.223750000000003,21.360466
2025-03-13 21:00:00+00:00,23.886562500000004,25.518703
2025-03-13 22:00:00+00:00,28.549375,30.256971
2025-03-13 23:00:00+00:00,33.2121875,34.726105
2025-03-14 00:00:00+00:00,37.875,38.65861
2025-03-14 01:00:00+00:00,37.0146875,34.768414
2025-03-14 02:00:00+00:00,36.154375,31.736292
2025-03-14 03:00:00+00:00,35.2940625,30.596731
2025-03-14 04:00:00+00:00,34.43375,29.399689
2025-03-14 05:00:00+00:00,24.219375,28.430107
2025-03-14 06:00:00+00:00,14.004999999999997,27.61386
2025-03-14 07:00:00+00:00,30.695625000000003,36.044205
2025-03-14 08:00:00+00:00,47.386250000000004,44.09877
2025-03-14 09:00:00+00:00,42.49552083333334,44.26774
2025-03-14 10:00:00+00:00,37.60479166666667,41.652794
2025-03-14 11:00:00+00:00,32.7140625,36.428143
2025-03-14 12:00:00+00:00,27.823333333333334,31.42366
2025-03-14 13:00:00+00:00,24.2096875,25.282885
2025-03-14 14:00:00+00:00,20.596041666666668,20.984177
2025-03-14 15:00:00+00:00,16.982395833333335,20.660381
2025-03-14 16:00:00+00:00,13.36875,21.471582
2025-03-14 17:00:00+00:00,13.554687500000002,21.569017
2025-03-14 18:00:00+00:00,13.740625000000001,21.290192
2025-03-14 19:00:00+00:00,13.926562500000001,20.750004
2025-03-14 20:00:00+00:00,14.1125,20.570929
2025-03-14 21:00:00+00:00,19.209375,23.810608
2025-03-14 22:00:00+00:00,24.30625,26.995457
2025-03-14 23:00:00+00:00,29.403125,32.02532
2025-03-15 00:00:00+00:00,34.5,36.32955
2025-03-15 01:00:00+00:00,32.7009375,34.565323
2025-03-15 02:00:00+00:00,30.901875,31.95138
2025-03-15 03:00:00+00:00,29.1028125,28.768013
2025-03-15 04:00:00+00:00,27.303750000000004,25.667816
2025-03-15 05:00:00+00:00,24.336875,22.085827
2025-03-15 06:00:00+00:00,21.37,17.302769
2025-03-15 07:00:00+00:00,28.140624999999996,24.582865
2025-03-15 08:00:00+00:00,34.91125,33.405018
2025-03-15 09:00:00+00:00,34.2134375,31.848173
2025-03-15 10:00:00+00:00,33.515625,29.79311
2025-03-15 11:00:00+00:00,32.8178125,29.307144
2025-03-15 12:00:00+00:00,32.12,28.76014
2025-03-15 13:00:00+00:00,31.343124999999997,28.780375
2025-03-15 14:00:00+00:00,30.566249999999997,27.68413
2025-03-15 15:00:00+00:00,29.789375,25.434107
2025-03-15 16:00:00+00:00,29.0125,23.93328
2025-03-15 17:00:00+00:00,27.174062499999994,22.318375
2025-03-15 18:00:00+00:00,25.335625,21.352602
2025-03-15 19:00:00+00:00,23.4971875,20.547619
2025-03-15 20:00:00+00:00,21.658749999999998,19.59642
2025-03-15 21:00:00+00:00,22.526874999999997,22.96754
2025-03-15 22:00:00+00:00,23.395,25.999899
2025-03-15 23:00:00+00:00,24.263125000000006,29.004126
2025-03-16 00:00:00+00:00,25.13125,31.191841
2025-03-16 01:00:00+00:00,27.489062500000003,30.966433
2025-03-16 02:00:00+00:00,29.846875,31.163122
2025-03-16 03:00:00+00:00,32.2046875,31.058039
2025-03-16 04:00:00+00:00,34.5625,30.622938
2025-03-16 05:00:00+00:00,42.55625,23.606586
2025-03-16 06:00:00+00:00,50.55,17.208784
2025-03-16 07:00:00+00:00,42.54375,27.162146
2025-03-16 08:00:00+00:00,34.5375,37.48839
2025-03-16 09:00:00+00:00,31.17729166666667,37.6645
2025-03-16 10:00:00+00:00,27.817083333333336,35.945225
2025-03-16 11:00:00+00:00,24.456875,33.429382
2025-03-16 12:00:00+00:00,21.096666666666668,30.614744
2025-03-16 13:00:00+00:00,21.634375,29.102116
2025-03-16 14:00:00+00:00,22.172083333333333,28.633984
2025-03-16 15:00:00+00:00,22.709791666666668,27.978893
2025-03-16 16:00:00+00:00,23.2475,27.744684
2025-03-16 17:00:00+00:00,23.8115625,27.79418
2025-03-16 18:00:00+00:00,24.375625,26.384926
2025-03-16 19:00:00+00:00,24.939687499999998,24.948658
2025-03-16 20:00:00+00:00,25.50375,23.876945
2025-03-16 21:00:00+00:00,24.3525,24.215965
2025-03-16 22:00:00+00:00,23.20125,24.353334
2025-03-16 23:00:00+00:00,22.050000000000004,22.448214
2025-03-17 00:00:00+00:00,20.89875,21.428493
2025-03-17 01:00:00+00:00,37.1484375,32.22347
2025-03-17 02:00:00+00:00,53.398125,41.039906
2025-03-17 03:00:00+00:00,69.6478125,48.02561
2025-03-17 04:00:00+00:00,85.8975,54.13107
2025-03-17 05:00:00+00:00,55.313750000000006,52.472786
2025-03-17 06:00:00+00:00,24.73,49.06554
2025-03-17 07:00:00+00:00,27.4925,42.859493
2025-03-17 08:00:00+00:00,30.255,35.69503
2025-03-17 09:00:00+00:00,29.693333333333335,32.348602
2025-03-17 10:00:00+00:00,29.131666666666668,30.372303
2025-03-17 11:00:00+00:00,28.57,30.369535
2025-03-17 12:00:00+00:00,28.008333333333336,29.979156
2025-03-17 13:00:00+00:00,26.860625000000002,25.157562
2025-03-17 14:00:00+00:00,25.71291666666667,21.068954
2025-03-17 15:00:00+00:00,24.565208333333334,19.956554
2025-03-17 16:00:00+00:00,23.4175,19.784424
2025-03-17 17:00:00+00:00,24.8390625,22.296679
2025-03-17 18:00:00+00:00,26.260624999999997,25.145014
2025-03-17 19:00:00+00:00,27.682187499999998,28.27867
2025-03-17 20:00:00+00:00,29.103749999999998,31.120216
2025-03-17 21:00:00+00:00,27.276562499999997,29.942846
2025-03-17 22:00:00+00:00,25.449375,28.13794
2025-03-17 23:00:00+00:00,23.622187500000003,24.409758
2025-03-18 00:00:00+00:00,21.795,21.317545
2025-03-18 01:00:00+00:00,28.909375,28.432034
2025-03-18 02:00:00+00:00,36.02375,38.18597
2025-03-18 03:00:00+00:00,43.138125,45.69061
2025-03-18 04:00:00+00:00,50.2525,51.77494
2025-03-18 05:00:00+00:00,30.46125,40.884636
2025-03-18 06:00:00+00:00,10.67,23.96239
2025-03-18 07:00:00+00:00,18.238125,26.850557
2025-03-18 08:00:00+00:00,25.806250000000002,35.831955
2025-03-18 09:00:00+00:00,29.70760416666667,40.086
2025-03-18 10:00:00+00:00,33.608958333333334,42.89213
2025-03-18 11:00:00+00:00,37.5103125,45.39321
2025-03-18 12:00:00+00:00,41.41166666666667,47.184654
2025-03-18 13:00:00+00:00,36.5784375,42.06439
2025-03-18 14:00:00+00:00,31.74520833333333,36.87063
2025-03-18 15:00:00+00:00,26.91197916666667,31.204197
2025-03-18 16:00:00+00:00,22.07875,24.816044
2025-03-18 17:00:00+00:00,19.47375,21.60767
2025-03-18 18:00:00+00:00,16.86875,18.69711
2025-03-18 19:00:00+00:00,14.26375,17.373165
2025-03-18 20:00:00+00:00,11.65875,16.243061
2025-03-18 21:00:00+00:00,12.568125,16.145645
2025-03-18 22:00:00+00:00,13.4775,16.833488
2025-03-18 23:00:00+00:00,14.386875,17.257788
2025-03-19 00:00:00+00:00,15.29625,18.182476
2025-03-19 01:00:00+00:00,20.290625,24.083895
2025-03-19 02:00:00+00:00,25.285000000000004,28.810848
2025-03-19 03:00:00+00:00,30.279375,34.7298
2025-03-19 04:00:00+00:00,35.27375,40.30532
2025-03-19 05:00:00+00:00,24.296875,27.798637
2025-03-19 06:00:00+00:00,13.32,16.100689
2025-03-19 07:00:00+00:00,18.785625,19.97903
2025-03-19 08:00:00+00:00,24.25125,23.726059
2025-03-19 09:00:00+00:00,28.393854166666664,25.87829
2025-03-19 10:00:00+00:00,32.53645833333333,27.392117
2025-03-19 11:00:00+00:00,36.67906249999999,28.798061
2025-03-19 12:00:00+00:00,40.821666666666665,30.05798
2025-03-19 13:00:00+00:00,37.796875,29.983328
2025-03-19 14:00:00+00:00,34.772083333333335,29.67668
2025-03-19 15:00:00+00:00,31.747291666666666,28.016222
2025-03-19 16:00:00+00:00,28.7225,26.12865
2025-03-19 17:00:00+00:00,28.4296875,24.856228
2025-03-19 18:00:00+00:00,28.136875,23.803059
2025-03-19 19:00:00+00:00,27.8440625,23.33112
2025-03-19 20:00:00+00:00,27.55125,23.41615
2025-03-19 21:00:00+00:00,26.4534375,24.007809
2025-03-19 22:00:00+00:00,25.355625,24.01035
2025-03-19 23:00:00+00:00,24.257812499999996,22.397608
2025-03-20 00:00:00+00:00,23.16,21.010254
2025-03-20 01:00:00+00:00,23.943125000000002,23.730143
2025-03-20 02:00:00+00:00,24.72625,28.08699
2025-03-20 03:00:00+00:00,25.509375,34.865746
2025-03-20 04:00:00+00:00,26.2925,39.56083
2025-03-20 05:00:00+00:00,32.58375,25.41595
2025-03-20 06:00:00+00:00,38.875,11.150547
2025-03-20 07:00:00+00:00,39.324375,23.163853
2025-03-20 08:00:00+00:00,39.77375,36.151028
2025-03-20 09:00:00+00:00,39.442395833333336,39.911777
2025-03-20 10:00:00+00:00,39.111041666666665,43.169582
2025-03-20 11:00:00+00:00,38.779687499999994,41.694458
2025-03-20 12:00:00+00:00,38.44833333333333,38.67517
2025-03-20 13:00:00+00:00,34.272499999999994,32.513847
2025-03-20 14:00:00+00:00,30.096666666666664,25.815092
2025-03-20 15:00:00+00:00,25.92083333333333,21.641891
2025-03-20 16:00:00+00:00,21.744999999999997,18.976627
2025-03-20 17:00:00+00:00,21.4853125,19.88903
2025-03-20 18:00:00+00:00,21.225625,20.707624
2025-03-20 19:00:00+00:00,20.9659375,22.07576
2025-03-20 20:00:00+00:00,20.706250000000004,22.728922
2025-03-20 21:00:00+00:00,22.840625,24.064419
2025-03-20 22:00:00+00:00,24.975,25.98573
2025-03-20 23:00:00+00:00,27.109375000000004,28.002872
2025-03-21 00:00:00+00:00,29.24375,30.536247
2025-03-21 01:00:00+00:00,28.224999999999998,30.929218
2025-03-21 02:00:00+00:00,27.206249999999997,29.899828
2025-03-21 03:00:00+00:00,26.1875,27.933617
2025-03-21 04:00:00+00:00,25.16875,27.55007
2025-03-21 05:00:00+00:00,16.464375,35.385265
2025-03-21 06:00:00+00:00,7.76,42.69172
2025-03-21 07:00:00+00:00,119.73125,48.8413
2025-03-21 08:00:00+00:00,231.7025,51.765602
2025-03-21 09:00:00+00:00,181.86229166666666,44.822063
2025-03-21 10:00:00+00:00,132.02208333333334,37.579403
2025-03-21 11:00:00+00:00,82.18187499999999,32.117573
2025-03-21 12:00:00+00:00,32.34166666666667,29.799763
2025-03-21 13:00:00+00:00,29.4925,32.06622
2025-03-21 14:00:00+00:00,26.643333333333334,35.367073
2025-03-21 15:00:00+00:00,23.79416666666667,35.93326
2025-03-21 16:00:00+00:00,20.945,33.20847
2025-03-21 17:00:00+00:00,21.028750000000002,29.75365
2025-03-21 18:00:00+00:00,21.1125,26.612015
2025-03-21 19:00:00+00:00,21.196249999999996,24.458334
2025-03-21 20:00:00+00:00,21.28,23.358652
2025-03-21 21:00:00+00:00,23.5096875,24.426298
2025-03-21 22:00:00+00:00,25.739375000000003,26.120354
2025-03-21 23:00:00+00:00,27.9690625,28.952621
2025-03-22 00:00:00+00:00,30.19875,32.902763
2025-03-22 01:00:00+00:00,30.203125,26.457954
2025-03-22 02:00:00+00:00,30.207500000000003,29.513952
2025-03-22 03:00:00+00:00,30.211875,28.529625
2025-03-22 04:00:00+00:00,30.21625,29.147774
2025-03-22 05:00:00+00:00,27.895625000000003,21.62856
2025-03-22 06:00:00+00:00,25.575000000000003,23.603477
2025-03-22 07:00:00+00:00,47.399375,106.71649
2025-03-22 08:00:00+00:00,69.22375,165.49904
2025-03-22 09:00:00+00:00,57.7928125,120.316315
2025-03-22 10:00:00+00:00,46.361875,78.49702
2025-03-22 11:00:00+00:00,34.9309375,51.684143
2025-03-22 12:00:00+00:00,23.5,31.19205
2025-03-22 13:00:00+00:00,26.825,32.56098
2025-03-22 14:00:00+00:00,30.150000000000002,33.90678
2025-03-22 15:00:00+00:00,33.474999999999994,31.023338
2025-03-22 16:00:00+00:00,36.8,29.906494
2025-03-22 17:00:00+00:00,33.1021875,26.823202
2025-03-22 18:00:00+00:00,29.404374999999998,24.772764
2025-03-22 19:00:00+00:00,25.706562499999997,24.548101
2025-03-22 20:00:00+00:00,22.00875,22.759544
2025-03-22 21:00:00+00:00,19.525,20.841393
2025-03-22 22:00:00+00:00,17.041249999999998,19.310467
2025-03-22 23:00:00+00:00,14.557500000000001,17.126205
2025-03-23 00:00:00+00:00,12.07375,15.902109
2025-03-23 01:00:00+00:00,13.6171875,17.863407
2025-03-23 02:00:00+00:00,15.160625,20.396439
2025-03-23 03:00:00+00:00,16.7040625,24.830158
2025-03-23 04:00:00+00:00,18.247499999999995,28.114588
2025-03-23 05:00:00+00:00,14.473749999999999,25.484756
2025-03-23 06:00:00+00:00,10.700000000000001,22.542257
2025-03-23 07:00:00+00:00,26.805625,33.9504
2025-03-23 08:00:00+00:00,42.91125,41.412903
2025-03-23 09:00:00+00:00,37.6584375,35.1105
2025-03-23 10:00:00+00:00,32.405625,32.17365
2025-03-23 11:00:00+00:00,27.152812499999996,29.62368
2025-03-23 12:00:00+00:00,21.899999999999995,27.988762
2025-03-23 13:00:00+00:00,24.069999999999997,27.64419
2025-03-23 14:00:00+00:00,26.239999999999995,28.623873
2025-03-23 15:00:00+00:00,28.409999999999997,28.47831
2025-03-23 16:00:00+00:00,30.58,29.1194
2025-03-23 17:00:00+00:00,30.104062499999998,28.609997
2025-03-23 18:00:00+00:00,29.628124999999997,27.249804
2025-03-23 19:00:00+00:00,29.1521875,27.167608
2025-03-23 20:00:00+00:00,28.67625,26.582169
2025-03-23 21:00:00+00:00,28.561875,25.520338
2025-03-23 22:00:00+00:00,28.447499999999998,25.545315
2025-03-23 23:00:00+00:00,28.333125,25.173586
2025-03-24 00:00:00+00:00,28.21875,23.80183
2025-03-24 01:00:00+00:00,29.2128125,25.072033
2025-03-24 02:00:00+00:00,30.206875,25.810017
2025-03-24 03:00:00+00:00,31.200937500000002,25.719404
2025-03-24 04:00:00+00:00,32.195,24.452942
2025-03-24 05:00:00+00:00,30.675,18.708282
2025-03-24 06:00:00+00:00,29.155,14.3742485
2025-03-24 07:00:00+00:00,28.7575,27.531307
2025-03-24 08:00:00+00:00,28.36,40.87658
2025-03-24 09:00:00+00:00,30.102916666666665,42.134308
2025-03-24 10:00:00+00:00,31.845833333333335,44.917522
2025-03-24 11:00:00+00:00,33.588750000000005,46.14517
2025-03-24 12:00:00+00:00,35.33166666666667,44.073215
2025-03-24 13:00:00+00:00,33.1628125,39.487
2025-03-24 14:00:00+00:00,30.99395833333333,34.803677
2025-03-24 15:00:00+00:00,28.82510416666667,31.384039
2025-03-24 16:00:00+00:00,26.65625,28.229992
2025-03-24 17:00:00+00:00,25.353749999999998,25.736965
2025-03-24 18:00:00+00:00,24.05125,23.038143
2025-03-24 19:00:00+00:00,22.74875,21.89056
2025-03-24 20:00:00+00:00,21.44625,20.761288
2025-03-24 21:00:00+00:00,21.3784375,21.283468
2025-03-24 22:00:00+00:00,21.310625,22.25386
2025-03-24 23:00:00+00:00,21.2428125,20.699432
2025-03-25 00:00:00+00:00,21.175,20.19593
2025-03-25 01:00:00+00:00,24.685625,20.369576
2025-03-25 02:00:00+00:00,28.19625,24.323946
2025-03-25 03:00:00+00:00,31.706874999999997,25.584732
2025-03-25 04:00:00+00:00,35.2175,26.756653
2025-03-25 05:00:00+00:00,31.72625,27.743963
2025-03-25 06:00:00+00:00,28.235,33.23282
2025-03-25 07:00:00+00:00,26.225,23.140179
2025-03-25 08:00:00+00:00,24.215000000000003,18.390469
2025-03-25 09:00:00+00:00,93.14083333333335,78.65755
2025-03-25 10:00:00+00:00,162.0666666666667,134.72682
2025-03-25 11:00:00+00:00,230.99250000000004,204.40962
2025-03-25 12:00:00+00:00,299.91833333333335,258.76068
2025-03-25 13:00:00+00:00,231.5234375,192.8132
2025-03-25 14:00:00+00:00,163.12854166666668,132.98831
2025-03-25 15:00:00+00:00,94.73364583333336,71.07692
2025-03-25 16:00:00+00:00,26.33875,17.753067
2025-03-25 17:00:00+00:00,25.14125,22.75133
2025-03-25 18:00:00+00:00,23.94375,24.048393
2025-03-25 19:00:00+00:00,22.74625,20.646648
2025-03-25 20:00:00+00:00,21.54875,18.55184
2025-03-25 21:00:00+00:00,21.8796875,17.722282
2025-03-25 22:00:00+00:00,22.210625,19.903442
2025-03-25 23:00:00+00:00,22.5415625,20.044216
2025-03-26 00:00:00+00:00,22.872500000000002,20.038204
2025-03-26 01:00:00+00:00,27.095625000000002,24.179695
2025-03-26 02:00:00+00:00,31.31875,25.403625
2025-03-26 03:00:00+00:00,35.541875000000005,27.2061
2025-03-26 04:00:00+00:00,39.765,30.632015
2025-03-26 05:00:00+00:00,28.75,28.028797
2025-03-26 06:00:00+00:00,17.735,24.806116
2025-03-26 07:00:00+00:00,28.389374999999998,28.18963
2025-03-26 08:00:00+00:00,39.04375,31.343533
2025-03-26 09:00:00+00:00,52.41822916666667,42.027294
2025-03-26 10:00:00+00:00,65.79270833333334,53.461098
2025-03-26 11:00:00+00:00,79.16718750000001,62.41563
2025-03-26 12:00:00+00:00,92.54166666666667,73.10748
2025-03-26 13:00:00+00:00,73.08562500000001,57.92234
2025-03-26 14:00:00+00:00,53.629583333333336,43.84032
2025-03-26 15:00:00+00:00,34.173541666666665,33.962063
2025-03-26 16:00:00+00:00,14.7175,22.062347
2025-03-26 17:00:00+00:00,19.314687499999998,25.342218
2025-03-26 18:00:00+00:00,23.911875000000002,28.486015
2025-03-26 19:00:00+00:00,28.5090625,29.371792
2025-03-26 20:00:00+00:00,33.10625,29.944288
2025-03-26 21:00:00+00:00,30.8434375,27.66092
2025-03-26 22:00:00+00:00,28.580625000000005,25.963543
2025-03-26 23:00:00+00:00,26.317812500000002,25.43011
2025-03-27 00:00:00+00:00,24.055,23.581455
2025-03-27 01:00:00+00:00,22.4265625,21.581022
2025-03-27 02:00:00+00:00,20.798124999999995,20.6414
2025-03-27 03:00:00+00:00,19.1696875,19.949423
2025-03-27 04:00:00+00:00,17.541249999999998,20.614761
2025-03-27 05:00:00+00:00,17.105625,18.602175
2025-03-27 06:00:00+00:00,16.67,16.26913
2025-03-27 07:00:00+00:00,19.14375,22.302807
2025-03-27 08:00:00+00:00,21.6175,29.159588
2025-03-27 09:00:00+00:00,28.259791666666665,29.623224
2025-03-27 10:00:00+00:00,34.90208333333334,31.896652
2025-03-27 11:00:00+00:00,41.544375,38.461372
2025-03-27 12:00:00+00:00,48.18666666666667,45.014626
2025-03-27 13:00:00+00:00,40.9028125,40.065853
2025-03-27 14:00:00+00:00,33.61895833333333,34.344387
2025-03-27 15:00:00+00:00,26.335104166666667,26.943708
2025-03-27 16:00:00+00:00,19.05125,19.002602
2025-03-27 17:00:00+00:00,21.879375,21.140762
2025-03-27 18:00:00+00:00,24.7075,23.87687
2025-03-27 19:00:00+00:00,27.535624999999996,25.74849
2025-03-27 20:00:00+00:00,30.36375,28.507494
2025-03-27 21:00:00+00:00,30.305,28.325611
2025-03-27 22:00:00+00:00,30.24625,28.941797
2025-03-27 23:00:00+00:00,30.1875,28.369007
2025-03-28 00:00:00+00:00,30.12875,26.66602
2025-03-28 01:00:00+00:00,30.9603125,28.959621
2025-03-28 02:00:00+00:00,31.791874999999997,26.998407
2025-03-28 03:00:00+00:00,32.6234375,27.344662
2025-03-28 04:00:00+00:00,33.455,29.284267
2025-03-28 05:00:00+00:00,30.869999999999997,28.343899
2025-03-28 06:00:00+00:00,28.285,25.821018
2025-03-28 07:00:00+00:00,32.308125,28.65103
2025-03-28 08:00:00+00:00,36.33125,31.825378
2025-03-28 09:00:00+00:00,33.361354166666665,34.464268
2025-03-28 10:00:00+00:00,30.391458333333333,36.52493
2025-03-28 11:00:00+00:00,27.4215625,36.44645
2025-03-28 12:00:00+00:00,24.451666666666668,36.584908
2025-03-28 13:00:00+00:00,26.8390625,36.060894
2025-03-28 14:00:00+00:00,29.226458333333333,36.707085
2025-03-28 15:00:00+00:00,31.613854166666666,34.57882
2025-03-28 16:00:00+00:00,34.00125,31.999117
2025-03-28 17:00:00+00:00,31.1940625,32.24482
2025-03-28 18:00:00+00:00,28.386875,32.495914
2025-03-28 19:00:00+00:00,25.5796875,30.936264
2025-03-28 20:00:00+00:00,22.7725,28.72343
2025-03-28 21:00:00+00:00,22.669375000000002,27.54634
2025-03-28 22:00:00+00:00,22.56625,26.73957
2025-03-28 23:00:00+00:00,22.463124999999998,26.543663
2025-03-29 00:00:00+00:00,22.36,25.561245
2025-03-29 01:00:00+00:00,23.33125,24.275276
2025-03-29 02:00:00+00:00,24.302500000000002,24.201279
2025-03-29 03:00:00+00:00,25.27375,23.608402
2025-03-29 04:00:00+00:00,26.245,22.652359
2025-03-29 05:00:00+00:00,20.865000000000002,22.266619
2025-03-29 06:00:00+00:00,15.485,24.19894
2025-03-29 07:00:00+00:00,27.072499999999998,28.6395
2025-03-29 08:00:00+00:00,38.65999999999999,32.920563
2025-03-29 09:00:00+00:00,35.40625,31.17951
2025-03-29 10:00:00+00:00,32.152499999999996,29.551628
2025-03-29 11:00:00+00:00,28.89875,27.700813
2025-03-29 12:00:00+00:00,25.645,28.134415
2025-03-29 13:00:00+00:00,40.0390625,65.72081
2025-03-29 14:00:00+00:00,54.433125000000004,100.77893
2025-03-29 15:00:00+00:00,68.8271875,132.35071
2025-03-29 16:00:00+00:00,83.22125,157.61212
2025-03-29 17:00:00+00:00,68.3375,108.82596
2025-03-29 18:00:00+00:00,53.45374999999999,64.884254
2025-03-29 19:00:00+00:00,38.57,42.593002
2025-03-29 20:00:00+00:00,23.68625,20.437527
2025-03-29 21:00:00+00:00,23.183125,22.653934
2025-03-29 22:00:00+00:00,22.679999999999996,22.900211
2025-03-29 23:00:00+00:00,22.176875,22.667229
2025-03-30 00:00:00+00:00,21.673749999999995,24.73552
2025-03-30 01:00:00+00:00,23.6021875,24.476208
2025-03-30 02:00:00+00:00,25.530625,25.378727
2025-03-30 03:00:00+00:00,27.459062499999998,26.07981
2025-03-30 04:00:00+00:00,29.3875,26.889606
2025-03-30 05:00:00+00:00,30.99375,25.566135
2025-03-30 06:00:00+00:00,32.599999999999994,23.64633
2025-03-30 07:00:00+00:00,35.094375,31.173332
2025-03-30 08:00:00+00:00,37.58875,39.523254
2025-03-30 09:00:00+00:00,37.88989583333333,38.139282
2025-03-30 10:00:00+00:00,38.19104166666666,34.7353
2025-03-30 11:00:00+00:00,38.4921875,32.396336
2025-03-30 12:00:00+00:00,38.79333333333333,31.667046
2025-03-30 13:00:00+00:00,41.14,37.543316
2025-03-30 14:00:00+00:00,43.486666666666665,42.307606
2025-03-30 15:00:00+00:00,45.83333333333333,44.88518
2025-03-30 16:00:00+00:00,48.18,44.732033
2025-03-30 17:00:00+00:00,39.205625000000005,35.190254
2025-03-30 18:00:00+00:00,30.23125,26.571619
2025-03-30 19:00:00+00:00,21.256874999999997,19.943184
2025-03-30 20:00:00+00:00,12.2825,14.220331
2025-03-30 21:00:00+00:00,17.9046875,17.421995
2025-03-30 22:00:00+00:00,23.526875,20.578129
2025-03-30 23:00:00+00:00,29.1490625,24.660013
2025-03-31 00:00:00+00:00,34.77125,28.354877
2025-03-31 01:00:00+00:00,34.127812500000005,26.852737
2025-03-31 02:00:00+00:00,33.484375,25.427433
2025-03-31 03:00:00+00:00,32.840937499999995,25.325861
2025-03-31 04:00:00+00:00,32.1975,25.214108
2025-03-31 05:00:00+00:00,33.27375,24.195377
2025-03-31 06:00:00+00:00,34.35,23.450977
2025-03-31 07:00:00+00:00,25.801875000000003,23.942608
2025-03-31 08:00:00+00:00,17.25375,24.84667
2025-03-31 09:00:00+00:00,18.694479166666667,25.657005
2025-03-31 10:00:00+00:00,20.13520833333333,25.690653
2025-03-31 11:00:00+00:00,21.5759375,25.260368
2025-03-31 12:00:00+00:00,23.016666666666666,26.273605
2025-03-31 13:00:00+00:00,24.7934375,27.868174
2025-03-31 14:00:00+00:00,26.570208333333333,30.286001
2025-03-31 15:00:00+00:00,28.346979166666667,33.734486
2025-03-31 16:00:00+00:00,30.12375,36.34369
2025-03-31 17:00:00+00:00,26.5815625,33.634525
2025-03-31 18:00:00+00:00,23.039375,29.09428
2025-03-31 19:00:00+00:00,19.497187500000003,24.32248
2025-03-31 20:00:00+00:00,15.955000000000002,19.206823
2025-03-31 21:00:00+00:00,20.2959375,21.765959
2025-03-31 22:00:00+00:00,24.636875000000003,25.263557
2025-03-31 23:00:00+00:00,28.977812500000002,29.25899
2025-04-01 00:00:00+00:00,33.31875,35.322056
2025-04-01 01:00:00+00:00,34.315937500000004,33.469486
2025-04-01 02:00:00+00:00,35.313125,31.293398
2025-04-01 03:00:00+00:00,36.3103125,31.738693
2025-04-01 04:00:00+00:00,37.307500000000005,32.24852
2025-04-01 05:00:00+00:00,25.45125,34.39547
2025-04-01 06:00:00+00:00,13.594999999999999,38.03543
2025-04-01 07:00:00+00:00,22.934375,37.91562
2025-04-01 08:00:00+00:00,32.27375,36.42356
2025-04-01 09:00:00+00:00,33.2965625,36.428257
2025-04-01 10:00:00+00:00,34.319375,35.83765
2025-04-01 11:00:00+00:00,35.3421875,34.191357
2025-04-01 12:00:00+00:00,36.365,33.30296
2025-04-01 13:00:00+00:00,33.635937500000004,31.36553
2025-04-01 14:00:00+00:00,30.906875,29.2517
2025-04-01 15:00:00+00:00,28.1778125,26.229387
2025-04-01 16:00:00+00:00,25.44875,22.705452
2025-04-01 17:00:00+00:00,26.914375,24.199677
2025-04-01 18:00:00+00:00,28.38,25.246395
2025-04-01 19:00:00+00:00,29.845625000000002,25.850422
2025-04-01 20:00:00+00:00,31.31125,27.414118
2025-04-01 21:00:00+00:00,29.4565625,28.127354
2025-04-01 22:00:00+00:00,27.601875,28.119007
2025-04-01 23:00:00+00:00,25.7471875,27.158566
2025-04-02 00:00:00+00:00,23.8925,26.890858
2025-04-02 01:00:00+00:00,23.991875,23.90805
2025-04-02 02:00:00+00:00,24.09125,24.758646
2025-04-02 03:00:00+00:00,24.190624999999997,24.762962
2025-04-02 04:00:00+00:00,24.29,24.4917
2025-04-02 05:00:00+00:00,19.465,21.77523
2025-04-02 06:00:00+00:00,14.64,18.60364
2025-04-02 07:00:00+00:00,19.765,21.346752
2025-04-02 08:00:00+00:00,24.889999999999997,24.135756
2025-04-02 09:00:00+00:00,27.881666666666668,26.495235
2025-04-02 10:00:00+00:00,30.87333333333333,30.515697
2025-04-02 11:00:00+00:00,33.864999999999995,34.44349
2025-04-02 12:00:00+00:00,36.85666666666666,37.144775
2025-04-02 13:00:00+00:00,31.746249999999996,33.99113
2025-04-02 14:00:00+00:00,26.63583333333333,30.647022
2025-04-02 15:00:00+00:00,21.525416666666665,27.338612
2025-04-02 16:00:00+00:00,16.415,24.116005
2025-04-02 17:00:00+00:00,22.68375,33.67024
2025-04-02 18:00:00+00:00,28.9525,43.917427
2025-04-02 19:00:00+00:00,35.22125,48.06231
2025-04-02 20:00:00+00:00,41.49,52.793526
2025-04-02 21:00:00+00:00,37.4734375,44.422123
2025-04-02 22:00:00+00:00,33.456875,36.72521
2025-04-02 23:00:00+00:00,29.440312499999997,33.20183
2025-04-03 00:00:00+00:00,25.42375,28.178913
2025-04-03 01:00:00+00:00,25.393749999999997,26.773558
2025-04-03 02:00:00+00:00,25.36375,26.33117
2025-04-03 03:00:00+00:00,25.333750000000002,25.865458
2025-04-03 04:00:00+00:00,25.303749999999997,26.232954
2025-04-03 05:00:00+00:00,37.219375,22.302921
2025-04-03 06:00:00+00:00,49.135000000000005,19.094566
2025-04-03 07:00:00+00:00,44.665000000000006,25.918293
2025-04-03 08:00:00+00:00,40.195,32.98533
2025-04-03 09:00:00+00:00,40.822500000000005,34.450134
2025-04-03 10:00:00+00:00,41.45,36.561523
2025-04-03 11:00:00+00:00,42.0775,39.88842
2025-04-03 12:00:00+00:00,42.705000000000005,41.506527
2025-04-03 13:00:00+00:00,39.604375000000005,35.919147
2025-04-03 14:00:00+00:00,36.503750000000004,29.931692
2025-04-03 15:00:00+00:00,33.403125,28.066174
2025-04-03 16:00:00+00:00,30.302500000000002,28.156406
2025-04-03 17:00:00+00:00,30.771250000000002,29.750414
2025-04-03 18:00:00+00:00,31.240000000000002,30.2255
2025-04-03 19:00:00+00:00,31.708750000000002,30.150522
2025-04-03 20:00:00+00:00,32.1775,29.81962
2025-04-03 21:00:00+00:00,27.5884375,26.183187
2025-04-03 22:00:00+00:00,22.999375,23.854755
2025-04-03 23:00:00+00:00,18.4103125,19.95403
2025-04-04 00:00:00+00:00,13.82125,16.326782
2025-04-04 01:00:00+00:00,24.2196875,21.819174
2025-04-04 02:00:00+00:00,34.618125,26.90008
2025-04-04 03:00:00+00:00,45.0165625,32.676952
2025-04-04 04:00:00+00:00,55.415,38.469162
2025-04-04 05:00:00+00:00,49.535,41.91046
2025-04-04 06:00:00+00:00,43.655,43.788387
2025-04-04 07:00:00+00:00,40.22625,42.884052
2025-04-04 08:00:00+00:00,36.7975,40.631622
2025-04-04 09:00:00+00:00,31.550208333333334,36.88695
2025-04-04 10:00:00+00:00,26.30291666666667,33.02945
2025-04-04 11:00:00+00:00,21.055625000000003,29.877758
2025-04-04 12:00:00+00:00,15.808333333333335,26.830791
2025-04-04 13:00:00+00:00,15.638125000000002,24.497684
2025-04-04 14:00:00+00:00,15.467916666666667,22.587097
2025-04-04 15:00:00+00:00,15.297708333333334,21.468853
2025-04-04 16:00:00+00:00,15.127500000000001,21.308014
2025-04-04 17:00:00+00:00,18.005000000000003,21.833447
2025-04-04 18:00:00+00:00,20.8825,23.33725
2025-04-04 19:00:00+00:00,23.759999999999998,24.780724
2025-04-04 20:00:00+00:00,26.6375,25.635433
2025-04-04 21:00:00+00:00,23.9846875,23.348637
2025-04-04 22:00:00+00:00,21.331875,20.852257
2025-04-04 23:00:00+00:00,18.6790625,18.107315
2025-04-05 00:00:00+00:00,16.02625,15.545871
2025-04-05 01:00:00+00:00,21.2746875,23.19215
2025-04-05 02:00:00+00:00,26.523125,29.635565
2025-04-05 03:00:00+00:00,31.7715625,36.15623
2025-04-05 04:00:00+00:00,37.02,41.126816
2025-04-05 05:00:00+00:00,35.3275,40.019096
2025-04-05 06:00:00+00:00,33.635000000000005,36.350357
2025-04-05 07:00:00+00:00,36.460625,33.53291
2025-04-05 08:00:00+00:00,39.286249999999995,32.35305
2025-04-05 09:00:00+00:00,38.141354166666666,28.702435
2025-04-05 10:00:00+00:00,36.99645833333334,24.890472
2025-04-05 11:00:00+00:00,35.85156250000001,24.398012
2025-04-05 12:00:00+00:00,34.70666666666667,25.37771
2025-04-05 13:00:00+00:00,33.096875000000004,27.497505
2025-04-05 14:00:00+00:00,31.487083333333334,28.782291
2025-04-05 15:00:00+00:00,29.877291666666665,26.860723
2025-04-05 16:00:00+00:00,28.2675,24.791733
2025-04-05 17:00:00+00:00,27.626562500000002,24.972609
2025-04-05 18:00:00+00:00,26.985625,25.951557
2025-04-05 19:00:00+00:00,26.3446875,26.77405
2025-04-05 20:00:00+00:00,25.70375,26.332718
2025-04-05 21:00:00+00:00,26.7284375,25.67413
2025-04-05 22:00:00+00:00,27.753125,24.636028
2025-04-05 23:00:00+00:00,28.777812500000003,24.394144
2025-04-06 00:00:00+00:00,29.802500000000002,26.612934
2025-04-06 01:00:00+00:00,30.8053125,28.12388
2025-04-06 02:00:00+00:00,31.808125,27.099277
2025-04-06 03:00:00+00:00,32.8109375,26.967133
2025-04-06 04:00:00+00:00,33.81375,27.106804
2025-04-06 05:00:00+00:00,27.409375,26.626554
2025-04-06 06:00:00+00:00,21.005000000000003,26.16331
2025-04-06 07:00:00+00:00,22.62,25.829216
2025-04-06 08:00:00+00:00,24.235,25.841228
2025-04-06 09:00:00+00:00,25.120416666666667,26.346998
2025-04-06 10:00:00+00:00,26.005833333333335,26.911505
2025-04-06 11:00:00+00:00,26.89125,28.043217
2025-04-06 12:00:00+00:00,27.776666666666667,29.260736
2025-04-06 13:00:00+00:00,28.4284375,30.402405
2025-04-06 14:00:00+00:00,29.08020833333333,31.615355
2025-04-06 15:00:00+00:00,29.731979166666665,32.125782
2025-04-06 16:00:00+00:00,30.38375,32.024208
2025-04-06 17:00:00+00:00,26.7340625,28.439629
2025-04-06 18:00:00+00:00,23.084375,25.0645
2025-04-06 19:00:00+00:00,19.4346875,22.002106
2025-04-06 20:00:00+00:00,15.784999999999998,18.757727
2025-04-06 21:00:00+00:00,19.984375,23.079752
2025-04-06 22:00:00+00:00,24.183750000000007,26.240473
2025-04-06 23:00:00+00:00,28.383125,30.659006
2025-04-07 00:00:00+00:00,32.5825,36.130024
2025-04-07 01:00:00+00:00,31.816250000000004,40.332153
2025-04-07 02:00:00+00:00,31.050000000000004,42.011116
2025-04-07 03:00:00+00:00,30.283749999999998,38.761444
2025-04-07 04:00:00+00:00,29.517500000000002,34.33317
2025-04-07 05:00:00+00:00,41.37625,28.518156
2025-04-07 06:00:00+00:00,53.235,22.962719
2025-04-07 07:00:00+00:00,42.286874999999995,27.437054
2025-04-07 08:00:00+00:00,31.338749999999997,33.545776
2025-04-07 09:00:00+00:00,32.84114583333333,37.41068
2025-04-07 10:00:00+00:00,34.34354166666667,40.922127
2025-04-07 11:00:00+00:00,35.845937500000005,40.050484
2025-04-07 12:00:00+00:00,37.348333333333336,38.209003
2025-04-07 13:00:00+00:00,34.814687500000005,35.45323
2025-04-07 14:00:00+00:00,32.28104166666667,32.71686
2025-04-07 15:00:00+00:00,29.747395833333332,31.71818
2025-04-07 16:00:00+00:00,27.21375,31.737486
2025-04-07 17:00:00+00:00,27.3865625,29.77087
2025-04-07 18:00:00+00:00,27.559375000000003,26.878536
2025-04-07 19:00:00+00:00,27.732187500000006,25.724396
2025-04-07 20:00:00+00:00,27.905,25.037174
2025-04-07 21:00:00+00:00,28.254687500000003,26.768162
2025-04-07 22:00:00+00:00,28.604375,28.186697
2025-04-07 23:00:00+00:00,28.9540625,29.036732
2025-04-08 00:00:00+00:00,29.30375,31.163372
2025-04-08 01:00:00+00:00,26.346562499999997,27.007784
2025-04-08 02:00:00+00:00,23.389375,23.565693
2025-04-08 03:00:00+00:00,20.4321875,21.836004
2025-04-08 04:00:00+00:00,17.475,22.835823
2025-04-08 05:00:00+00:00,25.88,42.561516
2025-04-08 06:00:00+00:00,34.285,60.168343
2025-04-08 07:00:00+00:00,51.53125000000001,55.25093
2025-04-08 08:00:00+00:00,68.7775,46.246475
2025-04-08 09:00:00+00:00,60.50604166666667,41.52096
2025-04-08 10:00:00+00:00,52.23458333333333,38.82728
2025-04-08 11:00:00+00:00,43.963125000000005,38.26869
2025-04-08 12:00:00+00:00,35.69166666666667,37.123516
2025-04-08 13:00:00+00:00,30.521250000000002,30.497047
2025-04-08 14:00:00+00:00,25.350833333333334,24.004513
2025-04-08 15:00:00+00:00,20.180416666666666,19.151623
2025-04-08 16:00:00+00:00,15.01,15.2760105
2025-04-08 17:00:00+00:00,14.611875,15.11084
2025-04-08 18:00:00+00:00,14.213750000000001,15.077854
2025-04-08 19:00:00+00:00,13.815625,16.499374
2025-04-08 20:00:00+00:00,13.4175,17.848103
2025-04-08 21:00:00+00:00,16.848125,20.512318
2025-04-08 22:00:00+00:00,20.278750000000002,23.373655
2025-04-08 23:00:00+00:00,23.709375,25.873138
2025-04-09 00:00:00+00:00,27.14,27.23875
2025-04-09 01:00:00+00:00,25.0853125,25.288498
2025-04-09 02:00:00+00:00,23.030625,23.172855
2025-04-09 03:00:00+00:00,20.9759375,20.39337
2025-04-09 04:00:00+00:00,18.92125,18.081371
2025-04-09 05:00:00+00:00,13.855625000000002,23.034824
2025-04-09 06:00:00+00:00,8.79,27.991972
2025-04-09 07:00:00+00:00,23.603749999999998,33.90015
2025-04-09 08:00:00+00:00,38.417500000000004,41.07777
2025-04-09 09:00:00+00:00,39.33729166666667,41.41453
2025-04-09 10:00:00+00:00,40.257083333333334,39.962334
2025-04-09 11:00:00+00:00,41.176874999999995,37.391914
2025-04-09 12:00:00+00:00,42.096666666666664,35.14653
2025-04-09 13:00:00+00:00,38.691874999999996,32.54181
2025-04-09 14:00:00+00:00,35.28708333333333,30.419607
2025-04-09 15:00:00+00:00,31.882291666666667,28.664446
2025-04-09 16:00:00+00:00,28.4775,27.588303
2025-04-09 17:00:00+00:00,27.4890625,28.067713
2025-04-09 18:00:00+00:00,26.500625,28.669874
2025-04-09 19:00:00+00:00,25.5121875,27.459352
2025-04-09 20:00:00+00:00,24.52375,25.229834
2025-04-09 21:00:00+00:00,25.123125,24.68162
2025-04-09 22:00:00+00:00,25.7225,25.531185
2025-04-09 23:00:00+00:00,26.321875,26.774921
2025-04-10 00:00:00+00:00,26.921249999999997,28.916721
2025-04-10 01:00:00+00:00,28.641875,29.951174
2025-04-10 02:00:00+00:00,30.3625,30.376253
2025-04-10 03:00:00+00:00,32.083125,30.812536
2025-04-10 04:00:00+00:00,33.80375,31.878313
2025-04-10 05:00:00+00:00,33.079375,28.401974
2025-04-10 06:00:00+00:00,32.355000000000004,24.018185
2025-04-10 07:00:00+00:00,34.78375,28.857819
2025-04-10 08:00:00+00:00,37.2125,32.909683
2025-04-10 09:00:00+00:00,34.591458333333335,29.864937
2025-04-10 10:00:00+00:00,31.970416666666665,27.32596
2025-04-10 11:00:00+00:00,29.349375000000002,25.132242
2025-04-10 12:00:00+00:00,26.728333333333335,23.917608
2025-04-10 13:00:00+00:00,25.588125,25.415749
2025-04-10 14:00:00+00:00,24.447916666666668,27.23404
2025-04-10 15:00:00+00:00,23.307708333333338,27.869022
2025-04-10 16:00:00+00:00,22.1675,27.250853
2025-04-10 17:00:00+00:00,23.3,27.997568
2025-04-10 18:00:00+00:00,24.432499999999997,27.74114
2025-04-10 19:00:00+00:00,25.564999999999998,26.913345
2025-04-10 20:00:00+00:00,26.697499999999998,25.41264
2025-04-10 21:00:00+00:00,24.066562499999996,23.290134
2025-04-10 22:00:00+00:00,21.435625000000005,22.265972
2025-04-10 23:00:00+00:00,18.8046875,21.362896
2025-04-11 00:00:00+00:00,16.173750000000002,20.502178
2025-04-11 01:00:00+00:00,20.803437500000005,25.07607
2025-04-11 02:00:00+00:00,25.433124999999997,29.55997
2025-04-11 03:00:00+00:00,30.062812499999996,33.13397
2025-04-11 04:00:00+00:00,34.692499999999995,36.70846
2025-04-11 05:00:00+00:00,31.221249999999998,35.391792
2025-04-11 06:00:00+00:00,27.75,32.975956
2025-04-11 07:00:00+00:00,34.570625,37.823402
2025-04-11 08:00:00+00:00,41.39125,43.16313
2025-04-11 09:00:00+00:00,37.2521875,45.11734
2025-04-11 10:00:00+00:00,33.113125,44.54847
2025-04-11 11:00:00+00:00,28.9740625,40.34258
2025-04-11 12:00:00+00:00,24.834999999999997,36.408787
2025-04-11 13:00:00+00:00,25.6034375,31.612146
2025-04-11 14:00:00+00:00,26.371875,27.139128
2025-04-11 15:00:00+00:00,27.1403125,24.565035
2025-04-11 16:00:00+00:00,27.908750000000005,22.845173
2025-04-11 17:00:00+00:00,27.4046875,22.870026
2025-04-11 18:00:00+00:00,26.900624999999998,24.230122
2025-04-11 19:00:00+00:00,26.396562499999998,25.801302
2025-04-11 20:00:00+00:00,25.8925,26.130524
2025-04-11 21:00:00+00:00,26.301875,26.222958
2025-04-11 22:00:00+00:00,26.711250000000003,26.091095
2025-04-11 23:00:00+00:00,27.120625,25.653982
2025-04-12 00:00:00+00:00,27.53,27.276878
2025-04-12 01:00:00+00:00,29.44375,30.063126
2025-04-12 02:00:00+00:00,31.3575,33.19011
2025-04-12 03:00:00+00:00,33.27125,34.4473
2025-04-12 04:00:00+00:00,35.18500000000001,34.981934
2025-04-12 05:00:00+00:00,23.887500000000003,29.775885
2025-04-12 06:00:00+00:00,12.59,25.16714
2025-04-12 07:00:00+00:00,19.531875,24.427742
2025-04-12 08:00:00+00:00,26.47375,23.917858
2025-04-12 09:00:00+00:00,38.232395833333335,28.740395
2025-04-12 10:00:00+00:00,49.991041666666675,32.966404
2025-04-12 11:00:00+00:00,61.74968750000001,38.959045
2025-04-12 12:00:00+00:00,73.50833333333334,45.194283
2025-04-12 13:00:00+00:00,63.260000000000005,42.28095
2025-04-12 14:00:00+00:00,53.01166666666667,38.667862
2025-04-12 15:00:00+00:00,42.763333333333335,35.835686
2025-04-12 16:00:00+00:00,32.515,32.256004
2025-04-12 17:00:00+00:00,27.9790625,28.856216
2025-04-12 18:00:00+00:00,23.443125000000002,24.841188
2025-04-12 19:00:00+00:00,18.9071875,21.206444
2025-04-12 20:00:00+00:00,14.371249999999998,18.320114
2025-04-12 21:00:00+00:00,14.16625,17.10897
2025-04-12 22:00:00+00:00,13.96125,16.670414
2025-04-12 23:00:00+00:00,13.75625,17.54675
2025-04-13 00:00:00+00:00,13.55125,19.22279
2025-04-13 01:00:00+00:00,16.583750000000002,22.861908
2025-04-13 02:00:00+00:00,19.61625,27.536625
2025-04-13 03:00:00+00:00,22.64875,32.77338
2025-04-13 04:00:00+00:00,25.681250000000002,37.127323
2025-04-13 05:00:00+00:00,19.165625000000002,29.971786
2025-04-13 06:00:00+00:00,12.65,21.868671
2025-04-13 07:00:00+00:00,15.705625,20.48062
2025-04-13 08:00:00+00:00,18.76125,19.538574
2025-04-13 09:00:00+00:00,22.661354166666666,21.729393
2025-04-13 10:00:00+00:00,26.561458333333334,25.696564
2025-04-13 11:00:00+00:00,30.4615625,32.50565
2025-04-13 12:00:00+00:00,34.361666666666665,38.42697
2025-04-13 13:00:00+00:00,32.31625,40.794132
2025-04-13 14:00:00+00:00,30.27083333333333,42.13244
2025-04-13 15:00:00+00:00,28.225416666666668,39.23473
2025-04-13 16:00:00+00:00,26.18,36.109608
2025-04-13 17:00:00+00:00,26.7125,33.187447
2025-04-13 18:00:00+00:00,27.245,30.029242
2025-04-13 19:00:00+00:00,27.777500000000003,27.798733
2025-04-13 20:00:00+00:00,28.31,25.92041
2025-04-13 21:00:00+00:00,27.4453125,25.25196
2025-04-13 22:00:00+00:00,26.580624999999998,24.845894
2025-04-13 23:00:00+00:00,25.715937500000003,24.080502
2025-04-14 00:00:00+00:00,24.85125,23.432518
2025-04-14 01:00:00+00:00,26.9171875,24.428572
2025-04-14 02:00:00+00:00,28.983125,25.838863
2025-04-14 03:00:00+00:00,31.0490625,28.882751
2025-04-14 04:00:00+00:00,33.115,32.388138
2025-04-14 05:00:00+00:00,25.520000000000003,25.850698
2025-04-14 06:00:00+00:00,17.925,19.76575
2025-04-14 07:00:00+00:00,26.698749999999997,29.963638
2025-04-14 08:00:00+00:00,35.4725,41.53287
2025-04-14 09:00:00+00:00,37.651041666666664,45.23635
2025-04-14 10:00:00+00:00,39.82958333333333,45.910957
2025-04-14 11:00:00+00:00,42.008125,43.325584
2025-04-14 12:00:00+00:00,44.18666666666667,38.986866
2025-04-14 13:00:00+00:00,38.776875000000004,33.378063
2025-04-14 14:00:00+00:00,33.36708333333333,28.806973
2025-04-14 15:00:00+00:00,27.957291666666666,26.20334
2025-04-14 16:00:00+00:00,22.5475,23.784101
2025-04-14 17:00:00+00:00,21.9096875,22.874685
2025-04-14 18:00:00+00:00,21.271875,22.017298
2025-04-14 19:00:00+00:00,20.634062499999995,21.720627
2025-04-14 20:00:00+00:00,19.99625,21.630356
2025-04-14 21:00:00+00:00,20.4909375,23.557732
2025-04-14 22:00:00+00:00,20.985625,25.312603
2025-04-14 23:00:00+00:00,21.480312499999997,26.199444
2025-04-15 00:00:00+00:00,21.974999999999998,27.321737
2025-04-15 01:00:00+00:00,20.994687499999998,25.321503
2025-04-15 02:00:00+00:00,20.014375,23.869389
2025-04-15 03:00:00+00:00,19.0340625,23.344648
2025-04-15 04:00:00+00:00,18.05375,23.471186
2025-04-15 05:00:00+00:00,21.426875000000003,21.687271
2025-04-15 06:00:00+00:00,24.8,19.507187
2025-04-15 07:00:00+00:00,32.32625,28.571121
2025-04-15 08:00:00+00:00,39.8525,38.06563
2025-04-15 09:00:00+00:00,39.038125,39.271133
2025-04-15 10:00:00+00:00,38.223749999999995,40.534492
2025-04-15 11:00:00+00:00,37.409375,41.543312
2025-04-15 12:00:00+00:00,36.595,42.259193
2025-04-15 13:00:00+00:00,34.251875,39.67254
2025-04-15 14:00:00+00:00,31.908749999999998,35.257904
2025-04-15 15:00:00+00:00,29.565625,29.008726
2025-04-15 16:00:00+00:00,27.2225,23.473043
2025-04-15 17:00:00+00:00,26.6490625,22.974312
2025-04-15 18:00:00+00:00,26.075625000000002,23.426945
2025-04-15 19:00:00+00:00,25.5021875,23.37471
2025-04-15 20:00:00+00:00,24.92875,23.448788
2025-04-15 21:00:00+00:00,24.386875,23.854723
2025-04-15 22:00:00+00:00,23.845,24.563725
2025-04-15 23:00:00+00:00,23.303125,23.697098
2025-04-16 00:00:00+00:00,22.76125,23.23003
2025-04-16 01:00:00+00:00,25.0609375,24.773996
2025-04-16 02:00:00+00:00,27.360625,26.708075
2025-04-16 03:00:00+00:00,29.6603125,29.965567
2025-04-16 04:00:00+00:00,31.96,32.497715
2025-04-16 05:00:00+00:00,31.4075,31.824663
2025-04-16 06:00:00+00:00,30.854999999999997,30.46108
2025-04-16 07:00:00+00:00,32.24875,34.472973
2025-04-16 08:00:00+00:00,33.6425,39.022774
2025-04-16 09:00:00+00:00,30.914375,35.406036
2025-04-16 10:00:00+00:00,28.18625,31.626968
2025-04-16 11:00:00+00:00,25.458125,28.208542
2025-04-16 12:00:00+00:00,22.73,26.000645
2025-04-16 13:00:00+00:00,30.5009375,30.422642
2025-04-16 14:00:00+00:00,38.271875,36.32093
2025-04-16 15:00:00+00:00,46.0428125,44.33424
2025-04-16 16:00:00+00:00,53.81375,49.95204
2025-04-16 17:00:00+00:00,47.7459375,48.474426
2025-04-16 18:00:00+00:00,41.678125,44.96883
2025-04-16 19:00:00+00:00,35.6103125,39.131565
2025-04-16 20:00:00+00:00,29.5425,33.050938
2025-04-16 21:00:00+00:00,26.044375000000002,27.704044
2025-04-16 22:00:00+00:00,22.54625,22.828402
2025-04-16 23:00:00+00:00,19.048125,19.67984
2025-04-17 00:00:00+00:00,15.55,17.604668
2025-04-17 01:00:00+00:00,16.50125,18.534739
2025-04-17 02:00:00+00:00,17.4525,19.112173
2025-04-17 03:00:00+00:00,18.403750000000002,19.40446
2025-04-17 04:00:00+00:00,19.355,19.965492
2025-04-17 05:00:00+00:00,16.805,20.955334
2025-04-17 06:00:00+00:00,14.255,22.377937
2025-04-17 07:00:00+00:00,21.405,25.84052
2025-04-17 08:00:00+00:00,28.555,28.524218
2025-04-17 09:00:00+00:00,26.420416666666668,25.6148
2025-04-17 10:00:00+00:00,24.285833333333333,21.953518
2025-04-17 11:00:00+00:00,22.15125,18.832335
2025-04-17 12:00:00+00:00,20.016666666666666,16.384453
2025-04-17 13:00:00+00:00,22.6165625,19.282732
2025-04-17 14:00:00+00:00,25.216458333333332,22.665913
2025-04-17 15:00:00+00:00,27.816354166666663,24.979248
2025-04-17 16:00:00+00:00,30.416249999999998,27.320536
2025-04-17 17:00:00+00:00,29.0634375,28.763468
2025-04-17 18:00:00+00:00,27.710625,29.233477
2025-04-17 19:00:00+00:00,26.357812499999998,28.026571
2025-04-17 20:00:00+00:00,25.005,26.71335
2025-04-17 21:00:00+00:00,25.8321875,26.023354
2025-04-17 22:00:00+00:00,26.659374999999997,25.776207
2025-04-17 23:00:00+00:00,27.486562499999998,25.926153
2025-04-18 00:00:00+00:00,28.31375,24.913567
2025-04-18 01:00:00+00:00,29.252812499999997,26.048027
2025-04-18 02:00:00+00:00,30.191875,27.235796
2025-04-18 03:00:00+00:00,31.1309375,28.534744
2025-04-18 04:00:00+00:00,32.07,28.478306
2025-04-18 05:00:00+00:00,24.5225,22.61135
2025-04-18 06:00:00+00:00,16.975,18.961517
2025-04-18 07:00:00+00:00,31.896875,25.590172
2025-04-18 08:00:00+00:00,46.818749999999994,32.430355
2025-04-18 09:00:00+00:00,43.123645833333335,33.759438
2025-04-18 10:00:00+00:00,39.42854166666666,33.860855
2025-04-18 11:00:00+00:00,35.7334375,33.635628
2025-04-18 12:00:00+00:00,32.038333333333334,33.82851
2025-04-18 13:00:00+00:00,33.8334375,34.909855
2025-04-18 14:00:00+00:00,35.62854166666666,36.90494
2025-04-18 15:00:00+00:00,37.423645833333325,38.076626
2025-04-18 16:00:00+00:00,39.21875,38.09708
2025-04-18 17:00:00+00:00,34.9390625,34.223648
2025-04-18 18:00:00+00:00,30.659375,29.372202
2025-04-18 19:00:00+00:00,26.379687500000003,25.290216
2025-04-18 20:00:00+00:00,22.1,21.47646
2025-04-18 21:00:00+00:00,21.301250000000003,20.984196
2025-04-18 22:00:00+00:00,20.502500000000005,20.988724
2025-04-18 23:00:00+00:00,19.70375,21.026531
2025-04-19 00:00:00+00:00,18.905,20.879059
2025-04-19 01:00:00+00:00,22.006875,20.981691
2025-04-19 02:00:00+00:00,25.10875,21.634716
2025-04-19 03:00:00+00:00,28.210625,22.907774
2025-04-19 04:00:00+00:00,31.3125,24.18228
2025-04-19 05:00:00+00:00,28.791249999999998,18.693104
2025-04-19 06:00:00+00:00,26.27,13.478117
2025-04-19 07:00:00+00:00,24.052500000000002,23.180965
2025-04-19 08:00:00+00:00,21.835,34.042946
2025-04-19 09:00:00+00:00,26.19291666666667,37.529488
2025-04-19 10:00:00+00:00,30.550833333333333,40.343864
2025-04-19 11:00:00+00:00,34.90875,40.92631
2025-04-19 12:00:00+00:00,39.266666666666666,39.755314
2025-04-19 13:00:00+00:00,38.154375,38.05933
2025-04-19 14:00:00+00:00,37.04208333333334,36.05188
2025-04-19 15:00:00+00:00,35.92979166666667,34.312775
2025-04-19 16:00:00+00:00,34.8175,33.07931
2025-04-19 17:00:00+00:00,31.556562500000002,31.441322
2025-04-19 18:00:00+00:00,28.295625,30.483686
2025-04-19 19:00:00+00:00,25.0346875,30.57907
2025-04-19 20:00:00+00:00,21.77375,29.267
2025-04-19 21:00:00+00:00,22.30375,26.9786
2025-04-19 22:00:00+00:00,22.833750000000002,25.797483
2025-04-19 23:00:00+00:00,23.36375,24.232868
2025-04-20 00:00:00+00:00,23.89375,22.744068
2025-04-20 01:00:00+00:00,24.585,24.10555
2025-04-20 02:00:00+00:00,25.27625,26.164314
2025-04-20 03:00:00+00:00,25.9675,30.668884
2025-04-20 04:00:00+00:00,26.65875,34.217216
2025-04-20 05:00:00+00:00,25.774375,31.634695
2025-04-20 06:00:00+00:00,24.889999999999997,28.060701
2025-04-20 07:00:00+00:00,30.00625,29.916754
2025-04-20 08:00:00+00:00,35.122499999999995,32.452805
2025-04-20 09:00:00+00:00,35.231875,33.782944
2025-04-20 10:00:00+00:00,35.34125,35.201836
2025-04-20 11:00:00+00:00,35.450624999999995,36.78701
2025-04-20 12:00:00+00:00,35.559999999999995,38.44907
2025-04-20 13:00:00+00:00,32.856874999999995,33.955658
2025-04-20 14:00:00+00:00,30.15375,29.535948
2025-04-20 15:00:00+00:00,27.450625000000002,26.055214
2025-04-20 16:00:00+00:00,24.747500000000002,23.032509
2025-04-20 17:00:00+00:00,28.571875000000002,27.757412
2025-04-20 18:00:00+00:00,32.39625,31.55837
2025-04-20 19:00:00+00:00,36.220625,35.08546
2025-04-20 20:00:00+00:00,40.045,38.64018
2025-04-20 21:00:00+00:00,37.1921875,35.773407
2025-04-20 22:00:00+00:00,34.339375000000004,32.463852
2025-04-20 23:00:00+00:00,31.486562499999998,28.447857
2025-04-21 00:00:00+00:00,28.63375,26.073692
2025-04-21 01:00:00+00:00,26.7921875,26.20028
2025-04-21 02:00:00+00:00,24.950625,24.154037
2025-04-21 03:00:00+00:00,23.1090625,22.463556
2025-04-21 04:00:00+00:00,21.267500000000002,21.187786
2025-04-21 05:00:00+00:00,29.94375,22.30838
2025-04-21 06:00:00+00:00,38.620000000000005,23.828499
2025-04-21 07:00:00+00:00,27.863125000000004,26.227322
2025-04-21 08:00:00+00:00,17.10625,28.919886
2025-04-21 09:00:00+00:00,20.587604166666665,29.709967
2025-04-21 10:00:00+00:00,24.068958333333335,29.994696
2025-04-21 11:00:00+00:00,27.550312499999997,31.425928
2025-04-21 12:00:00+00:00,31.031666666666666,32.49963
2025-04-21 13:00:00+00:00,27.204374999999995,31.0632
2025-04-21 14:00:00+00:00,23.37708333333333,29.079075
2025-04-21 15:00:00+00:00,19.549791666666668,25.207026
2025-04-21 16:00:00+00:00,15.7225,21.88556
2025-04-21 17:00:00+00:00,17.993125,22.57423
2025-04-21 18:00:00+00:00,20.26375,23.453136
2025-04-21 19:00:00+00:00,22.534375,24.619919
2025-04-21 20:00:00+00:00,24.805,25.913843
2025-04-21 21:00:00+00:00,24.8440625,25.779278
2025-04-21 22:00:00+00:00,24.883125,25.589388
2025-04-21 23:00:00+00:00,24.9221875,24.713638
2025-04-22 00:00:00+00:00,24.96125,24.777784
2025-04-22 01:00:00+00:00,27.19875,26.52717
2025-04-22 02:00:00+00:00,29.43625,29.387098
2025-04-22 03:00:00+00:00,31.673750000000002,32.870163
2025-04-22 04:00:00+00:00,33.91125,35.666348
2025-04-22 05:00:00+00:00,25.643125,35.60148
2025-04-22 06:00:00+00:00,17.375,34.791176
2025-04-22 07:00:00+00:00,23.9025,32.2714
2025-04-22 08:00:00+00:00,30.429999999999996,29.485487
2025-04-22 09:00:00+00:00,37.352916666666665,34.890846
2025-04-22 10:00:00+00:00,44.27583333333334,40.02869
2025-04-22 11:00:00+00:00,51.198750000000004,42.33903
2025-04-22 12:00:00+00:00,58.12166666666667,45.51707
2025-04-22 13:00:00+00:00,50.491875,40.590946
2025-04-22 14:00:00+00:00,42.86208333333333,34.934116
2025-04-22 15:00:00+00:00,35.232291666666676,30.967335
2025-04-22 16:00:00+00:00,27.602499999999996,26.812128
2025-04-22 17:00:00+00:00,27.6221875,26.65085
2025-04-22 18:00:00+00:00,27.641875,27.880884
2025-04-22 19:00:00+00:00,27.6615625,30.899975
2025-04-22 20:00:00+00:00,27.68125,32.85818
2025-04-22 21:00:00+00:00,26.787812499999998,30.468922
2025-04-22 22:00:00+00:00,25.894374999999997,27.753946
2025-04-22 23:00:00+00:00,25.0009375,24.921398
2025-04-23 00:00:00+00:00,24.107499999999998,22.45718
2025-04-23 01:00:00+00:00,23.978125,21.467924
2025-04-23 02:00:00+00:00,23.84875,20.927067
2025-04-23 03:00:00+00:00,23.719375,20.578884
2025-04-23 04:00:00+00:00,23.59,20.7967
2025-04-23 05:00:00+00:00,29.619999999999997,19.16206
2025-04-23 06:00:00+00:00,35.65,16.891712
2025-04-23 07:00:00+00:00,32.83625,23.799143
2025-04-23 08:00:00+00:00,30.0225,31.716145
2025-04-23 09:00:00+00:00,27.45979166666667,32.760674
2025-04-23 10:00:00+00:00,24.897083333333335,33.42774
2025-04-23 11:00:00+00:00,22.334374999999998,32.042953
2025-04-23 12:00:00+00:00,19.771666666666665,31.45851
2025-04-23 13:00:00+00:00,22.4684375,33.357323
2025-04-23 14:00:00+00:00,25.165208333333332,33.99118
2025-04-23 15:00:00+00:00,27.861979166666668,33.696598
2025-04-23 16:00:00+00:00,30.55875,33.35343
2025-04-23 17:00:00+00:00,30.7371875,31.95014
2025-04-23 18:00:00+00:00,30.915625,30.568388
2025-04-23 19:00:00+00:00,31.0940625,29.488943
2025-04-23 20:00:00+00:00,31.2725,27.860226
2025-04-23 21:00:00+00:00,29.3515625,26.111067
2025-04-23 22:00:00+00:00,27.430625,24.254608
2025-04-23 23:00:00+00:00,25.5096875,23.528017
2025-04-24 00:00:00+00:00,23.588749999999997,22.490568
2025-04-24 01:00:00+00:00,25.029374999999998,23.915722
2025-04-24 02:00:00+00:00,26.47,24.50705
2025-04-24 03:00:00+00:00,27.910625,25.425133
2025-04-24 04:00:00+00:00,29.35125,27.08185
2025-04-24 05:00:00+00:00,29.510625,30.006649
2025-04-24 06:00:00+00:00,29.67,33.12384
2025-04-24 07:00:00+00:00,29.09375,31.533302
2025-04-24 08:00:00+00:00,28.5175,27.932022
2025-04-24 09:00:00+00:00,30.078958333333333,27.26924
2025-04-24 10:00:00+00:00,31.640416666666663,27.892931
2025-04-24 11:00:00+00:00,33.201874999999994,28.274584
2025-04-24 12:00:00+00:00,34.76333333333333,28.921541
2025-04-24 13:00:00+00:00,32.675625,29.40804
2025-04-24 14:00:00+00:00,30.587916666666665,30.357037
2025-04-24 15:00:00+00:00,28.500208333333333,30.116152
2025-04-24 16:00:00+00:00,26.4125,28.792294
2025-04-24 17:00:00+00:00,25.8453125,26.54733
2025-04-24 18:00:00+00:00,25.278125,24.753954
2025-04-24 19:00:00+00:00,24.7109375,22.993223
2025-04-24 20:00:00+00:00,24.143749999999997,21.74906
2025-04-24 21:00:00+00:00,27.0525,25.679768
2025-04-24 22:00:00+00:00,29.96125,29.475285
2025-04-24 23:00:00+00:00,32.870000000000005,32.342987
2025-04-25 00:00:00+00:00,35.77875,34.78068
2025-04-25 01:00:00+00:00,34.3134375,36.353188
2025-04-25 02:00:00+00:00,32.848125,36.545197
2025-04-25 03:00:00+00:00,31.3828125,34.214283
2025-04-25 04:00:00+00:00,29.9175,32.485664
2025-04-25 05:00:00+00:00,28.98375,29.816578
2025-04-25 06:00:00+00:00,28.05,27.108006
2025-04-25 07:00:00+00:00,29.366875,32.46159
2025-04-25 08:00:00+00:00,30.68375,36.9722
2025-04-25 09:00:00+00:00,26.9965625,36.927757
2025-04-25 10:00:00+00:00,23.309375,36.56607
2025-04-25 11:00:00+00:00,19.622187500000003,32.961327
2025-04-25 12:00:00+00:00,15.935,29.619503
2025-04-25 13:00:00+00:00,17.0575,27.347033
2025-04-25 14:00:00+00:00,18.18,25.701904
2025-04-25 15:00:00+00:00,19.302500000000002,25.483831
2025-04-25 16:00:00+00:00,20.425,25.977179
2025-04-25 17:00:00+00:00,18.5728125,24.856747
2025-04-25 18:00:00+00:00,16.720625,23.706757
2025-04-25 19:00:00+00:00,14.868437499999999,20.73679
2025-04-25 20:00:00+00:00,13.01625,17.442366
2025-04-25 21:00:00+00:00,15.69625,18.073341
2025-04-25 22:00:00+00:00,18.37625,19.409378
2025-04-25 23:00:00+00:00,21.056250000000002,21.611208
2025-04-26 00:00:00+00:00,23.73625,23.772285
2025-04-26 01:00:00+00:00,24.2346875,25.951326
2025-04-26 02:00:00+00:00,24.733125,26.585987
2025-04-26 03:00:00+00:00,25.2315625,27.037273
2025-04-26 04:00:00+00:00,25.73,28.032341
2025-04-26 05:00:00+00:00,25.792499999999997,31.101624
2025-04-26 06:00:00+00:00,25.854999999999997,32.20431
2025-04-26 07:00:00+00:00,29.820625,30.52285
2025-04-26 08:00:00+00:00,33.78625,28.61959
2025-04-26 09:00:00+00:00,33.6546875,25.209772
2025-04-26 10:00:00+00:00,33.523125,22.632593
2025-04-26 11:00:00+00:00,33.3915625,22.933844
2025-04-26 12:00:00+00:00,33.26,23.459946
2025-04-26 13:00:00+00:00,32.7871875,24.023014
2025-04-26 14:00:00+00:00,32.314375,25.214212
2025-04-26 15:00:00+00:00,31.8415625,26.356415
2025-04-26 16:00:00+00:00,31.36875,28.560743
2025-04-26 17:00:00+00:00,29.8215625,28.50769
2025-04-26 18:00:00+00:00,28.274374999999996,27.552387
2025-04-26 19:00:00+00:00,26.7271875,26.561798
2025-04-26 20:00:00+00:00,25.18,24.076244
2025-04-26 21:00:00+00:00,25.4303125,23.15739
2025-04-26 22:00:00+00:00,25.680625,23.825794
2025-04-26 23:00:00+00:00,25.9309375,25.783508
2025-04-27 00:00:00+00:00,26.18125,27.73551
2025-04-27 01:00:00+00:00,26.834374999999998,27.621618
2025-04-27 02:00:00+00:00,27.487499999999994,26.959812
2025-04-27 03:00:00+00:00,28.140624999999996,26.31002
2025-04-27 04:00:00+00:00,28.793750000000003,25.883766
2025-04-27 05:00:00+00:00,24.794375000000002,22.649733
2025-04-27 06:00:00+00:00,20.795,18.171957
2025-04-27 07:00:00+00:00,23.271875,21.802345
2025-04-27 08:00:00+00:00,25.74875,27.196276
2025-04-27 09:00:00+00:00,25.5128125,31.15646
2025-04-27 10:00:00+00:00,25.276874999999997,33.86275
2025-04-27 11:00:00+00:00,25.0409375,33.513542
2025-04-27 12:00:00+00:00,24.804999999999996,32.264183
2025-04-27 13:00:00+00:00,22.840312499999996,28.549648
2025-04-27 14:00:00+00:00,20.875625,24.97967
2025-04-27 15:00:00+00:00,18.9109375,23.04065
2025-04-27 16:00:00+00:00,16.94625,22.07051
2025-04-27 17:00:00+00:00,19.3821875,24.402302
2025-04-27 18:00:00+00:00,21.818125,27.086868
2025-04-27 19:00:00+00:00,24.254062499999996,28.552338
2025-04-27 20:00:00+00:00,26.689999999999998,29.520315
2025-04-27 21:00:00+00:00,27.9603125,29.787231
2025-04-27 22:00:00+00:00,29.230625,30.27987
2025-04-27 23:00:00+00:00,30.5009375,30.755959
2025-04-28 00:00:00+00:00,31.771250000000002,30.382563
2025-04-28 01:00:00+00:00,30.707812500000003,30.079603
2025-04-28 02:00:00+00:00,29.644375,29.339615
2025-04-28 03:00:00+00:00,28.580937499999997,27.709751
2025-04-28 04:00:00+00:00,27.5175,26.235928
2025-04-28 05:00:00+00:00,20.49875,25.659086
2025-04-28 06:00:00+00:00,13.480000000000002,25.015923
2025-04-28 07:00:00+00:00,22.016875,27.710136
2025-04-28 08:00:00+00:00,30.55375,30.650408
2025-04-28 09:00:00+00:00,30.6440625,29.323687
2025-04-28 10:00:00+00:00,30.734375,27.898077
2025-04-28 11:00:00+00:00,30.824687500000003,26.85411
2025-04-28 12:00:00+00:00,30.915000000000003,26.218687
2025-04-28 13:00:00+00:00,30.99875,25.295172
2025-04-28 14:00:00+00:00,31.082500000000003,24.471304
2025-04-28 15:00:00+00:00,31.16625,24.539688
2025-04-28 16:00:00+00:00,31.25,24.585312
2025-04-28 17:00:00+00:00,29.276875,24.54295
2025-04-28 18:00:00+00:00,27.303750000000004,24.122793
2025-04-28 19:00:00+00:00,25.330625,23.794514
2025-04-28 20:00:00+00:00,23.3575,24.266024
2025-04-28 21:00:00+00:00,23.771875,24.666735
2025-04-28 22:00:00+00:00,24.18625,25.007162
2025-04-28 23:00:00+00:00,24.600624999999997,25.501444
2025-04-29 00:00:00+00:00,25.014999999999997,26.028069
2025-04-29 01:00:00+00:00,28.050312499999997,29.019638
2025-04-29 02:00:00+00:00,31.085625,32.44836
2025-04-29 03:00:00+00:00,34.1209375,34.44363
2025-04-29 04:00:00+00:00,37.15625,34.9926
2025-04-29 05:00:00+00:00,33.545625,29.02016
2025-04-29 06:00:00+00:00,29.935000000000002,22.991943
2025-04-29 07:00:00+00:00,30.07125,28.687914
2025-04-29 08:00:00+00:00,30.207500000000003,33.887604
2025-04-29 09:00:00+00:00,28.774375,32.837067
2025-04-29 10:00:00+00:00,27.341249999999995,31.378521
2025-04-29 11:00:00+00:00,25.908125,30.876385
2025-04-29 12:00:00+00:00,24.474999999999998,31.171337
2025-04-29 13:00:00+00:00,21.823124999999994,28.297163
2025-04-29 14:00:00+00:00,19.171249999999997,25.216501
2025-04-29 15:00:00+00:00,16.519375,22.525614
2025-04-29 16:00:00+00:00,13.8675,19.712868
2025-04-29 17:00:00+00:00,14.784062500000001,19.31593
2025-04-29 18:00:00+00:00,15.700625,19.011387
2025-04-29 19:00:00+00:00,16.6171875,19.104649
2025-04-29 20:00:00+00:00,17.53375,19.337162
2025-04-29 21:00:00+00:00,16.5215625,19.201824
2025-04-29 22:00:00+00:00,15.509375000000002,18.968782
2025-04-29 23:00:00+00:00,14.497187499999999,17.550444
2025-04-30 00:00:00+00:00,13.485000000000001,16.015627
2025-04-30 01:00:00+00:00,16.1396875,16.61419
2025-04-30 02:00:00+00:00,18.794375000000002,19.773445
2025-04-30 03:00:00+00:00,21.449062500000004,23.430065
2025-04-30 04:00:00+00:00,24.10375,26.81353
2025-04-30 05:00:00+00:00,28.084375,27.813341
2025-04-30 06:00:00+00:00,32.065,27.61789
2025-04-30 07:00:00+00:00,30.893124999999998,28.098816
2025-04-30 08:00:00+00:00,29.721249999999998,28.135006
2025-04-30 09:00:00+00:00,31.413854166666667,27.372892
2025-04-30 10:00:00+00:00,33.106458333333336,27.058294
2025-04-30 11:00:00+00:00,34.7990625,27.18724
2025-04-30 12:00:00+00:00,36.49166666666667,27.606588
2025-04-30 13:00:00+00:00,33.5859375,27.066555
2025-04-30 14:00:00+00:00,30.680208333333333,26.55233
2025-04-30 15:00:00+00:00,27.774479166666666,26.442217
2025-04-30 16:00:00+00:00,24.86875,26.220942
2025-04-30 17:00:00+00:00,24.2940625,27.010351
2025-04-30 18:00:00+00:00,23.719375,28.088116
2025-04-30 19:00:00+00:00,23.1446875,29.106144
2025-04-30 20:00:00+00:00,22.57,29.415854
2025-04-30 21:00:00+00:00,24.0534375,27.991951
2025-04-30 22:00:00+00:00,25.536875000000006,25.98108
2025-04-30 23:00:00+00:00,27.0203125,25.027351
2025-05-01 00:00:00+00:00,28.50375,24.176418
2025-05-01 01:00:00+00:00,29.0090625,25.272745
2025-05-01 02:00:00+00:00,29.514375,26.512003
2025-05-01 03:00:00+00:00,30.0196875,28.662098
2025-05-01 04:00:00+00:00,30.525,30.972773
2025-05-01 05:00:00+00:00,38.28,32.028526
2025-05-01 06:00:00+00:00,46.035000000000004,32.240147
2025-05-01 07:00:00+00:00,39.079375,30.924051
2025-05-01 08:00:00+00:00,32.12375,28.639801
2025-05-01 09:00:00+00:00,29.047395833333333,26.420519
2025-05-01 10:00:00+00:00,25.971041666666665,26.115639
2025-05-01 11:00:00+00:00,22.8946875,27.593567
2025-05-01 12:00:00+00:00,19.81833333333333,28.841045
2025-05-01 13:00:00+00:00,20.4334375,27.741566
2025-05-01 14:00:00+00:00,21.048541666666665,26.2419
2025-05-01 15:00:00+00:00,21.663645833333334,25.159773
2025-05-01 16:00:00+00:00,22.278749999999995,23.713488
2025-05-01 17:00:00+00:00,20.237499999999997,21.942379
2025-05-01 18:00:00+00:00,18.19625,19.821934
2025-05-01 19:00:00+00:00,16.155,18.353764
2025-05-01 20:00:00+00:00,14.11375,17.378578
2025-05-01 21:00:00+00:00,17.016875,19.301704
2025-05-01 22:00:00+00:00,19.92,22.261074
2025-05-01 23:00:00+00:00,22.823125,25.864315
2025-05-02 00:00:00+00:00,25.72625,30.323214
2025-05-02 01:00:00+00:00,28.4525,34.031673
2025-05-02 02:00:00+00:00,31.17875,37.4401
2025-05-02 03:00:00+00:00,33.905,39.35594
2025-05-02 04:00:00+00:00,36.63125,40.505516
2025-05-02 05:00:00+00:00,30.713125,42.165237
2025-05-02 06:00:00+00:00,24.795,42.875763
2025-05-02 07:00:00+00:00,27.269375000000004,36.086834
2025-05-02 08:00:00+00:00,29.743750000000002,28.330437
2025-05-02 09:00:00+00:00,29.416979166666668,23.960413
2025-05-02 10:00:00+00:00,29.090208333333333,21.6783
2025-05-02 11:00:00+00:00,28.7634375,22.748299
2025-05-02 12:00:00+00:00,28.436666666666667,24.303165
2025-05-02 13:00:00+00:00,28.2021875,26.698652
2025-05-02 14:00:00+00:00,27.967708333333334,29.050999
2025-05-02 15:00:00+00:00,27.733229166666668,28.265125
2025-05-02 16:00:00+00:00,27.49875,27.530525
2025-05-02 17:00:00+00:00,27.07875,27.541023
2025-05-02 18:00:00+00:00,26.65875,26.992554
2025-05-02 19:00:00+00:00,26.238750000000003,26.36933
2025-05-02 20:00:00+00:00,25.81875,25.75158
2025-05-02 21:00:00+00:00,25.521875,25.638536
2025-05-02 22:00:00+00:00,25.225,25.776934
2025-05-02 23:00:00+00:00,24.928125,25.111979
2025-05-03 00:00:00+00:00,24.63125,24.700914
2025-05-03 01:00:00+00:00,26.1709375,24.710157
2025-05-03 02:00:00+00:00,27.710625,24.03938
2025-05-03 03:00:00+00:00,29.250312499999996,24.093695
2025-05-03 04:00:00+00:00,30.79,24.893856
2025-05-03 05:00:00+00:00,33.8875,17.965816
2025-05-03 06:00:00+00:00,36.985,11.426703
2025-05-03 07:00:00+00:00,37.098124999999996,21.897488
2025-05-03 08:00:00+00:00,37.21125,32.993904
2025-05-03 09:00:00+00:00,35.4721875,34.88616
2025-05-03 10:00:00+00:00,33.733125,35.50453
2025-05-03 11:00:00+00:00,31.9940625,33.704865
2025-05-03 12:00:00+00:00,30.255,30.951164
2025-05-03 13:00:00+00:00,29.2028125,28.548765
2025-05-03 14:00:00+00:00,28.150624999999998,26.006609
2025-05-03 15:00:00+00:00,27.0984375,23.692337
2025-05-03 16:00:00+00:00,26.04625,22.02611
2025-05-03 17:00:00+00:00,22.271250000000002,20.463154
2025-05-03 18:00:00+00:00,18.496249999999996,19.46437
2025-05-03 19:00:00+00:00,14.721250000000001,18.426556
2025-05-03 20:00:00+00:00,10.946250000000001,17.305244
2025-05-03 21:00:00+00:00,12.560625,18.218527
2025-05-03 22:00:00+00:00,14.175,18.687881
2025-05-03 23:00:00+00:00,15.789375,19.372183
2025-05-04 00:00:00+00:00,17.40375,20.174757
2025-05-04 01:00:00+00:00,16.92875,20.148792
2025-05-04 02:00:00+00:00,16.45375,20.126518
2025-05-04 03:00:00+00:00,15.97875,19.776329
2025-05-04 04:00:00+00:00,15.50375,18.978823
2025-05-04 05:00:00+00:00,18.604374999999997,19.888992
2025-05-04 06:00:00+00:00,21.705,21.410847
2025-05-04 07:00:00+00:00,21.454375000000002,25.255953
2025-05-04 08:00:00+00:00,21.20375,29.307629
2025-05-04 09:00:00+00:00,23.797395833333333,30.136345
2025-05-04 10:00:00+00:00,26.391041666666666,30.9843
2025-05-04 11:00:00+00:00,28.9846875,29.909447
2025-05-04 12:00:00+00:00,31.578333333333333,28.298624
2025-05-04 13:00:00+00:00,30.895625,26.918043
2025-05-04 14:00:00+00:00,30.212916666666665,25.96501
2025-05-04 15:00:00+00:00,29.530208333333334,27.080404
2025-05-04 16:00:00+00:00,28.8475,28.442032
2025-05-04 17:00:00+00:00,26.7890625,27.738354
2025-05-04 18:00:00+00:00,24.730625,26.549938
2025-05-04 19:00:00+00:00,22.6721875,24.198326
2025-05-04 20:00:00+00:00,20.61375,22.03117
2025-05-04 21:00:00+00:00,21.3821875,22.477985
2025-05-04 22:00:00+00:00,22.150624999999998,23.510069
2025-05-04 23:00:00+00:00,22.9190625,23.969273
2025-05-05 00:00:00+00:00,23.6875,24.705473
2025-05-05 01:00:00+00:00,26.627499999999998,24.881489
2025-05-05 02:00:00+00:00,29.5675,26.399893
2025-05-05 03:00:00+00:00,32.5075,27.84216
2025-05-05 04:00:00+00:00,35.4475,29.415783
2025-05-05 05:00:00+00:00,27.463749999999997,30.397226
2025-05-05 06:00:00+00:00,19.479999999999997,31.774902
2025-05-05 07:00:00+00:00,27.422499999999996,34.797634
2025-05-05 08:00:00+00:00,35.364999999999995,36.410084
2025-05-05 09:00:00+00:00,35.59208333333333,38.364147
2025-05-05 10:00:00+00:00,35.81916666666666,40.639126
2025-05-05 11:00:00+00:00,36.04625,39.047203
2025-05-05 12:00:00+00:00,36.27333333333333,35.896183
2025-05-05 13:00:00+00:00,32.74125,29.179749
2025-05-05 14:00:00+00:00,29.20916666666667,23.787567
2025-05-05 15:00:00+00:00,25.677083333333332,22.41224
2025-05-05 16:00:00+00:00,22.144999999999996,21.603682
2025-05-05 17:00:00+00:00,21.119999999999997,21.975431
2025-05-05 18:00:00+00:00,20.095,22.477783
2025-05-05 19:00:00+00:00,19.07,22.252449
2025-05-05 20:00:00+00:00,18.044999999999998,21.514038
2025-05-05 21:00:00+00:00,17.073749999999997,19.655743
2025-05-05 22:00:00+00:00,16.1025,18.241325
2025-05-05 23:00:00+00:00,15.13125,17.814222
2025-05-06 00:00:00+00:00,14.16,18.112005
2025-05-06 01:00:00+00:00,19.0590625,21.777653
2025-05-06 02:00:00+00:00,23.958125000000003,27.015438
2025-05-06 03:00:00+00:00,28.857187500000002,31.960045
2025-05-06 04:00:00+00:00,33.75625,35.874596
2025-05-06 05:00:00+00:00,26.753125,33.779613
2025-05-06 06:00:00+00:00,19.75,31.03593
2025-05-06 07:00:00+00:00,35.384375,35.26699
2025-05-06 08:00:00+00:00,51.01875,38.999557
2025-05-06 09:00:00+00:00,46.29614583333333,34.78456
2025-05-06 10:00:00+00:00,41.573541666666664,29.205614
2025-05-06 11:00:00+00:00,36.8509375,24.37695
2025-05-06 12:00:00+00:00,32.12833333333333,21.674313
2025-05-06 13:00:00+00:00,30.811874999999997,23.062923
2025-05-06 14:00:00+00:00,29.495416666666664,25.909616
2025-05-06 15:00:00+00:00,28.17895833333333,27.900051
2025-05-06 16:00:00+00:00,26.8625,28.549522
2025-05-06 17:00:00+00:00,26.570625,29.30219
2025-05-06 18:00:00+00:00,26.278750000000006,28.619957
2025-05-06 19:00:00+00:00,25.986875,27.446535
2025-05-06 20:00:00+00:00,25.695,25.624903
2025-05-06 21:00:00+00:00,25.0471875,23.330353
2025-05-06 22:00:00+00:00,24.399375,21.100306
2025-05-06 23:00:00+00:00,23.751562500000002,18.941544
2025-05-07 00:00:00+00:00,23.10375,17.939053
2025-05-07 01:00:00+00:00,24.26625,22.872587
2025-05-07 02:00:00+00:00,25.42875,26.30105
2025-05-07 03:00:00+00:00,26.591250000000002,29.742222
2025-05-07 04:00:00+00:00,27.75375,32.27879
2025-05-07 05:00:00+00:00,34.206875,24.339052
2025-05-07 06:00:00+00:00,40.65999999999999,16.459745
2025-05-07 07:00:00+00:00,36.66875000000001,28.87283
2025-05-07 08:00:00+00:00,32.6775,43.75026
2025-05-07 09:00:00+00:00,34.31729166666667,48.19976
2025-05-07 10:00:00+00:00,35.95708333333333,48.433296
2025-05-07 11:00:00+00:00,37.596875,44.370834
2025-05-07 12:00:00+00:00,39.236666666666665,39.787582
2025-05-07 13:00:00+00:00,35.833749999999995,36.165543
2025-05-07 14:00:00+00:00,32.43083333333333,33.15667
2025-05-07 15:00:00+00:00,29.027916666666666,30.864172
2025-05-07 16:00:00+00:00,25.625,28.651112
2025-05-07 17:00:00+00:00,24.92625,27.87463
2025-05-07 18:00:00+00:00,24.227499999999996,27.14797
2025-05-07 19:00:00+00:00,23.52875,26.223732
2025-05-07 20:00:00+00:00,22.83,24.617409
2025-05-07 21:00:00+00:00,20.07875,21.061836
2025-05-07 22:00:00+00:00,17.3275,17.693275
2025-05-07 23:00:00+00:00,14.576249999999998,15.270256
2025-05-08 00:00:00+00:00,11.825,13.9535
2025-05-08 01:00:00+00:00,14.060937500000001,16.393356
2025-05-08 02:00:00+00:00,16.296875,18.558773
2025-05-08 03:00:00+00:00,18.532812500000002,20.487175
2025-05-08 04:00:00+00:00,20.76875,22.790823
2025-05-08 05:00:00+00:00,25.784375,23.226887
2025-05-08 06:00:00+00:00,30.799999999999997,22.819399
2025-05-08 07:00:00+00:00,24.748124999999998,22.993017
2025-05-08 08:00:00+00:00,18.69625,23.364847
2025-05-08 09:00:00+00:00,18.287604166666668,22.983587
2025-05-08 10:00:00+00:00,17.878958333333333,23.156416
2025-05-08 11:00:00+00:00,17.4703125,23.444117
2025-05-08 12:00:00+00:00,17.061666666666667,24.0439
2025-05-08 13:00:00+00:00,20.00125,25.348082
2025-05-08 14:00:00+00:00,22.940833333333334,26.080471
2025-05-08 15:00:00+00:00,25.88041666666667,26.526754
2025-05-08 16:00:00+00:00,28.82,26.952383
2025-05-08 17:00:00+00:00,27.7434375,27.013828
2025-05-08 18:00:00+00:00,26.666875,26.754986
2025-05-08 19:00:00+00:00,25.590312500000003,26.185438
2025-05-08 20:00:00+00:00,24.51375,25.507069
2025-05-08 21:00:00+00:00,23.316562500000003,24.523584
2025-05-08 22:00:00+00:00,22.119375,23.222523
2025-05-08 23:00:00+00:00,20.9221875,21.477795
2025-05-09 00:00:00+00:00,19.725,20.47677
2025-05-09 01:00:00+00:00,21.444375,22.198816
2025-05-09 02:00:00+00:00,23.16375,23.830143
2025-05-09 03:00:00+00:00,24.883125,25.87306
2025-05-09 04:00:00+00:00,26.6025,27.513048
2025-05-09 05:00:00+00:00,33.54375,31.303951
2025-05-09 06:00:00+00:00,40.485,36.085693
2025-05-09 07:00:00+00:00,44.89187499999999,34.337746
2025-05-09 08:00:00+00:00,49.29875,31.703995
2025-05-09 09:00:00+00:00,44.135729166666664,34.423332
2025-05-09 10:00:00+00:00,38.97270833333333,36.13824
2025-05-09 11:00:00+00:00,33.809687499999995,36.259834
2025-05-09 12:00:00+00:00,28.64666666666666,36.180122
2025-05-09 13:00:00+00:00,28.729999999999997,33.80655
2025-05-09 14:00:00+00:00,28.813333333333333,32.154934
2025-05-09 15:00:00+00:00,28.89666666666667,30.896858
2025-05-09 16:00:00+00:00,28.98,29.972057
2025-05-09 17:00:00+00:00,26.6375,27.223597
2025-05-09 18:00:00+00:00,24.295,23.368576
2025-05-09 19:00:00+00:00,21.9525,21.250454
2025-05-09 20:00:00+00:00,19.61,19.168938
2025-05-09 21:00:00+00:00,19.814375,19.015034
2025-05-09 22:00:00+00:00,20.018749999999997,18.512905
2025-05-09 23:00:00+00:00,20.223125,17.341444
2025-05-10 00:00:00+00:00,20.4275,16.36729
2025-05-10 01:00:00+00:00,19.9896875,17.649845
2025-05-10 02:00:00+00:00,19.551875,19.66037
2025-05-10 03:00:00+00:00,19.1140625,22.628551
2025-05-10 04:00:00+00:00,18.67625,26.098291
2025-05-10 05:00:00+00:00,29.225625,33.93685
2025-05-10 06:00:00+00:00,39.775,40.52958
2025-05-10 07:00:00+00:00,42.796875,43.000835
2025-05-10 08:00:00+00:00,45.81875,44.021538
2025-05-10 09:00:00+00:00,48.896145833333335,44.08039
2025-05-10 10:00:00+00:00,51.97354166666667,44.719387
2025-05-10 11:00:00+00:00,55.050937499999996,46.564415
2025-05-10 12:00:00+00:00,58.12833333333333,48.23884
2025-05-10 13:00:00+00:00,49.7965625,43.905853
2025-05-10 14:00:00+00:00,41.46479166666666,38.24117
2025-05-10 15:00:00+00:00,33.13302083333333,30.726526
2025-05-10 16:00:00+00:00,24.80125,24.030968
2025-05-10 17:00:00+00:00,24.873124999999998,22.525993
2025-05-10 18:00:00+00:00,24.945,22.956575
2025-05-10 19:00:00+00:00,25.016875,23.861221
2025-05-10 20:00:00+00:00,25.088749999999997,23.695581
2025-05-10 21:00:00+00:00,25.170624999999998,23.704046
2025-05-10 22:00:00+00:00,25.252499999999994,23.514193
2025-05-10 23:00:00+00:00,25.334374999999998,23.190783
2025-05-11 00:00:00+00:00,25.416249999999998,23.578604
2025-05-11 01:00:00+00:00,25.7746875,23.697021
2025-05-11 02:00:00+00:00,26.133125,23.685766
2025-05-11 03:00:00+00:00,26.4915625,23.25599
2025-05-11 04:00:00+00:00,26.85,22.51723
2025-05-11 05:00:00+00:00,31.8725,24.82093
2025-05-11 06:00:00+00:00,36.894999999999996,28.585594
2025-05-11 07:00:00+00:00,40.468125,36.572212
2025-05-11 08:00:00+00:00,44.041250000000005,44.152855
2025-05-11 09:00:00+00:00,40.70885416666667,46.93781
2025-05-11 10:00:00+00:00,37.37645833333334,47.892296
2025-05-11 11:00:00+00:00,34.0440625,43.191566
2025-05-11 12:00:00+00:00,30.71166666666667,37.60523
2025-05-11 13:00:00+00:00,31.2871875,34.83561
2025-05-11 14:00:00+00:00,31.862708333333337,32.9423
2025-05-11 15:00:00+00:00,32.438229166666666,32.704628
2025-05-11 16:00:00+00:00,33.01375,32.455475
2025-05-11 17:00:00+00:00,30.745625000000004,30.153053
2025-05-11 18:00:00+00:00,28.4775,27.783035
2025-05-11 19:00:00+00:00,26.209375,25.532852
2025-05-11 20:00:00+00:00,23.941250000000004,23.633575
2025-05-11 21:00:00+00:00,23.9834375,23.71041
2025-05-11 22:00:00+00:00,24.025624999999998,23.551151
2025-05-11 23:00:00+00:00,24.0678125,22.86366
2025-05-12 00:00:00+00:00,24.11,21.66674
2025-05-12 01:00:00+00:00,21.915625,20.963974
2025-05-12 02:00:00+00:00,19.721249999999998,19.472431
2025-05-12 03:00:00+00:00,17.526875000000004,19.84629
2025-05-12 04:00:00+00:00,15.3325,19.62678
2025-05-12 05:00:00+00:00,22.87875,19.6505
2025-05-12 06:00:00+00:00,30.425,20.391933
2025-05-12 07:00:00+00:00,28.046875,26.582466
2025-05-12 08:00:00+00:00,25.66875,32.88328
2025-05-12 09:00:00+00:00,23.1840625,32.389534
2025-05-12 10:00:00+00:00,20.699375,31.338388
2025-05-12 11:00:00+00:00,18.214687499999997,27.24789
2025-05-12 12:00:00+00:00,15.729999999999999,22.998066
2025-05-12 13:00:00+00:00,17.01125,19.846788
2025-05-12 14:00:00+00:00,18.292499999999997,17.056427
2025-05-12 15:00:00+00:00,19.57375,16.001766
2025-05-12 16:00:00+00:00,20.855,15.977986
2025-05-12 17:00:00+00:00,22.2653125,19.14853
2025-05-12 18:00:00+00:00,23.675625,23.049866
2025-05-12 19:00:00+00:00,25.0859375,24.858381
2025-05-12 20:00:00+00:00,26.49625,26.221407
2025-05-12 21:00:00+00:00,25.825,25.621565
2025-05-12 22:00:00+00:00,25.153750000000002,25.224924
2025-05-12 23:00:00+00:00,24.482499999999998,24.8179
2025-05-13 00:00:00+00:00,23.81125,24.376759
2025-05-13 01:00:00+00:00,23.4834375,22.931944
2025-05-13 02:00:00+00:00,23.155625,22.097744
2025-05-13 03:00:00+00:00,22.8278125,23.401073
2025-05-13 04:00:00+00:00,22.5,25.172335
2025-05-13 05:00:00+00:00,17.155,30.793411
2025-05-13 06:00:00+00:00,11.81,36.29574
2025-05-13 07:00:00+00:00,23.945,33.288536
2025-05-13 08:00:00+00:00,36.08,29.524805
2025-05-13 09:00:00+00:00,39.91166666666666,30.960539
2025-05-13 10:00:00+00:00,43.74333333333333,33.926147
2025-05-13 11:00:00+00:00,47.575,35.421257
2025-05-13 12:00:00+00:00,51.406666666666666,35.715157
2025-05-13 13:00:00+00:00,46.1721875,33.579113
2025-05-13 14:00:00+00:00,40.93770833333333,32.387527
2025-05-13 15:00:00+00:00,35.70322916666667,30.4455
2025-05-13 16:00:00+00:00,30.46875,27.412836
2025-05-13 17:00:00+00:00,29.415,26.819061
2025-05-13 18:00:00+00:00,28.36125,26.528759
2025-05-13 19:00:00+00:00,27.3075,25.881466
2025-05-13 20:00:00+00:00,26.25375,25.271116
2025-05-13 21:00:00+00:00,24.46,23.377943
2025-05-13 22:00:00+00:00,22.666249999999998,22.012283
2025-05-13 23:00:00+00:00,20.8725,20.768173
2025-05-14 00:00:00+00:00,19.07875,19.440922
2025-05-14 01:00:00+00:00,20.509375,18.907574
2025-05-14 02:00:00+00:00,21.939999999999998,19.988058
2025-05-14 03:00:00+00:00,23.370625,20.567078
2025-05-14 04:00:00+00:00,24.80125,20.802689
2025-05-14 05:00:00+00:00,25.303125,18.51341
2025-05-14 06:00:00+00:00,25.805,17.735703
2025-05-14 07:00:00+00:00,30.465,29.310528
2025-05-14 08:00:00+00:00,35.125,42.98525
2025-05-14 09:00:00+00:00,40.44916666666666,45.66567
2025-05-14 10:00:00+00:00,45.773333333333326,46.951714
2025-05-14 11:00:00+00:00,51.0975,49.905228
2025-05-14 12:00:00+00:00,56.42166666666666,51.716457
2025-05-14 13:00:00+00:00,50.52999999999999,51.666275
2025-05-14 14:00:00+00:00,44.638333333333335,50.556118
2025-05-14 15:00:00+00:00,38.74666666666667,49.112953
2025-05-14 16:00:00+00:00,32.855000000000004,46.943695
2025-05-14 17:00:00+00:00,30.314375000000002,41.35193
2025-05-14 18:00:00+00:00,27.77375,35.9504
2025-05-14 19:00:00+00:00,25.233125,30.78745
2025-05-14 20:00:00+00:00,22.692499999999995,25.480005
2025-05-14 21:00:00+00:00,23.85625,23.974525
2025-05-14 22:00:00+00:00,25.02,22.78196
2025-05-14 23:00:00+00:00,26.18375,22.065594
2025-05-15 00:00:00+00:00,27.3475,21.879509
2025-05-15 01:00:00+00:00,28.389374999999998,24.103935
2025-05-15 02:00:00+00:00,29.43125,24.638054
2025-05-15 03:00:00+00:00,30.473125,25.438667
2025-05-15 04:00:00+00:00,31.515,27.863327
2025-05-15 05:00:00+00:00,32.3575,27.604206
2025-05-15 06:00:00+00:00,33.2,27.472845
2025-05-15 07:00:00+00:00,32.595,32.81479
2025-05-15 08:00:00+00:00,31.990000000000002,36.995125
2025-05-15 09:00:00+00:00,34.41833333333334,41.07464
2025-05-15 10:00:00+00:00,36.846666666666664,44.88376
2025-05-15 11:00:00+00:00,39.275,48.05079
2025-05-15 12:00:00+00:00,41.70333333333333,50.67982
2025-05-15 13:00:00+00:00,38.0459375,44.971268
2025-05-15 14:00:00+00:00,34.38854166666667,38.60973
2025-05-15 15:00:00+00:00,30.731145833333333,32.807297
2025-05-15 16:00:00+00:00,27.07375,27.894768
2025-05-15 17:00:00+00:00,28.23625,27.560484
2025-05-15 18:00:00+00:00,29.398750000000003,27.90929
2025-05-15 19:00:00+00:00,30.56125,28.9338
2025-05-15 20:00:00+00:00,31.72375,29.410204
2025-05-15 21:00:00+00:00,29.908749999999998,28.051706
2025-05-15 22:00:00+00:00,28.09375,27.087921
2025-05-15 23:00:00+00:00,26.27875,26.51745
2025-05-16 00:00:00+00:00,24.463749999999997,25.63508
2025-05-16 01:00:00+00:00,25.428749999999997,26.960484
2025-05-16 02:00:00+00:00,26.393749999999997,27.657372
2025-05-16 03:00:00+00:00,27.35875,28.522999
2025-05-16 04:00:00+00:00,28.32375,29.837358
2025-05-16 05:00:00+00:00,27.426875000000003,27.667171
2025-05-16 06:00:00+00:00,26.53,25.687609
2025-05-16 07:00:00+00:00,24.765624999999996,27.206385
2025-05-16 08:00:00+00:00,23.00125,28.11815
2025-05-16 09:00:00+00:00,22.978854166666665,28.51497
2025-05-16 10:00:00+00:00,22.956458333333327,28.97336
2025-05-16 11:00:00+00:00,22.9340625,28.854702
2025-05-16 12:00:00+00:00,22.911666666666665,28.510653
2025-05-16 13:00:00+00:00,20.965312499999996,24.735243
2025-05-16 14:00:00+00:00,19.01895833333333,21.262024
2025-05-16 15:00:00+00:00,17.072604166666665,19.095905
2025-05-16 16:00:00+00:00,15.126249999999999,16.975956
2025-05-16 17:00:00+00:00,16.4365625,17.44355
2025-05-16 18:00:00+00:00,17.746875,18.448616
2025-05-16 19:00:00+00:00,19.057187499999998,19.461205
2025-05-16 20:00:00+00:00,20.3675,20.531147
2025-05-16 21:00:00+00:00,21.7075,21.024593
2025-05-16 22:00:00+00:00,23.0475,22.395607
2025-05-16 23:00:00+00:00,24.3875,24.066553
2025-05-17 00:00:00+00:00,25.7275,24.544828
2025-05-17 01:00:00+00:00,26.002187499999998,25.096369
2025-05-17 02:00:00+00:00,26.276874999999997,25.007174
2025-05-17 03:00:00+00:00,26.5515625,25.091202
2025-05-17 04:00:00+00:00,26.826249999999998,25.513895
2025-05-17 05:00:00+00:00,27.935624999999998,26.200579
2025-05-17 06:00:00+00:00,29.044999999999998,26.91811
2025-05-17 07:00:00+00:00,30.839374999999997,25.20533
2025-05-17 08:00:00+00:00,32.63375,22.91547
2025-05-17 09:00:00+00:00,33.17989583333333,22.030186
2025-05-17 10:00:00+00:00,33.72604166666667,22.430164
2025-05-17 11:00:00+00:00,34.2721875,26.227272
2025-05-17 12:00:00+00:00,34.818333333333335,31.188553
2025-05-17 13:00:00+00:00,36.16093750000001,34.907272
2025-05-17 14:00:00+00:00,37.50354166666666,38.359985
2025-05-17 15:00:00+00:00,38.84614583333333,39.129707
2025-05-17 16:00:00+00:00,40.18875,39.132217
2025-05-17 17:00:00+00:00,37.3803125,38.32643
2025-05-17 18:00:00+00:00,34.571875,36.24206
2025-05-17 19:00:00+00:00,31.7634375,33.580406
2025-05-17 20:00:00+00:00,28.955,30.536026
2025-05-17 21:00:00+00:00,28.21625,28.643831
2025-05-17 22:00:00+00:00,27.4775,26.654787
2025-05-17 23:00:00+00:00,26.73875,25.466192
2025-05-18 00:00:00+00:00,26.0,25.20779
2025-05-18 01:00:00+00:00,24.767812499999998,23.03731
2025-05-18 02:00:00+00:00,23.535625,22.14487
2025-05-18 03:00:00+00:00,22.3034375,21.284967
2025-05-18 04:00:00+00:00,21.07125,20.587875
2025-05-18 05:00:00+00:00,22.668125,21.897013
2025-05-18 06:00:00+00:00,24.265,24.222437
2025-05-18 07:00:00+00:00,30.440625,29.071339
2025-05-18 08:00:00+00:00,36.61625,33.559868
2025-05-18 09:00:00+00:00,34.68635416666667,34.986015
2025-05-18 10:00:00+00:00,32.756458333333335,35.95109
2025-05-18 11:00:00+00:00,30.826562499999998,36.60752
2025-05-18 12:00:00+00:00,28.896666666666665,37.34647
2025-05-18 13:00:00+00:00,31.1353125,39.898552
2025-05-18 14:00:00+00:00,33.373958333333334,42.415943
2025-05-18 15:00:00+00:00,35.612604166666664,44.45811
2025-05-18 16:00:00+00:00,37.85125,46.096523
2025-05-18 17:00:00+00:00,36.181875,40.892834
2025-05-18 18:00:00+00:00,34.5125,35.68266
2025-05-18 19:00:00+00:00,32.843125,31.421116
2025-05-18 20:00:00+00:00,31.17375,26.714739
2025-05-18 21:00:00+00:00,29.1634375,25.762474
2025-05-18 22:00:00+00:00,27.153125,24.88052
2025-05-18 23:00:00+00:00,25.1428125,23.572437
2025-05-19 00:00:00+00:00,23.132500000000004,23.25534
2025-05-19 01:00:00+00:00,26.093125,23.08939
2025-05-19 02:00:00+00:00,29.05375,23.824081
2025-05-19 03:00:00+00:00,32.014375,24.382206
2025-05-19 04:00:00+00:00,34.975,24.323498
2025-05-19 05:00:00+00:00,30.0725,23.41006
2025-05-19 06:00:00+00:00,25.17,24.61459
2025-05-19 07:00:00+00:00,33.305,35.69538
2025-05-19 08:00:00+00:00,41.44,47.007755
2025-05-19 09:00:00+00:00,37.205,44.40865
2025-05-19 10:00:00+00:00,32.97,38.92028
2025-05-19 11:00:00+00:00,28.735,34.271637
2025-05-19 12:00:00+00:00,24.5,30.702108
2025-05-19 13:00:00+00:00,27.115624999999998,30.502344
2025-05-19 14:00:00+00:00,29.73125,30.17178
2025-05-19 15:00:00+00:00,32.346875,28.970934
2025-05-19 16:00:00+00:00,34.9625,29.224937
2025-05-19 17:00:00+00:00,32.50625,29.113548
2025-05-19 18:00:00+00:00,30.05,28.843946
2025-05-19 19:00:00+00:00,27.59375,28.903107
2025-05-19 20:00:00+00:00,25.137500000000003,28.157602
2025-05-19 21:00:00+00:00,26.675625000000004,28.624672
2025-05-19 22:00:00+00:00,28.21375,28.784367
2025-05-19 23:00:00+00:00,29.751875000000002,28.396734
2025-05-20 00:00:00+00:00,31.290000000000003,28.32152
2025-05-20 01:00:00+00:00,30.1175,28.847313
2025-05-20 02:00:00+00:00,28.945,27.796333
2025-05-20 03:00:00+00:00,27.7725,27.65341
2025-05-20 04:00:00+00:00,26.6,27.734175
2025-05-20 05:00:00+00:00,27.3875,27.298353
2025-05-20 06:00:00+00:00,28.174999999999997,27.210594
2025-05-20 07:00:00+00:00,32.796875,33.673264
2025-05-20 08:00:00+00:00,37.41875,39.51201
2025-05-20 09:00:00+00:00,33.02197916666667,36.25796
2025-05-20 10:00:00+00:00,28.625208333333333,32.278297
2025-05-20 11:00:00+00:00,24.228437500000002,27.35225
2025-05-20 12:00:00+00:00,19.831666666666667,22.370045
2025-05-20 13:00:00+00:00,19.9,21.297619
2025-05-20 14:00:00+00:00,19.968333333333334,21.669754
2025-05-20 15:00:00+00:00,20.03666666666667,21.611721
2025-05-20 16:00:00+00:00,20.105,21.064648
2025-05-20 17:00:00+00:00,18.4825,21.215336
2025-05-20 18:00:00+00:00,16.86,21.288868
2025-05-20 19:00:00+00:00,15.237499999999999,20.263504
2025-05-20 20:00:00+00:00,13.615,18.834614
2025-05-20 21:00:00+00:00,15.481875,18.62819
2025-05-20 22:00:00+00:00,17.34875,19.137106
2025-05-20 23:00:00+00:00,19.215625,20.221031
2025-05-21 00:00:00+00:00,21.0825,22.498152
2025-05-21 01:00:00+00:00,23.85125,25.302683
2025-05-21 02:00:00+00:00,26.619999999999997,25.961102
2025-05-21 03:00:00+00:00,29.388749999999998,26.319475
2025-05-21 04:00:00+00:00,32.1575,26.425951
2025-05-21 05:00:00+00:00,27.69375,26.810358
2025-05-21 06:00:00+00:00,23.23,26.913456
2025-05-21 07:00:00+00:00,27.134999999999998,29.188715
2025-05-21 08:00:00+00:00,31.04,31.075432
2025-05-21 09:00:00+00:00,33.32875,30.853832
2025-05-21 10:00:00+00:00,35.61750000000001,30.617102
2025-05-21 11:00:00+00:00,37.90625,31.770386
2025-05-21 12:00:00+00:00,40.195,33.77014
2025-05-21 13:00:00+00:00,37.9984375,33.510246
2025-05-21 14:00:00+00:00,35.801874999999995,32.95714
2025-05-21 15:00:00+00:00,33.6053125,32.35439
2025-05-21 16:00:00+00:00,31.408749999999998,30.99856
2025-05-21 17:00:00+00:00,31.614375,30.383804
2025-05-21 18:00:00+00:00,31.82,29.51551
2025-05-21 19:00:00+00:00,32.025625000000005,29.986696
2025-05-21 20:00:00+00:00,32.23125,31.01324
2025-05-21 21:00:00+00:00,31.047812500000003,30.04315
2025-05-21 22:00:00+00:00,29.864375000000003,28.488636
2025-05-21 23:00:00+00:00,28.6809375,27.797625
2025-05-22 00:00:00+00:00,27.497500000000002,27.598103
2025-05-22 01:00:00+00:00,27.7503125,27.4664
2025-05-22 02:00:00+00:00,28.003125,28.155241
2025-05-22 03:00:00+00:00,28.2559375,29.44716
2025-05-22 04:00:00+00:00,28.50875,30.070457
2025-05-22 05:00:00+00:00,24.931874999999998,26.429497
2025-05-22 06:00:00+00:00,21.355,22.186766
2025-05-22 07:00:00+00:00,26.880625000000002,22.514906
2025-05-22 08:00:00+00:00,32.40625,23.9436
2025-05-22 09:00:00+00:00,33.65635416666667,26.678616
2025-05-22 10:00:00+00:00,34.90645833333333,30.44242
2025-05-22 11:00:00+00:00,36.15656249999999,35.13955
2025-05-22 12:00:00+00:00,37.406666666666666,39.82024
2025-05-22 13:00:00+00:00,34.549375,38.66433
2025-05-22 14:00:00+00:00,31.692083333333333,35.945065
2025-05-22 15:00:00+00:00,28.834791666666668,33.604813
2025-05-22 16:00:00+00:00,25.9775,32.013412
2025-05-22 17:00:00+00:00,27.741562500000004,33.361115
2025-05-22 18:00:00+00:00,29.505625,34.342094
2025-05-22 19:00:00+00:00,31.269687499999996,34.520683
2025-05-22 20:00:00+00:00,33.03375,33.688858
2025-05-22 21:00:00+00:00,32.334374999999994,31.640827
2025-05-22 22:00:00+00:00,31.634999999999998,29.38472
2025-05-22 23:00:00+00:00,30.935624999999998,27.968313
2025-05-23 00:00:00+00:00,30.23625,26.911097
2025-05-23 01:00:00+00:00,29.060624999999998,27.27905
2025-05-23 02:00:00+00:00,27.884999999999998,27.126764
2025-05-23 03:00:00+00:00,26.709375,25.89865
2025-05-23 04:00:00+00:00,25.53375,25.576616
2025-05-23 05:00:00+00:00,26.489375000000003,27.26764
2025-05-23 06:00:00+00:00,27.445,29.222607
2025-05-23 07:00:00+00:00,35.9675,37.83598
2025-05-23 08:00:00+00:00,44.49,45.078773
2025-05-23 09:00:00+00:00,41.42541666666666,42.440117
2025-05-23 10:00:00+00:00,38.36083333333333,39.3151
2025-05-23 11:00:00+00:00,35.29625,38.540348
2025-05-23 12:00:00+00:00,32.23166666666666,39.29784
2025-05-23 13:00:00+00:00,29.843437499999997,37.909782
2025-05-23 14:00:00+00:00,27.45520833333333,35.721737
2025-05-23 15:00:00+00:00,25.066979166666666,30.558422
2025-05-23 16:00:00+00:00,22.67875,24.935642
2025-05-23 17:00:00+00:00,23.675,25.835045
2025-05-23 18:00:00+00:00,24.67125,28.263836
2025-05-23 19:00:00+00:00,25.6675,30.903269
2025-05-23 20:00:00+00:00,26.66375,33.60683
2025-05-23 21:00:00+00:00,26.573125,32.749584
2025-05-23 22:00:00+00:00,26.482500000000005,31.35623
2025-05-23 23:00:00+00:00,26.391875,29.867693
2025-05-24 00:00:00+00:00,26.30125,28.28363
2025-05-24 01:00:00+00:00,27.84875,28.595587
2025-05-24 02:00:00+00:00,29.396250000000002,30.486511
2025-05-24 03:00:00+00:00,30.94375,30.61665
2025-05-24 04:00:00+00:00,32.49125,30.37763
2025-05-24 05:00:00+00:00,25.870625,26.22493
2025-05-24 06:00:00+00:00,19.25,21.747389
2025-05-24 07:00:00+00:00,27.70625,25.258474
2025-05-24 08:00:00+00:00,36.1625,29.023998
2025-05-24 09:00:00+00:00,36.637708333333336,32.077347
2025-05-24 10:00:00+00:00,37.112916666666656,35.092327
2025-05-24 11:00:00+00:00,37.588125000000005,36.40044
2025-05-24 12:00:00+00:00,38.06333333333333,36.672092
2025-05-24 13:00:00+00:00,33.8703125,32.359127
2025-05-24 14:00:00+00:00,29.677291666666665,27.948755
2025-05-24 15:00:00+00:00,25.484270833333333,24.00555
2025-05-24 16:00:00+00:00,21.291249999999998,20.874287
2025-05-24 17:00:00+00:00,20.847187499999993,20.96345
2025-05-24 18:00:00+00:00,20.403125,21.381294
2025-05-24 19:00:00+00:00,19.9590625,22.482769
2025-05-24 20:00:00+00:00,19.515,23.243555
2025-05-24 21:00:00+00:00,18.331875,22.789707
2025-05-24 22:00:00+00:00,17.14875,22.19588
2025-05-24 23:00:00+00:00,15.965625000000001,20.900932
2025-05-25 00:00:00+00:00,14.7825,19.701778
2025-05-25 01:00:00+00:00,16.9246875,19.199343
2025-05-25 02:00:00+00:00,19.066875,19.842678
2025-05-25 03:00:00+00:00,21.2090625,21.600204
2025-05-25 04:00:00+00:00,23.35125,24.343363
2025-05-25 05:00:00+00:00,26.488125,24.768017
2025-05-25 06:00:00+00:00,29.625,24.017052
2025-05-25 07:00:00+00:00,39.563125,30.24081
2025-05-25 08:00:00+00:00,49.50125,35.047215
2025-05-25 09:00:00+00:00,43.9509375,31.788488
2025-05-25 10:00:00+00:00,38.400625,29.504808
2025-05-25 11:00:00+00:00,32.8503125,28.07505
2025-05-25 12:00:00+00:00,27.3,27.39108
2025-05-25 13:00:00+00:00,28.383125,28.426714
2025-05-25 14:00:00+00:00,29.466250000000002,29.13658
2025-05-25 15:00:00+00:00,30.549375,31.241362
2025-05-25 16:00:00+00:00,31.6325,33.31272
2025-05-25 17:00:00+00:00,30.374375,31.411877
2025-05-25 18:00:00+00:00,29.11625,29.436321
2025-05-25 19:00:00+00:00,27.858125,27.067562
2025-05-25 20:00:00+00:00,26.6,25.520494
2025-05-25 21:00:00+00:00,30.1671875,26.664824
2025-05-25 22:00:00+00:00,33.734375,28.212353
2025-05-25 23:00:00+00:00,37.3015625,29.57807
2025-05-26 00:00:00+00:00,40.86875,29.945349
2025-05-26 01:00:00+00:00,37.5690625,29.983698
2025-05-26 02:00:00+00:00,34.269375,29.153131
2025-05-26 03:00:00+00:00,30.9696875,29.604828
2025-05-26 04:00:00+00:00,27.67,30.89956
2025-05-26 05:00:00+00:00,29.625,29.298494
2025-05-26 06:00:00+00:00,31.58,28.381533
2025-05-26 07:00:00+00:00,31.055625,33.60203
2025-05-26 08:00:00+00:00,30.53125,37.793148
2025-05-26 09:00:00+00:00,30.9609375,37.350002
2025-05-26 10:00:00+00:00,31.390625,35.963413
2025-05-26 11:00:00+00:00,31.8203125,34.08617
2025-05-26 12:00:00+00:00,32.25,31.724777
2025-05-26 13:00:00+00:00,32.17875,30.771374
2025-05-26 14:00:00+00:00,32.1075,30.72273
2025-05-26 15:00:00+00:00,32.03625,29.789082
2025-05-26 16:00:00+00:00,31.965000000000003,29.871325
2025-05-26 17:00:00+00:00,29.465625000000003,29.605
2025-05-26 18:00:00+00:00,26.96625,29.079107
2025-05-26 19:00:00+00:00,24.466875000000005,28.722065
2025-05-26 20:00:00+00:00,21.9675,27.298637
2025-05-26 21:00:00+00:00,23.202500000000004,28.920042
2025-05-26 22:00:00+00:00,24.4375,30.324848
2025-05-26 23:00:00+00:00,25.6725,33.92156
2025-05-27 00:00:00+00:00,26.9075,38.29503
2025-05-27 01:00:00+00:00,27.1953125,35.399567
2025-05-27 02:00:00+00:00,27.483125,34.805855
2025-05-27 03:00:00+00:00,27.7709375,33.167824
2025-05-27 04:00:00+00:00,28.05875,31.506863
2025-05-27 05:00:00+00:00,30.491875,30.286177
2025-05-27 06:00:00+00:00,32.925,30.43684
2025-05-27 07:00:00+00:00,31.116875,31.763014
2025-05-27 08:00:00+00:00,29.30875,31.822437
2025-05-27 09:00:00+00:00,33.296145833333334,32.82464
2025-05-27 10:00:00+00:00,37.283541666666665,33.733063
2025-05-27 11:00:00+00:00,41.2709375,34.701393
2025-05-27 12:00:00+00:00,45.258333333333326,37.341785
2025-05-27 13:00:00+00:00,40.52125,36.442326
2025-05-27 14:00:00+00:00,35.784166666666664,35.05506
2025-05-27 15:00:00+00:00,31.047083333333333,33.646793
2025-05-27 16:00:00+00:00,26.310000000000002,31.732218
2025-05-27 17:00:00+00:00,24.431250000000002,29.487701
2025-05-27 18:00:00+00:00,22.552500000000002,27.057783
2025-05-27 19:00:00+00:00,20.673749999999995,24.696444
2025-05-27 20:00:00+00:00,18.794999999999998,23.167686
2025-05-27 21:00:00+00:00,20.8246875,23.002628
2025-05-27 22:00:00+00:00,22.854374999999997,23.17424
2025-05-27 23:00:00+00:00,24.8840625,24.150604
2025-05-28 00:00:00+00:00,26.91375,25.212286
2025-05-28 01:00:00+00:00,26.9925,25.879595
2025-05-28 02:00:00+00:00,27.07125,25.993797
2025-05-28 03:00:00+00:00,27.15,27.203707
2025-05-28 04:00:00+00:00,27.228749999999998,28.774233
2025-05-28 05:00:00+00:00,30.936875000000004,32.055164
2025-05-28 06:00:00+00:00,34.645,34.494064
2025-05-28 07:00:00+00:00,33.966875,33.594242
2025-05-28 08:00:00+00:00,33.28875,32.350395
2025-05-28 09:00:00+00:00,34.373645833333335,33.75584
2025-05-28 10:00:00+00:00,35.45854166666667,36.610245
2025-05-28 11:00:00+00:00,36.5434375,39.862556
2025-05-28 12:00:00+00:00,37.62833333333334,41.202972
2025-05-28 13:00:00+00:00,34.9809375,37.691284
2025-05-28 14:00:00+00:00,32.33354166666667,34.12913
2025-05-28 15:00:00+00:00,29.686145833333335,30.039227
2025-05-28 16:00:00+00:00,27.03875,27.01739
2025-05-28 17:00:00+00:00,25.3003125,27.552654
2025-05-28 18:00:00+00:00,23.561875,27.040232
2025-05-28 19:00:00+00:00,21.8234375,25.75414
2025-05-28 20:00:00+00:00,20.085,23.989191
2025-05-28 21:00:00+00:00,19.427187500000002,23.393972
2025-05-28 22:00:00+00:00,18.769375,23.342897
2025-05-28 23:00:00+00:00,18.111562499999998,24.008194
2025-05-29 00:00:00+00:00,17.453750000000003,24.526323
2025-05-29 01:00:00+00:00,17.1659375,22.504513
2025-05-29 02:00:00+00:00,16.878124999999997,21.683071
2025-05-29 03:00:00+00:00,16.5903125,21.070158
2025-05-29 04:00:00+00:00,16.3025,20.554165
2025-05-29 05:00:00+00:00,19.69625,19.797827
2025-05-29 06:00:00+00:00,23.09,19.349953
2025-05-29 07:00:00+00:00,29.999375,20.953247
2025-05-29 08:00:00+00:00,36.90875,23.684298
2025-05-29 09:00:00+00:00,39.90072916666666,31.333393
2025-05-29 10:00:00+00:00,42.89270833333334,37.19526
2025-05-29 11:00:00+00:00,45.8846875,40.331886
2025-05-29 12:00:00+00:00,48.876666666666665,42.627705
2025-05-29 13:00:00+00:00,42.6440625,37.222767
2025-05-29 14:00:00+00:00,36.41145833333333,31.926271
2025-05-29 15:00:00+00:00,30.178854166666667,27.015995
2025-05-29 16:00:00+00:00,23.94625,23.066532
2025-05-29 17:00:00+00:00,25.2,24.403877
2025-05-29 18:00:00+00:00,26.45375,25.856703
2025-05-29 19:00:00+00:00,27.7075,26.83276
2025-05-29 20:00:00+00:00,28.96125,29.365564
2025-05-29 21:00:00+00:00,27.308125,28.890673
2025-05-29 22:00:00+00:00,25.655,27.41437
2025-05-29 23:00:00+00:00,24.001875,25.833706
2025-05-30 00:00:00+00:00,22.348749999999995,24.847374
2025-05-30 01:00:00+00:00,26.8896875,27.499256
2025-05-30 02:00:00+00:00,31.430625,29.12315
2025-05-30 03:00:00+00:00,35.971562500000005,30.519358
2025-05-30 04:00:00+00:00,40.5125,32.305515
2025-05-30 05:00:00+00:00,36.49625,33.448658
2025-05-30 06:00:00+00:00,32.48,35.100193
2025-05-30 07:00:00+00:00,33.606875,39.153652
2025-05-30 08:00:00+00:00,34.73375,42.36338
2025-05-30 09:00:00+00:00,34.665729166666665,39.74049
2025-05-30 10:00:00+00:00,34.59770833333333,37.121628
2025-05-30 11:00:00+00:00,34.5296875,35.569916
2025-05-30 12:00:00+00:00,34.461666666666666,33.822285
2025-05-30 13:00:00+00:00,32.72125,31.207563
2025-05-30 14:00:00+00:00,30.980833333333333,29.294455
2025-05-30 15:00:00+00:00,29.24041666666667,28.239792
2025-05-30 16:00:00+00:00,27.5,27.09769
2025-05-30 17:00:00+00:00,28.57,26.374992
2025-05-30 18:00:00+00:00,29.64,26.656702
2025-05-30 19:00:00+00:00,30.71,27.118557
2025-05-30 20:00:00+00:00,31.78,27.804731
2025-05-30 21:00:00+00:00,29.025312500000002,27.755493
2025-05-30 22:00:00+00:00,26.270625000000003,26.715427
2025-05-30 23:00:00+00:00,23.515937499999996,24.968248
2025-05-31 00:00:00+00:00,20.76125,23.321453
2025-05-31 01:00:00+00:00,22.6678125,23.732487
2025-05-31 02:00:00+00:00,24.574375,24.112457
2025-05-31 03:00:00+00:00,26.4809375,24.884535
2025-05-31 04:00:00+00:00,28.3875,26.296587
2025-05-31 05:00:00+00:00,30.82875,26.878868
2025-05-31 06:00:00+00:00,33.269999999999996,27.49076
2025-05-31 07:00:00+00:00,34.636874999999996,31.299887
2025-05-31 08:00:00+00:00,36.00375,35.771923
2025-05-31 09:00:00+00:00,39.2490625,37.1986
2025-05-31 10:00:00+00:00,42.494375000000005,37.882
2025-05-31 11:00:00+00:00,45.7396875,37.037952
2025-05-31 12:00:00+00:00,48.98500000000001,35.004227
2025-05-31 13:00:00+00:00,45.67031250000001,33.806477
2025-05-31 14:00:00+00:00,42.355625,33.190063
2025-05-31 15:00:00+00:00,39.0409375,33.281788
2025-05-31 16:00:00+00:00,35.72625,34.094456
2025-05-31 17:00:00+00:00,32.7290625,33.431522
2025-05-31 18:00:00+00:00,29.731875000000002,32.16693
2025-05-31 19:00:00+00:00,26.7346875,30.70391
2025-05-31 20:00:00+00:00,23.737500000000004,28.757675
2025-05-31 21:00:00+00:00,22.44,26.613338
2025-05-31 22:00:00+00:00,21.1425,24.47781
2025-05-31 23:00:00+00:00,19.845,23.252092
2025-06-01 00:00:00+00:00,18.5475,23.113167
2025-06-01 01:00:00+00:00,20.738125,23.84247
2025-06-01 02:00:00+00:00,22.928750000000004,25.827717
2025-06-01 03:00:00+00:00,25.119375,28.136057
2025-06-01 04:00:00+00:00,27.31,30.35828
2025-06-01 05:00:00+00:00,25.475,31.513714
2025-06-01 06:00:00+00:00,23.64,33.203197
2025-06-01 07:00:00+00:00,28.373750000000005,37.68079
2025-06-01 08:00:00+00:00,33.1075,42.39637
2025-06-01 09:00:00+00:00,36.10270833333333,41.612595
2025-06-01 10:00:00+00:00,39.09791666666666,39.40445
2025-06-01 11:00:00+00:00,42.093125,37.17961
2025-06-01 12:00:00+00:00,45.08833333333333,34.960686
2025-06-01 13:00:00+00:00,41.5053125,33.900597
2025-06-01 14:00:00+00:00,37.922291666666666,33.77287
2025-06-01 15:00:00+00:00,34.33927083333333,34.01203
2025-06-01 16:00:00+00:00,30.75625,32.999706
2025-06-01 17:00:00+00:00,29.419062500000003,30.243498
2025-06-01 18:00:00+00:00,28.081875,28.197124
2025-06-01 19:00:00+00:00,26.744687499999998,26.847414
2025-06-01 20:00:00+00:00,25.4075,25.509378
2025-06-01 21:00:00+00:00,24.5403125,25.425379
2025-06-01 22:00:00+00:00,23.673125,24.46065
2025-06-01 23:00:00+00:00,22.8059375,23.272547
2025-06-02 00:00:00+00:00,21.93875,22.410986
2025-06-02 01:00:00+00:00,21.1546875,22.129969
2025-06-02 02:00:00+00:00,20.370625,23.381233
2025-06-02 03:00:00+00:00,19.5865625,24.673523
2025-06-02 04:00:00+00:00,18.802500000000006,24.80633
2025-06-02 05:00:00+00:00,20.74125,22.929657
2025-06-02 06:00:00+00:00,22.679999999999996,21.05845
2025-06-02 07:00:00+00:00,20.544375000000002,21.381956
2025-06-02 08:00:00+00:00,18.40875,22.265491
2025-06-02 09:00:00+00:00,25.7003125,24.716736
2025-06-02 10:00:00+00:00,32.991875,29.259802
2025-06-02 11:00:00+00:00,40.2834375,35.943916
2025-06-02 12:00:00+00:00,47.574999999999996,42.641464
2025-06-02 13:00:00+00:00,43.293437499999996,43.181824
2025-06-02 14:00:00+00:00,39.011874999999996,41.87377
2025-06-02 15:00:00+00:00,34.7303125,40.356964
2025-06-02 16:00:00+00:00,30.44875,37.89317
2025-06-02 17:00:00+00:00,28.486250000000002,32.68584
2025-06-02 18:00:00+00:00,26.52375,28.79992
2025-06-02 19:00:00+00:00,24.56125,26.105972
2025-06-02 20:00:00+00:00,22.598750000000003,23.638218
2025-06-02 21:00:00+00:00,24.258750000000003,24.375252
2025-06-02 22:00:00+00:00,25.918750000000003,25.793049
2025-06-02 23:00:00+00:00,27.57875,27.563463
2025-06-03 00:00:00+00:00,29.23875,29.15103
2025-06-03 01:00:00+00:00,27.901875,27.429192
2025-06-03 02:00:00+00:00,26.564999999999998,25.231127
2025-06-03 03:00:00+00:00,25.228125,23.043983
2025-06-03 04:00:00+00:00,23.89125,22.157328
2025-06-03 05:00:00+00:00,27.930625000000003,28.02725
2025-06-03 06:00:00+00:00,31.970000000000002,34.266167
2025-06-03 07:00:00+00:00,33.250625,36.946358
2025-06-03 08:00:00+00:00,34.53125,38.664795
2025-06-03 09:00:00+00:00,35.768854166666664,42.547806
2025-06-03 10:00:00+00:00,37.00645833333333,45.285942
2025-06-03 11:00:00+00:00,38.2440625,44.87607
2025-06-03 12:00:00+00:00,39.48166666666666,43.403286
2025-06-03 13:00:00+00:00,37.041875,39.015194
2025-06-03 14:00:00+00:00,34.60208333333333,35.24605
2025-06-03 15:00:00+00:00,32.16229166666667,31.171152
2025-06-03 16:00:00+00:00,29.7225,27.613928
2025-06-03 17:00:00+00:00,28.788125,26.719719
2025-06-03 18:00:00+00:00,27.853749999999998,25.93932
2025-06-03 19:00:00+00:00,26.919375,24.866613
2025-06-03 20:00:00+00:00,25.984999999999996,23.600101
2025-06-03 21:00:00+00:00,26.805625,24.576721
2025-06-03 22:00:00+00:00,27.62625,26.44603
2025-06-03 23:00:00+00:00,28.446875,28.767094
2025-06-04 00:00:00+00:00,29.2675,30.754082
2025-06-04 01:00:00+00:00,27.628437499999997,29.23178
2025-06-04 02:00:00+00:00,25.989375,27.660917
2025-06-04 03:00:00+00:00,24.3503125,25.465149
2025-06-04 04:00:00+00:00,22.71125,22.709497
2025-06-04 05:00:00+00:00,23.253125,23.835789
2025-06-04 06:00:00+00:00,23.795000000000005,25.417484
2025-06-04 07:00:00+00:00,26.21375,27.374727
2025-06-04 08:00:00+00:00,28.6325,30.471087
2025-06-04 09:00:00+00:00,32.965625,34.725384
2025-06-04 10:00:00+00:00,37.29875,38.72906
2025-06-04 11:00:00+00:00,41.631874999999994,40.978783
2025-06-04 12:00:00+00:00,45.964999999999996,41.987724
2025-06-04 13:00:00+00:00,47.150625,40.26046
2025-06-04 14:00:00+00:00,48.33625,38.05786
2025-06-04 15:00:00+00:00,49.521875,35.75055
2025-06-04 16:00:00+00:00,50.7075,34.061497
2025-06-04 17:00:00+00:00,45.013125,33.027245
2025-06-04 18:00:00+00:00,39.31875,32.222755
2025-06-04 19:00:00+00:00,33.624375,32.16966
2025-06-04 20:00:00+00:00,27.93,32.175053
2025-06-04 21:00:00+00:00,26.5390625,31.311113
2025-06-04 22:00:00+00:00,25.148125000000004,29.562328
2025-06-04 23:00:00+00:00,23.7571875,28.612598
2025-06-05 00:00:00+00:00,22.36625,27.413155
2025-06-05 01:00:00+00:00,21.4103125,23.634483
2025-06-05 02:00:00+00:00,20.454375000000002,22.65686
2025-06-05 03:00:00+00:00,19.4984375,21.88345
2025-06-05 04:00:00+00:00,18.5425,21.547432
2025-06-05 05:00:00+00:00,22.848750000000003,22.315536
2025-06-05 06:00:00+00:00,27.155,23.80506
2025-06-05 07:00:00+00:00,25.97875,27.799381
2025-06-05 08:00:00+00:00,24.802500000000002,31.969587
2025-06-05 09:00:00+00:00,26.738958333333336,32.628254
2025-06-05 10:00:00+00:00,28.67541666666667,33.140846
2025-06-05 11:00:00+00:00,30.611875000000005,34.443687
2025-06-05 12:00:00+00:00,32.54833333333334,36.65392
2025-06-05 13:00:00+00:00,32.104687500000004,38.45791
2025-06-05 14:00:00+00:00,31.66104166666667,39.434128
2025-06-05 15:00:00+00:00,31.217395833333335,39.475006
2025-06-05 16:00:00+00:00,30.77375,39.473804
2025-06-05 17:00:00+00:00,29.8640625,37.653255
2025-06-05 18:00:00+00:00,28.954375,35.350105
2025-06-05 19:00:00+00:00,28.044687500000002,33.36128
2025-06-05 20:00:00+00:00,27.135,30.378572
2025-06-05 21:00:00+00:00,26.8228125,28.254736
2025-06-05 22:00:00+00:00,26.510624999999997,26.98552
2025-06-05 23:00:00+00:00,26.1984375,25.911678
2025-06-06 00:00:00+00:00,25.88625,25.630262
2025-06-06 01:00:00+00:00,25.87125,24.640518
2025-06-06 02:00:00+00:00,25.856250000000003,23.828358
2025-06-06 03:00:00+00:00,25.841250000000002,23.166615
2025-06-06 04:00:00+00:00,25.826249999999998,23.08415
2025-06-06 05:00:00+00:00,25.713125,23.72649
2025-06-06 06:00:00+00:00,25.6,24.503216
2025-06-06 07:00:00+00:00,23.119375,24.377264
2025-06-06 08:00:00+00:00,20.63875,24.05563
2025-06-06 09:00:00+00:00,24.719479166666666,24.003258
2025-06-06 10:00:00+00:00,28.800208333333334,24.190817
2025-06-06 11:00:00+00:00,32.8809375,23.770966
2025-06-06 12:00:00+00:00,36.961666666666666,24.203371
2025-06-06 13:00:00+00:00,36.7534375,27.822765
2025-06-06 14:00:00+00:00,36.545208333333335,30.894972
2025-06-06 15:00:00+00:00,36.336979166666666,33.557034
2025-06-06 16:00:00+00:00,36.12875,35.953262
2025-06-06 17:00:00+00:00,34.015625,34.030735
2025-06-06 18:00:00+00:00,31.902499999999996,32.101097
2025-06-06 19:00:00+00:00,29.789375,29.701807
2025-06-06 20:00:00+00:00,27.67625,27.50949
2025-06-06 21:00:00+00:00,26.13,26.270405
2025-06-06 22:00:00+00:00,24.583750000000002,25.18967
2025-06-06 23:00:00+00:00,23.0375,24.551632
2025-06-07 00:00:00+00:00,21.49125,24.104385
2025-06-07 01:00:00+00:00,23.625,25.642756
2025-06-07 02:00:00+00:00,25.75875,28.326307
2025-06-07 03:00:00+00:00,27.892500000000002,29.63772
2025-06-07 04:00:00+00:00,30.02625,29.734617
2025-06-07 05:00:00+00:00,30.355625000000003,27.358622
2025-06-07 06:00:00+00:00,30.685000000000002,25.759066
2025-06-07 07:00:00+00:00,29.274375000000003,23.259644
2025-06-07 08:00:00+00:00,27.863750000000003,23.217825
2025-06-07 09:00:00+00:00,38.939062500000006,33.468155
2025-06-07 10:00:00+00:00,50.014375,42.685436
2025-06-07 11:00:00+00:00,61.089687500000004,46.54084
2025-06-07 12:00:00+00:00,72.165,48.43025
2025-06-07 13:00:00+00:00,61.5696875,44.037346
2025-06-07 14:00:00+00:00,50.974375,39.717236
2025-06-07 15:00:00+00:00,40.3790625,36.484386
2025-06-07 16:00:00+00:00,29.783749999999998,33.874317
2025-06-07 17:00:00+00:00,30.5071875,31.717522
2025-06-07 18:00:00+00:00,31.230625,30.150457
2025-06-07 19:00:00+00:00,31.9540625,29.01185
2025-06-07 20:00:00+00:00,32.6775,27.604597
2025-06-07 21:00:00+00:00,30.525312500000002,26.792143
2025-06-07 22:00:00+00:00,28.373125,26.179295
2025-06-07 23:00:00+00:00,26.220937499999998,25.142786
2025-06-08 00:00:00+00:00,24.068749999999998,24.264147
2025-06-08 01:00:00+00:00,26.145625,25.01402
2025-06-08 02:00:00+00:00,28.222499999999997,26.534174
2025-06-08 03:00:00+00:00,30.299375,27.327888
2025-06-08 04:00:00+00:00,32.37625,28.030766
2025-06-08 05:00:00+00:00,33.303124999999994,28.494047
2025-06-08 06:00:00+00:00,34.23,28.268051
2025-06-08 07:00:00+00:00,30.623124999999998,26.374207
2025-06-08 08:00:00+00:00,27.01625,24.75667
2025-06-08 09:00:00+00:00,28.33927083333333,27.53044
2025-06-08 10:00:00+00:00,29.66229166666666,30.132286
2025-06-08 11:00:00+00:00,30.9853125,34.111355
2025-06-08 12:00:00+00:00,32.30833333333333,41.337234
2025-06-08 13:00:00+00:00,32.933749999999996,42.953697
2025-06-08 14:00:00+00:00,33.55916666666667,42.35788
2025-06-08 15:00:00+00:00,34.184583333333336,40.246346
2025-06-08 16:00:00+00:00,34.81,37.90354
2025-06-08 17:00:00+00:00,40.035312499999996,41.43806
2025-06-08 18:00:00+00:00,45.260625000000005,46.21598
2025-06-08 19:00:00+00:00,50.4859375,50.115917
2025-06-08 20:00:00+00:00,55.71125,52.100525
2025-06-08 21:00:00+00:00,48.558125000000004,45.15679
2025-06-08 22:00:00+00:00,41.405,37.832863
2025-06-08 23:00:00+00:00,34.251875,32.26864
2025-06-09 00:00:00+00:00,27.098750000000003,26.594284
2025-06-09 01:00:00+00:00,25.9825,26.100832
2025-06-09 02:00:00+00:00,24.86625,25.785595
2025-06-09 03:00:00+00:00,23.749999999999996,25.612831
2025-06-09 04:00:00+00:00,22.63375,25.91678
2025-06-09 05:00:00+00:00,24.881875,24.93903
2025-06-09 06:00:00+00:00,27.130000000000003,22.94733
2025-06-09 07:00:00+00:00,24.66375,20.913643
2025-06-09 08:00:00+00:00,22.197499999999998,21.274097
2025-06-09 09:00:00+00:00,23.404374999999998,24.851774
2025-06-09 10:00:00+00:00,24.61125,27.76857
2025-06-09 11:00:00+00:00,25.818125000000002,28.432247
2025-06-09 12:00:00+00:00,27.025000000000002,29.040834
2025-06-09 13:00:00+00:00,26.8746875,29.156258
2025-06-09 14:00:00+00:00,26.724375000000002,29.824808
2025-06-09 15:00:00+00:00,26.5740625,30.824177
2025-06-09 16:00:00+00:00,26.42375,31.33329
2025-06-09 17:00:00+00:00,26.643437499999997,31.696598
2025-06-09 18:00:00+00:00,26.863125,31.53302
2025-06-09 19:00:00+00:00,27.082812500000003,30.639769
2025-06-09 20:00:00+00:00,27.302500000000002,29.689766
2025-06-09 21:00:00+00:00,27.05375,27.890043
2025-06-09 22:00:00+00:00,26.805,27.077484
2025-06-09 23:00:00+00:00,26.556250000000002,26.393833
2025-06-10 00:00:00+00:00,26.3075,25.88106
2025-06-10 01:00:00+00:00,26.12,25.411823
2025-06-10 02:00:00+00:00,25.9325,25.146936
2025-06-10 03:00:00+00:00,25.745,24.767593
2025-06-10 04:00:00+00:00,25.5575,25.09762
2025-06-10 05:00:00+00:00,29.92375,27.162882
2025-06-10 06:00:00+00:00,34.29,29.313284
2025-06-10 07:00:00+00:00,33.438125,29.273098
2025-06-10 08:00:00+00:00,32.58625,28.116875
2025-06-10 09:00:00+00:00,30.73260416666667,28.212334
2025-06-10 10:00:00+00:00,28.878958333333333,29.327131
2025-06-10 11:00:00+00:00,27.0253125,30.711226
2025-06-10 12:00:00+00:00,25.171666666666667,31.9535
2025-06-10 13:00:00+00:00,27.8915625,32.03074
2025-06-10 14:00:00+00:00,30.611458333333335,32.001564
2025-06-10 15:00:00+00:00,33.33135416666667,32.266743
2025-06-10 16:00:00+00:00,36.05125,32.555183
2025-06-10 17:00:00+00:00,34.845312500000006,33.322144
2025-06-10 18:00:00+00:00,33.639375,34.139942
2025-06-10 19:00:00+00:00,32.4334375,33.629826
2025-06-10 20:00:00+00:00,31.2275,32.618595
2025-06-10 21:00:00+00:00,30.44875,31.031662
2025-06-10 22:00:00+00:00,29.67,29.143862
2025-06-10 23:00:00+00:00,28.89125,27.479015
2025-06-11 00:00:00+00:00,28.112500000000004,26.145706
2025-06-11 01:00:00+00:00,26.9465625,25.5614
2025-06-11 02:00:00+00:00,25.780625,24.261839
2025-06-11 03:00:00+00:00,24.614687500000002,23.050972
2025-06-11 04:00:00+00:00,23.44875,22.746449
2025-06-11 05:00:00+00:00,28.954375,24.729376
2025-06-11 06:00:00+00:00,34.46,27.568287
2025-06-11 07:00:00+00:00,35.578125,27.744528
2025-06-11 08:00:00+00:00,36.69625,27.676176
2025-06-11 09:00:00+00:00,37.2384375,28.42955
2025-06-11 10:00:00+00:00,37.780625,29.497904
2025-06-11 11:00:00+00:00,38.3228125,31.256744
2025-06-11 12:00:00+00:00,38.864999999999995,33.5542
2025-06-11 13:00:00+00:00,42.080625,43.589676
2025-06-11 14:00:00+00:00,45.29625,52.62493
2025-06-11 15:00:00+00:00,48.511875,59.873978
2025-06-11 16:00:00+00:00,51.7275,64.785225
2025-06-11 17:00:00+00:00,45.3578125,56.35662
2025-06-11 18:00:00+00:00,38.98812499999999,47.156067
2025-06-11 19:00:00+00:00,32.6184375,38.641212
2025-06-11 20:00:00+00:00,26.24875,31.04476
2025-06-11 21:00:00+00:00,28.525,29.940971
2025-06-11 22:00:00+00:00,30.80125,29.585735
2025-06-11 23:00:00+00:00,33.0775,30.051321
2025-06-12 00:00:00+00:00,35.35375,30.867935
2025-06-12 01:00:00+00:00,32.368125,29.722715
2025-06-12 02:00:00+00:00,29.3825,28.395044
2025-06-12 03:00:00+00:00,26.396875,26.623278
2025-06-12 04:00:00+00:00,23.411250000000003,24.706509
2025-06-12 05:00:00+00:00,30.590625,27.638786
2025-06-12 06:00:00+00:00,37.769999999999996,31.202364
2025-06-12 07:00:00+00:00,40.468125,32.554764
2025-06-12 08:00:00+00:00,43.16625,33.000168
2025-06-12 09:00:00+00:00,43.24177083333334,32.80481
2025-06-12 10:00:00+00:00,43.31729166666666,32.610813
2025-06-12 11:00:00+00:00,43.3928125,31.00801
2025-06-12 12:00:00+00:00,43.468333333333334,29.398153
2025-06-12 13:00:00+00:00,40.029375,28.811886
2025-06-12 14:00:00+00:00,36.59041666666667,27.877842
2025-06-12 15:00:00+00:00,33.15145833333333,28.079254
2025-06-12 16:00:00+00:00,29.7125,29.441437
2025-06-12 17:00:00+00:00,29.4703125,29.379623
2025-06-12 18:00:00+00:00,29.228125,29.581081
2025-06-12 19:00:00+00:00,28.985937499999995,29.60089
2025-06-12 20:00:00+00:00,28.74375,30.212145
2025-06-12 21:00:00+00:00,34.00875,36.663742
2025-06-12 22:00:00+00:00,39.27375,42.979134
2025-06-12 23:00:00+00:00,44.53874999999999,47.126144
2025-06-13 00:00:00+00:00,49.80375,50.320816
2025-06-13 01:00:00+00:00,44.1978125,47.563572
2025-06-13 02:00:00+00:00,38.591875,42.14239
2025-06-13 03:00:00+00:00,32.9859375,35.38519
2025-06-13 04:00:00+00:00,27.380000000000003,29.423235
2025-06-13 05:00:00+00:00,25.9825,28.97231
2025-06-13 06:00:00+00:00,24.585,29.316273
2025-06-13 07:00:00+00:00,25.914999999999996,30.087542
2025-06-13 08:00:00+00:00,27.245,31.159897
2025-06-13 09:00:00+00:00,26.122083333333332,30.995749
2025-06-13 10:00:00+00:00,24.999166666666667,31.289234
2025-06-13 11:00:00+00:00,23.87625,31.321442
2025-06-13 12:00:00+00:00,22.75333333333333,31.277008
2025-06-13 13:00:00+00:00,22.9784375,30.1492
2025-06-13 14:00:00+00:00,23.203541666666666,28.920135
2025-06-13 15:00:00+00:00,23.42864583333333,27.758087
2025-06-13 16:00:00+00:00,23.65375,26.969906
2025-06-13 17:00:00+00:00,23.60875,27.16168
2025-06-13 18:00:00+00:00,23.56375,26.566671
2025-06-13 19:00:00+00:00,23.518749999999997,25.799229
2025-06-13 20:00:00+00:00,23.47375,25.249504
2025-06-13 21:00:00+00:00,24.583125,26.63629
2025-06-13 22:00:00+00:00,25.6925,28.280611
2025-06-13 23:00:00+00:00,26.801875,29.280743
2025-06-14 00:00:00+00:00,27.91125,29.477169
2025-06-14 01:00:00+00:00,27.3371875,28.05806
2025-06-14 02:00:00+00:00,26.763125000000002,26.953388
2025-06-14 03:00:00+00:00,26.189062500000002,26.414509
2025-06-14 04:00:00+00:00,25.615000000000002,26.10618
2025-06-14 05:00:00+00:00,27.21,26.203678
2025-06-14 06:00:00+00:00,28.805,25.908218
2025-06-14 07:00:00+00:00,29.6125,27.533
2025-06-14 08:00:00+00:00,30.42,29.474813
2025-06-14 09:00:00+00:00,31.385416666666664,32.016148
2025-06-14 10:00:00+00:00,32.350833333333334,34.248596
2025-06-14 11:00:00+00:00,33.31625,34.610348
2025-06-14 12:00:00+00:00,34.281666666666666,34.48652
2025-06-14 13:00:00+00:00,32.7471875,31.45775
2025-06-14 14:00:00+00:00,31.21270833333333,29.03731
2025-06-14 15:00:00+00:00,29.678229166666668,27.985054
2025-06-14 16:00:00+00:00,28.14375,26.53648
2025-06-14 17:00:00+00:00,29.3528125,27.551954
2025-06-14 18:00:00+00:00,30.561875,28.032787
2025-06-14 19:00:00+00:00,31.770937500000002,27.772018
2025-06-14 20:00:00+00:00,32.980000000000004,28.714962
2025-06-14 21:00:00+00:00,31.671875000000004,29.122114
2025-06-14 22:00:00+00:00,30.363750000000003,29.489996
2025-06-14 23:00:00+00:00,29.055625,29.784325
2025-06-15 00:00:00+00:00,27.7475,29.610714
2025-06-15 01:00:00+00:00,27.513749999999998,29.061455
2025-06-15 02:00:00+00:00,27.28,28.216724
2025-06-15 03:00:00+00:00,27.04625,27.319675
2025-06-15 04:00:00+00:00,26.8125,26.456888
2025-06-15 05:00:00+00:00,26.38625,25.863289
2025-06-15 06:00:00+00:00,25.960000000000004,25.277273
2025-06-15 07:00:00+00:00,28.56375,26.23579
2025-06-15 08:00:00+00:00,31.1675,27.61761
2025-06-15 09:00:00+00:00,45.183125000000004,29.109291
2025-06-15 10:00:00+00:00,59.19875,30.343493
2025-06-15 11:00:00+00:00,73.214375,31.832695
2025-06-15 12:00:00+00:00,87.23,34.615322
2025-06-15 13:00:00+00:00,72.84937500000001,34.902035
2025-06-15 14:00:00+00:00,58.46875,35.234234
2025-06-15 15:00:00+00:00,44.088125,37.305317
2025-06-15 16:00:00+00:00,29.7075,39.432953
2025-06-15 17:00:00+00:00,33.4025,45.235786
2025-06-15 18:00:00+00:00,37.097500000000004,49.854942
2025-06-15 19:00:00+00:00,40.792500000000004,52.228508
2025-06-15 20:00:00+00:00,44.487500000000004,52.105293
2025-06-15 21:00:00+00:00,39.674062500000005,43.919136
2025-06-15 22:00:00+00:00,34.860625,36.172344
2025-06-15 23:00:00+00:00,30.0471875,29.85115
2025-06-16 00:00:00+00:00,25.233749999999997,24.93991
2025-06-16 01:00:00+00:00,28.71125,26.499096
2025-06-16 02:00:00+00:00,32.18875,28.739273
2025-06-16 03:00:00+00:00,35.666250000000005,30.037813
2025-06-16 04:00:00+00:00,39.143750000000004,31.470478
2025-06-16 05:00:00+00:00,34.671875,29.531618
2025-06-16 06:00:00+00:00,30.200000000000003,28.329855
2025-06-16 07:00:00+00:00,27.945625,28.39252
2025-06-16 08:00:00+00:00,25.69125,30.495089
2025-06-16 09:00:00+00:00,35.989270833333336,40.2424
2025-06-16 10:00:00+00:00,46.28729166666666,48.198414
2025-06-16 11:00:00+00:00,56.5853125,54.695633
2025-06-16 12:00:00+00:00,66.88333333333333,60.87484
2025-06-16 13:00:00+00:00,58.3378125,57.62348
2025-06-16 14:00:00+00:00,49.792291666666664,52.57026
2025-06-16 15:00:00+00:00,41.24677083333333,45.68721
2025-06-16 16:00:00+00:00,32.70125,38.7884
2025-06-16 17:00:00+00:00,31.423437500000002,36.693592
2025-06-16 18:00:00+00:00,30.145625000000003,35.354424
2025-06-16 19:00:00+00:00,28.8678125,34.769413
2025-06-16 20:00:00+00:00,27.589999999999996,34.302925
2025-06-16 21:00:00+00:00,27.994375,31.619352
2025-06-16 22:00:00+00:00,28.398749999999996,29.86469
2025-06-16 23:00:00+00:00,28.803125,28.694809
2025-06-17 00:00:00+00:00,29.207500000000003,27.775795
2025-06-17 01:00:00+00:00,33.76125,32.008877
2025-06-17 02:00:00+00:00,38.315,38.634506
2025-06-17 03:00:00+00:00,42.86875,51.771637
2025-06-17 04:00:00+00:00,47.4225,65.50496
2025-06-17 05:00:00+00:00,34.31375,57.75844
2025-06-17 06:00:00+00:00,21.205,46.48693
2025-06-17 07:00:00+00:00,28.115624999999998,39.41178
2025-06-17 08:00:00+00:00,35.02624999999999,33.42935
2025-06-17 09:00:00+00:00,33.6509375,32.33225
2025-06-17 10:00:00+00:00,32.275625,30.470833
2025-06-17 11:00:00+00:00,30.900312500000005,30.770922
2025-06-17 12:00:00+00:00,29.525000000000002,32.67999
2025-06-17 13:00:00+00:00,27.7109375,30.919937
2025-06-17 14:00:00+00:00,25.896875,28.942003
2025-06-17 15:00:00+00:00,24.082812500000003,26.46558
2025-06-17 16:00:00+00:00,22.26875,23.451477
2025-06-17 17:00:00+00:00,21.81625,23.13612
2025-06-17 18:00:00+00:00,21.36375,23.504408
2025-06-17 19:00:00+00:00,20.91125,23.481865
2025-06-17 20:00:00+00:00,20.45875,23.024782
2025-06-17 21:00:00+00:00,21.266249999999996,23.602406
2025-06-17 22:00:00+00:00,22.073749999999997,23.956375
2025-06-17 23:00:00+00:00,22.881249999999998,24.314936
2025-06-18 00:00:00+00:00,23.68875,24.700573
2025-06-18 01:00:00+00:00,24.713749999999997,26.54234
2025-06-18 02:00:00+00:00,25.73875,27.71445
2025-06-18 03:00:00+00:00,26.76375,29.097767
2025-06-18 04:00:00+00:00,27.78875,30.39487
2025-06-18 05:00:00+00:00,24.709375,27.571712
2025-06-18 06:00:00+00:00,21.63,23.928745
2025-06-18 07:00:00+00:00,29.523125,26.324657
2025-06-18 08:00:00+00:00,37.41625,29.774845
2025-06-18 09:00:00+00:00,35.747187499999995,32.236374
2025-06-18 10:00:00+00:00,34.078125,33.51752
2025-06-18 11:00:00+00:00,32.4090625,32.08279
2025-06-18 12:00:00+00:00,30.74,30.066378
2025-06-18 13:00:00+00:00,30.448437499999997,30.101484
2025-06-18 14:00:00+00:00,30.156875,30.715744
2025-06-18 15:00:00+00:00,29.8653125,31.126196
2025-06-18 16:00:00+00:00,29.57375,31.089094
2025-06-18 17:00:00+00:00,29.03875,29.44336
2025-06-18 18:00:00+00:00,28.50375,28.702782
2025-06-18 19:00:00+00:00,27.96875,28.449232
2025-06-18 20:00:00+00:00,27.43375,28.189896
2025-06-18 21:00:00+00:00,27.5634375,29.412436
2025-06-18 22:00:00+00:00,27.693125000000002,30.104324
2025-06-18 23:00:00+00:00,27.8228125,31.855186
2025-06-19 00:00:00+00:00,27.9525,33.37124
2025-06-19 01:00:00+00:00,27.435625,31.21285
2025-06-19 02:00:00+00:00,26.91875,29.173069
2025-06-19 03:00:00+00:00,26.401874999999993,28.028812
2025-06-19 04:00:00+00:00,25.884999999999998,27.464844
2025-06-19 05:00:00+00:00,27.57,24.635677
2025-06-19 06:00:00+00:00,29.255000000000003,22.419586
2025-06-19 07:00:00+00:00,26.282500000000002,25.138601
2025-06-19 08:00:00+00:00,23.310000000000002,28.176884
2025-06-19 09:00:00+00:00,25.535000000000004,28.605896
2025-06-19 10:00:00+00:00,27.76,29.551346
2025-06-19 11:00:00+00:00,29.985,29.330471
2025-06-19 12:00:00+00:00,32.21,30.117065
2025-06-19 13:00:00+00:00,40.745,39.210278
2025-06-19 14:00:00+00:00,49.28,46.40861
2025-06-19 15:00:00+00:00,57.815,51.045036
2025-06-19 16:00:00+00:00,66.35,54.50508
2025-06-19 17:00:00+00:00,56.342812499999994,44.86261
2025-06-19 18:00:00+00:00,46.33562499999999,35.567924
2025-06-19 19:00:00+00:00,36.3284375,29.788567
2025-06-19 20:00:00+00:00,26.32125,24.362827
2025-06-19 21:00:00+00:00,27.6390625,28.621965
2025-06-19 22:00:00+00:00,28.956875,33.433464
2025-06-19 23:00:00+00:00,30.2746875,36.78964
2025-06-20 00:00:00+00:00,31.5925,39.739967
2025-06-20 01:00:00+00:00,30.2925,34.44656
2025-06-20 02:00:00+00:00,28.9925,30.861986
2025-06-20 03:00:00+00:00,27.6925,28.558779
2025-06-20 04:00:00+00:00,26.392499999999995,25.775629
2025-06-20 05:00:00+00:00,27.35125,27.138546
2025-06-20 06:00:00+00:00,28.31,29.93535
2025-06-20 07:00:00+00:00,41.3825,31.68164
2025-06-20 08:00:00+00:00,54.455,33.52098
2025-06-20 09:00:00+00:00,47.71541666666666,32.421535
2025-06-20 10:00:00+00:00,40.975833333333334,32.395035
2025-06-20 11:00:00+00:00,34.23625,30.777721
2025-06-20 12:00:00+00:00,27.496666666666666,28.512629
2025-06-20 13:00:00+00:00,30.8021875,34.132816
2025-06-20 14:00:00+00:00,34.107708333333335,39.68184
2025-06-20 15:00:00+00:00,37.41322916666667,45.39179
2025-06-20 16:00:00+00:00,40.71875,51.418587
2025-06-20 17:00:00+00:00,37.149375,48.579918
2025-06-20 18:00:00+00:00,33.58,43.96817
2025-06-20 19:00:00+00:00,30.010625,37.460632
2025-06-20 20:00:00+00:00,26.44125,30.516949
2025-06-20 21:00:00+00:00,26.7025,29.94477
2025-06-20 22:00:00+00:00,26.963749999999997,28.927183
2025-06-20 23:00:00+00:00,27.224999999999998,28.833054
2025-06-21 00:00:00+00:00,27.48625,29.28449
2025-06-21 01:00:00+00:00,27.501875,29.305267
2025-06-21 02:00:00+00:00,27.5175,29.65413
2025-06-21 03:00:00+00:00,27.533125,30.063744
2025-06-21 04:00:00+00:00,27.54875,30.05495
2025-06-21 05:00:00+00:00,25.141875,31.481524
2025-06-21 06:00:00+00:00,22.735,33.37551
2025-06-21 07:00:00+00:00,32.055,39.89521
2025-06-21 08:00:00+00:00,41.375,48.804253
2025-06-21 09:00:00+00:00,45.165416666666665,47.07082
2025-06-21 10:00:00+00:00,48.95583333333333,44.881676
2025-06-21 11:00:00+00:00,52.74625,44.477623
2025-06-21 12:00:00+00:00,56.53666666666667,42.179596
2025-06-21 13:00:00+00:00,48.9828125,39.047455
2025-06-21 14:00:00+00:00,41.428958333333334,35.201447
2025-06-21 15:00:00+00:00,33.87510416666667,30.600298
2025-06-21 16:00:00+00:00,26.32125,26.779026
2025-06-21 17:00:00+00:00,24.7575,23.564804
2025-06-21 18:00:00+00:00,23.19375,21.674501
2025-06-21 19:00:00+00:00,21.63,20.842
2025-06-21 20:00:00+00:00,20.06625,19.698784
2025-06-21 21:00:00+00:00,19.9365625,20.683788
2025-06-21 22:00:00+00:00,19.806874999999998,21.529438
2025-06-21 23:00:00+00:00,19.6771875,21.543903
2025-06-22 00:00:00+00:00,19.5475,21.445076
2025-06-22 01:00:00+00:00,20.682499999999997,23.75917
2025-06-22 02:00:00+00:00,21.8175,25.410578
2025-06-22 03:00:00+00:00,22.9525,25.775826
2025-06-22 04:00:00+00:00,24.087500000000002,25.672483
2025-06-22 05:00:00+00:00,22.776249999999997,24.268341
2025-06-22 06:00:00+00:00,21.465,22.751896
2025-06-22 07:00:00+00:00,25.961875,24.502651
2025-06-22 08:00:00+00:00,30.45875,26.938908
2025-06-22 09:00:00+00:00,37.3115625,31.770142
2025-06-22 10:00:00+00:00,44.164375,38.022392
2025-06-22 11:00:00+00:00,51.017187500000006,45.862328
2025-06-22 12:00:00+00:00,57.870000000000005,51.58769
2025-06-22 13:00:00+00:00,51.264375,45.620766
2025-06-22 14:00:00+00:00,44.65875,38.105453
2025-06-22 15:00:00+00:00,38.053125,31.11949
2025-06-22 16:00:00+00:00,31.447499999999998,25.957417
2025-06-22 17:00:00+00:00,30.359375,26.74121
2025-06-22 18:00:00+00:00,29.271250000000002,27.455336
2025-06-22 19:00:00+00:00,28.183124999999997,27.773708
2025-06-22 20:00:00+00:00,27.095,27.227795
2025-06-22 21:00:00+00:00,27.1190625,25.881207
2025-06-22 22:00:00+00:00,27.143124999999998,25.720266
2025-06-22 23:00:00+00:00,27.1671875,25.796997
2025-06-23 00:00:00+00:00,27.19125,26.07714
2025-06-23 01:00:00+00:00,28.306875000000005,26.958813
2025-06-23 02:00:00+00:00,29.4225,28.04498
2025-06-23 03:00:00+00:00,30.538125,29.977879
2025-06-23 04:00:00+00:00,31.653750000000002,31.261368
2025-06-23 05:00:00+00:00,26.694375,27.19936
2025-06-23 06:00:00+00:00,21.735,23.157196
2025-06-23 07:00:00+00:00,25.238125,25.785042
2025-06-23 08:00:00+00:00,28.74125,28.891058
2025-06-23 09:00:00+00:00,27.488854166666666,30.248709
2025-06-23 10:00:00+00:00,26.236458333333328,31.245712
2025-06-23 11:00:00+00:00,24.984062500000004,30.212027
2025-06-23 12:00:00+00:00,23.731666666666666,30.097462
2025-06-23 13:00:00+00:00,24.95,30.959332
2025-06-23 14:00:00+00:00,26.168333333333333,31.654285
2025-06-23 15:00:00+00:00,27.386666666666667,30.489773
2025-06-23 16:00:00+00:00,28.605,29.315607
2025-06-23 17:00:00+00:00,31.755312500000002,34.133038
2025-06-23 18:00:00+00:00,34.905625,38.953354
2025-06-23 19:00:00+00:00,38.0559375,42.79056
2025-06-23 20:00:00+00:00,41.206250000000004,46.39702
2025-06-23 21:00:00+00:00,37.384687500000005,42.11812
2025-06-23 22:00:00+00:00,33.563125,37.042675
2025-06-23 23:00:00+00:00,29.7415625,33.257107
2025-06-24 00:00:00+00:00,25.92,28.529312
2025-06-24 01:00:00+00:00,27.25625,28.747332
2025-06-24 02:00:00+00:00,28.5925,29.825272
2025-06-24 03:00:00+00:00,29.92875,30.72914
2025-06-24 04:00:00+00:00,31.265,31.961256
2025-06-24 05:00:00+00:00,28.875,27.978586
2025-06-24 06:00:00+00:00,26.485,24.277061
2025-06-24 07:00:00+00:00,27.984375,25.9347
2025-06-24 08:00:00+00:00,29.48375,26.842348
2025-06-24 09:00:00+00:00,42.070729166666666,32.20207
2025-06-24 10:00:00+00:00,54.65770833333333,35.948757
2025-06-24 11:00:00+00:00,67.2446875,35.901115
2025-06-24 12:00:00+00:00,79.83166666666666,38.046738
2025-06-24 13:00:00+00:00,67.11875,35.712917
2025-06-24 14:00:00+00:00,54.405833333333334,33.627743
2025-06-24 15:00:00+00:00,41.69291666666667,30.609148
2025-06-24 16:00:00+00:00,28.98,25.951027
2025-06-24 17:00:00+00:00,28.5496875,26.837461
2025-06-24 18:00:00+00:00,28.119374999999998,28.893064
2025-06-24 19:00:00+00:00,27.6890625,31.846626
2025-06-24 20:00:00+00:00,27.258749999999996,33.907757
2025-06-24 21:00:00+00:00,26.839375,31.404825
2025-06-24 22:00:00+00:00,26.42,29.767044
2025-06-24 23:00:00+00:00,26.000625,27.890469
2025-06-25 00:00:00+00:00,25.58125,26.371874
2025-06-25 01:00:00+00:00,25.5128125,27.225523
2025-06-25 02:00:00+00:00,25.444375,27.34634
2025-06-25 03:00:00+00:00,25.3759375,27.360004
2025-06-25 04:00:00+00:00,25.3075,27.887602
2025-06-25 05:00:00+00:00,25.00875,26.175365
2025-06-25 06:00:00+00:00,24.71,24.355307
2025-06-25 07:00:00+00:00,29.343125,26.810785
2025-06-25 08:00:00+00:00,33.97625,29.287508
2025-06-25 09:00:00+00:00,38.018437500000005,31.460215
2025-06-25 10:00:00+00:00,42.060625,33.34835
2025-06-25 11:00:00+00:00,46.1028125,36.064003
2025-06-25 12:00:00+00:00,50.145,40.835464
2025-06-25 13:00:00+00:00,47.6659375,44.01986
2025-06-25 14:00:00+00:00,45.186875,46.30705
2025-06-25 15:00:00+00:00,42.7078125,45.911385
2025-06-25 16:00:00+00:00,40.22875,44.87159
2025-06-25 17:00:00+00:00,36.21937500000001,41.033764
2025-06-25 18:00:00+00:00,32.21,36.05258
2025-06-25 19:00:00+00:00,28.200625,30.535406
2025-06-25 20:00:00+00:00,24.19125,24.78608
2025-06-25 21:00:00+00:00,23.0215625,21.757534
2025-06-25 22:00:00+00:00,21.851875,19.999016
2025-06-25 23:00:00+00:00,20.682187499999998,21.086685
2025-06-26 00:00:00+00:00,19.5125,21.978947
2025-06-26 01:00:00+00:00,19.469375,22.122097
2025-06-26 02:00:00+00:00,19.426250000000003,21.857025
2025-06-26 03:00:00+00:00,19.383125,22.533028
2025-06-26 04:00:00+00:00,19.34,23.705862
2025-06-26 05:00:00+00:00,20.799999999999997,24.482296
2025-06-26 06:00:00+00:00,22.259999999999998,25.066494
2025-06-26 07:00:00+00:00,25.991875,27.923183
2025-06-26 08:00:00+00:00,29.72375,31.690392
2025-06-26 09:00:00+00:00,31.04864583333333,31.792294
2025-06-26 10:00:00+00:00,32.37354166666667,31.00715
2025-06-26 11:00:00+00:00,33.6984375,30.998852
2025-06-26 12:00:00+00:00,35.02333333333333,31.670698
2025-06-26 13:00:00+00:00,36.35093749999999,35.223175
2025-06-26 14:00:00+00:00,37.67854166666667,37.054543
2025-06-26 15:00:00+00:00,39.006145833333335,37.722248
2025-06-26 16:00:00+00:00,40.33375,37.877213
2025-06-26 17:00:00+00:00,37.9428125,34.33038
2025-06-26 18:00:00+00:00,35.551875,31.96423
2025-06-26 19:00:00+00:00,33.1609375,28.742737
2025-06-26 20:00:00+00:00,30.77,25.624079
2025-06-26 21:00:00+00:00,29.975625,25.013247
2025-06-26 22:00:00+00:00,29.18125,24.433094
2025-06-26 23:00:00+00:00,28.386875,24.67015
2025-06-27 00:00:00+00:00,27.5925,24.695534
2025-06-27 01:00:00+00:00,27.6403125,26.028572
2025-06-27 02:00:00+00:00,27.688125,27.106709
2025-06-27 03:00:00+00:00,27.7359375,27.399693
2025-06-27 04:00:00+00:00,27.783749999999998,27.893671
2025-06-27 05:00:00+00:00,26.686875,28.074211
2025-06-27 06:00:00+00:00,25.59,27.606419
2025-06-27 07:00:00+00:00,26.238125,30.96348
2025-06-27 08:00:00+00:00,26.88625,35.305237
2025-06-27 09:00:00+00:00,27.012187500000003,37.71585
2025-06-27 10:00:00+00:00,27.138125000000002,40.143196
2025-06-27 11:00:00+00:00,27.264062500000005,41.88446
2025-06-27 12:00:00+00:00,27.39,41.692448
2025-06-27 13:00:00+00:00,26.728125,37.642895
2025-06-27 14:00:00+00:00,26.06625,33.42192
2025-06-27 15:00:00+00:00,25.404375,27.97976
2025-06-27 16:00:00+00:00,24.7425,23.365705
2025-06-27 17:00:00+00:00,25.1203125,23.678425
2025-06-27 18:00:00+00:00,25.498124999999998,25.276989
2025-06-27 19:00:00+00:00,25.8759375,26.68474
2025-06-27 20:00:00+00:00,26.25375,28.352306
2025-06-27 21:00:00+00:00,27.120625,31.436483
2025-06-27 22:00:00+00:00,27.9875,34.531868
2025-06-27 23:00:00+00:00,28.854375000000005,37.083847
2025-06-28 00:00:00+00:00,29.72125,38.75886
2025-06-28 01:00:00+00:00,28.9709375,34.54856
2025-06-28 02:00:00+00:00,28.220625,31.966927
2025-06-28 03:00:00+00:00,27.4703125,29.513597
2025-06-28 04:00:00+00:00,26.72,26.984667
2025-06-28 05:00:00+00:00,27.2375,25.555157
2025-06-28 06:00:00+00:00,27.755000000000003,24.59588
2025-06-28 07:00:00+00:00,31.094375000000003,27.299915
2025-06-28 08:00:00+00:00,34.43375,30.870853
2025-06-28 09:00:00+00:00,36.497395833333336,32.249992
2025-06-28 10:00:00+00:00,38.56104166666667,33.27583
2025-06-28 11:00:00+00:00,40.62468750000001,32.749596
2025-06-28 12:00:00+00:00,42.68833333333333,31.493256
2025-06-28 13:00:00+00:00,48.426249999999996,34.448627
2025-06-28 14:00:00+00:00,54.16416666666667,37.46961
2025-06-28 15:00:00+00:00,59.90208333333334,39.338684
2025-06-28 16:00:00+00:00,65.64,41.74141
2025-06-28 17:00:00+00:00,56.520625,37.946014
2025-06-28 18:00:00+00:00,47.401250000000005,33.48205
2025-06-28 19:00:00+00:00,38.28187499999999,29.554806
2025-06-28 20:00:00+00:00,29.1625,25.555809
2025-06-28 21:00:00+00:00,28.410937500000003,26.311451
2025-06-28 22:00:00+00:00,27.659375,26.58495
2025-06-28 23:00:00+00:00,26.9078125,27.107813
2025-06-29 00:00:00+00:00,26.15625,28.7162
2025-06-29 01:00:00+00:00,25.66,28.029823
2025-06-29 02:00:00+00:00,25.163749999999997,28.10824
2025-06-29 03:00:00+00:00,24.6675,27.97159
2025-06-29 04:00:00+00:00,24.17125,27.728163
2025-06-29 05:00:00+00:00,24.858125,27.052898
2025-06-29 06:00:00+00:00,25.545,26.491833
2025-06-29 07:00:00+00:00,29.282500000000002,27.786037
2025-06-29 08:00:00+00:00,33.02,29.151102
2025-06-29 09:00:00+00:00,38.94583333333334,31.487915
2025-06-29 10:00:00+00:00,44.87166666666667,35.388363
2025-06-29 11:00:00+00:00,50.7975,39.50515
2025-06-29 12:00:00+00:00,56.723333333333336,42.885094
2025-06-29 13:00:00+00:00,51.638125,43.232353
2025-06-29 14:00:00+00:00,46.55291666666667,42.378223
2025-06-29 15:00:00+00:00,41.467708333333334,41.599796
2025-06-29 16:00:00+00:00,36.3825,41.59039
2025-06-29 17:00:00+00:00,35.2940625,41.8078
2025-06-29 18:00:00+00:00,34.205625,41.046246
2025-06-29 19:00:00+00:00,33.1171875,40.704075
2025-06-29 20:00:00+00:00,32.02875,40.748737
2025-06-29 21:00:00+00:00,29.978437500000002,37.182102
2025-06-29 22:00:00+00:00,27.928125,32.94822
2025-06-29 23:00:00+00:00,25.8778125,28.827717
2025-06-30 00:00:00+00:00,23.8275,25.001602
2025-06-30 01:00:00+00:00,22.740000000000002,22.357178
2025-06-30 02:00:00+00:00,21.6525,21.207619
2025-06-30 03:00:00+00:00,20.564999999999998,20.906303
2025-06-30 04:00:00+00:00,19.4775,21.32935
2025-06-30 05:00:00+00:00,21.91125,21.682808
2025-06-30 06:00:00+00:00,24.345,22.250088
2025-06-30 07:00:00+00:00,23.025,23.803822
2025-06-30 08:00:00+00:00,21.705,25.048998
2025-06-30 09:00:00+00:00,26.604166666666664,28.852386
2025-06-30 10:00:00+00:00,31.503333333333334,34.87061
2025-06-30 11:00:00+00:00,36.4025,40.909424
2025-06-30 12:00:00+00:00,41.30166666666667,45.627674
2025-06-30 13:00:00+00:00,38.544375,43.737137
2025-06-30 14:00:00+00:00,35.787083333333335,40.209
2025-06-30 15:00:00+00:00,33.02979166666667,36.794174
2025-06-30 16:00:00+00:00,30.2725,33.775913
2025-06-30 17:00:00+00:00,30.6184375,33.541534
2025-06-30 18:00:00+00:00,30.964375,33.843132
2025-06-30 19:00:00+00:00,31.310312500000002,34.097397
2025-06-30 20:00:00+00:00,31.65625,34.67783
2025-06-30 21:00:00+00:00,31.1534375,33.052685
2025-06-30 22:00:00+00:00,30.650624999999998,32.04602
2025-06-30 23:00:00+00:00,30.1478125,31.213655
2025-07-01 00:00:00+00:00,29.645,29.820522
2025-07-01 01:00:00+00:00,28.924374999999998,28.496532
2025-07-01 02:00:00+00:00,28.20375,27.305897
2025-07-01 03:00:00+00:00,27.483125,26.002716
2025-07-01 04:00:00+00:00,26.7625,25.014702
2025-07-01 05:00:00+00:00,32.768750000000004,25.159643
2025-07-01 06:00:00+00:00,38.775000000000006,25.482468
2025-07-01 07:00:00+00:00,33.35125,25.855019
2025-07-01 08:00:00+00:00,27.927500000000002,27.102457
2025-07-01 09:00:00+00:00,33.15604166666667,30.230703
2025-07-01 10:00:00+00:00,38.38458333333333,32.61269
2025-07-01 11:00:00+00:00,43.613125,33.213608
2025-07-01 12:00:00+00:00,48.84166666666667,33.29571
2025-07-01 13:00:00+00:00,43.21125,32.46053
2025-07-01 14:00:00+00:00,37.58083333333333,31.59719
2025-07-01 15:00:00+00:00,31.95041666666667,30.568386
2025-07-01 16:00:00+00:00,26.32,29.199905
2025-07-01 17:00:00+00:00,25.1375,27.429867
2025-07-01 18:00:00+00:00,23.955,26.184498
2025-07-01 19:00:00+00:00,22.7725,24.997921
2025-07-01 20:00:00+00:00,21.59,23.842226
2025-07-01 21:00:00+00:00,22.7734375,24.189205
2025-07-01 22:00:00+00:00,23.956874999999997,24.95293
2025-07-01 23:00:00+00:00,25.1403125,25.1335
2025-07-02 00:00:00+00:00,26.32375,25.801338
2025-07-02 01:00:00+00:00,26.8584375,27.040356
2025-07-02 02:00:00+00:00,27.393124999999998,27.578547
2025-07-02 03:00:00+00:00,27.927812499999998,28.25596
2025-07-02 04:00:00+00:00,28.462500000000002,28.697636
2025-07-02 05:00:00+00:00,33.07125,31.07047
2025-07-02 06:00:00+00:00,37.67999999999999,33.49082
2025-07-02 07:00:00+00:00,36.103125,32.70037
2025-07-02 08:00:00+00:00,34.52625,31.390438
2025-07-02 09:00:00+00:00,40.80802083333333,34.96125
2025-07-02 10:00:00+00:00,47.08979166666666,39.509686
2025-07-02 11:00:00+00:00,53.371562499999996,45.33824
2025-07-02 12:00:00+00:00,59.65333333333333,52.77372
2025-07-02 13:00:00+00:00,57.151875,51.340366
2025-07-02 14:00:00+00:00,54.650416666666665,47.555313
2025-07-02 15:00:00+00:00,52.14895833333333,43.412025
2025-07-02 16:00:00+00:00,49.6475,38.764454
2025-07-02 17:00:00+00:00,47.9040625,38.16995
2025-07-02 18:00:00+00:00,46.160624999999996,37.38811
2025-07-02 19:00:00+00:00,44.4171875,37.232193
2025-07-02 20:00:00+00:00,42.67375,37.320812
2025-07-02 21:00:00+00:00,39.75531250000001,36.576996
2025-07-02 22:00:00+00:00,36.836875,36.01875
2025-07-02 23:00:00+00:00,33.918437499999996,32.329926
2025-07-03 00:00:00+00:00,31.0,29.086212
2025-07-03 01:00:00+00:00,29.9046875,25.978558
2025-07-03 02:00:00+00:00,28.809374999999996,25.060911
2025-07-03 03:00:00+00:00,27.714062499999997,24.628504
2025-07-03 04:00:00+00:00,26.61875,24.611423
2025-07-03 05:00:00+00:00,30.276875,25.996185
2025-07-03 06:00:00+00:00,33.935,28.072346
2025-07-03 07:00:00+00:00,29.689375000000002,28.306015
2025-07-03 08:00:00+00:00,25.44375,29.024153
2025-07-03 09:00:00+00:00,31.770312500000003,36.300156
2025-07-03 10:00:00+00:00,38.096875,44.97314
2025-07-03 11:00:00+00:00,44.4234375,49.46802
2025-07-03 12:00:00+00:00,50.75,51.97352
2025-07-03 13:00:00+00:00,50.5325,53.159973
2025-07-03 14:00:00+00:00,50.315000000000005,54.923595
2025-07-03 15:00:00+00:00,50.097500000000004,57.705772
2025-07-03 16:00:00+00:00,49.88,58.08563
2025-07-03 17:00:00+00:00,44.8040625,51.348457
2025-07-03 18:00:00+00:00,39.728125,44.334423
2025-07-03 19:00:00+00:00,34.652187500000004,38.038826
2025-07-03 20:00:00+00:00,29.57625,32.14658
2025-07-03 21:00:00+00:00,29.5428125,32.18051
2025-07-03 22:00:00+00:00,29.509375,32.698593
2025-07-03 23:00:00+00:00,29.4759375,32.422874
2025-07-04 00:00:00+00:00,29.4425,32.48905
2025-07-04 01:00:00+00:00,28.938125,31.036062
2025-07-04 02:00:00+00:00,28.43375,29.972376
2025-07-04 03:00:00+00:00,27.929375,27.821657
2025-07-04 04:00:00+00:00,27.425,25.629707
2025-07-04 05:00:00+00:00,28.377499999999998,24.582737
2025-07-04 06:00:00+00:00,29.33,24.30064
2025-07-04 07:00:00+00:00,26.2875,23.717966
2025-07-04 08:00:00+00:00,23.245,23.620752
2025-07-04 09:00:00+00:00,23.631666666666668,27.930523
2025-07-04 10:00:00+00:00,24.018333333333334,32.057636
2025-07-04 11:00:00+00:00,24.405,31.344246
2025-07-04 12:00:00+00:00,24.791666666666668,31.11156
2025-07-04 13:00:00+00:00,26.7221875,34.50548
2025-07-04 14:00:00+00:00,28.652708333333337,38.394344
2025-07-04 15:00:00+00:00,30.58322916666667,41.792553
2025-07-04 16:00:00+00:00,32.51375,43.56404
2025-07-04 17:00:00+00:00,31.679375,39.955414
2025-07-04 18:00:00+00:00,30.845,35.388046
2025-07-04 19:00:00+00:00,30.010625,31.157812
2025-07-04 20:00:00+00:00,29.17625,27.745932
2025-07-04 21:00:00+00:00,29.446875,27.256124
2025-07-04 22:00:00+00:00,29.7175,27.731333
2025-07-04 23:00:00+00:00,29.988125,29.001362
2025-07-05 00:00:00+00:00,30.25875,30.852661
2025-07-05 01:00:00+00:00,30.3090625,30.817757
2025-07-05 02:00:00+00:00,30.359375,31.113667
2025-07-05 03:00:00+00:00,30.4096875,30.737133
2025-07-05 04:00:00+00:00,30.46,29.945183
2025-07-05 05:00:00+00:00,28.302500000000002,29.505554
2025-07-05 06:00:00+00:00,26.145,29.871454
2025-07-05 07:00:00+00:00,27.738125,29.367226
2025-07-05 08:00:00+00:00,29.33125,30.087444
2025-07-05 09:00:00+00:00,31.1996875,35.9747
2025-07-05 10:00:00+00:00,33.068125,41.719997
2025-07-05 11:00:00+00:00,34.9365625,43.703094
2025-07-05 12:00:00+00:00,36.805,42.258392
2025-07-05 13:00:00+00:00,36.28375,38.560646
2025-07-05 14:00:00+00:00,35.7625,36.00056
2025-07-05 15:00:00+00:00,35.241249999999994,35.566956
2025-07-05 16:00:00+00:00,34.72,35.916996
2025-07-05 17:00:00+00:00,32.4721875,32.406235
2025-07-05 18:00:00+00:00,30.224375000000002,28.715225
2025-07-05 19:00:00+00:00,27.9765625,25.683031
2025-07-05 20:00:00+00:00,25.72875,22.677681
2025-07-05 21:00:00+00:00,24.4046875,22.891033
2025-07-05 22:00:00+00:00,23.080625,23.082233
2025-07-05 23:00:00+00:00,21.7565625,23.481655
2025-07-06 00:00:00+00:00,20.432500000000005,23.954172
2025-07-06 01:00:00+00:00,22.2434375,23.54243
2025-07-06 02:00:00+00:00,24.054375,24.589615
2025-07-06 03:00:00+00:00,25.8653125,25.513977
2025-07-06 04:00:00+00:00,27.67625,26.463888
2025-07-06 05:00:00+00:00,32.873125,26.412323
2025-07-06 06:00:00+00:00,38.07,26.250528
2025-07-06 07:00:00+00:00,34.993125,27.572155
2025-07-06 08:00:00+00:00,31.91625,30.094551
2025-07-06 09:00:00+00:00,37.01802083333333,33.32718
2025-07-06 10:00:00+00:00,42.119791666666664,36.230305
2025-07-06 11:00:00+00:00,47.2215625,39.078987
2025-07-06 12:00:00+00:00,52.32333333333333,40.965034
2025-07-06 13:00:00+00:00,49.1021875,41.686714
2025-07-06 14:00:00+00:00,45.88104166666666,41.7194
2025-07-06 15:00:00+00:00,42.65989583333333,40.68623
2025-07-06 16:00:00+00:00,39.43875,39.73395
2025-07-06 17:00:00+00:00,41.945,38.024586
2025-07-06 18:00:00+00:00,44.45125,37.16165
2025-07-06 19:00:00+00:00,46.9575,35.770496
2025-07-06 20:00:00+00:00,49.463750000000005,34.557358
2025-07-06 21:00:00+00:00,47.60468750000001,34.324696
2025-07-06 22:00:00+00:00,45.745625000000004,34.114464
2025-07-06 23:00:00+00:00,43.886562500000004,35.938416
2025-07-07 00:00:00+00:00,42.0275,37.375225
2025-07-07 01:00:00+00:00,39.3165625,36.65318
2025-07-07 02:00:00+00:00,36.605625,36.17121
2025-07-07 03:00:00+00:00,33.8946875,34.434673
2025-07-07 04:00:00+00:00,31.18375,32.108067
2025-07-07 05:00:00+00:00,31.431874999999998,32.713654
2025-07-07 06:00:00+00:00,31.68,34.4441
2025-07-07 07:00:00+00:00,32.31875,34.73627
2025-07-07 08:00:00+00:00,32.9575,34.73808
2025-07-07 09:00:00+00:00,34.715625,36.85368
2025-07-07 10:00:00+00:00,36.47375,40.140324
2025-07-07 11:00:00+00:00,38.23187500000001,41.051357
2025-07-07 12:00:00+00:00,39.99,41.860847
2025-07-07 13:00:00+00:00,38.424375,41.66551
2025-07-07 14:00:00+00:00,36.85874999999999,40.75503
2025-07-07 15:00:00+00:00,35.293125,40.520367
2025-07-07 16:00:00+00:00,33.7275,40.726917
2025-07-07 17:00:00+00:00,35.785624999999996,43.22041
2025-07-07 18:00:00+00:00,37.84375,45.921303
2025-07-07 19:00:00+00:00,39.901875000000004,47.91552
2025-07-07 20:00:00+00:00,41.96000000000001,49.038097
2025-07-07 21:00:00+00:00,39.396875,43.423996
2025-07-07 22:00:00+00:00,36.833749999999995,37.17051
2025-07-07 23:00:00+00:00,34.270625,32.7322
2025-07-08 00:00:00+00:00,31.7075,29.104874
2025-07-08 01:00:00+00:00,30.939687499999998,29.103159
2025-07-08 02:00:00+00:00,30.171875,29.755291
2025-07-08 03:00:00+00:00,29.404062500000002,30.531841
2025-07-08 04:00:00+00:00,28.63625,31.451778
2025-07-08 05:00:00+00:00,27.160625,32.70842
2025-07-08 06:00:00+00:00,25.685000000000002,33.80336
2025-07-08 07:00:00+00:00,32.448125000000005,32.58332
2025-07-08 08:00:00+00:00,39.21125,31.072405
2025-07-08 09:00:00+00:00,35.91052083333334,31.519196
2025-07-08 10:00:00+00:00,32.609791666666666,32.052437
2025-07-08 11:00:00+00:00,29.309062500000003,30.87712
2025-07-08 12:00:00+00:00,26.008333333333336,29.806862
2025-07-08 13:00:00+00:00,25.4290625,27.59386
2025-07-08 14:00:00+00:00,24.84979166666667,25.275589
2025-07-08 15:00:00+00:00,24.270520833333336,23.783356
2025-07-08 16:00:00+00:00,23.69125,23.627014
2025-07-08 17:00:00+00:00,23.974375000000002,25.654041
2025-07-08 18:00:00+00:00,24.2575,28.37447
2025-07-08 19:00:00+00:00,24.540625,30.793367
2025-07-08 20:00:00+00:00,24.82375,33.11226
2025-07-08 21:00:00+00:00,26.3584375,33.37978
2025-07-08 22:00:00+00:00,27.893124999999998,33.069675
2025-07-08 23:00:00+00:00,29.427812499999998,32.40526
2025-07-09 00:00:00+00:00,30.9625,31.461643
2025-07-09 01:00:00+00:00,30.54625,30.662516
2025-07-09 02:00:00+00:00,30.13,30.192797
2025-07-09 03:00:00+00:00,29.713749999999997,29.308493
2025-07-09 04:00:00+00:00,29.2975,28.41885
2025-07-09 05:00:00+00:00,28.89875,27.431076
2025-07-09 06:00:00+00:00,28.5,27.743553
2025-07-09 07:00:00+00:00,30.188125,29.629309
2025-07-09 08:00:00+00:00,31.87625,30.528757
2025-07-09 09:00:00+00:00,31.00177083333333,31.274664
2025-07-09 10:00:00+00:00,30.12729166666666,31.556301
2025-07-09 11:00:00+00:00,29.2528125,32.85888
2025-07-09 12:00:00+00:00,28.378333333333334,35.583115
2025-07-09 13:00:00+00:00,29.679375,35.2063
2025-07-09 14:00:00+00:00,30.98041666666667,34.59195
2025-07-09 15:00:00+00:00,32.28145833333333,33.328728
2025-07-09 16:00:00+00:00,33.5825,30.948988
2025-07-09 17:00:00+00:00,31.978437500000002,29.067211
2025-07-09 18:00:00+00:00,30.374375,27.288607
2025-07-09 19:00:00+00:00,28.7703125,25.76889
2025-07-09 20:00:00+00:00,27.166249999999998,24.708775
2025-07-09 21:00:00+00:00,26.6190625,25.12902
2025-07-09 22:00:00+00:00,26.071875,25.868889
2025-07-09 23:00:00+00:00,25.5246875,26.860779
2025-07-10 00:00:00+00:00,24.9775,27.083496
2025-07-10 01:00:00+00:00,24.1371875,25.445736
2025-07-10 02:00:00+00:00,23.296875,24.81582
2025-07-10 03:00:00+00:00,22.4565625,24.52097
2025-07-10 04:00:00+00:00,21.61625,24.052055
2025-07-10 05:00:00+00:00,23.958125000000003,24.059586
2025-07-10 06:00:00+00:00,26.3,23.960999
2025-07-10 07:00:00+00:00,31.527499999999996,27.36011
2025-07-10 08:00:00+00:00,36.754999999999995,31.387669
2025-07-10 09:00:00+00:00,34.738749999999996,32.4785
2025-07-10 10:00:00+00:00,32.7225,33.0378
2025-07-10 11:00:00+00:00,30.706249999999997,32.908733
2025-07-10 12:00:00+00:00,28.689999999999998,33.01958
2025-07-10 13:00:00+00:00,30.959062499999998,35.09238
2025-07-10 14:00:00+00:00,33.228125,36.902027
2025-07-10 15:00:00+00:00,35.497187499999995,38.600266
2025-07-10 16:00:00+00:00,37.76625,40.316536
2025-07-10 17:00:00+00:00,36.4996875,37.608208
2025-07-10 18:00:00+00:00,35.233125,34.594692
2025-07-10 19:00:00+00:00,33.9665625,32.41949
2025-07-10 20:00:00+00:00,32.7,30.580463
2025-07-10 21:00:00+00:00,36.3634375,31.098179
2025-07-10 22:00:00+00:00,40.026875000000004,31.861744
2025-07-10 23:00:00+00:00,43.690312500000005,33.505352
2025-07-11 00:00:00+00:00,47.353750000000005,34.692223
2025-07-11 01:00:00+00:00,43.7728125,33.37261
2025-07-11 02:00:00+00:00,40.19187499999999,32.877403
2025-07-11 03:00:00+00:00,36.6109375,32.877155
2025-07-11 04:00:00+00:00,33.03,33.0052
2025-07-11 05:00:00+00:00,27.8625,34.420998
2025-07-11 06:00:00+00:00,22.695,34.717587
2025-07-11 07:00:00+00:00,29.268124999999998,35.20327
2025-07-11 08:00:00+00:00,35.84125,34.896385
2025-07-11 09:00:00+00:00,36.357187499999995,33.166046
2025-07-11 10:00:00+00:00,36.873125,31.553883
2025-07-11 11:00:00+00:00,37.3890625,29.24833
2025-07-11 12:00:00+00:00,37.905,27.806263
2025-07-11 13:00:00+00:00,38.23375,28.56218
2025-07-11 14:00:00+00:00,38.5625,30.854685
2025-07-11 15:00:00+00:00,38.89125,33.41882
2025-07-11 16:00:00+00:00,39.22,35.18575
2025-07-11 17:00:00+00:00,36.3953125,33.690804
2025-07-11 18:00:00+00:00,33.570625,32.190746
2025-07-11 19:00:00+00:00,30.7459375,31.087305
2025-07-11 20:00:00+00:00,27.921249999999997,30.28974
2025-07-11 21:00:00+00:00,29.103749999999998,31.725037
2025-07-11 22:00:00+00:00,30.28625,32.985962
2025-07-11 23:00:00+00:00,31.46875,34.2721
2025-07-12 00:00:00+00:00,32.65125,35.865784
2025-07-12 01:00:00+00:00,32.497812499999995,36.508488
2025-07-12 02:00:00+00:00,32.344375,35.404087
2025-07-12 03:00:00+00:00,32.190937500000004,33.91894
2025-07-12 04:00:00+00:00,32.0375,32.185352
2025-07-12 05:00:00+00:00,29.75375,30.662601
2025-07-12 06:00:00+00:00,27.47,28.747524
2025-07-12 07:00:00+00:00,28.8275,29.766785
2025-07-12 08:00:00+00:00,30.185000000000002,31.86295
2025-07-12 09:00:00+00:00,43.558749999999996,33.060005
2025-07-12 10:00:00+00:00,56.932500000000005,34.880257
2025-07-12 11:00:00+00:00,70.30625,37.754337
2025-07-12 12:00:00+00:00,83.68,38.948303
2025-07-12 13:00:00+00:00,68.954375,37.17325
2025-07-12 14:00:00+00:00,54.228750000000005,35.26831
2025-07-12 15:00:00+00:00,39.503125000000004,30.607086
2025-07-12 16:00:00+00:00,24.7775,26.337091
2025-07-12 17:00:00+00:00,23.955625,24.386448
2025-07-12 18:00:00+00:00,23.13375,22.548687
2025-07-12 19:00:00+00:00,22.311875,21.644127
2025-07-12 20:00:00+00:00,21.490000000000002,21.21605
2025-07-12 21:00:00+00:00,21.598125000000003,21.818707
2025-07-12 22:00:00+00:00,21.706250000000004,23.140694
2025-07-12 23:00:00+00:00,21.814375,24.41809
2025-07-13 00:00:00+00:00,21.922500000000003,26.678192
2025-07-13 01:00:00+00:00,24.2403125,28.192532
2025-07-13 02:00:00+00:00,26.558125,29.760096
2025-07-13 03:00:00+00:00,28.8759375,31.201847
2025-07-13 04:00:00+00:00,31.19375,32.463264
2025-07-13 05:00:00+00:00,35.299375,31.062445
2025-07-13 06:00:00+00:00,39.405,28.772139
2025-07-13 07:00:00+00:00,37.03875,29.414867
2025-07-13 08:00:00+00:00,34.6725,31.105911
2025-07-13 09:00:00+00:00,39.431041666666665,35.124023
2025-07-13 10:00:00+00:00,44.18958333333333,40.676086
2025-07-13 11:00:00+00:00,48.948125000000005,48.99536
2025-07-13 12:00:00+00:00,53.70666666666667,54.10244
2025-07-13 13:00:00+00:00,47.595937500000005,47.543514
2025-07-13 14:00:00+00:00,41.48520833333333,40.467525
2025-07-13 15:00:00+00:00,35.37447916666667,33.539635
2025-07-13 16:00:00+00:00,29.26375,27.525068
2025-07-13 17:00:00+00:00,28.5078125,28.101616
2025-07-13 18:00:00+00:00,27.751875000000002,29.323458
2025-07-13 19:00:00+00:00,26.995937500000004,29.77033
2025-07-13 20:00:00+00:00,26.240000000000002,29.96101
2025-07-13 21:00:00+00:00,26.0453125,28.820507
2025-07-13 22:00:00+00:00,25.850625,27.341602
2025-07-13 23:00:00+00:00,25.655937500000004,26.583513
2025-07-14 00:00:00+00:00,25.46125,26.277618
2025-07-14 01:00:00+00:00,25.970937499999998,26.883354
2025-07-14 02:00:00+00:00,26.480625,27.176844
2025-07-14 03:00:00+00:00,26.990312500000005,27.939238
2025-07-14 04:00:00+00:00,27.5,29.118752
2025-07-14 05:00:00+00:00,31.067500000000006,28.436197
2025-07-14 06:00:00+00:00,34.635000000000005,27.510574
2025-07-14 07:00:00+00:00,30.795,25.997879
2025-07-14 08:00:00+00:00,26.955,25.783634
2025-07-14 09:00:00+00:00,32.370416666666664,35.143253
2025-07-14 10:00:00+00:00,37.78583333333333,44.78273
2025-07-14 11:00:00+00:00,43.20125,53.58741
2025-07-14 12:00:00+00:00,48.61666666666667,59.100937
2025-07-14 13:00:00+00:00,44.268125,51.023468
2025-07-14 14:00:00+00:00,39.919583333333335,43.654945
2025-07-14 15:00:00+00:00,35.571041666666666,36.915714
2025-07-14 16:00:00+00:00,31.2225,30.915462
2025-07-14 17:00:00+00:00,30.0734375,30.342932
2025-07-14 18:00:00+00:00,28.924374999999998,30.642647
2025-07-14 19:00:00+00:00,27.7753125,31.071054
2025-07-14 20:00:00+00:00,26.62625,31.879942
2025-07-14 21:00:00+00:00,27.505937499999998,31.987947
2025-07-14 22:00:00+00:00,28.385624999999997,32.2531
2025-07-14 23:00:00+00:00,29.2653125,31.192095
2025-07-15 00:00:00+00:00,30.145,30.480215
2025-07-15 01:00:00+00:00,34.2978125,34.67958
2025-07-15 02:00:00+00:00,38.450625,37.945873
2025-07-15 03:00:00+00:00,42.6034375,39.88177
2025-07-15 04:00:00+00:00,46.75625,42.268948
2025-07-15 05:00:00+00:00,38.335625,44.9553
2025-07-15 06:00:00+00:00,29.915,48.299885
2025-07-15 07:00:00+00:00,28.18,42.939854
2025-07-15 08:00:00+00:00,26.445,35.58139
2025-07-15 09:00:00+00:00,29.710416666666667,36.128468
2025-07-15 10:00:00+00:00,32.975833333333334,40.56205
2025-07-15 11:00:00+00:00,36.24125,50.07298
2025-07-15 12:00:00+00:00,39.50666666666667,56.435528
2025-07-15 13:00:00+00:00,39.865625,50.84498
2025-07-15 14:00:00+00:00,40.22458333333333,44.52257
2025-07-15 15:00:00+00:00,40.58354166666666,38.106697
2025-07-15 16:00:00+00:00,40.942499999999995,33.552677
2025-07-15 17:00:00+00:00,38.11749999999999,32.585438
2025-07-15 18:00:00+00:00,35.2925,31.163492
2025-07-15 19:00:00+00:00,32.4675,29.68534
2025-07-15 20:00:00+00:00,29.6425,27.948864
2025-07-15 21:00:00+00:00,28.784687499999997,27.815706
2025-07-15 22:00:00+00:00,27.926875,27.938807
2025-07-15 23:00:00+00:00,27.0690625,27.572193
2025-07-16 00:00:00+00:00,26.21125,27.718117
2025-07-16 01:00:00+00:00,26.91125,27.3371
2025-07-16 02:00:00+00:00,27.61125,28.583426
2025-07-16 03:00:00+00:00,28.31125,29.140663
2025-07-16 04:00:00+00:00,29.01125,30.717417
2025-07-16 05:00:00+00:00,28.748125,29.327013
2025-07-16 06:00:00+00:00,28.485,28.08783
2025-07-16 07:00:00+00:00,29.061249999999998,28.68447
2025-07-16 08:00:00+00:00,29.6375,30.457355
2025-07-16 09:00:00+00:00,33.06395833333333,33.9542
2025-07-16 10:00:00+00:00,36.49041666666667,36.411003
2025-07-16 11:00:00+00:00,39.916875000000005,35.77614
2025-07-16 12:00:00+00:00,43.343333333333334,36.2798
2025-07-16 13:00:00+00:00,53.7821875,43.906845
2025-07-16 14:00:00+00:00,64.22104166666666,51.027477
2025-07-16 15:00:00+00:00,74.65989583333334,57.72519
2025-07-16 16:00:00+00:00,85.09875,61.185257
2025-07-16 17:00:00+00:00,69.42875,52.614517
2025-07-16 18:00:00+00:00,53.75875,42.123035
2025-07-16 19:00:00+00:00,38.088750000000005,32.1477
2025-07-16 20:00:00+00:00,22.418749999999996,24.15153
2025-07-16 21:00:00+00:00,22.1159375,23.848904
2025-07-16 22:00:00+00:00,21.813125,23.622704
2025-07-16 23:00:00+00:00,21.510312499999998,23.65267
2025-07-17 00:00:00+00:00,21.2075,24.09644
2025-07-17 01:00:00+00:00,21.0915625,25.022959
2025-07-17 02:00:00+00:00,20.975625,25.83294
2025-07-17 03:00:00+00:00,20.8596875,26.410282
2025-07-17 04:00:00+00:00,20.74375,26.963526
2025-07-17 05:00:00+00:00,24.159375,26.680597
2025-07-17 06:00:00+00:00,27.575000000000003,27.789494
2025-07-17 07:00:00+00:00,32.261875,31.439415
2025-07-17 08:00:00+00:00,36.94875000000001,37.015045
2025-07-17 09:00:00+00:00,41.23406250000001,41.259148
2025-07-17 10:00:00+00:00,45.519375000000004,45.57856
2025-07-17 11:00:00+00:00,49.8046875,47.536694
2025-07-17 12:00:00+00:00,54.09,45.669083
2025-07-17 13:00:00+00:00,51.220625,47.124603
2025-07-17 14:00:00+00:00,48.35125,49.175953
2025-07-17 15:00:00+00:00,45.481875,52.751797
2025-07-17 16:00:00+00:00,42.6125,55.714813
2025-07-17 17:00:00+00:00,38.6075,48.470524
2025-07-17 18:00:00+00:00,34.6025,41.106358
2025-07-17 19:00:00+00:00,30.5975,35.18402
2025-07-17 20:00:00+00:00,26.5925,28.709316
2025-07-17 21:00:00+00:00,26.295625,27.524857
2025-07-17 22:00:00+00:00,25.99875,26.65663
2025-07-17 23:00:00+00:00,25.701874999999998,25.566547
2025-07-18 00:00:00+00:00,25.405,25.379374
2025-07-18 01:00:00+00:00,25.533125000000002,24.42993
2025-07-18 02:00:00+00:00,25.661250000000003,24.45811
2025-07-18 03:00:00+00:00,25.789375,24.767498
2025-07-18 04:00:00+00:00,25.9175,25.51593
2025-07-18 05:00:00+00:00,27.598750000000003,26.713814
2025-07-18 06:00:00+00:00,29.28,28.854969
2025-07-18 07:00:00+00:00,31.01125,34.313576
2025-07-18 08:00:00+00:00,32.7425,39.044304
2025-07-18 09:00:00+00:00,34.313125,39.982143
2025-07-18 10:00:00+00:00,35.88375,40.96823
2025-07-18 11:00:00+00:00,37.454375000000006,40.61548
2025-07-18 12:00:00+00:00,39.025,39.329826
2025-07-18 13:00:00+00:00,41.801249999999996,38.62392
2025-07-18 14:00:00+00:00,44.5775,38.055443
2025-07-18 15:00:00+00:00,47.353750000000005,38.89848
2025-07-18 16:00:00+00:00,50.13,39.545265
2025-07-18 17:00:00+00:00,45.37468749999999,36.603554
2025-07-18 18:00:00+00:00,40.619375000000005,34.15029
2025-07-18 19:00:00+00:00,35.864062499999996,31.317223
2025-07-18 20:00:00+00:00,31.10875,28.393892
2025-07-18 21:00:00+00:00,29.942500000000003,27.998688
2025-07-18 22:00:00+00:00,28.77625,27.744236
2025-07-18 23:00:00+00:00,27.61,27.521004
2025-07-19 00:00:00+00:00,26.443749999999998,27.891262
2025-07-19 01:00:00+00:00,27.142812499999998,26.885437
2025-07-19 02:00:00+00:00,27.841875000000005,26.830593
2025-07-19 03:00:00+00:00,28.5409375,27.058105
2025-07-19 04:00:00+00:00,29.24,28.757755
2025-07-19 05:00:00+00:00,27.8125,34.491875
2025-07-19 06:00:00+00:00,26.385,40.52229
2025-07-19 07:00:00+00:00,36.80125,48.083282
2025-07-19 08:00:00+00:00,47.2175,52.407303
2025-07-19 09:00:00+00:00,42.86354166666667,47.951233
2025-07-19 10:00:00+00:00,38.50958333333333,42.428883
2025-07-19 11:00:00+00:00,34.155625,37.81879
2025-07-19 12:00:00+00:00,29.801666666666666,34.819996
2025-07-19 13:00:00+00:00,32.563125,35.090973
2025-07-19 14:00:00+00:00,35.32458333333333,36.46162
2025-07-19 15:00:00+00:00,38.08604166666666,38.799942
2025-07-19 16:00:00+00:00,40.8475,40.33439
2025-07-19 17:00:00+00:00,41.262812499999995,39.505573
2025-07-19 18:00:00+00:00,41.678124999999994,37.62358
2025-07-19 19:00:00+00:00,42.0934375,34.77573
2025-07-19 20:00:00+00:00,42.50875,31.779469
2025-07-19 21:00:00+00:00,38.793437499999996,30.09557
2025-07-19 22:00:00+00:00,35.078125,29.032543
2025-07-19 23:00:00+00:00,31.3628125,27.403036
2025-07-20 00:00:00+00:00,27.647500000000004,26.506897
2025-07-20 01:00:00+00:00,26.891875,27.477123
2025-07-20 02:00:00+00:00,26.13625,27.425169
2025-07-20 03:00:00+00:00,25.380625000000002,28.11282
2025-07-20 04:00:00+00:00,24.625,28.654667
2025-07-20 05:00:00+00:00,25.9775,28.328663
2025-07-20 06:00:00+00:00,27.33,28.184658
2025-07-20 07:00:00+00:00,27.3325,29.83712
2025-07-20 08:00:00+00:00,27.335,31.399128
2025-07-20 09:00:00+00:00,29.134583333333335,32.370613
2025-07-20 10:00:00+00:00,30.93416666666667,33.915367
2025-07-20 11:00:00+00:00,32.73375,34.92506
2025-07-20 12:00:00+00:00,34.53333333333334,36.634216
2025-07-20 13:00:00+00:00,35.99250000000001,40.95159
2025-07-20 14:00:00+00:00,37.451666666666675,44.230137
2025-07-20 15:00:00+00:00,38.91083333333333,46.654423
2025-07-20 16:00:00+00:00,40.37,49.59322
2025-07-20 17:00:00+00:00,49.3925,52.1585
2025-07-20 18:00:00+00:00,58.41499999999999,53.15821
2025-07-20 19:00:00+00:00,67.4375,57.355087
2025-07-20 20:00:00+00:00,76.46,62.152145
2025-07-20 21:00:00+00:00,62.99374999999999,53.28395
2025-07-20 22:00:00+00:00,49.527499999999996,42.612637
2025-07-20 23:00:00+00:00,36.06125,32.656887
2025-07-21 00:00:00+00:00,22.595,24.439728
2025-07-21 01:00:00+00:00,22.396874999999998,24.120289
2025-07-21 02:00:00+00:00,22.19875,24.445772
2025-07-21 03:00:00+00:00,22.000625,25.171482
2025-07-21 04:00:00+00:00,21.802500000000002,25.588495
2025-07-21 05:00:00+00:00,24.70375,25.017113
2025-07-21 06:00:00+00:00,27.605,25.017544
2025-07-21 07:00:00+00:00,27.14125,25.040314
2025-07-21 08:00:00+00:00,26.6775,25.395079
2025-07-21 09:00:00+00:00,30.806041666666665,29.066072
2025-07-21 10:00:00+00:00,34.934583333333336,34.238712
2025-07-21 11:00:00+00:00,39.063125,40.732788
2025-07-21 12:00:00+00:00,43.19166666666667,46.56491
2025-07-21 13:00:00+00:00,43.15968750000001,46.24406
2025-07-21 14:00:00+00:00,43.12770833333333,44.497272
2025-07-21 15:00:00+00:00,43.095729166666665,41.788677
2025-07-21 16:00:00+00:00,43.06375,38.66861
2025-07-21 17:00:00+00:00,41.0378125,39.239117
2025-07-21 18:00:00+00:00,39.011875,40.094147
2025-07-21 19:00:00+00:00,36.9859375,41.1807
2025-07-21 20:00:00+00:00,34.96,42.052917
2025-07-21 21:00:00+00:00,33.1471875,37.885662
2025-07-21 22:00:00+00:00,31.334375,33.93577
2025-07-21 23:00:00+00:00,29.5215625,30.722206
2025-07-22 00:00:00+00:00,27.708750000000002,27.637812
2025-07-22 01:00:00+00:00,27.072187500000002,26.708118
2025-07-22 02:00:00+00:00,26.435625,26.348312
2025-07-22 03:00:00+00:00,25.799062499999998,25.820879
2025-07-22 04:00:00+00:00,25.1625,25.304867
2025-07-22 05:00:00+00:00,25.19625,25.709404
2025-07-22 06:00:00+00:00,25.23,26.442093
2025-07-22 07:00:00+00:00,26.47625,27.239868
2025-07-22 08:00:00+00:00,27.7225,29.016685
2025-07-22 09:00:00+00:00,32.86479166666667,32.37169
2025-07-22 10:00:00+00:00,38.007083333333334,36.571243
2025-07-22 11:00:00+00:00,43.149375,41.41645
2025-07-22 12:00:00+00:00,48.291666666666664,45.442253
2025-07-22 13:00:00+00:00,45.400625,44.376617
2025-07-22 14:00:00+00:00,42.50958333333333,42.966568
2025-07-22 15:00:00+00:00,39.618541666666665,41.768032
2025-07-22 16:00:00+00:00,36.7275,40.67285
2025-07-22 17:00:00+00:00,38.5921875,40.822063
2025-07-22 18:00:00+00:00,40.456875,40.768806
2025-07-22 19:00:00+00:00,42.321562500000006,40.461536
2025-07-22 20:00:00+00:00,44.18625,40.0086
2025-07-22 21:00:00+00:00,42.1734375,38.660686
2025-07-22 22:00:00+00:00,40.160625,37.589108
2025-07-22 23:00:00+00:00,38.1478125,35.285984
2025-07-23 00:00:00+00:00,36.135,32.488743
2025-07-23 01:00:00+00:00,33.205625,31.040354
2025-07-23 02:00:00+00:00,30.276249999999997,28.725195
2025-07-23 03:00:00+00:00,27.346875,26.93803
2025-07-23 04:00:00+00:00,24.4175,25.333149
2025-07-23 05:00:00+00:00,26.81125,24.837269
2025-07-23 06:00:00+00:00,29.205,25.682274
2025-07-23 07:00:00+00:00,29.184375,24.882334
2025-07-23 08:00:00+00:00,29.16375,25.602795
2025-07-23 09:00:00+00:00,41.4940625,36.69771
2025-07-23 10:00:00+00:00,53.824375,52.65503
2025-07-23 11:00:00+00:00,66.1546875,72.05226
2025-07-23 12:00:00+00:00,78.485,80.98061
2025-07-23 13:00:00+00:00,65.4865625,68.13902
2025-07-23 14:00:00+00:00,52.488125,55.77672
2025-07-23 15:00:00+00:00,39.4896875,44.49917
2025-07-23 16:00:00+00:00,26.49125,36.04871
2025-07-23 17:00:00+00:00,28.725625,34.457775
2025-07-23 18:00:00+00:00,30.96,33.228012
2025-07-23 19:00:00+00:00,33.194375,32.732166
2025-07-23 20:00:00+00:00,35.42875,33.431183
2025-07-23 21:00:00+00:00,36.8453125,35.12724
2025-07-23 22:00:00+00:00,38.261875,38.39775
2025-07-23 23:00:00+00:00,39.6784375,42.26415
2025-07-24 00:00:00+00:00,41.095,45.007996
2025-07-24 01:00:00+00:00,37.546875,42.16714
2025-07-24 02:00:00+00:00,33.99875,36.2984
2025-07-24 03:00:00+00:00,30.450625,30.831055
2025-07-24 04:00:00+00:00,26.902500000000003,25.992983
2025-07-24 05:00:00+00:00,25.536250000000003,26.051418
2025-07-24 06:00:00+00:00,24.17,28.167627
2025-07-24 07:00:00+00:00,26.574375000000003,30.675571
2025-07-24 08:00:00+00:00,28.978749999999998,33.23129
2025-07-24 09:00:00+00:00,28.907395833333332,34.138897
2025-07-24 10:00:00+00:00,28.836041666666667,34.7426
2025-07-24 11:00:00+00:00,28.764687499999997,34.915253
2025-07-24 12:00:00+00:00,28.69333333333333,35.316727
2025-07-24 13:00:00+00:00,29.41375,34.78112
2025-07-24 14:00:00+00:00,30.134166666666665,34.886337
2025-07-24 15:00:00+00:00,30.85458333333333,34.61422
2025-07-24 16:00:00+00:00,31.575,35.25476
2025-07-24 17:00:00+00:00,32.1565625,38.17376
2025-07-24 18:00:00+00:00,32.738125,40.26018
2025-07-24 19:00:00+00:00,33.3196875,42.08248
2025-07-24 20:00:00+00:00,33.90125,43.26551
2025-07-24 21:00:00+00:00,40.020624999999995,45.874725
2025-07-24 22:00:00+00:00,46.14,48.85902
2025-07-24 23:00:00+00:00,52.259375000000006,52.107742
2025-07-25 00:00:00+00:00,58.378750000000004,55.52104
2025-07-25 01:00:00+00:00,49.5121875,44.210426
2025-07-25 02:00:00+00:00,40.64562500000001,34.55165
2025-07-25 03:00:00+00:00,31.779062500000006,29.04431
2025-07-25 04:00:00+00:00,22.9125,24.83637
2025-07-25 05:00:00+00:00,26.42875,24.45625
2025-07-25 06:00:00+00:00,29.945,24.649345
2025-07-25 07:00:00+00:00,30.208125000000003,27.264286
2025-07-25 08:00:00+00:00,30.47125,30.08882
2025-07-25 09:00:00+00:00,32.003437500000004,30.325424
2025-07-25 10:00:00+00:00,33.535625,30.153605
2025-07-25 11:00:00+00:00,35.067812499999995,29.867884
2025-07-25 12:00:00+00:00,36.6,30.388798
2025-07-25 13:00:00+00:00,38.4665625,33.779675
2025-07-25 14:00:00+00:00,40.333124999999995,39.943985
2025-07-25 15:00:00+00:00,42.199687499999996,46.06849
2025-07-25 16:00:00+00:00,44.06625,48.878326
2025-07-25 17:00:00+00:00,42.81031249999999,46.259666
2025-07-25 18:00:00+00:00,41.554375,41.724754
2025-07-25 19:00:00+00:00,40.2984375,38.293797
2025-07-25 20:00:00+00:00,39.04249999999999,35.77934
2025-07-25 21:00:00+00:00,37.93125,34.485916
2025-07-25 22:00:00+00:00,36.81999999999999,34.39734
2025-07-25 23:00:00+00:00,35.708749999999995,34.444195
2025-07-26 00:00:00+00:00,34.5975,34.49076
2025-07-26 01:00:00+00:00,33.0109375,33.3546
2025-07-26 02:00:00+00:00,31.424374999999998,31.92421
2025-07-26 03:00:00+00:00,29.8378125,29.95875
2025-07-26 04:00:00+00:00,28.25125,28.061491
2025-07-26 05:00:00+00:00,27.533125,28.862484
2025-07-26 06:00:00+00:00,26.814999999999998,31.173439
2025-07-26 07:00:00+00:00,29.089375,31.887646
2025-07-26 08:00:00+00:00,31.36375,32.834637
2025-07-26 09:00:00+00:00,31.478229166666665,33.85551
2025-07-26 10:00:00+00:00,31.592708333333338,34.719463
2025-07-26 11:00:00+00:00,31.707187500000003,35.494446
2025-07-26 12:00:00+00:00,31.82166666666667,37.33471
2025-07-26 13:00:00+00:00,35.915,42.58111
2025-07-26 14:00:00+00:00,40.00833333333333,47.442398
2025-07-26 15:00:00+00:00,44.10166666666667,53.95671
2025-07-26 16:00:00+00:00,48.195,58.423023
2025-07-26 17:00:00+00:00,43.8696875,53.318947
2025-07-26 18:00:00+00:00,39.544375,47.032555
2025-07-26 19:00:00+00:00,35.2190625,42.571163
2025-07-26 20:00:00+00:00,30.89375,39.13067
2025-07-26 21:00:00+00:00,32.8853125,39.872658
2025-07-26 22:00:00+00:00,34.876875,41.758938
2025-07-26 23:00:00+00:00,36.8684375,42.3844
2025-07-27 00:00:00+00:00,38.86,42.42931
2025-07-27 01:00:00+00:00,38.5075,41.825455
2025-07-27 02:00:00+00:00,38.155,40.94689
2025-07-27 03:00:00+00:00,37.802499999999995,38.394207
2025-07-27 04:00:00+00:00,37.44999999999999,36.14481
2025-07-27 05:00:00+00:00,30.4975,32.07173
2025-07-27 06:00:00+00:00,23.545,28.93204
2025-07-27 07:00:00+00:00,24.80375,27.567574
2025-07-27 08:00:00+00:00,26.0625,26.81047
2025-07-27 09:00:00+00:00,27.334791666666668,27.831726
2025-07-27 10:00:00+00:00,28.607083333333335,29.68752
2025-07-27 11:00:00+00:00,29.879375000000003,31.049995
2025-07-27 12:00:00+00:00,31.151666666666667,34.46958
2025-07-27 13:00:00+00:00,36.9021875,48.560192
2025-07-27 14:00:00+00:00,42.65270833333333,61.59712
2025-07-27 15:00:00+00:00,48.40322916666666,68.63165
2025-07-27 16:00:00+00:00,54.15374999999999,73.077835
2025-07-27 17:00:00+00:00,46.8984375,62.06301
2025-07-27 18:00:00+00:00,39.643125,48.949875
2025-07-27 19:00:00+00:00,32.387812499999995,38.477337
2025-07-27 20:00:00+00:00,25.1325,29.18023
2025-07-27 21:00:00+00:00,27.114375000000003,29.526978
2025-07-27 22:00:00+00:00,29.09625,30.93377
2025-07-27 23:00:00+00:00,31.078125,31.43657
2025-07-28 00:00:00+00:00,33.06,32.75904
2025-07-28 01:00:00+00:00,36.3896875,33.7379
2025-07-28 02:00:00+00:00,39.719375,34.356655
2025-07-28 03:00:00+00:00,43.0490625,34.550148
2025-07-28 04:00:00+00:00,46.37875,34.935116
2025-07-28 05:00:00+00:00,35.854375,30.629173
2025-07-28 06:00:00+00:00,25.33,25.944965
2025-07-28 07:00:00+00:00,25.9225,26.287304
2025-07-28 08:00:00+00:00,26.515,26.113562
2025-07-28 09:00:00+00:00,30.030416666666667,27.433147
2025-07-28 10:00:00+00:00,33.545833333333334,29.411222
2025-07-28 11:00:00+00:00,37.06124999999999,31.348822
2025-07-28 12:00:00+00:00,40.57666666666666,32.805187
2025-07-28 13:00:00+00:00,38.00031249999999,32.24518
2025-07-28 14:00:00+00:00,35.42395833333333,31.478207
2025-07-28 15:00:00+00:00,32.84760416666666,30.603617
2025-07-28 16:00:00+00:00,30.27125,30.023668
2025-07-28 17:00:00+00:00,29.24375,30.169502
2025-07-28 18:00:00+00:00,28.21625,31.21767
2025-07-28 19:00:00+00:00,27.188750000000002,31.637966
2025-07-28 20:00:00+00:00,26.16125,31.186016
2025-07-28 21:00:00+00:00,27.111874999999998,30.549643
2025-07-28 22:00:00+00:00,28.0625,30.79882
2025-07-28 23:00:00+00:00,29.013125000000002,30.997757
2025-07-29 00:00:00+00:00,29.96375,30.222775
2025-07-29 01:00:00+00:00,35.42375,36.10394
2025-07-29 02:00:00+00:00,40.883750000000006,41.90968
2025-07-29 03:00:00+00:00,46.34375,51.066223
2025-07-29 04:00:00+00:00,51.80375,57.835205
2025-07-29 05:00:00+00:00,38.289375,41.521515
2025-07-29 06:00:00+00:00,24.774999999999995,25.525639
2025-07-29 07:00:00+00:00,26.807499999999997,26.809788
2025-07-29 08:00:00+00:00,28.84,29.20848
2025-07-29 09:00:00+00:00,32.73041666666666,32.907898
2025-07-29 10:00:00+00:00,36.62083333333333,36.86193
2025-07-29 11:00:00+00:00,40.51125,39.714775
2025-07-29 12:00:00+00:00,44.401666666666664,42.34842
2025-07-29 13:00:00+00:00,41.184999999999995,39.89621
2025-07-29 14:00:00+00:00,37.968333333333334,36.658234
2025-07-29 15:00:00+00:00,34.751666666666665,34.84754
2025-07-29 16:00:00+00:00,31.535,32.869656
2025-07-29 17:00:00+00:00,33.8684375,32.811764
2025-07-29 18:00:00+00:00,36.201875,33.589718
2025-07-29 19:00:00+00:00,38.535312499999996,34.19972
2025-07-29 20:00:00+00:00,40.86875,33.69954
2025-07-29 21:00:00+00:00,40.899375,32.467346
2025-07-29 22:00:00+00:00,40.93,32.118435
2025-07-29 23:00:00+00:00,40.960625,32.496773
2025-07-30 00:00:00+00:00,40.99125,33.634285
2025-07-30 01:00:00+00:00,39.994375,36.21027
2025-07-30 02:00:00+00:00,38.9975,35.638443
2025-07-30 03:00:00+00:00,38.000625,35.836685
2025-07-30 04:00:00+00:00,37.00375,36.65126
2025-07-30 05:00:00+00:00,31.786875,32.73791
2025-07-30 06:00:00+00:00,26.57,27.93697
2025-07-30 07:00:00+00:00,31.68625,29.812866
2025-07-30 08:00:00+00:00,36.8025,32.676662
2025-07-30 09:00:00+00:00,37.44979166666667,33.160915
2025-07-30 10:00:00+00:00,38.09708333333333,33.544132
2025-07-30 11:00:00+00:00,38.744375,35.912964
2025-07-30 12:00:00+00:00,39.391666666666666,40.08118
2025-07-30 13:00:00+00:00,36.850625,38.160034
2025-07-30 14:00:00+00:00,34.309583333333336,35.260048
2025-07-30 15:00:00+00:00,31.768541666666664,33.96029
2025-07-30 16:00:00+00:00,29.2275,32.83916
2025-07-30 17:00:00+00:00,35.2903125,35.85596
2025-07-30 18:00:00+00:00,41.353125,40.08347
2025-07-30 19:00:00+00:00,47.4159375,43.00626
2025-07-30 20:00:00+00:00,53.47875,45.989277
2025-07-30 21:00:00+00:00,47.410937499999996,43.193954
2025-07-30 22:00:00+00:00,41.343125,39.13205
2025-07-30 23:00:00+00:00,35.2753125,34.563248
2025-07-31 00:00:00+00:00,29.207500000000003,30.924065
2025-07-31 01:00:00+00:00,30.92125,30.660027
2025-07-31 02:00:00+00:00,32.635,32.38166
2025-07-31 03:00:00+00:00,34.34875,34.50803
2025-07-31 04:00:00+00:00,36.06249999999999,36.871994
2025-07-31 05:00:00+00:00,31.81125,34.98406
2025-07-31 06:00:00+00:00,27.560000000000002,32.27664
2025-07-31 07:00:00+00:00,33.175625,37.525116
2025-07-31 08:00:00+00:00,38.79125,42.39238
2025-07-31 09:00:00+00:00,37.21593749999999,40.188465
2025-07-31 10:00:00+00:00,35.640625,37.33656
2025-07-31 11:00:00+00:00,34.065312500000005,36.028347
2025-07-31 12:00:00+00:00,32.49,34.547436
2025-07-31 13:00:00+00:00,32.1934375,32.30312
2025-07-31 14:00:00+00:00,31.896875,30.616188
2025-07-31 15:00:00+00:00,31.600312499999998,29.06231
2025-07-31 16:00:00+00:00,31.30375,28.827454
2025-07-31 17:00:00+00:00,32.26375,34.81363
2025-07-31 18:00:00+00:00,33.223749999999995,41.148254
2025-07-31 19:00:00+00:00,34.183749999999996,50.713867
2025-07-31 20:00:00+00:00,35.14375,59.869995
2025-07-31 21:00:00+00:00,32.420625,52.23767
2025-07-31 22:00:00+00:00,29.697499999999994,42.716995
2025-07-31 23:00:00+00:00,26.974375,35.030895
2025-08-01 00:00:00+00:00,24.25125,27.28028
2025-08-01 01:00:00+00:00,25.309999999999995,29.0712
2025-08-01 02:00:00+00:00,26.36875,30.684181
2025-08-01 03:00:00+00:00,27.4275,31.67256
2025-08-01 04:00:00+00:00,28.48625,32.84226
2025-08-01 05:00:00+00:00,32.640625,28.132067
2025-08-01 06:00:00+00:00,36.795,23.20435
2025-08-01 07:00:00+00:00,42.21,30.680832
2025-08-01 08:00:00+00:00,47.625,39.28284
2025-08-01 09:00:00+00:00,43.40833333333333,38.983223
2025-08-01 10:00:00+00:00,39.19166666666667,38.073616
2025-08-01 11:00:00+00:00,34.975,36.700108
2025-08-01 12:00:00+00:00,30.758333333333336,34.808975
2025-08-01 13:00:00+00:00,33.579375,36.274807
2025-08-01 14:00:00+00:00,36.40041666666667,37.541733
2025-08-01 15:00:00+00:00,39.22145833333333,38.03292
2025-08-01 16:00:00+00:00,42.0425,38.160614
2025-08-01 17:00:00+00:00,39.175,36.39277
2025-08-01 18:00:00+00:00,36.3075,34.273304
2025-08-01 19:00:00+00:00,33.44,32.596455
2025-08-01 20:00:00+00:00,30.5725,30.544577
2025-08-01 21:00:00+00:00,29.0021875,28.458054
2025-08-01 22:00:00+00:00,27.431874999999998,27.008139
2025-08-01 23:00:00+00:00,25.861562499999998,25.873087
2025-08-02 00:00:00+00:00,24.29125,25.26852
2025-08-02 01:00:00+00:00,25.357499999999998,26.059753
2025-08-02 02:00:00+00:00,26.42375,26.523561
2025-08-02 03:00:00+00:00,27.49,27.540186
2025-08-02 04:00:00+00:00,28.55625,28.371693
2025-08-02 05:00:00+00:00,33.930625,29.967613
2025-08-02 06:00:00+00:00,39.305,32.417503
2025-08-02 07:00:00+00:00,46.625625,40.615753
2025-08-02 08:00:00+00:00,53.94625,46.96639
2025-08-02 09:00:00+00:00,50.13635416666666,42.530273
2025-08-02 10:00:00+00:00,46.326458333333335,37.29798
2025-08-02 11:00:00+00:00,42.516562500000006,33.711746
2025-08-02 12:00:00+00:00,38.70666666666667,30.820873
2025-08-02 13:00:00+00:00,39.790000000000006,33.77336
2025-08-02 14:00:00+00:00,40.873333333333335,36.68385
2025-08-02 15:00:00+00:00,41.95666666666666,39.11447
2025-08-02 16:00:00+00:00,43.04,42.085953
2025-08-02 17:00:00+00:00,38.972812499999996,39.86028
2025-08-02 18:00:00+00:00,34.905625,36.974525
2025-08-02 19:00:00+00:00,30.838437499999998,34.27356
2025-08-02 20:00:00+00:00,26.77125,31.06255
2025-08-02 21:00:00+00:00,29.53125,32.46742
2025-08-02 22:00:00+00:00,32.29125,34.472054
2025-08-02 23:00:00+00:00,35.05124999999999,35.236984
2025-08-03 00:00:00+00:00,37.81125,36.352287
2025-08-03 01:00:00+00:00,38.4946875,37.197956
2025-08-03 02:00:00+00:00,39.178125,38.39042
2025-08-03 03:00:00+00:00,39.861562500000005,39.01519
2025-08-03 04:00:00+00:00,40.545,39.277676
2025-08-03 05:00:00+00:00,34.1525,36.61414
2025-08-03 06:00:00+00:00,27.759999999999998,34.644413
2025-08-03 07:00:00+00:00,36.990624999999994,37.94205
2025-08-03 08:00:00+00:00,46.22125,40.773815
2025-08-03 09:00:00+00:00,47.2734375,41.209877
2025-08-03 10:00:00+00:00,48.32562500000001,42.247734
2025-08-03 11:00:00+00:00,49.3778125,43.851196
2025-08-03 12:00:00+00:00,50.43,44.371586
2025-08-03 13:00:00+00:00,48.0565625,42.446663
2025-08-03 14:00:00+00:00,45.683125000000004,40.08752
2025-08-03 15:00:00+00:00,43.3096875,39.615864
2025-08-03 16:00:00+00:00,40.93625,40.503395
2025-08-03 17:00:00+00:00,37.413125,36.22168
2025-08-03 18:00:00+00:00,33.89,31.604237
2025-08-03 19:00:00+00:00,30.366875,28.002645
2025-08-03 20:00:00+00:00,26.84375,25.047232
2025-08-03 21:00:00+00:00,32.3634375,32.059124
2025-08-03 22:00:00+00:00,37.883125,39.125378
2025-08-03 23:00:00+00:00,43.402812499999996,43.485928
2025-08-04 00:00:00+00:00,48.9225,47.87205
2025-08-04 01:00:00+00:00,44.2384375,42.626083
2025-08-04 02:00:00+00:00,39.554375,38.291943
2025-08-04 03:00:00+00:00,34.8703125,34.27791
2025-08-04 04:00:00+00:00,30.18625,30.412933
2025-08-04 05:00:00+00:00,28.288125,29.004663
2025-08-04 06:00:00+00:00,26.39,27.41027
2025-08-04 07:00:00+00:00,29.442500000000003,32.99568
2025-08-04 08:00:00+00:00,32.495000000000005,38.89685
2025-08-04 09:00:00+00:00,39.45125,39.340664
2025-08-04 10:00:00+00:00,46.4075,39.73183
2025-08-04 11:00:00+00:00,53.36375,40.066322
2025-08-04 12:00:00+00:00,60.32,40.93432
2025-08-04 13:00:00+00:00,53.363125,39.612167
2025-08-04 14:00:00+00:00,46.40625,37.7458
2025-08-04 15:00:00+00:00,39.449375,36.180973
2025-08-04 16:00:00+00:00,32.4925,35.271095
2025-08-04 17:00:00+00:00,31.890625,34.328304
2025-08-04 18:00:00+00:00,31.28875,32.879814
2025-08-04 19:00:00+00:00,30.686875,32.75296
2025-08-04 20:00:00+00:00,30.085,32.402603
2025-08-04 21:00:00+00:00,29.959375,32.787834
2025-08-04 22:00:00+00:00,29.833750000000002,33.329353
2025-08-04 23:00:00+00:00,29.708125,33.490524
2025-08-05 00:00:00+00:00,29.5825,33.98652
2025-08-05 01:00:00+00:00,28.584062499999998,33.362415
2025-08-05 02:00:00+00:00,27.585625,30.957
2025-08-05 03:00:00+00:00,26.5871875,28.429893
2025-08-05 04:00:00+00:00,25.588749999999997,25.527615
2025-08-05 05:00:00+00:00,24.524375,23.425163
2025-08-05 06:00:00+00:00,23.46,22.139324
2025-08-05 07:00:00+00:00,27.926875,25.692686
2025-08-05 08:00:00+00:00,32.39375,30.670017
2025-08-05 09:00:00+00:00,42.94864583333333,39.318443
2025-08-05 10:00:00+00:00,53.50354166666666,49.19274
2025-08-05 11:00:00+00:00,64.0584375,59.246487
2025-08-05 12:00:00+00:00,74.61333333333333,67.433624
2025-08-05 13:00:00+00:00,64.03937499999999,58.732635
2025-08-05 14:00:00+00:00,53.46541666666667,48.082066
2025-08-05 15:00:00+00:00,42.89145833333333,39.15734
2025-08-05 16:00:00+00:00,32.3175,31.441021
2025-08-05 17:00:00+00:00,34.8746875,32.186436
2025-08-05 18:00:00+00:00,37.431875000000005,33.518303
2025-08-05 19:00:00+00:00,39.9890625,35.79031
2025-08-05 20:00:00+00:00,42.54625,38.097992
2025-08-05 21:00:00+00:00,39.096875000000004,35.770344
2025-08-05 22:00:00+00:00,35.6475,33.29937
2025-08-05 23:00:00+00:00,32.198125000000005,30.806396
2025-08-06 00:00:00+00:00,28.74875,28.41219
2025-08-06 01:00:00+00:00,27.466875,25.94668
2025-08-06 02:00:00+00:00,26.185000000000002,25.16412
2025-08-06 03:00:00+00:00,24.903125,25.962503
2025-08-06 04:00:00+00:00,23.62125,26.988728
2025-08-06 05:00:00+00:00,22.605625,24.977924
2025-08-06 06:00:00+00:00,21.59,23.372528
2025-08-06 07:00:00+00:00,26.379375,27.18688
2025-08-06 08:00:00+00:00,31.168749999999996,31.797947
2025-08-06 09:00:00+00:00,47.3765625,43.281517
2025-08-06 10:00:00+00:00,63.584374999999994,54.953876
2025-08-06 11:00:00+00:00,79.7921875,65.179146
2025-08-06 12:00:00+00:00,96.0,74.37227
2025-08-06 13:00:00+00:00,81.59875,66.26405
2025-08-06 14:00:00+00:00,67.1975,56.98383
2025-08-06 15:00:00+00:00,52.79625,47.69089
2025-08-06 16:00:00+00:00,38.395,38.60938
2025-08-06 17:00:00+00:00,38.13781250000001,39.612473
2025-08-06 18:00:00+00:00,37.880625,41.604576
2025-08-06 19:00:00+00:00,37.6234375,42.680264
2025-08-06 20:00:00+00:00,37.36625,43.488274
2025-08-06 21:00:00+00:00,34.258125,39.076435
2025-08-06 22:00:00+00:00,31.15,35.191357
2025-08-06 23:00:00+00:00,28.041875,30.610676
2025-08-07 00:00:00+00:00,24.93375,26.368309
2025-08-07 01:00:00+00:00,27.0159375,28.461449
2025-08-07 02:00:00+00:00,29.098125000000003,29.956358
2025-08-07 03:00:00+00:00,31.1803125,31.524542
2025-08-07 04:00:00+00:00,33.2625,34.538574
2025-08-07 05:00:00+00:00,29.538749999999997,31.96175
2025-08-07 06:00:00+00:00,25.814999999999998,29.006634
2025-08-07 07:00:00+00:00,43.295,31.287193
2025-08-07 08:00:00+00:00,60.775000000000006,36.453205
2025-08-07 09:00:00+00:00,66.49333333333334,47.337128
2025-08-07 10:00:00+00:00,72.21166666666667,54.25122
2025-08-07 11:00:00+00:00,77.92999999999999,60.691654
2025-08-07 12:00:00+00:00,83.64833333333333,66.19673
2025-08-07 13:00:00+00:00,73.5271875,60.800465
2025-08-07 14:00:00+00:00,63.40604166666667,58.197067
2025-08-07 15:00:00+00:00,53.28489583333333,55.64618
2025-08-07 16:00:00+00:00,43.16375000000001,50.218773
2025-08-07 17:00:00+00:00,41.480000000000004,48.077183
2025-08-07 18:00:00+00:00,39.79625,44.929794
2025-08-07 19:00:00+00:00,38.11249999999999,41.93841
2025-08-07 20:00:00+00:00,36.42875,39.66658
2025-08-07 21:00:00+00:00,33.4396875,34.64596
2025-08-07 22:00:00+00:00,30.450625000000002,30.752823
2025-08-07 23:00:00+00:00,27.4615625,28.555847
2025-08-08 00:00:00+00:00,24.4725,26.569464
2025-08-08 01:00:00+00:00,29.524375,30.437378
2025-08-08 02:00:00+00:00,34.57625,33.612743
2025-08-08 03:00:00+00:00,39.628125,34.40054
2025-08-08 04:00:00+00:00,44.68,35.802696
2025-08-08 05:00:00+00:00,36.775,30.819248
2025-08-08 06:00:00+00:00,28.869999999999997,25.784967
2025-08-08 07:00:00+00:00,31.651875000000004,31.647532
2025-08-08 08:00:00+00:00,34.43375,36.095398
2025-08-08 09:00:00+00:00,34.726979166666666,37.496567
2025-08-08 10:00:00+00:00,35.020208333333336,39.362785
2025-08-08 11:00:00+00:00,35.313437500000006,42.44629
2025-08-08 12:00:00+00:00,35.60666666666667,47.361282
2025-08-08 13:00:00+00:00,41.370625000000004,50.489628
2025-08-08 14:00:00+00:00,47.13458333333334,53.267418
2025-08-08 15:00:00+00:00,52.89854166666667,55.98104
2025-08-08 16:00:00+00:00,58.6625,56.1108
2025-08-08 17:00:00+00:00,51.67124999999999,50.774765
2025-08-08 18:00:00+00:00,44.68,44.319096
2025-08-08 19:00:00+00:00,37.68875,39.14065
2025-08-08 20:00:00+00:00,30.6975,34.556362
2025-08-08 21:00:00+00:00,29.984375,31.960505
2025-08-08 22:00:00+00:00,29.271250000000002,30.348091
2025-08-08 23:00:00+00:00,28.558124999999997,29.577896
2025-08-09 00:00:00+00:00,27.845,28.824207
2025-08-09 01:00:00+00:00,28.0234375,29.321049
2025-08-09 02:00:00+00:00,28.201875,30.364422
2025-08-09 03:00:00+00:00,28.3803125,29.736435
2025-08-09 04:00:00+00:00,28.55875,29.295753
2025-08-09 05:00:00+00:00,27.534374999999997,27.17957
2025-08-09 06:00:00+00:00,26.509999999999998,25.191067
2025-08-09 07:00:00+00:00,28.409374999999997,28.901447
2025-08-09 08:00:00+00:00,30.30875,33.07109
2025-08-09 09:00:00+00:00,30.463229166666665,32.28014
2025-08-09 10:00:00+00:00,30.617708333333333,31.572006
2025-08-09 11:00:00+00:00,30.7721875,31.850794
2025-08-09 12:00:00+00:00,30.926666666666662,33.43466
2025-08-09 13:00:00+00:00,39.5740625,43.055943
2025-08-09 14:00:00+00:00,48.22145833333333,51.57333
2025-08-09 15:00:00+00:00,56.868854166666665,60.29338
2025-08-09 16:00:00+00:00,65.51625,68.987274
2025-08-09 17:00:00+00:00,57.2815625,61.17844
2025-08-09 18:00:00+00:00,49.046875,52.090744
2025-08-09 19:00:00+00:00,40.8121875,42.970634
2025-08-09 20:00:00+00:00,32.5775,32.89222
2025-08-09 21:00:00+00:00,34.0846875,32.972996
2025-08-09 22:00:00+00:00,35.591875,34.503334
2025-08-09 23:00:00+00:00,37.0990625,36.622086
2025-08-10 00:00:00+00:00,38.60625,39.61752
2025-08-10 01:00:00+00:00,36.4628125,38.94493
2025-08-10 02:00:00+00:00,34.319375,36.702374
2025-08-10 03:00:00+00:00,32.1759375,34.063866
2025-08-10 04:00:00+00:00,30.0325,31.247824
2025-08-10 05:00:00+00:00,27.58625,27.639946
2025-08-10 06:00:00+00:00,25.14,25.42811
2025-08-10 07:00:00+00:00,24.1625,26.007828
2025-08-10 08:00:00+00:00,23.185,28.11971
2025-08-10 09:00:00+00:00,24.25,29.145885
2025-08-10 10:00:00+00:00,25.315,30.721838
2025-08-10 11:00:00+00:00,26.380000000000003,30.389782
2025-08-10 12:00:00+00:00,27.445000000000004,29.093071
2025-08-10 13:00:00+00:00,38.81,39.513695
2025-08-10 14:00:00+00:00,50.175,50.37058
2025-08-10 15:00:00+00:00,61.540000000000006,60.787285
2025-08-10 16:00:00+00:00,72.905,70.88931
2025-08-10 17:00:00+00:00,63.773125,64.57024
2025-08-10 18:00:00+00:00,54.64125,57.31012
2025-08-10 19:00:00+00:00,45.509375,49.19933
2025-08-10 20:00:00+00:00,36.3775,38.60901
2025-08-10 21:00:00+00:00,35.3196875,37.885696
2025-08-10 22:00:00+00:00,34.261875,37.816254
2025-08-10 23:00:00+00:00,33.2040625,36.56387
2025-08-11 00:00:00+00:00,32.14625,36.51455
2025-08-11 01:00:00+00:00,30.6096875,33.393005
2025-08-11 02:00:00+00:00,29.073125,31.326199
2025-08-11 03:00:00+00:00,27.536562500000002,30.01186
2025-08-11 04:00:00+00:00,26.0,28.790348
2025-08-11 05:00:00+00:00,27.685,27.586863
2025-08-11 06:00:00+00:00,29.369999999999997,26.70184
2025-08-11 07:00:00+00:00,31.084999999999997,25.827293
2025-08-11 08:00:00+00:00,32.8,26.546196
2025-08-11 09:00:00+00:00,73.92250000000001,30.4237
2025-08-11 10:00:00+00:00,115.045,36.90243
2025-08-11 11:00:00+00:00,156.16750000000002,43.55074
2025-08-11 12:00:00+00:00,197.29,49.482925
2025-08-11 13:00:00+00:00,163.659375,58.792892
2025-08-11 14:00:00+00:00,130.02875,65.49625
2025-08-11 15:00:00+00:00,96.39812500000001,67.97013
2025-08-11 16:00:00+00:00,62.7675,69.356285
2025-08-11 17:00:00+00:00,55.0059375,60.76104
2025-08-11 18:00:00+00:00,47.244375,52.96958
2025-08-11 19:00:00+00:00,39.4828125,47.214912
2025-08-11 20:00:00+00:00,31.72125,41.8809
2025-08-11 21:00:00+00:00,31.775625,40.947937
2025-08-11 22:00:00+00:00,31.83,39.826366
2025-08-11 23:00:00+00:00,31.884375,38.263634
2025-08-12 00:00:00+00:00,31.93875,37.565
2025-08-12 01:00:00+00:00,30.16,32.549126
2025-08-12 02:00:00+00:00,28.38125,29.968407
2025-08-12 03:00:00+00:00,26.6025,27.951618
2025-08-12 04:00:00+00:00,24.82375,26.989853
2025-08-12 05:00:00+00:00,27.251875,30.044811
2025-08-12 06:00:00+00:00,29.68,33.010944
2025-08-12 07:00:00+00:00,35.476875,36.806442
2025-08-12 08:00:00+00:00,41.27375,39.505802
2025-08-12 09:00:00+00:00,43.272395833333334,43.471027
2025-08-12 10:00:00+00:00,45.27104166666667,48.848022
2025-08-12 11:00:00+00:00,47.2696875,53.91103
2025-08-12 12:00:00+00:00,49.26833333333334,59.632446
2025-08-12 13:00:00+00:00,44.8559375,54.205368
2025-08-12 14:00:00+00:00,40.44354166666667,47.782143
2025-08-12 15:00:00+00:00,36.03114583333333,42.307156
2025-08-12 16:00:00+00:00,31.61875,36.272663
2025-08-12 17:00:00+00:00,35.310625,37.942574
2025-08-12 18:00:00+00:00,39.0025,41.581135
2025-08-12 19:00:00+00:00,42.694374999999994,44.12692
2025-08-12 20:00:00+00:00,46.38625,42.388466
2025-08-12 21:00:00+00:00,42.246562499999996,36.289978
2025-08-12 22:00:00+00:00,38.106875,33.258556
2025-08-12 23:00:00+00:00,33.9671875,32.24103
2025-08-13 00:00:00+00:00,29.8275,30.948456
2025-08-13 01:00:00+00:00,30.04,28.96473
2025-08-13 02:00:00+00:00,30.252499999999998,28.66193
2025-08-13 03:00:00+00:00,30.465,28.38182
2025-08-13 04:00:00+00:00,30.6775,28.72396
2025-08-13 05:00:00+00:00,36.238749999999996,30.79957
2025-08-13 06:00:00+00:00,41.8,32.286537
2025-08-13 07:00:00+00:00,35.996875,33.92044
2025-08-13 08:00:00+00:00,30.19375,33.80853
2025-08-13 09:00:00+00:00,31.815729166666667,32.734688
2025-08-13 10:00:00+00:00,33.43770833333333,32.496048
2025-08-13 11:00:00+00:00,35.05968749999999,33.64264
2025-08-13 12:00:00+00:00,36.681666666666665,35.917236
2025-08-13 13:00:00+00:00,35.993125,34.022964
2025-08-13 14:00:00+00:00,35.304583333333326,32.66549
2025-08-13 15:00:00+00:00,34.61604166666667,31.615662
2025-08-13 16:00:00+00:00,33.9275,30.127731
2025-08-13 17:00:00+00:00,37.2740625,36.67618
2025-08-13 18:00:00+00:00,40.620625000000004,41.470127
2025-08-13 19:00:00+00:00,43.9671875,45.89486
2025-08-13 20:00:00+00:00,47.31375,52.28589
2025-08-13 21:00:00+00:00,43.9171875,48.11596
2025-08-13 22:00:00+00:00,40.520624999999995,44.635506
2025-08-13 23:00:00+00:00,37.1240625,39.593216
2025-08-14 00:00:00+00:00,33.7275,34.083473
2025-08-14 01:00:00+00:00,33.68,34.30294
2025-08-14 02:00:00+00:00,33.6325,34.551163
2025-08-14 03:00:00+00:00,33.585,35.444256
2025-08-14 04:00:00+00:00,33.5375,37.175095
2025-08-14 05:00:00+00:00,31.45125,39.26113
2025-08-14 06:00:00+00:00,29.365000000000002,40.2901
2025-08-14 07:00:00+00:00,31.201250000000005,37.976128
2025-08-14 08:00:00+00:00,33.0375,34.035076
2025-08-14 09:00:00+00:00,32.848958333333336,32.132336
2025-08-14 10:00:00+00:00,32.66041666666666,31.788843
2025-08-14 11:00:00+00:00,32.471875,31.124332
2025-08-14 12:00:00+00:00,32.28333333333333,31.075535
2025-08-14 13:00:00+00:00,32.856562499999995,31.198166
2025-08-14 14:00:00+00:00,33.42979166666667,32.28739
2025-08-14 15:00:00+00:00,34.00302083333334,31.021778
2025-08-14 16:00:00+00:00,34.57625,29.480923
2025-08-14 17:00:00+00:00,38.749375,36.160416
2025-08-14 18:00:00+00:00,42.9225,44.22126
2025-08-14 19:00:00+00:00,47.095625000000005,50.852657
2025-08-14 20:00:00+00:00,51.268750000000004,56.3854
2025-08-14 21:00:00+00:00,46.8815625,52.64431
2025-08-14 22:00:00+00:00,42.494375000000005,47.80909
2025-08-14 23:00:00+00:00,38.1071875,42.952694
2025-08-15 00:00:00+00:00,33.72,38.0218
2025-08-15 01:00:00+00:00,33.07625,35.415043
2025-08-15 02:00:00+00:00,32.4325,33.94512
2025-08-15 03:00:00+00:00,31.78875,31.91408
2025-08-15 04:00:00+00:00,31.145,30.823505
2025-08-15 05:00:00+00:00,28.04,28.500824
2025-08-15 06:00:00+00:00,24.935000000000006,27.209846
2025-08-15 07:00:00+00:00,27.15125,27.391472
2025-08-15 08:00:00+00:00,29.3675,29.070633
2025-08-15 09:00:00+00:00,33.04020833333333,31.266628
2025-08-15 10:00:00+00:00,36.71291666666667,34.914875
2025-08-15 11:00:00+00:00,40.385625000000005,36.0885
2025-08-15 12:00:00+00:00,44.05833333333334,38.35137
2025-08-15 13:00:00+00:00,70.845,60.57814
2025-08-15 14:00:00+00:00,97.63166666666666,81.9651
2025-08-15 15:00:00+00:00,124.41833333333331,97.1786
2025-08-15 16:00:00+00:00,151.205,108.92422
2025-08-15 17:00:00+00:00,124.35562499999999,98.308235
2025-08-15 18:00:00+00:00,97.50625,85.14894
2025-08-15 19:00:00+00:00,70.656875,69.36383
2025-08-15 20:00:00+00:00,43.8075,51.664696
2025-08-15 21:00:00+00:00,40.078125,44.38631
2025-08-15 22:00:00+00:00,36.34875,38.622913
2025-08-15 23:00:00+00:00,32.619375,35.519638
2025-08-16 00:00:00+00:00,28.89,34.374596
2025-08-16 01:00:00+00:00,29.14,32.63111
2025-08-16 02:00:00+00:00,29.39,33.147896
2025-08-16 03:00:00+00:00,29.64,32.544315
2025-08-16 04:00:00+00:00,29.89,31.918976
2025-08-16 05:00:00+00:00,28.645,29.48765
2025-08-16 06:00:00+00:00,27.4,27.565052
2025-08-16 07:00:00+00:00,29.99375,27.296673
2025-08-16 08:00:00+00:00,32.5875,27.246685
2025-08-16 09:00:00+00:00,36.224374999999995,31.078339
2025-08-16 10:00:00+00:00,39.86125,36.68286
2025-08-16 11:00:00+00:00,43.49812500000001,41.26905
2025-08-16 12:00:00+00:00,47.135,45.104908
2025-08-16 13:00:00+00:00,45.905625,46.910282
2025-08-16 14:00:00+00:00,44.676249999999996,47.077095
2025-08-16 15:00:00+00:00,43.446875,47.670403
2025-08-16 16:00:00+00:00,42.2175,48.214096
2025-08-16 17:00:00+00:00,38.7975,42.896984
2025-08-16 18:00:00+00:00,35.3775,37.849396
2025-08-16 19:00:00+00:00,31.957500000000003,34.769745
2025-08-16 20:00:00+00:00,28.5375,32.056416
2025-08-16 21:00:00+00:00,31.3028125,33.480045
2025-08-16 22:00:00+00:00,34.068125,35.883587
2025-08-16 23:00:00+00:00,36.8334375,35.873474
2025-08-17 00:00:00+00:00,39.59875,34.603165
2025-08-17 01:00:00+00:00,37.171875,31.788872
2025-08-17 02:00:00+00:00,34.745000000000005,31.269722
2025-08-17 03:00:00+00:00,32.318125,30.82909
2025-08-17 04:00:00+00:00,29.89125,29.943178
2025-08-17 05:00:00+00:00,29.083124999999995,29.250961
2025-08-17 06:00:00+00:00,28.275,29.656055
2025-08-17 07:00:00+00:00,34.13875,34.114883
2025-08-17 08:00:00+00:00,40.0025,41.648357
2025-08-17 09:00:00+00:00,39.02854166666666,48.846264
2025-08-17 10:00:00+00:00,38.05458333333332,53.52487
2025-08-17 11:00:00+00:00,37.080625,50.022724
2025-08-17 12:00:00+00:00,36.10666666666666,44.03428
2025-08-17 13:00:00+00:00,35.067187499999996,39.628315
2025-08-17 14:00:00+00:00,34.02770833333333,37.24987
2025-08-17 15:00:00+00:00,32.98822916666666,36.213932
2025-08-17 16:00:00+00:00,31.94875,35.576965
2025-08-17 17:00:00+00:00,31.5171875,33.895084
2025-08-17 18:00:00+00:00,31.085625,32.863007
2025-08-17 19:00:00+00:00,30.654062500000002,32.596504
2025-08-17 20:00:00+00:00,30.2225,32.177216
2025-08-17 21:00:00+00:00,32.5465625,35.093025
2025-08-17 22:00:00+00:00,34.870625,38.17473
2025-08-17 23:00:00+00:00,37.1946875,39.163666
2025-08-18 00:00:00+00:00,39.51875,39.16627
2025-08-18 01:00:00+00:00,38.225624999999994,37.17983
2025-08-18 02:00:00+00:00,36.9325,35.83301
2025-08-18 03:00:00+00:00,35.639375,33.74106
2025-08-18 04:00:00+00:00,34.34625,32.127316
2025-08-18 05:00:00+00:00,32.850625,32.1489
2025-08-18 06:00:00+00:00,31.355,31.965408
2025-08-18 07:00:00+00:00,32.660625,32.993725
2025-08-18 08:00:00+00:00,33.96625,35.18886
2025-08-18 09:00:00+00:00,36.240520833333335,35.1869
2025-08-18 10:00:00+00:00,38.51479166666667,34.920906
2025-08-18 11:00:00+00:00,40.7890625,35.471024
2025-08-18 12:00:00+00:00,43.06333333333333,36.074722
2025-08-18 13:00:00+00:00,39.335,35.68225
2025-08-18 14:00:00+00:00,35.60666666666667,35.363846
2025-08-18 15:00:00+00:00,31.87833333333333,33.889053
2025-08-18 16:00:00+00:00,28.149999999999995,32.120544
2025-08-18 17:00:00+00:00,29.8903125,32.745487
2025-08-18 18:00:00+00:00,31.630625000000002,33.81538
2025-08-18 19:00:00+00:00,33.3709375,33.257744
2025-08-18 20:00:00+00:00,35.11125,33.02941
2025-08-18 21:00:00+00:00,36.4328125,34.307613
2025-08-18 22:00:00+00:00,37.754374999999996,36.288155
2025-08-18 23:00:00+00:00,39.0759375,38.814186
2025-08-19 00:00:00+00:00,40.3975,41.066975
2025-08-19 01:00:00+00:00,38.4728125,39.91344
2025-08-19 02:00:00+00:00,36.548125,37.805798
2025-08-19 03:00:00+00:00,34.6234375,36.04974
2025-08-19 04:00:00+00:00,32.698750000000004,33.036213
2025-08-19 05:00:00+00:00,34.724375,31.173744
2025-08-19 06:00:00+00:00,36.75,30.302513
2025-08-19 07:00:00+00:00,34.6,31.208668
2025-08-19 08:00:00+00:00,32.45,32.29405
2025-08-19 09:00:00+00:00,31.67125,32.295994
2025-08-19 10:00:00+00:00,30.8925,32.77403
2025-08-19 11:00:00+00:00,30.11375,33.746952
2025-08-19 12:00:00+00:00,29.334999999999997,34.561176
2025-08-19 13:00:00+00:00,30.9146875,34.872585
2025-08-19 14:00:00+00:00,32.494375,34.71681
2025-08-19 15:00:00+00:00,34.074062500000004,33.041378
2025-08-19 16:00:00+00:00,35.65375,31.264982
2025-08-19 17:00:00+00:00,43.407812500000006,48.541683
2025-08-19 18:00:00+00:00,51.161875,67.77394
2025-08-19 19:00:00+00:00,58.9159375,88.57051
2025-08-19 20:00:00+00:00,66.67,109.76665
2025-08-19 21:00:00+00:00,60.0590625,92.26163
2025-08-19 22:00:00+00:00,53.448125000000005,72.2928
2025-08-19 23:00:00+00:00,46.8371875,56.194584
2025-08-20 00:00:00+00:00,40.22625,40.2542
2025-08-20 01:00:00+00:00,37.19718749999999,37.846485
2025-08-20 02:00:00+00:00,34.168125,35.17329
2025-08-20 03:00:00+00:00,31.1390625,33.322628
2025-08-20 04:00:00+00:00,28.11,31.81703
2025-08-20 05:00:00+00:00,37.6275,31.19703
2025-08-20 06:00:00+00:00,47.144999999999996,31.688385
2025-08-20 07:00:00+00:00,37.5975,32.055325
2025-08-20 08:00:00+00:00,28.05,32.441776
2025-08-20 09:00:00+00:00,31.105833333333333,32.706936
2025-08-20 10:00:00+00:00,34.16166666666667,33.41973
2025-08-20 11:00:00+00:00,37.2175,34.183075
2025-08-20 12:00:00+00:00,40.27333333333333,34.443077
2025-08-20 13:00:00+00:00,40.722187500000004,36.08955
2025-08-20 14:00:00+00:00,41.17104166666667,37.712475
2025-08-20 15:00:00+00:00,41.619895833333324,39.442078
2025-08-20 16:00:00+00:00,42.06875000000001,40.817017
2025-08-20 17:00:00+00:00,38.67,39.967087
2025-08-20 18:00:00+00:00,35.27125,37.58722
2025-08-20 19:00:00+00:00,31.8725,34.803158
2025-08-20 20:00:00+00:00,28.47375,32.859886
2025-08-20 21:00:00+00:00,28.105,30.024998
2025-08-20 22:00:00+00:00,27.736250000000002,28.510794
2025-08-20 23:00:00+00:00,27.3675,28.378428
2025-08-21 00:00:00+00:00,26.99875,29.556522
2025-08-21 01:00:00+00:00,29.0321875,30.363537
2025-08-21 02:00:00+00:00,31.065625,31.430042
2025-08-21 03:00:00+00:00,33.0990625,31.28316
2025-08-21 04:00:00+00:00,35.1325,31.734982
2025-08-21 05:00:00+00:00,38.64875,36.382946
2025-08-21 06:00:00+00:00,42.165,40.66425
2025-08-21 07:00:00+00:00,35.794375,36.4639
2025-08-21 08:00:00+00:00,29.423749999999995,30.29375
2025-08-21 09:00:00+00:00,33.52072916666667,31.26649
2025-08-21 10:00:00+00:00,37.61770833333333,35.920273
2025-08-21 11:00:00+00:00,41.7146875,41.065277
2025-08-21 12:00:00+00:00,45.81166666666667,46.958664
2025-08-21 13:00:00+00:00,42.119375,47.712578
2025-08-21 14:00:00+00:00,38.427083333333336,44.396088
2025-08-21 15:00:00+00:00,34.734791666666666,40.629387
2025-08-21 16:00:00+00:00,31.0425,36.26895
2025-08-21 17:00:00+00:00,30.289999999999996,32.035015
2025-08-21 18:00:00+00:00,29.5375,29.786503
2025-08-21 19:00:00+00:00,28.785,28.348991
2025-08-21 20:00:00+00:00,28.0325,27.098286
2025-08-21 21:00:00+00:00,28.7515625,27.664297
2025-08-21 22:00:00+00:00,29.470625,28.587084
2025-08-21 23:00:00+00:00,30.1896875,28.606968
2025-08-22 00:00:00+00:00,30.908749999999998,29.529152
2025-08-22 01:00:00+00:00,31.7790625,33.260742
2025-08-22 02:00:00+00:00,32.649375,34.235363
2025-08-22 03:00:00+00:00,33.5196875,34.336273
2025-08-22 04:00:00+00:00,34.39,33.51622
2025-08-22 05:00:00+00:00,35.2775,36.335278
2025-08-22 06:00:00+00:00,36.165000000000006,41.322968
2025-08-22 07:00:00+00:00,36.01625,37.521416
2025-08-22 08:00:00+00:00,35.8675,32.980713
2025-08-22 09:00:00+00:00,38.083124999999995,34.148468
2025-08-22 10:00:00+00:00,40.29875,36.015232
2025-08-22 11:00:00+00:00,42.514375,39.18034
2025-08-22 12:00:00+00:00,44.73,42.077538
2025-08-22 13:00:00+00:00,42.219375,41.2573
2025-08-22 14:00:00+00:00,39.708749999999995,39.435352
2025-08-22 15:00:00+00:00,37.198125,37.52738
2025-08-22 16:00:00+00:00,34.6875,35.152733
2025-08-22 17:00:00+00:00,32.246875,32.198715
2025-08-22 18:00:00+00:00,29.80625,29.215229
2025-08-22 19:00:00+00:00,27.365625,28.237871
2025-08-22 20:00:00+00:00,24.925,27.694551
2025-08-22 21:00:00+00:00,27.6390625,29.165993
2025-08-22 22:00:00+00:00,30.353125,30.876427
2025-08-22 23:00:00+00:00,33.0671875,32.347404
2025-08-23 00:00:00+00:00,35.78125,33.971195
2025-08-23 01:00:00+00:00,35.3865625,36.359436
2025-08-23 02:00:00+00:00,34.991875,37.082657
2025-08-23 03:00:00+00:00,34.597187500000004,36.50485
2025-08-23 04:00:00+00:00,34.2025,36.035625
2025-08-23 05:00:00+00:00,33.19125,35.286716
2025-08-23 06:00:00+00:00,32.18,33.60999
2025-08-23 07:00:00+00:00,34.430625,33.912853
2025-08-23 08:00:00+00:00,36.68125,34.320206
2025-08-23 09:00:00+00:00,39.60760416666666,37.396694
2025-08-23 10:00:00+00:00,42.53395833333333,41.623714
2025-08-23 11:00:00+00:00,45.46031249999999,40.774086
2025-08-23 12:00:00+00:00,48.38666666666666,38.717567
2025-08-23 13:00:00+00:00,43.690312500000005,35.865276
2025-08-23 14:00:00+00:00,38.99395833333333,32.91345
2025-08-23 15:00:00+00:00,34.297604166666666,30.773304
2025-08-23 16:00:00+00:00,29.60125,28.661348
2025-08-23 17:00:00+00:00,30.1953125,28.731623
2025-08-23 18:00:00+00:00,30.789375,29.251873
2025-08-23 19:00:00+00:00,31.3834375,30.047844
2025-08-23 20:00:00+00:00,31.977499999999996,30.83465
2025-08-23 21:00:00+00:00,32.42375,37.55482
2025-08-23 22:00:00+00:00,32.87,45.11624
2025-08-23 23:00:00+00:00,33.31625,49.747196
2025-08-24 00:00:00+00:00,33.762499999999996,54.15251
2025-08-24 01:00:00+00:00,33.731249999999996,47.742706
2025-08-24 02:00:00+00:00,33.7,43.94446
2025-08-24 03:00:00+00:00,33.66875,39.976467
2025-08-24 04:00:00+00:00,33.6375,36.29773
2025-08-24 05:00:00+00:00,34.011250000000004,32.605778
2025-08-24 06:00:00+00:00,34.385000000000005,29.554619
2025-08-24 07:00:00+00:00,38.197500000000005,32.749546
2025-08-24 08:00:00+00:00,42.00999999999999,36.019707
2025-08-24 09:00:00+00:00,40.586666666666666,40.19095
2025-08-24 10:00:00+00:00,39.163333333333334,44.104763
2025-08-24 11:00:00+00:00,37.74,43.26398
2025-08-24 12:00:00+00:00,36.31666666666667,43.663754
2025-08-24 13:00:00+00:00,35.534687500000004,43.92637
2025-08-24 14:00:00+00:00,34.75270833333333,42.489025
2025-08-24 15:00:00+00:00,33.970729166666665,41.193832
2025-08-24 16:00:00+00:00,33.18875,39.49909
2025-08-24 17:00:00+00:00,33.7459375,37.81779
2025-08-24 18:00:00+00:00,34.303124999999994,36.93504
2025-08-24 19:00:00+00:00,34.8603125,37.54526
2025-08-24 20:00:00+00:00,35.4175,37.262943
2025-08-24 21:00:00+00:00,33.15125,35.338627
2025-08-24 22:00:00+00:00,30.884999999999998,33.074703
2025-08-24 23:00:00+00:00,28.61875,29.779024
2025-08-25 00:00:00+00:00,26.3525,26.865047
2025-08-25 01:00:00+00:00,26.687187499999997,25.91834
2025-08-25 02:00:00+00:00,27.021875,25.340843
2025-08-25 03:00:00+00:00,27.3565625,26.105408
2025-08-25 04:00:00+00:00,27.69125,27.584618
2025-08-25 05:00:00+00:00,27.080624999999998,30.039059
2025-08-25 06:00:00+00:00,26.47,32.232754
2025-08-25 07:00:00+00:00,35.098124999999996,36.067417
2025-08-25 08:00:00+00:00,43.72625,40.142204
2025-08-25 09:00:00+00:00,42.35177083333333,40.775574
2025-08-25 10:00:00+00:00,40.977291666666666,40.600193
2025-08-25 11:00:00+00:00,39.6028125,40.081364
2025-08-25 12:00:00+00:00,38.22833333333334,39.81505
2025-08-25 13:00:00+00:00,39.330937500000005,41.034866
2025-08-25 14:00:00+00:00,40.43354166666667,41.8075
2025-08-25 15:00:00+00:00,41.536145833333336,41.390465
2025-08-25 16:00:00+00:00,42.63875,40.016037
2025-08-25 17:00:00+00:00,39.1634375,37.070515
2025-08-25 18:00:00+00:00,35.688125,34.49039
2025-08-25 19:00:00+00:00,32.2128125,32.67349
2025-08-25 20:00:00+00:00,28.7375,30.551302
2025-08-25 21:00:00+00:00,27.880000000000003,29.444637
2025-08-25 22:00:00+00:00,27.0225,28.623512
2025-08-25 23:00:00+00:00,26.165,27.361631
2025-08-26 00:00:00+00:00,25.3075,26.685154
2025-08-26 01:00:00+00:00,27.098125,27.338932
2025-08-26 02:00:00+00:00,28.88875,28.713432
2025-08-26 03:00:00+00:00,30.679375,29.438753
2025-08-26 04:00:00+00:00,32.47,30.362444
2025-08-26 05:00:00+00:00,28.8925,31.024948
2025-08-26 06:00:00+00:00,25.315,31.820944
2025-08-26 07:00:00+00:00,30.055625,35.880928
2025-08-26 08:00:00+00:00,34.79625,40.083652
2025-08-26 09:00:00+00:00,35.84010416666667,40.770855
2025-08-26 10:00:00+00:00,36.88395833333334,40.89252
2025-08-26 11:00:00+00:00,37.9278125,41.62475
2025-08-26 12:00:00+00:00,38.97166666666667,42.240406
2025-08-26 13:00:00+00:00,39.6378125,42.89305
2025-08-26 14:00:00+00:00,40.303958333333334,43.25879
2025-08-26 15:00:00+00:00,40.970104166666665,43.525707
2025-08-26 16:00:00+00:00,41.63625,43.07763
2025-08-26 17:00:00+00:00,39.0790625,40.21549
2025-08-26 18:00:00+00:00,36.521875,37.64792
2025-08-26 19:00:00+00:00,33.964687500000004,35.51835
2025-08-26 20:00:00+00:00,31.407500000000002,33.203835
2025-08-26 21:00:00+00:00,29.15625,30.779953
2025-08-26 22:00:00+00:00,26.905,28.657461
2025-08-26 23:00:00+00:00,24.653750000000002,27.026222
2025-08-27 00:00:00+00:00,22.4025,26.239252
2025-08-27 01:00:00+00:00,25.4209375,27.911379
2025-08-27 02:00:00+00:00,28.439375,30.734577
2025-08-27 03:00:00+00:00,31.4578125,33.58039
2025-08-27 04:00:00+00:00,34.47625,35.424206
2025-08-27 05:00:00+00:00,31.298125,32.043915
2025-08-27 06:00:00+00:00,28.12,28.898415
2025-08-27 07:00:00+00:00,31.476875,32.18184
2025-08-27 08:00:00+00:00,34.83375,37.00667
2025-08-27 09:00:00+00:00,36.510729166666664,37.719185
2025-08-27 10:00:00+00:00,38.18770833333333,37.55974
2025-08-27 11:00:00+00:00,39.8646875,38.911766
2025-08-27 12:00:00+00:00,41.541666666666664,39.982643
2025-08-27 13:00:00+00:00,41.011874999999996,41.628757
2025-08-27 14:00:00+00:00,40.482083333333335,42.97009
2025-08-27 15:00:00+00:00,39.95229166666667,41.7159
2025-08-27 16:00:00+00:00,39.4225,39.991287
2025-08-27 17:00:00+00:00,36.4603125,36.941555
2025-08-27 18:00:00+00:00,33.498125,33.636505
2025-08-27 19:00:00+00:00,30.5359375,30.961985
2025-08-27 20:00:00+00:00,27.57375,28.489967
2025-08-27 21:00:00+00:00,28.2578125,28.06892
2025-08-27 22:00:00+00:00,28.941875,27.672817
2025-08-27 23:00:00+00:00,29.6259375,28.34327
2025-08-28 00:00:00+00:00,30.31,29.615963
2025-08-28 01:00:00+00:00,29.6528125,31.359814
2025-08-28 02:00:00+00:00,28.995625,32.74942
2025-08-28 03:00:00+00:00,28.3384375,33.52889
2025-08-28 04:00:00+00:00,27.681250000000002,34.233917
2025-08-28 05:00:00+00:00,25.990625,31.505041
2025-08-28 06:00:00+00:00,24.299999999999997,29.559242
2025-08-28 07:00:00+00:00,30.215625,34.125435
2025-08-28 08:00:00+00:00,36.13125,38.753708
2025-08-28 09:00:00+00:00,38.84677083333334,40.384403
2025-08-28 10:00:00+00:00,41.562291666666674,43.20735
2025-08-28 11:00:00+00:00,44.277812499999996,44.68007
2025-08-28 12:00:00+00:00,46.99333333333333,43.559753
2025-08-28 13:00:00+00:00,44.0425,40.886055
2025-08-28 14:00:00+00:00,41.09166666666667,38.448166
2025-08-28 15:00:00+00:00,38.14083333333333,36.28156
2025-08-28 16:00:00+00:00,35.19,34.181973
2025-08-28 17:00:00+00:00,33.6121875,33.046616
2025-08-28 18:00:00+00:00,32.034375,32.464985
2025-08-28 19:00:00+00:00,30.4565625,32.463512
2025-08-28 20:00:00+00:00,28.87875,32.517517
2025-08-28 21:00:00+00:00,29.776875,32.28438
2025-08-28 22:00:00+00:00,30.674999999999997,31.993162
2025-08-28 23:00:00+00:00,31.573125,33.292995
2025-08-29 00:00:00+00:00,32.47125,33.861534
2025-08-29 01:00:00+00:00,31.332812499999996,31.557764
2025-08-29 02:00:00+00:00,30.194375,29.337294
2025-08-29 03:00:00+00:00,29.055937499999995,27.97321
2025-08-29 04:00:00+00:00,27.9175,26.913113
2025-08-29 05:00:00+00:00,29.74125,25.129196
2025-08-29 06:00:00+00:00,31.564999999999998,24.366005
2025-08-29 07:00:00+00:00,31.45375,27.163155
2025-08-29 08:00:00+00:00,31.3425,30.276247
2025-08-29 09:00:00+00:00,42.392291666666665,33.631294
2025-08-29 10:00:00+00:00,53.44208333333334,38.035095
2025-08-29 11:00:00+00:00,64.49187500000001,43.378113
2025-08-29 12:00:00+00:00,75.54166666666667,47.73661
2025-08-29 13:00:00+00:00,65.8134375,46.349327
2025-08-29 14:00:00+00:00,56.085208333333334,43.771843
2025-08-29 15:00:00+00:00,46.35697916666666,41.335926
2025-08-29 16:00:00+00:00,36.62874999999999,38.83537
2025-08-29 17:00:00+00:00,36.8609375,37.627068
2025-08-29 18:00:00+00:00,37.093125,36.953533
2025-08-29 19:00:00+00:00,37.3253125,36.980137
2025-08-29 20:00:00+00:00,37.557500000000005,36.816513
2025-08-29 21:00:00+00:00,34.6171875,34.384678
2025-08-29 22:00:00+00:00,31.676875000000003,32.159893
2025-08-29 23:00:00+00:00,28.7365625,30.56931
2025-08-30 00:00:00+00:00,25.79625,28.748528
2025-08-30 01:00:00+00:00,25.653437500000003,27.800411
2025-08-30 02:00:00+00:00,25.510625,27.41327
2025-08-30 03:00:00+00:00,25.3678125,26.999926
2025-08-30 04:00:00+00:00,25.225,27.00204
2025-08-30 05:00:00+00:00,30.052500000000002,29.213217
2025-08-30 06:00:00+00:00,34.88,31.530804
2025-08-30 07:00:00+00:00,35.10625,33.092438
2025-08-30 08:00:00+00:00,35.3325,34.554497
2025-08-30 09:00:00+00:00,38.403124999999996,36.884583
2025-08-30 10:00:00+00:00,41.47375,40.06118
2025-08-30 11:00:00+00:00,44.544375,42.99238
2025-08-30 12:00:00+00:00,47.614999999999995,46.072113
2025-08-30 13:00:00+00:00,45.00125,45.868347
2025-08-30 14:00:00+00:00,42.3875,44.76861
2025-08-30 15:00:00+00:00,39.77375,43.28419
2025-08-30 16:00:00+00:00,37.16,40.810463
2025-08-30 17:00:00+00:00,35.6465625,39.304844
2025-08-30 18:00:00+00:00,34.133125,38.348125
2025-08-30 19:00:00+00:00,32.6196875,37.32183
2025-08-30 20:00:00+00:00,31.10625,35.958458
2025-08-30 21:00:00+00:00,30.209062499999998,33.79411
2025-08-30 22:00:00+00:00,29.311875,31.403753
2025-08-30 23:00:00+00:00,28.4146875,29.705791
2025-08-31 00:00:00+00:00,27.5175,28.045555
2025-08-31 01:00:00+00:00,26.1375,27.46271
2025-08-31 02:00:00+00:00,24.7575,26.650509
2025-08-31 03:00:00+00:00,23.3775,26.187355
2025-08-31 04:00:00+00:00,21.997500000000002,26.257961
2025-08-31 05:00:00+00:00,26.926250000000003,28.957508
2025-08-31 06:00:00+00:00,31.855,32.321236
2025-08-31 07:00:00+00:00,33.47375,34.967087
2025-08-31 08:00:00+00:00,35.0925,38.45674
2025-08-31 09:00:00+00:00,38.641041666666666,40.13734
2025-08-31 10:00:00+00:00,42.18958333333333,41.027077
2025-08-31 11:00:00+00:00,45.738125000000004,42.672886
2025-08-31 12:00:00+00:00,49.28666666666667,44.172222
2025-08-31 13:00:00+00:00,46.6925,42.795258
2025-08-31 14:00:00+00:00,44.09833333333332,41.663464
2025-08-31 15:00:00+00:00,41.50416666666666,40.09033
2025-08-31 16:00:00+00:00,38.91,38.083218
2025-08-31 17:00:00+00:00,36.8675,37.8862
2025-08-31 18:00:00+00:00,34.824999999999996,37.695194
2025-08-31 19:00:00+00:00,32.7825,35.94632
2025-08-31 20:00:00+00:00,30.74,33.77756
2025-08-31 21:00:00+00:00,29.3553125,31.5326
2025-08-31 22:00:00+00:00,27.970625,29.475842
2025-08-31 23:00:00+00:00,26.5859375,27.521214
2025-09-01 00:00:00+00:00,25.20125,25.946869
2025-09-01 01:00:00+00:00,26.10125,26.45337
2025-09-01 02:00:00+00:00,27.00125,27.092493
2025-09-01 03:00:00+00:00,27.90125,27.778534
2025-09-01 04:00:00+00:00,28.80125,28.35213
2025-09-01 05:00:00+00:00,33.743125,28.363781
2025-09-01 06:00:00+00:00,38.685,28.81467
2025-09-01 07:00:00+00:00,33.968125,28.359383
2025-09-01 08:00:00+00:00,29.25125,28.447222
2025-09-01 09:00:00+00:00,32.7046875,33.685493
2025-09-01 10:00:00+00:00,36.158125,39.24234
2025-09-01 11:00:00+00:00,39.6115625,44.137505
2025-09-01 12:00:00+00:00,43.065,48.674194
2025-09-01 13:00:00+00:00,43.5634375,47.90919
2025-09-01 14:00:00+00:00,44.061875,46.329945
2025-09-01 15:00:00+00:00,44.560312499999995,44.43087
2025-09-01 16:00:00+00:00,45.058749999999996,42.55774
2025-09-01 17:00:00+00:00,41.482812499999994,41.126724
2025-09-01 18:00:00+00:00,37.906875,39.47802
2025-09-01 19:00:00+00:00,34.3309375,36.124138
2025-09-01 20:00:00+00:00,30.755000000000003,32.71867
2025-09-01 21:00:00+00:00,29.844375,31.239649
2025-09-01 22:00:00+00:00,28.933750000000003,30.210733
2025-09-01 23:00:00+00:00,28.023125,29.329062
2025-09-02 00:00:00+00:00,27.112499999999997,28.699293
2025-09-02 01:00:00+00:00,28.1484375,28.58231
2025-09-02 02:00:00+00:00,29.184375000000003,29.956787
2025-09-02 03:00:00+00:00,30.220312500000002,30.626387
2025-09-02 04:00:00+00:00,31.25625,31.721142
2025-09-02 05:00:00+00:00,31.383125,31.938604
2025-09-02 06:00:00+00:00,31.509999999999998,31.989815
2025-09-02 07:00:00+00:00,32.011250000000004,31.948683
2025-09-02 08:00:00+00:00,32.5125,31.920809
2025-09-02 09:00:00+00:00,32.935625,36.929935
2025-09-02 10:00:00+00:00,33.35875,43.100555
2025-09-02 11:00:00+00:00,33.781875,43.209488
2025-09-02 12:00:00+00:00,34.205,42.79609
2025-09-02 13:00:00+00:00,43.4884375,46.733116
2025-09-02 14:00:00+00:00,52.771875,50.43383
2025-09-02 15:00:00+00:00,62.0553125,53.695465
2025-09-02 16:00:00+00:00,71.33875,57.366096
2025-09-02 17:00:00+00:00,61.15281250000001,55.9255
2025-09-02 18:00:00+00:00,50.966875,51.869896
2025-09-02 19:00:00+00:00,40.7809375,43.716774
2025-09-02 20:00:00+00:00,30.595,35.331688
2025-09-02 21:00:00+00:00,31.405937499999997,34.73928
2025-09-02 22:00:00+00:00,32.216875,34.64835
2025-09-02 23:00:00+00:00,33.027812499999996,33.03387
2025-09-03 00:00:00+00:00,33.83875,32.36036
2025-09-03 01:00:00+00:00,31.5834375,31.536037
2025-09-03 02:00:00+00:00,29.328125,30.502901
2025-09-03 03:00:00+00:00,27.072812499999998,29.549793
2025-09-03 04:00:00+00:00,24.8175,28.2524
2025-09-03 05:00:00+00:00,28.39125,27.999178
2025-09-03 06:00:00+00:00,31.964999999999996,28.033028
2025-09-03 07:00:00+00:00,30.051875,29.959818
2025-09-03 08:00:00+00:00,28.13875,32.82395
2025-09-03 09:00:00+00:00,32.1828125,37.411716
2025-09-03 10:00:00+00:00,36.226875,42.86846
2025-09-03 11:00:00+00:00,40.2709375,43.883045
2025-09-03 12:00:00+00:00,44.315,43.485847
2025-09-03 13:00:00+00:00,44.5803125,43.94904
2025-09-03 14:00:00+00:00,44.845625,44.87583
2025-09-03 15:00:00+00:00,45.1109375,46.660896
2025-09-03 16:00:00+00:00,45.37625,48.072815
2025-09-03 17:00:00+00:00,42.066562499999996,46.127884
2025-09-03 18:00:00+00:00,38.756875,43.327003
2025-09-03 19:00:00+00:00,35.4471875,39.89689
2025-09-03 20:00:00+00:00,32.1375,36.51154
2025-09-03 21:00:00+00:00,30.6940625,35.021717
2025-09-03 22:00:00+00:00,29.250625,33.501167
2025-09-03 23:00:00+00:00,27.8071875,31.689188
2025-09-04 00:00:00+00:00,26.36375,30.65158
2025-09-04 01:00:00+00:00,26.085625,29.777615
2025-09-04 02:00:00+00:00,25.807499999999997,28.508663
2025-09-04 03:00:00+00:00,25.529374999999995,27.503609
2025-09-04 04:00:00+00:00,25.25125,26.880512
2025-09-04 05:00:00+00:00,24.233125,27.54248
2025-09-04 06:00:00+00:00,23.214999999999996,28.719723
2025-09-04 07:00:00+00:00,24.45375,27.961185
2025-09-04 08:00:00+00:00,25.6925,27.127783
2025-09-04 09:00:00+00:00,30.762708333333332,30.703268
2025-09-04 10:00:00+00:00,35.83291666666666,34.98577
2025-09-04 11:00:00+00:00,40.903124999999996,38.19742
2025-09-04 12:00:00+00:00,45.97333333333333,42.344963
2025-09-04 13:00:00+00:00,45.61,44.760117
2025-09-04 14:00:00+00:00,45.24666666666666,47.396713
2025-09-04 15:00:00+00:00,44.883333333333326,49.038193
2025-09-04 16:00:00+00:00,44.519999999999996,48.190357
2025-09-04 17:00:00+00:00,42.241874999999986,45.559258
2025-09-04 18:00:00+00:00,39.96375,42.721764
2025-09-04 19:00:00+00:00,37.685625,39.01755
2025-09-04 20:00:00+00:00,35.4075,35.335674
2025-09-04 21:00:00+00:00,33.48,33.77626
2025-09-04 22:00:00+00:00,31.552500000000002,33.07921
2025-09-04 23:00:00+00:00,29.625,31.201342
2025-09-05 00:00:00+00:00,27.6975,29.509193
2025-09-05 01:00:00+00:00,27.0859375,27.881834
2025-09-05 02:00:00+00:00,26.474375000000002,27.178444
2025-09-05 03:00:00+00:00,25.862812500000004,26.704514
2025-09-05 04:00:00+00:00,25.25125,26.751198
2025-09-05 05:00:00+00:00,25.025624999999998,26.560488
2025-09-05 06:00:00+00:00,24.8,26.39231
2025-09-05 07:00:00+00:00,29.899375,29.42409
2025-09-05 08:00:00+00:00,34.99875,33.321266
2025-09-05 09:00:00+00:00,35.33531249999999,37.35361
2025-09-05 10:00:00+00:00,35.671875,40.444973
2025-09-05 11:00:00+00:00,36.0084375,39.758587
2025-09-05 12:00:00+00:00,36.345,38.91545
2025-09-05 13:00:00+00:00,36.9540625,39.066864
2025-09-05 14:00:00+00:00,37.563125,40.181633
2025-09-05 15:00:00+00:00,38.1721875,43.78545
2025-09-05 16:00:00+00:00,38.78125,46.38275
2025-09-05 17:00:00+00:00,39.205937500000005,45.689793
2025-09-05 18:00:00+00:00,39.630625,44.020622
2025-09-05 19:00:00+00:00,40.0553125,41.7137
2025-09-05 20:00:00+00:00,40.480000000000004,38.973732
2025-09-05 21:00:00+00:00,37.207812499999996,35.814236
2025-09-05 22:00:00+00:00,33.935625,32.96608
2025-09-05 23:00:00+00:00,30.6634375,30.831213
2025-09-06 00:00:00+00:00,27.39125,29.152079
2025-09-06 01:00:00+00:00,27.776249999999997,27.357521
2025-09-06 02:00:00+00:00,28.16125,27.348028
2025-09-06 03:00:00+00:00,28.54625,27.488417
2025-09-06 04:00:00+00:00,28.93125,27.715504
2025-09-06 05:00:00+00:00,31.748124999999998,29.431398
2025-09-06 06:00:00+00:00,34.565,30.752151
2025-09-06 07:00:00+00:00,35.105624999999996,32.064915
2025-09-06 08:00:00+00:00,35.64625,33.58384
2025-09-06 09:00:00+00:00,36.987187500000005,34.58465
2025-09-06 10:00:00+00:00,38.328125,34.943043
2025-09-06 11:00:00+00:00,39.669062499999995,35.05714
2025-09-06 12:00:00+00:00,41.01,36.31055
2025-09-06 13:00:00+00:00,39.2215625,36.322533
2025-09-06 14:00:00+00:00,37.433125000000004,35.41821
2025-09-06 15:00:00+00:00,35.644687499999996,34.6792
2025-09-06 16:00:00+00:00,33.85625,34.55123
2025-09-06 17:00:00+00:00,38.5075,38.164604
2025-09-06 18:00:00+00:00,43.15875,42.803066
2025-09-06 19:00:00+00:00,47.81,47.241386
2025-09-06 20:00:00+00:00,52.46125000000001,50.689255
2025-09-06 21:00:00+00:00,46.58874999999999,47.17313
2025-09-06 22:00:00+00:00,40.71625,41.717594
2025-09-06 23:00:00+00:00,34.84375,35.47941
2025-09-07 00:00:00+00:00,28.97125,29.926788
2025-09-07 01:00:00+00:00,29.69125,29.944408
2025-09-07 02:00:00+00:00,30.411250000000003,30.577984
2025-09-07 03:00:00+00:00,31.131250000000005,31.542723
2025-09-07 04:00:00+00:00,31.85125,32.418697
2025-09-07 05:00:00+00:00,34.610625,32.623394
2025-09-07 06:00:00+00:00,37.370000000000005,32.840744
2025-09-07 07:00:00+00:00,31.740625,33.549946
2025-09-07 08:00:00+00:00,26.111250000000002,33.499737
2025-09-07 09:00:00+00:00,27.640104166666667,34.324818
2025-09-07 10:00:00+00:00,29.168958333333336,35.891823
2025-09-07 11:00:00+00:00,30.6978125,35.7757
2025-09-07 12:00:00+00:00,32.22666666666667,35.95764
2025-09-07 13:00:00+00:00,33.6290625,37.273476
2025-09-07 14:00:00+00:00,35.03145833333333,38.06253
2025-09-07 15:00:00+00:00,36.43385416666666,38.613728
2025-09-07 16:00:00+00:00,37.83625,39.689636
2025-09-07 17:00:00+00:00,37.9153125,40.612362
2025-09-07 18:00:00+00:00,37.994375000000005,40.476524
2025-09-07 19:00:00+00:00,38.073437500000004,40.961323
2025-09-07 20:00:00+00:00,38.15250000000001,40.646667
2025-09-07 21:00:00+00:00,35.806562500000005,37.697937
2025-09-07 22:00:00+00:00,33.460625,35.195118
2025-09-07 23:00:00+00:00,31.114687500000002,33.461006
2025-09-08 00:00:00+00:00,28.76875,31.702604
2025-09-08 01:00:00+00:00,27.9459375,30.75386
2025-09-08 02:00:00+00:00,27.123125,30.013798
2025-09-08 03:00:00+00:00,26.3003125,28.954185
2025-09-08 04:00:00+00:00,25.4775,28.279776
2025-09-08 05:00:00+00:00,26.11125,28.97054
2025-09-08 06:00:00+00:00,26.745,29.74855
2025-09-08 07:00:00+00:00,24.309375000000003,26.778187
2025-09-08 08:00:00+00:00,21.87375,23.19451
2025-09-08 09:00:00+00:00,22.91947916666667,24.186203
2025-09-08 10:00:00+00:00,23.965208333333337,25.554808
2025-09-08 11:00:00+00:00,25.0109375,26.477135
2025-09-08 12:00:00+00:00,26.05666666666667,29.118856
2025-09-08 13:00:00+00:00,29.479375,32.11842
2025-09-08 14:00:00+00:00,32.90208333333334,35.29102
2025-09-08 15:00:00+00:00,36.32479166666667,38.85251
2025-09-08 16:00:00+00:00,39.7475,42.206326
2025-09-08 17:00:00+00:00,40.847500000000004,43.927902
2025-09-08 18:00:00+00:00,41.9475,44.4074
2025-09-08 19:00:00+00:00,43.0475,44.16117
2025-09-08 20:00:00+00:00,44.1475,42.61879
2025-09-08 21:00:00+00:00,42.011250000000004,39.12866
2025-09-08 22:00:00+00:00,39.875,36.394104
2025-09-08 23:00:00+00:00,37.738749999999996,34.072296
2025-09-09 00:00:00+00:00,35.6025,31.942888
2025-09-09 01:00:00+00:00,33.49375,30.7358
2025-09-09 02:00:00+00:00,31.384999999999994,29.720997
2025-09-09 03:00:00+00:00,29.27625,29.521759
2025-09-09 04:00:00+00:00,27.1675,29.135635
2025-09-09 05:00:00+00:00,25.41875,28.893715
2025-09-09 06:00:00+00:00,23.67,28.982437
2025-09-09 07:00:00+00:00,26.255625000000002,26.714802
2025-09-09 08:00:00+00:00,28.841250000000002,25.057076
2025-09-09 09:00:00+00:00,35.54260416666667,27.932514
2025-09-09 10:00:00+00:00,42.24395833333334,31.441833
2025-09-09 11:00:00+00:00,48.9453125,36.18215
2025-09-09 12:00:00+00:00,55.64666666666667,39.747196
2025-09-09 13:00:00+00:00,50.306250000000006,38.14758
2025-09-09 14:00:00+00:00,44.96583333333333,36.360165
2025-09-09 15:00:00+00:00,39.625416666666666,34.872513
2025-09-09 16:00:00+00:00,34.285000000000004,34.065422
2025-09-09 17:00:00+00:00,34.2478125,34.948494
2025-09-09 18:00:00+00:00,34.21062500000001,36.551975
2025-09-09 19:00:00+00:00,34.173437500000006,37.98802
2025-09-09 20:00:00+00:00,34.136250000000004,37.866714
2025-09-09 21:00:00+00:00,34.9196875,36.113506
2025-09-09 22:00:00+00:00,35.70312500000001,35.734955
2025-09-09 23:00:00+00:00,36.4865625,35.445724
2025-09-10 00:00:00+00:00,37.269999999999996,35.20129
2025-09-10 01:00:00+00:00,34.686249999999994,35.229042
2025-09-10 02:00:00+00:00,32.1025,33.308224
2025-09-10 03:00:00+00:00,29.518749999999997,30.888855
2025-09-10 04:00:00+00:00,26.935,28.618584
2025-09-10 05:00:00+00:00,26.255,27.22167
2025-09-10 06:00:00+00:00,25.575,27.037813
2025-09-10 07:00:00+00:00,29.345,30.463305
2025-09-10 08:00:00+00:00,33.115,34.81015
2025-09-10 09:00:00+00:00,36.323750000000004,39.56153
2025-09-10 10:00:00+00:00,39.5325,43.38515
2025-09-10 11:00:00+00:00,42.741249999999994,44.364204
2025-09-10 12:00:00+00:00,45.949999999999996,45.564915
2025-09-10 13:00:00+00:00,43.83625,43.747864
2025-09-10 14:00:00+00:00,41.7225,41.33447
2025-09-10 15:00:00+00:00,39.60875,39.10408
2025-09-10 16:00:00+00:00,37.495000000000005,37.99675
2025-09-10 17:00:00+00:00,35.7271875,36.53515
2025-09-10 18:00:00+00:00,33.959375,34.691364
2025-09-10 19:00:00+00:00,32.1915625,33.487865
2025-09-10 20:00:00+00:00,30.423750000000002,31.48308
2025-09-10 21:00:00+00:00,32.8528125,32.97634
2025-09-10 22:00:00+00:00,35.281875,36.475357
2025-09-10 23:00:00+00:00,37.7109375,39.589783
2025-09-11 00:00:00+00:00,40.14,43.131634
2025-09-11 01:00:00+00:00,37.2390625,44.031696
2025-09-11 02:00:00+00:00,34.338125000000005,41.022938
2025-09-11 03:00:00+00:00,31.4371875,35.64513
2025-09-11 04:00:00+00:00,28.536250000000003,30.737484
2025-09-11 05:00:00+00:00,26.768125,28.734627
2025-09-11 06:00:00+00:00,25.0,27.42849
2025-09-11 07:00:00+00:00,28.565625,31.757511
2025-09-11 08:00:00+00:00,32.13125,36.42558
2025-09-11 09:00:00+00:00,30.5959375,38.43027
2025-09-11 10:00:00+00:00,29.060625,38.694298
2025-09-11 11:00:00+00:00,27.5253125,35.391983
2025-09-11 12:00:00+00:00,25.99,33.385273
2025-09-11 13:00:00+00:00,28.029999999999998,31.858074
2025-09-11 14:00:00+00:00,30.07,30.81565
2025-09-11 15:00:00+00:00,32.11,30.383318
2025-09-11 16:00:00+00:00,34.15,30.038162
2025-09-11 17:00:00+00:00,33.7521875,30.76806
2025-09-11 18:00:00+00:00,33.354375,31.975191
2025-09-11 19:00:00+00:00,32.9565625,33.291378
2025-09-11 20:00:00+00:00,32.558749999999996,34.283535
2025-09-11 21:00:00+00:00,32.608125,34.986526
2025-09-11 22:00:00+00:00,32.6575,35.375782
2025-09-11 23:00:00+00:00,32.706875,35.683746
2025-09-12 00:00:00+00:00,32.75625,35.771408
2025-09-12 01:00:00+00:00,31.901249999999997,34.932213
2025-09-12 02:00:00+00:00,31.04625,33.46302
2025-09-12 03:00:00+00:00,30.19125,32.06832
2025-09-12 04:00:00+00:00,29.33625,30.499552
2025-09-12 05:00:00+00:00,27.450625000000002,27.915035
2025-09-12 06:00:00+00:00,25.564999999999998,25.51056
2025-09-12 07:00:00+00:00,27.0075,27.237682
2025-09-12 08:00:00+00:00,28.45,30.189169
2025-09-12 09:00:00+00:00,27.259166666666665,30.611961
2025-09-12 10:00:00+00:00,26.06833333333333,30.079872
2025-09-12 11:00:00+00:00,24.877500000000005,28.320095
2025-09-12 12:00:00+00:00,23.68666666666667,26.723442
2025-09-12 13:00:00+00:00,25.177187500000002,25.790154
2025-09-12 14:00:00+00:00,26.667708333333334,25.224354
2025-09-12 15:00:00+00:00,28.158229166666665,25.387403
2025-09-12 16:00:00+00:00,29.64875,26.492998
2025-09-12 17:00:00+00:00,31.112187499999997,28.563366
2025-09-12 18:00:00+00:00,32.575625,30.46542
2025-09-12 19:00:00+00:00,34.0390625,32.40137
2025-09-12 20:00:00+00:00,35.502500000000005,34.15905
2025-09-12 21:00:00+00:00,36.0328125,35.11148
2025-09-12 22:00:00+00:00,36.563125,34.710083
2025-09-12 23:00:00+00:00,37.0934375,33.279827
2025-09-13 00:00:00+00:00,37.62375000000001,32.798153
2025-09-13 01:00:00+00:00,37.36656249999999,33.845448
2025-09-13 02:00:00+00:00,37.109375,34.163383
2025-09-13 03:00:00+00:00,36.8521875,33.36698
2025-09-13 04:00:00+00:00,36.595,31.92341
2025-09-13 05:00:00+00:00,30.1875,28.557453
2025-09-13 06:00:00+00:00,23.78,26.472267
2025-09-13 07:00:00+00:00,26.80625,27.068289
2025-09-13 08:00:00+00:00,29.8325,28.335869
2025-09-13 09:00:00+00:00,30.57979166666667,28.269102
2025-09-13 10:00:00+00:00,31.327083333333334,27.56417
2025-09-13 11:00:00+00:00,32.074374999999996,28.059088
2025-09-13 12:00:00+00:00,32.821666666666665,29.80785
2025-09-13 13:00:00+00:00,38.213125,36.0691
2025-09-13 14:00:00+00:00,43.60458333333333,43.05694
2025-09-13 15:00:00+00:00,48.99604166666666,50.382484
2025-09-13 16:00:00+00:00,54.387499999999996,54.790016
2025-09-13 17:00:00+00:00,48.718125,48.8239
2025-09-13 18:00:00+00:00,43.048750000000005,42.184658
2025-09-13 19:00:00+00:00,37.379374999999996,37.76264
2025-09-13 20:00:00+00:00,31.71,33.711258
2025-09-13 21:00:00+00:00,31.834374999999998,32.963955
2025-09-13 22:00:00+00:00,31.95875,32.703552
2025-09-13 23:00:00+00:00,32.083124999999995,32.763134
2025-09-14 00:00:00+00:00,32.207499999999996,33.61242
2025-09-14 01:00:00+00:00,33.43718749999999,33.075497
2025-09-14 02:00:00+00:00,34.666875,34.588623
2025-09-14 03:00:00+00:00,35.8965625,35.924793
2025-09-14 04:00:00+00:00,37.126250000000006,36.52613
2025-09-14 05:00:00+00:00,31.415625,31.986944
2025-09-14 06:00:00+00:00,25.705000000000002,27.13469
2025-09-14 07:00:00+00:00,27.945,27.762762
2025-09-14 08:00:00+00:00,30.185,29.02261
2025-09-14 09:00:00+00:00,32.385,30.518373
2025-09-14 10:00:00+00:00,34.585,33.007225
2025-09-14 11:00:00+00:00,36.785000000000004,36.207424
2025-09-14 12:00:00+00:00,38.98500000000001,38.93643
2025-09-14 13:00:00+00:00,40.52406250000001,41.754395
2025-09-14 14:00:00+00:00,42.063125,43.74443
2025-09-14 15:00:00+00:00,43.6021875,45.319885
2025-09-14 16:00:00+00:00,45.14125,46.130966
2025-09-14 17:00:00+00:00,41.826249999999995,43.562374
2025-09-14 18:00:00+00:00,38.511250000000004,40.66258
2025-09-14 19:00:00+00:00,35.19625,37.644325
2025-09-14 20:00:00+00:00,31.88125,34.16201
2025-09-14 21:00:00+00:00,30.9840625,33.46618
2025-09-14 22:00:00+00:00,30.086875,32.768993
2025-09-14 23:00:00+00:00,29.1896875,30.418972
2025-09-15 00:00:00+00:00,28.2925,28.264143
2025-09-15 01:00:00+00:00,30.606562499999995,31.334936
2025-09-15 02:00:00+00:00,32.920625,34.57416
2025-09-15 03:00:00+00:00,35.2346875,38.335297
2025-09-15 04:00:00+00:00,37.54875,42.062138
2025-09-15 05:00:00+00:00,34.794375,37.660664
2025-09-15 06:00:00+00:00,32.04,31.902905
2025-09-15 07:00:00+00:00,30.222499999999997,33.083683
2025-09-15 08:00:00+00:00,28.405,34.83246
2025-09-15 09:00:00+00:00,30.82,35.7318
2025-09-15 10:00:00+00:00,33.235,36.90867
2025-09-15 11:00:00+00:00,35.650000000000006,38.13657
2025-09-15 12:00:00+00:00,38.065000000000005,38.96086
2025-09-15 13:00:00+00:00,35.645625,36.478355
2025-09-15 14:00:00+00:00,33.22625,34.26473
2025-09-15 15:00:00+00:00,30.806875,30.901941
2025-09-15 16:00:00+00:00,28.3875,28.43845
2025-09-15 17:00:00+00:00,28.37625,29.483181
2025-09-15 18:00:00+00:00,28.365000000000002,30.749197
2025-09-15 19:00:00+00:00,28.35375,31.941322
2025-09-15 20:00:00+00:00,28.3425,32.26851
2025-09-15 21:00:00+00:00,29.12875,31.224815
2025-09-15 22:00:00+00:00,29.915,30.534775
2025-09-15 23:00:00+00:00,30.70125,29.81266
2025-09-16 00:00:00+00:00,31.487500000000004,28.93883
2025-09-16 01:00:00+00:00,31.988125,30.32979
2025-09-16 02:00:00+00:00,32.48875,30.86792
2025-09-16 03:00:00+00:00,32.989375,32.421238
2025-09-16 04:00:00+00:00,33.49,34.526627
2025-09-16 05:00:00+00:00,29.7325,33.126354
2025-09-16 06:00:00+00:00,25.975,30.508917
2025-09-16 07:00:00+00:00,29.285625,30.268808
2025-09-16 08:00:00+00:00,32.59625,30.34348
2025-09-16 09:00:00+00:00,33.15635416666667,30.602457
2025-09-16 10:00:00+00:00,33.716458333333335,30.691778
2025-09-16 11:00:00+00:00,34.2765625,30.978266
2025-09-16 12:00:00+00:00,34.836666666666666,31.603529
2025-09-16 13:00:00+00:00,32.1109375,30.783936
2025-09-16 14:00:00+00:00,29.38520833333333,30.14298
2025-09-16 15:00:00+00:00,26.659479166666667,28.828495
2025-09-16 16:00:00+00:00,23.93375,26.994616
2025-09-16 17:00:00+00:00,24.82375,27.06502
2025-09-16 18:00:00+00:00,25.71375,27.101284
2025-09-16 19:00:00+00:00,26.60375,27.315027
2025-09-16 20:00:00+00:00,27.493750000000002,27.983086
2025-09-16 21:00:00+00:00,28.899375000000006,28.913868
2025-09-16 22:00:00+00:00,30.305,30.302345
2025-09-16 23:00:00+00:00,31.710625,31.459133
2025-09-17 00:00:00+00:00,33.11625,32.06485
2025-09-17 01:00:00+00:00,33.58,32.295387
2025-09-17 02:00:00+00:00,34.04375,32.520267
2025-09-17 03:00:00+00:00,34.5075,32.850456
2025-09-17 04:00:00+00:00,34.97125,32.913315
2025-09-17 05:00:00+00:00,29.165625,28.905235
2025-09-17 06:00:00+00:00,23.36,24.770924
2025-09-17 07:00:00+00:00,32.208124999999995,29.14399
2025-09-17 08:00:00+00:00,41.05625,34.41273
2025-09-17 09:00:00+00:00,39.922604166666666,34.663647
2025-09-17 10:00:00+00:00,38.78895833333333,33.870106
2025-09-17 11:00:00+00:00,37.6553125,32.345
2025-09-17 12:00:00+00:00,36.521666666666675,31.138613
2025-09-17 13:00:00+00:00,35.205,30.874212
2025-09-17 14:00:00+00:00,33.888333333333335,30.543337
2025-09-17 15:00:00+00:00,32.57166666666667,30.665665
2025-09-17 16:00:00+00:00,31.255000000000003,31.25355
2025-09-17 17:00:00+00:00,34.0828125,34.401634
2025-09-17 18:00:00+00:00,36.910625,37.74831
2025-09-17 19:00:00+00:00,39.7384375,40.977287
2025-09-17 20:00:00+00:00,42.566250000000004,41.677357
2025-09-17 21:00:00+00:00,38.965,38.785164
2025-09-17 22:00:00+00:00,35.36375,36.14133
2025-09-17 23:00:00+00:00,31.7625,33.36898
2025-09-18 00:00:00+00:00,28.16125,30.393398
2025-09-18 01:00:00+00:00,28.830624999999998,30.15964
2025-09-18 02:00:00+00:00,29.5,30.411312
2025-09-18 03:00:00+00:00,30.169375,31.001415
2025-09-18 04:00:00+00:00,30.838749999999997,32.061745
2025-09-18 05:00:00+00:00,27.809374999999996,27.474178
2025-09-18 06:00:00+00:00,24.78,22.892204
2025-09-18 07:00:00+00:00,33.044375,30.308933
2025-09-18 08:00:00+00:00,41.30875,37.70102
2025-09-18 09:00:00+00:00,40.4665625,37.274834
2025-09-18 10:00:00+00:00,39.624375,36.708656
2025-09-18 11:00:00+00:00,38.7821875,35.866142
2025-09-18 12:00:00+00:00,37.94,34.94765
2025-09-18 13:00:00+00:00,37.64125,35.163113
2025-09-18 14:00:00+00:00,37.3425,35.525017
2025-09-18 15:00:00+00:00,37.04375,36.502026
2025-09-18 16:00:00+00:00,36.745000000000005,37.65224
2025-09-18 17:00:00+00:00,37.485,38.290237
2025-09-18 18:00:00+00:00,38.225,38.474026
2025-09-18 19:00:00+00:00,38.965,39.88265
2025-09-18 20:00:00+00:00,39.70499999999999,40.358387
2025-09-18 21:00:00+00:00,37.09375,38.156216
2025-09-18 22:00:00+00:00,34.4825,35.63416
2025-09-18 23:00:00+00:00,31.871249999999996,32.93779
2025-09-19 00:00:00+00:00,29.259999999999998,29.787224
2025-09-19 01:00:00+00:00,29.1334375,28.16304
2025-09-19 02:00:00+00:00,29.006874999999997,27.540043
2025-09-19 03:00:00+00:00,28.8803125,27.056114
2025-09-19 04:00:00+00:00,28.75375,27.370998
2025-09-19 05:00:00+00:00,29.571875,25.29523
2025-09-19 06:00:00+00:00,30.39,24.422256
2025-09-19 07:00:00+00:00,33.52375,34.381702
2025-09-19 08:00:00+00:00,36.6575,44.495026
2025-09-19 09:00:00+00:00,36.61479166666666,43.52239
2025-09-19 10:00:00+00:00,36.57208333333333,40.594006
2025-09-19 11:00:00+00:00,36.529375,37.345497
2025-09-19 12:00:00+00:00,36.486666666666665,34.047935
2025-09-19 13:00:00+00:00,36.8228125,34.434444
2025-09-19 14:00:00+00:00,37.15895833333333,34.787003
2025-09-19 15:00:00+00:00,37.495104166666664,33.8685
2025-09-19 16:00:00+00:00,37.83125,33.54008
2025-09-19 17:00:00+00:00,35.106249999999996,32.353737
2025-09-19 18:00:00+00:00,32.38125,31.172863
2025-09-19 19:00:00+00:00,29.65625,30.02103
2025-09-19 20:00:00+00:00,26.931250000000002,28.876616
2025-09-19 21:00:00+00:00,26.3815625,28.589554
2025-09-19 22:00:00+00:00,25.831875,28.565456
2025-09-19 23:00:00+00:00,25.2821875,28.346321
2025-09-20 00:00:00+00:00,24.732499999999998,28.022974
2025-09-20 01:00:00+00:00,26.40625,29.148972
2025-09-20 02:00:00+00:00,28.079999999999995,29.932964
2025-09-20 03:00:00+00:00,29.753749999999997,30.899212
2025-09-20 04:00:00+00:00,31.4275,31.642832
2025-09-20 05:00:00+00:00,28.75625,30.828901
2025-09-20 06:00:00+00:00,26.085,30.499165
2025-09-20 07:00:00+00:00,30.66,33.791225
2025-09-20 08:00:00+00:00,35.23500000000001,37.58603
2025-09-20 09:00:00+00:00,37.01916666666666,39.285942
2025-09-20 10:00:00+00:00,38.80333333333333,40.20227
2025-09-20 11:00:00+00:00,40.5875,41.617603
2025-09-20 12:00:00+00:00,42.37166666666666,42.624336
2025-09-20 13:00:00+00:00,39.864999999999995,40.262768
2025-09-20 14:00:00+00:00,37.358333333333334,37.281704
2025-09-20 15:00:00+00:00,34.85166666666667,33.909405
2025-09-20 16:00:00+00:00,32.345,31.200497
2025-09-20 17:00:00+00:00,30.486562499999998,29.017895
2025-09-20 18:00:00+00:00,28.628124999999997,27.650822
2025-09-20 19:00:00+00:00,26.7696875,26.504152
2025-09-20 20:00:00+00:00,24.91125,25.368977
2025-09-20 21:00:00+00:00,25.369374999999998,25.936447
2025-09-20 22:00:00+00:00,25.8275,26.57912
2025-09-20 23:00:00+00:00,26.285625,26.48374
2025-09-21 00:00:00+00:00,26.74375,27.032207
2025-09-21 01:00:00+00:00,28.129062499999993,28.635479
2025-09-21 02:00:00+00:00,29.514374999999998,30.363537
2025-09-21 03:00:00+00:00,30.8996875,31.961008
2025-09-21 04:00:00+00:00,32.285,32.873043
2025-09-21 05:00:00+00:00,28.1775,29.047272
2025-09-21 06:00:00+00:00,24.07,26.15673
2025-09-21 07:00:00+00:00,26.854375,29.952896
2025-09-21 08:00:00+00:00,29.63875,34.0174
2025-09-21 09:00:00+00:00,38.97114583333334,36.755028
2025-09-21 10:00:00+00:00,48.30354166666667,40.04628
2025-09-21 11:00:00+00:00,57.6359375,44.392323
2025-09-21 12:00:00+00:00,66.96833333333333,47.086124
2025-09-21 13:00:00+00:00,58.67375,43.595993
2025-09-21 14:00:00+00:00,50.37916666666666,39.599762
2025-09-21 15:00:00+00:00,42.084583333333335,35.19131
2025-09-21 16:00:00+00:00,33.79,32.093964
2025-09-21 17:00:00+00:00,33.0403125,31.544464
2025-09-21 18:00:00+00:00,32.290625,30.962345
2025-09-21 19:00:00+00:00,31.5409375,30.39112
2025-09-21 20:00:00+00:00,30.791249999999998,29.723928
2025-09-21 21:00:00+00:00,32.356875,31.480213
2025-09-21 22:00:00+00:00,33.9225,33.41559
2025-09-21 23:00:00+00:00,35.488125,35.066387
2025-09-22 00:00:00+00:00,37.05375,36.33463
2025-09-22 01:00:00+00:00,34.53,36.933376
2025-09-22 02:00:00+00:00,32.00625,34.130318
2025-09-22 03:00:00+00:00,29.482499999999998,31.972313
2025-09-22 04:00:00+00:00,26.95875,29.788034
2025-09-22 05:00:00+00:00,24.946875,27.472637
2025-09-22 06:00:00+00:00,22.935000000000002,25.329887
2025-09-22 07:00:00+00:00,27.57125,27.117779
2025-09-22 08:00:00+00:00,32.2075,29.986933
2025-09-22 09:00:00+00:00,40.49312500000001,34.229782
2025-09-22 10:00:00+00:00,48.77875,40.38906
2025-09-22 11:00:00+00:00,57.064375000000005,46.466324
2025-09-22 12:00:00+00:00,65.35000000000001,50.750687
2025-09-22 13:00:00+00:00,58.001250000000006,47.13091
2025-09-22 14:00:00+00:00,50.6525,43.00899
2025-09-22 15:00:00+00:00,43.30375000000001,39.28841
2025-09-22 16:00:00+00:00,35.955,36.042828
2025-09-22 17:00:00+00:00,35.6621875,36.473976
2025-09-22 18:00:00+00:00,35.369375,37.13181
2025-09-22 19:00:00+00:00,35.076562499999994,37.34188
2025-09-22 20:00:00+00:00,34.78375,36.998245
2025-09-22 21:00:00+00:00,34.8240625,36.900787
2025-09-22 22:00:00+00:00,34.864374999999995,36.992836
2025-09-22 23:00:00+00:00,34.9046875,37.065495
2025-09-23 00:00:00+00:00,34.945,37.57264
2025-09-23 01:00:00+00:00,33.2275,34.431393
2025-09-23 02:00:00+00:00,31.509999999999998,32.561317
2025-09-23 03:00:00+00:00,29.7925,29.948334
2025-09-23 04:00:00+00:00,28.075,27.176708
2025-09-23 05:00:00+00:00,25.86,24.367516
2025-09-23 06:00:00+00:00,23.645000000000003,22.607353
2025-09-23 07:00:00+00:00,28.330625,29.301525
2025-09-23 08:00:00+00:00,33.01625,38.073746
2025-09-23 09:00:00+00:00,35.13260416666667,45.38451
2025-09-23 10:00:00+00:00,37.248958333333334,50.805267
2025-09-23 11:00:00+00:00,39.3653125,52.755493
2025-09-23 12:00:00+00:00,41.48166666666667,54.005493
2025-09-23 13:00:00+00:00,39.8815625,49.201725
2025-09-23 14:00:00+00:00,38.28145833333333,43.364475
2025-09-23 15:00:00+00:00,36.681354166666665,39.147476
2025-09-23 16:00:00+00:00,35.08125,35.979553
2025-09-23 17:00:00+00:00,35.17375,35.643944
2025-09-23 18:00:00+00:00,35.26624999999999,35.340546
2025-09-23 19:00:00+00:00,35.35875,35.405483
2025-09-23 20:00:00+00:00,35.45125,35.21139
2025-09-23 21:00:00+00:00,33.636875,33.102123
2025-09-23 22:00:00+00:00,31.8225,31.314331
2025-09-23 23:00:00+00:00,30.008125,29.31141
2025-09-24 00:00:00+00:00,28.19375,27.541918
2025-09-24 01:00:00+00:00,26.886875,26.925884
2025-09-24 02:00:00+00:00,25.580000000000002,26.71614
2025-09-24 03:00:00+00:00,24.273125,26.404465
2025-09-24 04:00:00+00:00,22.966250000000002,27.005577
2025-09-24 05:00:00+00:00,27.128125,25.979624
2025-09-24 06:00:00+00:00,31.290000000000003,24.724316
2025-09-24 07:00:00+00:00,32.783125,28.924683
2025-09-24 08:00:00+00:00,34.276250000000005,33.255547
2025-09-24 09:00:00+00:00,35.25177083333334,35.154465
2025-09-24 10:00:00+00:00,36.22729166666667,37.382366
2025-09-24 11:00:00+00:00,37.2028125,41.346107
2025-09-24 12:00:00+00:00,38.178333333333335,45.338875
2025-09-24 13:00:00+00:00,38.526250000000005,44.124546
2025-09-24 14:00:00+00:00,38.87416666666667,43.016155
2025-09-24 15:00:00+00:00,39.22208333333333,42.4625
2025-09-24 16:00:00+00:00,39.57,40.48195
2025-09-24 17:00:00+00:00,37.05625,37.99575
2025-09-24 18:00:00+00:00,34.542500000000004,35.323658
2025-09-24 19:00:00+00:00,32.02875,32.73961
2025-09-24 20:00:00+00:00,29.515,30.74637
2025-09-24 21:00:00+00:00,28.2615625,29.44697
2025-09-24 22:00:00+00:00,27.008125,28.37156
2025-09-24 23:00:00+00:00,25.7546875,27.187428
2025-09-25 00:00:00+00:00,24.501249999999995,26.436174
2025-09-25 01:00:00+00:00,25.389375,25.971622
2025-09-25 02:00:00+00:00,26.2775,26.70241
2025-09-25 03:00:00+00:00,27.165625,27.623833
2025-09-25 04:00:00+00:00,28.05375,28.65028
2025-09-25 05:00:00+00:00,30.401875000000004,29.672632
2025-09-25 06:00:00+00:00,32.75,30.941378
2025-09-25 07:00:00+00:00,33.515,32.70259
2025-09-25 08:00:00+00:00,34.28,35.124386
2025-09-25 09:00:00+00:00,34.136250000000004,36.525333
2025-09-25 10:00:00+00:00,33.9925,37.884842
2025-09-25 11:00:00+00:00,33.848749999999995,37.574955
2025-09-25 12:00:00+00:00,33.705,37.374516
2025-09-25 13:00:00+00:00,37.428125,44.10455
2025-09-25 14:00:00+00:00,41.15125,50.8331
2025-09-25 15:00:00+00:00,44.874375,59.170082
2025-09-25 16:00:00+00:00,48.597500000000004,65.59798
2025-09-25 17:00:00+00:00,44.1078125,58.368782
2025-09-25 18:00:00+00:00,39.618125000000006,48.863335
2025-09-25 19:00:00+00:00,35.1284375,40.649113
2025-09-25 20:00:00+00:00,30.63875,33.300236
2025-09-25 21:00:00+00:00,30.3865625,31.18644
2025-09-25 22:00:00+00:00,30.134375,29.929195
2025-09-25 23:00:00+00:00,29.8821875,29.409237
2025-09-26 00:00:00+00:00,29.63,29.99917
2025-09-26 01:00:00+00:00,30.605625000000003,32.05455
2025-09-26 02:00:00+00:00,31.581249999999997,35.04344
2025-09-26 03:00:00+00:00,32.556875,37.318314
2025-09-26 04:00:00+00:00,33.5325,38.430008
2025-09-26 05:00:00+00:00,31.66875,35.694077
2025-09-26 06:00:00+00:00,29.805,33.564003
2025-09-26 07:00:00+00:00,29.0825,31.818449
2025-09-26 08:00:00+00:00,28.36,30.758488
2025-09-26 09:00:00+00:00,31.36958333333333,31.616383
2025-09-26 10:00:00+00:00,34.37916666666666,32.86285
2025-09-26 11:00:00+00:00,37.38875,34.413223
2025-09-26 12:00:00+00:00,40.39833333333333,35.609806
2025-09-26 13:00:00+00:00,42.705625,40.799587
2025-09-26 14:00:00+00:00,45.01291666666667,44.507004
2025-09-26 15:00:00+00:00,47.32020833333333,45.52411
2025-09-26 16:00:00+00:00,49.6275,46.943947
2025-09-26 17:00:00+00:00,45.199999999999996,43.447872
2025-09-26 18:00:00+00:00,40.7725,40.05745
2025-09-26 19:00:00+00:00,36.345,37.15735
2025-09-26 20:00:00+00:00,31.9175,33.63035
2025-09-26 21:00:00+00:00,32.1303125,34.019146
2025-09-26 22:00:00+00:00,32.343125,34.139557
2025-09-26 23:00:00+00:00,32.5559375,33.32741
2025-09-27 00:00:00+00:00,32.76875,32.878883
2025-09-27 01:00:00+00:00,33.5328125,32.852406
2025-09-27 02:00:00+00:00,34.296875,33.45822
2025-09-27 03:00:00+00:00,35.0609375,34.600742
2025-09-27 04:00:00+00:00,35.825,35.452595
2025-09-27 05:00:00+00:00,29.8625,33.055126
2025-09-27 06:00:00+00:00,23.9,30.750153
2025-09-27 07:00:00+00:00,27.54625,28.783962
2025-09-27 08:00:00+00:00,31.1925,27.506124
2025-09-27 09:00:00+00:00,33.88854166666667,30.003685
2025-09-27 10:00:00+00:00,36.584583333333335,33.848312
2025-09-27 11:00:00+00:00,39.280625,38.628624
2025-09-27 12:00:00+00:00,41.97666666666667,42.19517
2025-09-27 13:00:00+00:00,40.3865625,41.21016
2025-09-27 14:00:00+00:00,38.796458333333334,40.337006
2025-09-27 15:00:00+00:00,37.20635416666667,40.047085
2025-09-27 16:00:00+00:00,35.61625,39.832947
2025-09-27 17:00:00+00:00,34.0415625,38.54787
2025-09-27 18:00:00+00:00,32.466875,36.729153
2025-09-27 19:00:00+00:00,30.8921875,36.00533
2025-09-27 20:00:00+00:00,29.3175,35.43214
2025-09-27 21:00:00+00:00,29.584374999999998,35.04586
2025-09-27 22:00:00+00:00,29.85125,34.863308
2025-09-27 23:00:00+00:00,30.118125,33.77791
2025-09-28 00:00:00+00:00,30.384999999999998,32.492928
2025-09-28 01:00:00+00:00,29.628124999999997,32.90123
2025-09-28 02:00:00+00:00,28.871249999999996,32.215874
2025-09-28 03:00:00+00:00,28.114375,31.296988
2025-09-28 04:00:00+00:00,27.357499999999998,30.287416
2025-09-28 05:00:00+00:00,25.35125,26.518497
2025-09-28 06:00:00+00:00,23.345,22.215216
2025-09-28 07:00:00+00:00,25.638125000000002,26.008434
2025-09-28 08:00:00+00:00,27.93125,31.915855
2025-09-28 09:00:00+00:00,31.825937499999995,37.09778
2025-09-28 10:00:00+00:00,35.720625,41.697426
2025-09-28 11:00:00+00:00,39.61531250000001,43.785675
2025-09-28 12:00:00+00:00,43.51,44.789986
2025-09-28 13:00:00+00:00,40.631875,41.90506
2025-09-28 14:00:00+00:00,37.75375,38.46871
2025-09-28 15:00:00+00:00,34.875625,36.24196
2025-09-28 16:00:00+00:00,31.997500000000002,34.842224
2025-09-28 17:00:00+00:00,32.7165625,34.260895
2025-09-28 18:00:00+00:00,33.435625,33.775856
2025-09-28 19:00:00+00:00,34.1546875,34.127808
2025-09-28 20:00:00+00:00,34.87375,34.336708
2025-09-28 21:00:00+00:00,32.845,33.474247
2025-09-28 22:00:00+00:00,30.81625,32.78299
2025-09-28 23:00:00+00:00,28.787500000000005,31.217674
2025-09-29 00:00:00+00:00,26.75875,29.195934
2025-09-29 01:00:00+00:00,26.116875,26.534292
2025-09-29 02:00:00+00:00,25.475,25.497074
2025-09-29 03:00:00+00:00,24.833125,25.61959
2025-09-29 04:00:00+00:00,24.19125,26.511425
2025-09-29 05:00:00+00:00,23.363125,25.623062
2025-09-29 06:00:00+00:00,22.535,24.339745
2025-09-29 07:00:00+00:00,27.9675,27.020218
2025-09-29 08:00:00+00:00,33.4,30.029034
2025-09-29 09:00:00+00:00,36.27291666666666,33.266758
2025-09-29 10:00:00+00:00,39.14583333333334,36.369263
2025-09-29 11:00:00+00:00,42.018750000000004,38.58706
2025-09-29 12:00:00+00:00,44.89166666666667,41.532993
2025-09-29 13:00:00+00:00,40.96937500000001,40.266285
2025-09-29 14:00:00+00:00,37.04708333333333,37.165516
2025-09-29 15:00:00+00:00,33.12479166666667,34.564987
2025-09-29 16:00:00+00:00,29.2025,32.30632
2025-09-29 17:00:00+00:00,32.9165625,34.090405
2025-09-29 18:00:00+00:00,36.630624999999995,36.89795
2025-09-29 19:00:00+00:00,40.3446875,38.68245
2025-09-29 20:00:00+00:00,44.058749999999996,40.14331
2025-09-29 21:00:00+00:00,39.88375,37.312176
2025-09-29 22:00:00+00:00,35.708749999999995,34.09766
2025-09-29 23:00:00+00:00,31.533749999999998,30.866407
2025-09-30 00:00:00+00:00,27.35875,27.856543
2025-09-30 01:00:00+00:00,27.699687499999996,27.792418
2025-09-30 02:00:00+00:00,28.040625,28.286194
2025-09-30 03:00:00+00:00,28.3815625,29.392487
2025-09-30 04:00:00+00:00,28.7225,30.584717
2025-09-30 05:00:00+00:00,29.463749999999997,30.459574
2025-09-30 06:00:00+00:00,30.205,28.747143
2025-09-30 07:00:00+00:00,34.11875,33.212585
2025-09-30 08:00:00+00:00,38.0325,38.984764
2025-09-30 09:00:00+00:00,37.45729166666666,37.456905
2025-09-30 10:00:00+00:00,36.882083333333334,35.556934
2025-09-30 11:00:00+00:00,36.306875000000005,34.626183
2025-09-30 12:00:00+00:00,35.73166666666666,34.521877
2025-09-30 13:00:00+00:00,35.979687500000004,35.901623
2025-09-30 14:00:00+00:00,36.22770833333334,36.358467
2025-09-30 15:00:00+00:00,36.475729166666675,35.086445
2025-09-30 16:00:00+00:00,36.72375,33.55306
2025-09-30 17:00:00+00:00,38.7915625,35.69633
2025-09-30 18:00:00+00:00,40.859375,39.158237
2025-09-30 19:00:00+00:00,42.9271875,41.765404
2025-09-30 20:00:00+00:00,44.995,43.127792
2025-09-30 21:00:00+00:00,40.966562499999995,40.808163
2025-09-30 22:00:00+00:00,36.93812499999999,37.98863
2025-09-30 23:00:00+00:00,32.909687500000004,34.43908
2025-10-01 00:00:00+00:00,28.88125,30.999197
2025-10-01 01:00:00+00:00,29.2690625,29.66383
2025-10-01 02:00:00+00:00,29.656875,29.817286
2025-10-01 03:00:00+00:00,30.044687500000002,30.270504
2025-10-01 04:00:00+00:00,30.4325,31.315187
2025-10-01 05:00:00+00:00,28.08875,30.550295
2025-10-01 06:00:00+00:00,25.745,30.18668
2025-10-01 07:00:00+00:00,31.914375,35.03322
2025-10-01 08:00:00+00:00,38.08375,38.52703
2025-10-01 09:00:00+00:00,38.48322916666667,36.46904
2025-10-01 10:00:00+00:00,38.88270833333333,34.20751
2025-10-01 11:00:00+00:00,39.2821875,33.583344
2025-10-01 12:00:00+00:00,39.681666666666665,33.7489
2025-10-01 13:00:00+00:00,39.551249999999996,35.149876
2025-10-01 14:00:00+00:00,39.420833333333334,36.671486
2025-10-01 15:00:00+00:00,39.290416666666665,37.35477
2025-10-01 16:00:00+00:00,39.16,37.773384
2025-10-01 17:00:00+00:00,37.736875,37.978603
2025-10-01 18:00:00+00:00,36.31375,38.039333
2025-10-01 19:00:00+00:00,34.890625,37.28993
2025-10-01 20:00:00+00:00,33.4675,35.64047
2025-10-01 21:00:00+00:00,31.579687500000002,33.57691
2025-10-01 22:00:00+00:00,29.691875000000003,31.927355
2025-10-01 23:00:00+00:00,27.8040625,30.814075
2025-10-02 00:00:00+00:00,25.91625,30.32471
2025-10-02 01:00:00+00:00,26.6896875,29.493221
2025-10-02 02:00:00+00:00,27.463124999999998,29.535927
2025-10-02 03:00:00+00:00,28.236562499999998,29.16249
2025-10-02 04:00:00+00:00,29.01,28.89924
2025-10-02 05:00:00+00:00,27.115,26.820578
2025-10-02 06:00:00+00:00,25.22,25.22015
2025-10-02 07:00:00+00:00,27.8825,27.24038
2025-10-02 08:00:00+00:00,30.544999999999998,29.037445
2025-10-02 09:00:00+00:00,31.2575,28.967777
2025-10-02 10:00:00+00:00,31.970000000000002,28.892904
2025-10-02 11:00:00+00:00,32.682500000000005,29.06347
2025-10-02 12:00:00+00:00,33.395,30.492033
2025-10-02 13:00:00+00:00,35.292187500000004,33.836815
2025-10-02 14:00:00+00:00,37.189375,37.0787
2025-10-02 15:00:00+00:00,39.08656250000001,40.139843
2025-10-02 16:00:00+00:00,40.98375,42.13653
2025-10-02 17:00:00+00:00,38.2071875,39.349373
2025-10-02 18:00:00+00:00,35.430625,35.69307
2025-10-02 19:00:00+00:00,32.654062499999995,32.83493
2025-10-02 20:00:00+00:00,29.877499999999998,30.292006
2025-10-02 21:00:00+00:00,30.139062499999998,31.138805
2025-10-02 22:00:00+00:00,30.400624999999998,32.43159
2025-10-02 23:00:00+00:00,30.662187499999998,33.575966
2025-10-03 00:00:00+00:00,30.92375,34.36198
2025-10-03 01:00:00+00:00,29.5475,33.238094
2025-10-03 02:00:00+00:00,28.17125,31.530867
2025-10-03 03:00:00+00:00,26.794999999999998,29.80556
2025-10-03 04:00:00+00:00,25.41875,28.164509
2025-10-03 05:00:00+00:00,26.446875000000002,25.579788
2025-10-03 06:00:00+00:00,27.475,24.023975
2025-10-03 07:00:00+00:00,26.50625,25.898884
2025-10-03 08:00:00+00:00,25.5375,28.61399
2025-10-03 09:00:00+00:00,29.383958333333332,31.36398
2025-10-03 10:00:00+00:00,33.23041666666667,34.07872
2025-10-03 11:00:00+00:00,37.076875,38.08044
2025-10-03 12:00:00+00:00,40.92333333333333,41.843834
2025-10-03 13:00:00+00:00,40.814375,41.73374
2025-10-03 14:00:00+00:00,40.70541666666667,41.07534
2025-10-03 15:00:00+00:00,40.59645833333333,40.867138
2025-10-03 16:00:00+00:00,40.4875,40.8701
2025-10-03 17:00:00+00:00,37.5403125,37.530563
2025-10-03 18:00:00+00:00,34.593125,33.98062
2025-10-03 19:00:00+00:00,31.6459375,30.917168
2025-10-03 20:00:00+00:00,28.69875,28.128992
2025-10-03 21:00:00+00:00,32.06125,30.699732
2025-10-03 22:00:00+00:00,35.42375,33.163902
2025-10-03 23:00:00+00:00,38.786249999999995,35.387928
2025-10-04 00:00:00+00:00,42.14875,37.842247
2025-10-04 01:00:00+00:00,38.108437499999994,34.825382
2025-10-04 02:00:00+00:00,34.068125,32.207584
2025-10-04 03:00:00+00:00,30.0278125,30.538677
2025-10-04 04:00:00+00:00,25.9875,28.5093
2025-10-04 05:00:00+00:00,28.18375,28.33046
2025-10-04 06:00:00+00:00,30.38,28.322819
2025-10-04 07:00:00+00:00,31.225625,28.752481
2025-10-04 08:00:00+00:00,32.07125,29.880215
2025-10-04 09:00:00+00:00,36.2246875,33.855927
2025-10-04 10:00:00+00:00,40.378125,38.38539
2025-10-04 11:00:00+00:00,44.5315625,42.64376
2025-10-04 12:00:00+00:00,48.68500000000001,46.48632
2025-10-04 13:00:00+00:00,44.32,42.531864
2025-10-04 14:00:00+00:00,39.955,37.753334
2025-10-04 15:00:00+00:00,35.59,35.436626
2025-10-04 16:00:00+00:00,31.224999999999998,34.305614
2025-10-04 17:00:00+00:00,32.8371875,35.233406
2025-10-04 18:00:00+00:00,34.449374999999996,35.588238
2025-10-04 19:00:00+00:00,36.0615625,34.744404
2025-10-04 20:00:00+00:00,37.67374999999999,34.09104
2025-10-04 21:00:00+00:00,37.869375,36.36646
2025-10-04 22:00:00+00:00,38.065,38.081852
2025-10-04 23:00:00+00:00,38.260625,38.26931
2025-10-05 00:00:00+00:00,38.45625,38.069588
2025-10-05 01:00:00+00:00,35.8896875,36.34997
2025-10-05 02:00:00+00:00,33.323125,33.678696
2025-10-05 03:00:00+00:00,30.7565625,31.151716
2025-10-05 04:00:00+00:00,28.19,28.300203
2025-10-05 05:00:00+00:00,25.027500000000003,28.948662
2025-10-05 06:00:00+00:00,21.865000000000002,30.551878
2025-10-05 07:00:00+00:00,25.934375000000003,32.041695
2025-10-05 08:00:00+00:00,30.003750000000004,33.941257
2025-10-05 09:00:00+00:00,34.601979166666666,36.329895
2025-10-05 10:00:00+00:00,39.200208333333336,38.81511
2025-10-05 11:00:00+00:00,43.798437500000006,40.98427
2025-10-05 12:00:00+00:00,48.39666666666667,42.941814
2025-10-05 13:00:00+00:00,45.1246875,42.25331
2025-10-05 14:00:00+00:00,41.85270833333334,40.672142
2025-10-05 15:00:00+00:00,38.58072916666667,37.746338
2025-10-05 16:00:00+00:00,35.30875,35.519417
2025-10-05 17:00:00+00:00,36.074375,36.19837
2025-10-05 18:00:00+00:00,36.839999999999996,37.47686
2025-10-05 19:00:00+00:00,37.605625,37.938038
2025-10-05 20:00:00+00:00,38.37125,37.84467
2025-10-05 21:00:00+00:00,36.2184375,37.836246
2025-10-05 22:00:00+00:00,34.065625000000004,37.42834
2025-10-05 23:00:00+00:00,31.912812500000005,36.184048
2025-10-06 00:00:00+00:00,29.76,34.67261
2025-10-06 01:00:00+00:00,28.77625,32.27171
2025-10-06 02:00:00+00:00,27.7925,30.419281
2025-10-06 03:00:00+00:00,26.80875,28.114048
2025-10-06 04:00:00+00:00,25.825,26.553404
2025-10-06 05:00:00+00:00,23.92,24.670008
2025-10-06 06:00:00+00:00,22.015,22.448355
2025-10-06 07:00:00+00:00,25.4725,26.425955
2025-10-06 08:00:00+00:00,28.93,31.008657
2025-10-06 09:00:00+00:00,31.086250000000003,32.287853
2025-10-06 10:00:00+00:00,33.2425,33.454853
2025-10-06 11:00:00+00:00,35.39875,34.462276
2025-10-06 12:00:00+00:00,37.555,36.25862
2025-10-06 13:00:00+00:00,36.974375,36.135593
2025-10-06 14:00:00+00:00,36.39375,35.387375
2025-10-06 15:00:00+00:00,35.813125,34.3101
2025-10-06 16:00:00+00:00,35.2325,33.354633
2025-10-06 17:00:00+00:00,35.5275,34.32249
2025-10-06 18:00:00+00:00,35.822500000000005,35.237797
2025-10-06 19:00:00+00:00,36.1175,36.218906
2025-10-06 20:00:00+00:00,36.4125,37.64235
2025-10-06 21:00:00+00:00,34.6253125,36.032085
2025-10-06 22:00:00+00:00,32.838125,33.602077
2025-10-06 23:00:00+00:00,31.0509375,30.388119
2025-10-07 00:00:00+00:00,29.263749999999998,26.944372
2025-10-07 01:00:00+00:00,29.8453125,28.106733
2025-10-07 02:00:00+00:00,30.426874999999995,29.42703
2025-10-07 03:00:00+00:00,31.0084375,30.760313
2025-10-07 04:00:00+00:00,31.59,31.398323
2025-10-07 05:00:00+00:00,30.299999999999997,28.878813
2025-10-07 06:00:00+00:00,29.01,25.591944
2025-10-07 07:00:00+00:00,28.756875,27.586945
2025-10-07 08:00:00+00:00,28.50375,30.629135
2025-10-07 09:00:00+00:00,29.99572916666667,31.166916
2025-10-07 10:00:00+00:00,31.487708333333337,31.803955
2025-10-07 11:00:00+00:00,32.979687500000004,32.43377
2025-10-07 12:00:00+00:00,34.47166666666667,33.168427
2025-10-07 13:00:00+00:00,35.838437500000005,34.62129
2025-10-07 14:00:00+00:00,37.20520833333333,36.248585
2025-10-07 15:00:00+00:00,38.571979166666665,38.4732
2025-10-07 16:00:00+00:00,39.93875,40.18848
2025-10-07 17:00:00+00:00,38.3725,39.566208
2025-10-07 18:00:00+00:00,36.80625,38.99383
2025-10-07 19:00:00+00:00,35.239999999999995,38.343582
2025-10-07 20:00:00+00:00,33.67375,37.65299
2025-10-07 21:00:00+00:00,32.1025,35.066963
2025-10-07 22:00:00+00:00,30.53125,32.48527
2025-10-07 23:00:00+00:00,28.96,30.158794
2025-10-08 00:00:00+00:00,27.38875,28.671652
2025-10-08 01:00:00+00:00,31.209375,31.32615
2025-10-08 02:00:00+00:00,35.03,33.979393
2025-10-08 03:00:00+00:00,38.850625,36.16537
2025-10-08 04:00:00+00:00,42.67125,37.373894
2025-10-08 05:00:00+00:00,36.000625,31.588776
2025-10-08 06:00:00+00:00,29.33,25.87772
2025-10-08 07:00:00+00:00,29.219375,24.933975
2025-10-08 08:00:00+00:00,29.10875,25.435654
2025-10-08 09:00:00+00:00,32.81447916666667,29.925158
2025-10-08 10:00:00+00:00,36.520208333333336,34.574116
2025-10-08 11:00:00+00:00,40.2259375,38.8244
2025-10-08 12:00:00+00:00,43.93166666666667,42.714447
2025-10-08 13:00:00+00:00,43.4921875,44.49276
2025-10-08 14:00:00+00:00,43.052708333333335,45.190945
2025-10-08 15:00:00+00:00,42.61322916666667,47.089287
2025-10-08 16:00:00+00:00,42.17375,48.38262
2025-10-08 17:00:00+00:00,38.5725,43.11729
2025-10-08 18:00:00+00:00,34.97125,37.789375
2025-10-08 19:00:00+00:00,31.37,33.410595
2025-10-08 20:00:00+00:00,27.768750000000004,29.740417
2025-10-08 21:00:00+00:00,31.3159375,30.813824
2025-10-08 22:00:00+00:00,34.863125000000004,32.2802
2025-10-08 23:00:00+00:00,38.4103125,33.74673
2025-10-09 00:00:00+00:00,41.9575,35.58967
2025-10-09 01:00:00+00:00,40.3665625,37.309223
2025-10-09 02:00:00+00:00,38.775625000000005,37.691
2025-10-09 03:00:00+00:00,37.1846875,36.72297
2025-10-09 04:00:00+00:00,35.59375,35.873917
2025-10-09 05:00:00+00:00,34.679375,32.13016
2025-10-09 06:00:00+00:00,33.765,27.972246
2025-10-09 07:00:00+00:00,30.725,27.505268
2025-10-09 08:00:00+00:00,27.685,28.009033
2025-10-09 09:00:00+00:00,30.62333333333333,29.367563
2025-10-09 10:00:00+00:00,33.56166666666667,30.514835
2025-10-09 11:00:00+00:00,36.5,32.380325
2025-10-09 12:00:00+00:00,39.43833333333334,34.392593
2025-10-09 13:00:00+00:00,39.39625,36.22296
2025-10-09 14:00:00+00:00,39.35416666666667,38.518158
2025-10-09 15:00:00+00:00,39.312083333333334,39.644436
2025-10-09 16:00:00+00:00,39.27,40.35437
2025-10-09 17:00:00+00:00,37.381249999999994,38.89387
2025-10-09 18:00:00+00:00,35.4925,36.31024
2025-10-09 19:00:00+00:00,33.60375,33.752274
2025-10-09 20:00:00+00:00,31.715,31.871214
2025-10-09 21:00:00+00:00,34.0840625,34.00966
2025-10-09 22:00:00+00:00,36.453125,36.669235
2025-10-09 23:00:00+00:00,38.8221875,38.792667
2025-10-10 00:00:00+00:00,41.19125,40.55814
2025-10-10 01:00:00+00:00,38.03375,38.95174
2025-10-10 02:00:00+00:00,34.87625,35.830624
2025-10-10 03:00:00+00:00,31.71875,32.488476
2025-10-10 04:00:00+00:00,28.56125,29.66079
2025-10-10 05:00:00+00:00,28.435625,28.18441
2025-10-10 06:00:00+00:00,28.31,28.019135
2025-10-10 07:00:00+00:00,28.009375,26.220346
2025-10-10 08:00:00+00:00,27.70875,24.571255
2025-10-10 09:00:00+00:00,29.826562499999998,27.372591
2025-10-10 10:00:00+00:00,31.944375,30.259699
2025-10-10 11:00:00+00:00,34.0621875,33.476906
2025-10-10 12:00:00+00:00,36.18,36.819374
2025-10-10 13:00:00+00:00,35.3996875,37.247437
2025-10-10 14:00:00+00:00,34.619375,37.464607
2025-10-10 15:00:00+00:00,33.8390625,37.944935
2025-10-10 16:00:00+00:00,33.058749999999996,38.579792
2025-10-10 17:00:00+00:00,32.89125,37.467857
2025-10-10 18:00:00+00:00,32.723749999999995,35.68383
2025-10-10 19:00:00+00:00,32.55625,34.37706
2025-10-10 20:00:00+00:00,32.38875,33.48465
2025-10-10 21:00:00+00:00,33.0778125,34.83584
2025-10-10 22:00:00+00:00,33.766875,36.279297
2025-10-10 23:00:00+00:00,34.4559375,37.3299
2025-10-11 00:00:00+00:00,35.14499999999999,37.9459
2025-10-11 01:00:00+00:00,33.58625,35.386383
2025-10-11 02:00:00+00:00,32.027499999999996,32.926674
2025-10-11 03:00:00+00:00,30.46875,31.05481
2025-10-11 04:00:00+00:00,28.91,29.38478
2025-10-11 05:00:00+00:00,29.545,28.346067
2025-10-11 06:00:00+00:00,30.18,27.427946
2025-10-11 07:00:00+00:00,33.419375,28.636204
2025-10-11 08:00:00+00:00,36.65875,30.78643
2025-10-11 09:00:00+00:00,36.36697916666666,32.26825
2025-10-11 10:00:00+00:00,36.075208333333336,33.17848
2025-10-11 11:00:00+00:00,35.7834375,34.00282
2025-10-11 12:00:00+00:00,35.49166666666667,35.013298
2025-10-11 13:00:00+00:00,35.426875,34.97273
2025-10-11 14:00:00+00:00,35.36208333333333,34.17588
2025-10-11 15:00:00+00:00,35.297291666666666,33.717243
2025-10-11 16:00:00+00:00,35.2325,33.643784
2025-10-11 17:00:00+00:00,35.665,33.9921
2025-10-11 18:00:00+00:00,36.0975,34.329445
2025-10-11 19:00:00+00:00,36.53,34.24351
2025-10-11 20:00:00+00:00,36.9625,34.182186
2025-10-11 21:00:00+00:00,35.46625,34.12557
2025-10-11 22:00:00+00:00,33.97,33.8769
2025-10-11 23:00:00+00:00,32.473749999999995,33.49535
2025-10-12 00:00:00+00:00,30.977499999999996,32.93117
2025-10-12 01:00:00+00:00,30.2790625,31.488613
2025-10-12 02:00:00+00:00,29.580624999999998,30.187101
2025-10-12 03:00:00+00:00,28.8821875,28.87575
2025-10-12 04:00:00+00:00,28.18375,28.214458
2025-10-12 05:00:00+00:00,22.229374999999997,29.831564
2025-10-12 06:00:00+00:00,16.275,31.86993
2025-10-12 07:00:00+00:00,29.606875,40.153854
2025-10-12 08:00:00+00:00,42.93875,48.615273
2025-10-12 09:00:00+00:00,41.2090625,45.798904
2025-10-12 10:00:00+00:00,39.479375000000005,41.577053
2025-10-12 11:00:00+00:00,37.7496875,38.60088
2025-10-12 12:00:00+00:00,36.02,36.606087
2025-10-12 13:00:00+00:00,38.769062500000004,37.85003
2025-10-12 14:00:00+00:00,41.518125,39.815613
2025-10-12 15:00:00+00:00,44.2671875,41.76638
2025-10-12 16:00:00+00:00,47.01625,42.30421
2025-10-12 17:00:00+00:00,44.73625,41.359753
2025-10-12 18:00:00+00:00,42.45625,40.179276
2025-10-12 19:00:00+00:00,40.17625,38.936802
2025-10-12 20:00:00+00:00,37.89625,37.038563
2025-10-12 21:00:00+00:00,35.575,33.745853
2025-10-12 22:00:00+00:00,33.25375,30.606623
2025-10-12 23:00:00+00:00,30.932499999999997,27.409763
2025-10-13 00:00:00+00:00,28.61125,25.553314
2025-10-13 01:00:00+00:00,31.6321875,29.089619
2025-10-13 02:00:00+00:00,34.653125,32.73752
2025-10-13 03:00:00+00:00,37.6740625,35.371616
2025-10-13 04:00:00+00:00,40.695,36.96732
2025-10-13 05:00:00+00:00,31.220000000000002,26.74177
2025-10-13 06:00:00+00:00,21.745,17.323284
2025-10-13 07:00:00+00:00,28.135624999999997,27.365158
2025-10-13 08:00:00+00:00,34.52625,38.146095
2025-10-13 09:00:00+00:00,35.13135416666667,39.132256
2025-10-13 10:00:00+00:00,35.73645833333333,38.462463
2025-10-13 11:00:00+00:00,36.341562499999995,36.48861
2025-10-13 12:00:00+00:00,36.946666666666665,35.060833
2025-10-13 13:00:00+00:00,38.0071875,36.860527
2025-10-13 14:00:00+00:00,39.06770833333333,38.61068
2025-10-13 15:00:00+00:00,40.128229166666664,40.401737
2025-10-13 16:00:00+00:00,41.18874999999999,42.292564
2025-10-13 17:00:00+00:00,39.051874999999995,41.40064
2025-10-13 18:00:00+00:00,36.915,39.687984
2025-10-13 19:00:00+00:00,34.778125,38.19757
2025-10-13 20:00:00+00:00,32.64125,37.023155
2025-10-13 21:00:00+00:00,31.918125,35.882324
2025-10-13 22:00:00+00:00,31.195,34.643635
2025-10-13 23:00:00+00:00,30.471875000000004,33.971195
2025-10-14 00:00:00+00:00,29.74875,33.396736
2025-10-14 01:00:00+00:00,31.9540625,35.62782
2025-10-14 02:00:00+00:00,34.159375,38.016872
2025-10-14 03:00:00+00:00,36.3646875,39.52093
2025-10-14 04:00:00+00:00,38.57,40.59283
2025-10-14 05:00:00+00:00,31.490000000000002,33.18859
2025-10-14 06:00:00+00:00,24.41,25.412502
2025-10-14 07:00:00+00:00,27.396250000000002,28.384588
2025-10-14 08:00:00+00:00,30.3825,31.573545
2025-10-14 09:00:00+00:00,32.842708333333334,31.747593
2025-10-14 10:00:00+00:00,35.30291666666667,31.883045
2025-10-14 11:00:00+00:00,37.763125,31.70808
2025-10-14 12:00:00+00:00,40.223333333333336,31.928612
2025-10-14 13:00:00+00:00,39.159375000000004,33.353683
2025-10-14 14:00:00+00:00,38.095416666666665,35.177345
2025-10-14 15:00:00+00:00,37.03145833333333,35.54664
2025-10-14 16:00:00+00:00,35.9675,35.410736
2025-10-14 17:00:00+00:00,34.378437500000004,34.916252
2025-10-14 18:00:00+00:00,32.789375,34.290676
2025-10-14 19:00:00+00:00,31.2003125,33.804543
2025-10-14 20:00:00+00:00,29.61125,33.42092
2025-10-14 21:00:00+00:00,29.9378125,32.89792
2025-10-14 22:00:00+00:00,30.264375,32.643833
2025-10-14 23:00:00+00:00,30.590937500000003,32.61895
2025-10-15 00:00:00+00:00,30.9175,32.458538
2025-10-15 01:00:00+00:00,32.1634375,32.758286
2025-10-15 02:00:00+00:00,33.409375,33.4639
2025-10-15 03:00:00+00:00,34.6553125,33.858955
2025-10-15 04:00:00+00:00,35.90125,33.591606
2025-10-15 05:00:00+00:00,30.483124999999998,29.776682
2025-10-15 06:00:00+00:00,25.064999999999998,25.68373
2025-10-15 07:00:00+00:00,28.603749999999998,28.22273
2025-10-15 08:00:00+00:00,32.1425,30.605234
2025-10-15 09:00:00+00:00,39.223124999999996,33.533367
2025-10-15 10:00:00+00:00,46.30375,37.718716
2025-10-15 11:00:00+00:00,53.384375000000006,44.81579
2025-10-15 12:00:00+00:00,60.465,53.046497
2025-10-15 13:00:00+00:00,53.86562500000001,48.43642
2025-10-15 14:00:00+00:00,47.26625,42.900658
2025-10-15 15:00:00+00:00,40.666875000000005,38.552704
2025-10-15 16:00:00+00:00,34.0675,34.502934
2025-10-15 17:00:00+00:00,33.222187500000004,33.967003
2025-10-15 18:00:00+00:00,32.376875,33.100178
2025-10-15 19:00:00+00:00,31.5315625,33.16239
2025-10-15 20:00:00+00:00,30.68625,33.02526
2025-10-15 21:00:00+00:00,31.333437500000002,32.784595
2025-10-15 22:00:00+00:00,31.980624999999996,32.854324
2025-10-15 23:00:00+00:00,32.6278125,33.952248
2025-10-16 00:00:00+00:00,33.275,34.335712
2025-10-16 01:00:00+00:00,32.2740625,33.503525
2025-10-16 02:00:00+00:00,31.273125,33.13405
2025-10-16 03:00:00+00:00,30.272187499999994,31.732937
2025-10-16 04:00:00+00:00,29.271250000000002,30.278921
2025-10-16 05:00:00+00:00,25.438125,29.208473
2025-10-16 06:00:00+00:00,21.605,27.402449
2025-10-16 07:00:00+00:00,25.500625,28.3366
2025-10-16 08:00:00+00:00,29.39625,29.321419
2025-10-16 09:00:00+00:00,38.893020833333345,33.940487
2025-10-16 10:00:00+00:00,48.38979166666667,39.280262
2025-10-16 11:00:00+00:00,57.886562500000004,50.95201
2025-10-16 12:00:00+00:00,67.38333333333334,65.09784
2025-10-16 13:00:00+00:00,59.261250000000004,57.209747
2025-10-16 14:00:00+00:00,51.13916666666667,48.48679
2025-10-16 15:00:00+00:00,43.01708333333334,42.27978
2025-10-16 16:00:00+00:00,34.895,35.873135
2025-10-16 17:00:00+00:00,36.506875,37.08824
2025-10-16 18:00:00+00:00,38.118750000000006,38.63121
2025-10-16 19:00:00+00:00,39.730625,39.56526
2025-10-16 20:00:00+00:00,41.3425,40.185974
2025-10-16 21:00:00+00:00,39.3903125,39.474884
2025-10-16 22:00:00+00:00,37.438125,38.592003
2025-10-16 23:00:00+00:00,35.4859375,36.487385
2025-10-17 00:00:00+00:00,33.53375,34.095573
2025-10-17 01:00:00+00:00,32.5034375,33.34311
2025-10-17 02:00:00+00:00,31.473124999999996,32.646065
2025-10-17 03:00:00+00:00,30.4428125,31.220919
2025-10-17 04:00:00+00:00,29.412499999999998,30.084652
2025-10-17 05:00:00+00:00,22.49875,27.06687
2025-10-17 06:00:00+00:00,15.585,23.67971
2025-10-17 07:00:00+00:00,34.844375,32.97732
2025-10-17 08:00:00+00:00,54.103750000000005,45.399746
2025-10-17 09:00:00+00:00,50.101145833333334,51.3947
2025-10-17 10:00:00+00:00,46.09854166666666,51.248184
2025-10-17 11:00:00+00:00,42.0959375,49.31509
2025-10-17 12:00:00+00:00,38.093333333333334,48.50653
2025-10-17 13:00:00+00:00,36.6040625,44.058586
2025-10-17 14:00:00+00:00,35.11479166666666,41.05941
2025-10-17 15:00:00+00:00,33.62552083333333,38.55471
2025-10-17 16:00:00+00:00,32.13625,36.444767
2025-10-17 17:00:00+00:00,33.7653125,36.81751
2025-10-17 18:00:00+00:00,35.394375,36.967766
2025-10-17 19:00:00+00:00,37.0234375,37.523808
2025-10-17 20:00:00+00:00,38.6525,37.261925
2025-10-17 21:00:00+00:00,36.3690625,36.00592
2025-10-17 22:00:00+00:00,34.085625,35.089535
2025-10-17 23:00:00+00:00,31.8021875,34.068027
2025-10-18 00:00:00+00:00,29.518749999999997,33.06526
2025-10-18 01:00:00+00:00,29.754374999999996,32.16511
2025-10-18 02:00:00+00:00,29.99,32.067547
2025-10-18 03:00:00+00:00,30.225625,32.513306
2025-10-18 04:00:00+00:00,30.46125,32.489403
2025-10-18 05:00:00+00:00,29.033125,25.859215
2025-10-18 06:00:00+00:00,27.604999999999997,20.158684
2025-10-18 07:00:00+00:00,38.4875,31.103354
2025-10-18 08:00:00+00:00,49.37,43.412094
2025-10-18 09:00:00+00:00,45.957499999999996,43.034042
2025-10-18 10:00:00+00:00,42.545,40.995495
2025-10-18 11:00:00+00:00,39.13250000000001,39.196255
2025-10-18 12:00:00+00:00,35.72,37.42732
2025-10-18 13:00:00+00:00,36.253437500000004,37.06907
2025-10-18 14:00:00+00:00,36.786875,37.383835
2025-10-18 15:00:00+00:00,37.3203125,37.076454
2025-10-18 16:00:00+00:00,37.853750000000005,36.247524
2025-10-18 17:00:00+00:00,37.213125000000005,35.89384
2025-10-18 18:00:00+00:00,36.572500000000005,34.884544
2025-10-18 19:00:00+00:00,35.931875,32.863503
2025-10-18 20:00:00+00:00,35.29125,31.110294
2025-10-18 21:00:00+00:00,33.2984375,30.878605
2025-10-18 22:00:00+00:00,31.305624999999996,30.34557
2025-10-18 23:00:00+00:00,29.3128125,29.54768
2025-10-19 00:00:00+00:00,27.32,28.432999
2025-10-19 01:00:00+00:00,27.7196875,28.431461
2025-10-19 02:00:00+00:00,28.119374999999998,29.254034
2025-10-19 03:00:00+00:00,28.5190625,30.801655
2025-10-19 04:00:00+00:00,28.91875,32.357822
2025-10-19 05:00:00+00:00,26.316875,27.424442
2025-10-19 06:00:00+00:00,23.715,23.16277
2025-10-19 07:00:00+00:00,32.8375,30.849493
2025-10-19 08:00:00+00:00,41.96000000000001,38.49085
2025-10-19 09:00:00+00:00,42.535,38.6477
2025-10-19 10:00:00+00:00,43.11,38.948574
2025-10-19 11:00:00+00:00,43.685,38.265354
2025-10-19 12:00:00+00:00,44.26,37.3151
2025-10-19 13:00:00+00:00,47.2709375,40.381767
2025-10-19 14:00:00+00:00,50.281875,43.166954
2025-10-19 15:00:00+00:00,53.29281249999999,45.07908
2025-10-19 16:00:00+00:00,56.30375,46.207394
2025-10-19 17:00:00+00:00,50.51375,42.681244
2025-10-19 18:00:00+00:00,44.723749999999995,39.035713
2025-10-19 19:00:00+00:00,38.933749999999996,36.3228
2025-10-19 20:00:00+00:00,33.14375,32.997482
2025-10-19 21:00:00+00:00,32.069375,32.320065
2025-10-19 22:00:00+00:00,30.994999999999997,31.93185
2025-10-19 23:00:00+00:00,29.920625,31.051153
2025-10-20 00:00:00+00:00,28.84625,30.77044
2025-10-20 01:00:00+00:00,29.953125,31.374014
2025-10-20 02:00:00+00:00,31.060000000000002,32.339054
2025-10-20 03:00:00+00:00,32.166875,32.702965
2025-10-20 04:00:00+00:00,33.27375,32.44877
2025-10-20 05:00:00+00:00,20.821875,27.488977
2025-10-20 06:00:00+00:00,8.370000000000001,23.752148
2025-10-20 07:00:00+00:00,20.39875,28.584528
2025-10-20 08:00:00+00:00,32.4275,33.839085
2025-10-20 09:00:00+00:00,36.411458333333336,35.833904
2025-10-20 10:00:00+00:00,40.39541666666667,38.668633
2025-10-20 11:00:00+00:00,44.379375,40.62258
2025-10-20 12:00:00+00:00,48.36333333333334,41.603535
2025-10-20 13:00:00+00:00,49.8846875,46.58648
2025-10-20 14:00:00+00:00,51.40604166666667,51.38436
2025-10-20 15:00:00+00:00,52.927395833333335,56.065178
2025-10-20 16:00:00+00:00,54.44875,59.78968
2025-10-20 17:00:00+00:00,48.0940625,54.63691
2025-10-20 18:00:00+00:00,41.739374999999995,48.853966
2025-10-20 19:00:00+00:00,35.3846875,41.880028
2025-10-20 20:00:00+00:00,29.03,34.930145
2025-10-20 21:00:00+00:00,31.114687500000002,35.8201
2025-10-20 22:00:00+00:00,33.199375,37.18104
2025-10-20 23:00:00+00:00,35.2840625,38.34316
2025-10-21 00:00:00+00:00,37.36875,40.00124
2025-10-21 01:00:00+00:00,36.0209375,36.64726
2025-10-21 02:00:00+00:00,34.673125,35.10343
2025-10-21 03:00:00+00:00,33.325312499999995,34.01544
2025-10-21 04:00:00+00:00,31.977499999999996,32.900894
2025-10-21 05:00:00+00:00,27.831249999999997,23.787575
2025-10-21 06:00:00+00:00,23.685,13.661161
2025-10-21 07:00:00+00:00,27.476875,21.666561
2025-10-21 08:00:00+00:00,31.26875,29.40849
2025-10-21 09:00:00+00:00,68.91114583333334,36.59998
2025-10-21 10:00:00+00:00,106.55354166666665,46.139694
2025-10-21 11:00:00+00:00,144.19593749999999,58.544525
2025-10-21 12:00:00+00:00,181.83833333333334,71.997025
2025-10-21 13:00:00+00:00,145.1628125,63.760548
2025-10-21 14:00:00+00:00,108.48729166666666,52.950813
2025-10-21 15:00:00+00:00,71.81177083333333,44.559864
2025-10-21 16:00:00+00:00,35.13625,36.29845
2025-10-21 17:00:00+00:00,34.035,35.351196
2025-10-21 18:00:00+00:00,32.933749999999996,35.308605
2025-10-21 19:00:00+00:00,31.8325,34.88676
2025-10-21 20:00:00+00:00,30.73125,34.016743
2025-10-21 21:00:00+00:00,32.610625,33.88911
2025-10-21 22:00:00+00:00,34.49,34.605583
2025-10-21 23:00:00+00:00,36.369375,35.68853
2025-10-22 00:00:00+00:00,38.24875,37.080864
2025-10-22 01:00:00+00:00,35.40875,33.99678
2025-10-22 02:00:00+00:00,32.56875,32.68999
2025-10-22 03:00:00+00:00,29.72875,31.8331
2025-10-22 04:00:00+00:00,26.88875,31.244759
2025-10-22 05:00:00+00:00,30.316875,29.101938
2025-10-22 06:00:00+00:00,33.745,27.263865
2025-10-22 07:00:00+00:00,34.48125,31.588116
2025-10-22 08:00:00+00:00,35.2175,37.85998
2025-10-22 09:00:00+00:00,49.155625,53.450966
2025-10-22 10:00:00+00:00,63.09374999999999,69.95146
2025-10-22 11:00:00+00:00,77.03187499999999,81.04501
2025-10-22 12:00:00+00:00,90.96999999999998,90.23559
2025-10-22 13:00:00+00:00,76.92218749999999,74.01376
2025-10-22 14:00:00+00:00,62.87437499999999,58.988167
2025-10-22 15:00:00+00:00,48.826562499999994,49.12043
2025-10-22 16:00:00+00:00,34.77875,37.89686
2025-10-22 17:00:00+00:00,33.861875,35.760155
2025-10-22 18:00:00+00:00,32.945,34.986336
2025-10-22 19:00:00+00:00,32.028125,35.579037
2025-10-22 20:00:00+00:00,31.111249999999995,34.713943
2025-10-22 21:00:00+00:00,31.9578125,33.71111
2025-10-22 22:00:00+00:00,32.804375,34.818474
2025-10-22 23:00:00+00:00,33.6509375,34.8031
2025-10-23 00:00:00+00:00,34.4975,34.55759
2025-10-23 01:00:00+00:00,32.1709375,32.67431
2025-10-23 02:00:00+00:00,29.844375,31.09988
2025-10-23 03:00:00+00:00,27.5178125,29.943657
2025-10-23 04:00:00+00:00,25.19125,29.040588
2025-10-23 05:00:00+00:00,23.998125,31.70261
2025-10-23 06:00:00+00:00,22.805,33.90052
2025-10-23 07:00:00+00:00,26.379375,36.59256
2025-10-23 08:00:00+00:00,29.95375,39.869705
2025-10-23 09:00:00+00:00,37.11239583333333,44.354683
2025-10-23 10:00:00+00:00,44.27104166666666,50.457222
2025-10-23 11:00:00+00:00,51.4296875,56.230225
2025-10-23 12:00:00+00:00,58.58833333333333,63.412323
2025-10-23 13:00:00+00:00,54.9721875,60.051155
2025-10-23 14:00:00+00:00,51.35604166666667,55.531563
2025-10-23 15:00:00+00:00,47.739895833333335,51.82322
2025-10-23 16:00:00+00:00,44.12375,48.066647
2025-10-23 17:00:00+00:00,44.3659375,50.737923
2025-10-23 18:00:00+00:00,44.608125,52.40311
2025-10-23 19:00:00+00:00,44.8503125,51.11607
2025-10-23 20:00:00+00:00,45.0925,48.978355
2025-10-23 21:00:00+00:00,41.52125000000001,43.930813
2025-10-23 22:00:00+00:00,37.95,40.34647
2025-10-23 23:00:00+00:00,34.37875,36.356884
2025-10-24 00:00:00+00:00,30.8075,32.710632
2025-10-24 01:00:00+00:00,30.4715625,31.341616
2025-10-24 02:00:00+00:00,30.135625,30.41569
2025-10-24 03:00:00+00:00,29.7996875,29.707367
2025-10-24 04:00:00+00:00,29.46375,29.219042
2025-10-24 05:00:00+00:00,31.874375,27.843985
2025-10-24 06:00:00+00:00,34.285,26.478228
2025-10-24 07:00:00+00:00,30.415625,29.586185
2025-10-24 08:00:00+00:00,26.54625,31.386421
2025-10-24 09:00:00+00:00,30.891354166666666,33.892662
2025-10-24 10:00:00+00:00,35.23645833333333,36.57764
2025-10-24 11:00:00+00:00,39.581562500000004,37.65392
2025-10-24 12:00:00+00:00,43.92666666666667,40.697308
2025-10-24 13:00:00+00:00,45.5825,42.638264
2025-10-24 14:00:00+00:00,47.23833333333333,46.58152
2025-10-24 15:00:00+00:00,48.89416666666666,51.446655
2025-10-24 16:00:00+00:00,50.55,54.512962
2025-10-24 17:00:00+00:00,49.272187499999994,55.19142
2025-10-24 18:00:00+00:00,47.994375,52.837444
2025-10-24 19:00:00+00:00,46.716562499999995,50.502167
2025-10-24 20:00:00+00:00,45.43875,48.418686
2025-10-24 21:00:00+00:00,40.6975,43.927788
2025-10-24 22:00:00+00:00,35.95625,40.102158
2025-10-24 23:00:00+00:00,31.215,35.67723
2025-10-25 00:00:00+00:00,26.47375,31.812239
2025-10-25 01:00:00+00:00,30.0721875,31.788383
2025-10-25 02:00:00+00:00,33.670625,33.891727
2025-10-25 03:00:00+00:00,37.269062500000004,34.231823
2025-10-25 04:00:00+00:00,40.8675,35.608227
2025-10-25 05:00:00+00:00,41.21125,33.102398
2025-10-25 06:00:00+00:00,41.555,32.67932
2025-10-25 07:00:00+00:00,36.11625,32.69436
2025-10-25 08:00:00+00:00,30.677500000000002,33.742912
2025-10-25 09:00:00+00:00,35.00770833333333,36.74063
2025-10-25 10:00:00+00:00,39.33791666666667,39.902977
2025-10-25 11:00:00+00:00,43.668125,40.576164
2025-10-25 12:00:00+00:00,47.998333333333335,44.705395
2025-10-25 13:00:00+00:00,71.358125,72.261116
2025-10-25 14:00:00+00:00,94.71791666666667,98.007835
2025-10-25 15:00:00+00:00,118.07770833333333,134.95241
2025-10-25 16:00:00+00:00,141.4375,166.27025
2025-10-25 17:00:00+00:00,114.5434375,134.7258
2025-10-25 18:00:00+00:00,87.64937499999999,94.300995
2025-10-25 19:00:00+00:00,60.7553125,62.200535
2025-10-25 20:00:00+00:00,33.86125,35.21698
2025-10-25 21:00:00+00:00,32.2171875,30.539143
2025-10-25 22:00:00+00:00,30.573125,28.803343
2025-10-25 23:00:00+00:00,28.9290625,28.019653
2025-10-26 00:00:00+00:00,27.285,29.209023
2025-10-26 01:00:00+00:00,31.831875,33.25175
2025-10-26 02:00:00+00:00,36.37875,37.703896
2025-10-26 03:00:00+00:00,40.925625,40.212326
2025-10-26 04:00:00+00:00,45.4725,41.92332
2025-10-26 05:00:00+00:00,62.02374999999999,39.318535
2025-10-26 06:00:00+00:00,78.57499999999999,36.719135
2025-10-26 07:00:00+00:00,54.555,32.769096
2025-10-26 08:00:00+00:00,30.535,30.30993
2025-10-26 09:00:00+00:00,33.67666666666667,35.44337
2025-10-26 10:00:00+00:00,36.818333333333335,45.075356
2025-10-26 11:00:00+00:00,39.959999999999994,51.76186
2025-10-26 12:00:00+00:00,43.10166666666667,52.798866
2025-10-26 13:00:00+00:00,49.745937500000004,56.735596
2025-10-26 14:00:00+00:00,56.390208333333334,60.56856
2025-10-26 15:00:00+00:00,63.03447916666667,75.240005
2025-10-26 16:00:00+00:00,69.67875000000001,89.31332
2025-10-26 17:00:00+00:00,60.10875000000001,75.476105
2025-10-26 18:00:00+00:00,50.53875,60.640976
2025-10-26 19:00:00+00:00,40.96875,47.551647
2025-10-26 20:00:00+00:00,31.39875,33.40045
2025-10-26 21:00:00+00:00,30.9465625,32.166504
2025-10-26 22:00:00+00:00,30.494374999999998,31.412422
2025-10-26 23:00:00+00:00,30.0421875,30.033577
2025-10-27 00:00:00+00:00,29.59,29.345783
2025-10-27 01:00:00+00:00,31.5790625,30.713648
2025-10-27 02:00:00+00:00,33.568125,33.016808
2025-10-27 03:00:00+00:00,35.5571875,35.00695
2025-10-27 04:00:00+00:00,37.54624999999999,37.504837
2025-10-27 05:00:00+00:00,34.368125,36.892002
2025-10-27 06:00:00+00:00,31.189999999999998,35.530937
2025-10-27 07:00:00+00:00,28.263125,28.913399
2025-10-27 08:00:00+00:00,25.33625,21.465
2025-10-27 09:00:00+00:00,28.456354166666667,28.406258
2025-10-27 10:00:00+00:00,31.576458333333335,38.121372
2025-10-27 11:00:00+00:00,34.6965625,40.568573
2025-10-27 12:00:00+00:00,37.81666666666667,42.704735
2025-10-27 13:00:00+00:00,40.458125,48.853745
2025-10-27 14:00:00+00:00,43.09958333333333,55.011784
2025-10-27 15:00:00+00:00,45.74104166666667,58.058556
2025-10-27 16:00:00+00:00,48.3825,58.659462
2025-10-27 17:00:00+00:00,44.928125,53.380985
2025-10-27 18:00:00+00:00,41.473749999999995,47.958057
2025-10-27 19:00:00+00:00,38.019375,43.50125
2025-10-27 20:00:00+00:00,34.565,39.86378
2025-10-27 21:00:00+00:00,35.988749999999996,38.981804
2025-10-27 22:00:00+00:00,37.4125,38.955772
2025-10-27 23:00:00+00:00,38.83625,39.679634
2025-10-28 00:00:00+00:00,40.26,40.01513
2025-10-28 01:00:00+00:00,37.888437499999995,37.48945
2025-10-28 02:00:00+00:00,35.516875,35.826973
2025-10-28 03:00:00+00:00,33.1453125,35.04202
2025-10-28 04:00:00+00:00,30.77375,33.724964
2025-10-28 05:00:00+00:00,31.219375,32.60596
2025-10-28 06:00:00+00:00,31.665,31.42397
2025-10-28 07:00:00+00:00,32.480625,30.17427
2025-10-28 08:00:00+00:00,33.29625,30.404133
2025-10-28 09:00:00+00:00,34.3134375,33.50824
2025-10-28 10:00:00+00:00,35.330625,37.069294
2025-10-28 11:00:00+00:00,36.3478125,37.22467
2025-10-28 12:00:00+00:00,37.365,35.731873
2025-10-28 13:00:00+00:00,37.0084375,35.60008
2025-10-28 14:00:00+00:00,36.651875000000004,36.137405
2025-10-28 15:00:00+00:00,36.2953125,38.264133
2025-10-28 16:00:00+00:00,35.93875,40.80953
2025-10-28 17:00:00+00:00,36.230624999999996,43.07083
2025-10-28 18:00:00+00:00,36.522499999999994,44.86675
2025-10-28 19:00:00+00:00,36.814375,43.04626
2025-10-28 20:00:00+00:00,37.106249999999996,40.127586
2025-10-28 21:00:00+00:00,38.8846875,39.592285
2025-10-28 22:00:00+00:00,40.663124999999994,40.202847
2025-10-28 23:00:00+00:00,42.441562499999996,39.999527
2025-10-29 00:00:00+00:00,44.22,39.853233
2025-10-29 01:00:00+00:00,39.0078125,36.948303
2025-10-29 02:00:00+00:00,33.795625,32.625736
2025-10-29 03:00:00+00:00,28.5834375,29.36626
2025-10-29 04:00:00+00:00,23.37125,26.929653
2025-10-29 05:00:00+00:00,20.285625000000003,31.019608
2025-10-29 06:00:00+00:00,17.200000000000003,36.13225
2025-10-29 07:00:00+00:00,36.165625000000006,40.00518
2025-10-29 08:00:00+00:00,55.13125,43.368557
2025-10-29 09:00:00+00:00,52.50385416666667,45.06046
2025-10-29 10:00:00+00:00,49.87645833333333,46.465305
2025-10-29 11:00:00+00:00,47.2490625,45.200268
2025-10-29 12:00:00+00:00,44.62166666666666,44.112732
2025-10-29 13:00:00+00:00,43.789375,44.272
2025-10-29 14:00:00+00:00,42.95708333333333,44.181747
2025-10-29 15:00:00+00:00,42.12479166666667,43.88308
2025-10-29 16:00:00+00:00,41.2925,42.700146
2025-10-29 17:00:00+00:00,60.14750000000001,46.360363
2025-10-29 18:00:00+00:00,79.0025,50.996952
2025-10-29 19:00:00+00:00,97.85750000000002,57.037865
2025-10-29 20:00:00+00:00,116.7125,62.435276
2025-10-29 21:00:00+00:00,95.7915625,55.05851
2025-10-29 22:00:00+00:00,74.870625,48.102818
2025-10-29 23:00:00+00:00,53.9496875,38.466125
2025-10-30 00:00:00+00:00,33.02875,29.19381
2025-10-30 01:00:00+00:00,31.324687500000003,28.54068
2025-10-30 02:00:00+00:00,29.620625,27.816488
2025-10-30 03:00:00+00:00,27.916562499999998,26.652367
2025-10-30 04:00:00+00:00,26.2125,26.355326
2025-10-30 05:00:00+00:00,34.93375,23.223461
2025-10-30 06:00:00+00:00,43.655,23.125265
2025-10-30 07:00:00+00:00,61.57062500000001,42.154987
2025-10-30 08:00:00+00:00,79.48625,61.064396
2025-10-30 09:00:00+00:00,69.43677083333333,67.15872
2025-10-30 10:00:00+00:00,59.38729166666667,70.72465
2025-10-30 11:00:00+00:00,49.3378125,66.122116
2025-10-30 12:00:00+00:00,39.288333333333334,57.91486
2025-10-30 13:00:00+00:00,38.8140625,50.11089
2025-10-30 14:00:00+00:00,38.33979166666666,43.316223
2025-10-30 15:00:00+00:00,37.865520833333335,40.524773
2025-10-30 16:00:00+00:00,37.39125,39.55855
2025-10-30 17:00:00+00:00,39.3846875,41.66044
2025-10-30 18:00:00+00:00,41.378125,44.42747
2025-10-30 19:00:00+00:00,43.3715625,49.103535
2025-10-30 20:00:00+00:00,45.365,52.903183
2025-10-30 21:00:00+00:00,41.3646875,47.378536
2025-10-30 22:00:00+00:00,37.364375,41.773346
2025-10-30 23:00:00+00:00,33.3640625,35.94274
2025-10-31 00:00:00+00:00,29.36375,30.138638
2025-10-31 01:00:00+00:00,29.400937499999998,29.544085
2025-10-31 02:00:00+00:00,29.438125,30.004505
2025-10-31 03:00:00+00:00,29.4753125,30.077553
2025-10-31 04:00:00+00:00,29.5125,30.77602
2025-10-31 05:00:00+00:00,31.206249999999997,34.57011
2025-10-31 06:00:00+00:00,32.9,37.669178
2025-10-31 07:00:00+00:00,40.509375,39.09946
2025-10-31 08:00:00+00:00,48.11875,40.748962
2025-10-31 09:00:00+00:00,44.37322916666666,38.13515
2025-10-31 10:00:00+00:00,40.62770833333333,33.864124
2025-10-31 11:00:00+00:00,36.8821875,30.08372
2025-10-31 12:00:00+00:00,33.13666666666666,27.146225
2025-10-31 13:00:00+00:00,33.22624999999999,30.076614
2025-10-31 14:00:00+00:00,33.31583333333333,33.60667
2025-10-31 15:00:00+00:00,33.40541666666667,34.456886
2025-10-31 16:00:00+00:00,33.495,34.631176
2025-10-31 17:00:00+00:00,35.020937499999995,35.141663
2025-10-31 18:00:00+00:00,36.546875,36.670204
2025-10-31 19:00:00+00:00,38.07281249999999,38.480865
2025-10-31 20:00:00+00:00,39.598749999999995,40.112877
2025-10-31 21:00:00+00:00,37.5071875,39.675766
2025-10-31 22:00:00+00:00,35.415625,39.256786
2025-10-31 23:00:00+00:00,33.3240625,38.906532
2025-11-01 00:00:00+00:00,31.2325,38.56681
2025-11-01 01:00:00+00:00,34.226875,37.0169
2025-11-01 02:00:00+00:00,37.22125,36.24219
2025-11-01 03:00:00+00:00,40.215625,35.49454
2025-11-01 04:00:00+00:00,43.21,34.10275
2025-11-01 05:00:00+00:00,34.8425,33.322254
2025-11-01 06:00:00+00:00,26.475,33.087772
2025-11-01 07:00:00+00:00,32.23125,33.853664
2025-11-01 08:00:00+00:00,37.9875,34.35405
2025-11-01 09:00:00+00:00,39.46020833333333,35.39567
2025-11-01 10:00:00+00:00,40.932916666666664,37.141068
2025-11-01 11:00:00+00:00,42.405625,38.928307
2025-11-01 12:00:00+00:00,43.87833333333333,40.324284
2025-11-01 13:00:00+00:00,40.318437499999995,40.698257
2025-11-01 14:00:00+00:00,36.758541666666666,39.96721
2025-11-01 15:00:00+00:00,33.19864583333333,38.168312
2025-11-01 16:00:00+00:00,29.638749999999998,36.73541
2025-11-01 17:00:00+00:00,30.294375,34.458195
2025-11-01 18:00:00+00:00,30.949999999999996,33.151848
2025-11-01 19:00:00+00:00,31.605624999999996,32.9506
2025-11-01 20:00:00+00:00,32.26125,33.558937
2025-11-01 21:00:00+00:00,31.256249999999998,34.05761
2025-11-01 22:00:00+00:00,30.25125,33.419357
2025-11-01 23:00:00+00:00,29.24625,33.493046
2025-11-02 00:00:00+00:00,28.24125,33.233646
2025-11-02 01:00:00+00:00,32.8609375,36.373737
2025-11-02 02:00:00+00:00,37.480625,39.352745
2025-11-02 03:00:00+00:00,42.1003125,40.690758
2025-11-02 04:00:00+00:00,46.72,41.448414
2025-11-02 05:00:00+00:00,42.2395,34.92959
2025-11-02 06:00:00+00:00,37.759,28.382002
2025-11-02 07:00:00+00:00,33.278499999999994,26.929262
2025-11-02 08:00:00+00:00,28.798,26.489445
2025-11-02 09:00:00+00:00,24.3175,32.16873
2025-11-02 10:00:00+00:00,37.493541666666665,38.766678
2025-11-02 11:00:00+00:00,50.669583333333335,46.455833
2025-11-02 12:00:00+00:00,63.845625,53.183884
2025-11-02 13:00:00+00:00,77.02166666666666,51.211304
2025-11-02 14:00:00+00:00,67.77499999999999,47.232723
2025-11-02 15:00:00+00:00,58.528333333333336,41.28243
2025-11-02 16:00:00+00:00,49.281666666666666,36.94506
2025-11-02 17:00:00+00:00,40.035000000000004,36.238056
2025-11-02 18:00:00+00:00,38.0546875,34.747463
2025-11-02 19:00:00+00:00,36.074375,35.224598
2025-11-02 20:00:00+00:00,34.09406250000001,36.736652
2025-11-02 21:00:00+00:00,32.11375,42.499393
2025-11-02 22:00:00+00:00,34.726875,49.299694
2025-11-02 23:00:00+00:00,37.34,56.380043
2025-11-03 00:00:00+00:00,39.953125,61.976494
2025-11-03 01:00:00+00:00,42.56625,55.824493
2025-11-03 02:00:00+00:00,40.9253125,46.262398
2025-11-03 03:00:00+00:00,39.284375,35.64669
2025-11-03 04:00:00+00:00,37.6434375,27.932327
2025-11-03 05:00:00+00:00,36.0025,25.74321
2025-11-03 06:00:00+00:00,26.93125,22.661041
2025-11-03 07:00:00+00:00,17.86,25.100897
2025-11-03 08:00:00+00:00,25.596875,26.409885
2025-11-03 09:00:00+00:00,33.33375,31.063457
2025-11-03 10:00:00+00:00,52.13489583333334,50.02814
2025-11-03 11:00:00+00:00,70.93604166666668,69.095955
2025-11-03 12:00:00+00:00,89.7371875,91.05308
2025-11-03 13:00:00+00:00,108.53833333333334,97.36058
2025-11-03 14:00:00+00:00,90.63968750000001,79.82362
2025-11-03 15:00:00+00:00,72.74104166666666,63.2837
2025-11-03 16:00:00+00:00,54.84239583333335,49.50447
2025-11-03 17:00:00+00:00,36.94375,41.559578
2025-11-03 18:00:00+00:00,36.528125,40.527523
2025-11-03 19:00:00+00:00,36.1125,39.635372
2025-11-03 20:00:00+00:00,35.696875000000006,37.135166
2025-11-03 21:00:00+00:00,35.28125,35.58952
2025-11-03 22:00:00+00:00,35.8840625,35.46339
2025-11-03 23:00:00+00:00,36.486875,34.804127
2025-11-04 00:00:00+00:00,37.089687500000004,34.462177
2025-11-04 01:00:00+00:00,37.6925,33.608395
2025-11-04 02:00:00+00:00,35.8384375,32.888306
2025-11-04 03:00:00+00:00,33.984375,33.109116
2025-11-04 04:00:00+00:00,32.1303125,33.208603
2025-11-04 05:00:00+00:00,30.276249999999997,32.804226
2025-11-04 06:00:00+00:00,21.863124999999997,29.97106
2025-11-04 07:00:00+00:00,13.45,28.348999
2025-11-04 08:00:00+00:00,26.473125000000007,34.12271
2025-11-04 09:00:00+00:00,39.49625000000001,39.97358
2025-11-04 10:00:00+00:00,47.11927083333333,44.687958
2025-11-04 11:00:00+00:00,54.74229166666667,47.992374
2025-11-04 12:00:00+00:00,62.3653125,49.83478
2025-11-04 13:00:00+00:00,69.98833333333333,49.614273
2025-11-04 14:00:00+00:00,59.935312499999995,45.236282
2025-11-04 15:00:00+00:00,49.88229166666667,40.777615
2025-11-04 16:00:00+00:00,39.82927083333335,36.012947
2025-11-04 17:00:00+00:00,29.77625,32.101223
2025-11-04 18:00:00+00:00,29.830625,31.939533
2025-11-04 19:00:00+00:00,29.884999999999998,32.778633
2025-11-04 20:00:00+00:00,29.939375,32.628635
2025-11-04 21:00:00+00:00,29.99375,32.20778
2025-11-04 22:00:00+00:00,32.19625,32.973297
2025-11-04 23:00:00+00:00,34.39875,33.22182
2025-11-05 00:00:00+00:00,36.60125,34.509674
2025-11-05 01:00:00+00:00,38.80375,35.47756
2025-11-05 02:00:00+00:00,36.60374999999999,34.1897
2025-11-05 03:00:00+00:00,34.40375,32.062336
2025-11-05 04:00:00+00:00,32.20375,31.679073
2025-11-05 05:00:00+00:00,30.003750000000004,33.9148
2025-11-05 06:00:00+00:00,20.949375,28.276428
2025-11-05 07:00:00+00:00,11.895,26.178871
2025-11-05 08:00:00+00:00,31.65875,38.062607
2025-11-05 09:00:00+00:00,51.42249999999999,42.04205
2025-11-05 10:00:00+00:00,50.964375000000004,41.436676
2025-11-05 11:00:00+00:00,50.50625,41.75127
2025-11-05 12:00:00+00:00,50.048125,43.710754
2025-11-05 13:00:00+00:00,49.59,51.255146
2025-11-05 14:00:00+00:00,47.1240625,51.38656
2025-11-05 15:00:00+00:00,44.658125,50.246605
2025-11-05 16:00:00+00:00,42.1921875,50.986633
2025-11-05 17:00:00+00:00,39.72625,44.21778
2025-11-05 18:00:00+00:00,36.2328125,37.892624
2025-11-05 19:00:00+00:00,32.739375,33.452282
2025-11-05 20:00:00+00:00,29.2459375,28.915813
2025-11-05 21:00:00+00:00,25.7525,27.86792
2025-11-05 22:00:00+00:00,26.343125,27.658083
2025-11-05 23:00:00+00:00,26.933750000000003,27.350525
2025-11-06 00:00:00+00:00,27.524375000000003,28.097675
2025-11-06 01:00:00+00:00,28.115000000000002,30.168291
2025-11-06 02:00:00+00:00,27.527812500000003,30.182655
2025-11-06 03:00:00+00:00,26.940625,28.948586
2025-11-06 04:00:00+00:00,26.3534375,29.146461
2025-11-06 05:00:00+00:00,25.76625,29.997055
2025-11-06 06:00:00+00:00,31.220625,22.9344
2025-11-06 07:00:00+00:00,36.675,18.121908
2025-11-06 08:00:00+00:00,66.250625,36.847107
2025-11-06 09:00:00+00:00,95.82625,53.106182
2025-11-06 10:00:00+00:00,79.9071875,49.716625
2025-11-06 11:00:00+00:00,63.988125,43.69436
2025-11-06 12:00:00+00:00,48.0690625,37.055588
2025-11-06 13:00:00+00:00,32.15,31.750734
2025-11-06 14:00:00+00:00,39.2503125,42.56724
2025-11-06 15:00:00+00:00,46.350624999999994,54.19861
2025-11-06 16:00:00+00:00,53.450937499999995,67.62241
2025-11-06 17:00:00+00:00,60.551249999999996,81.75061
2025-11-06 18:00:00+00:00,54.06125,71.4377
2025-11-06 19:00:00+00:00,47.57125,59.477947
2025-11-06 20:00:00+00:00,41.08125,48.475876
2025-11-06 21:00:00+00:00,34.59125,37.124355
2025-11-06 22:00:00+00:00,34.235625,35.296417
2025-11-06 23:00:00+00:00,33.88,33.10189
2025-11-07 00:00:00+00:00,33.524375000000006,33.574875
2025-11-07 01:00:00+00:00,33.16875,34.18818
2025-11-07 02:00:00+00:00,33.761875,35.85742
2025-11-07 03:00:00+00:00,34.355000000000004,37.48147
2025-11-07 04:00:00+00:00,34.948125,38.446316
2025-11-07 05:00:00+00:00,35.54125,38.565063
2025-11-07 06:00:00+00:00,29.483125,36.594166
2025-11-07 07:00:00+00:00,23.425,37.37459
2025-11-07 08:00:00+00:00,33.85875,47.114555
2025-11-07 09:00:00+00:00,44.2925,50.725502
2025-11-07 10:00:00+00:00,42.556041666666665,45.89367
2025-11-07 11:00:00+00:00,40.81958333333333,41.91234
2025-11-07 12:00:00+00:00,39.083124999999995,40.350967
2025-11-07 13:00:00+00:00,37.346666666666664,39.479515
2025-11-07 14:00:00+00:00,52.5159375,44.974815
2025-11-07 15:00:00+00:00,67.68520833333334,51.90346
2025-11-07 16:00:00+00:00,82.85447916666666,62.7192
2025-11-07 17:00:00+00:00,98.02375,73.42702
2025-11-07 18:00:00+00:00,81.53875000000001,64.42058
2025-11-07 19:00:00+00:00,65.05375000000001,54.33404
2025-11-07 20:00:00+00:00,48.56875000000001,45.567608
2025-11-07 21:00:00+00:00,32.08375,36.33083
2025-11-07 22:00:00+00:00,33.017187500000006,36.571167
2025-11-07 23:00:00+00:00,33.950625,36.351055
2025-11-08 00:00:00+00:00,34.8840625,36.23841
2025-11-08 01:00:00+00:00,35.8175,34.80625
2025-11-08 02:00:00+00:00,35.3484375,34.574154
2025-11-08 03:00:00+00:00,34.879374999999996,34.39592
2025-11-08 04:00:00+00:00,34.410312499999996,35.15767
2025-11-08 05:00:00+00:00,33.94125,34.95961
2025-11-08 06:00:00+00:00,40.140625,27.829002
2025-11-08 07:00:00+00:00,46.34,21.383911
2025-11-08 08:00:00+00:00,40.837500000000006,28.334608
2025-11-08 09:00:00+00:00,35.335,35.446033
2025-11-08 10:00:00+00:00,39.38916666666667,37.673058
2025-11-08 11:00:00+00:00,43.443333333333335,39.51045
2025-11-08 12:00:00+00:00,47.4975,42.899925
2025-11-08 13:00:00+00:00,51.55166666666667,45.002827
2025-11-08 14:00:00+00:00,50.865625,50.302067
2025-11-08 15:00:00+00:00,50.17958333333334,56.824852
2025-11-08 16:00:00+00:00,49.49354166666667,64.99193
2025-11-08 17:00:00+00:00,48.807500000000005,72.78356
2025-11-08 18:00:00+00:00,43.49125,60.650017
2025-11-08 19:00:00+00:00,38.175000000000004,47.9485
2025-11-08 20:00:00+00:00,32.85875,38.99174
2025-11-08 21:00:00+00:00,27.5425,29.64032
2025-11-08 22:00:00+00:00,28.0796875,30.081188
2025-11-08 23:00:00+00:00,28.616875,29.45989
2025-11-09 00:00:00+00:00,29.154062500000002,30.53198
2025-11-09 01:00:00+00:00,29.69125,32.14136
2025-11-09 02:00:00+00:00,31.06,32.73873
2025-11-09 03:00:00+00:00,32.42875,33.471397
2025-11-09 04:00:00+00:00,33.7975,33.128075
2025-11-09 05:00:00+00:00,35.16625,33.62441
2025-11-09 06:00:00+00:00,28.378125,35.8471
2025-11-09 07:00:00+00:00,21.590000000000003,37.54213
2025-11-09 08:00:00+00:00,25.6975,35.957428
2025-11-09 09:00:00+00:00,29.805,32.72508
2025-11-09 10:00:00+00:00,47.235,40.5131
2025-11-09 11:00:00+00:00,64.66499999999999,52.22058
2025-11-09 12:00:00+00:00,82.095,69.46504
2025-11-09 13:00:00+00:00,99.52499999999999,84.532234
2025-11-09 14:00:00+00:00,84.0421875,76.981
2025-11-09 15:00:00+00:00,68.55937499999999,66.40113
2025-11-09 16:00:00+00:00,53.076562499999994,53.441055
2025-11-09 17:00:00+00:00,37.59375,41.820892
2025-11-09 18:00:00+00:00,36.79625,39.458138
2025-11-09 19:00:00+00:00,35.99875,37.99043
2025-11-09 20:00:00+00:00,35.20125,36.963993
2025-11-09 21:00:00+00:00,34.40375,35.370483
2025-11-09 22:00:00+00:00,31.7734375,32.80799
2025-11-09 23:00:00+00:00,29.143125,31.133137
2025-11-10 00:00:00+00:00,26.512812500000006,28.911253
2025-11-10 01:00:00+00:00,23.8825,26.348656
2025-11-10 02:00:00+00:00,24.719375,27.474098
2025-11-10 03:00:00+00:00,25.55625,27.82302
2025-11-10 04:00:00+00:00,26.393125,27.591888
2025-11-10 05:00:00+00:00,27.23,27.320398
2025-11-10 06:00:00+00:00,39.93,20.75092
2025-11-10 07:00:00+00:00,52.63,14.379574
2025-11-10 08:00:00+00:00,41.125,21.339241
2025-11-10 09:00:00+00:00,29.619999999999997,30.462254
2025-11-10 10:00:00+00:00,51.17583333333333,57.903515
2025-11-10 11:00:00+00:00,72.73166666666665,79.37485
2025-11-10 12:00:00+00:00,94.2875,102.49722
2025-11-10 13:00:00+00:00,115.84333333333332,137.35353
2025-11-10 14:00:00+00:00,93.6078125,113.20056
2025-11-10 15:00:00+00:00,71.37229166666665,81.999596
2025-11-10 16:00:00+00:00,49.13677083333333,56.979794
2025-11-10 17:00:00+00:00,26.90125,29.908684
2025-11-10 18:00:00+00:00,33.25625,31.458307
2025-11-10 19:00:00+00:00,39.61125,35.842777
2025-11-10 20:00:00+00:00,45.96625000000001,41.183468
2025-11-10 21:00:00+00:00,52.32125,46.303177
2025-11-10 22:00:00+00:00,46.5034375,43.145935
2025-11-10 23:00:00+00:00,40.685625,40.38993
2025-11-11 00:00:00+00:00,34.8678125,36.408104
2025-11-11 01:00:00+00:00,29.05,31.679277
2025-11-11 02:00:00+00:00,31.9565625,31.540821
2025-11-11 03:00:00+00:00,34.863125000000004,30.334526
2025-11-11 04:00:00+00:00,37.7696875,30.798023
2025-11-11 05:00:00+00:00,40.67625,32.771416
2025-11-11 06:00:00+00:00,28.055625000000003,35.498844
2025-11-11 07:00:00+00:00,15.435000000000002,41.37984
2025-11-11 08:00:00+00:00,29.66375,43.6073
2025-11-11 09:00:00+00:00,43.8925,41.95557
2025-11-11 10:00:00+00:00,47.318125,48.08435
2025-11-11 11:00:00+00:00,50.74375,53.354137
2025-11-11 12:00:00+00:00,54.169375,55.56353
2025-11-11 13:00:00+00:00,57.595,61.313194
2025-11-11 14:00:00+00:00,51.9984375,53.732727
2025-11-11 15:00:00+00:00,46.401875000000004,46.170475
2025-11-11 16:00:00+00:00,40.8053125,40.307743
2025-11-11 17:00:00+00:00,35.20875,32.325363
2025-11-11 18:00:00+00:00,44.5215625,44.5976
2025-11-11 19:00:00+00:00,53.834374999999994,57.40992
2025-11-11 20:00:00+00:00,63.147187499999994,70.13226
2025-11-11 21:00:00+00:00,72.46,83.252625
2025-11-11 22:00:00+00:00,61.376250000000006,71.86378
2025-11-11 23:00:00+00:00,50.2925,55.819008
2025-11-12 00:00:00+00:00,39.208749999999995,43.057693
2025-11-12 01:00:00+00:00,28.125000000000004,29.904106
2025-11-12 02:00:00+00:00,30.073125,31.40097
2025-11-12 03:00:00+00:00,32.02125,33.35693
2025-11-12 04:00:00+00:00,33.969375,34.52508
2025-11-12 05:00:00+00:00,35.917500000000004,35.89774
2025-11-12 06:00:00+00:00,29.58625,31.627546
2025-11-12 07:00:00+00:00,23.255,27.578533
2025-11-12 08:00:00+00:00,34.649375,43.042973
2025-11-12 09:00:00+00:00,46.043749999999996,61.078827
2025-11-12 10:00:00+00:00,46.254062499999996,63.728638
2025-11-12 11:00:00+00:00,46.464375,62.92254
2025-11-12 12:00:00+00:00,46.6746875,62.602345
2025-11-12 13:00:00+00:00,46.885,64.01316
2025-11-12 14:00:00+00:00,46.0340625,58.316288
2025-11-12 15:00:00+00:00,45.183125000000004,51.727467
2025-11-12 16:00:00+00:00,44.3321875,46.48222
2025-11-12 17:00:00+00:00,43.48125,40.581863
2025-11-12 18:00:00+00:00,41.7465625,39.95045
2025-11-12 19:00:00+00:00,40.011875,39.5174
2025-11-12 20:00:00+00:00,38.2771875,39.72477
2025-11-12 21:00:00+00:00,36.5425,39.434715
2025-11-12 22:00:00+00:00,34.0390625,35.045166
2025-11-12 23:00:00+00:00,31.535625,32.23899
2025-11-13 00:00:00+00:00,29.0321875,29.50605
2025-11-13 01:00:00+00:00,26.528750000000002,25.895039
2025-11-13 02:00:00+00:00,27.244375,26.50608
2025-11-13 03:00:00+00:00,27.96,27.011229
2025-11-13 04:00:00+00:00,28.675624999999997,29.64
2025-11-13 05:00:00+00:00,29.39125,32.520443
2025-11-13 06:00:00+00:00,27.033125,29.677994
2025-11-13 07:00:00+00:00,24.675,27.577114
2025-11-13 08:00:00+00:00,27.99875,33.94737
2025-11-13 09:00:00+00:00,31.3225,39.462444
2025-11-13 10:00:00+00:00,34.08895833333333,41.085075
2025-11-13 11:00:00+00:00,36.85541666666666,42.030052
2025-11-13 12:00:00+00:00,39.621874999999996,40.8625
2025-11-13 13:00:00+00:00,42.38833333333333,40.240784
2025-11-13 14:00:00+00:00,50.6196875,50.796844
2025-11-13 15:00:00+00:00,58.85104166666666,62.403934
2025-11-13 16:00:00+00:00,67.08239583333332,67.361435
2025-11-13 17:00:00+00:00,75.31375,70.007935
2025-11-13 18:00:00+00:00,63.79624999999999,59.588364
2025-11-13 19:00:00+00:00,52.27875,48.993073
2025-11-13 20:00:00+00:00,40.76125,39.26862
2025-11-13 21:00:00+00:00,29.24375,28.930172
2025-11-13 22:00:00+00:00,29.9359375,29.962055
2025-11-13 23:00:00+00:00,30.628125,30.5149
2025-11-14 00:00:00+00:00,31.320312500000004,30.314064
2025-11-14 01:00:00+00:00,32.0125,31.907635
2025-11-14 02:00:00+00:00,29.696875000000002,33.2463
2025-11-14 03:00:00+00:00,27.38125,33.11104
2025-11-14 04:00:00+00:00,25.065625,30.832699
2025-11-14 05:00:00+00:00,22.749999999999996,27.958694
2025-11-14 06:00:00+00:00,19.23,23.186687
2025-11-14 07:00:00+00:00,15.71,18.390291
2025-11-14 08:00:00+00:00,26.398125,24.913782
2025-11-14 09:00:00+00:00,37.08625,34.873592
2025-11-14 10:00:00+00:00,36.84677083333334,42.62125
2025-11-14 11:00:00+00:00,36.60729166666666,50.17181
2025-11-14 12:00:00+00:00,36.3678125,53.811493
2025-11-14 13:00:00+00:00,36.12833333333334,53.275593
2025-11-14 14:00:00+00:00,52.294375,60.877422
2025-11-14 15:00:00+00:00,68.46041666666667,68.25655
2025-11-14 16:00:00+00:00,84.62645833333333,76.038666
2025-11-14 17:00:00+00:00,100.79249999999998,85.81154
2025-11-14 18:00:00+00:00,81.295625,70.52211
2025-11-14 19:00:00+00:00,61.79875,53.484127
2025-11-14 20:00:00+00:00,42.301875,38.91546
2025-11-14 21:00:00+00:00,22.805,23.472408
2025-11-14 22:00:00+00:00,28.354687499999997,28.648478
2025-11-14 23:00:00+00:00,33.904375,34.63664
2025-11-15 00:00:00+00:00,39.4540625,40.62412
2025-11-15 01:00:00+00:00,45.00375,48.022366
2025-11-15 02:00:00+00:00,40.9953125,44.634926
2025-11-15 03:00:00+00:00,36.986875,39.934784
2025-11-15 04:00:00+00:00,32.9784375,36.021713
2025-11-15 05:00:00+00:00,28.97,32.420273
2025-11-15 06:00:00+00:00,20.095,31.204247
2025-11-15 07:00:00+00:00,11.219999999999999,30.66949
2025-11-15 08:00:00+00:00,29.51625,35.52144
2025-11-15 09:00:00+00:00,47.8125,41.096
2025-11-15 10:00:00+00:00,48.883125,41.344833
2025-11-15 11:00:00+00:00,49.95375,40.928246
2025-11-15 12:00:00+00:00,51.024375,44.94689
2025-11-15 13:00:00+00:00,52.095,49.277252
2025-11-15 14:00:00+00:00,50.7875,51.664787
2025-11-15 15:00:00+00:00,49.480000000000004,54.047913
2025-11-15 16:00:00+00:00,48.1725,54.90565
2025-11-15 17:00:00+00:00,46.865,56.239822
2025-11-15 18:00:00+00:00,42.983125,49.512024
2025-11-15 19:00:00+00:00,39.10125,42.500565
2025-11-15 20:00:00+00:00,35.219375,36.0747
2025-11-15 21:00:00+00:00,31.3375,28.357605
2025-11-15 22:00:00+00:00,36.550625,35.0276
2025-11-15 23:00:00+00:00,41.76375,42.208588
2025-11-16 00:00:00+00:00,46.976875,50.338615
2025-11-16 01:00:00+00:00,52.19,60.69087
2025-11-16 02:00:00+00:00,46.0546875,54.774937
2025-11-16 03:00:00+00:00,39.919375,48.394943
2025-11-16 04:00:00+00:00,33.7840625,41.72343
2025-11-16 05:00:00+00:00,27.64875,33.100853
2025-11-16 06:00:00+00:00,29.171875,25.406347
2025-11-16 07:00:00+00:00,30.695,16.82089
2025-11-16 08:00:00+00:00,37.876875,27.425251
2025-11-16 09:00:00+00:00,45.05875,43.458946
2025-11-16 10:00:00+00:00,46.11697916666667,44.851624
2025-11-16 11:00:00+00:00,47.17520833333333,44.233086
2025-11-16 12:00:00+00:00,48.2334375,48.78199
2025-11-16 13:00:00+00:00,49.291666666666664,51.265358
2025-11-16 14:00:00+00:00,46.3034375,51.963318
2025-11-16 15:00:00+00:00,43.31520833333333,50.979004
2025-11-16 16:00:00+00:00,40.32697916666665,47.218914
2025-11-16 17:00:00+00:00,37.33875,43.314526
2025-11-16 18:00:00+00:00,36.9459375,41.996178
2025-11-16 19:00:00+00:00,36.553124999999994,43.043964
2025-11-16 20:00:00+00:00,36.160312499999996,42.213634
2025-11-16 21:00:00+00:00,35.7675,39.772305
2025-11-16 22:00:00+00:00,34.57125,38.89087
2025-11-16 23:00:00+00:00,33.375,37.17566
2025-11-17 00:00:00+00:00,32.17875,36.53402
2025-11-17 01:00:00+00:00,30.9825,34.67682
2025-11-17 02:00:00+00:00,30.008125,33.556084
2025-11-17 03:00:00+00:00,29.03375,31.921825
2025-11-17 04:00:00+00:00,28.059375000000003,29.602493
2025-11-17 05:00:00+00:00,27.085,28.437756
2025-11-17 06:00:00+00:00,28.7275,26.101639
2025-11-17 07:00:00+00:00,30.37,24.60933
2025-11-17 08:00:00+00:00,31.550625000000004,28.642181
2025-11-17 09:00:00+00:00,32.73125,31.73145
2025-11-17 10:00:00+00:00,34.749270833333334,32.661564
2025-11-17 11:00:00+00:00,36.767291666666665,35.38905
2025-11-17 12:00:00+00:00,38.7853125,38.651424
2025-11-17 13:00:00+00:00,40.803333333333335,41.138935
2025-11-17 14:00:00+00:00,38.864375,40.434692
2025-11-17 15:00:00+00:00,36.92541666666666,39.718475
2025-11-17 16:00:00+00:00,34.98645833333333,39.77737
2025-11-17 17:00:00+00:00,33.0475,38.643063
2025-11-17 18:00:00+00:00,38.2209375,43.035225
2025-11-17 19:00:00+00:00,43.394375,47.425552
2025-11-17 20:00:00+00:00,48.5678125,49.546
2025-11-17 21:00:00+00:00,53.741249999999994,51.24679
2025-11-17 22:00:00+00:00,47.1665625,44.40814
2025-11-17 23:00:00+00:00,40.591874999999995,38.7065
2025-11-18 00:00:00+00:00,34.0171875,32.58178
2025-11-18 01:00:00+00:00,27.4425,25.686378
2025-11-18 02:00:00+00:00,28.263125,28.22079
2025-11-18 03:00:00+00:00,29.083750000000002,30.474163
2025-11-18 04:00:00+00:00,29.904375,31.515442
2025-11-18 05:00:00+00:00,30.725,33.843525
2025-11-18 06:00:00+00:00,29.7525,30.594856
2025-11-18 07:00:00+00:00,28.78,26.901897
2025-11-18 08:00:00+00:00,25.668750000000003,26.303696
2025-11-18 09:00:00+00:00,22.5575,27.004442
2025-11-18 10:00:00+00:00,26.166874999999997,30.62037
2025-11-18 11:00:00+00:00,29.776249999999997,34.938423
2025-11-18 12:00:00+00:00,33.385625,39.821323
2025-11-18 13:00:00+00:00,36.995,43.55722
2025-11-18 14:00:00+00:00,36.73,41.63989
2025-11-18 15:00:00+00:00,36.465,39.155743
2025-11-18 16:00:00+00:00,36.2,35.728683
2025-11-18 17:00:00+00:00,35.935,32.951508
2025-11-18 18:00:00+00:00,47.71125,42.636524
2025-11-18 19:00:00+00:00,59.487500000000004,51.963676
2025-11-18 20:00:00+00:00,71.26375,60.85557
2025-11-18 21:00:00+00:00,83.04,69.50591
2025-11-18 22:00:00+00:00,67.5165625,60.28691
2025-11-18 23:00:00+00:00,51.993125000000006,50.641098
2025-11-19 00:00:00+00:00,36.4696875,38.752083
2025-11-19 01:00:00+00:00,20.94625,25.183851
2025-11-19 02:00:00+00:00,26.502812499999997,28.530506
2025-11-19 03:00:00+00:00,32.059375,32.569702
2025-11-19 04:00:00+00:00,37.6159375,37.735077
2025-11-19 05:00:00+00:00,43.1725,43.19874
2025-11-19 06:00:00+00:00,38.37875,36.222584
2025-11-19 07:00:00+00:00,33.585,29.280598
2025-11-19 08:00:00+00:00,31.580625,27.620314
2025-11-19 09:00:00+00:00,29.57625,25.710175
2025-11-19 10:00:00+00:00,39.7471875,30.969234
2025-11-19 11:00:00+00:00,49.918125,37.53016
2025-11-19 12:00:00+00:00,60.08906250000001,45.675182
2025-11-19 13:00:00+00:00,70.26,52.670765
2025-11-19 14:00:00+00:00,62.9284375,51.595913
2025-11-19 15:00:00+00:00,55.596875000000004,50.389557
2025-11-19 16:00:00+00:00,48.26531250000001,47.41835
2025-11-19 17:00:00+00:00,40.93375,43.28361
2025-11-19 18:00:00+00:00,42.14812500000001,43.2425
2025-11-19 19:00:00+00:00,43.362500000000004,42.914177
2025-11-19 20:00:00+00:00,44.576875,41.32318
2025-11-19 21:00:00+00:00,45.791250000000005,39.871655
2025-11-19 22:00:00+00:00,41.829687500000006,37.557255
2025-11-19 23:00:00+00:00,37.868125000000006,36.50798
2025-11-20 00:00:00+00:00,33.9065625,34.461334
2025-11-20 01:00:00+00:00,29.945,28.25584
2025-11-20 02:00:00+00:00,33.0134375,32.553776
2025-11-20 03:00:00+00:00,36.081875,39.082558
2025-11-20 04:00:00+00:00,39.1503125,45.524456
2025-11-20 05:00:00+00:00,42.21875,50.90594
2025-11-20 06:00:00+00:00,40.286875,42.57188
2025-11-20 07:00:00+00:00,38.355000000000004,32.57573
2025-11-20 08:00:00+00:00,35.86125,30.866186
2025-11-20 09:00:00+00:00,33.3675,30.626308
2025-11-20 10:00:00+00:00,40.33020833333333,36.43964
2025-11-20 11:00:00+00:00,47.29291666666667,40.85908
2025-11-20 12:00:00+00:00,54.255625,45.764565
2025-11-20 13:00:00+00:00,61.218333333333334,52.673977
2025-11-20 14:00:00+00:00,55.971875,51.75426
2025-11-20 15:00:00+00:00,50.72541666666667,48.487747
2025-11-20 16:00:00+00:00,45.47895833333334,44.94098
2025-11-20 17:00:00+00:00,40.2325,40.96574
2025-11-20 18:00:00+00:00,38.33624999999999,39.77915
2025-11-20 19:00:00+00:00,36.44,39.415764
2025-11-20 20:00:00+00:00,34.54375,38.726967
2025-11-20 21:00:00+00:00,32.6475,37.81275
2025-11-20 22:00:00+00:00,32.7115625,37.921978
2025-11-20 23:00:00+00:00,32.775625000000005,37.892
2025-11-21 00:00:00+00:00,32.839687500000004,36.8143
2025-11-21 01:00:00+00:00,32.90375,35.63794
2025-11-21 02:00:00+00:00,32.719375,34.26067
2025-11-21 03:00:00+00:00,32.535,33.187138
2025-11-21 04:00:00+00:00,32.350625,32.386
2025-11-21 05:00:00+00:00,32.16625,31.773787
2025-11-21 06:00:00+00:00,33.235625,30.395424
2025-11-21 07:00:00+00:00,34.305,29.141077
2025-11-21 08:00:00+00:00,35.87250000000001,30.50428
2025-11-21 09:00:00+00:00,37.44,32.044514
2025-11-21 10:00:00+00:00,38.11416666666666,33.261208
2025-11-21 11:00:00+00:00,38.78833333333333,34.756252
2025-11-21 12:00:00+00:00,39.4625,36.20545
2025-11-21 13:00:00+00:00,40.13666666666666,38.899136
2025-11-21 14:00:00+00:00,37.3659375,40.980362
2025-11-21 15:00:00+00:00,34.59520833333333,42.38187
2025-11-21 16:00:00+00:00,31.824479166666666,42.370674
2025-11-21 17:00:00+00:00,29.05375,41.353485
2025-11-21 18:00:00+00:00,29.19375,38.95173
2025-11-21 19:00:00+00:00,29.333750000000002,36.467117
2025-11-21 20:00:00+00:00,29.47375,34.55734
2025-11-21 21:00:00+00:00,29.61375,32.728394
2025-11-21 22:00:00+00:00,32.01,33.784115
2025-11-21 23:00:00+00:00,34.40625,36.592125
2025-11-22 00:00:00+00:00,36.8025,41.38855
2025-11-22 01:00:00+00:00,39.198750000000004,44.546364
2025-11-22 02:00:00+00:00,36.1928125,40.65408
2025-11-22 03:00:00+00:00,33.186875,36.431717
2025-11-22 04:00:00+00:00,30.180937500000002,33.515327
2025-11-22 05:00:00+00:00,27.175,30.127758
2025-11-22 06:00:00+00:00,35.545,29.630243
2025-11-22 07:00:00+00:00,43.915000000000006,30.68469
2025-11-22 08:00:00+00:00,41.17625,34.169804
2025-11-22 09:00:00+00:00,38.4375,37.15249
2025-11-22 10:00:00+00:00,35.91229166666667,37.311817
2025-11-22 11:00:00+00:00,33.38708333333334,36.316216
2025-11-22 12:00:00+00:00,30.861875,34.565693
2025-11-22 13:00:00+00:00,28.33666666666667,32.689438
2025-11-22 14:00:00+00:00,31.153125000000003,31.596155
2025-11-22 15:00:00+00:00,33.96958333333333,31.244284
2025-11-22 16:00:00+00:00,36.78604166666666,30.771088
2025-11-22 17:00:00+00:00,39.6025,30.19755
2025-11-22 18:00:00+00:00,37.9375,30.645569
2025-11-22 19:00:00+00:00,36.2725,31.003761
2025-11-22 20:00:00+00:00,34.6075,31.912802
2025-11-22 21:00:00+00:00,32.9425,33.176044
2025-11-22 22:00:00+00:00,37.330937500000005,40.936436
2025-11-22 23:00:00+00:00,41.719375,47.301407
2025-11-23 00:00:00+00:00,46.1078125,52.339493
2025-11-23 01:00:00+00:00,50.49625,53.699104
2025-11-23 02:00:00+00:00,43.2415625,44.202827
2025-11-23 03:00:00+00:00,35.986875,35.532112
2025-11-23 04:00:00+00:00,28.732187500000002,31.823036
2025-11-23 05:00:00+00:00,21.4775,27.904606
2025-11-23 06:00:00+00:00,31.451249999999998,39.247192
2025-11-23 07:00:00+00:00,41.425,51.705906
2025-11-23 08:00:00+00:00,42.58687499999999,53.06472
2025-11-23 09:00:00+00:00,43.74875,52.05312
2025-11-23 10:00:00+00:00,43.9128125,45.7566
2025-11-23 11:00:00+00:00,44.076874999999994,40.670025
2025-11-23 12:00:00+00:00,44.2409375,37.17583
2025-11-23 13:00:00+00:00,44.404999999999994,33.55195
2025-11-23 14:00:00+00:00,44.8765625,41.791546
2025-11-23 15:00:00+00:00,45.348124999999996,51.682156
2025-11-23 16:00:00+00:00,45.8196875,63.339546
2025-11-23 17:00:00+00:00,46.29125,70.962494
2025-11-23 18:00:00+00:00,43.853125,58.047646
2025-11-23 19:00:00+00:00,41.415,47.19506
2025-11-23 20:00:00+00:00,38.976875,41.550896
2025-11-23 21:00:00+00:00,36.53875,36.338917
2025-11-23 22:00:00+00:00,37.667500000000004,36.99517
2025-11-23 23:00:00+00:00,38.79625,38.04538
2025-11-24 00:00:00+00:00,39.925,38.20325
2025-11-24 01:00:00+00:00,41.05375,37.69662
2025-11-24 02:00:00+00:00,38.8534375,37.535755
2025-11-24 03:00:00+00:00,36.653125,35.912144
2025-11-24 04:00:00+00:00,34.4528125,31.961327
2025-11-24 05:00:00+00:00,32.2525,28.667099
2025-11-24 06:00:00+00:00,33.46125,35.15051
2025-11-24 07:00:00+00:00,34.67,43.370953
2025-11-24 08:00:00+00:00,39.453125,45.27733
2025-11-24 09:00:00+00:00,44.23625,47.69691
2025-11-24 10:00:00+00:00,44.11927083333333,46.19754
2025-11-24 11:00:00+00:00,44.002291666666665,43.05255
2025-11-24 12:00:00+00:00,43.885312500000005,41.029663
2025-11-24 13:00:00+00:00,43.76833333333334,38.2481
2025-11-24 14:00:00+00:00,44.925000000000004,40.836994
2025-11-24 15:00:00+00:00,46.08166666666667,43.42635
2025-11-24 16:00:00+00:00,47.23833333333334,46.5346
2025-11-24 17:00:00+00:00,48.395,48.600967
2025-11-24 18:00:00+00:00,45.151562500000004,45.498127
2025-11-24 19:00:00+00:00,41.908125,44.07229
2025-11-24 20:00:00+00:00,38.6646875,41.490685
2025-11-24 21:00:00+00:00,35.42125,38.162605
2025-11-24 22:00:00+00:00,34.6421875,36.61135
2025-11-24 23:00:00+00:00,33.863125,35.146183
2025-11-25 00:00:00+00:00,33.0840625,34.326366
2025-11-25 01:00:00+00:00,32.305,33.529217
2025-11-25 02:00:00+00:00,32.7671875,34.218742
2025-11-25 03:00:00+00:00,33.229375000000005,35.098045
2025-11-25 04:00:00+00:00,33.6915625,34.75644
2025-11-25 05:00:00+00:00,34.15375,34.144005
2025-11-25 06:00:00+00:00,45.046875,34.421623
2025-11-25 07:00:00+00:00,55.94,34.63357
2025-11-25 08:00:00+00:00,46.85625,35.112247
2025-11-25 09:00:00+00:00,37.7725,36.455727
2025-11-25 10:00:00+00:00,41.888125,38.860466
2025-11-25 11:00:00+00:00,46.00375,40.297718
2025-11-25 12:00:00+00:00,50.11937499999999,43.187992
2025-11-25 13:00:00+00:00,54.23499999999999,45.253944
2025-11-25 14:00:00+00:00,48.88312499999999,41.95737
2025-11-25 15:00:00+00:00,43.53125,39.321243
2025-11-25 16:00:00+00:00,38.179375,38.400005
2025-11-25 17:00:00+00:00,32.8275,37.48807
2025-11-25 18:00:00+00:00,31.1721875,35.57372
2025-11-25 19:00:00+00:00,29.516875,33.664665
2025-11-25 20:00:00+00:00,27.8615625,31.120686
2025-11-25 21:00:00+00:00,26.20625,28.887705
2025-11-25 22:00:00+00:00,27.098750000000003,27.978512
2025-11-25 23:00:00+00:00,27.991249999999997,27.704788
2025-11-26 00:00:00+00:00,28.88375,28.45325
2025-11-26 01:00:00+00:00,29.77625,32.37745
2025-11-26 02:00:00+00:00,30.836875,35.220367
2025-11-26 03:00:00+00:00,31.8975,38.263584
2025-11-26 04:00:00+00:00,32.958124999999995,39.135914
2025-11-26 05:00:00+00:00,34.01875,40.56424
2025-11-26 06:00:00+00:00,26.914375,40.431736
2025-11-26 07:00:00+00:00,19.810000000000002,40.32632
2025-11-26 08:00:00+00:00,27.942500000000003,39.34008
2025-11-26 09:00:00+00:00,36.075,36.720104
2025-11-26 10:00:00+00:00,39.518750000000004,45.72098
2025-11-26 11:00:00+00:00,42.962500000000006,55.681007
2025-11-26 12:00:00+00:00,46.40625,55.128845
2025-11-26 13:00:00+00:00,49.85,50.438324
2025-11-26 14:00:00+00:00,43.80375,41.201828
2025-11-26 15:00:00+00:00,37.7575,33.806206
2025-11-26 16:00:00+00:00,31.71125,30.09881
2025-11-26 17:00:00+00:00,25.665,27.003494
2025-11-26 18:00:00+00:00,28.634375,29.7393
2025-11-26 19:00:00+00:00,31.603749999999998,32.964725
2025-11-26 20:00:00+00:00,34.573125,33.801994
2025-11-26 21:00:00+00:00,37.5425,34.663067
2025-11-26 22:00:00+00:00,36.060937499999994,34.396385
2025-11-26 23:00:00+00:00,34.579375,34.352043
2025-11-27 00:00:00+00:00,33.0978125,34.39337
2025-11-27 01:00:00+00:00,31.61625,32.29917
2025-11-27 02:00:00+00:00,34.965625,34.430622
2025-11-27 03:00:00+00:00,38.315,36.544582
2025-11-27 04:00:00+00:00,41.664375,38.183517
2025-11-27 05:00:00+00:00,45.01375,39.181503
2025-11-27 06:00:00+00:00,38.509375000000006,32.565422
2025-11-27 07:00:00+00:00,32.005,25.582203
2025-11-27 08:00:00+00:00,31.070625,29.950974
2025-11-27 09:00:00+00:00,30.13625,35.449375
2025-11-27 10:00:00+00:00,34.2671875,40.248
2025-11-27 11:00:00+00:00,38.398125,44.528107
2025-11-27 12:00:00+00:00,42.529062499999995,47.068527
2025-11-27 13:00:00+00:00,46.66,49.908318
2025-11-27 14:00:00+00:00,43.449374999999996,47.008766
2025-11-27 15:00:00+00:00,40.238749999999996,42.411926
2025-11-27 16:00:00+00:00,37.02812500000001,39.535347
2025-11-27 17:00:00+00:00,33.8175,36.36618
2025-11-27 18:00:00+00:00,34.35,37.31569
2025-11-27 19:00:00+00:00,34.8825,38.2759
2025-11-27 20:00:00+00:00,35.415,40.056026
2025-11-27 21:00:00+00:00,35.94749999999999,41.650642
2025-11-27 22:00:00+00:00,35.7078125,39.09499
2025-11-27 23:00:00+00:00,35.468125,36.58593
2025-11-28 00:00:00+00:00,35.2284375,34.83482
2025-11-28 01:00:00+00:00,34.98875,34.106487
2025-11-28 02:00:00+00:00,36.095625000000005,37.029522
2025-11-28 03:00:00+00:00,37.2025,40.679005
2025-11-28 04:00:00+00:00,38.309375,41.510147
2025-11-28 05:00:00+00:00,39.416250000000005,40.768032
2025-11-28 06:00:00+00:00,34.25812500000001,36.992588
2025-11-28 07:00:00+00:00,29.1,33.17639
2025-11-28 08:00:00+00:00,35.401875000000004,32.82038
2025-11-28 09:00:00+00:00,41.70375,32.56958
2025-11-28 10:00:00+00:00,42.9715625,36.112686
2025-11-28 11:00:00+00:00,44.239374999999995,40.68303
2025-11-28 12:00:00+00:00,45.5071875,46.70589
2025-11-28 13:00:00+00:00,46.775,52.30491
2025-11-28 14:00:00+00:00,44.7378125,48.299862
2025-11-28 15:00:00+00:00,42.700625,43.862183
2025-11-28 16:00:00+00:00,40.6634375,42.162792
2025-11-28 17:00:00+00:00,38.62625,39.882133
2025-11-28 18:00:00+00:00,39.2565625,40.605164
2025-11-28 19:00:00+00:00,39.886875,40.95704
2025-11-28 20:00:00+00:00,40.5171875,40.866127
2025-11-28 21:00:00+00:00,41.1475,40.472023
2025-11-28 22:00:00+00:00,38.99625,37.898632
2025-11-28 23:00:00+00:00,36.845,35.882374
2025-11-29 00:00:00+00:00,34.69375,34.47175
2025-11-29 01:00:00+00:00,32.542500000000004,31.976124
2025-11-29 02:00:00+00:00,32.8034375,31.971073
2025-11-29 03:00:00+00:00,33.064375,31.800312
2025-11-29 04:00:00+00:00,33.3253125,31.097689
2025-11-29 05:00:00+00:00,33.58625,30.121962
2025-11-29 06:00:00+00:00,21.503125,29.297285
2025-11-29 07:00:00+00:00,9.419999999999998,29.026596
2025-11-29 08:00:00+00:00,29.12375,38.81401
2025-11-29 09:00:00+00:00,48.8275,50.3648
2025-11-29 10:00:00+00:00,47.40729166666666,53.06863
2025-11-29 11:00:00+00:00,45.98708333333333,52.754208
2025-11-29 12:00:00+00:00,44.566875,51.724594
2025-11-29 13:00:00+00:00,43.14666666666667,49.977184
2025-11-29 14:00:00+00:00,42.56187500000001,47.50697
2025-11-29 15:00:00+00:00,41.97708333333333,46.053085
2025-11-29 16:00:00+00:00,41.392291666666665,47.10333
2025-11-29 17:00:00+00:00,40.8075,48.623444
2025-11-29 18:00:00+00:00,38.192187499999996,44.869526
2025-11-29 19:00:00+00:00,35.576875,40.08215
2025-11-29 20:00:00+00:00,32.9615625,36.375824
2025-11-29 21:00:00+00:00,30.34625,31.940048
2025-11-29 22:00:00+00:00,29.4709375,29.808735
2025-11-29 23:00:00+00:00,28.595625,28.270374
2025-11-30 00:00:00+00:00,27.7203125,27.338058
2025-11-30 01:00:00+00:00,26.845000000000002,26.22813
2025-11-30 02:00:00+00:00,28.135937499999997,27.381542
2025-11-30 03:00:00+00:00,29.426874999999995,29.080101
2025-11-30 04:00:00+00:00,30.7178125,30.773172
2025-11-30 05:00:00+00:00,32.00875,32.351208
2025-11-30 06:00:00+00:00,25.596875,28.944176
2025-11-30 07:00:00+00:00,19.185000000000002,23.970686
2025-11-30 08:00:00+00:00,26.898125,30.343164
2025-11-30 09:00:00+00:00,34.61125,37.712467
2025-11-30 10:00:00+00:00,35.41677083333333,36.856937
2025-11-30 11:00:00+00:00,36.22229166666666,36.26791
2025-11-30 12:00:00+00:00,37.0278125,37.89645
2025-11-30 13:00:00+00:00,37.83333333333333,39.20479
2025-11-30 14:00:00+00:00,37.3575,40.42157
2025-11-30 15:00:00+00:00,36.88166666666667,41.164867
2025-11-30 16:00:00+00:00,36.405833333333334,40.112732
2025-11-30 17:00:00+00:00,35.93,39.175514
2025-11-30 18:00:00+00:00,33.1565625,36.31529
2025-11-30 19:00:00+00:00,30.383125,33.34946
2025-11-30 20:00:00+00:00,27.6096875,31.41274
2025-11-30 21:00:00+00:00,24.83625,28.876617
2025-11-30 22:00:00+00:00,28.612499999999997,31.610529
2025-11-30 23:00:00+00:00,32.38875,34.40204
2025-12-01 00:00:00+00:00,36.165000000000006,36.58635
2025-12-01 01:00:00+00:00,39.94125,37.05463
2025-12-01 02:00:00+00:00,38.7846875,35.477333
2025-12-01 03:00:00+00:00,37.628125,33.470955
2025-12-01 04:00:00+00:00,36.4715625,32.89485
2025-12-01 05:00:00+00:00,35.315,32.268703
2025-12-01 06:00:00+00:00,45.527499999999996,28.39886
2025-12-01 07:00:00+00:00,55.74,24.223545
2025-12-01 08:00:00+00:00,47.43875,36.86157
2025-12-01 09:00:00+00:00,39.1375,50.156326
2025-12-01 10:00:00+00:00,36.74479166666667,47.053364
2025-12-01 11:00:00+00:00,34.35208333333333,42.930347
2025-12-01 12:00:00+00:00,31.959375,38.670708
2025-12-01 13:00:00+00:00,29.566666666666666,34.395245
2025-12-01 14:00:00+00:00,32.4271875,34.901394
2025-12-01 15:00:00+00:00,35.287708333333335,34.99878
2025-12-01 16:00:00+00:00,38.14822916666667,35.205498
2025-12-01 17:00:00+00:00,41.00875,36.06478
2025-12-01 18:00:00+00:00,38.859375,34.701214
2025-12-01 19:00:00+00:00,36.71,33.41932
2025-12-01 20:00:00+00:00,34.560625,32.246655
2025-12-01 21:00:00+00:00,32.41125,30.867838
2025-12-01 22:00:00+00:00,31.690937500000004,32.468895
2025-12-01 23:00:00+00:00,30.970625000000002,34.202164
2025-12-02 00:00:00+00:00,30.250312500000003,35.867535
2025-12-02 01:00:00+00:00,29.53,38.718422
2025-12-02 02:00:00+00:00,31.501875000000002,39.255054
2025-12-02 03:00:00+00:00,33.47375,39.060314
2025-12-02 04:00:00+00:00,35.44562500000001,38.54406
2025-12-02 05:00:00+00:00,37.417500000000004,38.7503
2025-12-02 06:00:00+00:00,62.71875,44.538105
2025-12-02 07:00:00+00:00,88.01999999999998,49.15282
2025-12-02 08:00:00+00:00,67.47625,45.515587
2025-12-02 09:00:00+00:00,46.9325,40.9572
2025-12-02 10:00:00+00:00,49.578125,39.1874
2025-12-02 11:00:00+00:00,52.22375,38.734768
2025-12-02 12:00:00+00:00,54.869375000000005,40.10248
2025-12-02 13:00:00+00:00,57.51500000000001,41.69883
2025-12-02 14:00:00+00:00,53.37281250000001,42.48592
2025-12-02 15:00:00+00:00,49.230625,43.976326
2025-12-02 16:00:00+00:00,45.0884375,45.299583
2025-12-02 17:00:00+00:00,40.94625,46.06758
2025-12-02 18:00:00+00:00,38.848749999999995,43.40812
2025-12-02 19:00:00+00:00,36.75125,40.04371
2025-12-02 20:00:00+00:00,34.65375,38.70822
2025-12-02 21:00:00+00:00,32.55625,37.929256
2025-12-02 22:00:00+00:00,33.770624999999995,37.963093
2025-12-02 23:00:00+00:00,34.985,37.215206
2025-12-03 00:00:00+00:00,36.199375,36.372086
2025-12-03 01:00:00+00:00,37.41375,34.52191
2025-12-03 02:00:00+00:00,36.1571875,33.648777
2025-12-03 03:00:00+00:00,34.900625000000005,33.895523
2025-12-03 04:00:00+00:00,33.644062500000004,34.95869
2025-12-03 05:00:00+00:00,32.3875,37.21531
2025-12-03 06:00:00+00:00,24.07375,42.356365
2025-12-03 07:00:00+00:00,15.76,44.01874
2025-12-03 08:00:00+00:00,24.365625,38.174976
2025-12-03 09:00:00+00:00,32.97125,31.318796
2025-12-03 10:00:00+00:00,38.3996875,36.902695
2025-12-03 11:00:00+00:00,43.828125,46.84956
2025-12-03 12:00:00+00:00,49.2565625,58.25612
2025-12-03 13:00:00+00:00,54.685,66.84397
2025-12-03 14:00:00+00:00,50.2778125,59.702282
2025-12-03 15:00:00+00:00,45.870625000000004,51.275536
2025-12-03 16:00:00+00:00,41.4634375,44.396553
2025-12-03 17:00:00+00:00,37.05625,39.146416
2025-12-03 18:00:00+00:00,36.1825,38.142857
2025-12-03 19:00:00+00:00,35.30875,38.33521
2025-12-03 20:00:00+00:00,34.435,37.83786
2025-12-03 21:00:00+00:00,33.56125,36.667904
2025-12-03 22:00:00+00:00,32.3059375,35.228073
2025-12-03 23:00:00+00:00,31.050625,34.22777
2025-12-04 00:00:00+00:00,29.7953125,32.84179
2025-12-04 01:00:00+00:00,28.54,31.544804
2025-12-04 02:00:00+00:00,28.19875,30.2309
2025-12-04 03:00:00+00:00,27.8575,28.168295
2025-12-04 04:00:00+00:00,27.51625,27.640518
2025-12-04 05:00:00+00:00,27.175,27.91792
2025-12-04 06:00:00+00:00,25.93,28.437103
2025-12-04 07:00:00+00:00,24.685,27.907845
2025-12-04 08:00:00+00:00,29.750625,31.034958
2025-12-04 09:00:00+00:00,34.816250000000004,34.411484
2025-12-04 10:00:00+00:00,37.935520833333335,34.176167
2025-12-04 11:00:00+00:00,41.05479166666667,34.198162
2025-12-04 12:00:00+00:00,44.1740625,35.336575
2025-12-04 13:00:00+00:00,47.29333333333333,36.721863
2025-12-04 14:00:00+00:00,44.1659375,36.04538
2025-12-04 15:00:00+00:00,41.03854166666666,35.38599
2025-12-04 16:00:00+00:00,37.91114583333333,35.595314
2025-12-04 17:00:00+00:00,34.78375,35.53524
2025-12-04 18:00:00+00:00,34.525625,36.266636
2025-12-04 19:00:00+00:00,34.2675,35.85606
2025-12-04 20:00:00+00:00,34.009375,34.34338
2025-12-04 21:00:00+00:00,33.75125,32.839016
2025-12-04 22:00:00+00:00,31.0815625,30.602436
2025-12-04 23:00:00+00:00,28.411875000000002,28.652855
2025-12-05 00:00:00+00:00,25.7421875,27.858591
2025-12-05 01:00:00+00:00,23.0725,26.957924
2025-12-05 02:00:00+00:00,29.3359375,31.239464
2025-12-05 03:00:00+00:00,35.599375,37.05632
2025-12-05 04:00:00+00:00,41.862812500000004,42.14127
2025-12-05 05:00:00+00:00,48.12625,46.080864
2025-12-05 06:00:00+00:00,50.438125,41.507603
2025-12-05 07:00:00+00:00,52.75,34.96802
2025-12-05 08:00:00+00:00,50.42,42.49128
2025-12-05 09:00:00+00:00,48.09,51.037876
2025-12-05 10:00:00+00:00,45.93875,56.769684
2025-12-05 11:00:00+00:00,43.7875,63.674316
2025-12-05 12:00:00+00:00,41.636250000000004,61.355278
2025-12-05 13:00:00+00:00,39.485,56.44182
2025-12-05 14:00:00+00:00,36.9096875,48.117836
2025-12-05 15:00:00+00:00,34.334375,38.534546
2025-12-05 16:00:00+00:00,31.7590625,32.367535
2025-12-05 17:00:00+00:00,29.18375,28.133696
2025-12-05 18:00:00+00:00,31.479375,30.121483
2025-12-05 19:00:00+00:00,33.775,32.613605
2025-12-05 20:00:00+00:00,36.070625,33.992584
2025-12-05 21:00:00+00:00,38.36625,35.473145
2025-12-05 22:00:00+00:00,35.3228125,35.43709
2025-12-05 23:00:00+00:00,32.279375,34.71263
2025-12-06 00:00:00+00:00,29.2359375,32.9039
2025-12-06 01:00:00+00:00,26.1925,30.313553
2025-12-06 02:00:00+00:00,27.568437499999998,32.05742
2025-12-06 03:00:00+00:00,28.944375,32.917118
2025-12-06 04:00:00+00:00,30.320312499999996,33.37374
2025-12-06 05:00:00+00:00,31.69625,34.55132
2025-12-06 06:00:00+00:00,39.76562499999999,33.57714
2025-12-06 07:00:00+00:00,47.834999999999994,35.4116
2025-12-06 08:00:00+00:00,53.019375,44.262905
2025-12-06 09:00:00+00:00,58.20375,49.08754
2025-12-06 10:00:00+00:00,55.294895833333335,50.893486
2025-12-06 11:00:00+00:00,52.38604166666667,52.890587
2025-12-06 12:00:00+00:00,49.4771875,52.536507
2025-12-06 13:00:00+00:00,46.568333333333335,53.155624
2025-12-06 14:00:00+00:00,44.5290625,53.037865
2025-12-06 15:00:00+00:00,42.48979166666667,53.123947
2025-12-06 16:00:00+00:00,40.450520833333336,53.13315
2025-12-06 17:00:00+00:00,38.41125,52.50358
2025-12-06 18:00:00+00:00,38.06,49.784485
2025-12-06 19:00:00+00:00,37.70875,45.129963
2025-12-06 20:00:00+00:00,37.3575,41.092533
2025-12-06 21:00:00+00:00,37.00625,37.506214
2025-12-06 22:00:00+00:00,34.963750000000005,34.9789
2025-12-06 23:00:00+00:00,32.92125,33.58286
2025-12-07 00:00:00+00:00,30.87875,31.22881
2025-12-07 01:00:00+00:00,28.83625,28.797644
2025-12-07 02:00:00+00:00,31.63875,29.769627
2025-12-07 03:00:00+00:00,34.44125,31.607409
2025-12-07 04:00:00+00:00,37.24375,33.718266
2025-12-07 05:00:00+00:00,40.04625,35.5116
2025-12-07 06:00:00+00:00,37.183125000000004,36.576855
2025-12-07 07:00:00+00:00,34.32,38.302696
2025-12-07 08:00:00+00:00,34.82,37.35507
2025-12-07 09:00:00+00:00,35.32,34.684998
2025-12-07 10:00:00+00:00,36.52375,30.97006
2025-12-07 11:00:00+00:00,37.7275,27.665655
2025-12-07 12:00:00+00:00,38.93125,27.743414
2025-12-07 13:00:00+00:00,40.135,29.917217
2025-12-07 14:00:00+00:00,42.435,35.931484
2025-12-07 15:00:00+00:00,44.735,42.4243
2025-12-07 16:00:00+00:00,47.035,44.886642
2025-12-07 17:00:00+00:00,49.335,46.20479
2025-12-07 18:00:00+00:00,45.2940625,44.29524
2025-12-07 19:00:00+00:00,41.253125,41.39436
2025-12-07 20:00:00+00:00,37.2121875,39.249577
2025-12-07 21:00:00+00:00,33.17125,37.25066
2025-12-07 22:00:00+00:00,32.2896875,36.922092
2025-12-07 23:00:00+00:00,31.408125,36.800106
2025-12-08 00:00:00+00:00,30.5265625,35.154953
2025-12-08 01:00:00+00:00,29.645,34.231415
2025-12-08 02:00:00+00:00,29.5896875,34.667984
2025-12-08 03:00:00+00:00,29.534374999999997,35.34176
2025-12-08 04:00:00+00:00,29.479062499999998,34.69381
2025-12-08 05:00:00+00:00,29.423749999999995,33.4849
2025-12-08 06:00:00+00:00,40.936875,32.88656
2025-12-08 07:00:00+00:00,52.45,32.563717
2025-12-08 08:00:00+00:00,41.31875,33.051685
2025-12-08 09:00:00+00:00,30.1875,33.93731
2025-12-08 10:00:00+00:00,32.535624999999996,34.482487
2025-12-08 11:00:00+00:00,34.88375,34.166275
2025-12-08 12:00:00+00:00,37.231875,34.52507
2025-12-08 13:00:00+00:00,39.58,36.220997
2025-12-08 14:00:00+00:00,39.247812499999995,38.83114
2025-12-08 15:00:00+00:00,38.915625,41.228653
2025-12-08 16:00:00+00:00,38.5834375,42.529613
2025-12-08 17:00:00+00:00,38.25125,43.36793
2025-12-08 18:00:00+00:00,36.051249999999996,40.9756
2025-12-08 19:00:00+00:00,33.85125,38.17346
2025-12-08 20:00:00+00:00,31.65125,34.457317
2025-12-08 21:00:00+00:00,29.45125,31.230652
2025-12-08 22:00:00+00:00,30.048125,30.780102
2025-12-08 23:00:00+00:00,30.645,30.506203
2025-12-09 00:00:00+00:00,31.241875,30.650673
2025-12-09 01:00:00+00:00,31.838749999999997,30.847551
2025-12-09 02:00:00+00:00,30.20875,30.039524
2025-12-09 03:00:00+00:00,28.57875,29.605824
2025-12-09 04:00:00+00:00,26.94875,30.616598
2025-12-09 05:00:00+00:00,25.31875,32.195957
2025-12-09 06:00:00+00:00,30.149375000000003,44.81151
2025-12-09 07:00:00+00:00,34.980000000000004,59.806217
2025-12-09 08:00:00+00:00,49.1475,55.115673
2025-12-09 09:00:00+00:00,63.315,47.73767
2025-12-09 10:00:00+00:00,57.28125,52.907253
2025-12-09 11:00:00+00:00,51.2475,56.016106
2025-12-09 12:00:00+00:00,45.213750000000005,54.014816
2025-12-09 13:00:00+00:00,39.18,51.09043
2025-12-09 14:00:00+00:00,38.2040625,46.630653
2025-12-09 15:00:00+00:00,37.228125,42.22015
2025-12-09 16:00:00+00:00,36.2521875,37.885666
2025-12-09 17:00:00+00:00,35.27625,34.363445
2025-12-09 18:00:00+00:00,32.4628125,32.14808
2025-12-09 19:00:00+00:00,29.649375,29.779602
2025-12-09 20:00:00+00:00,26.8359375,28.495775
2025-12-09 21:00:00+00:00,24.0225,27.96208
2025-12-09 22:00:00+00:00,27.5621875,29.23343
2025-12-09 23:00:00+00:00,31.101874999999996,30.911974
2025-12-10 00:00:00+00:00,34.6415625,31.736177
2025-12-10 01:00:00+00:00,38.18125,32.080322
2025-12-10 02:00:00+00:00,35.6034375,30.976479
2025-12-10 03:00:00+00:00,33.025625,29.579082
2025-12-10 04:00:00+00:00,30.447812499999998,28.156569
2025-12-10 05:00:00+00:00,27.87,26.728558
2025-12-10 06:00:00+00:00,26.7675,28.628805
2025-12-10 07:00:00+00:00,25.665,32.413692
2025-12-10 08:00:00+00:00,35.595625,35.21593
2025-12-10 09:00:00+00:00,45.52625,36.266216
2025-12-10 10:00:00+00:00,46.32802083333333,40.049328
2025-12-10 11:00:00+00:00,47.12979166666667,43.117943
2025-12-10 12:00:00+00:00,47.931562500000005,45.315197
2025-12-10 13:00:00+00:00,48.73333333333334,47.089104
2025-12-10 14:00:00+00:00,45.659687500000004,45.225193
2025-12-10 15:00:00+00:00,42.586041666666674,44.35522
2025-12-10 16:00:00+00:00,39.512395833333336,42.464333
2025-12-10 17:00:00+00:00,36.438750000000006,39.990013
2025-12-10 18:00:00+00:00,34.7425,40.205338
2025-12-10 19:00:00+00:00,33.04625,39.5018
2025-12-10 20:00:00+00:00,31.35,37.066372
2025-12-10 21:00:00+00:00,29.653750000000006,34.50931
2025-12-10 22:00:00+00:00,31.739687500000002,34.77627
2025-12-10 23:00:00+00:00,33.825625,35.645115
2025-12-11 00:00:00+00:00,35.9115625,35.13645
2025-12-11 01:00:00+00:00,37.9975,35.982777
2025-12-11 02:00:00+00:00,35.654375,33.537785
2025-12-11 03:00:00+00:00,33.31125,31.814144
2025-12-11 04:00:00+00:00,30.968125,30.832462
2025-12-11 05:00:00+00:00,28.625,30.60696
2025-12-11 06:00:00+00:00,36.32,32.07434
2025-12-11 07:00:00+00:00,44.015,33.013535
2025-12-11 08:00:00+00:00,46.09562499999999,42.884285
2025-12-11 09:00:00+00:00,48.17625,50.44933
2025-12-11 10:00:00+00:00,46.36302083333334,45.679848
2025-12-11 11:00:00+00:00,44.549791666666664,41.31545
2025-12-11 12:00:00+00:00,42.7365625,38.04047
2025-12-11 13:00:00+00:00,40.92333333333333,35.61916
2025-12-11 14:00:00+00:00,37.816874999999996,36.242046
2025-12-11 15:00:00+00:00,34.71041666666667,37.20613
2025-12-11 16:00:00+00:00,31.60395833333333,37.405186
2025-12-11 17:00:00+00:00,28.4975,37.40974
2025-12-11 18:00:00+00:00,31.47625,37.749332
2025-12-11 19:00:00+00:00,34.455,38.772533
2025-12-11 20:00:00+00:00,37.43375,39.225945
2025-12-11 21:00:00+00:00,40.4125,38.52316
2025-12-11 22:00:00+00:00,38.17125000000001,37.202923
2025-12-11 23:00:00+00:00,35.93,36.134186
2025-12-12 00:00:00+00:00,33.68875,35.121857
2025-12-12 01:00:00+00:00,31.447499999999998,33.614307
2025-12-12 02:00:00+00:00,31.153125000000003,32.37486
2025-12-12 03:00:00+00:00,30.85875,31.401703
2025-12-12 04:00:00+00:00,30.564375,31.79601
2025-12-12 05:00:00+00:00,30.27,32.523083
2025-12-12 06:00:00+00:00,28.8425,33.176037
2025-12-12 07:00:00+00:00,27.415,34.573925
2025-12-12 08:00:00+00:00,31.65125,40.399208
2025-12-12 09:00:00+00:00,35.8875,45.365414
2025-12-12 10:00:00+00:00,35.676458333333336,48.24757
2025-12-12 11:00:00+00:00,35.46541666666667,49.63377
2025-12-12 12:00:00+00:00,35.254374999999996,46.00568
2025-12-12 13:00:00+00:00,35.04333333333332,41.86566
2025-12-12 14:00:00+00:00,33.950937499999995,37.740013
2025-12-12 15:00:00+00:00,32.85854166666667,34.025204
2025-12-12 16:00:00+00:00,31.766145833333336,32.336716
2025-12-12 17:00:00+00:00,30.67375,32.124634
2025-12-12 18:00:00+00:00,31.213124999999998,32.404606
2025-12-12 19:00:00+00:00,31.752499999999998,33.033455
2025-12-12 20:00:00+00:00,32.291875,33.771954
2025-12-12 21:00:00+00:00,32.83125,33.891174
2025-12-12 22:00:00+00:00,31.6571875,33.406
2025-12-12 23:00:00+00:00,30.483124999999998,32.46221
2025-12-13 00:00:00+00:00,29.309062499999996,31.05684
2025-12-13 01:00:00+00:00,28.134999999999998,28.809992
2025-12-13 02:00:00+00:00,29.926249999999992,29.404593
2025-12-13 03:00:00+00:00,31.717499999999998,30.668968
2025-12-13 04:00:00+00:00,33.50875,31.11063
2025-12-13 05:00:00+00:00,35.3,31.41439
2025-12-13 06:00:00+00:00,45.695,29.994677
2025-12-13 07:00:00+00:00,56.09,28.481768
2025-12-13 08:00:00+00:00,45.07,28.0648
2025-12-13 09:00:00+00:00,34.05,27.675837
2025-12-13 10:00:00+00:00,39.947916666666664,32.134216
2025-12-13 11:00:00+00:00,45.84583333333333,37.067707
2025-12-13 12:00:00+00:00,51.743750000000006,44.864235
2025-12-13 13:00:00+00:00,57.64166666666667,53.000435
2025-12-13 14:00:00+00:00,52.989375,51.89763
2025-12-13 15:00:00+00:00,48.33708333333334,47.93403
2025-12-13 16:00:00+00:00,43.68479166666667,42.801777
2025-12-13 17:00:00+00:00,39.0325,38.11764
2025-12-13 18:00:00+00:00,37.4490625,36.019062
2025-12-13 19:00:00+00:00,35.865624999999994,34.216164
2025-12-13 20:00:00+00:00,34.2821875,33.089706
2025-12-13 21:00:00+00:00,32.69875,31.954548
2025-12-13 22:00:00+00:00,30.169999999999998,30.717796
2025-12-13 23:00:00+00:00,27.64125,29.290443
2025-12-14 00:00:00+00:00,25.1125,27.565208
2025-12-14 01:00:00+00:00,22.583750000000002,26.073471
2025-12-14 02:00:00+00:00,26.721875,29.240627
2025-12-14 03:00:00+00:00,30.86,32.761765
2025-12-14 04:00:00+00:00,34.998125,35.994144
2025-12-14 05:00:00+00:00,39.13625,40.50332
2025-12-14 06:00:00+00:00,25.943125,47.8341
2025-12-14 07:00:00+00:00,12.75,53.291702
2025-12-14 08:00:00+00:00,23.184375,46.55969
2025-12-14 09:00:00+00:00,33.61875,38.83783
2025-12-14 10:00:00+00:00,36.28697916666667,40.795742
2025-12-14 11:00:00+00:00,38.95520833333333,43.16598
2025-12-14 12:00:00+00:00,41.6234375,44.85708
2025-12-14 13:00:00+00:00,44.291666666666664,46.07688
2025-12-14 14:00:00+00:00,45.805625,44.95695
2025-12-14 15:00:00+00:00,47.31958333333333,44.078915
2025-12-14 16:00:00+00:00,48.83354166666666,41.7807
2025-12-14 17:00:00+00:00,50.3475,39.65646
2025-12-14 18:00:00+00:00,46.7096875,39.256386
2025-12-14 19:00:00+00:00,43.071875,38.822655
2025-12-14 20:00:00+00:00,39.434062499999996,37.312866
2025-12-14 21:00:00+00:00,35.79625,35.565735
2025-12-14 22:00:00+00:00,33.5121875,33.701736
2025-12-14 23:00:00+00:00,31.228125,32.123005
2025-12-15 00:00:00+00:00,28.9440625,30.824074
2025-12-15 01:00:00+00:00,26.66,30.37179
2025-12-15 02:00:00+00:00,30.4453125,33.29797
2025-12-15 03:00:00+00:00,34.230625,35.969383
2025-12-15 04:00:00+00:00,38.01593750000001,36.170547
2025-12-15 05:00:00+00:00,41.80125000000001,36.364635
2025-12-15 06:00:00+00:00,51.048125,28.545033
2025-12-15 07:00:00+00:00,60.295,21.338116
2025-12-15 08:00:00+00:00,48.540625000000006,31.666603
2025-12-15 09:00:00+00:00,36.78625,42.161015
2025-12-15 10:00:00+00:00,41.215520833333336,46.37007
2025-12-15 11:00:00+00:00,45.64479166666666,49.811707
2025-12-15 12:00:00+00:00,50.0740625,50.554672
2025-12-15 13:00:00+00:00,54.50333333333333,50.22044
2025-12-15 14:00:00+00:00,48.4709375,45.91454
2025-12-15 15:00:00+00:00,42.438541666666666,41.159702
2025-12-15 16:00:00+00:00,36.40614583333333,39.763992
2025-12-15 17:00:00+00:00,30.37375,39.20156
2025-12-15 18:00:00+00:00,28.837500000000002,36.386524
2025-12-15 19:00:00+00:00,27.301250000000003,33.38624
2025-12-15 20:00:00+00:00,25.765,31.065948
2025-12-15 21:00:00+00:00,24.22875,28.732285
2025-12-15 22:00:00+00:00,27.6040625,30.568647
2025-12-15 23:00:00+00:00,30.979374999999997,31.972042
2025-12-16 00:00:00+00:00,34.3546875,33.45505
2025-12-16 01:00:00+00:00,37.73,35.609936
2025-12-16 02:00:00+00:00,37.121874999999996,34.969288
2025-12-16 03:00:00+00:00,36.51375,34.136684
2025-12-16 04:00:00+00:00,35.905625,34.247116
2025-12-16 05:00:00+00:00,35.2975,34.505928
2025-12-16 06:00:00+00:00,30.25375,37.127716
2025-12-16 07:00:00+00:00,25.21,38.721268
2025-12-16 08:00:00+00:00,30.54,35.334198
2025-12-16 09:00:00+00:00,35.87,31.165909
2025-12-16 10:00:00+00:00,34.90208333333333,31.899614
2025-12-16 11:00:00+00:00,33.93416666666667,34.176346
2025-12-16 12:00:00+00:00,32.96625,35.633095
2025-12-16 13:00:00+00:00,31.998333333333335,36.95088
2025-12-16 14:00:00+00:00,30.934062500000003,36.089767
2025-12-16 15:00:00+00:00,29.869791666666668,34.881454
2025-12-16 16:00:00+00:00,28.805520833333333,33.650845
2025-12-16 17:00:00+00:00,27.74125,32.444412
2025-12-16 18:00:00+00:00,27.771250000000002,31.451609
2025-12-16 19:00:00+00:00,27.801250000000003,30.581472
2025-12-16 20:00:00+00:00,27.83125,29.14439
2025-12-16 21:00:00+00:00,27.861250000000002,27.868221
2025-12-16 22:00:00+00:00,28.556250000000002,29.727863
2025-12-16 23:00:00+00:00,29.25125,31.296568
2025-12-17 00:00:00+00:00,29.946250000000003,32.066463
2025-12-17 01:00:00+00:00,30.64125,31.658295
2025-12-17 02:00:00+00:00,30.916562499999998,31.943808
2025-12-17 03:00:00+00:00,31.191875,31.994844
2025-12-17 04:00:00+00:00,31.4671875,31.380373
2025-12-17 05:00:00+00:00,31.7425,30.797863
2025-12-17 06:00:00+00:00,30.32125,27.66092
2025-12-17 07:00:00+00:00,28.9,25.098377
2025-12-17 08:00:00+00:00,38.697500000000005,32.4646
2025-12-17 09:00:00+00:00,48.495000000000005,40.317383
2025-12-17 10:00:00+00:00,46.60333333333334,42.306145
2025-12-17 11:00:00+00:00,44.711666666666666,42.820248
2025-12-17 12:00:00+00:00,42.82,40.35143
2025-12-17 13:00:00+00:00,40.92833333333333,37.480278
2025-12-17 14:00:00+00:00,39.7965625,36.60673
2025-12-17 15:00:00+00:00,38.66479166666667,36.134953
2025-12-17 16:00:00+00:00,37.53302083333334,37.800568
2025-12-17 17:00:00+00:00,36.40125000000001,40.04708
2025-12-17 18:00:00+00:00,36.369687500000005,39.871742
2025-12-17 19:00:00+00:00,36.338125000000005,38.077446
2025-12-17 20:00:00+00:00,36.3065625,36.92079
2025-12-17 21:00:00+00:00,36.275,36.01635
2025-12-17 22:00:00+00:00,35.88875,35.153675
2025-12-17 23:00:00+00:00,35.502500000000005,33.731506
2025-12-18 00:00:00+00:00,35.116249999999994,32.279102
2025-12-18 01:00:00+00:00,34.730000000000004,31.956888
2025-12-18 02:00:00+00:00,31.400312500000002,30.254984
2025-12-18 03:00:00+00:00,28.070624999999996,29.34227
2025-12-18 04:00:00+00:00,24.7409375,29.44622
2025-12-18 05:00:00+00:00,21.41125,29.52998
2025-12-18 06:00:00+00:00,19.605625,29.855145
2025-12-18 07:00:00+00:00,17.8,30.473577
2025-12-18 08:00:00+00:00,30.963749999999997,34.61012
2025-12-18 09:00:00+00:00,44.1275,38.602345
2025-12-18 10:00:00+00:00,42.480624999999996,37.663975
2025-12-18 11:00:00+00:00,40.833749999999995,36.864407
2025-12-18 12:00:00+00:00,39.18687500000001,37.328476
2025-12-18 13:00:00+00:00,37.53999999999999,37.7287
2025-12-18 14:00:00+00:00,36.7871875,37.595657
2025-12-18 15:00:00+00:00,36.034375,37.721687
2025-12-18 16:00:00+00:00,35.2815625,36.659996
2025-12-18 17:00:00+00:00,34.52875,35.78663
2025-12-18 18:00:00+00:00,37.508750000000006,38.25942
2025-12-18 19:00:00+00:00,40.488749999999996,39.54352
2025-12-18 20:00:00+00:00,43.46874999999999,39.701572
2025-12-18 21:00:00+00:00,46.44874999999999,39.857765
2025-12-18 22:00:00+00:00,42.7765625,38.873096
2025-12-18 23:00:00+00:00,39.104375,37.91968
2025-12-19 00:00:00+00:00,35.4321875,36.73475
2025-12-19 01:00:00+00:00,31.759999999999998,33.549534
2025-12-19 02:00:00+00:00,30.795312499999998,32.963104
2025-12-19 03:00:00+00:00,29.830624999999998,31.996746
2025-12-19 04:00:00+00:00,28.8659375,30.770647
2025-12-19 05:00:00+00:00,27.90125,29.20351
2025-12-19 06:00:00+00:00,31.410625000000003,23.61214
2025-12-19 07:00:00+00:00,34.92,20.93306
2025-12-19 08:00:00+00:00,43.999375,41.79342
2025-12-19 09:00:00+00:00,53.07875,60.738987
2025-12-19 10:00:00+00:00,48.0503125,59.44837
2025-12-19 11:00:00+00:00,43.021874999999994,55.710346
2025-12-19 12:00:00+00:00,37.99343749999999,50.47711
2025-12-19 13:00:00+00:00,32.964999999999996,46.379524
2025-12-19 14:00:00+00:00,35.11812499999999,44.932896
2025-12-19 15:00:00+00:00,37.271249999999995,42.44643
2025-12-19 16:00:00+00:00,39.424375,40.93641
2025-12-19 17:00:00+00:00,41.57749999999999,39.46821
2025-12-19 18:00:00+00:00,38.463750000000005,36.917786
2025-12-19 19:00:00+00:00,35.35000000000001,34.572933
2025-12-19 20:00:00+00:00,32.23625,32.970238
2025-12-19 21:00:00+00:00,29.122500000000002,31.02311
2025-12-19 22:00:00+00:00,27.450937500000002,28.772715
2025-12-19 23:00:00+00:00,25.779375,26.827785
2025-12-20 00:00:00+00:00,24.1078125,25.82594
2025-12-20 01:00:00+00:00,22.43625,25.07306
2025-12-20 02:00:00+00:00,27.616875,27.439217
2025-12-20 03:00:00+00:00,32.7975,30.382395
2025-12-20 04:00:00+00:00,37.978125000000006,32.848824
2025-12-20 05:00:00+00:00,43.158750000000005,35.543858
2025-12-20 06:00:00+00:00,26.594375000000003,36.880863
2025-12-20 07:00:00+00:00,10.030000000000001,37.9933
2025-12-20 08:00:00+00:00,26.297500000000003,39.884216
2025-12-20 09:00:00+00:00,42.565,40.624912
2025-12-20 10:00:00+00:00,41.8275,37.202606
2025-12-20 11:00:00+00:00,41.09,34.51845
2025-12-20 12:00:00+00:00,40.3525,33.699036
2025-12-20 13:00:00+00:00,39.615,32.99811
2025-12-20 14:00:00+00:00,38.401562500000004,33.04496
2025-12-20 15:00:00+00:00,37.188125,33.227894
2025-12-20 16:00:00+00:00,35.9746875,30.58587
2025-12-20 17:00:00+00:00,34.761250000000004,26.818493
2025-12-20 18:00:00+00:00,32.338750000000005,26.27206
2025-12-20 19:00:00+00:00,29.91625,26.569386
2025-12-20 20:00:00+00:00,27.49375,27.49916
2025-12-20 21:00:00+00:00,25.07125,28.177769
2025-12-20 22:00:00+00:00,25.449062500000004,28.77066
2025-12-20 23:00:00+00:00,25.826875,29.295118
2025-12-21 00:00:00+00:00,26.2046875,28.858212
2025-12-21 01:00:00+00:00,26.5825,27.742588
2025-12-21 02:00:00+00:00,28.7684375,29.097591
2025-12-21 03:00:00+00:00,30.954375,30.905468
2025-12-21 04:00:00+00:00,33.1403125,31.22129
2025-12-21 05:00:00+00:00,35.32625,30.75804
2025-12-21 06:00:00+00:00,32.333125,24.035042
2025-12-21 07:00:00+00:00,29.340000000000003,17.414883
2025-12-21 08:00:00+00:00,33.2775,27.93389
2025-12-21 09:00:00+00:00,37.215,38.459312
2025-12-21 10:00:00+00:00,39.395833333333336,40.48875
2025-12-21 11:00:00+00:00,41.57666666666667,42.258644
2025-12-21 12:00:00+00:00,43.7575,44.57994
2025-12-21 13:00:00+00:00,45.93833333333333,47.294785
2025-12-21 14:00:00+00:00,43.506875,46.414326
2025-12-21 15:00:00+00:00,41.075416666666676,45.23615
2025-12-21 16:00:00+00:00,38.64395833333333,42.929462
2025-12-21 17:00:00+00:00,36.2125,40.118618
2025-12-21 18:00:00+00:00,35.108125,39.230583
2025-12-21 19:00:00+00:00,34.00375,37.44718
2025-12-21 20:00:00+00:00,32.899375,36.778996
2025-12-21 21:00:00+00:00,31.794999999999998,36.687122
2025-12-21 22:00:00+00:00,32.9096875,35.56571
2025-12-21 23:00:00+00:00,34.024375,34.66214
2025-12-22 00:00:00+00:00,35.13906249999999,35.18777
2025-12-22 01:00:00+00:00,36.25375,36.277798
2025-12-22 02:00:00+00:00,37.133125,37.47305
2025-12-22 03:00:00+00:00,38.01250000000001,37.984646
2025-12-22 04:00:00+00:00,38.891875,39.139835
2025-12-22 05:00:00+00:00,39.77125,39.805733
2025-12-22 06:00:00+00:00,33.015625,35.0945
2025-12-22 07:00:00+00:00,26.259999999999998,30.744804
2025-12-22 08:00:00+00:00,25.599375,30.165545
2025-12-22 09:00:00+00:00,24.93875,29.758121
2025-12-22 10:00:00+00:00,32.021145833333335,33.610313
2025-12-22 11:00:00+00:00,39.10354166666667,37.659325
2025-12-22 12:00:00+00:00,46.1859375,41.924522
2025-12-22 13:00:00+00:00,53.26833333333334,45.675816
2025-12-22 14:00:00+00:00,47.126562500000006,44.061153
2025-12-22 15:00:00+00:00,40.984791666666666,42.04949
2025-12-22 16:00:00+00:00,34.843020833333334,38.634705
2025-12-22 17:00:00+00:00,28.701249999999998,35.685955
2025-12-22 18:00:00+00:00,29.566875,34.99338
2025-12-22 19:00:00+00:00,30.432499999999997,34.117146
2025-12-22 20:00:00+00:00,31.298125,34.077576
2025-12-22 21:00:00+00:00,32.16375,33.60579
2025-12-22 22:00:00+00:00,36.1134375,34.556026
2025-12-22 23:00:00+00:00,40.063125,36.052
2025-12-23 00:00:00+00:00,44.012812499999995,37.396812
2025-12-23 01:00:00+00:00,47.9625,38.68273
2025-12-23 02:00:00+00:00,44.165,37.646946
2025-12-23 03:00:00+00:00,40.36749999999999,36.37148
2025-12-23 04:00:00+00:00,36.57,34.496864
2025-12-23 05:00:00+00:00,32.7725,32.690174
2025-12-23 06:00:00+00:00,22.38375,28.466145
2025-12-23 07:00:00+00:00,11.995000000000001,24.69989
2025-12-23 08:00:00+00:00,26.216250000000002,31.819221
2025-12-23 09:00:00+00:00,40.4375,38.602623
2025-12-23 10:00:00+00:00,43.426875,44.857685
2025-12-23 11:00:00+00:00,46.416250000000005,51.484894
2025-12-23 12:00:00+00:00,49.405625,54.376137
2025-12-23 13:00:00+00:00,52.395,56.625008
2025-12-23 14:00:00+00:00,46.900000000000006,49.74079
2025-12-23 15:00:00+00:00,41.405,40.97883
2025-12-23 16:00:00+00:00,35.910000000000004,34.14494
2025-12-23 17:00:00+00:00,30.415,27.786263
2025-12-23 18:00:00+00:00,31.1771875,29.074839
2025-12-23 19:00:00+00:00,31.939375000000002,32.130375
2025-12-23 20:00:00+00:00,32.7015625,34.04953
2025-12-23 21:00:00+00:00,33.463750000000005,35.82394
2025-12-23 22:00:00+00:00,32.04375,33.998077
2025-12-23 23:00:00+00:00,30.62375,31.613783
2025-12-24 00:00:00+00:00,29.20375,29.908468
2025-12-24 01:00:00+00:00,27.783749999999998,27.85562
2025-12-24 02:00:00+00:00,26.685624999999998,26.008404
2025-12-24 03:00:00+00:00,25.5875,24.48373
2025-12-24 04:00:00+00:00,24.489375,23.624994
2025-12-24 05:00:00+00:00,23.39125,22.784687
2025-12-24 06:00:00+00:00,16.963124999999998,21.717815
2025-12-24 07:00:00+00:00,10.535,20.18657
2025-12-24 08:00:00+00:00,30.154999999999998,31.980705
2025-12-24 09:00:00+00:00,49.775,44.241077
2025-12-24 10:00:00+00:00,49.00666666666666,44.26854
2025-12-24 11:00:00+00:00,48.23833333333334,44.064034
2025-12-24 12:00:00+00:00,47.47,46.57464
2025-12-24 13:00:00+00:00,46.70166666666666,48.06877
2025-12-24 14:00:00+00:00,43.158125,45.55131
2025-12-24 15:00:00+00:00,39.61458333333333,42.827717
2025-12-24 16:00:00+00:00,36.07104166666666,39.963657
2025-12-24 17:00:00+00:00,32.527499999999996,36.540684
2025-12-24 18:00:00+00:00,32.6253125,34.393185
2025-12-24 19:00:00+00:00,32.723124999999996,32.31184
2025-12-24 20:00:00+00:00,32.8209375,30.614338
2025-12-24 21:00:00+00:00,32.91875,28.985281
2025-12-24 22:00:00+00:00,30.431562500000002,27.938705
2025-12-24 23:00:00+00:00,27.944375,26.808163
2025-12-25 00:00:00+00:00,25.4571875,25.825516
2025-12-25 01:00:00+00:00,22.97,25.055851
2025-12-25 02:00:00+00:00,24.0225,25.410366
2025-12-25 03:00:00+00:00,25.075,25.873756
2025-12-25 04:00:00+00:00,26.127499999999998,27.025846
2025-12-25 05:00:00+00:00,27.18,28.59951
2025-12-25 06:00:00+00:00,19.54,22.657112
2025-12-25 07:00:00+00:00,11.9,15.942802
2025-12-25 08:00:00+00:00,28.068125000000002,30.809883
2025-12-25 09:00:00+00:00,44.23625,45.307293
2025-12-25 10:00:00+00:00,43.3134375,45.71839
2025-12-25 11:00:00+00:00,42.390625,46.23046
2025-12-25 12:00:00+00:00,41.4678125,45.07306
2025-12-25 13:00:00+00:00,40.545,43.693752
2025-12-25 14:00:00+00:00,41.8834375,42.034912
2025-12-25 15:00:00+00:00,43.221875,39.80419
2025-12-25 16:00:00+00:00,44.5603125,40.996883
2025-12-25 17:00:00+00:00,45.89875,41.52015
2025-12-25 18:00:00+00:00,42.02125,39.699253
2025-12-25 19:00:00+00:00,38.14375,38.243706
2025-12-25 20:00:00+00:00,34.26625,36.636253
2025-12-25 21:00:00+00:00,30.38875,35.21538
2025-12-25 22:00:00+00:00,30.1725,34.22527
2025-12-25 23:00:00+00:00,29.95625,32.8112
2025-12-26 00:00:00+00:00,29.740000000000002,33.17988
2025-12-26 01:00:00+00:00,29.52375,34.700665
2025-12-26 02:00:00+00:00,32.530625,35.429394
2025-12-26 03:00:00+00:00,35.537499999999994,34.95979
2025-12-26 04:00:00+00:00,38.544374999999995,35.011692
2025-12-26 05:00:00+00:00,41.551249999999996,34.438618
2025-12-26 06:00:00+00:00,26.880625,25.672577
2025-12-26 07:00:00+00:00,12.21,16.972641
2025-12-26 08:00:00+00:00,29.583125000000003,34.03885
2025-12-26 09:00:00+00:00,46.956250000000004,50.496014
2025-12-26 10:00:00+00:00,41.88635416666667,46.192604
2025-12-26 11:00:00+00:00,36.81645833333334,42.29527
2025-12-26 12:00:00+00:00,31.746562499999996,38.35648
2025-12-26 13:00:00+00:00,26.676666666666666,35.0803
2025-12-26 14:00:00+00:00,29.599687499999998,39.547466
2025-12-26 15:00:00+00:00,32.522708333333334,43.682213
2025-12-26 16:00:00+00:00,35.445729166666666,45.7793
2025-12-26 17:00:00+00:00,38.36875,46.865047
2025-12-26 18:00:00+00:00,35.1790625,41.758934
2025-12-26 19:00:00+00:00,31.989375,36.68165
2025-12-26 20:00:00+00:00,28.799687499999997,31.93737
2025-12-26 21:00:00+00:00,25.61,26.77269
2025-12-26 22:00:00+00:00,26.8165625,27.65424
2025-12-26 23:00:00+00:00,28.023125,28.652523
2025-12-27 00:00:00+00:00,29.2296875,29.398361
2025-12-27 01:00:00+00:00,30.43625,30.064281
2025-12-27 02:00:00+00:00,37.4228125,33.256355
2025-12-27 03:00:00+00:00,44.409375,36.37821
2025-12-27 04:00:00+00:00,51.3959375,39.96121
2025-12-27 05:00:00+00:00,58.3825,43.14947
2025-12-27 06:00:00+00:00,35.43125,30.672009
2025-12-27 07:00:00+00:00,12.479999999999999,17.354876
2025-12-27 08:00:00+00:00,24.731250000000006,29.068897
2025-12-27 09:00:00+00:00,36.9825,41.11509
2025-12-27 10:00:00+00:00,37.856875,42.172012
2025-12-27 11:00:00+00:00,38.731249999999996,42.811768
2025-12-27 12:00:00+00:00,39.605624999999996,44.31855
2025-12-27 13:00:00+00:00,40.48,45.594475
2025-12-27 14:00:00+00:00,41.842187499999994,42.779808
2025-12-27 15:00:00+00:00,43.204375,40.864704
2025-12-27 16:00:00+00:00,44.5665625,40.285492
2025-12-27 17:00:00+00:00,45.92875,39.049435
2025-12-27 18:00:00+00:00,41.20343749999999,36.28912
2025-12-27 19:00:00+00:00,36.478125,33.72702
2025-12-27 20:00:00+00:00,31.7528125,31.613674
2025-12-27 21:00:00+00:00,27.0275,28.948523
2025-12-27 22:00:00+00:00,28.1503125,30.14479
2025-12-27 23:00:00+00:00,29.273125,31.514029
2025-12-28 00:00:00+00:00,30.3959375,31.380253
2025-12-28 01:00:00+00:00,31.51875,31.048586
2025-12-28 02:00:00+00:00,32.436562499999994,29.45983
2025-12-28 03:00:00+00:00,33.354375,28.874096
2025-12-28 04:00:00+00:00,34.2721875,28.590008
2025-12-28 05:00:00+00:00,35.19,29.515303
2025-12-28 06:00:00+00:00,20.9425,26.803898
2025-12-28 07:00:00+00:00,6.694999999999999,18.744383
2025-12-28 08:00:00+00:00,18.6575,22.669487
2025-12-28 09:00:00+00:00,30.62,27.327396
2025-12-28 10:00:00+00:00,37.41875,29.114786
2025-12-28 11:00:00+00:00,44.2175,33.244877
2025-12-28 12:00:00+00:00,51.01625,38.987038
2025-12-28 13:00:00+00:00,57.815,45.21177
2025-12-28 14:00:00+00:00,51.747812499999995,44.56842
2025-12-28 15:00:00+00:00,45.680625,42.711937
2025-12-28 16:00:00+00:00,39.6134375,42.220726
2025-12-28 17:00:00+00:00,33.54625,40.814705
2025-12-28 18:00:00+00:00,32.519375,37.805553
2025-12-28 19:00:00+00:00,31.4925,34.66845
2025-12-28 20:00:00+00:00,30.465625,32.59229
2025-12-28 21:00:00+00:00,29.43875,30.661673
2025-12-28 22:00:00+00:00,30.2859375,30.481651
2025-12-28 23:00:00+00:00,31.133125,30.447685
2025-12-29 00:00:00+00:00,31.9803125,30.656956
2025-12-29 01:00:00+00:00,32.8275,30.573055
2025-12-29 02:00:00+00:00,31.396250000000002,29.769472
2025-12-29 03:00:00+00:00,29.965,28.826626
2025-12-29 04:00:00+00:00,28.533749999999998,27.621222
2025-12-29 05:00:00+00:00,27.1025,26.343689
2025-12-29 06:00:00+00:00,23.80375,18.64866
2025-12-29 07:00:00+00:00,20.505,10.351761
2025-12-29 08:00:00+00:00,25.18,21.086403
2025-12-29 09:00:00+00:00,29.855,32.618607
2025-12-29 10:00:00+00:00,34.544583333333335,35.826298
2025-12-29 11:00:00+00:00,39.23416666666666,38.667088
2025-12-29 12:00:00+00:00,43.92375,43.233063
2025-12-29 13:00:00+00:00,48.61333333333334,48.343086
2025-12-29 14:00:00+00:00,44.514375,43.954765
2025-12-29 15:00:00+00:00,40.41541666666667,39.095554
2025-12-29 16:00:00+00:00,36.31645833333334,36.975647
2025-12-29 17:00:00+00:00,32.2175,34.45534
2025-12-29 18:00:00+00:00,35.09749999999999,37.534203
2025-12-29 19:00:00+00:00,37.9775,40.445175
2025-12-29 20:00:00+00:00,40.8575,42.71109
2025-12-29 21:00:00+00:00,43.7375,43.84146
2025-12-29 22:00:00+00:00,40.234375,40.3775
2025-12-29 23:00:00+00:00,36.73125,36.48644
2025-12-30 00:00:00+00:00,33.228125,32.651302
2025-12-30 01:00:00+00:00,29.725,29.114508
2025-12-30 02:00:00+00:00,30.552187500000002,29.688677
2025-12-30 03:00:00+00:00,31.379375,30.718287
2025-12-30 04:00:00+00:00,32.2065625,32.810658
2025-12-30 05:00:00+00:00,33.03375,35.822918
2025-12-30 06:00:00+00:00,40.351875,27.844505
2025-12-30 07:00:00+00:00,47.67,17.685629
2025-12-30 08:00:00+00:00,47.8675,32.6261
2025-12-30 09:00:00+00:00,48.065,49.407314
2025-12-30 10:00:00+00:00,47.76625,51.987885
2025-12-30 11:00:00+00:00,47.4675,53.150024
2025-12-30 12:00:00+00:00,47.16875,57.38495
2025-12-30 13:00:00+00:00,46.870000000000005,61.926723
2025-12-30 14:00:00+00:00,40.59,51.626015
2025-12-30 15:00:00+00:00,34.31,41.235725
2025-12-30 16:00:00+00:00,28.03,32.66743
2025-12-30 17:00:00+00:00,21.75,23.531384
2025-12-30 18:00:00+00:00,25.1290625,26.4819
2025-12-30 19:00:00+00:00,28.508125,29.77059
2025-12-30 20:00:00+00:00,31.8871875,31.919615
2025-12-30 21:00:00+00:00,35.26624999999999,34.443836
2025-12-30 22:00:00+00:00,33.0153125,33.278755
2025-12-30 23:00:00+00:00,30.764375,31.629576
2025-12-31 00:00:00+00:00,28.5134375,27.86454
