ds,actual,predicted
2023-12-31 01:00:00+00:00,22.493515000000006,22.958832
2023-12-31 02:00:00+00:00,22.46826325,22.481724
2023-12-31 03:00:00+00:00,21.0179725,21.312943
2023-12-31 04:00:00+00:00,19.588476583333335,20.208443
2023-12-31 05:00:00+00:00,19.575729343333336,19.49769
2023-12-31 06:00:00+00:00,19.56298210333334,19.09835
2023-12-31 07:00:00+00:00,19.55023486333334,18.58392
2024-01-01 05:00:00+00:00,19.269795583333337,18.09852
2024-01-01 06:00:00+00:00,19.02010775,17.665794
2024-01-01 07:00:00+00:00,18.591796083333335,17.651196
2024-01-01 08:00:00+00:00,18.643252333333333,18.322254
2024-01-01 09:00:00+00:00,19.383000666666664,18.83474
2024-01-01 10:00:00+00:00,20.87401633333333,18.797567
2024-01-01 11:00:00+00:00,22.601516833333335,18.926086
2024-01-01 12:00:00+00:00,24.6925675,19.092724
2024-01-01 13:00:00+00:00,25.1080345,18.884659
2024-01-01 14:00:00+00:00,24.50179158333333,18.585827
2024-01-01 15:00:00+00:00,25.91578416666667,18.396181
2024-01-01 16:00:00+00:00,25.47071783333334,18.23193
2024-01-01 17:00:00+00:00,25.471200749999998,18.463734
2024-01-01 18:00:00+00:00,24.291416416666667,19.745903
2024-01-01 19:00:00+00:00,24.427853083333332,21.196428
2024-01-01 20:00:00+00:00,24.88148441666667,21.584352
2024-01-01 21:00:00+00:00,27.667407666666666,21.393536
2024-01-01 22:00:00+00:00,31.6545825,28.735556
2024-01-01 23:00:00+00:00,31.777391416666664,27.912275
2024-01-02 00:00:00+00:00,30.902085333333336,24.870872
2024-01-02 01:00:00+00:00,29.629127416666666,22.606758
2024-01-02 02:00:00+00:00,28.563232333333332,21.260187
2024-01-02 03:00:00+00:00,25.681454416666668,20.220478
2024-01-02 04:00:00+00:00,23.803116999999997,19.09164
2024-01-02 05:00:00+00:00,22.102845250000005,18.377262
2024-01-02 06:00:00+00:00,22.056070833333333,18.004545
2024-01-02 07:00:00+00:00,21.34577308333333,17.944836
2024-01-02 08:00:00+00:00,21.898372083333335,18.801657
2024-01-02 09:00:00+00:00,22.226737749999998,20.395784
2024-01-02 10:00:00+00:00,24.841250916666667,22.41281
2024-01-02 11:00:00+00:00,40.0979055,24.58316
2024-01-02 12:00:00+00:00,52.73987916666667,25.635891
2024-01-02 13:00:00+00:00,30.799393416666664,25.437775
2024-01-02 14:00:00+00:00,26.130205750000002,25.105446
2024-01-02 15:00:00+00:00,25.54618891666667,24.964876
2024-01-02 16:00:00+00:00,24.03531033333333,24.809593
2024-01-02 17:00:00+00:00,24.314704666666664,24.966879
2024-01-02 18:00:00+00:00,23.17952641666666,25.843718
2024-01-02 19:00:00+00:00,22.39559408333333,26.870964
2024-01-02 20:00:00+00:00,24.008965500000002,27.88253
2024-01-02 21:00:00+00:00,31.26132741666667,29.731075
2024-01-02 22:00:00+00:00,43.65015366666666,38.025227
2024-01-02 23:00:00+00:00,34.296928916666666,38.663925
2024-01-03 00:00:00+00:00,32.42109491666667,35.28624
2024-01-03 01:00:00+00:00,31.881986583333333,32.55707
2024-01-03 02:00:00+00:00,31.232217916666663,29.265947
2024-01-03 03:00:00+00:00,28.009426499999996,26.148216
2024-01-03 04:00:00+00:00,25.56133066666667,24.159718
2024-01-03 05:00:00+00:00,26.648643000000007,23.007528
2024-01-03 06:00:00+00:00,26.10539025,22.10786
2024-01-03 07:00:00+00:00,25.190868166666665,21.24394
2024-01-03 08:00:00+00:00,25.608557666666663,21.431492
2024-01-03 09:00:00+00:00,27.313874666666667,23.680574
2024-01-03 10:00:00+00:00,30.312472499999995,30.556456
2024-01-03 11:00:00+00:00,40.32989,40.691776
2024-01-03 12:00:00+00:00,57.06906775,41.284393
2024-01-03 13:00:00+00:00,41.02561108333333,33.927704
2024-01-03 14:00:00+00:00,32.21981316666667,28.93147
2024-01-03 15:00:00+00:00,31.909385166666667,26.352972
2024-01-03 16:00:00+00:00,31.101076083333336,24.762585
2024-01-03 17:00:00+00:00,29.332064583333334,24.02708
2024-01-03 18:00:00+00:00,29.533811666666665,23.814692
2024-01-03 19:00:00+00:00,28.984707833333335,23.756699
2024-01-03 20:00:00+00:00,28.163832249999995,24.48064
2024-01-03 21:00:00+00:00,31.97333025,29.147806
2024-01-03 22:00:00+00:00,41.985465749999996,39.71719
2024-01-03 23:00:00+00:00,38.074172499999996,38.54052
2024-01-04 00:00:00+00:00,33.49682791666667,36.485985
2024-01-04 01:00:00+00:00,33.40648358333333,35.564198
2024-01-04 02:00:00+00:00,30.39455825,32.901283
2024-01-04 03:00:00+00:00,26.876737666666667,29.605019
2024-01-04 04:00:00+00:00,25.81118325,27.282244
2024-01-04 05:00:00+00:00,27.6052885,26.428415
2024-01-04 06:00:00+00:00,25.934173083333334,26.23585
2024-01-04 07:00:00+00:00,24.786419333333328,25.836681
2024-01-04 08:00:00+00:00,24.783097833333333,26.25045
2024-01-04 09:00:00+00:00,25.871585749999998,27.65791
2024-01-04 10:00:00+00:00,26.242425833333332,31.59201
2024-01-04 11:00:00+00:00,34.041154999999996,40.952766
2024-01-04 12:00:00+00:00,43.05346241666666,45.24524
2024-01-04 13:00:00+00:00,42.77544975,40.2035
2024-01-04 14:00:00+00:00,35.601359333333335,34.825027
2024-01-04 15:00:00+00:00,34.74834666666667,32.138966
2024-01-04 16:00:00+00:00,34.315665333333335,30.343136
2024-01-04 17:00:00+00:00,33.033959083333336,28.61491
2024-01-04 18:00:00+00:00,32.79319116666667,27.60401
2024-01-04 19:00:00+00:00,32.213391916666666,27.677738
2024-01-04 20:00:00+00:00,32.07464741666667,27.78814
2024-01-04 21:00:00+00:00,35.450594083333336,30.275274
2024-01-04 22:00:00+00:00,53.62700383333333,45.35325
2024-01-04 23:00:00+00:00,49.2723505,43.93942
2024-01-05 00:00:00+00:00,49.7405365,38.603992
2024-01-05 01:00:00+00:00,47.44314716666667,36.61052
2024-01-05 02:00:00+00:00,45.803666666666665,34.21586
2024-01-05 03:00:00+00:00,42.72591908333333,30.924103
2024-01-05 04:00:00+00:00,38.67894775,28.563713
2024-01-05 05:00:00+00:00,39.20257158333333,27.563063
2024-01-05 06:00:00+00:00,36.05889233333333,26.984425
2024-01-05 07:00:00+00:00,35.57514116666667,26.206903
2024-01-05 08:00:00+00:00,35.68604108333333,26.3181
2024-01-05 09:00:00+00:00,37.175801166666666,27.17236
2024-01-05 10:00:00+00:00,38.709242583333335,30.370298
2024-01-05 11:00:00+00:00,65.95246275,39.502617
2024-01-05 12:00:00+00:00,74.81163975,43.791862
2024-01-05 13:00:00+00:00,48.17897925,39.536976
2024-01-05 14:00:00+00:00,37.013655416666666,35.684284
2024-01-05 15:00:00+00:00,33.87024641666667,34.060204
2024-01-05 16:00:00+00:00,32.854297833333334,32.211266
2024-01-05 17:00:00+00:00,30.532504499999998,30.430128
2024-01-05 18:00:00+00:00,30.592345750000007,29.487082
2024-01-05 19:00:00+00:00,30.718361333333334,29.085138
2024-01-05 20:00:00+00:00,30.88847266666667,28.698244
2024-01-05 21:00:00+00:00,35.8715235,33.418606
2024-01-05 22:00:00+00:00,49.489143000000006,48.338375
2024-01-05 23:00:00+00:00,38.428746499999995,50.09229
2024-01-06 00:00:00+00:00,35.864839499999995,46.46264
2024-01-06 01:00:00+00:00,34.78959416666667,44.722427
2024-01-06 02:00:00+00:00,34.352611583333335,41.825493
2024-01-06 03:00:00+00:00,31.1158235,37.994904
2024-01-06 04:00:00+00:00,30.678417583333328,35.030388
2024-01-06 05:00:00+00:00,31.299188,33.690865
2024-01-06 06:00:00+00:00,29.07277566666667,32.33854
2024-01-06 07:00:00+00:00,28.45055591666667,30.937357
2024-01-06 08:00:00+00:00,26.987325249999994,30.938208
2024-01-06 09:00:00+00:00,27.881044083333332,32.317467
2024-01-06 10:00:00+00:00,27.91217608333334,37.410072
2024-01-06 11:00:00+00:00,28.821667916666666,49.851746
2024-01-06 12:00:00+00:00,30.955779666666672,53.34846
2024-01-06 13:00:00+00:00,36.708406000000004,44.427624
2024-01-06 14:00:00+00:00,41.50034208333333,37.11236
2024-01-06 15:00:00+00:00,37.83918091666666,33.30849
2024-01-06 16:00:00+00:00,37.809598083333334,30.969522
2024-01-06 17:00:00+00:00,35.74421733333333,29.311295
2024-01-06 18:00:00+00:00,35.40605791666667,28.724323
2024-01-06 19:00:00+00:00,33.899630916666666,27.995758
2024-01-06 20:00:00+00:00,33.235681,26.896103
2024-01-06 21:00:00+00:00,35.659556916666666,31.900257
2024-01-06 22:00:00+00:00,37.74688366666667,39.56215
2024-01-06 23:00:00+00:00,33.9396575,37.123833
2024-01-07 00:00:00+00:00,32.302249249999996,35.072628
2024-01-07 01:00:00+00:00,30.65112625,34.66243
2024-01-07 02:00:00+00:00,29.484195166666666,34.160805
2024-01-07 03:00:00+00:00,28.141964083333335,32.62345
2024-01-07 04:00:00+00:00,26.1435745,30.751642
2024-01-07 05:00:00+00:00,25.651401250000003,29.279383
2024-01-07 06:00:00+00:00,23.298894916666672,28.350855
2024-01-07 07:00:00+00:00,22.908830666666663,27.360899
2024-01-07 08:00:00+00:00,22.046238833333334,26.545918
2024-01-07 09:00:00+00:00,21.96497808333333,25.81176
2024-01-07 10:00:00+00:00,22.565562249999996,25.649612
2024-01-07 11:00:00+00:00,22.637839666666668,27.355286
2024-01-07 12:00:00+00:00,23.790621416666667,29.823154
2024-01-07 13:00:00+00:00,25.75969591666667,30.675915
2024-01-07 14:00:00+00:00,25.723685833333334,31.137205
2024-01-07 15:00:00+00:00,26.330223666666665,31.861637
2024-01-07 16:00:00+00:00,25.762882166666667,31.423883
2024-01-07 17:00:00+00:00,24.714192833333332,30.24812
2024-01-07 18:00:00+00:00,23.49351525,29.698227
2024-01-07 19:00:00+00:00,23.478721666666672,29.058603
2024-01-07 20:00:00+00:00,23.735479249999997,28.793396
2024-01-07 21:00:00+00:00,27.24915833333333,30.905926
2024-01-07 22:00:00+00:00,34.31374575,31.744526
2024-01-07 23:00:00+00:00,33.06844733333333,30.713058
2024-01-08 00:00:00+00:00,32.17552116666667,29.596415
2024-01-08 01:00:00+00:00,31.93249325,28.893833
2024-01-08 02:00:00+00:00,29.82725741666667,27.09882
2024-01-08 03:00:00+00:00,26.748802083333334,25.082737
2024-01-08 04:00:00+00:00,25.418556666666664,23.292788
2024-01-08 05:00:00+00:00,23.155293166666667,22.296368
2024-01-08 06:00:00+00:00,22.583428166666668,21.83796
2024-01-08 07:00:00+00:00,22.65760308333333,21.053007
2024-01-08 08:00:00+00:00,22.50518925,20.474522
2024-01-08 09:00:00+00:00,22.684068916666664,20.340733
2024-01-08 10:00:00+00:00,25.416657583333333,21.633877
2024-01-08 11:00:00+00:00,36.97763416666667,24.895695
2024-01-08 12:00:00+00:00,49.56811825,27.068237
2024-01-08 13:00:00+00:00,31.431010416666666,26.556051
2024-01-08 14:00:00+00:00,27.80537766666667,25.929937
2024-01-08 15:00:00+00:00,26.589986083333333,25.592129
2024-01-08 16:00:00+00:00,26.57035458333333,24.840826
2024-01-08 17:00:00+00:00,25.646928000000003,23.950603
2024-01-08 18:00:00+00:00,25.177210583333334,23.640186
2024-01-08 19:00:00+00:00,25.130884666666663,23.675272
2024-01-08 20:00:00+00:00,24.136971750000004,24.162683
2024-01-08 21:00:00+00:00,26.264758166666667,26.706951
2024-01-08 22:00:00+00:00,35.34350641666666,32.560215
2024-01-08 23:00:00+00:00,31.805926250000002,34.736492
2024-01-09 00:00:00+00:00,29.57541283333333,34.572678
2024-01-09 01:00:00+00:00,26.5126925,33.910866
2024-01-09 02:00:00+00:00,24.298168333333333,30.713326
2024-01-09 03:00:00+00:00,22.26210041666667,26.90641
2024-01-09 04:00:00+00:00,21.047137,25.015516
2024-01-09 05:00:00+00:00,22.809214916666665,24.021927
2024-01-09 06:00:00+00:00,22.026982999999998,22.8664
2024-01-09 07:00:00+00:00,20.849494166666666,22.282396
2024-01-09 08:00:00+00:00,20.578613833333332,22.58213
2024-01-09 09:00:00+00:00,21.898449749999997,23.774622
2024-01-09 10:00:00+00:00,22.607170666666665,28.503883
2024-01-09 11:00:00+00:00,27.780759500000002,38.668743
2024-01-09 12:00:00+00:00,31.363601,43.06667
2024-01-09 13:00:00+00:00,32.4731115,38.157417
2024-01-09 14:00:00+00:00,31.88321375,33.138657
2024-01-09 15:00:00+00:00,32.001139,31.060589
2024-01-09 16:00:00+00:00,31.845006416666667,29.658766
2024-01-09 17:00:00+00:00,31.653522999999996,28.272295
2024-01-09 18:00:00+00:00,30.804525166666664,27.613434
2024-01-09 19:00:00+00:00,28.098550666666668,27.212017
2024-01-09 20:00:00+00:00,28.716007583333333,27.073452
2024-01-09 21:00:00+00:00,28.306299166666665,30.043758
2024-01-09 22:00:00+00:00,30.38731283333334,32.429054
2024-01-09 23:00:00+00:00,27.895378249999997,30.999784
2024-01-10 00:00:00+00:00,25.199835333333336,29.569916
2024-01-10 01:00:00+00:00,22.80608525,30.06918
2024-01-10 02:00:00+00:00,21.496848666666665,29.130219
2024-01-10 03:00:00+00:00,19.935058166666668,26.147476
2024-01-10 04:00:00+00:00,18.256401999999998,23.906399
2024-01-10 05:00:00+00:00,19.07595375,23.157425
2024-01-10 06:00:00+00:00,18.959795166666666,22.691427
2024-01-10 07:00:00+00:00,18.46887791666667,22.082954
2024-01-10 08:00:00+00:00,18.404724583333337,21.777973
2024-01-10 09:00:00+00:00,20.101453916666667,21.797295
2024-01-10 10:00:00+00:00,22.550544333333335,22.707659
2024-01-10 11:00:00+00:00,31.792771416666668,27.25082
2024-01-10 12:00:00+00:00,32.772159083333335,32.748104
2024-01-10 13:00:00+00:00,31.103301916666666,32.78829
2024-01-10 14:00:00+00:00,27.76498058333333,31.45252
2024-01-10 15:00:00+00:00,29.49323133333333,30.554893
2024-01-10 16:00:00+00:00,29.862287666666663,29.253233
2024-01-10 17:00:00+00:00,29.875463999999997,27.59599
2024-01-10 18:00:00+00:00,28.687529833333333,26.590446
2024-01-10 19:00:00+00:00,28.561272166666672,26.240732
2024-01-10 20:00:00+00:00,31.076439250000004,25.986301
2024-01-10 21:00:00+00:00,36.02502075,27.46402
2024-01-10 22:00:00+00:00,50.092293833333336,42.811047
2024-01-10 23:00:00+00:00,40.19728133333333,39.646496
2024-01-11 00:00:00+00:00,35.04609083333333,34.48048
2024-01-11 01:00:00+00:00,32.89691141666666,33.332867
2024-01-11 02:00:00+00:00,30.961891583333337,31.789011
2024-01-11 03:00:00+00:00,28.483029416666668,28.891832
2024-01-11 04:00:00+00:00,25.28344166666666,27.044031
2024-01-11 05:00:00+00:00,27.944695666666664,26.355186
2024-01-11 06:00:00+00:00,25.871904999999998,25.765759
2024-01-11 07:00:00+00:00,24.196559249999996,25.123108
2024-01-11 08:00:00+00:00,25.06256925,25.188507
2024-01-11 09:00:00+00:00,25.764163,25.806585
2024-01-11 10:00:00+00:00,28.261010833333334,28.734095
2024-01-11 11:00:00+00:00,36.6398205,34.7264
2024-01-11 12:00:00+00:00,46.923799,37.154022
2024-01-11 13:00:00+00:00,38.281604083333335,33.94305
2024-01-11 14:00:00+00:00,29.298233416666665,31.723705
2024-01-11 15:00:00+00:00,28.4630405,31.205788
2024-01-11 16:00:00+00:00,27.65132083333333,30.302656
2024-01-11 17:00:00+00:00,27.6156155,28.417963
2024-01-11 18:00:00+00:00,25.624054333333333,26.648853
2024-01-11 19:00:00+00:00,24.219762916666667,26.824495
2024-01-11 20:00:00+00:00,25.92147175,28.17568
2024-01-11 21:00:00+00:00,31.13056533333333,32.353516
2024-01-11 22:00:00+00:00,40.1877025,39.500893
2024-01-11 23:00:00+00:00,44.34346125,36.801952
2024-01-12 00:00:00+00:00,37.041941333333334,33.33954
2024-01-12 01:00:00+00:00,35.599251583333334,31.605888
2024-01-12 02:00:00+00:00,32.25573541666667,28.864376
2024-01-12 03:00:00+00:00,30.47332425,26.2693
2024-01-12 04:00:00+00:00,27.931474166666664,24.710976
2024-01-12 05:00:00+00:00,23.819155750000004,24.085678
2024-01-12 06:00:00+00:00,22.796271750000002,23.657782
2024-01-12 07:00:00+00:00,21.964518750000003,23.099306
2024-01-12 08:00:00+00:00,21.801853333333337,22.868929
2024-01-12 09:00:00+00:00,23.291211833333332,23.415323
2024-01-12 10:00:00+00:00,26.102559416666665,26.476442
2024-01-12 11:00:00+00:00,31.684112000000002,33.005344
2024-01-12 12:00:00+00:00,34.734708000000005,35.46774
2024-01-12 13:00:00+00:00,29.93406225,32.084488
2024-01-12 14:00:00+00:00,28.047394583333332,29.516502
2024-01-12 15:00:00+00:00,27.973074,28.413115
2024-01-12 16:00:00+00:00,26.697777333333335,27.685799
2024-01-12 17:00:00+00:00,26.476202833333332,26.383362
2024-01-12 18:00:00+00:00,25.508188166666663,25.486103
2024-01-12 19:00:00+00:00,25.597145833333332,25.212397
2024-01-12 20:00:00+00:00,26.49279466666667,25.004734
2024-01-12 21:00:00+00:00,26.56083775,29.307991
2024-01-12 22:00:00+00:00,30.1252665,31.008537
2024-01-12 23:00:00+00:00,29.00567775,30.020031
2024-01-13 00:00:00+00:00,26.589412666666664,28.49876
2024-01-13 01:00:00+00:00,24.52547541666667,28.294392
2024-01-13 02:00:00+00:00,23.925926583333332,27.278933
2024-01-13 03:00:00+00:00,23.247932583333334,25.413013
2024-01-13 04:00:00+00:00,21.358574666666666,24.165558
2024-01-13 05:00:00+00:00,15.533993500000001,23.50127
2024-01-13 06:00:00+00:00,15.500933666666665,23.179695
2024-01-13 07:00:00+00:00,18.345837333333332,22.6935
2024-01-13 08:00:00+00:00,17.40698875,22.281853
2024-01-13 09:00:00+00:00,18.29990641666667,22.217718
2024-01-13 10:00:00+00:00,19.513495000000006,22.741745
2024-01-13 11:00:00+00:00,19.752710083333337,25.460464
2024-01-13 12:00:00+00:00,22.73732191666667,27.745445
2024-01-13 13:00:00+00:00,22.7339185,26.912136
2024-01-13 14:00:00+00:00,23.19729566666667,25.782671
2024-01-13 15:00:00+00:00,50.057481833333334,25.135286
2024-01-13 16:00:00+00:00,41.36152591666667,24.28424
2024-01-13 17:00:00+00:00,38.0702625,23.31393
2024-01-13 18:00:00+00:00,35.09208816666666,22.671722
2024-01-13 19:00:00+00:00,31.726825416666667,22.195456
2024-01-13 20:00:00+00:00,35.50072525,22.029123
2024-01-13 21:00:00+00:00,48.95128641666667,24.01897
2024-01-13 22:00:00+00:00,73.75803891666666,56.664734
2024-01-13 23:00:00+00:00,74.23675966666667,49.222233
2024-01-14 00:00:00+00:00,72.439259,43.550182
2024-01-14 01:00:00+00:00,72.74822483333334,41.127113
2024-01-14 02:00:00+00:00,61.11893175,37.952507
2024-01-14 03:00:00+00:00,55.18083958333333,34.183784
2024-01-14 04:00:00+00:00,55.985706916666665,30.729105
2024-01-14 05:00:00+00:00,41.21739758333333,27.568531
2024-01-14 06:00:00+00:00,39.67391308333333,24.948534
2024-01-14 07:00:00+00:00,39.62572,22.073254
2024-01-14 08:00:00+00:00,39.13680525,20.357506
2024-01-14 09:00:00+00:00,39.641730833333334,20.168842
2024-01-14 10:00:00+00:00,45.3847465,21.069988
2024-01-14 11:00:00+00:00,45.17972416666667,23.759895
2024-01-14 12:00:00+00:00,43.3300865,25.515266
2024-01-14 13:00:00+00:00,44.58707116666667,27.433746
2024-01-14 14:00:00+00:00,39.29865841666666,31.580162
2024-01-14 15:00:00+00:00,50.06413333333333,34.393486
2024-01-14 16:00:00+00:00,45.60347033333333,33.80779
2024-01-14 17:00:00+00:00,49.12960808333332,32.64319
2024-01-14 18:00:00+00:00,46.122284666666665,31.950993
2024-01-14 19:00:00+00:00,45.711407916666666,31.282495
2024-01-14 20:00:00+00:00,46.67915383333334,32.33348
2024-01-14 21:00:00+00:00,60.54490216666667,40.03423
2024-01-14 22:00:00+00:00,99.09614025,80.474785
2024-01-14 23:00:00+00:00,100.52652958333333,83.65004
2024-01-15 00:00:00+00:00,102.00479175,76.32808
2024-01-15 01:00:00+00:00,102.17563066666666,68.79831
2024-01-15 02:00:00+00:00,100.31514550000001,61.627243
2024-01-15 03:00:00+00:00,95.87462033333333,54.72971
2024-01-15 04:00:00+00:00,90.36008133333331,48.57207
2024-01-15 05:00:00+00:00,116.72110175000002,43.976288
2024-01-15 06:00:00+00:00,121.44659183333336,41.230408
2024-01-15 07:00:00+00:00,114.485598,39.205166
2024-01-15 08:00:00+00:00,121.84480041666667,37.509407
2024-01-15 09:00:00+00:00,123.21032683333334,36.56717
2024-01-15 10:00:00+00:00,124.71455575,36.470886
2024-01-15 11:00:00+00:00,130.55803941666667,41.200367
2024-01-15 12:00:00+00:00,145.50619116666667,44.090126
2024-01-15 13:00:00+00:00,142.47856141666668,40.71692
2024-01-15 14:00:00+00:00,139.84782883333332,37.298424
2024-01-15 15:00:00+00:00,150.1398396666667,36.1597
2024-01-15 16:00:00+00:00,145.99301233333333,34.82025
2024-01-15 17:00:00+00:00,129.63259241666665,33.63071
2024-01-15 18:00:00+00:00,128.36703616666668,32.914093
2024-01-15 19:00:00+00:00,123.75697916666668,31.899548
2024-01-15 20:00:00+00:00,122.48522266666667,32.9862
2024-01-15 21:00:00+00:00,122.66788233333332,44.105293
2024-01-15 22:00:00+00:00,155.1697715,135.16515
2024-01-15 23:00:00+00:00,148.3939915,138.54817
2024-01-16 00:00:00+00:00,148.67150783333332,133.19038
2024-01-16 01:00:00+00:00,126.66470741666669,121.858475
2024-01-16 02:00:00+00:00,125.721437,112.0291
2024-01-16 03:00:00+00:00,112.45985391666666,101.80206
2024-01-16 04:00:00+00:00,94.67260299999998,93.49623
2024-01-16 05:00:00+00:00,83.14414791666668,89.097435
2024-01-16 06:00:00+00:00,80.32597583333333,86.384094
2024-01-16 07:00:00+00:00,76.520323,85.558044
2024-01-16 08:00:00+00:00,73.32498908333334,83.77983
2024-01-16 09:00:00+00:00,73.847061,81.612045
2024-01-16 10:00:00+00:00,92.20653633333332,79.29912
2024-01-16 11:00:00+00:00,133.93375375,81.405876
2024-01-16 12:00:00+00:00,140.14603375,81.935684
2024-01-16 13:00:00+00:00,146.2310865,76.333015
2024-01-16 14:00:00+00:00,142.08957391666667,73.964775
2024-01-16 15:00:00+00:00,139.60605333333334,74.34013
2024-01-16 16:00:00+00:00,132.31874533333334,71.59462
2024-01-16 17:00:00+00:00,119.84025108333333,64.75418
2024-01-16 18:00:00+00:00,116.707687,60.821854
2024-01-16 19:00:00+00:00,114.30337133333335,57.349495
2024-01-16 20:00:00+00:00,113.70093341666667,50.878174
2024-01-16 21:00:00+00:00,131.78470658333333,52.82141
2024-01-16 22:00:00+00:00,179.13617750000003,141.41833
2024-01-16 23:00:00+00:00,182.25900133333332,145.32059
2024-01-17 00:00:00+00:00,178.60828275000003,138.64017
2024-01-17 01:00:00+00:00,161.53455808333334,125.7232
2024-01-17 02:00:00+00:00,150.62477316666667,109.87246
2024-01-17 03:00:00+00:00,131.257631,95.57094
2024-01-17 04:00:00+00:00,128.11444291666666,86.31596
2024-01-17 05:00:00+00:00,135.34530700000002,80.341934
2024-01-17 06:00:00+00:00,137.40250066666667,74.7287
2024-01-17 07:00:00+00:00,135.12739641666667,70.58401
2024-01-17 08:00:00+00:00,140.46002508333333,69.25411
2024-01-17 09:00:00+00:00,139.07237483333333,72.05428
2024-01-17 10:00:00+00:00,164.6842571666667,82.9939
2024-01-17 11:00:00+00:00,196.188577,98.55153
2024-01-17 12:00:00+00:00,276.9319014166667,105.8011
2024-01-17 13:00:00+00:00,180.3578965833333,104.437195
2024-01-17 14:00:00+00:00,150.86840558333333,97.653114
2024-01-17 15:00:00+00:00,127.63809325,88.515274
2024-01-17 16:00:00+00:00,90.51937550000001,81.08444
2024-01-17 17:00:00+00:00,81.52788083333333,74.17731
2024-01-17 18:00:00+00:00,76.364921,68.35149
2024-01-17 19:00:00+00:00,68.20501333333333,65.11446
2024-01-17 20:00:00+00:00,76.7080005,66.506035
2024-01-17 21:00:00+00:00,96.16817725,71.72035
2024-01-17 22:00:00+00:00,119.699184,127.07764
2024-01-17 23:00:00+00:00,132.6064195,142.68253
2024-01-18 00:00:00+00:00,126.44192216666666,129.36513
2024-01-18 01:00:00+00:00,120.40093208333333,117.301445
2024-01-18 02:00:00+00:00,116.95619366666668,111.55358
2024-01-18 03:00:00+00:00,97.52975350000001,105.01359
2024-01-18 04:00:00+00:00,77.33794208333333,98.72472
2024-01-18 05:00:00+00:00,70.99695774999999,94.112076
2024-01-18 06:00:00+00:00,62.48297591666666,88.948456
2024-01-18 07:00:00+00:00,59.397013333333334,84.83601
2024-01-18 08:00:00+00:00,58.01552758333333,84.588
2024-01-18 09:00:00+00:00,60.420803333333325,88.62341
2024-01-18 10:00:00+00:00,71.22062908333334,96.42629
2024-01-18 11:00:00+00:00,94.60274625,115.80563
2024-01-18 12:00:00+00:00,125.28776416666665,122.283
2024-01-18 13:00:00+00:00,98.91648758333334,104.71301
2024-01-18 14:00:00+00:00,80.714448,86.3277
2024-01-18 15:00:00+00:00,53.00681300000001,75.71185
2024-01-18 16:00:00+00:00,49.623784666666666,67.40013
2024-01-18 17:00:00+00:00,47.58071674999999,59.03507
2024-01-18 18:00:00+00:00,45.76275341666667,54.075443
2024-01-18 19:00:00+00:00,45.56884708333334,51.45301
2024-01-18 20:00:00+00:00,44.929403083333334,50.88215
2024-01-18 21:00:00+00:00,48.509468999999996,60.692986
2024-01-18 22:00:00+00:00,60.435335,58.506935
2024-01-18 23:00:00+00:00,61.51648983333333,64.24964
2024-01-19 00:00:00+00:00,56.713469583333335,67.619995
2024-01-19 01:00:00+00:00,51.76200166666666,66.48517
2024-01-19 02:00:00+00:00,47.2266045,62.123512
2024-01-19 03:00:00+00:00,43.74526733333334,55.610695
2024-01-19 04:00:00+00:00,40.92876691666667,50.49157
2024-01-19 05:00:00+00:00,40.12888225,46.71824
2024-01-19 06:00:00+00:00,37.656804,42.763195
2024-01-19 07:00:00+00:00,36.15511875,41.59254
2024-01-19 08:00:00+00:00,35.70520083333333,42.292362
2024-01-19 09:00:00+00:00,37.38773141666667,43.485275
2024-01-19 10:00:00+00:00,42.0091295,47.29157
2024-01-19 11:00:00+00:00,46.48312258333333,54.857243
2024-01-19 12:00:00+00:00,55.31277433333333,62.609436
2024-01-19 13:00:00+00:00,54.68349958333334,61.187515
2024-01-19 14:00:00+00:00,58.34387091666667,54.62671
2024-01-19 15:00:00+00:00,62.11308458333334,50.870224
2024-01-19 16:00:00+00:00,56.62450175,48.797195
2024-01-19 17:00:00+00:00,54.64757075,46.154522
2024-01-19 18:00:00+00:00,50.65515108333333,45.479065
2024-01-19 19:00:00+00:00,48.045713416666665,47.458332
2024-01-19 20:00:00+00:00,47.19127391666666,51.323692
2024-01-19 21:00:00+00:00,52.64727058333333,56.736137
2024-01-19 22:00:00+00:00,62.895481249999996,59.839073
2024-01-19 23:00:00+00:00,62.95539283333333,60.41255
2024-01-20 00:00:00+00:00,61.04404016666667,59.684155
2024-01-20 01:00:00+00:00,58.5567775,56.735626
2024-01-20 02:00:00+00:00,55.47395241666666,53.464996
2024-01-20 03:00:00+00:00,52.71351183333333,48.944153
2024-01-20 04:00:00+00:00,47.93529891666666,42.001213
2024-01-20 05:00:00+00:00,45.53533416666666,36.141148
2024-01-20 06:00:00+00:00,44.967879,32.875565
2024-01-20 07:00:00+00:00,44.97682583333333,29.702595
2024-01-20 08:00:00+00:00,45.36366616666667,27.49252
2024-01-20 09:00:00+00:00,50.81370583333332,27.798904
2024-01-20 10:00:00+00:00,52.53285233333333,29.72054
2024-01-20 11:00:00+00:00,53.636468666666666,32.786522
2024-01-20 12:00:00+00:00,66.51533275,38.197037
2024-01-20 13:00:00+00:00,59.60599941666666,40.562523
2024-01-20 14:00:00+00:00,58.780020666666665,40.617416
2024-01-20 15:00:00+00:00,57.29410525000001,38.092216
2024-01-20 16:00:00+00:00,59.636600916666666,33.31256
2024-01-20 17:00:00+00:00,60.236044916666664,29.760002
2024-01-20 18:00:00+00:00,54.216867,29.059189
2024-01-20 19:00:00+00:00,50.45209925,28.740906
2024-01-20 20:00:00+00:00,56.85127066666666,32.25678
2024-01-20 21:00:00+00:00,66.16062933333333,39.9135
2024-01-20 22:00:00+00:00,85.03219866666667,76.12155
2024-01-20 23:00:00+00:00,88.33866333333334,78.1219
2024-01-21 00:00:00+00:00,70.37618925,80.26188
2024-01-21 01:00:00+00:00,68.36816691666667,79.137375
2024-01-21 02:00:00+00:00,70.32550983333333,73.86724
2024-01-21 03:00:00+00:00,65.91035483333333,68.12414
2024-01-21 04:00:00+00:00,63.891757500000004,61.203865
2024-01-21 05:00:00+00:00,57.881337083333335,56.524834
2024-01-21 06:00:00+00:00,58.78438583333334,54.11193
2024-01-21 07:00:00+00:00,58.772076750000004,52.87537
2024-01-21 08:00:00+00:00,57.58270816666667,53.071278
2024-01-21 09:00:00+00:00,56.798278,54.45935
2024-01-21 10:00:00+00:00,58.38904183333333,59.68404
2024-01-21 11:00:00+00:00,62.07366041666666,69.115105
2024-01-21 12:00:00+00:00,69.75097825,73.56664
2024-01-21 13:00:00+00:00,53.00105583333334,71.24789
2024-01-21 14:00:00+00:00,47.09221175,69.50891
2024-01-21 15:00:00+00:00,42.848587083333335,66.15867
2024-01-21 16:00:00+00:00,42.551579833333335,60.517967
2024-01-21 17:00:00+00:00,40.641359083333334,56.471645
2024-01-21 18:00:00+00:00,37.29310241666666,55.381702
2024-01-21 19:00:00+00:00,35.37599616666667,55.74314
2024-01-21 20:00:00+00:00,35.455483,59.81621
2024-01-21 21:00:00+00:00,42.09602,70.219574
2024-01-21 22:00:00+00:00,60.67107466666667,48.66925
2024-01-21 23:00:00+00:00,54.904534333333345,49.812458
2024-01-22 00:00:00+00:00,48.22794975,49.87631
2024-01-22 01:00:00+00:00,46.68582933333334,49.19407
2024-01-22 02:00:00+00:00,45.50795283333333,47.01592
2024-01-22 03:00:00+00:00,40.90090608333333,44.98931
2024-01-22 04:00:00+00:00,37.12010741666666,41.76128
2024-01-22 05:00:00+00:00,42.31483033333333,38.239613
2024-01-22 06:00:00+00:00,42.01718141666667,36.50433
2024-01-22 07:00:00+00:00,43.193168333333325,36.03192
2024-01-22 08:00:00+00:00,43.49130741666666,34.336395
2024-01-22 09:00:00+00:00,47.895376166666665,34.248383
2024-01-22 10:00:00+00:00,58.03305541666666,36.887074
2024-01-22 11:00:00+00:00,95.30663416666665,42.079052
2024-01-22 12:00:00+00:00,112.88609616666668,45.817295
2024-01-22 13:00:00+00:00,65.36632216666666,44.865326
2024-01-22 14:00:00+00:00,47.94085208333334,42.36451
2024-01-22 15:00:00+00:00,44.38378933333334,40.69989
2024-01-22 16:00:00+00:00,40.27284491666666,38.51089
2024-01-22 17:00:00+00:00,37.63634725,37.81253
2024-01-22 18:00:00+00:00,35.90728525,37.924038
2024-01-22 19:00:00+00:00,34.718545666666664,38.032597
2024-01-22 20:00:00+00:00,36.64917208333333,38.79809
2024-01-22 21:00:00+00:00,40.65820383333334,42.482548
2024-01-22 22:00:00+00:00,55.061273250000006,46.65113
2024-01-22 23:00:00+00:00,50.80678791666667,47.914917
2024-01-23 00:00:00+00:00,49.451893000000005,46.064808
2024-01-23 01:00:00+00:00,48.095826916666674,45.7756
2024-01-23 02:00:00+00:00,42.06754108333333,44.615036
2024-01-23 03:00:00+00:00,38.32735808333333,42.280407
2024-01-23 04:00:00+00:00,35.562699,43.81201
2024-01-23 05:00:00+00:00,37.648764416666666,47.018383
2024-01-23 06:00:00+00:00,34.647869666666665,48.350224
2024-01-23 07:00:00+00:00,34.452897166666666,51.178493
2024-01-23 08:00:00+00:00,34.01290508333333,56.141685
2024-01-23 09:00:00+00:00,34.949729166666664,58.4153
2024-01-23 10:00:00+00:00,39.16029091666667,63.139767
2024-01-23 11:00:00+00:00,58.72555008333333,73.63787
2024-01-23 12:00:00+00:00,63.1732525,77.81801
2024-01-23 13:00:00+00:00,51.693766000000004,64.433495
2024-01-23 14:00:00+00:00,43.81574441666667,49.52993
2024-01-23 15:00:00+00:00,33.151293583333334,42.28562
2024-01-23 16:00:00+00:00,33.72287458333333,37.87035
2024-01-23 17:00:00+00:00,33.486567916666665,33.247288
2024-01-23 18:00:00+00:00,32.2159045,29.785511
2024-01-23 19:00:00+00:00,30.208053083333336,30.107716
2024-01-23 20:00:00+00:00,30.69458075,33.467148
2024-01-23 21:00:00+00:00,32.059729833333336,35.736828
2024-01-23 22:00:00+00:00,39.69661766666667,38.803093
2024-01-23 23:00:00+00:00,36.81034483333333,42.448727
2024-01-24 00:00:00+00:00,32.318131666666666,43.018364
2024-01-24 01:00:00+00:00,29.98754025,43.40648
2024-01-24 02:00:00+00:00,27.970773333333337,41.21843
2024-01-24 03:00:00+00:00,26.62960325,37.549587
2024-01-24 04:00:00+00:00,25.692758333333334,35.22068
2024-01-24 05:00:00+00:00,24.311901666666667,34.511417
2024-01-24 06:00:00+00:00,22.676284000000003,31.573017
2024-01-24 07:00:00+00:00,22.32452016666667,30.179943
2024-01-24 08:00:00+00:00,22.089600333333333,29.56681
2024-01-24 09:00:00+00:00,22.757208416666668,30.354237
2024-01-24 10:00:00+00:00,24.759038000000004,34.851883
2024-01-24 11:00:00+00:00,32.97619916666667,45.195522
2024-01-24 12:00:00+00:00,34.33996975,52.692085
2024-01-24 13:00:00+00:00,30.989647499999997,48.07914
2024-01-24 14:00:00+00:00,29.79046516666667,41.20464
2024-01-24 15:00:00+00:00,29.850651333333335,38.66053
2024-01-24 16:00:00+00:00,27.524959749999997,36.87021
2024-01-24 17:00:00+00:00,26.386570833333334,33.636192
2024-01-24 18:00:00+00:00,25.830217083333334,32.796253
2024-01-24 19:00:00+00:00,24.71889941666667,32.503967
2024-01-24 20:00:00+00:00,24.468602833333335,32.23568
2024-01-24 21:00:00+00:00,26.107562083333335,33.983322
2024-01-24 22:00:00+00:00,31.359414833333332,30.03394
2024-01-24 23:00:00+00:00,29.351770916666666,32.109432
2024-01-25 00:00:00+00:00,26.37572258333333,31.598232
2024-01-25 01:00:00+00:00,24.644202500000002,31.158463
2024-01-25 02:00:00+00:00,23.196418750000003,31.33108
2024-01-25 03:00:00+00:00,21.7636495,30.53553
2024-01-25 04:00:00+00:00,19.94457158333333,28.982063
2024-01-25 05:00:00+00:00,22.228536666666667,27.629324
2024-01-25 06:00:00+00:00,20.389507249999998,26.51547
2024-01-25 07:00:00+00:00,18.40925825,26.037102
2024-01-25 08:00:00+00:00,18.286277166666668,25.232738
2024-01-25 09:00:00+00:00,19.991738416666667,25.800386
2024-01-25 10:00:00+00:00,22.994951333333333,30.02097
2024-01-25 11:00:00+00:00,28.94725825,37.274044
2024-01-25 12:00:00+00:00,32.37145041666667,40.522945
2024-01-25 13:00:00+00:00,32.4654475,38.181587
2024-01-25 14:00:00+00:00,32.820226166666664,36.80377
2024-01-25 15:00:00+00:00,33.643087916666666,37.22739
2024-01-25 16:00:00+00:00,32.53271975,36.571144
2024-01-25 17:00:00+00:00,31.706071083333335,34.457603
2024-01-25 18:00:00+00:00,31.642572583333333,32.79064
2024-01-25 19:00:00+00:00,30.813150833333335,31.830545
2024-01-25 20:00:00+00:00,29.38821341666667,32.06562
2024-01-25 21:00:00+00:00,29.91346658333333,33.993492
2024-01-25 22:00:00+00:00,33.10766916666667,34.02468
2024-01-25 23:00:00+00:00,31.89614941666667,34.895844
2024-01-26 00:00:00+00:00,28.585843333333333,32.467796
2024-01-26 01:00:00+00:00,27.214765,31.443428
2024-01-26 02:00:00+00:00,24.446818333333336,30.229858
2024-01-26 03:00:00+00:00,22.02561416666667,27.931267
2024-01-26 04:00:00+00:00,17.823996,26.844294
2024-01-26 05:00:00+00:00,20.035180083333334,26.766502
2024-01-26 06:00:00+00:00,17.500019416666667,26.437658
2024-01-26 07:00:00+00:00,15.648253166666665,26.522078
2024-01-26 08:00:00+00:00,15.43418125,26.826008
2024-01-26 09:00:00+00:00,16.43372475,27.815214
2024-01-26 10:00:00+00:00,20.518769833333334,30.597416
2024-01-26 11:00:00+00:00,26.035180333333333,36.900635
2024-01-26 12:00:00+00:00,31.37885833333333,42.788246
2024-01-26 13:00:00+00:00,31.449287833333333,41.972664
2024-01-26 14:00:00+00:00,30.72807308333333,40.013763
2024-01-26 15:00:00+00:00,31.974741833333336,39.765884
2024-01-26 16:00:00+00:00,31.8731525,38.40995
2024-01-26 17:00:00+00:00,30.394535166666667,36.233875
2024-01-26 18:00:00+00:00,29.099723166666667,34.56424
2024-01-26 19:00:00+00:00,27.462942916666666,33.36239
2024-01-26 20:00:00+00:00,27.21618083333334,32.657715
2024-01-26 21:00:00+00:00,30.083539083333335,33.979828
2024-01-26 22:00:00+00:00,33.80919733333334,34.30078
2024-01-26 23:00:00+00:00,32.65264583333333,32.186634
2024-01-27 00:00:00+00:00,29.55285275,29.521425
2024-01-27 01:00:00+00:00,27.851176666666664,29.038202
2024-01-27 02:00:00+00:00,25.6165455,27.692038
2024-01-27 03:00:00+00:00,22.51917,24.711857
2024-01-27 04:00:00+00:00,21.100543166666665,22.374006
2024-01-27 05:00:00+00:00,21.268700250000002,21.249159
2024-01-27 06:00:00+00:00,19.356955333333335,20.070515
2024-01-27 07:00:00+00:00,18.178036583333334,19.206676
2024-01-27 08:00:00+00:00,18.01500441666667,18.772635
2024-01-27 09:00:00+00:00,18.592227833333336,19.140335
2024-01-27 10:00:00+00:00,19.017006416666664,20.957067
2024-01-27 11:00:00+00:00,21.279715333333332,25.313942
2024-01-27 12:00:00+00:00,22.97915175,29.385323
2024-01-27 13:00:00+00:00,26.669827249999997,29.829739
2024-01-27 14:00:00+00:00,27.54417025,29.40731
2024-01-27 15:00:00+00:00,26.71422875,29.437105
2024-01-27 16:00:00+00:00,27.288721749999997,28.271091
2024-01-27 17:00:00+00:00,25.891240416666665,26.495783
2024-01-27 18:00:00+00:00,24.529032083333334,25.946527
2024-01-27 19:00:00+00:00,23.52005766666667,25.48455
2024-01-27 20:00:00+00:00,23.478191166666665,25.475452
2024-01-27 21:00:00+00:00,24.960373500000003,29.383507
2024-01-27 22:00:00+00:00,31.010019416666665,27.611443
2024-01-27 23:00:00+00:00,28.729223416666667,28.96109
2024-01-28 00:00:00+00:00,24.094051750000002,26.608932
2024-01-28 01:00:00+00:00,22.618754666666668,24.299763
2024-01-28 02:00:00+00:00,21.33827691666667,23.15627
2024-01-28 03:00:00+00:00,20.440814333333336,21.935272
2024-01-28 04:00:00+00:00,17.732590916666666,20.645912
2024-01-28 05:00:00+00:00,15.77386591666667,19.506153
2024-01-28 06:00:00+00:00,15.197815749999998,18.308798
2024-01-28 07:00:00+00:00,14.545107083333335,17.242027
2024-01-28 08:00:00+00:00,14.380750916666665,16.621832
2024-01-28 09:00:00+00:00,14.538887583333334,17.07081
2024-01-28 10:00:00+00:00,14.725064083333335,18.107727
2024-01-28 11:00:00+00:00,15.622371083333336,20.023916
2024-01-28 12:00:00+00:00,16.445073,22.220844
2024-01-28 13:00:00+00:00,18.307896000000003,23.32706
2024-01-28 14:00:00+00:00,22.011123416666667,24.301632
2024-01-28 15:00:00+00:00,23.893285916666667,25.413944
2024-01-28 16:00:00+00:00,24.762959249999998,25.399563
2024-01-28 17:00:00+00:00,25.001520916666667,24.397064
2024-01-28 18:00:00+00:00,23.557247,23.506577
2024-01-28 19:00:00+00:00,22.884883416666668,23.54847
2024-01-28 20:00:00+00:00,22.612857166666668,24.374134
2024-01-28 21:00:00+00:00,24.13427075,26.140907
2024-01-28 22:00:00+00:00,32.372332416666666,25.551228
2024-01-28 23:00:00+00:00,31.090046583333333,25.285883
2024-01-29 00:00:00+00:00,28.64698466666667,23.907635
2024-01-29 01:00:00+00:00,27.205518249999997,22.284573
2024-01-29 02:00:00+00:00,25.459169750000004,20.118977
2024-01-29 03:00:00+00:00,23.47427641666667,17.404303
2024-01-29 04:00:00+00:00,22.10679675,15.304258
2024-01-29 05:00:00+00:00,19.171853333333335,14.267334
2024-01-29 06:00:00+00:00,17.92126025,13.254004
2024-01-29 07:00:00+00:00,18.032322,12.66313
2024-01-29 08:00:00+00:00,17.7289245,12.512688
2024-01-29 09:00:00+00:00,19.197704166666668,13.469221
2024-01-29 10:00:00+00:00,22.650055499999997,15.751025
2024-01-29 11:00:00+00:00,30.963232083333335,18.8909
2024-01-29 12:00:00+00:00,37.50447991666667,22.222359
2024-01-29 13:00:00+00:00,32.761929583333334,24.34133
2024-01-29 14:00:00+00:00,30.3407215,25.72337
2024-01-29 15:00:00+00:00,31.068839833333328,27.404541
2024-01-29 16:00:00+00:00,31.432805166666668,28.075094
2024-01-29 17:00:00+00:00,30.054880416666663,27.958212
2024-01-29 18:00:00+00:00,26.99416175,28.497091
2024-01-29 19:00:00+00:00,24.355885,28.357098
2024-01-29 20:00:00+00:00,25.099677916666668,27.50426
2024-01-29 21:00:00+00:00,28.88108275,28.013655
2024-01-29 22:00:00+00:00,39.672547333333334,35.060333
2024-01-29 23:00:00+00:00,35.46558708333333,34.574383
2024-01-30 00:00:00+00:00,31.151497583333335,32.32505
2024-01-30 01:00:00+00:00,28.5114055,30.692568
2024-01-30 02:00:00+00:00,24.185497916666666,27.915907
2024-01-30 03:00:00+00:00,22.506403249999998,24.66482
2024-01-30 04:00:00+00:00,20.999157083333333,22.41443
2024-01-30 05:00:00+00:00,22.051928333333333,21.382523
2024-01-30 06:00:00+00:00,20.456893500000003,21.022743
2024-01-30 07:00:00+00:00,20.250673000000006,20.681765
2024-01-30 08:00:00+00:00,20.848632916666666,20.657995
2024-01-30 09:00:00+00:00,22.615842416666666,21.681034
2024-01-30 10:00:00+00:00,23.86736408333333,24.587032
2024-01-30 11:00:00+00:00,36.15129408333333,29.975185
2024-01-30 12:00:00+00:00,42.66283383333333,33.181175
2024-01-30 13:00:00+00:00,33.57689525,31.869637
2024-01-30 14:00:00+00:00,29.273714333333334,30.34153
2024-01-30 15:00:00+00:00,30.276310666666664,29.95528
2024-01-30 16:00:00+00:00,28.31222108333333,29.464428
2024-01-30 17:00:00+00:00,27.657662333333334,28.279928
2024-01-30 18:00:00+00:00,27.134747416666666,27.240534
2024-01-30 19:00:00+00:00,26.7650135,26.286825
2024-01-30 20:00:00+00:00,26.15184458333333,25.991077
2024-01-30 21:00:00+00:00,28.648622666666668,28.841875
2024-01-30 22:00:00+00:00,36.13744625,36.526505
2024-01-30 23:00:00+00:00,35.67648116666667,36.86631
2024-01-31 00:00:00+00:00,33.01516183333333,31.653475
2024-01-31 01:00:00+00:00,31.42813425,28.956593
2024-01-31 02:00:00+00:00,29.205545916666665,26.648037
2024-01-31 03:00:00+00:00,26.15074258333333,24.078049
2024-01-31 04:00:00+00:00,25.441228833333337,22.556368
2024-01-31 05:00:00+00:00,25.18109779,22.13756
2024-01-31 06:00:00+00:00,24.920966746666668,21.954885
2024-01-31 07:00:00+00:00,24.660835703333337,21.64252
2024-02-01 05:00:00+00:00,18.93795275,22.055576
2024-02-01 06:00:00+00:00,18.925614916666667,23.596151
2024-02-01 07:00:00+00:00,18.722996083333335,26.800776
2024-02-01 08:00:00+00:00,18.503079500000002,33.516693
2024-02-01 09:00:00+00:00,18.992608666666666,36.694935
2024-02-01 10:00:00+00:00,21.449732083333334,33.986446
2024-02-01 11:00:00+00:00,31.015437416666664,31.912369
2024-02-01 12:00:00+00:00,36.911987833333335,31.309908
2024-02-01 13:00:00+00:00,27.97355966666667,30.231684
2024-02-01 14:00:00+00:00,24.084333583333333,28.723156
2024-02-01 15:00:00+00:00,23.310806916666667,27.641691
2024-02-01 16:00:00+00:00,21.583488916666667,27.11618
2024-02-01 17:00:00+00:00,21.661157916666667,26.728313
2024-02-01 18:00:00+00:00,20.138758250000002,29.52551
2024-02-01 19:00:00+00:00,19.850244916666668,20.903616
2024-02-01 20:00:00+00:00,19.67970525,21.627922
2024-02-01 21:00:00+00:00,22.667933333333334,22.46804
2024-02-01 22:00:00+00:00,30.014759583333333,22.85463
2024-02-01 23:00:00+00:00,29.65440816666667,22.398787
2024-02-02 00:00:00+00:00,27.056715999999998,21.601023
2024-02-02 01:00:00+00:00,25.627519749999998,20.8283
2024-02-02 02:00:00+00:00,22.421418583333335,19.56582
2024-02-02 03:00:00+00:00,20.821136583333335,18.057259
2024-02-02 04:00:00+00:00,17.86467891666667,17.094328
2024-02-02 05:00:00+00:00,17.131947833333335,16.826084
2024-02-02 06:00:00+00:00,16.66746925,16.760832
2024-02-02 07:00:00+00:00,15.915747916666671,16.591803
2024-02-02 08:00:00+00:00,15.979458000000001,17.661581
2024-02-02 09:00:00+00:00,16.794792833333336,19.491451
2024-02-02 10:00:00+00:00,18.745382833333334,21.53361
2024-02-02 11:00:00+00:00,26.5720675,24.36888
2024-02-02 12:00:00+00:00,27.96579875,26.493515
2024-02-02 13:00:00+00:00,26.634871,25.45681
2024-02-02 14:00:00+00:00,23.835970833333334,23.742054
2024-02-02 15:00:00+00:00,23.999661333333336,22.890242
2024-02-02 16:00:00+00:00,23.644290833333333,22.20514
2024-02-02 17:00:00+00:00,24.09985208333333,21.600168
2024-02-02 18:00:00+00:00,21.919860416666666,21.3915
2024-02-02 19:00:00+00:00,21.201116916666667,21.97078
2024-02-02 20:00:00+00:00,20.721557999999998,22.446222
2024-02-02 21:00:00+00:00,22.676753250000004,24.392445
2024-02-02 22:00:00+00:00,28.50225491666667,27.022331
2024-02-02 23:00:00+00:00,28.29993758333333,27.70855
2024-02-03 00:00:00+00:00,26.372798333333332,25.935741
2024-02-03 01:00:00+00:00,24.008123583333333,23.802807
2024-02-03 02:00:00+00:00,22.743675916666664,21.823479
2024-02-03 03:00:00+00:00,22.270606333333333,20.068584
2024-02-03 04:00:00+00:00,20.17309675,18.786863
2024-02-03 05:00:00+00:00,21.115261833333328,18.047523
2024-02-03 06:00:00+00:00,20.809145833333332,17.70665
2024-02-03 07:00:00+00:00,19.5568335,17.617956
2024-02-03 08:00:00+00:00,19.702627083333333,18.21701
2024-02-03 09:00:00+00:00,20.897190833333333,19.832624
2024-02-03 10:00:00+00:00,22.274648916666667,22.140614
2024-02-03 11:00:00+00:00,24.819564,24.954678
2024-02-03 12:00:00+00:00,26.651310249999998,26.967842
2024-02-03 13:00:00+00:00,23.832564083333335,26.23533
2024-02-03 14:00:00+00:00,19.44396991666667,24.657347
2024-02-03 15:00:00+00:00,19.324068250000003,24.058784
2024-02-03 16:00:00+00:00,18.654878749999998,23.371803
2024-02-03 17:00:00+00:00,18.12789725,22.702381
2024-02-03 18:00:00+00:00,16.865651416666665,22.506876
2024-02-03 19:00:00+00:00,15.730860833333331,17.114323
2024-02-03 20:00:00+00:00,16.389024916666667,17.51713
2024-02-03 21:00:00+00:00,18.13442458333333,18.702019
2024-02-03 22:00:00+00:00,24.409557250000002,20.623585
2024-02-03 23:00:00+00:00,25.657723083333334,21.754484
2024-02-04 00:00:00+00:00,23.01137425,21.424835
2024-02-04 01:00:00+00:00,22.137603666666667,20.47469
2024-02-04 02:00:00+00:00,21.022139499999998,19.617935
2024-02-04 03:00:00+00:00,20.567675083333334,18.913837
2024-02-04 04:00:00+00:00,20.21371525,18.126709
2024-02-04 05:00:00+00:00,21.561030916666667,17.538538
2024-02-04 06:00:00+00:00,20.911922416666666,17.087444
2024-02-04 07:00:00+00:00,20.499034333333338,16.838865
2024-02-04 08:00:00+00:00,21.53923466666667,16.746346
2024-02-04 09:00:00+00:00,22.046165666666667,16.85009
2024-02-04 10:00:00+00:00,23.118476083333334,17.773726
2024-02-04 11:00:00+00:00,25.12537491666667,19.3109
2024-02-04 12:00:00+00:00,26.34809633333333,19.877361
2024-02-04 13:00:00+00:00,21.229813500000002,18.952972
2024-02-04 14:00:00+00:00,18.33910975,17.85773
2024-02-04 15:00:00+00:00,17.838415583333337,17.22933
2024-02-04 16:00:00+00:00,17.167862750000005,16.754875
2024-02-04 17:00:00+00:00,17.18754375,16.460945
2024-02-04 18:00:00+00:00,15.919985166666669,16.574337
2024-02-04 19:00:00+00:00,15.065903083333334,15.680622
2024-02-04 20:00:00+00:00,15.274268,16.05042
2024-02-04 21:00:00+00:00,17.321585916666667,17.168903
2024-02-04 22:00:00+00:00,25.28577891666667,21.048683
2024-02-04 23:00:00+00:00,26.091731749999997,24.480492
2024-02-05 00:00:00+00:00,25.832190749999995,23.653154
2024-02-05 01:00:00+00:00,23.739089833333335,22.00465
2024-02-05 02:00:00+00:00,21.993905166666664,21.096176
2024-02-05 03:00:00+00:00,21.600354499999998,20.058187
2024-02-05 04:00:00+00:00,21.381014500000003,19.291754
2024-02-05 05:00:00+00:00,21.439459333333335,18.80502
2024-02-05 06:00:00+00:00,21.580630166666666,18.561378
2024-02-05 07:00:00+00:00,21.624835333333337,18.28185
2024-02-05 08:00:00+00:00,22.2536565,18.924786
2024-02-05 09:00:00+00:00,23.369306249999998,20.976017
2024-02-05 10:00:00+00:00,27.58922525,23.921072
2024-02-05 11:00:00+00:00,40.41052575,27.328905
2024-02-05 12:00:00+00:00,48.908400666666665,28.503119
2024-02-05 13:00:00+00:00,31.923526666666664,26.05336
2024-02-05 14:00:00+00:00,26.125304333333332,23.27592
2024-02-05 15:00:00+00:00,26.05003516666666,21.830969
2024-02-05 16:00:00+00:00,24.486959833333334,20.779877
2024-02-05 17:00:00+00:00,24.80689716666667,20.129335
2024-02-05 18:00:00+00:00,22.550860500000002,19.880644
2024-02-05 19:00:00+00:00,21.132025000000002,22.082176
2024-02-05 20:00:00+00:00,22.054627416666666,21.735544
2024-02-05 21:00:00+00:00,23.587127499999998,23.409393
2024-02-05 22:00:00+00:00,34.185622083333335,29.92377
2024-02-05 23:00:00+00:00,35.10601858333333,32.792942
2024-02-06 00:00:00+00:00,33.94895558333334,29.989079
2024-02-06 01:00:00+00:00,31.56979558333333,27.73284
2024-02-06 02:00:00+00:00,30.43659441666667,25.29453
2024-02-06 03:00:00+00:00,27.166477166666667,22.59164
2024-02-06 04:00:00+00:00,23.99016908333333,20.914915
2024-02-06 05:00:00+00:00,25.629685833333333,19.92089
2024-02-06 06:00:00+00:00,25.085349833333332,19.53817
2024-02-06 07:00:00+00:00,25.471019583333337,19.375546
2024-02-06 08:00:00+00:00,25.489853083333333,20.105568
2024-02-06 09:00:00+00:00,27.12806875,21.747768
2024-02-06 10:00:00+00:00,29.97046083333333,25.895483
2024-02-06 11:00:00+00:00,45.3190075,32.750202
2024-02-06 12:00:00+00:00,52.335911666666675,35.399063
2024-02-06 13:00:00+00:00,32.33418508333333,30.910366
2024-02-06 14:00:00+00:00,27.234922,26.665766
2024-02-06 15:00:00+00:00,26.630405,25.195574
2024-02-06 16:00:00+00:00,25.13762733333333,23.843777
2024-02-06 17:00:00+00:00,24.17390525,22.950523
2024-02-06 18:00:00+00:00,23.07314691666667,22.309893
2024-02-06 19:00:00+00:00,21.7821205,22.727516
2024-02-06 20:00:00+00:00,21.735386083333335,22.478363
2024-02-06 21:00:00+00:00,24.364046583333334,25.777151
2024-02-06 22:00:00+00:00,34.876272,32.993843
2024-02-06 23:00:00+00:00,39.09745625,33.772835
2024-02-07 00:00:00+00:00,34.16698658333333,30.876461
2024-02-07 01:00:00+00:00,32.41313725,29.392595
2024-02-07 02:00:00+00:00,31.585292499999998,27.24282
2024-02-07 03:00:00+00:00,28.375162166666662,24.979427
2024-02-07 04:00:00+00:00,25.876219250000002,23.55754
2024-02-07 05:00:00+00:00,24.47019291666666,22.63253
2024-02-07 06:00:00+00:00,23.561923333333336,22.237375
2024-02-07 07:00:00+00:00,23.40124916666666,22.191488
2024-02-07 08:00:00+00:00,23.634657583333333,22.656788
2024-02-07 09:00:00+00:00,24.857216083333334,23.043266
2024-02-07 10:00:00+00:00,29.425313833333337,26.985783
2024-02-07 11:00:00+00:00,44.03039208333333,33.98961
2024-02-07 12:00:00+00:00,49.80899058333334,35.501114
2024-02-07 13:00:00+00:00,31.195204166666667,30.266214
2024-02-07 14:00:00+00:00,23.9388175,26.300512
2024-02-07 15:00:00+00:00,22.025833916666663,24.904827
2024-02-07 16:00:00+00:00,21.158552499999995,23.665186
2024-02-07 17:00:00+00:00,20.025439833333333,22.867361
2024-02-07 18:00:00+00:00,18.697199750000003,22.601385
2024-02-07 19:00:00+00:00,17.872077333333333,18.442165
2024-02-07 20:00:00+00:00,17.907765833333336,18.505177
2024-02-07 21:00:00+00:00,19.976552666666667,21.060314
2024-02-07 22:00:00+00:00,27.570403499999998,25.663857
2024-02-07 23:00:00+00:00,28.486466249999996,25.654829
2024-02-08 00:00:00+00:00,24.46523175,23.893217
2024-02-08 01:00:00+00:00,21.974241000000003,23.277365
2024-02-08 02:00:00+00:00,21.335322000000005,22.084352
2024-02-08 03:00:00+00:00,19.477689,20.676323
2024-02-08 04:00:00+00:00,18.022521500000003,19.731504
2024-02-08 05:00:00+00:00,16.85800091666667,19.217281
2024-02-08 06:00:00+00:00,16.721665750000003,18.96286
2024-02-08 07:00:00+00:00,16.368517333333337,18.473827
2024-02-08 08:00:00+00:00,16.272927000000003,18.106644
2024-02-08 09:00:00+00:00,17.95753016666667,18.353025
2024-02-08 10:00:00+00:00,22.324894916666665,21.914131
2024-02-08 11:00:00+00:00,38.90442791666667,27.888474
2024-02-08 12:00:00+00:00,36.125837499999996,29.426186
2024-02-08 13:00:00+00:00,21.133609166666666,25.525354
2024-02-08 14:00:00+00:00,19.016108166666665,22.347773
2024-02-08 15:00:00+00:00,17.330290166666668,20.713257
2024-02-08 16:00:00+00:00,15.679447583333337,19.337519
2024-02-08 17:00:00+00:00,15.653211166666667,18.556622
2024-02-08 18:00:00+00:00,15.077534166666666,18.174212
2024-02-08 19:00:00+00:00,14.718508083333335,15.065955
2024-02-08 20:00:00+00:00,14.512340416666667,15.302932
2024-02-08 21:00:00+00:00,14.405873249999999,18.456263
2024-02-08 22:00:00+00:00,19.082162833333335,23.15753
2024-02-08 23:00:00+00:00,21.145095166666664,23.09469
2024-02-09 00:00:00+00:00,19.961348166666667,21.39063
2024-02-09 01:00:00+00:00,18.670954,20.498146
2024-02-09 02:00:00+00:00,16.538618750000005,18.806145
2024-02-09 03:00:00+00:00,14.800166833333334,17.22121
2024-02-09 04:00:00+00:00,14.4838605,16.444422
2024-02-09 05:00:00+00:00,13.462613249999999,15.968903
2024-02-09 06:00:00+00:00,12.869163416666666,15.523585
2024-02-09 07:00:00+00:00,12.670283500000002,15.297321
2024-02-09 08:00:00+00:00,12.825433250000001,15.340291
2024-02-09 09:00:00+00:00,13.968164333333334,15.76195
2024-02-09 10:00:00+00:00,15.620522166666667,20.578665
2024-02-09 11:00:00+00:00,23.155291333333334,26.760048
2024-02-09 12:00:00+00:00,27.554722333333334,27.048523
2024-02-09 13:00:00+00:00,21.917276833333332,22.893751
2024-02-09 14:00:00+00:00,19.103221,20.190943
2024-02-09 15:00:00+00:00,18.517411083333336,18.981548
2024-02-09 16:00:00+00:00,17.437239166666668,17.985807
2024-02-09 17:00:00+00:00,16.994120166666665,17.197079
2024-02-09 18:00:00+00:00,15.702066000000002,16.601736
2024-02-09 19:00:00+00:00,15.63005625,15.555878
2024-02-09 20:00:00+00:00,16.31071591666667,15.711443
2024-02-09 21:00:00+00:00,19.855729166666666,17.68362
2024-02-09 22:00:00+00:00,22.07412641666667,22.202505
2024-02-09 23:00:00+00:00,23.940828749999998,23.568367
2024-02-10 00:00:00+00:00,21.552350416666666,22.205538
2024-02-10 01:00:00+00:00,18.71879566666667,21.209646
2024-02-10 02:00:00+00:00,18.07325991666667,19.64785
2024-02-10 03:00:00+00:00,16.517928833333336,18.211426
2024-02-10 04:00:00+00:00,13.646881166666667,17.392847
2024-02-10 05:00:00+00:00,14.426553416666664,17.0503
2024-02-10 06:00:00+00:00,13.795938833333333,16.541176
2024-02-10 07:00:00+00:00,11.977875083333332,16.105873
2024-02-10 08:00:00+00:00,11.456161583333333,15.988213
2024-02-10 09:00:00+00:00,11.956195333333334,15.9106045
2024-02-10 10:00:00+00:00,13.345510333333335,18.156256
2024-02-10 11:00:00+00:00,14.347117833333334,23.394669
2024-02-10 12:00:00+00:00,15.703585416666668,25.707443
2024-02-10 13:00:00+00:00,17.619120750000004,22.715084
2024-02-10 14:00:00+00:00,21.172546333333333,19.718168
2024-02-10 15:00:00+00:00,22.502790166666667,18.537544
2024-02-10 16:00:00+00:00,22.142399666666666,17.184147
2024-02-10 17:00:00+00:00,19.399370833333336,16.008213
2024-02-10 18:00:00+00:00,17.58048691666667,15.244056
2024-02-10 19:00:00+00:00,15.829479000000003,17.0876
2024-02-10 20:00:00+00:00,16.21921925,17.142721
2024-02-10 21:00:00+00:00,18.94715225,19.818962
2024-02-10 22:00:00+00:00,22.055968916666668,24.300276
2024-02-10 23:00:00+00:00,24.9609895,25.314186
2024-02-11 00:00:00+00:00,22.7857105,24.378958
2024-02-11 01:00:00+00:00,21.939776,23.594893
2024-02-11 02:00:00+00:00,20.902961916666666,21.737158
2024-02-11 03:00:00+00:00,18.584053833333332,20.048668
2024-02-11 04:00:00+00:00,15.083593333333333,19.073915
2024-02-11 05:00:00+00:00,15.680384583333336,18.185719
2024-02-11 06:00:00+00:00,15.210355833333333,17.200363
2024-02-11 07:00:00+00:00,14.088938249999998,16.42009
2024-02-11 08:00:00+00:00,13.306117083333334,16.212519
2024-02-11 09:00:00+00:00,13.685266749999998,16.496319
2024-02-11 10:00:00+00:00,15.275867,18.994986
2024-02-11 11:00:00+00:00,15.696516833333336,23.45148
2024-02-11 12:00:00+00:00,17.721647583333333,25.719202
2024-02-11 13:00:00+00:00,20.01584241666667,25.077465
2024-02-11 14:00:00+00:00,21.808376,24.785002
2024-02-11 15:00:00+00:00,22.148676499999997,24.671646
2024-02-11 16:00:00+00:00,21.914315916666666,22.80672
2024-02-11 17:00:00+00:00,21.310105500000006,20.844877
2024-02-11 18:00:00+00:00,20.244766833333333,19.65305
2024-02-11 19:00:00+00:00,20.032512,19.841955
2024-02-11 20:00:00+00:00,18.841481583333337,19.63563
2024-02-11 21:00:00+00:00,20.855686083333335,21.470127
2024-02-11 22:00:00+00:00,26.173793166666666,25.610039
2024-02-11 23:00:00+00:00,28.300823249999997,26.985691
2024-02-12 00:00:00+00:00,27.018279916666664,25.782421
2024-02-12 01:00:00+00:00,26.06537833333333,24.611628
2024-02-12 02:00:00+00:00,25.180269166666665,22.166367
2024-02-12 03:00:00+00:00,22.507545583333332,19.47839
2024-02-12 04:00:00+00:00,19.035369416666665,17.768795
2024-02-12 05:00:00+00:00,19.22336941666667,16.689075
2024-02-12 06:00:00+00:00,20.88106541666667,16.001694
2024-02-12 07:00:00+00:00,19.120533916666666,15.376751
2024-02-12 08:00:00+00:00,19.354667000000003,15.318547
2024-02-12 09:00:00+00:00,21.558331499999998,15.997047
2024-02-12 10:00:00+00:00,24.384522583333332,18.796747
2024-02-12 11:00:00+00:00,30.859075750000002,23.654526
2024-02-12 12:00:00+00:00,33.61560683333334,26.634216
2024-02-12 13:00:00+00:00,33.976460083333336,26.009626
2024-02-12 14:00:00+00:00,32.72593216666667,25.472923
2024-02-12 15:00:00+00:00,31.661751833333337,25.462519
2024-02-12 16:00:00+00:00,31.323811583333335,24.083307
2024-02-12 17:00:00+00:00,30.006298166666667,22.560577
2024-02-12 18:00:00+00:00,27.81286916666667,21.497213
2024-02-12 19:00:00+00:00,26.755669583333333,26.985023
2024-02-12 20:00:00+00:00,27.009176333333333,26.473032
2024-02-12 21:00:00+00:00,27.958908416666663,29.371552
2024-02-12 22:00:00+00:00,33.02649225,36.788113
2024-02-12 23:00:00+00:00,32.569807,37.87804
2024-02-13 00:00:00+00:00,29.610583166666668,35.218735
2024-02-13 01:00:00+00:00,26.728761000000002,33.78904
2024-02-13 02:00:00+00:00,24.825344833333332,30.51752
2024-02-13 03:00:00+00:00,22.277758000000002,26.940323
2024-02-13 04:00:00+00:00,19.20068191666667,24.779175
2024-02-13 05:00:00+00:00,20.198121083333334,23.427845
2024-02-13 06:00:00+00:00,19.289153750000004,22.528587
2024-02-13 07:00:00+00:00,18.217445,21.790747
2024-02-13 08:00:00+00:00,18.778731416666666,21.791693
2024-02-13 09:00:00+00:00,20.62417591666667,21.829292
2024-02-13 10:00:00+00:00,25.27107108333334,25.471321
2024-02-13 11:00:00+00:00,30.084572999999995,32.731403
2024-02-13 12:00:00+00:00,35.50802533333333,35.2514
2024-02-13 13:00:00+00:00,34.957315333333334,32.09065
2024-02-13 14:00:00+00:00,33.03667733333334,29.68406
2024-02-13 15:00:00+00:00,32.36882925,28.725668
2024-02-13 16:00:00+00:00,29.152471083333335,26.55837
2024-02-13 17:00:00+00:00,24.46052533333333,24.731157
2024-02-13 18:00:00+00:00,22.974152916666668,23.317924
2024-02-13 19:00:00+00:00,20.500992666666665,22.365961
2024-02-13 20:00:00+00:00,20.120377583333333,21.814974
2024-02-13 21:00:00+00:00,22.942116666666667,23.77302
2024-02-13 22:00:00+00:00,34.14044083333334,29.536104
2024-02-13 23:00:00+00:00,36.7470995,31.23056
2024-02-14 00:00:00+00:00,33.854090416666665,29.135992
2024-02-14 01:00:00+00:00,31.207909666666666,28.108362
2024-02-14 02:00:00+00:00,30.88627408333333,25.62501
2024-02-14 03:00:00+00:00,27.73760625,22.698872
2024-02-14 04:00:00+00:00,24.429640583333338,21.06247
2024-02-14 05:00:00+00:00,21.566036833333328,20.123299
2024-02-14 06:00:00+00:00,21.10498725,19.840132
2024-02-14 07:00:00+00:00,20.872783583333334,19.638416
2024-02-14 08:00:00+00:00,21.209522916666668,19.829195
2024-02-14 09:00:00+00:00,22.126043916666664,20.79609
2024-02-14 10:00:00+00:00,27.08191533333333,24.523916
2024-02-14 11:00:00+00:00,37.40271858333333,30.578773
2024-02-14 12:00:00+00:00,42.18069358333333,33.94668
2024-02-14 13:00:00+00:00,29.816762833333332,32.268204
2024-02-14 14:00:00+00:00,23.83025941666667,29.986511
2024-02-14 15:00:00+00:00,22.723157916666665,28.736773
2024-02-14 16:00:00+00:00,21.601056333333332,26.22393
2024-02-14 17:00:00+00:00,21.04234908333333,23.938698
2024-02-14 18:00:00+00:00,19.827053083333332,22.231613
2024-02-14 19:00:00+00:00,18.60714175,19.365421
2024-02-14 20:00:00+00:00,18.42555625,19.0315
2024-02-14 21:00:00+00:00,20.198985750000002,21.046587
2024-02-14 22:00:00+00:00,30.810350333333332,27.226723
2024-02-14 23:00:00+00:00,34.645577833333334,29.346428
2024-02-15 00:00:00+00:00,31.970168833333332,27.308414
2024-02-15 01:00:00+00:00,27.805135666666665,26.093216
2024-02-15 02:00:00+00:00,23.802987166666668,23.699934
2024-02-15 03:00:00+00:00,23.28905116666667,21.043789
2024-02-15 04:00:00+00:00,20.84637125,19.59448
2024-02-15 05:00:00+00:00,17.298197333333338,18.772781
2024-02-15 06:00:00+00:00,16.33668666666667,18.34333
2024-02-15 07:00:00+00:00,15.815837166666666,17.921785
2024-02-15 08:00:00+00:00,17.9858215,17.751534
2024-02-15 09:00:00+00:00,18.036077416666668,18.51556
2024-02-15 10:00:00+00:00,20.479774,22.877068
2024-02-15 11:00:00+00:00,33.07011225,29.309332
2024-02-15 12:00:00+00:00,32.75309308333333,30.591822
2024-02-15 13:00:00+00:00,22.094841416666668,26.71238
2024-02-15 14:00:00+00:00,18.221310083333332,23.979588
2024-02-15 15:00:00+00:00,16.597146333333335,22.830667
2024-02-15 16:00:00+00:00,17.01033691666667,21.341831
2024-02-15 17:00:00+00:00,17.039929916666672,20.22945
2024-02-15 18:00:00+00:00,16.894310583333333,19.320995
2024-02-15 19:00:00+00:00,14.972193249999997,16.778221
2024-02-15 20:00:00+00:00,14.40081825,16.835709
2024-02-15 21:00:00+00:00,16.540445166666668,18.583178
2024-02-15 22:00:00+00:00,23.185162583333334,23.912172
2024-02-15 23:00:00+00:00,25.710410999999997,26.321419
2024-02-16 00:00:00+00:00,23.587877916666667,23.793915
2024-02-16 01:00:00+00:00,22.464159249999994,21.547491
2024-02-16 02:00:00+00:00,20.846754083333334,19.534414
2024-02-16 03:00:00+00:00,18.69484041666667,17.549988
2024-02-16 04:00:00+00:00,17.770599833333332,16.420393
2024-02-16 05:00:00+00:00,19.611915083333333,15.798849
2024-02-16 06:00:00+00:00,19.286008166666665,15.354029
2024-02-16 07:00:00+00:00,18.32574916666667,14.827023
2024-02-16 08:00:00+00:00,20.173895166666668,14.556263
2024-02-16 09:00:00+00:00,21.46944516666667,15.393491
2024-02-16 10:00:00+00:00,25.285405333333333,19.077536
2024-02-16 11:00:00+00:00,33.16332633333334,23.755583
2024-02-16 12:00:00+00:00,34.506827666666666,24.821304
2024-02-16 13:00:00+00:00,25.91029041666667,22.36604
2024-02-16 14:00:00+00:00,24.202985000000005,20.439459
2024-02-16 15:00:00+00:00,24.5597615,19.813938
2024-02-16 16:00:00+00:00,23.588739,19.191616
2024-02-16 17:00:00+00:00,22.2773105,18.48862
2024-02-16 18:00:00+00:00,21.07290333333333,17.90696
2024-02-16 19:00:00+00:00,20.138463250000004,20.582851
2024-02-16 20:00:00+00:00,20.21729816666667,20.777842
2024-02-16 21:00:00+00:00,25.871409916666668,22.242064
2024-02-16 22:00:00+00:00,27.259334,27.502792
2024-02-16 23:00:00+00:00,29.50029616666667,30.211536
2024-02-17 00:00:00+00:00,26.790925416666667,27.281237
2024-02-17 01:00:00+00:00,24.14276591666666,24.543715
2024-02-17 02:00:00+00:00,22.535182000000002,22.735413
2024-02-17 03:00:00+00:00,20.137221083333337,20.725704
2024-02-17 04:00:00+00:00,19.269919916666666,19.166079
2024-02-17 05:00:00+00:00,17.49496116666667,18.307217
2024-02-17 06:00:00+00:00,16.287215166666666,17.670929
2024-02-17 07:00:00+00:00,15.977208666666668,17.038765
2024-02-17 08:00:00+00:00,15.989714416666667,16.763802
2024-02-17 09:00:00+00:00,16.168649750000004,17.55108
2024-02-17 10:00:00+00:00,17.131187,19.621765
2024-02-17 11:00:00+00:00,19.631820083333338,22.506659
2024-02-17 12:00:00+00:00,24.580532416666664,23.60546
2024-02-17 13:00:00+00:00,26.627551083333334,22.125198
2024-02-17 14:00:00+00:00,24.085565583333334,20.3994
2024-02-17 15:00:00+00:00,22.718205333333334,19.64962
2024-02-17 16:00:00+00:00,19.8347655,19.230408
2024-02-17 17:00:00+00:00,17.035508333333333,18.693195
2024-02-17 18:00:00+00:00,16.317957083333333,18.241688
2024-02-17 19:00:00+00:00,15.083855166666666,15.89667
2024-02-17 20:00:00+00:00,14.620883749999999,15.686856
2024-02-17 21:00:00+00:00,15.808450333333335,16.783203
2024-02-17 22:00:00+00:00,23.852910416666663,20.726698
2024-02-17 23:00:00+00:00,30.51043,21.578814
2024-02-18 00:00:00+00:00,24.947000666666668,19.61097
2024-02-18 01:00:00+00:00,21.411667333333327,18.79584
2024-02-18 02:00:00+00:00,20.357582083333334,17.83498
2024-02-18 03:00:00+00:00,19.981717,16.062212
2024-02-18 04:00:00+00:00,17.308227833333333,14.764257
2024-02-18 05:00:00+00:00,20.96311933333334,14.292738
2024-02-18 06:00:00+00:00,20.292988750000003,13.950506
2024-02-18 07:00:00+00:00,19.828938666666666,13.410724
2024-02-18 08:00:00+00:00,19.742884416666666,13.293289
2024-02-18 09:00:00+00:00,18.308501083333333,13.506379
2024-02-18 10:00:00+00:00,20.049541833333333,14.056125
2024-02-18 11:00:00+00:00,22.281378166666666,16.514551
2024-02-18 12:00:00+00:00,24.066962,18.593052
2024-02-18 13:00:00+00:00,23.184757083333334,18.02011
2024-02-18 14:00:00+00:00,18.996098666666665,16.81491
2024-02-18 15:00:00+00:00,18.167273166666668,16.19131
2024-02-18 16:00:00+00:00,16.99613841666667,15.7314625
2024-02-18 17:00:00+00:00,16.008706166666666,15.022517
2024-02-18 18:00:00+00:00,13.41899191666667,14.465187
2024-02-18 19:00:00+00:00,12.794249916666667,13.132495
2024-02-18 20:00:00+00:00,13.002017416666668,13.409498
2024-02-18 21:00:00+00:00,17.229081750000002,14.548887
2024-02-18 22:00:00+00:00,23.229327833333333,19.18805
2024-02-18 23:00:00+00:00,30.734066583333334,22.791275
2024-02-19 00:00:00+00:00,29.4377545,21.206959
2024-02-19 01:00:00+00:00,28.934283583333336,19.349134
2024-02-19 02:00:00+00:00,26.088231499999996,18.304043
2024-02-19 03:00:00+00:00,24.193266249999997,17.055347
2024-02-19 04:00:00+00:00,22.150649250000004,16.207859
2024-02-19 05:00:00+00:00,24.166797333333335,15.561467
2024-02-19 06:00:00+00:00,23.29617991666667,15.201775
2024-02-19 07:00:00+00:00,21.534755,15.093001
2024-02-19 08:00:00+00:00,24.313621416666663,15.735151
2024-02-19 09:00:00+00:00,25.125557,17.515427
2024-02-19 10:00:00+00:00,26.96678475,19.836843
2024-02-19 11:00:00+00:00,38.64045183333334,22.878971
2024-02-19 12:00:00+00:00,42.65114266666667,24.4936
2024-02-19 13:00:00+00:00,27.782884833333334,22.64088
2024-02-19 14:00:00+00:00,24.337201833333335,20.186506
2024-02-19 15:00:00+00:00,23.970359583333334,19.009495
2024-02-19 16:00:00+00:00,23.2441955,17.99614
2024-02-19 17:00:00+00:00,22.418141666666667,17.21016
2024-02-19 18:00:00+00:00,20.394075833333332,16.766884
2024-02-19 19:00:00+00:00,18.289929,19.853594
2024-02-19 20:00:00+00:00,17.504315083333335,19.773209
2024-02-19 21:00:00+00:00,22.273048166666673,21.444153
2024-02-19 22:00:00+00:00,31.34137558333333,27.1344
2024-02-19 23:00:00+00:00,33.05211725,30.226994
2024-02-20 00:00:00+00:00,30.851863083333328,28.388739
2024-02-20 01:00:00+00:00,28.61208508333333,26.517763
2024-02-20 02:00:00+00:00,27.47021225,24.32846
2024-02-20 03:00:00+00:00,24.534940833333334,22.127989
2024-02-20 04:00:00+00:00,21.807827500000002,20.849607
2024-02-20 05:00:00+00:00,23.23403491666667,19.914059
2024-02-20 06:00:00+00:00,22.884376916666668,19.442038
2024-02-20 07:00:00+00:00,22.197443250000003,19.152533
2024-02-20 08:00:00+00:00,23.624570499999997,19.16222
2024-02-20 09:00:00+00:00,25.674442833333334,20.5085
2024-02-20 10:00:00+00:00,28.631751166666664,24.610493
2024-02-20 11:00:00+00:00,47.4611205,29.619461
2024-02-20 12:00:00+00:00,49.62972291666667,30.67674
2024-02-20 13:00:00+00:00,29.137994083333336,27.22446
2024-02-20 14:00:00+00:00,23.304893166666673,24.116676
2024-02-20 15:00:00+00:00,22.478173416666667,22.771679
2024-02-20 16:00:00+00:00,21.40644508333333,21.214622
2024-02-20 17:00:00+00:00,18.8668175,20.193678
2024-02-20 18:00:00+00:00,18.066905083333335,19.564995
2024-02-20 19:00:00+00:00,17.308457916666665,17.823124
2024-02-20 20:00:00+00:00,16.830920833333334,17.771067
2024-02-20 21:00:00+00:00,18.032914583333334,19.996233
2024-02-20 22:00:00+00:00,26.80641025,25.91739
2024-02-20 23:00:00+00:00,30.402657,28.180553
2024-02-21 00:00:00+00:00,26.712517666666667,26.370457
2024-02-21 01:00:00+00:00,23.934937,25.210445
2024-02-21 02:00:00+00:00,21.38993091666667,23.467716
2024-02-21 03:00:00+00:00,19.68229583333333,21.85476
2024-02-21 04:00:00+00:00,17.499700750000002,20.949865
2024-02-21 05:00:00+00:00,18.295334583333332,20.42956
2024-02-21 06:00:00+00:00,18.609795333333334,19.903793
2024-02-21 07:00:00+00:00,17.95215491666667,19.485786
2024-02-21 08:00:00+00:00,19.283102333333336,19.348724
2024-02-21 09:00:00+00:00,22.540187583333335,19.910782
2024-02-21 10:00:00+00:00,22.508334,23.63782
2024-02-21 11:00:00+00:00,38.320675,28.951736
2024-02-21 12:00:00+00:00,40.27508616666667,29.338383
2024-02-21 13:00:00+00:00,25.33214591666667,24.088583
2024-02-21 14:00:00+00:00,20.058908916666667,19.983587
2024-02-21 15:00:00+00:00,19.09576891666667,18.269913
2024-02-21 16:00:00+00:00,18.719346833333336,17.138918
2024-02-21 17:00:00+00:00,17.386858666666665,16.352247
2024-02-21 18:00:00+00:00,16.706802,15.551977
2024-02-21 19:00:00+00:00,15.240159666666665,16.407938
2024-02-21 20:00:00+00:00,15.253139749999999,16.261116
2024-02-21 21:00:00+00:00,16.976517916666673,19.065598
2024-02-21 22:00:00+00:00,24.6564855,25.587463
2024-02-21 23:00:00+00:00,27.069579666666666,27.123201
2024-02-22 00:00:00+00:00,26.592577583333334,24.426119
2024-02-22 01:00:00+00:00,24.472938499999998,22.766647
2024-02-22 02:00:00+00:00,23.617853166666666,20.950323
2024-02-22 03:00:00+00:00,19.89712666666667,19.192799
2024-02-22 04:00:00+00:00,18.340013500000005,18.26165
2024-02-22 05:00:00+00:00,19.36318541666667,17.651546
2024-02-22 06:00:00+00:00,19.172619500000003,17.324478
2024-02-22 07:00:00+00:00,18.160483,16.866829
2024-02-22 08:00:00+00:00,18.799376,16.4029
2024-02-22 09:00:00+00:00,19.86032966666667,16.601051
2024-02-22 10:00:00+00:00,22.072392249999996,20.717403
2024-02-22 11:00:00+00:00,31.525098916666668,26.802202
2024-02-22 12:00:00+00:00,35.921014750000005,26.891396
2024-02-22 13:00:00+00:00,27.089713166666662,22.364262
2024-02-22 14:00:00+00:00,24.210905999999998,19.551481
2024-02-22 15:00:00+00:00,24.68992716666667,18.345722
2024-02-22 16:00:00+00:00,23.474217749999998,17.180183
2024-02-22 17:00:00+00:00,22.125385333333337,16.374004
2024-02-22 18:00:00+00:00,21.237684916666666,15.667631
2024-02-22 19:00:00+00:00,20.0972335,20.577133
2024-02-22 20:00:00+00:00,21.302455666666663,20.543587
2024-02-22 21:00:00+00:00,22.9368765,22.374605
2024-02-22 22:00:00+00:00,30.3746685,26.843565
2024-02-22 23:00:00+00:00,30.45371225,28.573727
2024-02-23 00:00:00+00:00,27.53274516666667,27.222218
2024-02-23 01:00:00+00:00,25.03992,25.514748
2024-02-23 02:00:00+00:00,20.610816583333335,23.156782
2024-02-23 03:00:00+00:00,17.920198916666667,20.734283
2024-02-23 04:00:00+00:00,15.118951666666668,19.337374
2024-02-23 05:00:00+00:00,14.49724825,18.62432
2024-02-23 06:00:00+00:00,13.76002425,18.020226
2024-02-23 07:00:00+00:00,13.16919575,17.315641
2024-02-23 08:00:00+00:00,13.4470905,16.92958
2024-02-23 09:00:00+00:00,14.957597166666666,17.131538
2024-02-23 10:00:00+00:00,16.500463333333332,20.510992
2024-02-23 11:00:00+00:00,24.49114283333333,26.75619
2024-02-23 12:00:00+00:00,28.20931966666667,29.11954
2024-02-23 13:00:00+00:00,27.06140591666667,26.09766
2024-02-23 14:00:00+00:00,26.840481666666665,23.624727
2024-02-23 15:00:00+00:00,26.468115416666667,22.54712
2024-02-23 16:00:00+00:00,24.670911750000002,21.329948
2024-02-23 17:00:00+00:00,20.998949333333336,20.3516
2024-02-23 18:00:00+00:00,18.940747416666667,19.7948
2024-02-23 19:00:00+00:00,18.34930866666667,18.097094
2024-02-23 20:00:00+00:00,17.849283083333336,17.911495
2024-02-23 21:00:00+00:00,17.17224308333333,19.274284
2024-02-23 22:00:00+00:00,20.47241041666667,23.735086
2024-02-23 23:00:00+00:00,23.67839075,25.591896
2024-02-24 00:00:00+00:00,22.985725666666667,23.231777
2024-02-24 01:00:00+00:00,21.429726333333335,21.547178
2024-02-24 02:00:00+00:00,20.12553191666667,19.501892
2024-02-24 03:00:00+00:00,18.533245083333334,17.033527
2024-02-24 04:00:00+00:00,17.686129583333333,15.46957
2024-02-24 05:00:00+00:00,17.080784583333333,14.938208
2024-02-24 06:00:00+00:00,17.65742191666667,14.65448
2024-02-24 07:00:00+00:00,17.489860750000005,14.156312
2024-02-24 08:00:00+00:00,17.699324,14.01573
2024-02-24 09:00:00+00:00,18.052369916666667,14.684156
2024-02-24 10:00:00+00:00,20.076808666666665,16.857206
2024-02-24 11:00:00+00:00,21.628911416666664,21.84651
2024-02-24 12:00:00+00:00,23.994253166666663,25.941465
2024-02-24 13:00:00+00:00,24.81925216666667,24.754938
2024-02-24 14:00:00+00:00,25.115691333333338,22.1185
2024-02-24 15:00:00+00:00,26.14246125,20.906546
2024-02-24 16:00:00+00:00,24.737054,19.46888
2024-02-24 17:00:00+00:00,24.269843083333328,18.152994
2024-02-24 18:00:00+00:00,21.308085916666666,17.179827
2024-02-24 19:00:00+00:00,20.72119508333333,20.736876
2024-02-24 20:00:00+00:00,20.61669991666666,20.426804
2024-02-24 21:00:00+00:00,23.083762500000002,22.099415
2024-02-24 22:00:00+00:00,27.545783583333332,27.446587
2024-02-24 23:00:00+00:00,35.83342916666667,29.51521
2024-02-25 00:00:00+00:00,32.38531125,27.879225
2024-02-25 01:00:00+00:00,29.186365833333337,26.85169
2024-02-25 02:00:00+00:00,26.40881516666667,25.214546
2024-02-25 03:00:00+00:00,25.75832416666667,23.381033
2024-02-25 04:00:00+00:00,21.19951775,22.251595
2024-02-25 05:00:00+00:00,20.564650083333333,21.357246
2024-02-25 06:00:00+00:00,18.498250416666668,20.694225
2024-02-25 07:00:00+00:00,16.834005750000003,20.131182
2024-02-25 08:00:00+00:00,18.40652516666667,19.800339
2024-02-25 09:00:00+00:00,19.868694833333333,19.323465
2024-02-25 10:00:00+00:00,21.01090125,20.661526
2024-02-25 11:00:00+00:00,26.42324533333333,24.462593
2024-02-25 12:00:00+00:00,25.408675583333338,26.44558
2024-02-25 13:00:00+00:00,20.091773916666668,25.217575
2024-02-25 14:00:00+00:00,17.350437833333338,23.984165
2024-02-25 15:00:00+00:00,15.905952333333333,23.265139
2024-02-25 16:00:00+00:00,14.622555416666666,21.630394
2024-02-25 17:00:00+00:00,14.06305616666667,20.15656
2024-02-25 18:00:00+00:00,12.207333083333333,19.263748
2024-02-25 19:00:00+00:00,12.303875249999997,12.322718
2024-02-25 20:00:00+00:00,13.453710833333332,12.546976
2024-02-25 21:00:00+00:00,15.2583185,14.854047
2024-02-25 22:00:00+00:00,22.61167383333333,20.417301
2024-02-25 23:00:00+00:00,35.05683741666667,22.994852
2024-02-26 00:00:00+00:00,28.910227000000003,21.757097
2024-02-26 01:00:00+00:00,24.55655333333333,20.955769
2024-02-26 02:00:00+00:00,22.42489075,19.49476
2024-02-26 03:00:00+00:00,19.657740416666666,17.920547
2024-02-26 04:00:00+00:00,19.352701749999998,17.17949
2024-02-26 05:00:00+00:00,22.643429333333334,16.539757
2024-02-26 06:00:00+00:00,21.061354333333334,15.900144
2024-02-26 07:00:00+00:00,19.62149416666667,15.427084
2024-02-26 08:00:00+00:00,22.02133283333333,15.714775
2024-02-26 09:00:00+00:00,23.23737783333333,16.805084
2024-02-26 10:00:00+00:00,25.33168616666667,19.484896
2024-02-26 11:00:00+00:00,43.33783033333333,22.952803
2024-02-26 12:00:00+00:00,41.86871416666667,23.417965
2024-02-26 13:00:00+00:00,24.318749083333334,20.24919
2024-02-26 14:00:00+00:00,22.628587,17.794624
2024-02-26 15:00:00+00:00,23.041167916666666,16.788887
2024-02-26 16:00:00+00:00,20.27822675,15.465721
2024-02-26 17:00:00+00:00,19.35314016666667,14.653096
2024-02-26 18:00:00+00:00,17.728469416666666,14.212447
2024-02-26 19:00:00+00:00,16.895974083333336,17.237474
2024-02-26 20:00:00+00:00,16.51960616666667,17.610096
2024-02-26 21:00:00+00:00,17.55453091666667,20.710033
2024-02-26 22:00:00+00:00,23.118473833333336,28.86192
2024-02-26 23:00:00+00:00,26.33940558333333,34.52388
2024-02-27 00:00:00+00:00,23.919282666666664,32.983086
2024-02-27 01:00:00+00:00,18.507512833333333,30.272861
2024-02-27 02:00:00+00:00,17.328688500000002,27.197292
2024-02-27 03:00:00+00:00,16.125741416666667,24.573914
2024-02-27 04:00:00+00:00,14.420845583333335,22.977669
2024-02-27 05:00:00+00:00,13.563900083333332,22.045996
2024-02-27 06:00:00+00:00,12.803030999999999,21.242527
2024-02-27 07:00:00+00:00,13.046165416666668,20.500925
2024-02-27 08:00:00+00:00,13.53617466666667,20.612566
2024-02-27 09:00:00+00:00,14.592157333333335,22.658674
2024-02-27 10:00:00+00:00,16.784829416666668,28.353468
2024-02-27 11:00:00+00:00,24.978613916666664,34.871807
2024-02-27 12:00:00+00:00,24.84918275,35.093628
2024-02-27 13:00:00+00:00,20.9989755,28.893398
2024-02-27 14:00:00+00:00,19.10952516666667,23.942205
2024-02-27 15:00:00+00:00,20.050991583333335,21.858809
2024-02-27 16:00:00+00:00,20.660293249999995,19.912956
2024-02-27 17:00:00+00:00,20.39947875,18.698517
2024-02-27 18:00:00+00:00,20.816102500000003,17.994877
2024-02-27 19:00:00+00:00,19.27025075,20.01104
2024-02-27 20:00:00+00:00,20.177427083333335,20.072
2024-02-27 21:00:00+00:00,21.6104765,21.520504
2024-02-27 22:00:00+00:00,23.2390915,25.317627
2024-02-27 23:00:00+00:00,26.630528583333334,26.44534
2024-02-28 00:00:00+00:00,23.906193416666667,23.781296
2024-02-28 01:00:00+00:00,21.0091945,21.333612
2024-02-28 02:00:00+00:00,17.546279250000005,19.259556
2024-02-28 03:00:00+00:00,15.92813175,17.241882
2024-02-28 04:00:00+00:00,12.01540475,16.038782
2024-02-28 05:00:00+00:00,10.474069916666666,15.456907
2024-02-28 06:00:00+00:00,10.1383275,15.084347
2024-02-28 07:00:00+00:00,9.656428,14.512362
2024-02-28 08:00:00+00:00,9.408084333333333,14.470221
2024-02-28 09:00:00+00:00,9.962615666666666,15.573425
2024-02-28 10:00:00+00:00,11.867279666666668,18.879368
2024-02-28 11:00:00+00:00,20.359576750000002,23.305435
2024-02-28 12:00:00+00:00,22.20866908333333,24.773676
2024-02-28 13:00:00+00:00,21.678308666666663,23.069147
2024-02-28 14:00:00+00:00,23.600485916666667,21.758194
2024-02-28 15:00:00+00:00,25.20702425,21.307375
2024-02-28 16:00:00+00:00,25.356268583333332,20.673128
2024-02-28 17:00:00+00:00,25.459723166666667,20.04995
2024-02-28 18:00:00+00:00,24.6093795,19.381363
2024-02-28 19:00:00+00:00,23.910415166666667,23.87196
2024-02-28 20:00:00+00:00,23.295660416666664,23.56301
2024-02-28 21:00:00+00:00,23.237637833333334,25.728683
2024-02-28 22:00:00+00:00,29.081269916666667,30.743488
2024-02-28 23:00:00+00:00,36.838859416666665,32.652084
2024-02-29 00:00:00+00:00,33.29067358333334,30.306099
2024-02-29 01:00:00+00:00,31.994582499999996,27.349247
2024-02-29 02:00:00+00:00,28.73822183333333,23.639708
2024-02-29 03:00:00+00:00,26.312496999999997,20.252201
2024-02-29 04:00:00+00:00,22.762071083333336,17.887161
2024-02-29 05:00:00+00:00,22.645117683333336,16.485271
2024-02-29 06:00:00+00:00,22.528164283333336,15.3089695
2024-02-29 07:00:00+00:00,22.411210883333336,14.160609
2024-03-01 05:00:00+00:00,19.83823608333333,13.395412
2024-03-01 06:00:00+00:00,19.484349416666667,13.976004
2024-03-01 07:00:00+00:00,19.304488583333338,16.952845
2024-03-01 08:00:00+00:00,19.840211,22.565649
2024-03-01 09:00:00+00:00,20.88941225,26.249258
2024-03-01 10:00:00+00:00,25.84847675,26.358265
2024-03-01 11:00:00+00:00,51.06490566666667,26.55776
2024-03-01 12:00:00+00:00,47.46859175,27.201965
2024-03-01 13:00:00+00:00,27.506793416666667,26.423853
2024-03-01 14:00:00+00:00,25.076080583333333,25.443886
2024-03-01 15:00:00+00:00,24.471602916666665,24.943224
2024-03-01 16:00:00+00:00,23.50863816666667,22.672592
2024-03-01 17:00:00+00:00,23.22805425,21.638893
2024-03-01 18:00:00+00:00,22.584730166666663,21.005854
2024-03-01 19:00:00+00:00,22.1776655,21.337265
2024-03-01 20:00:00+00:00,22.44976691666667,24.373535
2024-03-01 21:00:00+00:00,22.56296825,29.341963
2024-03-01 22:00:00+00:00,26.834826250000006,29.541035
2024-03-01 23:00:00+00:00,29.697834333333336,26.73191
2024-03-02 00:00:00+00:00,26.308115250000004,25.838943
2024-03-02 01:00:00+00:00,24.356191166666665,24.317787
2024-03-02 02:00:00+00:00,23.540376833333337,21.959175
2024-03-02 03:00:00+00:00,20.175202500000005,20.117147
2024-03-02 04:00:00+00:00,17.74498983333333,18.806925
2024-03-02 05:00:00+00:00,21.177513666666663,18.110785
2024-03-02 06:00:00+00:00,20.165867583333334,17.617445
2024-03-02 07:00:00+00:00,18.652028750000003,17.608448
2024-03-02 08:00:00+00:00,19.145207,18.251984
2024-03-02 09:00:00+00:00,20.275116833333335,21.114515
2024-03-02 10:00:00+00:00,19.043612166666666,28.434227
2024-03-02 11:00:00+00:00,22.9504115,33.70189
2024-03-02 12:00:00+00:00,25.36161925,30.812464
2024-03-02 13:00:00+00:00,26.680907333333334,26.11886
2024-03-02 14:00:00+00:00,28.402481499999997,23.320934
2024-03-02 15:00:00+00:00,29.266089750000003,21.328941
2024-03-02 16:00:00+00:00,27.56790583333333,27.31285
2024-03-02 17:00:00+00:00,25.209719250000003,26.349312
2024-03-02 18:00:00+00:00,23.570583999999997,25.561367
2024-03-02 19:00:00+00:00,19.73156991666667,25.014809
2024-03-02 20:00:00+00:00,18.126678583333334,24.821503
2024-03-02 21:00:00+00:00,18.63282666666667,24.83329
2024-03-02 22:00:00+00:00,23.088072166666667,26.04976
2024-03-02 23:00:00+00:00,26.57234425,26.872738
2024-03-03 00:00:00+00:00,23.802752333333334,25.885622
2024-03-03 01:00:00+00:00,19.12602991666667,24.915447
2024-03-03 02:00:00+00:00,17.22797491666667,23.486534
2024-03-03 03:00:00+00:00,15.424103833333332,21.676836
2024-03-03 04:00:00+00:00,12.886237416666665,20.146753
2024-03-03 05:00:00+00:00,11.120134583333334,19.2774
2024-03-03 06:00:00+00:00,10.339096333333332,18.432587
2024-03-03 07:00:00+00:00,8.828762916666667,17.934763
2024-03-03 08:00:00+00:00,9.166850250000001,17.491884
2024-03-03 09:00:00+00:00,8.707624833333334,17.563541
2024-03-03 10:00:00+00:00,9.1485725,18.026163
2024-03-03 11:00:00+00:00,10.268306916666667,19.994637
2024-03-03 12:00:00+00:00,11.07360325,22.201172
2024-03-03 13:00:00+00:00,10.469565916666665,22.791456
2024-03-03 14:00:00+00:00,10.459965583333334,23.03301
2024-03-03 15:00:00+00:00,10.595283,23.546188
2024-03-03 16:00:00+00:00,10.739502916666666,10.274216
2024-03-03 17:00:00+00:00,10.405481083333333,10.159139
2024-03-03 18:00:00+00:00,9.929246416666667,10.132844
2024-03-03 19:00:00+00:00,9.2090485,10.145709
2024-03-03 20:00:00+00:00,9.406030416666667,10.27753
2024-03-03 21:00:00+00:00,10.973511833333333,10.697055
2024-03-03 22:00:00+00:00,12.947226749999997,13.236111
2024-03-03 23:00:00+00:00,20.917298249999998,16.338352
2024-03-04 00:00:00+00:00,19.24571925,16.061298
2024-03-04 01:00:00+00:00,14.627898083333333,14.281307
2024-03-04 02:00:00+00:00,13.785452166666666,12.478777
2024-03-04 03:00:00+00:00,12.222979249999998,10.865652
2024-03-04 04:00:00+00:00,11.030595,9.595979
2024-03-04 05:00:00+00:00,11.8287755,8.720415
2024-03-04 06:00:00+00:00,11.819338166666665,8.414128
2024-03-04 07:00:00+00:00,10.833512083333334,8.319594
2024-03-04 08:00:00+00:00,10.614928083333334,8.121955
2024-03-04 09:00:00+00:00,12.393485333333333,8.789688
2024-03-04 10:00:00+00:00,17.304298083333336,10.195456
2024-03-04 11:00:00+00:00,27.590001583333333,12.24271
2024-03-04 12:00:00+00:00,29.682106416666667,13.972836
2024-03-04 13:00:00+00:00,21.445343500000003,13.798983
2024-03-04 14:00:00+00:00,19.21834325,13.376738
2024-03-04 15:00:00+00:00,19.458391833333337,13.459948
2024-03-04 16:00:00+00:00,20.482570916666667,18.236006
2024-03-04 17:00:00+00:00,19.830026750000002,17.56459
2024-03-04 18:00:00+00:00,19.08400183333334,17.054243
2024-03-04 19:00:00+00:00,16.536988,16.973627
2024-03-04 20:00:00+00:00,17.804344583333336,17.78675
2024-03-04 21:00:00+00:00,20.403881083333335,19.872961
2024-03-04 22:00:00+00:00,27.58973933333333,25.081625
2024-03-04 23:00:00+00:00,33.7969985,30.966324
2024-03-05 00:00:00+00:00,26.179821750000002,31.965849
2024-03-05 01:00:00+00:00,21.773994333333334,27.243748
2024-03-05 02:00:00+00:00,18.80340025,21.74881
2024-03-05 03:00:00+00:00,15.914538583333334,19.241405
2024-03-05 04:00:00+00:00,12.091920583333334,17.969236
2024-03-05 05:00:00+00:00,12.113417833333337,16.957829
2024-03-05 06:00:00+00:00,11.350155749999999,16.072407
2024-03-05 07:00:00+00:00,11.022897583333332,15.920598
2024-03-05 08:00:00+00:00,11.204045916666667,16.321325
2024-03-05 09:00:00+00:00,11.841267166666666,17.987963
2024-03-05 10:00:00+00:00,15.102467500000001,22.156418
2024-03-05 11:00:00+00:00,24.439803333333337,27.658516
2024-03-05 12:00:00+00:00,25.028939583333333,28.98685
2024-03-05 13:00:00+00:00,24.913946666666664,25.825161
2024-03-05 14:00:00+00:00,23.79599908333333,22.039415
2024-03-05 15:00:00+00:00,24.159402083333333,20.451536
2024-03-05 16:00:00+00:00,24.030362583333332,23.259197
2024-03-05 17:00:00+00:00,24.224860083333336,22.222933
2024-03-05 18:00:00+00:00,22.64070658333333,21.37357
2024-03-05 19:00:00+00:00,19.253782,20.46984
2024-03-05 20:00:00+00:00,18.422110916666668,20.63552
2024-03-05 21:00:00+00:00,20.527675333333335,21.495737
2024-03-05 22:00:00+00:00,24.281939750000006,25.565258
2024-03-05 23:00:00+00:00,27.492570083333337,28.83789
2024-03-06 00:00:00+00:00,27.338162583333332,26.670639
2024-03-06 01:00:00+00:00,22.680255250000002,22.277029
2024-03-06 02:00:00+00:00,21.982654166666666,18.186007
2024-03-06 03:00:00+00:00,19.109301833333333,15.233021
2024-03-06 04:00:00+00:00,16.123528583333332,13.590069
2024-03-06 05:00:00+00:00,18.052439,12.295822
2024-03-06 06:00:00+00:00,15.682864833333333,11.133417
2024-03-06 07:00:00+00:00,13.626017583333336,10.389044
2024-03-06 08:00:00+00:00,13.288802500000001,10.289132
2024-03-06 09:00:00+00:00,14.055617833333335,11.366368
2024-03-06 10:00:00+00:00,16.03255441666667,14.701818
2024-03-06 11:00:00+00:00,22.14430516666667,20.645222
2024-03-06 12:00:00+00:00,24.987224083333334,24.247173
2024-03-06 13:00:00+00:00,25.98220233333333,23.564514
2024-03-06 14:00:00+00:00,26.299985250000002,22.299402
2024-03-06 15:00:00+00:00,26.713389666666668,21.93298
2024-03-06 16:00:00+00:00,26.31202325,26.069529
2024-03-06 17:00:00+00:00,26.165085166666664,24.764519
2024-03-06 18:00:00+00:00,25.905528583333336,23.08934
2024-03-06 19:00:00+00:00,25.63592325,21.681026
2024-03-06 20:00:00+00:00,24.664396166666666,21.740974
2024-03-06 21:00:00+00:00,23.524150083333335,23.388872
2024-03-06 22:00:00+00:00,24.17157966666667,30.408539
2024-03-06 23:00:00+00:00,27.842877166666668,35.744026
2024-03-07 00:00:00+00:00,29.146064249999995,33.62692
2024-03-07 01:00:00+00:00,24.941007166666665,29.08651
2024-03-07 02:00:00+00:00,23.151721166666665,24.898981
2024-03-07 03:00:00+00:00,21.98078275,21.566313
2024-03-07 04:00:00+00:00,17.749162583333337,19.341406
2024-03-07 05:00:00+00:00,17.05479266666667,17.871908
2024-03-07 06:00:00+00:00,15.313609666666666,17.31366
2024-03-07 07:00:00+00:00,13.536145833333334,16.451653
2024-03-07 08:00:00+00:00,13.685956666666668,15.93631
2024-03-07 09:00:00+00:00,15.489256833333334,17.6559
2024-03-07 10:00:00+00:00,19.97119725,21.907984
2024-03-07 11:00:00+00:00,27.61536316666667,28.889507
2024-03-07 12:00:00+00:00,29.136408833333334,33.20083
2024-03-07 13:00:00+00:00,27.201025333333334,31.80719
2024-03-07 14:00:00+00:00,26.03022658333333,29.83466
2024-03-07 15:00:00+00:00,25.818133583333335,28.930052
2024-03-07 16:00:00+00:00,24.0706145,24.834936
2024-03-07 17:00:00+00:00,22.606726666666663,24.301497
2024-03-07 18:00:00+00:00,22.07855475,23.329714
2024-03-07 19:00:00+00:00,19.197028166666666,22.312971
2024-03-07 20:00:00+00:00,18.757820916666667,22.08976
2024-03-07 21:00:00+00:00,21.790651333333333,23.151041
2024-03-07 22:00:00+00:00,26.515013916666668,26.961493
2024-03-07 23:00:00+00:00,32.77485025,30.074394
2024-03-08 00:00:00+00:00,29.327298,29.747189
2024-03-08 01:00:00+00:00,24.49481075,27.198704
2024-03-08 02:00:00+00:00,21.730386999999997,23.97871
2024-03-08 03:00:00+00:00,18.937321250000004,21.13385
2024-03-08 04:00:00+00:00,16.328446666666668,18.888176
2024-03-08 05:00:00+00:00,16.48222475,17.500937
2024-03-08 06:00:00+00:00,14.9953505,16.568317
2024-03-08 07:00:00+00:00,14.311308416666668,15.865208
2024-03-08 08:00:00+00:00,14.291772583333334,15.606806
2024-03-08 09:00:00+00:00,15.135488083333335,17.004751
2024-03-08 10:00:00+00:00,18.402725333333333,21.01246
2024-03-08 11:00:00+00:00,27.450407499999997,27.357986
2024-03-08 12:00:00+00:00,26.080944166666665,30.247595
2024-03-08 13:00:00+00:00,20.811802750000002,28.650425
2024-03-08 14:00:00+00:00,18.469289166666666,26.597094
2024-03-08 15:00:00+00:00,18.59874641666667,25.563814
2024-03-08 16:00:00+00:00,18.0281365,17.952929
2024-03-08 17:00:00+00:00,17.10912816666667,17.590641
2024-03-08 18:00:00+00:00,16.24608175,17.036448
2024-03-08 19:00:00+00:00,15.674001250000003,16.770847
2024-03-08 20:00:00+00:00,16.161334166666666,16.750189
2024-03-08 21:00:00+00:00,18.3266925,17.696995
2024-03-08 22:00:00+00:00,21.85643875,20.845282
2024-03-08 23:00:00+00:00,25.23034775,23.099268
2024-03-09 00:00:00+00:00,24.485865583333332,22.120354
2024-03-09 01:00:00+00:00,20.645050166666667,19.97374
2024-03-09 02:00:00+00:00,17.31076925,18.044353
2024-03-09 03:00:00+00:00,15.334324833333334,16.66407
2024-03-09 04:00:00+00:00,13.796308583333333,15.861762
2024-03-09 05:00:00+00:00,14.0802745,15.205101
2024-03-09 06:00:00+00:00,13.019427916666666,14.536917
2024-03-09 07:00:00+00:00,11.473866083333334,13.989922
2024-03-09 08:00:00+00:00,11.253276416666667,13.672352
2024-03-09 09:00:00+00:00,10.998526,14.1298275
2024-03-09 10:00:00+00:00,10.84997491666667,15.43558
2024-03-09 11:00:00+00:00,13.079747249999999,17.73662
2024-03-09 12:00:00+00:00,15.1081275,19.005224
2024-03-09 13:00:00+00:00,18.722822333333337,18.190428
2024-03-09 14:00:00+00:00,23.246373000000002,17.027807
2024-03-09 15:00:00+00:00,25.07382558333333,16.543736
2024-03-09 16:00:00+00:00,23.1826315,25.213638
2024-03-09 17:00:00+00:00,20.677733000000003,24.079601
2024-03-09 18:00:00+00:00,18.29356041666667,23.336313
2024-03-09 19:00:00+00:00,16.156366416666668,23.086079
2024-03-09 20:00:00+00:00,15.583715833333335,22.94749
2024-03-09 21:00:00+00:00,16.147495,23.652077
2024-03-09 22:00:00+00:00,19.685301916666667,26.270008
2024-03-09 23:00:00+00:00,24.187127250000003,28.7066
2024-03-10 00:00:00+00:00,24.77659133333333,27.657362
2024-03-10 01:00:00+00:00,23.014132166666666,25.26744
2024-03-10 02:00:00+00:00,22.568447583333334,22.636438
2024-03-10 03:00:00+00:00,18.97320583333334,20.008234
2024-03-10 04:00:00+00:00,16.28687766666667,17.364822
2024-03-10 05:00:00+00:00,13.819351083333332,15.363249
2024-03-10 06:00:00+00:00,13.052701333333335,13.847843
2024-03-10 07:00:00+00:00,12.723816083333332,12.371697
2024-03-10 08:00:00+00:00,14.432077333333334,11.410774
2024-03-10 09:00:00+00:00,15.602318750000004,11.070841
2024-03-10 10:00:00+00:00,17.583349166666668,11.571981
2024-03-10 11:00:00+00:00,20.280579083333333,12.777077
2024-03-10 12:00:00+00:00,19.48882716666667,15.294504
2024-03-10 13:00:00+00:00,15.663284083333334,17.82748
2024-03-10 14:00:00+00:00,15.230644916666668,19.717333
2024-03-10 15:00:00+00:00,14.714219416666667,20.938257
2024-03-10 16:00:00+00:00,13.825203416666668,13.995287
2024-03-10 17:00:00+00:00,12.946736583333333,13.393835
2024-03-10 18:00:00+00:00,13.456348583333332,12.982264
2024-03-10 19:00:00+00:00,13.365905416666665,12.425829
2024-03-10 20:00:00+00:00,13.881152333333333,12.600267
2024-03-10 21:00:00+00:00,15.981416083333334,13.904262
2024-03-10 22:00:00+00:00,23.7793875,18.168095
2024-03-10 23:00:00+00:00,37.00950425,22.376825
2024-03-11 00:00:00+00:00,34.338840833333336,22.431507
2024-03-11 01:00:00+00:00,29.237308166666665,20.38185
2024-03-11 02:00:00+00:00,22.50627658333333,18.207119
2024-03-11 03:00:00+00:00,19.767979166666667,16.124
2024-03-11 04:00:00+00:00,18.719801083333333,14.709484
2024-03-11 05:00:00+00:00,17.018363083333334,13.837435
2024-03-11 06:00:00+00:00,15.546367750000002,13.414038
2024-03-11 07:00:00+00:00,16.782157083333335,13.331451
2024-03-11 08:00:00+00:00,18.29846875,13.399122
2024-03-11 09:00:00+00:00,24.203215,15.619374
2024-03-11 10:00:00+00:00,48.742965166666664,20.648945
2024-03-11 11:00:00+00:00,66.49689333333333,26.748398
2024-03-11 12:00:00+00:00,29.733714250000002,29.06664
2024-03-11 13:00:00+00:00,21.077976083333333,26.91295
2024-03-11 14:00:00+00:00,20.52100491666667,23.958736
2024-03-11 15:00:00+00:00,17.602561833333333,22.41751
2024-03-11 16:00:00+00:00,16.157852333333334,15.905326
2024-03-11 17:00:00+00:00,14.90950825,14.431413
2024-03-11 18:00:00+00:00,13.760724000000002,14.092532
2024-03-11 19:00:00+00:00,13.076463166666668,13.464253
2024-03-11 20:00:00+00:00,13.166245750000002,13.486906
2024-03-11 21:00:00+00:00,14.156256333333333,16.318743
2024-03-11 22:00:00+00:00,19.672570750000002,21.519346
2024-03-11 23:00:00+00:00,29.4052295,28.144081
2024-03-12 00:00:00+00:00,22.868828833333335,29.930191
2024-03-12 01:00:00+00:00,20.056461250000005,23.884218
2024-03-12 02:00:00+00:00,18.60238216666667,18.964481
2024-03-12 03:00:00+00:00,15.11909991666667,16.948864
2024-03-12 04:00:00+00:00,11.480464,15.238991
2024-03-12 05:00:00+00:00,11.549774583333335,14.142517
2024-03-12 06:00:00+00:00,11.448537416666667,13.200332
2024-03-12 07:00:00+00:00,11.554192333333333,12.944469
2024-03-12 08:00:00+00:00,14.426854416666666,13.8544235
2024-03-12 09:00:00+00:00,17.73037325,18.955484
2024-03-12 10:00:00+00:00,28.66076141666667,30.198273
2024-03-12 11:00:00+00:00,36.2369765,34.470146
2024-03-12 12:00:00+00:00,22.021511999999998,26.166248
2024-03-12 13:00:00+00:00,16.181313583333335,20.127657
2024-03-12 14:00:00+00:00,15.430454166666665,17.852976
2024-03-12 15:00:00+00:00,15.167583083333332,15.510887
2024-03-12 16:00:00+00:00,14.24535075,14.397251
2024-03-12 17:00:00+00:00,13.480563499999999,13.779095
2024-03-12 18:00:00+00:00,12.415869666666664,13.486224
2024-03-12 19:00:00+00:00,12.058492083333334,13.407718
2024-03-12 20:00:00+00:00,12.177937,13.730396
2024-03-12 21:00:00+00:00,14.310644833333331,15.017481
2024-03-12 22:00:00+00:00,23.756028833333332,17.471432
2024-03-12 23:00:00+00:00,36.567414,19.836
2024-03-13 00:00:00+00:00,25.59788491666667,19.838951
2024-03-13 01:00:00+00:00,19.91605016666667,17.4487
2024-03-13 02:00:00+00:00,14.4670195,15.19782
2024-03-13 03:00:00+00:00,12.739088583333334,13.553467
2024-03-13 04:00:00+00:00,13.4346715,12.127177
2024-03-13 05:00:00+00:00,12.86520075,11.043232
2024-03-13 06:00:00+00:00,12.96512525,10.385904
2024-03-13 07:00:00+00:00,13.153278083333332,10.20869
2024-03-13 08:00:00+00:00,15.395862666666666,10.289716
2024-03-13 09:00:00+00:00,20.050400416666665,12.938452
2024-03-13 10:00:00+00:00,34.70044766666667,17.965963
2024-03-13 11:00:00+00:00,39.923839916666665,20.765942
2024-03-13 12:00:00+00:00,29.07340616666667,19.222301
2024-03-13 13:00:00+00:00,20.542221916666666,17.59107
2024-03-13 14:00:00+00:00,21.61479841666667,16.399628
2024-03-13 15:00:00+00:00,20.839049833333334,15.473511
2024-03-13 16:00:00+00:00,20.6883385,19.591179
2024-03-13 17:00:00+00:00,20.214537333333336,18.378025
2024-03-13 18:00:00+00:00,18.132224750000002,17.394032
2024-03-13 19:00:00+00:00,17.163628833333338,17.089205
2024-03-13 20:00:00+00:00,17.123365500000006,18.029974
2024-03-13 21:00:00+00:00,21.013530666666664,20.059412
2024-03-13 22:00:00+00:00,25.898297583333335,24.30236
2024-03-13 23:00:00+00:00,37.63089466666667,28.52364
2024-03-14 00:00:00+00:00,27.761275083333334,27.34745
2024-03-14 01:00:00+00:00,21.828636,21.91982
2024-03-14 02:00:00+00:00,17.871385666666665,17.42648
2024-03-14 03:00:00+00:00,15.430193500000001,15.221319
2024-03-14 04:00:00+00:00,11.962204250000001,13.749267
2024-03-14 05:00:00+00:00,11.161151583333336,12.886408
2024-03-14 06:00:00+00:00,10.281514333333334,12.684038
2024-03-14 07:00:00+00:00,9.812495166666666,12.687584
2024-03-14 08:00:00+00:00,11.049835333333334,12.831356
2024-03-14 09:00:00+00:00,14.259352166666664,17.271366
2024-03-14 10:00:00+00:00,23.197831833333336,26.309183
2024-03-14 11:00:00+00:00,27.025691333333334,29.92434
2024-03-14 12:00:00+00:00,14.737917916666667,25.575142
2024-03-14 13:00:00+00:00,11.796831666666668,22.135586
2024-03-14 14:00:00+00:00,11.103567416666666,20.52256
2024-03-14 15:00:00+00:00,11.886728499999998,19.077744
2024-03-14 16:00:00+00:00,12.503335333333332,11.549897
2024-03-14 17:00:00+00:00,12.729772500000001,11.07758
2024-03-14 18:00:00+00:00,12.175654583333335,10.458683
2024-03-14 19:00:00+00:00,12.282211333333334,10.420359
2024-03-14 20:00:00+00:00,13.0330375,11.0707445
2024-03-14 21:00:00+00:00,16.489299499999998,12.892666
2024-03-14 22:00:00+00:00,19.915614333333338,16.988125
2024-03-14 23:00:00+00:00,29.132539,19.930933
2024-03-15 00:00:00+00:00,24.133022666666665,18.891241
2024-03-15 01:00:00+00:00,18.6169795,16.161854
2024-03-15 02:00:00+00:00,14.914006916666667,13.987244
2024-03-15 03:00:00+00:00,12.577704333333335,12.538559
2024-03-15 04:00:00+00:00,10.175889249999999,11.647488
2024-03-15 05:00:00+00:00,9.75008625,11.107879
2024-03-15 06:00:00+00:00,9.398421666666666,10.653335
2024-03-15 07:00:00+00:00,9.104376583333334,10.285294
2024-03-15 08:00:00+00:00,9.4261465,10.298193
2024-03-15 09:00:00+00:00,11.130230416666668,12.841804
2024-03-15 10:00:00+00:00,13.81752725,17.701387
2024-03-15 11:00:00+00:00,21.599874083333333,19.654785
2024-03-15 12:00:00+00:00,23.108929333333332,16.877163
2024-03-15 13:00:00+00:00,22.185051333333334,14.282727
2024-03-15 14:00:00+00:00,22.365903,13.2563
2024-03-15 15:00:00+00:00,22.469238,12.635799
2024-03-15 16:00:00+00:00,21.994472333333334,21.67346
2024-03-15 17:00:00+00:00,22.239592666666667,21.34611
2024-03-15 18:00:00+00:00,22.373126166666665,20.814615
2024-03-15 19:00:00+00:00,21.375418916666668,20.676035
2024-03-15 20:00:00+00:00,20.933791499999998,21.222042
2024-03-15 21:00:00+00:00,21.697606500000003,22.387974
2024-03-15 22:00:00+00:00,24.064212166666668,25.133991
2024-03-15 23:00:00+00:00,29.342355833333333,27.002342
2024-03-16 00:00:00+00:00,25.969229249999998,24.744228
2024-03-16 01:00:00+00:00,22.382198166666665,20.788185
2024-03-16 02:00:00+00:00,20.718206333333328,17.36305
2024-03-16 03:00:00+00:00,17.354806583333332,14.685453
2024-03-16 04:00:00+00:00,17.37021091666667,12.9131775
2024-03-16 05:00:00+00:00,14.260009416666668,11.472277
2024-03-16 06:00:00+00:00,12.220515749999997,10.477762
2024-03-16 07:00:00+00:00,10.49022575,9.919599
2024-03-16 08:00:00+00:00,10.285871083333333,9.4592705
2024-03-16 09:00:00+00:00,9.947096833333333,10.540211
2024-03-16 10:00:00+00:00,12.677960833333332,12.761335
2024-03-16 11:00:00+00:00,17.20789391666667,15.339194
2024-03-16 12:00:00+00:00,14.0376305,17.109339
2024-03-16 13:00:00+00:00,10.319994583333333,17.509228
2024-03-16 14:00:00+00:00,10.591908583333334,17.140957
2024-03-16 15:00:00+00:00,10.04037175,16.89086
2024-03-16 16:00:00+00:00,9.72547125,10.115496
2024-03-16 17:00:00+00:00,8.361153083333333,9.96262
2024-03-16 18:00:00+00:00,7.7721721666666665,9.842033
2024-03-16 19:00:00+00:00,7.75082,9.817012
2024-03-16 20:00:00+00:00,7.774283833333332,10.297816
2024-03-16 21:00:00+00:00,8.991889583333334,11.478392
2024-03-16 22:00:00+00:00,10.995203666666667,13.40644
2024-03-16 23:00:00+00:00,20.61397583333333,16.021343
2024-03-17 00:00:00+00:00,21.825780666666663,16.8334
2024-03-17 01:00:00+00:00,14.958284916666665,14.757963
2024-03-17 02:00:00+00:00,12.253671833333334,13.033098
2024-03-17 03:00:00+00:00,10.468753,11.7120285
2024-03-17 04:00:00+00:00,10.545306333333334,10.382398
2024-03-17 05:00:00+00:00,9.553572083333334,9.083989
2024-03-17 06:00:00+00:00,9.599817583333333,7.854231
2024-03-17 07:00:00+00:00,9.58482675,7.2378025
2024-03-17 08:00:00+00:00,9.568286,6.9451427
2024-03-17 09:00:00+00:00,9.569389416666667,7.855584
2024-03-17 10:00:00+00:00,11.007427999999999,9.874521
2024-03-17 11:00:00+00:00,12.892493666666667,10.716675
2024-03-17 12:00:00+00:00,13.937025416666666,10.149851
2024-03-17 13:00:00+00:00,12.645242583333333,9.464232
2024-03-17 14:00:00+00:00,12.470604166666666,8.4103
2024-03-17 15:00:00+00:00,11.087514,7.602751
2024-03-17 16:00:00+00:00,11.733377166666665,10.233721
2024-03-17 17:00:00+00:00,10.87870275,10.193194
2024-03-17 18:00:00+00:00,10.715630916666667,9.861069
2024-03-17 19:00:00+00:00,10.794152416666668,9.463636
2024-03-17 20:00:00+00:00,11.334771916666666,10.289679
2024-03-17 21:00:00+00:00,12.517573166666669,12.000494
2024-03-17 22:00:00+00:00,15.517016,17.443596
2024-03-17 23:00:00+00:00,36.521082916666664,24.97598
2024-03-18 00:00:00+00:00,32.54522441666666,25.720018
2024-03-18 01:00:00+00:00,25.4351655,21.198717
2024-03-18 02:00:00+00:00,22.105113416666665,17.5595
2024-03-18 03:00:00+00:00,18.01031366666667,15.624742
2024-03-18 04:00:00+00:00,14.399980083333334,13.845947
2024-03-18 05:00:00+00:00,14.2633085,11.912955
2024-03-18 06:00:00+00:00,13.399084500000003,11.006977
2024-03-18 07:00:00+00:00,13.876857000000001,11.11661
2024-03-18 08:00:00+00:00,17.29097266666667,11.610813
2024-03-18 09:00:00+00:00,22.4181505,15.320611
2024-03-18 10:00:00+00:00,35.97885933333333,21.838505
2024-03-18 11:00:00+00:00,50.388848833333334,24.683456
2024-03-18 12:00:00+00:00,31.028289666666666,23.040165
2024-03-18 13:00:00+00:00,22.8066735,21.213694
2024-03-18 14:00:00+00:00,24.560550250000002,19.294998
2024-03-18 15:00:00+00:00,23.4747795,17.725065
2024-03-18 16:00:00+00:00,22.746693750000002,21.39381
2024-03-18 17:00:00+00:00,20.884944166666667,19.776554
2024-03-18 18:00:00+00:00,17.753820833333332,19.085194
2024-03-18 19:00:00+00:00,17.447227750000003,18.031305
2024-03-18 20:00:00+00:00,17.55790483333334,18.65982
2024-03-18 21:00:00+00:00,22.507029666666668,21.37391
2024-03-18 22:00:00+00:00,26.94418783333333,28.339123
2024-03-18 23:00:00+00:00,51.191733416666665,39.25509
2024-03-19 00:00:00+00:00,42.47304208333333,41.157845
2024-03-19 01:00:00+00:00,35.42709425,31.808548
2024-03-19 02:00:00+00:00,30.545909583333327,24.260166
2024-03-19 03:00:00+00:00,26.365077833333334,20.328632
2024-03-19 04:00:00+00:00,20.389240416666667,17.027973
2024-03-19 05:00:00+00:00,19.203207333333335,14.963924
2024-03-19 06:00:00+00:00,18.249506916666668,14.122309
2024-03-19 07:00:00+00:00,17.81945141666667,14.338576
2024-03-19 08:00:00+00:00,19.172056000000005,15.244001
2024-03-19 09:00:00+00:00,25.498295499999998,22.093416
2024-03-19 10:00:00+00:00,46.427181,35.98326
2024-03-19 11:00:00+00:00,54.616015250000004,40.647137
2024-03-19 12:00:00+00:00,26.19947225,32.29861
2024-03-19 13:00:00+00:00,20.749668416666665,25.598385
2024-03-19 14:00:00+00:00,19.216435250000004,22.96616
2024-03-19 15:00:00+00:00,17.41050458333333,20.554619
2024-03-19 16:00:00+00:00,16.031831166666667,16.17733
2024-03-19 17:00:00+00:00,14.039365333333334,14.828925
2024-03-19 18:00:00+00:00,13.243121583333334,14.328829
2024-03-19 19:00:00+00:00,12.529290416666665,14.061421
2024-03-19 20:00:00+00:00,11.776548750000002,14.742073
2024-03-19 21:00:00+00:00,15.383427833333334,17.08916
2024-03-19 22:00:00+00:00,20.5883475,22.74698
2024-03-19 23:00:00+00:00,37.27874391666666,30.39661
2024-03-20 00:00:00+00:00,34.121061,30.830532
2024-03-20 01:00:00+00:00,26.8841995,23.987762
2024-03-20 02:00:00+00:00,21.224504916666667,18.933945
2024-03-20 03:00:00+00:00,18.480533916666673,16.667671
2024-03-20 04:00:00+00:00,17.847312583333334,14.633132
2024-03-20 05:00:00+00:00,17.498841833333334,12.850464
2024-03-20 06:00:00+00:00,16.58765466666667,11.747134
2024-03-20 07:00:00+00:00,16.698309166666668,12.125515
2024-03-20 08:00:00+00:00,17.080030333333333,13.388845
2024-03-20 09:00:00+00:00,22.59702833333333,19.67511
2024-03-20 10:00:00+00:00,36.72009191666667,30.37274
2024-03-20 11:00:00+00:00,46.84303633333334,31.507456
2024-03-20 12:00:00+00:00,28.188392750000002,23.387375
2024-03-20 13:00:00+00:00,19.913968833333332,18.667086
2024-03-20 14:00:00+00:00,20.5085275,16.494623
2024-03-20 15:00:00+00:00,20.253732333333335,14.176595
2024-03-20 16:00:00+00:00,19.31433925,18.828848
2024-03-20 17:00:00+00:00,17.819986083333333,17.718424
2024-03-20 18:00:00+00:00,16.73631225,17.003344
2024-03-20 19:00:00+00:00,16.966842333333336,16.729507
2024-03-20 20:00:00+00:00,16.6838445,17.95119
2024-03-20 21:00:00+00:00,18.74872433333333,20.570267
2024-03-20 22:00:00+00:00,23.691665166666667,26.902277
2024-03-20 23:00:00+00:00,40.831769333333334,36.695374
2024-03-21 00:00:00+00:00,43.65704958333333,39.12165
2024-03-21 01:00:00+00:00,32.88725358333333,31.265919
2024-03-21 02:00:00+00:00,27.937449833333332,24.757538
2024-03-21 03:00:00+00:00,25.883240833333332,21.431168
2024-03-21 04:00:00+00:00,24.462360333333333,18.60333
2024-03-21 05:00:00+00:00,24.832509666666667,16.61754
2024-03-21 06:00:00+00:00,24.661543166666668,15.34604
2024-03-21 07:00:00+00:00,24.945235999999998,14.587761
2024-03-21 08:00:00+00:00,26.592219166666666,14.769833
2024-03-21 09:00:00+00:00,29.92748916666666,20.61395
2024-03-21 10:00:00+00:00,68.49686416666667,32.09127
2024-03-21 11:00:00+00:00,76.62083791666667,34.621574
2024-03-21 12:00:00+00:00,36.98814425,27.507515
2024-03-21 13:00:00+00:00,27.2779185,22.55871
2024-03-21 14:00:00+00:00,25.63358,20.307241
2024-03-21 15:00:00+00:00,22.890359,18.352919
2024-03-21 16:00:00+00:00,22.004352083333334,20.491104
2024-03-21 17:00:00+00:00,20.505433083333337,18.630758
2024-03-21 18:00:00+00:00,19.122521583333334,17.96125
2024-03-21 19:00:00+00:00,17.80075691666667,17.845173
2024-03-21 20:00:00+00:00,17.35307575,18.99679
2024-03-21 21:00:00+00:00,19.909100833333337,22.094368
2024-03-21 22:00:00+00:00,28.225859166666666,27.265045
2024-03-21 23:00:00+00:00,45.251778,36.126198
2024-03-22 00:00:00+00:00,43.988450750000005,39.092888
2024-03-22 01:00:00+00:00,33.33427941666667,31.651848
2024-03-22 02:00:00+00:00,29.18395166666667,25.464191
2024-03-22 03:00:00+00:00,26.01492225,22.160831
2024-03-22 04:00:00+00:00,21.395375083333338,19.266193
2024-03-22 05:00:00+00:00,21.13528775,17.06967
2024-03-22 06:00:00+00:00,19.500872833333332,15.350029
2024-03-22 07:00:00+00:00,20.18166841666667,14.147882
2024-03-22 08:00:00+00:00,20.532794666666668,13.94761
2024-03-22 09:00:00+00:00,23.38215741666667,22.37107
2024-03-22 10:00:00+00:00,45.9054165,40.226852
2024-03-22 11:00:00+00:00,57.65918775,44.28967
2024-03-22 12:00:00+00:00,37.32937425,32.01079
2024-03-22 13:00:00+00:00,29.125906083333334,24.76609
2024-03-22 14:00:00+00:00,26.143931499999997,21.773876
2024-03-22 15:00:00+00:00,25.745141000000004,18.069479
2024-03-22 16:00:00+00:00,24.879608833333332,23.538776
2024-03-22 17:00:00+00:00,22.693508,21.912336
2024-03-22 18:00:00+00:00,21.97509275,20.776484
2024-03-22 19:00:00+00:00,22.283013083333334,20.435972
2024-03-22 20:00:00+00:00,21.95441891666667,21.09487
2024-03-22 21:00:00+00:00,22.93497125,23.34615
2024-03-22 22:00:00+00:00,20.179264416666665,27.987286
2024-03-22 23:00:00+00:00,23.340928916666666,36.107483
2024-03-23 00:00:00+00:00,22.53401033333333,39.59697
2024-03-23 01:00:00+00:00,22.233157666666667,33.091923
2024-03-23 02:00:00+00:00,21.209883500000004,26.187584
2024-03-23 03:00:00+00:00,16.92753316666667,22.853947
2024-03-23 04:00:00+00:00,18.723026166666667,20.39667
2024-03-23 05:00:00+00:00,19.33285025,18.687454
2024-03-23 06:00:00+00:00,18.580895833333333,17.422354
2024-03-23 07:00:00+00:00,17.18796875,16.502544
2024-03-23 08:00:00+00:00,17.324062166666668,15.948786
2024-03-23 09:00:00+00:00,19.717292333333337,20.78767
2024-03-23 10:00:00+00:00,17.70755725,32.64925
2024-03-23 11:00:00+00:00,23.681633833333333,37.706932
2024-03-23 12:00:00+00:00,27.994534583333333,30.907291
2024-03-23 13:00:00+00:00,27.656895916666667,25.611769
2024-03-23 14:00:00+00:00,27.99163791666666,23.12963
2024-03-23 15:00:00+00:00,26.0723225,20.613546
2024-03-23 16:00:00+00:00,24.01134883333333,23.563234
2024-03-23 17:00:00+00:00,22.26071758333333,21.983265
2024-03-23 18:00:00+00:00,20.353055583333333,21.041195
2024-03-23 19:00:00+00:00,19.297123166666665,20.42545
2024-03-23 20:00:00+00:00,18.843550750000002,20.42247
2024-03-23 21:00:00+00:00,18.12462975,20.724245
2024-03-23 22:00:00+00:00,19.00595641666667,22.154734
2024-03-23 23:00:00+00:00,25.835425416666666,25.165407
2024-03-24 00:00:00+00:00,27.498399499999998,27.328117
2024-03-24 01:00:00+00:00,22.269193083333334,25.932724
2024-03-24 02:00:00+00:00,21.003515166666663,23.633045
2024-03-24 03:00:00+00:00,21.293812416666665,22.170551
2024-03-24 04:00:00+00:00,22.467643749999997,20.462965
2024-03-24 05:00:00+00:00,19.750858916666665,18.843466
2024-03-24 06:00:00+00:00,19.750590583333334,17.610086
2024-03-24 07:00:00+00:00,20.48256625,16.486986
2024-03-24 08:00:00+00:00,22.449938,15.764635
2024-03-24 09:00:00+00:00,24.77961641666667,16.68126
2024-03-24 10:00:00+00:00,28.925464166666668,20.428205
2024-03-24 11:00:00+00:00,31.48051708333334,24.222292
2024-03-24 12:00:00+00:00,23.487007000000002,24.665218
2024-03-24 13:00:00+00:00,16.60905025,23.621603
2024-03-24 14:00:00+00:00,15.132519666666667,22.464182
2024-03-24 15:00:00+00:00,13.207758916666666,20.277555
2024-03-24 16:00:00+00:00,12.148409916666667,12.189451
2024-03-24 17:00:00+00:00,11.025624583333332,11.167021
2024-03-24 18:00:00+00:00,10.731563,10.738756
2024-03-24 19:00:00+00:00,10.531986416666667,10.4403305
2024-03-24 20:00:00+00:00,10.499028416666667,11.464694
2024-03-24 21:00:00+00:00,12.570405916666667,13.726105
2024-03-24 22:00:00+00:00,16.861168083333336,17.315521
2024-03-24 23:00:00+00:00,31.64913375,23.741072
2024-03-25 00:00:00+00:00,28.16704491666667,26.588102
2024-03-25 01:00:00+00:00,22.602128083333337,24.16772
2024-03-25 02:00:00+00:00,18.093746916666667,22.66969
2024-03-25 03:00:00+00:00,16.686508416666666,22.257122
2024-03-25 04:00:00+00:00,17.977533083333334,21.23273
2024-03-25 05:00:00+00:00,18.31905491666667,19.65063
2024-03-25 06:00:00+00:00,18.332721916666667,19.1053
2024-03-25 07:00:00+00:00,18.452468,19.664215
2024-03-25 08:00:00+00:00,19.97872525,20.778805
2024-03-25 09:00:00+00:00,25.307564666666668,26.991701
2024-03-25 10:00:00+00:00,39.871852999999994,37.649117
2024-03-25 11:00:00+00:00,44.24313708333333,39.35183
2024-03-25 12:00:00+00:00,21.74653516666666,33.98073
2024-03-25 13:00:00+00:00,18.523269583333338,29.726103
2024-03-25 14:00:00+00:00,17.289721666666672,25.081936
2024-03-25 15:00:00+00:00,16.688174916666664,20.879507
2024-03-25 16:00:00+00:00,16.284309,14.924843
2024-03-25 17:00:00+00:00,14.185146333333334,13.740289
2024-03-25 18:00:00+00:00,13.137600083333334,12.864722
2024-03-25 19:00:00+00:00,12.390588,12.681931
2024-03-25 20:00:00+00:00,11.969260750000002,14.189265
2024-03-25 21:00:00+00:00,15.078666083333333,17.068968
2024-03-25 22:00:00+00:00,19.481626416666668,22.544949
2024-03-25 23:00:00+00:00,31.498133416666665,31.220385
2024-03-26 00:00:00+00:00,27.22336833333333,33.838375
2024-03-26 01:00:00+00:00,19.7341235,28.356606
2024-03-26 02:00:00+00:00,16.952755166666666,24.396461
2024-03-26 03:00:00+00:00,17.508348333333338,22.533123
2024-03-26 04:00:00+00:00,13.846049416666665,20.995356
2024-03-26 05:00:00+00:00,12.864304666666667,19.433666
2024-03-26 06:00:00+00:00,12.799839416666666,18.35114
2024-03-26 07:00:00+00:00,11.979275333333334,18.501198
2024-03-26 08:00:00+00:00,13.054658500000002,19.856514
2024-03-26 09:00:00+00:00,16.124070833333334,27.258589
2024-03-26 10:00:00+00:00,29.852689583333333,38.74292
2024-03-26 11:00:00+00:00,34.34440441666667,38.160927
2024-03-26 12:00:00+00:00,28.895319416666666,28.558376
2024-03-26 13:00:00+00:00,28.3740075,23.3467
2024-03-26 14:00:00+00:00,27.39632583333334,20.24206
2024-03-26 15:00:00+00:00,24.09179358333333,17.210472
2024-03-26 16:00:00+00:00,23.557595333333335,22.344128
2024-03-26 17:00:00+00:00,20.79709183333333,21.325172
2024-03-26 18:00:00+00:00,19.42514608333334,20.29039
2024-03-26 19:00:00+00:00,18.74133241666667,19.088005
2024-03-26 20:00:00+00:00,19.027962666666667,19.682064
2024-03-26 21:00:00+00:00,19.85347941666667,21.97016
2024-03-26 22:00:00+00:00,19.66173975,28.121124
2024-03-26 23:00:00+00:00,25.56449425,36.449535
2024-03-27 00:00:00+00:00,25.3002305,36.39654
2024-03-27 01:00:00+00:00,23.178015833333333,28.725828
2024-03-27 02:00:00+00:00,18.636843583333334,23.109636
2024-03-27 03:00:00+00:00,16.364416250000005,20.337582
2024-03-27 04:00:00+00:00,18.498693,17.859516
2024-03-27 05:00:00+00:00,20.369412833333335,16.229933
2024-03-27 06:00:00+00:00,19.343332916666665,15.605967
2024-03-27 07:00:00+00:00,18.815052166666664,14.971146
2024-03-27 08:00:00+00:00,21.289640249999998,14.751763
2024-03-27 09:00:00+00:00,22.254243833333334,20.944424
2024-03-27 10:00:00+00:00,31.591696833333334,32.348804
2024-03-27 11:00:00+00:00,38.578934333333336,35.278313
2024-03-27 12:00:00+00:00,34.77850733333333,29.534388
2024-03-27 13:00:00+00:00,31.61418375,26.344944
2024-03-27 14:00:00+00:00,31.161635833333335,24.85968
2024-03-27 15:00:00+00:00,28.80179341666667,22.48696
2024-03-27 16:00:00+00:00,27.690484333333334,26.150173
2024-03-27 17:00:00+00:00,23.938657916666667,24.544195
2024-03-27 18:00:00+00:00,20.909490083333335,23.616255
2024-03-27 19:00:00+00:00,19.745431,22.837297
2024-03-27 20:00:00+00:00,19.958899750000004,23.855402
2024-03-27 21:00:00+00:00,21.407204916666668,25.527626
2024-03-27 22:00:00+00:00,23.588176500000003,29.521954
2024-03-27 23:00:00+00:00,32.414916,37.996387
2024-03-28 00:00:00+00:00,34.183693416666664,40.639633
2024-03-28 01:00:00+00:00,32.80255541666667,34.117817
2024-03-28 02:00:00+00:00,25.492520916666667,28.770119
2024-03-28 03:00:00+00:00,23.22961425,26.537312
2024-03-28 04:00:00+00:00,21.056305833333337,24.527103
2024-03-28 05:00:00+00:00,20.481237583333336,22.955944
2024-03-28 06:00:00+00:00,17.686142333333333,22.075193
2024-03-28 07:00:00+00:00,17.921753166666665,21.484035
2024-03-28 08:00:00+00:00,19.333841166666666,21.135891
2024-03-28 09:00:00+00:00,22.549050583333337,27.689632
2024-03-28 10:00:00+00:00,32.980890583333334,41.426926
2024-03-28 11:00:00+00:00,40.259040666666664,45.223904
2024-03-28 12:00:00+00:00,39.977820916666666,37.438187
2024-03-28 13:00:00+00:00,33.58216791666667,32.75468
2024-03-28 14:00:00+00:00,30.95116825,30.420115
2024-03-28 15:00:00+00:00,24.965204999999997,27.542236
2024-03-28 16:00:00+00:00,22.484644749999998,22.318687
2024-03-28 17:00:00+00:00,19.872217833333337,21.09971
2024-03-28 18:00:00+00:00,17.904198083333338,20.113892
2024-03-28 19:00:00+00:00,16.662915416666667,18.757307
2024-03-28 20:00:00+00:00,16.97228525,18.389404
2024-03-28 21:00:00+00:00,18.343372416666664,19.427954
2024-03-28 22:00:00+00:00,19.10496841666667,23.731445
2024-03-28 23:00:00+00:00,29.513973250000003,30.290306
2024-03-29 00:00:00+00:00,31.445836,32.51232
2024-03-29 01:00:00+00:00,24.519160499999998,27.970148
2024-03-29 02:00:00+00:00,19.213373583333333,23.27469
2024-03-29 03:00:00+00:00,17.85368525,20.944786
2024-03-29 04:00:00+00:00,22.18418216666667,19.169394
2024-03-29 05:00:00+00:00,21.527940749999996,17.93422
2024-03-29 06:00:00+00:00,20.431148250000003,16.619526
2024-03-29 07:00:00+00:00,20.258858250000003,15.327924
2024-03-29 08:00:00+00:00,22.242690416666665,14.385913
2024-03-29 09:00:00+00:00,24.595785833333334,17.645594
2024-03-29 10:00:00+00:00,34.274273916666665,27.440258
2024-03-29 11:00:00+00:00,38.040339499999995,33.60382
2024-03-29 12:00:00+00:00,24.647474416666668,29.563328
2024-03-29 13:00:00+00:00,19.87133908333334,25.173786
2024-03-29 14:00:00+00:00,18.940093166666667,23.278387
2024-03-29 15:00:00+00:00,16.961990166666666,21.285236
2024-03-29 16:00:00+00:00,15.277119583333333,15.870485
2024-03-29 17:00:00+00:00,13.314603,15.157961
2024-03-29 18:00:00+00:00,12.475373583333335,14.701991
2024-03-29 19:00:00+00:00,12.391055999999999,14.275873
2024-03-29 20:00:00+00:00,11.848996749999998,14.275034
2024-03-29 21:00:00+00:00,12.689169999999999,15.0499115
2024-03-29 22:00:00+00:00,17.591435916666665,16.64632
2024-03-29 23:00:00+00:00,26.15638033333333,20.198687
2024-03-30 00:00:00+00:00,24.490803083333333,21.890984
2024-03-30 01:00:00+00:00,20.25741275,19.592077
2024-03-30 02:00:00+00:00,17.778177166666666,18.226711
2024-03-30 03:00:00+00:00,15.7086025,18.051317
2024-03-30 04:00:00+00:00,13.132701500000001,17.60992
2024-03-30 05:00:00+00:00,13.523095416666669,17.061754
2024-03-30 06:00:00+00:00,13.120864083333332,16.62969
2024-03-30 07:00:00+00:00,12.700560000000001,16.834698
2024-03-30 08:00:00+00:00,13.123614250000001,17.49068
2024-03-30 09:00:00+00:00,12.42011183333333,20.926788
2024-03-30 10:00:00+00:00,15.271854166666667,26.78722
2024-03-30 11:00:00+00:00,17.490371083333333,27.359974
2024-03-30 12:00:00+00:00,17.572733083333336,23.812073
2024-03-30 13:00:00+00:00,14.691630583333334,21.718391
2024-03-30 14:00:00+00:00,15.362561333333334,19.806267
2024-03-30 15:00:00+00:00,14.521135416666667,17.796642
2024-03-30 16:00:00+00:00,13.186868083333332,13.320574
2024-03-30 17:00:00+00:00,12.775911,12.6344
2024-03-30 18:00:00+00:00,11.688772333333333,11.904296
2024-03-30 19:00:00+00:00,11.43946625,11.213129
2024-03-30 20:00:00+00:00,13.556985583333333,10.8947315
2024-03-30 21:00:00+00:00,17.076422750000003,11.146169
2024-03-30 22:00:00+00:00,23.047667666666666,13.034966
2024-03-30 23:00:00+00:00,27.553261083333336,15.612454
2024-03-31 00:00:00+00:00,28.728439249999997,16.199558
2024-03-31 01:00:00+00:00,22.956729416666665,14.925816
2024-03-31 02:00:00+00:00,21.612273916666666,13.430977
2024-03-31 03:00:00+00:00,16.890268416666668,12.581101
2024-03-31 04:00:00+00:00,16.73855242,12.123949
2024-03-31 05:00:00+00:00,16.586836423333335,11.706199
2024-03-31 06:00:00+00:00,16.43512042666667,11.381512
2024-04-01 04:00:00+00:00,13.0973685,11.344674
2024-04-01 05:00:00+00:00,11.767996916666666,11.435067
2024-04-01 06:00:00+00:00,12.0534065,12.42808
2024-04-01 07:00:00+00:00,11.952091500000002,14.354919
2024-04-01 08:00:00+00:00,12.645902083333334,15.926246
2024-04-01 09:00:00+00:00,15.416775000000001,15.931675
2024-04-01 10:00:00+00:00,20.000303499999998,15.45078
2024-04-01 11:00:00+00:00,24.788770916666667,15.275669
2024-04-01 12:00:00+00:00,27.21341775,15.0128765
2024-04-01 13:00:00+00:00,28.28500825,23.23737
2024-04-01 14:00:00+00:00,29.306372999999997,21.827023
2024-04-01 15:00:00+00:00,28.89286241666666,20.134415
2024-04-01 16:00:00+00:00,28.07836783333333,18.792982
2024-04-01 17:00:00+00:00,26.816921583333336,18.503653
2024-04-01 18:00:00+00:00,27.15654558333333,18.974024
2024-04-01 19:00:00+00:00,27.092022166666666,21.669655
2024-04-01 20:00:00+00:00,26.5302595,26.539099
2024-04-01 21:00:00+00:00,28.459451833333333,28.93258
2024-04-01 22:00:00+00:00,25.88978516666667,26.252636
2024-04-01 23:00:00+00:00,30.551605249999998,22.412926
2024-04-02 00:00:00+00:00,31.60731583333333,20.63434
2024-04-02 01:00:00+00:00,25.024048166666663,19.361376
2024-04-02 02:00:00+00:00,21.2871215,17.81172
2024-04-02 03:00:00+00:00,18.289704083333334,16.218182
2024-04-02 04:00:00+00:00,14.780408999999999,15.087446
2024-04-02 05:00:00+00:00,14.739724166666667,14.562664
2024-04-02 06:00:00+00:00,13.895362083333334,14.933749
2024-04-02 07:00:00+00:00,13.672377916666667,17.126173
2024-04-02 08:00:00+00:00,14.88157125,18.2935
2024-04-02 09:00:00+00:00,17.760352166666667,18.063911
2024-04-02 10:00:00+00:00,23.78861016666667,19.206402
2024-04-02 11:00:00+00:00,30.176434333333333,21.681011
2024-04-02 12:00:00+00:00,32.955637083333336,22.503582
2024-04-02 13:00:00+00:00,29.18993725,30.681955
2024-04-02 14:00:00+00:00,29.103003833333332,31.22031
2024-04-02 15:00:00+00:00,28.62869308333333,29.947365
2024-04-02 16:00:00+00:00,28.27281791666667,28.052885
2024-04-02 17:00:00+00:00,27.3652635,26.786165
2024-04-02 18:00:00+00:00,26.346102499999997,26.147108
2024-04-02 19:00:00+00:00,24.67566225,26.464504
2024-04-02 20:00:00+00:00,23.562117833333332,28.608618
2024-04-02 21:00:00+00:00,24.561926083333336,31.297886
2024-04-02 22:00:00+00:00,23.79446075,31.046276
2024-04-02 23:00:00+00:00,25.902248166666666,32.109123
2024-04-03 00:00:00+00:00,26.183568500000003,33.12627
2024-04-03 01:00:00+00:00,21.73554658333333,28.871405
2024-04-03 02:00:00+00:00,19.45165391666667,23.420664
2024-04-03 03:00:00+00:00,17.19592775,20.628061
2024-04-03 04:00:00+00:00,16.31711291666667,19.271996
2024-04-03 05:00:00+00:00,15.83915291666667,18.310625
2024-04-03 06:00:00+00:00,15.009054583333333,17.264982
2024-04-03 07:00:00+00:00,14.530359083333332,17.388208
2024-04-03 08:00:00+00:00,16.216286999999998,18.606386
2024-04-03 09:00:00+00:00,18.83511233333333,20.973183
2024-04-03 10:00:00+00:00,23.56212566666667,27.021183
2024-04-03 11:00:00+00:00,27.58171625,32.15106
2024-04-03 12:00:00+00:00,29.566539,33.115696
2024-04-03 13:00:00+00:00,27.927251666666663,28.0349
2024-04-03 14:00:00+00:00,27.29687925,27.504662
2024-04-03 15:00:00+00:00,27.506825583333335,26.321959
2024-04-03 16:00:00+00:00,27.708394583333334,25.013002
2024-04-03 17:00:00+00:00,26.69391108333333,23.8512
2024-04-03 18:00:00+00:00,24.762474916666665,23.514542
2024-04-03 19:00:00+00:00,23.62730141666667,23.029068
2024-04-03 20:00:00+00:00,22.756303916666667,22.96598
2024-04-03 21:00:00+00:00,24.33855133333333,25.644356
2024-04-03 22:00:00+00:00,26.433986333333333,26.804482
2024-04-03 23:00:00+00:00,32.59418125,26.670652
2024-04-04 00:00:00+00:00,35.74602025,26.425856
2024-04-04 01:00:00+00:00,28.805505499999995,23.945652
2024-04-04 02:00:00+00:00,26.03798866666667,20.737366
2024-04-04 03:00:00+00:00,23.334693333333334,19.267086
2024-04-04 04:00:00+00:00,19.25737725,18.254187
2024-04-04 05:00:00+00:00,19.293719499999998,17.562347
2024-04-04 06:00:00+00:00,18.615912166666668,17.234356
2024-04-04 07:00:00+00:00,18.511389916666673,17.938608
2024-04-04 08:00:00+00:00,18.81934916666667,19.693144
2024-04-04 09:00:00+00:00,22.38471183333333,22.165419
2024-04-04 10:00:00+00:00,32.69010975,27.228598
2024-04-04 11:00:00+00:00,39.34670941666666,31.594696
2024-04-04 12:00:00+00:00,30.87471675,31.43716
2024-04-04 13:00:00+00:00,27.49653775,28.861792
2024-04-04 14:00:00+00:00,27.198336749999996,27.079021
2024-04-04 15:00:00+00:00,25.797677416666666,25.583677
2024-04-04 16:00:00+00:00,24.905263416666664,24.302753
2024-04-04 17:00:00+00:00,23.258752833333332,23.156906
2024-04-04 18:00:00+00:00,21.205315583333334,22.395247
2024-04-04 19:00:00+00:00,19.628703666666667,21.684256
2024-04-04 20:00:00+00:00,19.519997500000002,22.945116
2024-04-04 21:00:00+00:00,21.92189866666667,25.970854
2024-04-04 22:00:00+00:00,26.43283416666667,27.96698
2024-04-04 23:00:00+00:00,35.33191766666667,32.730656
2024-04-05 00:00:00+00:00,40.39271083333333,35.622334
2024-04-05 01:00:00+00:00,34.17202666666667,30.831978
2024-04-05 02:00:00+00:00,30.086455,24.787079
2024-04-05 03:00:00+00:00,25.52248366666667,22.323427
2024-04-05 04:00:00+00:00,26.50261458333333,21.010746
2024-04-05 05:00:00+00:00,27.31907575,20.187538
2024-04-05 06:00:00+00:00,26.109534999999997,19.907108
2024-04-05 07:00:00+00:00,25.15525758333333,19.981924
2024-04-05 08:00:00+00:00,27.17210125,20.501747
2024-04-05 09:00:00+00:00,31.75659933333333,24.349613
2024-04-05 10:00:00+00:00,45.508909499999994,33.25792
2024-04-05 11:00:00+00:00,49.286146083333335,36.060173
2024-04-05 12:00:00+00:00,33.26513325,31.80053
2024-04-05 13:00:00+00:00,29.389431666666667,29.04335
2024-04-05 14:00:00+00:00,29.011760666666664,26.39933
2024-04-05 15:00:00+00:00,28.480694333333332,23.885513
2024-04-05 16:00:00+00:00,27.372932583333334,21.872154
2024-04-05 17:00:00+00:00,24.34362425,20.446362
2024-04-05 18:00:00+00:00,23.167036666666665,19.208027
2024-04-05 19:00:00+00:00,22.308998666666668,18.740992
2024-04-05 20:00:00+00:00,23.519693916666668,19.354336
2024-04-05 21:00:00+00:00,24.670185999999998,22.12228
2024-04-05 22:00:00+00:00,25.53737633333333,26.520542
2024-04-05 23:00:00+00:00,36.64929983333334,32.57776
2024-04-06 00:00:00+00:00,43.387928499999994,35.101227
2024-04-06 01:00:00+00:00,37.42704608333333,32.532227
2024-04-06 02:00:00+00:00,35.00124491666667,29.360504
2024-04-06 03:00:00+00:00,28.804400166666667,27.527302
2024-04-06 04:00:00+00:00,30.88923266666667,26.391188
2024-04-06 05:00:00+00:00,30.407892,25.343128
2024-04-06 06:00:00+00:00,27.588074250000002,24.769547
2024-04-06 07:00:00+00:00,26.45176508333333,25.313272
2024-04-06 08:00:00+00:00,29.149639750000002,26.456547
2024-04-06 09:00:00+00:00,29.256718666666668,30.301647
2024-04-06 10:00:00+00:00,32.296074749999995,37.218307
2024-04-06 11:00:00+00:00,32.27325808333333,37.18866
2024-04-06 12:00:00+00:00,27.121236916666664,30.8401
2024-04-06 13:00:00+00:00,25.98356833333333,25.532446
2024-04-06 14:00:00+00:00,24.70524175,23.569904
2024-04-06 15:00:00+00:00,21.02959925,22.5426
2024-04-06 16:00:00+00:00,19.844926083333334,21.58399
2024-04-06 17:00:00+00:00,17.790147750000003,21.044495
2024-04-06 18:00:00+00:00,17.43410533333333,20.54854
2024-04-06 19:00:00+00:00,16.681936083333337,20.09536
2024-04-06 20:00:00+00:00,17.156961916666667,20.18059
2024-04-06 21:00:00+00:00,18.727072583333335,20.89885
2024-04-06 22:00:00+00:00,21.618065333333334,24.035799
2024-04-06 23:00:00+00:00,31.514655666666666,30.088396
2024-04-07 00:00:00+00:00,36.07527975,32.40194
2024-04-07 01:00:00+00:00,29.13370075,30.191265
2024-04-07 02:00:00+00:00,25.204138249999996,28.201136
2024-04-07 03:00:00+00:00,22.75937575,26.280827
2024-04-07 04:00:00+00:00,21.834917833333336,24.173098
2024-04-07 05:00:00+00:00,20.976115583333335,23.115322
2024-04-07 06:00:00+00:00,18.995157250000002,22.401651
2024-04-07 07:00:00+00:00,18.614426,21.520777
2024-04-07 08:00:00+00:00,19.479501333333335,20.63703
2024-04-07 09:00:00+00:00,20.559472333333336,23.212183
2024-04-07 10:00:00+00:00,21.952084666666668,28.609503
2024-04-07 11:00:00+00:00,22.612914749999998,28.807327
2024-04-07 12:00:00+00:00,18.56665466666667,24.89852
2024-04-07 13:00:00+00:00,16.873946166666666,17.630714
2024-04-07 14:00:00+00:00,18.14785416666667,16.81946
2024-04-07 15:00:00+00:00,16.60627516666667,16.387691
2024-04-07 16:00:00+00:00,15.172294583333333,15.865927
2024-04-07 17:00:00+00:00,14.062901166666668,15.576852
2024-04-07 18:00:00+00:00,12.816325249999998,15.145616
2024-04-07 19:00:00+00:00,12.371796833333333,15.12543
2024-04-07 20:00:00+00:00,12.528841166666666,15.820843
2024-04-07 21:00:00+00:00,15.725594583333335,17.107597
2024-04-07 22:00:00+00:00,19.001902416666667,20.984205
2024-04-07 23:00:00+00:00,28.008017666666664,25.52716
2024-04-08 00:00:00+00:00,33.99060108333333,25.974958
2024-04-08 01:00:00+00:00,25.640172250000006,23.269552
2024-04-08 02:00:00+00:00,23.893342083333334,20.184414
2024-04-08 03:00:00+00:00,21.208205916666667,18.650755
2024-04-08 04:00:00+00:00,18.19333741666667,17.567747
2024-04-08 05:00:00+00:00,18.417021083333335,16.677055
2024-04-08 06:00:00+00:00,18.208746583333333,16.442123
2024-04-08 07:00:00+00:00,18.335090333333333,16.940039
2024-04-08 08:00:00+00:00,19.358466,18.254524
2024-04-08 09:00:00+00:00,24.442468000000005,21.781616
2024-04-08 10:00:00+00:00,36.043169416666665,25.97195
2024-04-08 11:00:00+00:00,40.20123833333333,27.2398
2024-04-08 12:00:00+00:00,24.89894166666667,26.428284
2024-04-08 13:00:00+00:00,20.85540608333333,21.690357
2024-04-08 14:00:00+00:00,20.93867675,21.625757
2024-04-08 15:00:00+00:00,20.117016833333338,21.688965
2024-04-08 16:00:00+00:00,20.15858533333333,20.760553
2024-04-08 17:00:00+00:00,19.28297025,19.737684
2024-04-08 18:00:00+00:00,20.453023083333335,18.86684
2024-04-08 19:00:00+00:00,22.503317083333332,18.525137
2024-04-08 20:00:00+00:00,18.425233833333333,19.031948
2024-04-08 21:00:00+00:00,20.599896416666667,19.958805
2024-04-08 22:00:00+00:00,25.852883083333335,22.940483
2024-04-08 23:00:00+00:00,40.83818325,27.227913
2024-04-09 00:00:00+00:00,41.298116,27.612488
2024-04-09 01:00:00+00:00,27.858433083333335,24.268234
2024-04-09 02:00:00+00:00,21.6499065,20.902096
2024-04-09 03:00:00+00:00,20.40523991666667,18.632452
2024-04-09 04:00:00+00:00,19.219702666666667,16.943687
2024-04-09 05:00:00+00:00,17.566725333333334,15.353426
2024-04-09 06:00:00+00:00,16.433352666666668,14.140726
2024-04-09 07:00:00+00:00,16.05516141666667,14.19485
2024-04-09 08:00:00+00:00,16.910947333333336,15.168327
2024-04-09 09:00:00+00:00,20.64705475,18.438276
2024-04-09 10:00:00+00:00,29.32590016666667,23.20456
2024-04-09 11:00:00+00:00,34.04032808333333,23.70198
2024-04-09 12:00:00+00:00,29.63646,21.982912
2024-04-09 13:00:00+00:00,28.433751333333333,27.67227
2024-04-09 14:00:00+00:00,29.170195250000003,27.133205
2024-04-09 15:00:00+00:00,29.07833525,27.00844
2024-04-09 16:00:00+00:00,29.61078816666667,26.187998
2024-04-09 17:00:00+00:00,30.990061666666666,25.57554
2024-04-09 18:00:00+00:00,29.791581249999997,24.861923
2024-04-09 19:00:00+00:00,29.731598833333333,24.0991
2024-04-09 20:00:00+00:00,30.815919916666672,24.25761
2024-04-09 21:00:00+00:00,36.03270175,25.074718
2024-04-09 22:00:00+00:00,33.592627,28.243858
2024-04-09 23:00:00+00:00,37.78676491666667,34.038124
2024-04-10 00:00:00+00:00,43.577130499999996,34.191513
2024-04-10 01:00:00+00:00,34.07294891666667,28.457752
2024-04-10 02:00:00+00:00,29.92463983333333,23.533815
2024-04-10 03:00:00+00:00,24.585802166666667,21.06608
2024-04-10 04:00:00+00:00,21.96964408333334,19.548975
2024-04-10 05:00:00+00:00,20.117104416666667,18.253593
2024-04-10 06:00:00+00:00,17.708241833333336,17.552767
2024-04-10 07:00:00+00:00,17.249764416666668,17.272413
2024-04-10 08:00:00+00:00,19.140206500000005,17.400482
2024-04-10 09:00:00+00:00,22.19181525,20.08937
2024-04-10 10:00:00+00:00,29.611702,25.645864
2024-04-10 11:00:00+00:00,35.83932475,28.20539
2024-04-10 12:00:00+00:00,31.00904625,27.715128
2024-04-10 13:00:00+00:00,32.65902608333334,28.804367
2024-04-10 14:00:00+00:00,30.681211833333332,28.326788
2024-04-10 15:00:00+00:00,29.42242908333333,27.653856
2024-04-10 16:00:00+00:00,29.579407166666662,26.96989
2024-04-10 17:00:00+00:00,28.949478416666665,26.479067
2024-04-10 18:00:00+00:00,27.715537249999997,26.297724
2024-04-10 19:00:00+00:00,27.83184675,26.480972
2024-04-10 20:00:00+00:00,28.47563775,27.372023
2024-04-10 21:00:00+00:00,29.46633125,28.307022
2024-04-10 22:00:00+00:00,29.097013166666667,30.035576
2024-04-10 23:00:00+00:00,34.21508166666667,33.902824
2024-04-11 00:00:00+00:00,34.85821525,34.024757
2024-04-11 01:00:00+00:00,27.857055916666667,28.815825
2024-04-11 02:00:00+00:00,23.055758333333333,24.413227
2024-04-11 03:00:00+00:00,17.961873833333332,22.221909
2024-04-11 04:00:00+00:00,22.16181275,20.636293
2024-04-11 05:00:00+00:00,20.303982750000003,19.716732
2024-04-11 06:00:00+00:00,18.4102955,19.10036
2024-04-11 07:00:00+00:00,17.292111333333334,18.745499
2024-04-11 08:00:00+00:00,16.98295116666667,19.246037
2024-04-11 09:00:00+00:00,19.311109249999998,21.613388
2024-04-11 10:00:00+00:00,24.512337416666668,27.177734
2024-04-11 11:00:00+00:00,29.228850250000004,30.074743
2024-04-11 12:00:00+00:00,30.922410833333334,29.467426
2024-04-11 13:00:00+00:00,33.60259491666667,30.108418
2024-04-11 14:00:00+00:00,30.610697916666666,28.445797
2024-04-11 15:00:00+00:00,29.98702341666667,27.119217
2024-04-11 16:00:00+00:00,29.91546166666667,26.356302
2024-04-11 17:00:00+00:00,29.83697391666667,25.81267
2024-04-11 18:00:00+00:00,27.03424933333333,25.227169
2024-04-11 19:00:00+00:00,25.796833833333334,24.871962
2024-04-11 20:00:00+00:00,23.644879,24.992006
2024-04-11 21:00:00+00:00,26.091977333333332,26.032604
2024-04-11 22:00:00+00:00,26.83331158333333,28.98296
2024-04-11 23:00:00+00:00,33.204503333333335,34.70016
2024-04-12 00:00:00+00:00,37.84561125,36.151737
2024-04-12 01:00:00+00:00,30.769793333333336,31.461906
2024-04-12 02:00:00+00:00,25.812673250000003,27.243052
2024-04-12 03:00:00+00:00,22.651678750000002,25.279196
2024-04-12 04:00:00+00:00,18.41016433333333,23.78265
2024-04-12 05:00:00+00:00,19.378007916666665,22.274199
2024-04-12 06:00:00+00:00,17.56295,21.142658
2024-04-12 07:00:00+00:00,16.831974083333332,20.541805
2024-04-12 08:00:00+00:00,17.532817333333334,20.446909
2024-04-12 09:00:00+00:00,18.452222333333335,22.5404
2024-04-12 10:00:00+00:00,27.302085999999996,29.134304
2024-04-12 11:00:00+00:00,30.638351749999998,33.09572
2024-04-12 12:00:00+00:00,28.18237125,31.337318
2024-04-12 13:00:00+00:00,26.397650416666664,27.736767
2024-04-12 14:00:00+00:00,25.49593283333333,26.837873
2024-04-12 15:00:00+00:00,23.81908525,25.777384
2024-04-12 16:00:00+00:00,23.359473750000006,24.86029
2024-04-12 17:00:00+00:00,22.978675083333332,24.062046
2024-04-12 18:00:00+00:00,21.41807183333333,23.239996
2024-04-12 19:00:00+00:00,21.68347125,22.608992
2024-04-12 20:00:00+00:00,22.16855533333333,22.754147
2024-04-12 21:00:00+00:00,22.640595500000003,23.8172
2024-04-12 22:00:00+00:00,24.29488516666667,26.478954
2024-04-12 23:00:00+00:00,30.625198416666667,32.11738
2024-04-13 00:00:00+00:00,36.986253749999996,34.679398
2024-04-13 01:00:00+00:00,31.981963500000003,30.721157
2024-04-13 02:00:00+00:00,30.005788749999997,26.358643
2024-04-13 03:00:00+00:00,24.94084408333333,24.287426
2024-04-13 04:00:00+00:00,21.3065495,22.999197
2024-04-13 05:00:00+00:00,22.84000958333333,21.778868
2024-04-13 06:00:00+00:00,18.563861,20.822361
2024-04-13 07:00:00+00:00,18.552436750000002,20.1843
2024-04-13 08:00:00+00:00,21.255506666666665,20.08254
2024-04-13 09:00:00+00:00,22.798133583333335,21.465115
2024-04-13 10:00:00+00:00,26.654743916666664,25.239784
2024-04-13 11:00:00+00:00,24.923048833333336,27.207186
2024-04-13 12:00:00+00:00,21.441677,25.923208
2024-04-13 13:00:00+00:00,21.2205475,20.731823
2024-04-13 14:00:00+00:00,21.63268325,19.458275
2024-04-13 15:00:00+00:00,19.928301666666666,18.306232
2024-04-13 16:00:00+00:00,17.37133175,17.349709
2024-04-13 17:00:00+00:00,16.112521666666666,16.70665
2024-04-13 18:00:00+00:00,13.8328705,16.178177
2024-04-13 19:00:00+00:00,13.397776916666666,15.738135
2024-04-13 20:00:00+00:00,13.882178666666666,16.081749
2024-04-13 21:00:00+00:00,15.169346583333335,16.456871
2024-04-13 22:00:00+00:00,19.37954866666667,18.337759
2024-04-13 23:00:00+00:00,36.81067458333333,22.481304
2024-04-14 00:00:00+00:00,31.5808495,23.966513
2024-04-14 01:00:00+00:00,22.227633333333333,22.126362
2024-04-14 02:00:00+00:00,18.307541666666665,20.590189
2024-04-14 03:00:00+00:00,15.353367583333334,19.53297
2024-04-14 04:00:00+00:00,15.533874249999998,18.543322
2024-04-14 05:00:00+00:00,16.347936833333335,17.992298
2024-04-14 06:00:00+00:00,14.322993250000001,17.634106
2024-04-14 07:00:00+00:00,13.987430583333333,17.052357
2024-04-14 08:00:00+00:00,15.202139833333334,16.840572
2024-04-14 09:00:00+00:00,15.651888833333333,18.529087
2024-04-14 10:00:00+00:00,17.725692,21.32136
2024-04-14 11:00:00+00:00,16.174235583333335,20.900238
2024-04-14 12:00:00+00:00,14.32548825,18.920307
2024-04-14 13:00:00+00:00,13.976114666666668,14.598601
2024-04-14 14:00:00+00:00,16.415035083333336,13.425846
2024-04-14 15:00:00+00:00,17.666000333333333,12.792771
2024-04-14 16:00:00+00:00,18.52692658333333,12.338681
2024-04-14 17:00:00+00:00,18.999408583333334,12.045271
2024-04-14 18:00:00+00:00,20.68866808333333,11.474165
2024-04-14 19:00:00+00:00,21.834223666666663,11.093713
2024-04-14 20:00:00+00:00,23.679960500000007,11.23483
2024-04-14 21:00:00+00:00,31.90294166666667,11.85545
2024-04-14 22:00:00+00:00,37.15721683333333,15.557538
2024-04-14 23:00:00+00:00,44.8453565,21.333773
2024-04-15 00:00:00+00:00,46.855713916666666,21.582775
2024-04-15 01:00:00+00:00,35.28947266666667,17.885933
2024-04-15 02:00:00+00:00,32.49657583333333,15.2609005
2024-04-15 03:00:00+00:00,27.23745708333334,14.09417
2024-04-15 04:00:00+00:00,20.247762583333333,13.19016
2024-04-15 05:00:00+00:00,18.35478325,12.56477
2024-04-15 06:00:00+00:00,14.799635249999998,12.475585
2024-04-15 07:00:00+00:00,14.024414166666666,12.573626
2024-04-15 08:00:00+00:00,15.565761333333334,13.473784
2024-04-15 09:00:00+00:00,21.021694666666665,17.034142
2024-04-15 10:00:00+00:00,29.106429083333335,22.14475
2024-04-15 11:00:00+00:00,28.612707333333333,23.056301
2024-04-15 12:00:00+00:00,25.23461383333333,21.115257
2024-04-15 13:00:00+00:00,24.517521833333333,25.884493
2024-04-15 14:00:00+00:00,26.08620025,26.155762
2024-04-15 15:00:00+00:00,28.587019749999996,26.401836
2024-04-15 16:00:00+00:00,30.485571750000002,26.360624
2024-04-15 17:00:00+00:00,31.595396166666664,26.73857
2024-04-15 18:00:00+00:00,31.660818916666667,26.6651
2024-04-15 19:00:00+00:00,33.719976833333334,27.81446
2024-04-15 20:00:00+00:00,38.4766725,30.697536
2024-04-15 21:00:00+00:00,46.832350999999996,33.661407
2024-04-15 22:00:00+00:00,51.20647066666667,41.178642
2024-04-15 23:00:00+00:00,56.29244091666666,49.915543
2024-04-16 00:00:00+00:00,55.202289416666666,48.437176
2024-04-16 01:00:00+00:00,32.22098125,38.051704
2024-04-16 02:00:00+00:00,24.201818333333335,29.56048
2024-04-16 03:00:00+00:00,18.52544425,25.225883
2024-04-16 04:00:00+00:00,16.5480505,22.49635
2024-04-16 05:00:00+00:00,15.347085083333333,20.019587
2024-04-16 06:00:00+00:00,14.537948499999999,18.285868
2024-04-16 07:00:00+00:00,14.42895675,17.35348
2024-04-16 08:00:00+00:00,15.20961175,18.033707
2024-04-16 09:00:00+00:00,19.395333750000002,22.22016
2024-04-16 10:00:00+00:00,24.480791416666666,27.48736
2024-04-16 11:00:00+00:00,22.330436666666667,28.05849
2024-04-16 12:00:00+00:00,16.91463025,28.068632
2024-04-16 13:00:00+00:00,16.749428,18.155552
2024-04-16 14:00:00+00:00,17.652104583333337,19.050594
2024-04-16 15:00:00+00:00,18.839289583333336,20.75728
2024-04-16 16:00:00+00:00,18.540413583333333,22.695904
2024-04-16 17:00:00+00:00,19.06923875,23.816595
2024-04-16 18:00:00+00:00,19.29859325,25.165117
2024-04-16 19:00:00+00:00,19.826957666666672,27.466421
2024-04-16 20:00:00+00:00,21.784364916666664,29.781092
2024-04-16 21:00:00+00:00,28.087414499999998,31.251192
2024-04-16 22:00:00+00:00,26.244055333333336,34.725353
2024-04-16 23:00:00+00:00,33.28140891666667,37.64425
2024-04-17 00:00:00+00:00,33.38073775,33.590466
2024-04-17 01:00:00+00:00,23.56560275,26.52118
2024-04-17 02:00:00+00:00,20.52035416666667,21.620447
2024-04-17 03:00:00+00:00,16.40453341666667,18.109516
2024-04-17 04:00:00+00:00,15.314924916666667,15.92823
2024-04-17 05:00:00+00:00,16.146732500000002,14.5172615
2024-04-17 06:00:00+00:00,13.50782525,13.386631
2024-04-17 07:00:00+00:00,12.7878155,12.49495
2024-04-17 08:00:00+00:00,12.379960583333334,13.261014
2024-04-17 09:00:00+00:00,15.827655916666668,16.366524
2024-04-17 10:00:00+00:00,21.505989916666664,19.585869
2024-04-17 11:00:00+00:00,23.06138341666667,19.52428
2024-04-17 12:00:00+00:00,22.029319333333333,19.602867
2024-04-17 13:00:00+00:00,19.81263433333333,21.615602
2024-04-17 14:00:00+00:00,22.377958083333336,21.374296
2024-04-17 15:00:00+00:00,23.843293416666665,21.926632
2024-04-17 16:00:00+00:00,23.754583083333337,22.559437
2024-04-17 17:00:00+00:00,24.326943583333332,22.767832
2024-04-17 18:00:00+00:00,24.711834083333333,22.724516
2024-04-17 19:00:00+00:00,25.699927666666667,23.289791
2024-04-17 20:00:00+00:00,27.96965775,24.450462
2024-04-17 21:00:00+00:00,31.146747500000007,27.077892
2024-04-17 22:00:00+00:00,31.024559749999998,31.936218
2024-04-17 23:00:00+00:00,36.41368825,35.795486
2024-04-18 00:00:00+00:00,42.49162916666666,33.62922
2024-04-18 01:00:00+00:00,35.809945416666665,28.288115
2024-04-18 02:00:00+00:00,29.41437708333333,24.096224
2024-04-18 03:00:00+00:00,24.563784250000005,21.22931
2024-04-18 04:00:00+00:00,21.54281775,18.949377
2024-04-18 05:00:00+00:00,21.393179500000006,16.987919
2024-04-18 06:00:00+00:00,18.139792750000005,15.820912
2024-04-18 07:00:00+00:00,17.60380391666667,15.338927
2024-04-18 08:00:00+00:00,19.981452583333336,15.408907
2024-04-18 09:00:00+00:00,22.670037416666673,17.065512
2024-04-18 10:00:00+00:00,35.48414425,20.479086
2024-04-18 11:00:00+00:00,31.49489166666666,23.478418
2024-04-18 12:00:00+00:00,25.76903625,24.610392
2024-04-18 13:00:00+00:00,27.728388,25.063017
2024-04-18 14:00:00+00:00,29.15374091666667,24.186714
2024-04-18 15:00:00+00:00,33.4673075,23.846663
2024-04-18 16:00:00+00:00,32.961181833333335,23.565207
2024-04-18 17:00:00+00:00,31.819108083333333,23.394373
2024-04-18 18:00:00+00:00,30.345844416666665,23.440338
2024-04-18 19:00:00+00:00,30.650058250000004,23.490465
2024-04-18 20:00:00+00:00,33.88297416666666,25.174662
2024-04-18 21:00:00+00:00,39.53814525,26.99266
2024-04-18 22:00:00+00:00,47.69085949999999,30.116465
2024-04-18 23:00:00+00:00,52.33542616666667,35.413445
2024-04-19 00:00:00+00:00,44.48154791666667,35.585773
2024-04-19 01:00:00+00:00,31.799350249999996,29.868958
2024-04-19 02:00:00+00:00,27.12469475,25.049196
2024-04-19 03:00:00+00:00,20.711240916666664,22.65943
2024-04-19 04:00:00+00:00,16.89971,20.795464
2024-04-19 05:00:00+00:00,18.136786666666666,19.609798
2024-04-19 06:00:00+00:00,13.400276750000003,18.55717
2024-04-19 07:00:00+00:00,13.975156416666666,17.906437
2024-04-19 08:00:00+00:00,13.938146416666667,18.773327
2024-04-19 09:00:00+00:00,16.405179083333337,23.147085
2024-04-19 10:00:00+00:00,22.002715,28.081305
2024-04-19 11:00:00+00:00,25.543008083333334,27.498602
2024-04-19 12:00:00+00:00,27.680644583333333,25.062275
2024-04-19 13:00:00+00:00,25.036330083333336,27.955273
2024-04-19 14:00:00+00:00,22.992412416666667,27.503172
2024-04-19 15:00:00+00:00,21.527417249999996,27.486069
2024-04-19 16:00:00+00:00,20.138907916666668,27.304804
2024-04-19 17:00:00+00:00,20.140633333333337,26.964367
2024-04-19 18:00:00+00:00,18.65589841666667,26.763966
2024-04-19 19:00:00+00:00,18.088220250000003,26.910114
2024-04-19 20:00:00+00:00,18.59316958333333,27.453772
2024-04-19 21:00:00+00:00,21.502150666666665,29.199978
2024-04-19 22:00:00+00:00,24.795178833333335,33.114223
2024-04-19 23:00:00+00:00,30.40017525,34.86775
2024-04-20 00:00:00+00:00,36.13525825,30.625277
2024-04-20 01:00:00+00:00,28.293358,24.537876
2024-04-20 02:00:00+00:00,23.112128500000004,20.525618
2024-04-20 03:00:00+00:00,20.917249416666667,17.680555
2024-04-20 04:00:00+00:00,20.312461416666668,15.748929
2024-04-20 05:00:00+00:00,20.46290941666667,14.893172
2024-04-20 06:00:00+00:00,17.57839116666667,14.339008
2024-04-20 07:00:00+00:00,17.532832416666672,13.435192
2024-04-20 08:00:00+00:00,17.436291333333333,13.165078
2024-04-20 09:00:00+00:00,17.941402749999998,15.074993
2024-04-20 10:00:00+00:00,21.36177341666666,18.929266
2024-04-20 11:00:00+00:00,23.14656425,21.852499
2024-04-20 12:00:00+00:00,22.786820083333335,22.935726
2024-04-20 13:00:00+00:00,21.786759,22.873646
2024-04-20 14:00:00+00:00,18.990798666666667,21.123198
2024-04-20 15:00:00+00:00,17.688073750000004,19.915504
2024-04-20 16:00:00+00:00,15.355544000000002,18.642094
2024-04-20 17:00:00+00:00,13.960812666666667,17.713917
2024-04-20 18:00:00+00:00,13.049566833333335,16.93459
2024-04-20 19:00:00+00:00,12.56989475,16.471989
2024-04-20 20:00:00+00:00,13.943080333333334,16.609781
2024-04-20 21:00:00+00:00,16.12170141666667,18.1138
2024-04-20 22:00:00+00:00,21.253533749999995,22.384094
2024-04-20 23:00:00+00:00,27.3589825,29.570204
2024-04-21 00:00:00+00:00,37.69742608333333,32.002617
2024-04-21 01:00:00+00:00,32.71266766666667,28.182093
2024-04-21 02:00:00+00:00,28.517925166666668,24.588959
2024-04-21 03:00:00+00:00,25.416047666666667,21.977041
2024-04-21 04:00:00+00:00,20.737752083333334,19.890717
2024-04-21 05:00:00+00:00,21.29888016666667,18.088049
2024-04-21 06:00:00+00:00,20.615522333333335,17.033379
2024-04-21 07:00:00+00:00,21.153377583333334,16.243065
2024-04-21 08:00:00+00:00,20.285932666666668,15.372369
2024-04-21 09:00:00+00:00,20.345093166666672,16.431736
2024-04-21 10:00:00+00:00,22.775546583333337,20.641325
2024-04-21 11:00:00+00:00,21.737627,22.967157
2024-04-21 12:00:00+00:00,20.64513141666667,20.780903
2024-04-21 13:00:00+00:00,20.427969583333333,19.678858
2024-04-21 14:00:00+00:00,20.543614333333338,18.2126
2024-04-21 15:00:00+00:00,20.090203416666665,16.992378
2024-04-21 16:00:00+00:00,19.74906441666667,15.930826
2024-04-21 17:00:00+00:00,19.106684333333337,15.3239565
2024-04-21 18:00:00+00:00,16.639257333333337,15.091635
2024-04-21 19:00:00+00:00,16.095610750000002,15.21461
2024-04-21 20:00:00+00:00,17.14705466666667,16.295938
2024-04-21 21:00:00+00:00,18.484313833333335,17.977036
2024-04-21 22:00:00+00:00,22.467284250000002,22.186186
2024-04-21 23:00:00+00:00,34.354572499999996,29.400532
2024-04-22 00:00:00+00:00,44.06317875,32.81144
2024-04-22 01:00:00+00:00,34.90429483333333,30.02525
2024-04-22 02:00:00+00:00,27.116105166666667,26.249369
2024-04-22 03:00:00+00:00,22.632356,23.550886
2024-04-22 04:00:00+00:00,18.7397615,21.357288
2024-04-22 05:00:00+00:00,19.20634108333333,19.810211
2024-04-22 06:00:00+00:00,16.962990916666666,18.380276
2024-04-22 07:00:00+00:00,15.411048666666666,17.481579
2024-04-22 08:00:00+00:00,17.360813750000005,17.813942
2024-04-22 09:00:00+00:00,27.801366666666667,20.155766
2024-04-22 10:00:00+00:00,50.908034916666665,23.510757
2024-04-22 11:00:00+00:00,47.31535433333334,24.971472
2024-04-22 12:00:00+00:00,25.36369241666667,24.046906
2024-04-22 13:00:00+00:00,22.534065,22.129807
2024-04-22 14:00:00+00:00,21.251310583333336,20.02078
2024-04-22 15:00:00+00:00,18.60907316666667,18.757103
2024-04-22 16:00:00+00:00,17.43660841666667,17.478477
2024-04-22 17:00:00+00:00,16.241904833333333,16.118063
2024-04-22 18:00:00+00:00,16.083275083333337,15.18252
2024-04-22 19:00:00+00:00,14.913510083333335,14.957855
2024-04-22 20:00:00+00:00,14.353298083333335,16.549059
2024-04-22 21:00:00+00:00,14.901455000000002,19.29334
2024-04-22 22:00:00+00:00,20.798951833333334,24.97245
2024-04-22 23:00:00+00:00,35.96498825,33.531616
2024-04-23 00:00:00+00:00,42.5325295,33.83349
2024-04-23 01:00:00+00:00,22.207808000000004,27.217443
2024-04-23 02:00:00+00:00,17.854432916666667,22.046082
2024-04-23 03:00:00+00:00,16.05780266666667,18.758797
2024-04-23 04:00:00+00:00,15.15619125,16.069778
2024-04-23 05:00:00+00:00,14.873481,14.368184
2024-04-23 06:00:00+00:00,14.094866166666668,13.240495
2024-04-23 07:00:00+00:00,13.935330583333332,13.402185
2024-04-23 08:00:00+00:00,14.363553916666667,14.797753
2024-04-23 09:00:00+00:00,18.08346733333334,22.424526
2024-04-23 10:00:00+00:00,30.85599425,32.590576
2024-04-23 11:00:00+00:00,27.117318166666667,30.61122
2024-04-23 12:00:00+00:00,19.400097333333335,23.515093
2024-04-23 13:00:00+00:00,18.04511591666667,17.816788
2024-04-23 14:00:00+00:00,18.36990258333333,15.340442
2024-04-23 15:00:00+00:00,17.103900750000005,14.046669
2024-04-23 16:00:00+00:00,16.989538750000005,13.432785
2024-04-23 17:00:00+00:00,16.966023416666673,13.49133
2024-04-23 18:00:00+00:00,16.56908075,13.127499
2024-04-23 19:00:00+00:00,16.743360083333336,12.565034
2024-04-23 20:00:00+00:00,17.074521416666666,13.469565
2024-04-23 21:00:00+00:00,18.49233525,14.809758
2024-04-23 22:00:00+00:00,23.3487085,18.55426
2024-04-23 23:00:00+00:00,29.51310191666667,26.495275
2024-04-24 00:00:00+00:00,38.050232333333334,28.247282
2024-04-24 01:00:00+00:00,27.95505808333333,22.733519
2024-04-24 02:00:00+00:00,22.235882833333335,18.639858
2024-04-24 03:00:00+00:00,19.688875166666666,17.087708
2024-04-24 04:00:00+00:00,17.874461916666668,15.23777
2024-04-24 05:00:00+00:00,18.45971375,13.810291
2024-04-24 06:00:00+00:00,16.998800583333335,13.142489
2024-04-24 07:00:00+00:00,16.81560191666667,12.628571
2024-04-24 08:00:00+00:00,18.26157125,12.376282
2024-04-24 09:00:00+00:00,21.448917499999997,17.092566
2024-04-24 10:00:00+00:00,32.08324725,24.847979
2024-04-24 11:00:00+00:00,31.025525833333333,24.716684
2024-04-24 12:00:00+00:00,33.50033941666667,20.088158
2024-04-24 13:00:00+00:00,29.965804000000002,32.28837
2024-04-24 14:00:00+00:00,30.183748249999994,31.610893
2024-04-24 15:00:00+00:00,28.813523500000002,28.759438
2024-04-24 16:00:00+00:00,27.999673333333334,26.774422
2024-04-24 17:00:00+00:00,26.0011215,25.868557
2024-04-24 18:00:00+00:00,24.25807908333333,24.681822
2024-04-24 19:00:00+00:00,24.548531083333334,23.66315
2024-04-24 20:00:00+00:00,24.30099583333333,24.597034
2024-04-24 21:00:00+00:00,26.030048750000002,26.352533
2024-04-24 22:00:00+00:00,28.553337499999998,30.123398
2024-04-24 23:00:00+00:00,36.82754008333333,38.748875
2024-04-25 00:00:00+00:00,47.482890166666664,44.212383
2024-04-25 01:00:00+00:00,36.304028583333334,36.804096
2024-04-25 02:00:00+00:00,28.728582083333333,27.41285
2024-04-25 03:00:00+00:00,25.139309166666663,23.721098
2024-04-25 04:00:00+00:00,21.414185083333333,21.105524
2024-04-25 05:00:00+00:00,21.083004916666667,18.881866
2024-04-25 06:00:00+00:00,19.498545833333335,17.294926
2024-04-25 07:00:00+00:00,19.46007008333333,17.065027
2024-04-25 08:00:00+00:00,20.571237333333332,17.68969
2024-04-25 09:00:00+00:00,27.508740500000002,21.361607
2024-04-25 10:00:00+00:00,39.86709691666667,28.88784
2024-04-25 11:00:00+00:00,35.50880383333333,33.46524
2024-04-25 12:00:00+00:00,26.027880666666665,33.30102
2024-04-25 13:00:00+00:00,23.844252916666665,24.830193
2024-04-25 14:00:00+00:00,23.08054041666667,23.28352
2024-04-25 15:00:00+00:00,21.615050416666666,21.901945
2024-04-25 16:00:00+00:00,21.627689083333333,20.561375
2024-04-25 17:00:00+00:00,21.515547666666667,19.627876
2024-04-25 18:00:00+00:00,19.97679775,18.739164
2024-04-25 19:00:00+00:00,20.100818333333336,18.115822
2024-04-25 20:00:00+00:00,19.761539916666667,18.171955
2024-04-25 21:00:00+00:00,20.89300025,18.569904
2024-04-25 22:00:00+00:00,24.134332249999996,21.585331
2024-04-25 23:00:00+00:00,33.02593075,27.636757
2024-04-26 00:00:00+00:00,41.042471,28.325338
2024-04-26 01:00:00+00:00,29.613525083333336,23.35678
2024-04-26 02:00:00+00:00,21.097142750000003,19.907951
2024-04-26 03:00:00+00:00,17.708175000000004,18.531996
2024-04-26 04:00:00+00:00,16.234479666666672,16.96
2024-04-26 05:00:00+00:00,16.218540833333336,15.690891
2024-04-26 06:00:00+00:00,14.621833166666667,14.851168
2024-04-26 07:00:00+00:00,14.747028583333334,14.383681
2024-04-26 08:00:00+00:00,15.610547833333335,14.472658
2024-04-26 09:00:00+00:00,18.54963291666667,18.240225
2024-04-26 10:00:00+00:00,29.7606325,24.574137
2024-04-26 11:00:00+00:00,26.8672505,24.7938
2024-04-26 12:00:00+00:00,20.48899625,21.487396
2024-04-26 13:00:00+00:00,19.226219666666665,18.716732
2024-04-26 14:00:00+00:00,18.225036083333336,16.974096
2024-04-26 15:00:00+00:00,17.47904925,15.738298
2024-04-26 16:00:00+00:00,17.496793500000003,15.130726
2024-04-26 17:00:00+00:00,17.178324833333335,15.142553
2024-04-26 18:00:00+00:00,16.948777916666668,14.730644
2024-04-26 19:00:00+00:00,17.07121875,14.386329
2024-04-26 20:00:00+00:00,16.779530083333334,15.101469
2024-04-26 21:00:00+00:00,17.68983808333333,15.826681
2024-04-26 22:00:00+00:00,19.231323083333336,18.536354
2024-04-26 23:00:00+00:00,23.1661015,24.447506
2024-04-27 00:00:00+00:00,25.4623885,26.372051
2024-04-27 01:00:00+00:00,20.809914916666663,23.604013
2024-04-27 02:00:00+00:00,18.184863166666666,21.65615
2024-04-27 03:00:00+00:00,15.762467749999999,20.729128
2024-04-27 04:00:00+00:00,17.130029833333335,19.265913
2024-04-27 05:00:00+00:00,18.496098583333332,17.841394
2024-04-27 06:00:00+00:00,15.985822666666667,17.048223
2024-04-27 07:00:00+00:00,14.779216916666668,16.528473
2024-04-27 08:00:00+00:00,14.801753916666668,16.522623
2024-04-27 09:00:00+00:00,16.171792333333336,19.808714
2024-04-27 10:00:00+00:00,17.99862975,24.502974
2024-04-27 11:00:00+00:00,17.68729516666667,23.44234
2024-04-27 12:00:00+00:00,18.732359833333337,19.95884
2024-04-27 13:00:00+00:00,18.121551250000003,17.473114
2024-04-27 14:00:00+00:00,18.375954500000006,16.272478
2024-04-27 15:00:00+00:00,17.942291333333337,15.185645
2024-04-27 16:00:00+00:00,18.32098216666667,14.810237
2024-04-27 17:00:00+00:00,17.557396750000002,15.01428
2024-04-27 18:00:00+00:00,17.11535041666667,14.819679
2024-04-27 19:00:00+00:00,17.935526583333335,14.609587
2024-04-27 20:00:00+00:00,18.701074166666668,15.051231
2024-04-27 21:00:00+00:00,21.312796250000005,15.683348
2024-04-27 22:00:00+00:00,23.47244158333333,17.728788
2024-04-27 23:00:00+00:00,28.920807,22.152012
2024-04-28 00:00:00+00:00,32.5126535,24.13017
2024-04-28 01:00:00+00:00,27.2786195,21.91779
2024-04-28 02:00:00+00:00,21.640405416666667,19.845268
2024-04-28 03:00:00+00:00,16.70508741666667,18.946709
2024-04-28 04:00:00+00:00,15.915747250000004,17.847473
2024-04-28 05:00:00+00:00,14.252911916666667,16.749262
2024-04-28 06:00:00+00:00,12.465632166666667,16.107397
2024-04-28 07:00:00+00:00,12.039790416666667,15.406931
2024-04-28 08:00:00+00:00,10.618887666666668,15.2127285
2024-04-28 09:00:00+00:00,11.547122583333332,16.809883
2024-04-28 10:00:00+00:00,13.986561750000002,19.824799
2024-04-28 11:00:00+00:00,11.903750833333334,20.562218
2024-04-28 12:00:00+00:00,12.303858916666668,19.336466
2024-04-28 13:00:00+00:00,13.363004250000001,13.763557
2024-04-28 14:00:00+00:00,13.410369333333335,12.822351
2024-04-28 15:00:00+00:00,14.933202583333332,12.631305
2024-04-28 16:00:00+00:00,15.582776666666666,12.647965
2024-04-28 17:00:00+00:00,18.012281583333337,12.642232
2024-04-28 18:00:00+00:00,19.062333916666667,12.494189
2024-04-28 19:00:00+00:00,20.985529583333335,12.917075
2024-04-28 20:00:00+00:00,24.37067408333333,14.709386
2024-04-28 21:00:00+00:00,28.606058666666666,15.809998
2024-04-28 22:00:00+00:00,32.613739833333334,19.119125
2024-04-28 23:00:00+00:00,38.53656433333334,25.488018
2024-04-29 00:00:00+00:00,40.10940083333333,26.631983
2024-04-29 01:00:00+00:00,30.045203,21.861553
2024-04-29 02:00:00+00:00,22.745237666666668,18.201717
2024-04-29 03:00:00+00:00,19.575851333333333,16.35883
2024-04-29 04:00:00+00:00,10.552740083333331,15.009653
2024-04-29 05:00:00+00:00,8.594606166666667,13.951849
2024-04-29 06:00:00+00:00,9.146806583333333,13.098028
2024-04-29 07:00:00+00:00,8.560987833333334,12.413769
2024-04-29 08:00:00+00:00,9.147566333333334,12.773559
2024-04-29 09:00:00+00:00,12.328088000000001,16.741268
2024-04-29 10:00:00+00:00,17.96122108333333,22.416124
2024-04-29 11:00:00+00:00,19.358065333333336,22.690945
2024-04-29 12:00:00+00:00,18.41426825,20.802309
2024-04-29 13:00:00+00:00,18.52135175,19.3702
2024-04-29 14:00:00+00:00,20.716209250000002,19.20424
2024-04-29 15:00:00+00:00,22.918186750000004,19.517181
2024-04-29 16:00:00+00:00,25.5951625,20.019714
2024-04-29 17:00:00+00:00,28.401692583333332,20.45255
2024-04-29 18:00:00+00:00,29.29679625,20.988668
2024-04-29 19:00:00+00:00,35.037481,22.814537
2024-04-29 20:00:00+00:00,41.977957749999995,25.031626
2024-04-29 21:00:00+00:00,47.27949475,26.185677
2024-04-29 22:00:00+00:00,49.6939645,30.099976
2024-04-29 23:00:00+00:00,56.52933408333334,35.136307
2024-04-30 00:00:00+00:00,52.91271166666667,32.524582
2024-04-30 01:00:00+00:00,37.82269658333333,24.3702
2024-04-30 02:00:00+00:00,24.886225,18.432764
2024-04-30 03:00:00+00:00,24.399413,15.230167
2024-04-30 04:00:00+00:00,24.088688516666664,12.832273
2024-04-30 05:00:00+00:00,23.777964033333333,11.189077
2024-04-30 06:00:00+00:00,23.46723955,10.2024555
2024-05-01 04:00:00+00:00,16.631300916666667,9.655086
2024-05-01 05:00:00+00:00,14.940316000000001,10.615163
2024-05-01 06:00:00+00:00,11.757624916666666,14.401933
2024-05-01 07:00:00+00:00,10.463587833333333,19.7529
2024-05-01 08:00:00+00:00,11.721819583333334,21.106173
2024-05-01 09:00:00+00:00,15.625192583333336,20.784977
2024-05-01 10:00:00+00:00,22.722211750000003,17.678947
2024-05-01 11:00:00+00:00,24.063924916666664,18.995691
2024-05-01 12:00:00+00:00,21.967737416666665,21.328688
2024-05-01 13:00:00+00:00,22.120155999999994,23.572853
2024-05-01 14:00:00+00:00,21.7732515,25.005112
2024-05-01 15:00:00+00:00,22.202456833333333,26.856825
2024-05-01 16:00:00+00:00,23.024680166666666,29.267464
2024-05-01 17:00:00+00:00,24.11194625,31.978786
2024-05-01 18:00:00+00:00,26.974955833333336,33.908833
2024-05-01 19:00:00+00:00,29.229191,36.342545
2024-05-01 20:00:00+00:00,33.84872241666667,39.68646
2024-05-01 21:00:00+00:00,38.93783425,38.57342
2024-05-01 22:00:00+00:00,44.81831125,32.1125
2024-05-01 23:00:00+00:00,47.465294,26.198267
2024-05-02 00:00:00+00:00,46.245467749999996,22.537958
2024-05-02 01:00:00+00:00,33.098776666666666,20.047411
2024-05-02 02:00:00+00:00,22.886039833333328,18.14476
2024-05-02 03:00:00+00:00,21.33730733333333,16.26369
2024-05-02 04:00:00+00:00,21.38357333333333,14.386926
2024-05-02 05:00:00+00:00,16.913370083333337,13.195303
2024-05-02 06:00:00+00:00,13.850407166666667,13.175921
2024-05-02 07:00:00+00:00,12.041200666666665,14.545544
2024-05-02 08:00:00+00:00,12.406635583333333,15.790022
2024-05-02 09:00:00+00:00,14.933809916666666,16.970886
2024-05-02 10:00:00+00:00,20.9746065,19.56153
2024-05-02 11:00:00+00:00,22.59052008333333,22.072971
2024-05-02 12:00:00+00:00,18.935612333333335,21.791836
2024-05-02 13:00:00+00:00,18.718196250000005,21.496391
2024-05-02 14:00:00+00:00,20.76643808333333,21.77055
2024-05-02 15:00:00+00:00,22.648307083333332,22.822042
2024-05-02 16:00:00+00:00,23.792798416666667,24.38761
2024-05-02 17:00:00+00:00,25.064645416666668,26.288496
2024-05-02 18:00:00+00:00,28.302663499999998,28.188417
2024-05-02 19:00:00+00:00,34.54604941666667,31.720776
2024-05-02 20:00:00+00:00,39.536358916666664,38.94076
2024-05-02 21:00:00+00:00,48.6173385,45.782516
2024-05-02 22:00:00+00:00,54.38316708333334,48.041687
2024-05-02 23:00:00+00:00,53.88062333333334,46.15319
2024-05-03 00:00:00+00:00,47.65914658333333,41.7035
2024-05-03 01:00:00+00:00,39.565335749999996,34.54578
2024-05-03 02:00:00+00:00,30.52395033333333,27.777044
2024-05-03 03:00:00+00:00,25.332051083333337,23.105255
2024-05-03 04:00:00+00:00,23.566041166666665,20.516663
2024-05-03 05:00:00+00:00,22.177919583333335,19.256538
2024-05-03 06:00:00+00:00,18.39653566666667,18.28326
2024-05-03 07:00:00+00:00,17.545782250000002,17.900707
2024-05-03 08:00:00+00:00,17.861263583333333,17.846918
2024-05-03 09:00:00+00:00,19.835208416666667,17.750355
2024-05-03 10:00:00+00:00,27.086895166666665,23.89386
2024-05-03 11:00:00+00:00,28.49974933333333,25.429188
2024-05-03 12:00:00+00:00,28.091521083333333,22.472795
2024-05-03 13:00:00+00:00,30.724301333333333,20.965786
2024-05-03 14:00:00+00:00,31.656377000000003,21.60228
2024-05-03 15:00:00+00:00,31.62598433333333,22.286787
2024-05-03 16:00:00+00:00,33.52559375,22.466225
2024-05-03 17:00:00+00:00,34.97294991666667,22.721516
2024-05-03 18:00:00+00:00,34.39536258333333,23.669836
2024-05-03 19:00:00+00:00,32.90153491666667,26.820587
2024-05-03 20:00:00+00:00,34.341098333333335,33.580997
2024-05-03 21:00:00+00:00,34.414143,41.720833
2024-05-03 22:00:00+00:00,31.950581333333332,44.675663
2024-05-03 23:00:00+00:00,33.740164416666666,40.85096
2024-05-04 00:00:00+00:00,33.602821666666664,34.522938
2024-05-04 01:00:00+00:00,27.756542500000002,28.250206
2024-05-04 02:00:00+00:00,24.324873583333332,23.489231
2024-05-04 03:00:00+00:00,20.920294416666664,20.078146
2024-05-04 04:00:00+00:00,22.2925135,18.365763
2024-05-04 05:00:00+00:00,19.724885333333333,17.2853
2024-05-04 06:00:00+00:00,16.160094333333337,16.431154
2024-05-04 07:00:00+00:00,15.187988916666667,15.817279
2024-05-04 08:00:00+00:00,14.765497416666669,15.891024
2024-05-04 09:00:00+00:00,15.91266025,17.50407
2024-05-04 10:00:00+00:00,17.543285166666667,19.255144
2024-05-04 11:00:00+00:00,20.01771383333334,21.776886
2024-05-04 12:00:00+00:00,24.954678916666666,24.430866
2024-05-04 13:00:00+00:00,26.062366249999997,26.286116
2024-05-04 14:00:00+00:00,25.739162500000003,27.531784
2024-05-04 15:00:00+00:00,26.280220916666668,28.806908
2024-05-04 16:00:00+00:00,25.757009999999994,29.36875
2024-05-04 17:00:00+00:00,25.1952495,29.292408
2024-05-04 18:00:00+00:00,25.551935416666666,29.202286
2024-05-04 19:00:00+00:00,26.75679575,29.477749
2024-05-04 20:00:00+00:00,28.187565083333336,30.396843
2024-05-04 21:00:00+00:00,32.63563091666666,31.097534
2024-05-04 22:00:00+00:00,33.83268483333333,31.214682
2024-05-04 23:00:00+00:00,36.21152416666667,30.934399
2024-05-05 00:00:00+00:00,35.663071583333334,29.52292
2024-05-05 01:00:00+00:00,29.707197,27.19057
2024-05-05 02:00:00+00:00,24.317382416666664,24.567371
2024-05-05 03:00:00+00:00,21.333688833333337,22.265867
2024-05-05 04:00:00+00:00,17.9323985,20.108284
2024-05-05 05:00:00+00:00,16.52120725,18.318985
2024-05-05 06:00:00+00:00,13.549115333333335,17.062033
2024-05-05 07:00:00+00:00,11.369508416666667,16.43199
2024-05-05 08:00:00+00:00,11.482511500000001,16.536703
2024-05-05 09:00:00+00:00,12.321343,17.59428
2024-05-05 10:00:00+00:00,12.987319166666666,15.359821
2024-05-05 11:00:00+00:00,14.441349,18.308933
2024-05-05 12:00:00+00:00,18.728185,19.89727
2024-05-05 13:00:00+00:00,22.494444833333333,21.455654
2024-05-05 14:00:00+00:00,22.521977916666668,22.461195
2024-05-05 15:00:00+00:00,23.111925,23.088572
2024-05-05 16:00:00+00:00,24.82392175,23.991127
2024-05-05 17:00:00+00:00,23.452010916666666,24.7831
2024-05-05 18:00:00+00:00,23.48066475,25.632978
2024-05-05 19:00:00+00:00,24.71801641666667,27.369139
2024-05-05 20:00:00+00:00,26.839155083333335,31.582968
2024-05-05 21:00:00+00:00,29.339109416666663,37.72917
2024-05-05 22:00:00+00:00,31.271969916666666,41.405342
2024-05-05 23:00:00+00:00,34.44404358333333,41.932125
2024-05-06 00:00:00+00:00,36.06727225,39.206802
2024-05-06 01:00:00+00:00,31.15243291666667,32.691006
2024-05-06 02:00:00+00:00,23.60556708333333,26.73402
2024-05-06 03:00:00+00:00,20.092101333333336,23.062046
2024-05-06 04:00:00+00:00,15.367761416666667,20.107372
2024-05-06 05:00:00+00:00,14.325938416666666,17.616758
2024-05-06 06:00:00+00:00,11.965989833333333,15.705182
2024-05-06 07:00:00+00:00,12.716787166666668,15.003696
2024-05-06 08:00:00+00:00,13.647100416666667,15.1321
2024-05-06 09:00:00+00:00,17.93754375,15.436426
2024-05-06 10:00:00+00:00,24.686960249999995,25.021
2024-05-06 11:00:00+00:00,30.962143499999996,31.148392
2024-05-06 12:00:00+00:00,31.508579916666665,31.566475
2024-05-06 13:00:00+00:00,31.200664916666668,30.795166
2024-05-06 14:00:00+00:00,32.02541108333333,29.71799
2024-05-06 15:00:00+00:00,33.17490041666667,29.985966
2024-05-06 16:00:00+00:00,35.37767925,30.018946
2024-05-06 17:00:00+00:00,33.383915916666666,29.7399
2024-05-06 18:00:00+00:00,30.36265666666667,29.814146
2024-05-06 19:00:00+00:00,30.90076475,31.236168
2024-05-06 20:00:00+00:00,34.814295916666666,34.227154
2024-05-06 21:00:00+00:00,43.305596416666674,40.487232
2024-05-06 22:00:00+00:00,40.211496000000004,45.901043
2024-05-06 23:00:00+00:00,37.04983925,48.756157
2024-05-07 00:00:00+00:00,39.3800135,45.16706
2024-05-07 01:00:00+00:00,34.768834500000004,36.318115
2024-05-07 02:00:00+00:00,25.439713,28.791252
2024-05-07 03:00:00+00:00,21.502605583333334,23.84487
2024-05-07 04:00:00+00:00,17.644694416666667,20.442085
2024-05-07 05:00:00+00:00,17.891601083333335,18.7135
2024-05-07 06:00:00+00:00,14.503864666666667,17.553791
2024-05-07 07:00:00+00:00,13.0490755,16.521833
2024-05-07 08:00:00+00:00,13.815414666666667,17.785938
2024-05-07 09:00:00+00:00,17.142831083333338,21.97827
2024-05-07 10:00:00+00:00,21.623753166666663,23.671698
2024-05-07 11:00:00+00:00,24.22173325,28.222458
2024-05-07 12:00:00+00:00,22.37751316666667,27.644817
2024-05-07 13:00:00+00:00,23.48691475,27.151249
2024-05-07 14:00:00+00:00,25.186223416666667,27.376753
2024-05-07 15:00:00+00:00,26.137347000000002,27.910496
2024-05-07 16:00:00+00:00,26.95640091666667,28.338598
2024-05-07 17:00:00+00:00,28.311862583333333,28.590187
2024-05-07 18:00:00+00:00,28.191003583333334,29.100657
2024-05-07 19:00:00+00:00,30.53823216666667,30.015783
2024-05-07 20:00:00+00:00,37.11764575,32.69476
2024-05-07 21:00:00+00:00,46.63303166666665,36.26387
2024-05-07 22:00:00+00:00,48.252844083333336,36.097916
2024-05-07 23:00:00+00:00,48.85006033333334,34.461456
2024-05-08 00:00:00+00:00,47.61674441666667,33.09255
2024-05-08 01:00:00+00:00,40.74702325,29.44841
2024-05-08 02:00:00+00:00,28.748290916666665,24.711954
2024-05-08 03:00:00+00:00,24.98360375,21.078005
2024-05-08 04:00:00+00:00,21.583495583333328,18.84217
2024-05-08 05:00:00+00:00,20.895952666666666,17.219376
2024-05-08 06:00:00+00:00,17.598550666666664,15.500201
2024-05-08 07:00:00+00:00,16.262578083333334,14.581016
2024-05-08 08:00:00+00:00,17.187607,14.71106
2024-05-08 09:00:00+00:00,21.45998541666667,16.485016
2024-05-08 10:00:00+00:00,25.576199666666668,29.497734
2024-05-08 11:00:00+00:00,26.57661625,33.04153
2024-05-08 12:00:00+00:00,26.6484365,30.158642
2024-05-08 13:00:00+00:00,28.45305058333333,29.121092
2024-05-08 14:00:00+00:00,30.02029625,29.081844
2024-05-08 15:00:00+00:00,33.56186866666667,29.591932
2024-05-08 16:00:00+00:00,34.698066250000004,30.46811
2024-05-08 17:00:00+00:00,40.606236083333336,31.498142
2024-05-08 18:00:00+00:00,46.29157083333334,32.53611
2024-05-08 19:00:00+00:00,53.58686933333333,35.17688
2024-05-08 20:00:00+00:00,60.51216058333333,42.18145
2024-05-08 21:00:00+00:00,74.5005805,49.653587
2024-05-08 22:00:00+00:00,66.78414891666667,52.19558
2024-05-08 23:00:00+00:00,59.938318,52.23031
2024-05-09 00:00:00+00:00,51.27658266666666,48.740868
2024-05-09 01:00:00+00:00,38.05922925,39.44254
2024-05-09 02:00:00+00:00,26.807024,30.06164
2024-05-09 03:00:00+00:00,21.411384666666667,24.5966
2024-05-09 04:00:00+00:00,21.54460983333334,21.977678
2024-05-09 05:00:00+00:00,19.7615185,20.029081
2024-05-09 06:00:00+00:00,16.578069166666666,18.180563
2024-05-09 07:00:00+00:00,15.851699583333334,17.754974
2024-05-09 08:00:00+00:00,16.894062416666667,18.374422
2024-05-09 09:00:00+00:00,20.642887999999996,21.580013
2024-05-09 10:00:00+00:00,25.686550000000004,26.6368
2024-05-09 11:00:00+00:00,29.904232583333336,26.789787
2024-05-09 12:00:00+00:00,31.949645916666668,25.661495
2024-05-09 13:00:00+00:00,32.17845441666667,27.44768
2024-05-09 14:00:00+00:00,30.977358083333332,29.918774
2024-05-09 15:00:00+00:00,30.77475616666667,32.46399
2024-05-09 16:00:00+00:00,29.249677249999998,34.70679
2024-05-09 17:00:00+00:00,29.103761583333334,36.789745
2024-05-09 18:00:00+00:00,28.056548750000005,39.44336
2024-05-09 19:00:00+00:00,28.519719166666665,43.558685
2024-05-09 20:00:00+00:00,29.62115233333333,50.819256
2024-05-09 21:00:00+00:00,31.716791916666665,56.518314
2024-05-09 22:00:00+00:00,32.70719558333334,54.991375
2024-05-09 23:00:00+00:00,34.563722166666665,47.9163
2024-05-10 00:00:00+00:00,36.92359416666667,40.252453
2024-05-10 01:00:00+00:00,30.75055591666667,33.2209
2024-05-10 02:00:00+00:00,26.42882966666667,27.724522
2024-05-10 03:00:00+00:00,21.924938333333333,23.605633
2024-05-10 04:00:00+00:00,19.812136083333336,21.049519
2024-05-10 05:00:00+00:00,20.6910955,19.520779
2024-05-10 06:00:00+00:00,17.107211500000002,17.461561
2024-05-10 07:00:00+00:00,16.11113875,16.203056
2024-05-10 08:00:00+00:00,17.750413916666666,17.047997
2024-05-10 09:00:00+00:00,21.52200125,20.54604
2024-05-10 10:00:00+00:00,26.463619249999997,25.4326
2024-05-10 11:00:00+00:00,29.202004083333335,27.158375
2024-05-10 12:00:00+00:00,29.951701416666666,27.245073
2024-05-10 13:00:00+00:00,30.443260083333332,25.789972
2024-05-10 14:00:00+00:00,29.73163033333333,23.820644
2024-05-10 15:00:00+00:00,28.764869083333334,22.729338
2024-05-10 16:00:00+00:00,28.808566499999998,22.406157
2024-05-10 17:00:00+00:00,27.888675916666667,21.942669
2024-05-10 18:00:00+00:00,24.192800083333335,21.272305
2024-05-10 19:00:00+00:00,24.665347749999995,21.08143
2024-05-10 20:00:00+00:00,25.236332833333332,21.813723
2024-05-10 21:00:00+00:00,24.971629916666668,22.914612
2024-05-10 22:00:00+00:00,25.127765166666666,25.2133
2024-05-10 23:00:00+00:00,27.01184775,28.023642
2024-05-11 00:00:00+00:00,31.476981749999997,28.079195
2024-05-11 01:00:00+00:00,28.949087083333335,24.885595
2024-05-11 02:00:00+00:00,24.126742583333332,21.563736
2024-05-11 03:00:00+00:00,19.299648500000004,19.144333
2024-05-11 04:00:00+00:00,19.878896583333333,17.95633
2024-05-11 05:00:00+00:00,18.93134308333334,16.669582
2024-05-11 06:00:00+00:00,17.092786416666666,15.534519
2024-05-11 07:00:00+00:00,16.981510083333337,14.796464
2024-05-11 08:00:00+00:00,17.118381583333335,15.444146
2024-05-11 09:00:00+00:00,18.08469116666667,17.608303
2024-05-11 10:00:00+00:00,17.803060750000004,20.376537
2024-05-11 11:00:00+00:00,18.857214916666667,21.156544
2024-05-11 12:00:00+00:00,20.73716875,22.29689
2024-05-11 13:00:00+00:00,19.813694666666667,23.354437
2024-05-11 14:00:00+00:00,18.312446416666667,23.35877
2024-05-11 15:00:00+00:00,17.057259916666666,23.18383
2024-05-11 16:00:00+00:00,16.13266175,22.813519
2024-05-11 17:00:00+00:00,15.661505416666666,22.29868
2024-05-11 18:00:00+00:00,15.9629245,21.676365
2024-05-11 19:00:00+00:00,15.442290166666666,21.549511
2024-05-11 20:00:00+00:00,16.722101916666666,21.877766
2024-05-11 21:00:00+00:00,18.43120816666667,22.454636
2024-05-11 22:00:00+00:00,22.14626191666666,23.750135
2024-05-11 23:00:00+00:00,27.120058583333332,26.902126
2024-05-12 00:00:00+00:00,37.338991166666666,28.703827
2024-05-12 01:00:00+00:00,31.550916666666662,26.594658
2024-05-12 02:00:00+00:00,24.02274158333333,23.653347
2024-05-12 03:00:00+00:00,19.97092575,21.493828
2024-05-12 04:00:00+00:00,16.346939750000004,19.505825
2024-05-12 05:00:00+00:00,14.98010575,17.817616
2024-05-12 06:00:00+00:00,14.07090125,16.89344
2024-05-12 07:00:00+00:00,14.852610666666667,16.07402
2024-05-12 08:00:00+00:00,12.904061333333333,15.614106
2024-05-12 09:00:00+00:00,13.850609583333332,16.557915
2024-05-12 10:00:00+00:00,14.090619583333332,15.955956
2024-05-12 11:00:00+00:00,14.051212833333333,19.169334
2024-05-12 12:00:00+00:00,15.400366083333333,21.458366
2024-05-12 13:00:00+00:00,15.372603583333335,22.63215
2024-05-12 14:00:00+00:00,15.552497916666667,22.370785
2024-05-12 15:00:00+00:00,16.121485916666668,22.023806
2024-05-12 16:00:00+00:00,15.3801435,22.468447
2024-05-12 17:00:00+00:00,14.862610916666668,23.259998
2024-05-12 18:00:00+00:00,14.040913000000002,23.463806
2024-05-12 19:00:00+00:00,15.313797500000002,24.002628
2024-05-12 20:00:00+00:00,17.103492250000002,26.565033
2024-05-12 21:00:00+00:00,19.272139083333332,29.834599
2024-05-12 22:00:00+00:00,23.10696833333333,32.94041
2024-05-12 23:00:00+00:00,30.744286583333334,38.121548
2024-05-13 00:00:00+00:00,34.31818875,41.363136
2024-05-13 01:00:00+00:00,23.352525749999998,36.776134
2024-05-13 02:00:00+00:00,16.896004250000004,29.42546
2024-05-13 03:00:00+00:00,16.207256750000003,24.207773
2024-05-13 04:00:00+00:00,14.515458833333334,20.643593
2024-05-13 05:00:00+00:00,15.01556925,18.051651
2024-05-13 06:00:00+00:00,14.220345333333333,16.303246
2024-05-13 07:00:00+00:00,14.301499083333335,15.366729
2024-05-13 08:00:00+00:00,15.69606091666667,15.770273
2024-05-13 09:00:00+00:00,21.699116583333335,16.627419
2024-05-13 10:00:00+00:00,35.11758458333333,27.265772
2024-05-13 11:00:00+00:00,26.988610249999997,31.210989
2024-05-13 12:00:00+00:00,23.232931500000003,31.691374
2024-05-13 13:00:00+00:00,24.784639333333338,31.615723
2024-05-13 14:00:00+00:00,25.259132583333336,30.149343
2024-05-13 15:00:00+00:00,25.02170525,28.552801
2024-05-13 16:00:00+00:00,27.32226808333333,27.616785
2024-05-13 17:00:00+00:00,26.302444583333337,26.132378
2024-05-13 18:00:00+00:00,28.420153916666667,24.883963
2024-05-13 19:00:00+00:00,30.307043833333335,24.680258
2024-05-13 20:00:00+00:00,33.28647325,25.69481
2024-05-13 21:00:00+00:00,40.87256575,28.342009
2024-05-13 22:00:00+00:00,45.92189808333333,32.6569
2024-05-13 23:00:00+00:00,47.35736433333333,39.06764
2024-05-14 00:00:00+00:00,48.96882208333333,40.135582
2024-05-14 01:00:00+00:00,42.494632333333335,33.691032
2024-05-14 02:00:00+00:00,33.14716991666666,26.84682
2024-05-14 03:00:00+00:00,23.4915755,22.378786
2024-05-14 04:00:00+00:00,25.63739975,19.787785
2024-05-14 05:00:00+00:00,22.665248000000002,18.250769
2024-05-14 06:00:00+00:00,19.016025500000005,17.052685
2024-05-14 07:00:00+00:00,18.732488666666665,16.863403
2024-05-14 08:00:00+00:00,19.337512250000003,19.105148
2024-05-14 09:00:00+00:00,25.49280566666667,23.175835
2024-05-14 10:00:00+00:00,29.947194333333332,33.776978
2024-05-14 11:00:00+00:00,35.35328441666667,31.974857
2024-05-14 12:00:00+00:00,37.38532941666667,28.80811
2024-05-14 13:00:00+00:00,36.155906,28.190683
2024-05-14 14:00:00+00:00,35.34486916666666,27.077269
2024-05-14 15:00:00+00:00,37.54774808333333,26.028902
2024-05-14 16:00:00+00:00,36.60099775,25.309027
2024-05-14 17:00:00+00:00,36.507248249999996,25.19618
2024-05-14 18:00:00+00:00,34.14427425,25.202465
2024-05-14 19:00:00+00:00,33.80525216666667,26.25667
2024-05-14 20:00:00+00:00,36.73256158333333,28.487202
2024-05-14 21:00:00+00:00,37.86233433333333,30.26984
2024-05-14 22:00:00+00:00,32.92928533333333,33.451355
2024-05-14 23:00:00+00:00,31.428681,39.342377
2024-05-15 00:00:00+00:00,39.20579141666666,38.873634
2024-05-15 01:00:00+00:00,35.65927033333333,31.597826
2024-05-15 02:00:00+00:00,27.739141666666665,26.040205
2024-05-15 03:00:00+00:00,22.358631583333334,22.976429
2024-05-15 04:00:00+00:00,25.052291166666663,21.021465
2024-05-15 05:00:00+00:00,23.75848458333333,18.881958
2024-05-15 06:00:00+00:00,18.93996883333334,17.157288
2024-05-15 07:00:00+00:00,17.48270975,16.402203
2024-05-15 08:00:00+00:00,21.11299566666667,16.349857
2024-05-15 09:00:00+00:00,25.67135641666667,21.002323
2024-05-15 10:00:00+00:00,30.075207166666672,34.615105
2024-05-15 11:00:00+00:00,34.801624583333336,39.1478
2024-05-15 12:00:00+00:00,36.266805,37.361313
2024-05-15 13:00:00+00:00,39.732601333333335,36.881374
2024-05-15 14:00:00+00:00,40.426440416666665,36.386345
2024-05-15 15:00:00+00:00,38.34998733333334,35.536564
2024-05-15 16:00:00+00:00,35.41098916666667,34.785694
2024-05-15 17:00:00+00:00,37.453330083333334,33.720882
2024-05-15 18:00:00+00:00,36.320430083333335,32.844826
2024-05-15 19:00:00+00:00,36.61239858333334,32.938316
2024-05-15 20:00:00+00:00,36.46633683333334,34.530758
2024-05-15 21:00:00+00:00,39.7448,36.019547
2024-05-15 22:00:00+00:00,38.124339,35.846897
2024-05-15 23:00:00+00:00,38.138838916666664,37.994347
2024-05-16 00:00:00+00:00,44.140996666666666,39.419357
2024-05-16 01:00:00+00:00,38.520001,34.44597
2024-05-16 02:00:00+00:00,33.722613833333334,27.952694
2024-05-16 03:00:00+00:00,26.0128055,24.192375
2024-05-16 04:00:00+00:00,25.21224691666667,22.27655
2024-05-16 05:00:00+00:00,23.49708533333333,20.702888
2024-05-16 06:00:00+00:00,21.09779491666667,19.2177
2024-05-16 07:00:00+00:00,20.682368416666666,18.378
2024-05-16 08:00:00+00:00,22.89840716666667,19.240461
2024-05-16 09:00:00+00:00,29.1512535,23.378315
2024-05-16 10:00:00+00:00,35.603253583333334,38.828335
2024-05-16 11:00:00+00:00,35.62823616666667,41.67604
2024-05-16 12:00:00+00:00,35.40002325,40.367977
2024-05-16 13:00:00+00:00,34.62225475,39.985466
2024-05-16 14:00:00+00:00,34.074292,38.4993
2024-05-16 15:00:00+00:00,34.21404908333333,37.10167
2024-05-16 16:00:00+00:00,36.72417766666667,36.03498
2024-05-16 17:00:00+00:00,39.459288666666666,34.963634
2024-05-16 18:00:00+00:00,39.60849541666666,33.76147
2024-05-16 19:00:00+00:00,40.668700333333334,33.140244
2024-05-16 20:00:00+00:00,41.41300174999999,34.031975
2024-05-16 21:00:00+00:00,47.96378525,34.81802
2024-05-16 22:00:00+00:00,57.879309833333345,35.10248
2024-05-16 23:00:00+00:00,56.84788716666667,38.727753
2024-05-17 00:00:00+00:00,61.89363116666667,40.831146
2024-05-17 01:00:00+00:00,51.546698666666664,36.440643
2024-05-17 02:00:00+00:00,40.097592999999996,30.443703
2024-05-17 03:00:00+00:00,30.40906575,27.077671
2024-05-17 04:00:00+00:00,27.04986291666667,25.493563
2024-05-17 05:00:00+00:00,26.072880249999997,23.974712
2024-05-17 06:00:00+00:00,20.86466,22.76598
2024-05-17 07:00:00+00:00,20.13799641666667,21.976463
2024-05-17 08:00:00+00:00,21.637896833333333,22.376812
2024-05-17 09:00:00+00:00,26.79907516666667,26.830284
2024-05-17 10:00:00+00:00,28.93334025,33.049503
2024-05-17 11:00:00+00:00,28.172849833333334,37.55408
2024-05-17 12:00:00+00:00,31.102368666666667,38.13279
2024-05-17 13:00:00+00:00,30.40884475,38.236458
2024-05-17 14:00:00+00:00,30.17144408333333,38.2105
2024-05-17 15:00:00+00:00,30.132770666666666,38.2465
2024-05-17 16:00:00+00:00,31.47321558333333,39.3533
2024-05-17 17:00:00+00:00,32.044308,40.570908
2024-05-17 18:00:00+00:00,34.959438666666664,40.894432
2024-05-17 19:00:00+00:00,32.45133466666667,41.13176
2024-05-17 20:00:00+00:00,34.64769966666667,43.565197
2024-05-17 21:00:00+00:00,38.113656,46.417446
2024-05-17 22:00:00+00:00,35.18147808333333,47.838966
2024-05-17 23:00:00+00:00,34.96162616666667,49.69156
2024-05-18 00:00:00+00:00,41.574075833333325,48.746017
2024-05-18 01:00:00+00:00,36.803613500000004,42.14721
2024-05-18 02:00:00+00:00,30.005839500000004,34.102844
2024-05-18 03:00:00+00:00,26.387375416666668,28.704885
2024-05-18 04:00:00+00:00,24.535035750000002,25.594366
2024-05-18 05:00:00+00:00,22.05658225,23.826168
2024-05-18 06:00:00+00:00,18.99475675,22.801716
2024-05-18 07:00:00+00:00,18.521475000000002,22.02039
2024-05-18 08:00:00+00:00,19.438319083333333,21.868744
2024-05-18 09:00:00+00:00,20.55603208333333,23.114016
2024-05-18 10:00:00+00:00,21.020617,21.805634
2024-05-18 11:00:00+00:00,21.788746833333335,23.096502
2024-05-18 12:00:00+00:00,26.188027833333337,24.110222
2024-05-18 13:00:00+00:00,28.877816666666664,24.950817
2024-05-18 14:00:00+00:00,28.854316416666666,25.548412
2024-05-18 15:00:00+00:00,29.291318333333333,25.94241
2024-05-18 16:00:00+00:00,30.712973333333334,26.151999
2024-05-18 17:00:00+00:00,32.1056675,26.271015
2024-05-18 18:00:00+00:00,33.978796833333334,25.905466
2024-05-18 19:00:00+00:00,37.32273141666666,25.734177
2024-05-18 20:00:00+00:00,39.174650416666665,26.383713
2024-05-18 21:00:00+00:00,41.72718533333333,26.803436
2024-05-18 22:00:00+00:00,43.206428833333334,27.546978
2024-05-18 23:00:00+00:00,44.209086583333345,30.136368
2024-05-19 00:00:00+00:00,41.60633841666667,32.0485
2024-05-19 01:00:00+00:00,37.29333141666667,29.830664
2024-05-19 02:00:00+00:00,29.27181883333333,26.136633
2024-05-19 03:00:00+00:00,25.57100025,23.637415
2024-05-19 04:00:00+00:00,23.26917775,21.546526
2024-05-19 05:00:00+00:00,21.598953583333337,19.521343
2024-05-19 06:00:00+00:00,17.89615416666667,18.321896
2024-05-19 07:00:00+00:00,17.140255583333335,17.68214
2024-05-19 08:00:00+00:00,16.903344416666666,17.433224
2024-05-19 09:00:00+00:00,17.55478516666667,17.72652
2024-05-19 10:00:00+00:00,16.9882455,19.765392
2024-05-19 11:00:00+00:00,17.786874833333332,20.56668
2024-05-19 12:00:00+00:00,20.7669945,22.6376
2024-05-19 13:00:00+00:00,22.41995858333333,24.809017
2024-05-19 14:00:00+00:00,25.374473166666665,26.060936
2024-05-19 15:00:00+00:00,26.022548416666666,26.973682
2024-05-19 16:00:00+00:00,27.68037575,27.699146
2024-05-19 17:00:00+00:00,29.612224833333332,28.527866
2024-05-19 18:00:00+00:00,32.79991641666667,29.472427
2024-05-19 19:00:00+00:00,37.57355608333334,31.291613
2024-05-19 20:00:00+00:00,42.69636908333333,34.639305
2024-05-19 21:00:00+00:00,52.43715233333333,37.438293
2024-05-19 22:00:00+00:00,56.77172375,39.275486
2024-05-19 23:00:00+00:00,57.251880666666665,41.210644
2024-05-20 00:00:00+00:00,51.466617249999985,40.836205
2024-05-20 01:00:00+00:00,44.53659283333334,35.5471
2024-05-20 02:00:00+00:00,32.40673916666667,29.605433
2024-05-20 03:00:00+00:00,24.888392583333328,25.731678
2024-05-20 04:00:00+00:00,22.49173575,22.705963
2024-05-20 05:00:00+00:00,16.764068166666668,20.12701
2024-05-20 06:00:00+00:00,13.709871083333331,18.377121
2024-05-20 07:00:00+00:00,12.874084250000001,17.972374
2024-05-20 08:00:00+00:00,14.978459833333334,18.596424
2024-05-20 09:00:00+00:00,20.659170166666666,20.393875
2024-05-20 10:00:00+00:00,25.828449666666668,25.158875
2024-05-20 11:00:00+00:00,25.18394016666667,27.861776
2024-05-20 12:00:00+00:00,24.70947825,29.41861
2024-05-20 13:00:00+00:00,26.188391416666665,31.523314
2024-05-20 14:00:00+00:00,27.283636083333334,33.884953
2024-05-20 15:00:00+00:00,30.10594625,36.281467
2024-05-20 16:00:00+00:00,36.05360625,39.550816
2024-05-20 17:00:00+00:00,41.42462433333333,42.892277
2024-05-20 18:00:00+00:00,45.93787183333333,47.033463
2024-05-20 19:00:00+00:00,48.3909415,52.133965
2024-05-20 20:00:00+00:00,59.473600749999996,59.15307
2024-05-20 21:00:00+00:00,71.84212883333333,65.41387
2024-05-20 22:00:00+00:00,73.385913,67.22309
2024-05-20 23:00:00+00:00,72.01920408333334,64.34063
2024-05-21 00:00:00+00:00,58.48011333333333,57.16786
2024-05-21 01:00:00+00:00,45.96264208333333,46.26377
2024-05-21 02:00:00+00:00,35.392922750000004,36.043106
2024-05-21 03:00:00+00:00,29.9024735,29.03522
2024-05-21 04:00:00+00:00,26.027446916666662,24.77802
2024-05-21 05:00:00+00:00,20.870065083333333,21.887777
2024-05-21 06:00:00+00:00,17.458827,19.588627
2024-05-21 07:00:00+00:00,16.782793166666668,19.268229
2024-05-21 08:00:00+00:00,17.158347750000004,21.198685
2024-05-21 09:00:00+00:00,23.855638583333338,23.921537
2024-05-21 10:00:00+00:00,28.358968500000003,29.537651
2024-05-21 11:00:00+00:00,26.878182,33.57033
2024-05-21 12:00:00+00:00,26.964862666666665,34.185635
2024-05-21 13:00:00+00:00,28.09267475,36.312428
2024-05-21 14:00:00+00:00,29.586014583333334,40.187893
2024-05-21 15:00:00+00:00,30.914650499999997,44.31515
2024-05-21 16:00:00+00:00,38.08156616666667,48.588253
2024-05-21 17:00:00+00:00,47.701762083333335,53.239624
2024-05-21 18:00:00+00:00,47.72558741666666,58.345215
2024-05-21 19:00:00+00:00,55.97123625,64.43216
2024-05-21 20:00:00+00:00,67.04266016666666,74.007805
2024-05-21 21:00:00+00:00,81.30360316666666,81.91175
2024-05-21 22:00:00+00:00,74.614317,80.452675
2024-05-21 23:00:00+00:00,67.83214916666667,71.412964
2024-05-22 00:00:00+00:00,59.00784266666667,60.33989
2024-05-22 01:00:00+00:00,44.454149,49.743526
2024-05-22 02:00:00+00:00,33.65025741666667,40.4044
2024-05-22 03:00:00+00:00,26.615996749999997,33.066406
2024-05-22 04:00:00+00:00,24.136596916666665,28.465443
2024-05-22 05:00:00+00:00,19.733966833333334,25.624504
2024-05-22 06:00:00+00:00,18.277492083333332,22.987106
2024-05-22 07:00:00+00:00,17.871927083333336,21.484447
2024-05-22 08:00:00+00:00,18.187019000000003,22.196997
2024-05-22 09:00:00+00:00,21.10287891666667,25.243176
2024-05-22 10:00:00+00:00,26.582149249999997,25.274982
2024-05-22 11:00:00+00:00,28.21089925,27.831856
2024-05-22 12:00:00+00:00,30.254229083333332,28.499924
2024-05-22 13:00:00+00:00,33.293457249999996,30.708317
2024-05-22 14:00:00+00:00,34.161214,34.335938
2024-05-22 15:00:00+00:00,37.694879916666665,38.416515
2024-05-22 16:00:00+00:00,41.54335716666667,43.09513
2024-05-22 17:00:00+00:00,47.88605100000001,47.693405
2024-05-22 18:00:00+00:00,48.972768166666675,52.242485
2024-05-22 19:00:00+00:00,58.458962750000005,58.8034
2024-05-22 20:00:00+00:00,74.86904383333334,68.21159
2024-05-22 21:00:00+00:00,92.73765291666668,72.55411
2024-05-22 22:00:00+00:00,83.71956191666666,68.17838
2024-05-22 23:00:00+00:00,73.033022,59.40426
2024-05-23 00:00:00+00:00,61.88763025000001,49.85499
2024-05-23 01:00:00+00:00,51.441396749999996,40.812042
2024-05-23 02:00:00+00:00,39.36365766666666,33.29255
2024-05-23 03:00:00+00:00,32.659121,27.74453
2024-05-23 04:00:00+00:00,29.759842333333335,24.162971
2024-05-23 05:00:00+00:00,22.65184933333333,21.606415
2024-05-23 06:00:00+00:00,19.467164750000002,19.21961
2024-05-23 07:00:00+00:00,18.998517583333335,18.16842
2024-05-23 08:00:00+00:00,19.47694883333334,19.112442
2024-05-23 09:00:00+00:00,24.374387666666667,21.554525
2024-05-23 10:00:00+00:00,28.60331808333333,30.87725
2024-05-23 11:00:00+00:00,29.40291825,32.54796
2024-05-23 12:00:00+00:00,30.193496166666666,32.0091
2024-05-23 13:00:00+00:00,32.272218583333334,33.65657
2024-05-23 14:00:00+00:00,35.46206158333333,36.36085
2024-05-23 15:00:00+00:00,37.18505975,39.420357
2024-05-23 16:00:00+00:00,42.96635225,42.549145
2024-05-23 17:00:00+00:00,45.083992833333326,45.29351
2024-05-23 18:00:00+00:00,46.12138391666666,48.89091
2024-05-23 19:00:00+00:00,51.135974083333345,55.729935
2024-05-23 20:00:00+00:00,68.74452508333333,67.9083
2024-05-23 21:00:00+00:00,72.87121524999999,77.09537
2024-05-23 22:00:00+00:00,59.31683483333333,75.796265
2024-05-23 23:00:00+00:00,50.43848675,65.49643
2024-05-24 00:00:00+00:00,46.837492166666664,54.536407
2024-05-24 01:00:00+00:00,43.90765141666665,45.58698
2024-05-24 02:00:00+00:00,33.598361,37.979202
2024-05-24 03:00:00+00:00,30.848991333333334,32.127663
2024-05-24 04:00:00+00:00,27.413199833333334,28.50913
2024-05-24 05:00:00+00:00,22.456344666666666,25.798952
2024-05-24 06:00:00+00:00,19.283737416666668,23.08435
2024-05-24 07:00:00+00:00,18.1797985,21.143497
2024-05-24 08:00:00+00:00,18.389347166666667,21.486706
2024-05-24 09:00:00+00:00,21.942904666666667,24.930283
2024-05-24 10:00:00+00:00,25.948930583333333,25.466278
2024-05-24 11:00:00+00:00,26.845574916666667,26.734367
2024-05-24 12:00:00+00:00,28.612351666666665,27.778944
2024-05-24 13:00:00+00:00,29.095581999999997,30.23859
2024-05-24 14:00:00+00:00,30.21858775,32.78926
2024-05-24 15:00:00+00:00,31.68752883333333,35.364017
2024-05-24 16:00:00+00:00,32.61773241666666,38.309566
2024-05-24 17:00:00+00:00,37.748078666666665,40.682144
2024-05-24 18:00:00+00:00,39.82286716666666,42.639656
2024-05-24 19:00:00+00:00,41.812806916666666,46.886383
2024-05-24 20:00:00+00:00,52.63329158333333,53.838333
2024-05-24 21:00:00+00:00,63.48995225000001,56.0412
2024-05-24 22:00:00+00:00,59.7229965,52.049713
2024-05-24 23:00:00+00:00,44.45761175,47.358025
2024-05-25 00:00:00+00:00,38.98784966666667,42.923492
2024-05-25 01:00:00+00:00,39.05556141666667,37.509594
2024-05-25 02:00:00+00:00,34.75658141666667,32.09774
2024-05-25 03:00:00+00:00,28.934914916666667,27.869638
2024-05-25 04:00:00+00:00,27.231372333333333,25.000906
2024-05-25 05:00:00+00:00,23.504371583333334,22.529938
2024-05-25 06:00:00+00:00,18.8473285,20.480043
2024-05-25 07:00:00+00:00,18.359246416666668,18.897078
2024-05-25 08:00:00+00:00,16.246471666666668,18.43798
2024-05-25 09:00:00+00:00,17.470347583333336,20.568876
2024-05-25 10:00:00+00:00,16.128790583333338,19.990509
2024-05-25 11:00:00+00:00,19.80351033333333,21.477182
2024-05-25 12:00:00+00:00,20.718740083333334,22.448286
2024-05-25 13:00:00+00:00,24.785615500000002,24.75473
2024-05-25 14:00:00+00:00,27.07213733333333,27.498568
2024-05-25 15:00:00+00:00,31.40731658333333,29.907356
2024-05-25 16:00:00+00:00,33.23696391666667,32.598682
2024-05-25 17:00:00+00:00,35.421665,35.29379
2024-05-25 18:00:00+00:00,34.625641,37.893368
2024-05-25 19:00:00+00:00,38.03326933333333,42.084126
2024-05-25 20:00:00+00:00,46.32705325,49.871456
2024-05-25 21:00:00+00:00,52.90171874999999,55.87258
2024-05-25 22:00:00+00:00,49.63060416666667,54.277702
2024-05-25 23:00:00+00:00,47.208707583333336,48.60499
2024-05-26 00:00:00+00:00,33.26303066666667,43.705196
2024-05-26 01:00:00+00:00,30.485743166666666,38.57283
2024-05-26 02:00:00+00:00,25.997076833333335,33.26467
2024-05-26 03:00:00+00:00,23.16579425,28.724176
2024-05-26 04:00:00+00:00,18.534567583333335,25.017178
2024-05-26 05:00:00+00:00,17.922738499999998,21.758904
2024-05-26 06:00:00+00:00,15.375235333333334,18.662848
2024-05-26 07:00:00+00:00,13.734115916666667,16.289833
2024-05-26 08:00:00+00:00,12.31921125,15.537565
2024-05-26 09:00:00+00:00,11.878238833333333,16.786747
2024-05-26 10:00:00+00:00,11.352594416666667,13.439926
2024-05-26 11:00:00+00:00,10.036705500000002,15.460846
2024-05-26 12:00:00+00:00,12.149256166666667,18.071201
2024-05-26 13:00:00+00:00,17.43322866666667,21.255867
2024-05-26 14:00:00+00:00,18.297286166666666,24.52081
2024-05-26 15:00:00+00:00,21.31669725,27.480137
2024-05-26 16:00:00+00:00,25.009479,30.70445
2024-05-26 17:00:00+00:00,27.420564083333332,33.70011
2024-05-26 18:00:00+00:00,28.07878216666667,36.13685
2024-05-26 19:00:00+00:00,30.03301858333333,39.677902
2024-05-26 20:00:00+00:00,36.81761891666667,45.30764
2024-05-26 21:00:00+00:00,44.31806683333334,49.263813
2024-05-26 22:00:00+00:00,41.83282066666667,48.660686
2024-05-26 23:00:00+00:00,37.22367,43.297913
2024-05-27 00:00:00+00:00,31.87566341666667,37.234474
2024-05-27 01:00:00+00:00,30.926734749999998,32.020126
2024-05-27 02:00:00+00:00,27.274818,27.211327
2024-05-27 03:00:00+00:00,22.242390999999998,22.85657
2024-05-27 04:00:00+00:00,20.548988916666666,19.195396
2024-05-27 05:00:00+00:00,18.375545916666667,16.437618
2024-05-27 06:00:00+00:00,16.1737625,14.59127
2024-05-27 07:00:00+00:00,13.617219416666666,12.683191
2024-05-27 08:00:00+00:00,13.206102,12.037989
2024-05-27 09:00:00+00:00,13.784488416666667,13.354748
2024-05-27 10:00:00+00:00,13.978651666666666,15.686857
2024-05-27 11:00:00+00:00,13.908468,18.075872
2024-05-27 12:00:00+00:00,16.218801,20.620316
2024-05-27 13:00:00+00:00,21.526405416666666,23.484043
2024-05-27 14:00:00+00:00,22.043638250000004,26.15255
2024-05-27 15:00:00+00:00,23.661213916666668,28.840921
2024-05-27 16:00:00+00:00,25.791647333333334,31.962786
2024-05-27 17:00:00+00:00,25.06015275,35.1482
2024-05-27 18:00:00+00:00,26.29400108333333,37.868145
2024-05-27 19:00:00+00:00,28.017642249999998,41.49276
2024-05-27 20:00:00+00:00,31.55802891666667,47.880928
2024-05-27 21:00:00+00:00,38.57048525,53.79534
2024-05-27 22:00:00+00:00,32.9322015,54.451004
2024-05-27 23:00:00+00:00,32.85933308333333,49.759438
2024-05-28 00:00:00+00:00,30.158718166666674,43.592575
2024-05-28 01:00:00+00:00,32.18953133333333,37.26438
2024-05-28 02:00:00+00:00,23.11820308333333,31.716091
2024-05-28 03:00:00+00:00,20.224602833333332,26.91495
2024-05-28 04:00:00+00:00,21.440567916666662,22.647171
2024-05-28 05:00:00+00:00,18.77187166666667,19.132744
2024-05-28 06:00:00+00:00,15.495993583333332,16.613487
2024-05-28 07:00:00+00:00,13.980033166666667,14.871019
2024-05-28 08:00:00+00:00,14.795805583333333,14.634134
2024-05-28 09:00:00+00:00,22.35544525,15.502766
2024-05-28 10:00:00+00:00,24.117620916666667,28.03735
2024-05-28 11:00:00+00:00,27.805189,32.61597
2024-05-28 12:00:00+00:00,30.628603666666667,32.417656
2024-05-28 13:00:00+00:00,32.572582583333336,33.913185
2024-05-28 14:00:00+00:00,31.80993925,35.87134
2024-05-28 15:00:00+00:00,32.85264416666667,37.58232
2024-05-28 16:00:00+00:00,35.55006216666667,39.178818
2024-05-28 17:00:00+00:00,34.60583066666667,40.38992
2024-05-28 18:00:00+00:00,36.137614,41.3058
2024-05-28 19:00:00+00:00,36.82126708333333,43.502792
2024-05-28 20:00:00+00:00,41.11353858333333,48.323105
2024-05-28 21:00:00+00:00,51.59162333333333,52.87155
2024-05-28 22:00:00+00:00,45.07689966666667,51.74704
2024-05-28 23:00:00+00:00,42.57911925,48.19384
2024-05-29 00:00:00+00:00,36.96139016666667,44.162846
2024-05-29 01:00:00+00:00,34.973683666666666,37.887733
2024-05-29 02:00:00+00:00,27.422327999999997,31.916725
2024-05-29 03:00:00+00:00,25.370519583333333,27.648666
2024-05-29 04:00:00+00:00,21.767494916666667,24.233833
2024-05-29 05:00:00+00:00,17.596953583333338,21.773643
2024-05-29 06:00:00+00:00,16.55804766666667,19.607817
2024-05-29 07:00:00+00:00,14.785632749999998,17.991539
2024-05-29 08:00:00+00:00,15.8063645,18.949633
2024-05-29 09:00:00+00:00,20.402786166666672,23.211433
2024-05-29 10:00:00+00:00,23.347784666666666,25.28478
2024-05-29 11:00:00+00:00,22.269779166666662,28.039228
2024-05-29 12:00:00+00:00,23.68925325,28.25247
2024-05-29 13:00:00+00:00,24.82518025,28.98711
2024-05-29 14:00:00+00:00,25.968324,30.011955
2024-05-29 15:00:00+00:00,25.44109575,30.781277
2024-05-29 16:00:00+00:00,25.370610666666664,31.428915
2024-05-29 17:00:00+00:00,26.879383833333335,32.326427
2024-05-29 18:00:00+00:00,28.276205666666666,32.88578
2024-05-29 19:00:00+00:00,27.996763916666666,35.18999
2024-05-29 20:00:00+00:00,29.415806083333333,40.169785
2024-05-29 21:00:00+00:00,31.905291000000002,44.830547
2024-05-29 22:00:00+00:00,29.872932416666668,43.906395
2024-05-29 23:00:00+00:00,32.78215016666667,38.72783
2024-05-30 00:00:00+00:00,31.648159333333336,34.148033
2024-05-30 01:00:00+00:00,27.465672666666666,30.251148
2024-05-30 02:00:00+00:00,22.25962416666667,26.84669
2024-05-30 03:00:00+00:00,18.91913575,23.88536
2024-05-30 04:00:00+00:00,18.182921750000002,21.417458
2024-05-30 05:00:00+00:00,16.910216666666667,19.655338
2024-05-30 06:00:00+00:00,13.6206265,18.215313
2024-05-30 07:00:00+00:00,12.830283500000002,17.63483
2024-05-30 08:00:00+00:00,13.222978166666666,18.462994
2024-05-30 09:00:00+00:00,16.621389583333332,20.796425
2024-05-30 10:00:00+00:00,20.315070666666667,19.537998
2024-05-30 11:00:00+00:00,19.503193,21.457302
2024-05-30 12:00:00+00:00,20.95108975,22.472073
2024-05-30 13:00:00+00:00,20.715991750000004,23.787422
2024-05-30 14:00:00+00:00,20.059884083333333,25.05921
2024-05-30 15:00:00+00:00,21.544585499999997,25.978233
2024-05-30 16:00:00+00:00,21.633647833333335,26.97493
2024-05-30 17:00:00+00:00,22.85076225,28.165318
2024-05-30 18:00:00+00:00,22.88268183333333,29.215574
2024-05-30 19:00:00+00:00,24.73749525,30.859898
2024-05-30 20:00:00+00:00,25.939079166666673,33.711674
2024-05-30 21:00:00+00:00,27.439536249999996,35.97128
2024-05-30 22:00:00+00:00,28.672207666666665,35.94785
2024-05-30 23:00:00+00:00,31.306316000000002,34.58135
2024-05-31 00:00:00+00:00,29.450103166666665,32.678257
2024-05-31 01:00:00+00:00,26.27111441666667,28.906076
2024-05-31 02:00:00+00:00,21.723644333333336,24.833189
2024-05-31 03:00:00+00:00,17.57046025,21.76322
2024-05-31 04:00:00+00:00,17.347827003333336,19.534912
2024-05-31 05:00:00+00:00,17.12519375666667,17.624866
2024-05-31 06:00:00+00:00,16.90256051,15.793758
2024-06-01 04:00:00+00:00,12.004629083333334,14.449114
2024-06-01 05:00:00+00:00,12.373628333333333,14.731584
2024-06-01 06:00:00+00:00,10.775997166666665,16.685081
2024-06-01 07:00:00+00:00,11.59008675,11.679833
2024-06-01 08:00:00+00:00,11.034666083333335,12.82043
2024-06-01 09:00:00+00:00,11.62430333333333,14.320277
2024-06-01 10:00:00+00:00,9.922741833333333,15.489885
2024-06-01 11:00:00+00:00,10.627168916666667,16.414606
2024-06-01 12:00:00+00:00,12.23907425,17.114767
2024-06-01 13:00:00+00:00,13.200904833333334,17.8302
2024-06-01 14:00:00+00:00,13.715751666666668,18.408249
2024-06-01 15:00:00+00:00,14.943315916666668,18.868156
2024-06-01 16:00:00+00:00,16.253898333333336,19.820723
2024-06-01 17:00:00+00:00,18.340683916666666,21.40607
2024-06-01 18:00:00+00:00,20.501225083333335,23.208807
2024-06-01 19:00:00+00:00,22.521881333333337,24.84512
2024-06-01 20:00:00+00:00,24.707407583333335,25.219454
2024-06-01 21:00:00+00:00,28.158618583333332,24.73833
2024-06-01 22:00:00+00:00,30.28054341666666,22.868484
2024-06-01 23:00:00+00:00,28.82385908333333,20.291159
2024-06-02 00:00:00+00:00,25.78570541666667,17.777325
2024-06-02 01:00:00+00:00,24.925524333333332,15.645337
2024-06-02 02:00:00+00:00,22.16377616666666,14.2305565
2024-06-02 03:00:00+00:00,19.310848583333335,13.184346
2024-06-02 04:00:00+00:00,13.157782916666669,12.237671
2024-06-02 05:00:00+00:00,13.021509666666667,11.341247
2024-06-02 06:00:00+00:00,11.445422416666666,11.076044
2024-06-02 07:00:00+00:00,10.687211583333335,10.312777
2024-06-02 08:00:00+00:00,10.370469833333333,10.068672
2024-06-02 09:00:00+00:00,10.050517416666667,10.200125
2024-06-02 10:00:00+00:00,9.491924416666667,10.480783
2024-06-02 11:00:00+00:00,9.290000666666666,11.403372
2024-06-02 12:00:00+00:00,11.400201416666665,12.2335
2024-06-02 13:00:00+00:00,13.190571749999998,12.986122
2024-06-02 14:00:00+00:00,15.314101666666666,14.071449
2024-06-02 15:00:00+00:00,18.76569891666667,14.855503
2024-06-02 16:00:00+00:00,20.819861833333334,15.886732
2024-06-02 17:00:00+00:00,21.053036833333334,17.75263
2024-06-02 18:00:00+00:00,21.775434833333335,20.206814
2024-06-02 19:00:00+00:00,24.56318125,23.109514
2024-06-02 20:00:00+00:00,27.666132666666666,26.206982
2024-06-02 21:00:00+00:00,30.263487499999997,30.268055
2024-06-02 22:00:00+00:00,31.082167,32.273632
2024-06-02 23:00:00+00:00,30.942707166666665,30.890379
2024-06-03 00:00:00+00:00,28.971586833333333,28.011375
2024-06-03 01:00:00+00:00,28.867521166666666,24.817106
2024-06-03 02:00:00+00:00,21.96532841666667,21.048471
2024-06-03 03:00:00+00:00,18.492501916666665,17.759132
2024-06-03 04:00:00+00:00,14.72998375,15.258452
2024-06-03 05:00:00+00:00,16.054288500000006,13.373684
2024-06-03 06:00:00+00:00,14.048344416666664,11.950475
2024-06-03 07:00:00+00:00,13.454736916666667,13.023698
2024-06-03 08:00:00+00:00,13.183831249999997,12.744134
2024-06-03 09:00:00+00:00,14.361412083333333,13.523045
2024-06-03 10:00:00+00:00,18.039386166666667,14.995005
2024-06-03 11:00:00+00:00,20.11453691666667,17.082083
2024-06-03 12:00:00+00:00,23.627039749999998,18.787416
2024-06-03 13:00:00+00:00,25.450985083333332,20.247292
2024-06-03 14:00:00+00:00,26.476505500000002,21.767666
2024-06-03 15:00:00+00:00,28.229741,23.890575
2024-06-03 16:00:00+00:00,31.430493666666667,25.979544
2024-06-03 17:00:00+00:00,33.71328991666667,28.288109
2024-06-03 18:00:00+00:00,34.750451,31.022802
2024-06-03 19:00:00+00:00,38.676359,34.325623
2024-06-03 20:00:00+00:00,45.95603775,38.126842
2024-06-03 21:00:00+00:00,55.95006333333333,41.582615
2024-06-03 22:00:00+00:00,50.67697491666667,41.335686
2024-06-03 23:00:00+00:00,43.14751283333334,38.31283
2024-06-04 00:00:00+00:00,35.52314966666666,33.975006
2024-06-04 01:00:00+00:00,33.16951133333333,29.212088
2024-06-04 02:00:00+00:00,30.00080875,24.42075
2024-06-04 03:00:00+00:00,25.45849158333333,20.385262
2024-06-04 04:00:00+00:00,21.173068583333333,17.77126
2024-06-04 05:00:00+00:00,15.82247475,16.41947
2024-06-04 06:00:00+00:00,14.554533166666667,14.693649
2024-06-04 07:00:00+00:00,12.497245,13.2920475
2024-06-04 08:00:00+00:00,11.953256666666665,13.214338
2024-06-04 09:00:00+00:00,14.790656499999999,15.411323
2024-06-04 10:00:00+00:00,20.02177766666667,19.789572
2024-06-04 11:00:00+00:00,20.986246500000004,23.37337
2024-06-04 12:00:00+00:00,24.344975416666664,24.249788
2024-06-04 13:00:00+00:00,26.730822500000002,25.141191
2024-06-04 14:00:00+00:00,31.027496333333332,27.470093
2024-06-04 15:00:00+00:00,34.824962166666666,29.566002
2024-06-04 16:00:00+00:00,37.116414166666665,31.638483
2024-06-04 17:00:00+00:00,41.655818833333335,34.109642
2024-06-04 18:00:00+00:00,42.65307966666666,36.682262
2024-06-04 19:00:00+00:00,44.76967199999999,40.21154
2024-06-04 20:00:00+00:00,56.0559905,46.399868
2024-06-04 21:00:00+00:00,59.37865925,51.979218
2024-06-04 22:00:00+00:00,48.300665,49.72166
2024-06-04 23:00:00+00:00,39.82572341666667,42.958595
2024-06-05 00:00:00+00:00,36.31879133333333,36.83979
2024-06-05 01:00:00+00:00,33.49496083333333,31.771297
2024-06-05 02:00:00+00:00,27.97126191666667,27.052614
2024-06-05 03:00:00+00:00,24.303896249999998,23.311941
2024-06-05 04:00:00+00:00,21.021297833333332,20.292673
2024-06-05 05:00:00+00:00,19.255947333333335,18.284317
2024-06-05 06:00:00+00:00,16.931648416666665,16.955164
2024-06-05 07:00:00+00:00,15.966064916666669,15.605291
2024-06-05 08:00:00+00:00,15.866855166666669,15.593223
2024-06-05 09:00:00+00:00,18.545730250000002,17.73329
2024-06-05 10:00:00+00:00,22.54373541666667,20.850834
2024-06-05 11:00:00+00:00,25.666532333333333,23.69761
2024-06-05 12:00:00+00:00,28.178741333333335,26.211174
2024-06-05 13:00:00+00:00,28.28425675,29.383778
2024-06-05 14:00:00+00:00,30.072617500000003,32.621323
2024-06-05 15:00:00+00:00,32.451380666666665,36.392838
2024-06-05 16:00:00+00:00,33.29333833333333,39.90241
2024-06-05 17:00:00+00:00,36.42148925,43.185883
2024-06-05 18:00:00+00:00,38.09555483333333,46.518143
2024-06-05 19:00:00+00:00,37.5913745,51.475082
2024-06-05 20:00:00+00:00,39.06813041666667,56.9877
2024-06-05 21:00:00+00:00,46.471171500000004,58.240936
2024-06-05 22:00:00+00:00,41.97830341666667,52.21112
2024-06-05 23:00:00+00:00,40.11050575,44.436043
2024-06-06 00:00:00+00:00,36.259509,38.112198
2024-06-06 01:00:00+00:00,38.369873,33.175575
2024-06-06 02:00:00+00:00,27.740208,29.276073
2024-06-06 03:00:00+00:00,23.941474166666666,25.983004
2024-06-06 04:00:00+00:00,21.768807166666665,22.774008
2024-06-06 05:00:00+00:00,17.867452916666668,20.486519
2024-06-06 06:00:00+00:00,16.069994333333337,18.767303
2024-06-06 07:00:00+00:00,14.813677166666666,15.120187
2024-06-06 08:00:00+00:00,15.208821416666666,14.946389
2024-06-06 09:00:00+00:00,16.91088991666667,16.468155
2024-06-06 10:00:00+00:00,20.460836916666672,20.69329
2024-06-06 11:00:00+00:00,21.976412416666665,25.160326
2024-06-06 12:00:00+00:00,24.691188,26.55426
2024-06-06 13:00:00+00:00,26.49446041666667,26.909233
2024-06-06 14:00:00+00:00,27.343729083333333,28.01421
2024-06-06 15:00:00+00:00,28.382054749999995,29.200453
2024-06-06 16:00:00+00:00,27.834113416666668,30.589846
2024-06-06 17:00:00+00:00,29.212688166666666,32.132538
2024-06-06 18:00:00+00:00,30.86036975,33.33499
2024-06-06 19:00:00+00:00,31.09363325,34.762085
2024-06-06 20:00:00+00:00,32.19297708333334,37.628475
2024-06-06 21:00:00+00:00,34.80727958333333,41.304413
2024-06-06 22:00:00+00:00,31.535626583333336,41.336304
2024-06-06 23:00:00+00:00,30.018336,39.105587
2024-06-07 00:00:00+00:00,28.297501,37.030373
2024-06-07 01:00:00+00:00,30.056754166666664,33.80391
2024-06-07 02:00:00+00:00,25.426500333333333,28.674786
2024-06-07 03:00:00+00:00,22.142748916666662,24.09746
2024-06-07 04:00:00+00:00,19.55177591666667,20.879438
2024-06-07 05:00:00+00:00,19.49453241666667,18.60091
2024-06-07 06:00:00+00:00,17.209339916666668,16.883617
2024-06-07 07:00:00+00:00,15.737785500000003,16.320782
2024-06-07 08:00:00+00:00,15.28778233333333,16.180546
2024-06-07 09:00:00+00:00,16.84449058333334,16.692348
2024-06-07 10:00:00+00:00,18.865331500000003,18.33553
2024-06-07 11:00:00+00:00,20.03328591666667,20.799074
2024-06-07 12:00:00+00:00,21.539852333333332,22.33912
2024-06-07 13:00:00+00:00,21.685062166666665,23.60295
2024-06-07 14:00:00+00:00,21.169197999999998,25.14772
2024-06-07 15:00:00+00:00,22.969986083333335,26.203064
2024-06-07 16:00:00+00:00,22.032621333333335,27.038824
2024-06-07 17:00:00+00:00,26.782130416666664,28.09657
2024-06-07 18:00:00+00:00,25.38871875,28.940083
2024-06-07 19:00:00+00:00,26.966798333333333,29.739698
2024-06-07 20:00:00+00:00,30.994132333333337,31.061197
2024-06-07 21:00:00+00:00,31.144909416666664,32.656845
2024-06-07 22:00:00+00:00,31.509223500000004,32.66216
2024-06-07 23:00:00+00:00,31.218232083333334,31.093294
2024-06-08 00:00:00+00:00,29.532526083333334,29.568876
2024-06-08 01:00:00+00:00,28.595956083333334,28.459925
2024-06-08 02:00:00+00:00,27.765439416666663,26.183218
2024-06-08 03:00:00+00:00,22.383933666666664,23.429749
2024-06-08 04:00:00+00:00,17.816121833333334,20.8597
2024-06-08 05:00:00+00:00,14.483393583333333,18.794056
2024-06-08 06:00:00+00:00,12.968888666666667,17.523045
2024-06-08 07:00:00+00:00,11.843492833333334,12.041071
2024-06-08 08:00:00+00:00,11.399169916666667,11.235676
2024-06-08 09:00:00+00:00,11.688102833333334,10.586872
2024-06-08 10:00:00+00:00,10.33155575,10.640902
2024-06-08 11:00:00+00:00,10.319585083333333,11.467017
2024-06-08 12:00:00+00:00,11.751141666666667,12.396933
2024-06-08 13:00:00+00:00,13.526406083333335,13.675702
2024-06-08 14:00:00+00:00,13.973840583333335,15.64756
2024-06-08 15:00:00+00:00,15.72149591666667,17.108356
2024-06-08 16:00:00+00:00,16.751553666666666,18.328129
2024-06-08 17:00:00+00:00,18.500142083333337,19.935688
2024-06-08 18:00:00+00:00,20.547764500000003,21.396967
2024-06-08 19:00:00+00:00,23.20854083333333,22.629038
2024-06-08 20:00:00+00:00,23.834946666666664,24.558937
2024-06-08 21:00:00+00:00,27.679656416666667,27.165405
2024-06-08 22:00:00+00:00,29.668200583333338,28.562534
2024-06-08 23:00:00+00:00,28.991109833333336,28.480328
2024-06-09 00:00:00+00:00,24.58249516666666,27.784595
2024-06-09 01:00:00+00:00,24.058116,26.13181
2024-06-09 02:00:00+00:00,21.72195333333333,23.058865
2024-06-09 03:00:00+00:00,17.228532166666668,19.62436
2024-06-09 04:00:00+00:00,14.637986916666668,16.950207
2024-06-09 05:00:00+00:00,13.371104166666669,14.8077
2024-06-09 06:00:00+00:00,12.571160833333332,13.009091
2024-06-09 07:00:00+00:00,10.913054083333332,11.692058
2024-06-09 08:00:00+00:00,10.740850166666666,10.967279
2024-06-09 09:00:00+00:00,10.49625725,10.690071
2024-06-09 10:00:00+00:00,9.79725975,10.8285265
2024-06-09 11:00:00+00:00,10.780716916666668,11.833201
2024-06-09 12:00:00+00:00,12.661745000000002,13.161771
2024-06-09 13:00:00+00:00,15.375726083333333,15.191308
2024-06-09 14:00:00+00:00,17.268632333333333,17.759981
2024-06-09 15:00:00+00:00,18.132440916666667,20.222736
2024-06-09 16:00:00+00:00,18.369629000000003,22.56902
2024-06-09 17:00:00+00:00,20.393185,25.150946
2024-06-09 18:00:00+00:00,20.319341666666666,27.839312
2024-06-09 19:00:00+00:00,20.67016741666667,30.449205
2024-06-09 20:00:00+00:00,22.460967916666664,33.26728
2024-06-09 21:00:00+00:00,24.918913916666668,36.15521
2024-06-09 22:00:00+00:00,25.16768725,37.302216
2024-06-09 23:00:00+00:00,24.150747416666665,35.919483
2024-06-10 00:00:00+00:00,23.548951833333334,32.38333
2024-06-10 01:00:00+00:00,23.269974083333334,28.256
2024-06-10 02:00:00+00:00,20.222470250000004,23.981241
2024-06-10 03:00:00+00:00,17.85320683333334,20.135891
2024-06-10 04:00:00+00:00,13.08812725,17.05981
2024-06-10 05:00:00+00:00,11.176840499999999,15.138613
2024-06-10 06:00:00+00:00,10.353390416666667,13.312509
2024-06-10 07:00:00+00:00,9.585477666666668,9.566887
2024-06-10 08:00:00+00:00,10.54598325,9.239105
2024-06-10 09:00:00+00:00,13.107673583333332,9.600999
2024-06-10 10:00:00+00:00,16.156402583333335,11.7012005
2024-06-10 11:00:00+00:00,17.91188041666667,14.759462
2024-06-10 12:00:00+00:00,16.675500916666667,17.306675
2024-06-10 13:00:00+00:00,17.235653833333334,19.662252
2024-06-10 14:00:00+00:00,18.575632833333337,21.396872
2024-06-10 15:00:00+00:00,19.976069833333334,22.571075
2024-06-10 16:00:00+00:00,21.622423916666666,23.834373
2024-06-10 17:00:00+00:00,22.98774416666667,24.827309
2024-06-10 18:00:00+00:00,22.810334083333334,25.568213
2024-06-10 19:00:00+00:00,23.901380083333333,26.447845
2024-06-10 20:00:00+00:00,24.551143000000003,28.115122
2024-06-10 21:00:00+00:00,25.88469975,30.38659
2024-06-10 22:00:00+00:00,26.154182666666667,30.875328
2024-06-10 23:00:00+00:00,28.53309416666667,30.09505
2024-06-11 00:00:00+00:00,25.508277500000002,29.169308
2024-06-11 01:00:00+00:00,25.794620166666665,26.670898
2024-06-11 02:00:00+00:00,21.23845183333333,23.001661
2024-06-11 03:00:00+00:00,15.791603916666668,19.876875
2024-06-11 04:00:00+00:00,15.14424425,16.560516
2024-06-11 05:00:00+00:00,13.959882583333332,13.559533
2024-06-11 06:00:00+00:00,10.857239833333333,11.657469
2024-06-11 07:00:00+00:00,10.104055166666667,10.090693
2024-06-11 08:00:00+00:00,10.59681175,9.976249
2024-06-11 09:00:00+00:00,14.717838833333333,11.114876
2024-06-11 10:00:00+00:00,15.414553416666665,14.550408
2024-06-11 11:00:00+00:00,15.523286416666664,16.922693
2024-06-11 12:00:00+00:00,15.561231083333332,17.631516
2024-06-11 13:00:00+00:00,16.220476666666666,19.207796
2024-06-11 14:00:00+00:00,17.348825083333338,20.647482
2024-06-11 15:00:00+00:00,18.45336575,21.548653
2024-06-11 16:00:00+00:00,19.586418333333334,22.815168
2024-06-11 17:00:00+00:00,20.97001675,24.047226
2024-06-11 18:00:00+00:00,22.154162,24.96506
2024-06-11 19:00:00+00:00,23.49795491666667,26.202286
2024-06-11 20:00:00+00:00,25.51688108333333,28.624025
2024-06-11 21:00:00+00:00,28.070958083333334,30.723179
2024-06-11 22:00:00+00:00,30.112397166666664,29.921768
2024-06-11 23:00:00+00:00,30.104592083333333,29.52398
2024-06-12 00:00:00+00:00,26.927164,28.963942
2024-06-12 01:00:00+00:00,25.61265233333333,25.450401
2024-06-12 02:00:00+00:00,22.349761,20.982368
2024-06-12 03:00:00+00:00,16.58684475,17.830475
2024-06-12 04:00:00+00:00,13.122396583333334,15.439184
2024-06-12 05:00:00+00:00,11.08208891666667,13.157921
2024-06-12 06:00:00+00:00,10.08023475,11.591945
2024-06-12 07:00:00+00:00,9.475576666666667,9.540757
2024-06-12 08:00:00+00:00,9.28615625,9.940214
2024-06-12 09:00:00+00:00,10.743428166666664,11.89165
2024-06-12 10:00:00+00:00,13.229271833333334,14.449232
2024-06-12 11:00:00+00:00,15.755487000000004,16.513105
2024-06-12 12:00:00+00:00,16.6157465,18.015749
2024-06-12 13:00:00+00:00,17.018181333333334,19.824072
2024-06-12 14:00:00+00:00,19.11779541666667,21.70186
2024-06-12 15:00:00+00:00,23.08592858333333,23.65889
2024-06-12 16:00:00+00:00,24.635909583333333,25.29263
2024-06-12 17:00:00+00:00,26.746979166666666,27.10942
2024-06-12 18:00:00+00:00,26.4868365,29.343685
2024-06-12 19:00:00+00:00,30.157273166666666,32.12771
2024-06-12 20:00:00+00:00,34.81611291666667,34.738667
2024-06-12 21:00:00+00:00,41.85150591666667,36.55441
2024-06-12 22:00:00+00:00,42.318627166666666,36.097168
2024-06-12 23:00:00+00:00,38.155831166666665,34.449436
2024-06-13 00:00:00+00:00,31.961850916666663,31.584023
2024-06-13 01:00:00+00:00,28.9092335,27.297771
2024-06-13 02:00:00+00:00,23.525790166666667,22.717382
2024-06-13 03:00:00+00:00,18.306350583333337,19.221584
2024-06-13 04:00:00+00:00,15.328006416666668,16.501608
2024-06-13 05:00:00+00:00,14.226438583333335,14.196548
2024-06-13 06:00:00+00:00,13.91020675,12.8154125
2024-06-13 07:00:00+00:00,13.071924166666667,12.716923
2024-06-13 08:00:00+00:00,12.682479499999998,12.39522
2024-06-13 09:00:00+00:00,13.707910916666668,13.237412
2024-06-13 10:00:00+00:00,15.806826333333335,15.252516
2024-06-13 11:00:00+00:00,17.052713333333333,17.003265
2024-06-13 12:00:00+00:00,20.058326583333336,18.067633
2024-06-13 13:00:00+00:00,21.93070516666667,19.560768
2024-06-13 14:00:00+00:00,25.161019833333327,21.51756
2024-06-13 15:00:00+00:00,27.64915825,23.642181
2024-06-13 16:00:00+00:00,31.319624833333332,25.629402
2024-06-13 17:00:00+00:00,32.81406191666667,27.65135
2024-06-13 18:00:00+00:00,35.914426999999996,29.67612
2024-06-13 19:00:00+00:00,44.600977666666665,32.34528
2024-06-13 20:00:00+00:00,52.853754583333334,36.548897
2024-06-13 21:00:00+00:00,55.97318750000001,40.654633
2024-06-13 22:00:00+00:00,54.716756833333335,39.85948
2024-06-13 23:00:00+00:00,48.64622375,35.774765
2024-06-14 00:00:00+00:00,36.4029575,31.511583
2024-06-14 01:00:00+00:00,34.021494249999996,27.513264
2024-06-14 02:00:00+00:00,28.017558083333327,23.616161
2024-06-14 03:00:00+00:00,22.433682833333336,20.353237
2024-06-14 04:00:00+00:00,21.32357616666667,17.780752
2024-06-14 05:00:00+00:00,19.035717000000005,16.112854
2024-06-14 06:00:00+00:00,16.61320091666667,14.957716
2024-06-14 07:00:00+00:00,15.283326083333334,14.783867
2024-06-14 08:00:00+00:00,15.106715666666666,13.795631
2024-06-14 09:00:00+00:00,17.446066083333335,14.405844
2024-06-14 10:00:00+00:00,19.843780500000005,15.595523
2024-06-14 11:00:00+00:00,21.522221166666668,16.65265
2024-06-14 12:00:00+00:00,22.646080166666664,18.021336
2024-06-14 13:00:00+00:00,26.08291333333333,20.252773
2024-06-14 14:00:00+00:00,27.36982825,22.818054
2024-06-14 15:00:00+00:00,32.10368775,25.66586
2024-06-14 16:00:00+00:00,34.06695683333333,28.236929
2024-06-14 17:00:00+00:00,36.53343533333334,31.025238
2024-06-14 18:00:00+00:00,38.895859916666666,34.448395
2024-06-14 19:00:00+00:00,43.987873916666665,38.828384
2024-06-14 20:00:00+00:00,45.60613674999999,44.24814
2024-06-14 21:00:00+00:00,47.8583975,47.88778
2024-06-14 22:00:00+00:00,43.572325416666665,45.621002
2024-06-14 23:00:00+00:00,38.538145,39.88733
2024-06-15 00:00:00+00:00,33.53608075,34.699707
2024-06-15 01:00:00+00:00,30.737342333333338,30.455893
2024-06-15 02:00:00+00:00,25.338764916666662,26.416073
2024-06-15 03:00:00+00:00,22.482887,22.978306
2024-06-15 04:00:00+00:00,17.140479750000004,20.250662
2024-06-15 05:00:00+00:00,16.43224916666667,18.188913
2024-06-15 06:00:00+00:00,14.829527916666668,16.465641
2024-06-15 07:00:00+00:00,13.890473250000001,13.677156
2024-06-15 08:00:00+00:00,13.3185345,13.016794
2024-06-15 09:00:00+00:00,13.523891916666663,13.380073
2024-06-15 10:00:00+00:00,13.273461166666666,14.555004
2024-06-15 11:00:00+00:00,11.626420416666667,15.929456
2024-06-15 12:00:00+00:00,13.513183083333333,17.691837
2024-06-15 13:00:00+00:00,16.71930991666667,19.650284
2024-06-15 14:00:00+00:00,16.843598166666666,21.56814
2024-06-15 15:00:00+00:00,18.652646583333333,23.594597
2024-06-15 16:00:00+00:00,20.566472083333334,25.617384
2024-06-15 17:00:00+00:00,21.811772666666666,27.543201
2024-06-15 18:00:00+00:00,23.45234908333333,29.04506
2024-06-15 19:00:00+00:00,25.96932716666667,30.571447
2024-06-15 20:00:00+00:00,31.063144166666664,32.643982
2024-06-15 21:00:00+00:00,34.10423741666667,34.232372
2024-06-15 22:00:00+00:00,34.498047916666664,33.745674
2024-06-15 23:00:00+00:00,30.3757035,31.602737
2024-06-16 00:00:00+00:00,23.282604416666672,28.722828
2024-06-16 01:00:00+00:00,21.347401500000004,25.879684
2024-06-16 02:00:00+00:00,17.627529083333336,22.752735
2024-06-16 03:00:00+00:00,15.255772250000001,19.599503
2024-06-16 04:00:00+00:00,12.146646,17.117687
2024-06-16 05:00:00+00:00,11.725779916666667,15.206971
2024-06-16 06:00:00+00:00,11.492125666666666,13.676474
2024-06-16 07:00:00+00:00,9.966112583333333,10.473891
2024-06-16 08:00:00+00:00,9.219223,10.122671
2024-06-16 09:00:00+00:00,9.458279416666667,10.1435995
2024-06-16 10:00:00+00:00,9.204514,10.845584
2024-06-16 11:00:00+00:00,8.647642666666668,11.675446
2024-06-16 12:00:00+00:00,11.332269583333334,12.55412
2024-06-16 13:00:00+00:00,12.560764166666667,14.125679
2024-06-16 14:00:00+00:00,15.053374499999999,16.028404
2024-06-16 15:00:00+00:00,18.295451333333332,17.844795
2024-06-16 16:00:00+00:00,23.169905416666666,19.829945
2024-06-16 17:00:00+00:00,25.909594583333334,21.85279
2024-06-16 18:00:00+00:00,27.87750408333333,24.031631
2024-06-16 19:00:00+00:00,30.342376666666667,26.953068
2024-06-16 20:00:00+00:00,34.491609833333335,30.70994
2024-06-16 21:00:00+00:00,42.63910041666667,33.345337
2024-06-16 22:00:00+00:00,44.38394525,32.57718
2024-06-16 23:00:00+00:00,43.314704333333324,30.136131
2024-06-17 00:00:00+00:00,34.4094215,26.928585
2024-06-17 01:00:00+00:00,30.331862333333333,23.22049
2024-06-17 02:00:00+00:00,26.985561333333333,19.52157
2024-06-17 03:00:00+00:00,21.940788,16.484928
2024-06-17 04:00:00+00:00,16.039203,14.217503
2024-06-17 05:00:00+00:00,14.32873925,12.697286
2024-06-17 06:00:00+00:00,13.847108416666666,11.6951475
2024-06-17 07:00:00+00:00,13.135842666666667,12.559582
2024-06-17 08:00:00+00:00,12.926691166666666,12.101083
2024-06-17 09:00:00+00:00,13.319952083333334,12.581998
2024-06-17 10:00:00+00:00,15.25070125,14.120937
2024-06-17 11:00:00+00:00,17.90209066666667,15.944853
2024-06-17 12:00:00+00:00,21.711748916666664,17.137283
2024-06-17 13:00:00+00:00,27.38524033333333,19.271978
2024-06-17 14:00:00+00:00,31.49604525,22.41851
2024-06-17 15:00:00+00:00,34.431731666666664,25.9265
2024-06-17 16:00:00+00:00,41.22603808333333,29.232956
2024-06-17 17:00:00+00:00,45.850389,32.563946
2024-06-17 18:00:00+00:00,48.69211000000001,35.588932
2024-06-17 19:00:00+00:00,55.53808624999999,38.66112
2024-06-17 20:00:00+00:00,66.99605375,43.38101
2024-06-17 21:00:00+00:00,76.23901308333333,48.50566
2024-06-17 22:00:00+00:00,73.37734183333333,48.57731
2024-06-17 23:00:00+00:00,64.22931975,43.58322
2024-06-18 00:00:00+00:00,46.776862333333334,37.225338
2024-06-18 01:00:00+00:00,39.95093191666667,31.774855
2024-06-18 02:00:00+00:00,31.709562416666667,26.841265
2024-06-18 03:00:00+00:00,30.366719250000003,22.552105
2024-06-18 04:00:00+00:00,25.884630666666666,19.099752
2024-06-18 05:00:00+00:00,19.644827,16.832954
2024-06-18 06:00:00+00:00,18.15734366666667,14.7397585
2024-06-18 07:00:00+00:00,16.224524249999998,16.27413
2024-06-18 08:00:00+00:00,16.928078,15.408858
2024-06-18 09:00:00+00:00,18.60354141666667,15.868965
2024-06-18 10:00:00+00:00,23.33506975,17.532482
2024-06-18 11:00:00+00:00,24.80830416666667,19.594456
2024-06-18 12:00:00+00:00,27.452468916666664,22.140392
2024-06-18 13:00:00+00:00,29.334827666666666,25.853428
2024-06-18 14:00:00+00:00,34.36120808333333,30.16835
2024-06-18 15:00:00+00:00,36.61189033333333,34.303505
2024-06-18 16:00:00+00:00,44.598847750000004,38.40903
2024-06-18 17:00:00+00:00,50.88747491666666,43.11582
2024-06-18 18:00:00+00:00,57.10452233333334,48.155216
2024-06-18 19:00:00+00:00,64.26139725,54.09204
2024-06-18 20:00:00+00:00,72.05034133333334,62.15763
2024-06-18 21:00:00+00:00,79.56631666666667,66.8772
2024-06-18 22:00:00+00:00,72.24291475,62.874367
2024-06-18 23:00:00+00:00,61.64549733333333,53.85744
2024-06-19 00:00:00+00:00,45.517182083333324,45.365665
2024-06-19 01:00:00+00:00,38.3255165,38.297035
2024-06-19 02:00:00+00:00,30.102047416666665,33.082535
2024-06-19 03:00:00+00:00,27.885071,28.939112
2024-06-19 04:00:00+00:00,28.95995508333333,25.334593
2024-06-19 05:00:00+00:00,25.887176916666665,21.67352
2024-06-19 06:00:00+00:00,22.209326083333334,18.910856
2024-06-19 07:00:00+00:00,20.5004795,20.487604
2024-06-19 08:00:00+00:00,19.977337833333337,18.81026
2024-06-19 09:00:00+00:00,22.867014083333338,19.143822
2024-06-19 10:00:00+00:00,22.585334583333335,21.081495
2024-06-19 11:00:00+00:00,26.4795725,23.15446
2024-06-19 12:00:00+00:00,29.965541416666667,25.644972
2024-06-19 13:00:00+00:00,32.0445135,28.383238
2024-06-19 14:00:00+00:00,33.65995275,31.285275
2024-06-19 15:00:00+00:00,38.35422358333333,34.587486
2024-06-19 16:00:00+00:00,43.49839958333334,38.0568
2024-06-19 17:00:00+00:00,46.66484766666667,42.52947
2024-06-19 18:00:00+00:00,50.8254915,46.229618
2024-06-19 19:00:00+00:00,59.81957441666666,49.981033
2024-06-19 20:00:00+00:00,70.31754933333333,56.14318
2024-06-19 21:00:00+00:00,72.76599291666666,59.892387
2024-06-19 22:00:00+00:00,66.98040083333333,56.16718
2024-06-19 23:00:00+00:00,56.726361499999996,47.795876
2024-06-20 00:00:00+00:00,47.026597333333335,39.76163
2024-06-20 01:00:00+00:00,42.53435008333334,33.86499
2024-06-20 02:00:00+00:00,35.135367083333335,28.757227
2024-06-20 03:00:00+00:00,31.148053583333333,24.852873
2024-06-20 04:00:00+00:00,26.70314991666666,22.836414
2024-06-20 05:00:00+00:00,22.459131916666667,20.650656
2024-06-20 06:00:00+00:00,19.609450916666667,18.266108
2024-06-20 07:00:00+00:00,18.399786000000002,17.831623
2024-06-20 08:00:00+00:00,18.295783,17.25292
2024-06-20 09:00:00+00:00,20.213210250000003,18.279243
2024-06-20 10:00:00+00:00,23.920720416666665,20.90345
2024-06-20 11:00:00+00:00,26.438476499999997,23.450228
2024-06-20 12:00:00+00:00,28.853091833333334,26.148775
2024-06-20 13:00:00+00:00,32.42300341666667,29.625673
2024-06-20 14:00:00+00:00,40.46350133333333,33.21059
2024-06-20 15:00:00+00:00,46.38499183333334,36.63028
2024-06-20 16:00:00+00:00,55.77908891666667,40.36323
2024-06-20 17:00:00+00:00,63.926711583333336,43.861477
2024-06-20 18:00:00+00:00,68.24465933333333,47.816536
2024-06-20 19:00:00+00:00,74.11559625,53.280155
2024-06-20 20:00:00+00:00,89.39309850000002,60.350956
2024-06-20 21:00:00+00:00,94.963049,64.0773
2024-06-20 22:00:00+00:00,84.11258725,60.213478
2024-06-20 23:00:00+00:00,70.36543516666667,53.28876
2024-06-21 00:00:00+00:00,54.64161333333333,45.86742
2024-06-21 01:00:00+00:00,54.13028008333333,39.178745
2024-06-21 02:00:00+00:00,38.4660605,33.561855
2024-06-21 03:00:00+00:00,33.29220158333333,28.970892
2024-06-21 04:00:00+00:00,26.042276,25.198807
2024-06-21 05:00:00+00:00,20.5172575,22.108791
2024-06-21 06:00:00+00:00,17.139045749999998,20.019756
2024-06-21 07:00:00+00:00,16.075662666666666,14.523153
2024-06-21 08:00:00+00:00,15.650030666666668,14.12907
2024-06-21 09:00:00+00:00,17.371417333333333,15.5279045
2024-06-21 10:00:00+00:00,19.94037316666667,18.201988
2024-06-21 11:00:00+00:00,24.361898749999998,21.11391
2024-06-21 12:00:00+00:00,27.93471225,25.237904
2024-06-21 13:00:00+00:00,31.973642416666667,31.047924
2024-06-21 14:00:00+00:00,36.449029833333334,36.662
2024-06-21 15:00:00+00:00,44.45094208333333,42.665073
2024-06-21 16:00:00+00:00,52.20375349999999,49.131454
2024-06-21 17:00:00+00:00,61.27169091666667,56.16179
2024-06-21 18:00:00+00:00,71.25888016666666,62.67108
2024-06-21 19:00:00+00:00,87.14592575,70.49072
2024-06-21 20:00:00+00:00,107.84155408333334,78.36792
2024-06-21 21:00:00+00:00,115.37030816666667,79.640076
2024-06-21 22:00:00+00:00,96.47965233333335,71.412476
2024-06-21 23:00:00+00:00,71.76783275000001,60.906338
2024-06-22 00:00:00+00:00,50.890809749999995,51.42913
2024-06-22 01:00:00+00:00,43.56174416666667,42.825584
2024-06-22 02:00:00+00:00,34.26869683333333,35.86617
2024-06-22 03:00:00+00:00,31.368684416666667,30.680544
2024-06-22 04:00:00+00:00,25.017683583333334,26.257614
2024-06-22 05:00:00+00:00,22.503700416666664,22.123325
2024-06-22 06:00:00+00:00,19.629095833333334,18.66709
2024-06-22 07:00:00+00:00,18.36950175,17.723047
2024-06-22 08:00:00+00:00,16.962645583333334,16.645103
2024-06-22 09:00:00+00:00,16.395187333333336,17.47169
2024-06-22 10:00:00+00:00,15.85321775,20.415173
2024-06-22 11:00:00+00:00,15.631902833333333,23.279459
2024-06-22 12:00:00+00:00,19.79430375,26.852924
2024-06-22 13:00:00+00:00,26.625375833333333,31.985218
2024-06-22 14:00:00+00:00,31.406190416666664,37.55791
2024-06-22 15:00:00+00:00,34.34684766666667,42.93231
2024-06-22 16:00:00+00:00,38.93749558333334,48.38157
2024-06-22 17:00:00+00:00,42.644282249999996,55.547375
2024-06-22 18:00:00+00:00,48.51839958333333,64.40752
2024-06-22 19:00:00+00:00,60.731383,75.771194
2024-06-22 20:00:00+00:00,75.36393283333334,87.85997
2024-06-22 21:00:00+00:00,83.48596866666666,90.394714
2024-06-22 22:00:00+00:00,76.54096333333332,78.22076
2024-06-22 23:00:00+00:00,62.422691083333326,62.79214
2024-06-23 00:00:00+00:00,44.48788533333333,51.01802
2024-06-23 01:00:00+00:00,37.55969708333333,42.514793
2024-06-23 02:00:00+00:00,31.199363,35.78894
2024-06-23 03:00:00+00:00,27.929734749999998,30.623058
2024-06-23 04:00:00+00:00,23.674731750000007,26.36224
2024-06-23 05:00:00+00:00,22.683102166666668,22.21239
2024-06-23 06:00:00+00:00,20.15131475,19.204752
2024-06-23 07:00:00+00:00,17.948928416666668,18.617704
2024-06-23 08:00:00+00:00,16.54368825,16.216225
2024-06-23 09:00:00+00:00,16.08547975,15.618559
2024-06-23 10:00:00+00:00,15.641811666666667,16.842264
2024-06-23 11:00:00+00:00,16.89662966666667,18.224485
2024-06-23 12:00:00+00:00,21.913577583333335,20.433254
2024-06-23 13:00:00+00:00,27.829275749999997,24.14569
2024-06-23 14:00:00+00:00,30.2868545,28.623667
2024-06-23 15:00:00+00:00,33.626509166666665,32.888382
2024-06-23 16:00:00+00:00,37.150075666666666,36.7677
2024-06-23 17:00:00+00:00,40.20017325,40.998775
2024-06-23 18:00:00+00:00,42.64572208333333,46.18414
2024-06-23 19:00:00+00:00,48.86331466666667,53.886967
2024-06-23 20:00:00+00:00,56.55908416666667,65.19409
2024-06-23 21:00:00+00:00,64.29970758333333,72.316376
2024-06-23 22:00:00+00:00,55.76493966666666,67.40062
2024-06-23 23:00:00+00:00,48.335992000000005,57.55432
2024-06-24 00:00:00+00:00,40.455320916666665,48.283386
2024-06-24 01:00:00+00:00,35.86837658333334,40.26751
2024-06-24 02:00:00+00:00,31.226238499999997,33.225616
2024-06-24 03:00:00+00:00,26.661446916666666,27.600739
2024-06-24 04:00:00+00:00,22.170556583333333,23.738802
2024-06-24 05:00:00+00:00,21.40360383333334,20.797247
2024-06-24 06:00:00+00:00,18.390092499999998,18.473904
2024-06-24 07:00:00+00:00,17.46167466666667,17.23285
2024-06-24 08:00:00+00:00,17.67672425,16.894484
2024-06-24 09:00:00+00:00,18.193965000000006,16.735842
2024-06-24 10:00:00+00:00,20.36036316666667,19.336044
2024-06-24 11:00:00+00:00,23.427747333333333,21.859694
2024-06-24 12:00:00+00:00,24.522146250000002,24.144272
2024-06-24 13:00:00+00:00,26.500339749999995,28.003288
2024-06-24 14:00:00+00:00,27.902419749999996,31.667131
2024-06-24 15:00:00+00:00,32.275956,34.914875
2024-06-24 16:00:00+00:00,35.83806516666667,38.637726
2024-06-24 17:00:00+00:00,38.49632941666667,41.96387
2024-06-24 18:00:00+00:00,38.6423615,45.2518
2024-06-24 19:00:00+00:00,40.6049395,50.24176
2024-06-24 20:00:00+00:00,45.82442475,58.99543
2024-06-24 21:00:00+00:00,48.714754,62.858295
2024-06-24 22:00:00+00:00,45.71303341666666,56.157715
2024-06-24 23:00:00+00:00,43.555591416666665,48.582054
2024-06-25 00:00:00+00:00,36.83562791666667,42.699333
2024-06-25 01:00:00+00:00,35.29428091666667,36.13824
2024-06-25 02:00:00+00:00,25.891442833333333,30.13004
2024-06-25 03:00:00+00:00,23.389121833333334,25.85928
2024-06-25 04:00:00+00:00,16.847201833333337,22.699486
2024-06-25 05:00:00+00:00,15.625190250000003,19.466183
2024-06-25 06:00:00+00:00,15.2406145,17.051125
2024-06-25 07:00:00+00:00,14.174690416666666,14.440672
2024-06-25 08:00:00+00:00,13.55732008333333,14.555431
2024-06-25 09:00:00+00:00,13.801517583333332,15.808519
2024-06-25 10:00:00+00:00,15.708056916666667,19.229977
2024-06-25 11:00:00+00:00,17.407458500000004,22.708479
2024-06-25 12:00:00+00:00,19.6546375,24.896584
2024-06-25 13:00:00+00:00,21.178190250000004,28.127663
2024-06-25 14:00:00+00:00,25.099903833333332,30.963564
2024-06-25 15:00:00+00:00,29.340223750000003,33.74937
2024-06-25 16:00:00+00:00,32.29750058333334,36.69671
2024-06-25 17:00:00+00:00,34.48729825,39.789833
2024-06-25 18:00:00+00:00,37.119574166666666,42.785477
2024-06-25 19:00:00+00:00,41.43815608333333,47.438198
2024-06-25 20:00:00+00:00,53.65001066666667,54.12909
2024-06-25 21:00:00+00:00,61.94858658333334,58.021614
2024-06-25 22:00:00+00:00,58.120922,53.736115
2024-06-25 23:00:00+00:00,55.26158383333334,47.675537
2024-06-26 00:00:00+00:00,41.90957183333333,42.574593
2024-06-26 01:00:00+00:00,37.69244608333333,36.45054
2024-06-26 02:00:00+00:00,31.65348158333333,30.124817
2024-06-26 03:00:00+00:00,26.30397191666667,25.221233
2024-06-26 04:00:00+00:00,24.690704333333333,21.265657
2024-06-26 05:00:00+00:00,21.391182,18.034407
2024-06-26 06:00:00+00:00,19.04604475,15.953028
2024-06-26 07:00:00+00:00,17.885035750000004,18.258097
2024-06-26 08:00:00+00:00,17.714881583333334,17.594496
2024-06-26 09:00:00+00:00,21.377198083333333,19.035566
2024-06-26 10:00:00+00:00,23.321218083333335,22.102198
2024-06-26 11:00:00+00:00,24.07752125,24.20977
2024-06-26 12:00:00+00:00,25.873046999999996,26.226297
2024-06-26 13:00:00+00:00,27.73140066666667,29.654308
2024-06-26 14:00:00+00:00,32.7885375,33.74183
2024-06-26 15:00:00+00:00,35.74065091666667,38.82448
2024-06-26 16:00:00+00:00,37.456143000000004,43.96734
2024-06-26 17:00:00+00:00,39.262543,49.179405
2024-06-26 18:00:00+00:00,42.00064983333333,54.5242
2024-06-26 19:00:00+00:00,47.51082225,61.87226
2024-06-26 20:00:00+00:00,54.387165083333336,73.04636
2024-06-26 21:00:00+00:00,56.91661425,80.92851
2024-06-26 22:00:00+00:00,50.1576895,75.9853
2024-06-26 23:00:00+00:00,43.4477775,65.30885
2024-06-27 00:00:00+00:00,40.18744258333333,55.701576
2024-06-27 01:00:00+00:00,35.787800833333336,46.58764
2024-06-27 02:00:00+00:00,28.578981666666667,38.30174
2024-06-27 03:00:00+00:00,24.08196466666667,31.553463
2024-06-27 04:00:00+00:00,24.89657216666667,27.026897
2024-06-27 05:00:00+00:00,22.69075966666666,23.925964
2024-06-27 06:00:00+00:00,19.008637833333335,21.039099
2024-06-27 07:00:00+00:00,17.657582750000003,19.13712
2024-06-27 08:00:00+00:00,17.415808250000005,18.105183
2024-06-27 09:00:00+00:00,18.761323166666667,19.732552
2024-06-27 10:00:00+00:00,22.18023425,23.08202
2024-06-27 11:00:00+00:00,25.163638499999998,25.063913
2024-06-27 12:00:00+00:00,25.430563333333335,26.924644
2024-06-27 13:00:00+00:00,25.710886666666664,29.339577
2024-06-27 14:00:00+00:00,27.48307366666667,31.556149
2024-06-27 15:00:00+00:00,29.46211466666666,34.167694
2024-06-27 16:00:00+00:00,32.43416475,37.509365
2024-06-27 17:00:00+00:00,34.89446791666666,40.115017
2024-06-27 18:00:00+00:00,36.61830525,41.93707
2024-06-27 19:00:00+00:00,39.03254033333334,45.594673
2024-06-27 20:00:00+00:00,43.20343966666666,51.39133
2024-06-27 21:00:00+00:00,43.42838166666667,54.568085
2024-06-27 22:00:00+00:00,41.50420016666667,50.430622
2024-06-27 23:00:00+00:00,36.91610425,44.06873
2024-06-28 00:00:00+00:00,31.969516833333333,39.191
2024-06-28 01:00:00+00:00,30.573565916666663,34.37847
2024-06-28 02:00:00+00:00,23.054602916666667,29.252907
2024-06-28 03:00:00+00:00,20.654853583333335,24.6585
2024-06-28 04:00:00+00:00,18.352896166666667,21.56431
2024-06-28 05:00:00+00:00,17.023608,19.436617
2024-06-28 06:00:00+00:00,14.722031666666666,18.448605
2024-06-28 07:00:00+00:00,13.444215916666666,14.268255
2024-06-28 08:00:00+00:00,13.102588750000002,13.3674755
2024-06-28 09:00:00+00:00,13.527445833333333,15.086439
2024-06-28 10:00:00+00:00,13.167304166666668,18.30679
2024-06-28 11:00:00+00:00,15.422560083333332,20.206173
2024-06-28 12:00:00+00:00,16.818994000000004,21.983974
2024-06-28 13:00:00+00:00,17.82555816666667,23.94586
2024-06-28 14:00:00+00:00,19.740697333333333,25.465788
2024-06-28 15:00:00+00:00,22.315624416666665,27.147541
2024-06-28 16:00:00+00:00,26.298880999999998,30.11205
2024-06-28 17:00:00+00:00,31.43978675,32.41392
2024-06-28 18:00:00+00:00,32.34136133333333,33.982
2024-06-28 19:00:00+00:00,34.148994333333334,36.956944
2024-06-28 20:00:00+00:00,40.93701033333333,41.88516
2024-06-28 21:00:00+00:00,41.442029166666664,44.00262
2024-06-28 22:00:00+00:00,39.91616883333334,40.89128
2024-06-28 23:00:00+00:00,38.73850683333333,36.67829
2024-06-29 00:00:00+00:00,32.470731083333334,33.503735
2024-06-29 01:00:00+00:00,32.169878833333335,29.272554
2024-06-29 02:00:00+00:00,26.788620499999997,24.33672
2024-06-29 03:00:00+00:00,25.244800666666663,20.352306
2024-06-29 04:00:00+00:00,21.234307333333334,17.431982
2024-06-29 05:00:00+00:00,19.2993255,15.321833
2024-06-29 06:00:00+00:00,18.412444166666667,14.98303
2024-06-29 07:00:00+00:00,15.425203416666667,17.153091
2024-06-29 08:00:00+00:00,14.886062833333336,15.814325
2024-06-29 09:00:00+00:00,15.4592285,15.774548
2024-06-29 10:00:00+00:00,15.67769675,17.036158
2024-06-29 11:00:00+00:00,16.393695666666666,18.455082
2024-06-29 12:00:00+00:00,19.82367941666667,20.63165
2024-06-29 13:00:00+00:00,24.796782999999998,23.52672
2024-06-29 14:00:00+00:00,26.584569416666664,26.332348
2024-06-29 15:00:00+00:00,29.96629825,29.621084
2024-06-29 16:00:00+00:00,34.49193416666667,33.496315
2024-06-29 17:00:00+00:00,36.013743,37.38468
2024-06-29 18:00:00+00:00,37.826103333333336,41.083187
2024-06-29 19:00:00+00:00,40.07250825,45.377216
2024-06-29 20:00:00+00:00,47.88414641666665,50.795433
2024-06-29 21:00:00+00:00,52.952461666666665,53.82904
2024-06-29 22:00:00+00:00,52.40756866666667,51.005745
2024-06-29 23:00:00+00:00,47.00023683333334,46.18878
2024-06-30 00:00:00+00:00,39.86866091666666,41.82286
2024-06-30 01:00:00+00:00,36.73237233333334,36.537273
2024-06-30 02:00:00+00:00,31.99293791666667,31.10005
2024-06-30 03:00:00+00:00,27.827990666666665,26.948662
2024-06-30 04:00:00+00:00,27.444044610000002,23.431623
2024-06-30 05:00:00+00:00,27.060098553333333,20.94461
2024-06-30 06:00:00+00:00,26.676152496666663,19.152128
2024-07-01 04:00:00+00:00,18.229339250000002,25.093506
2024-07-01 05:00:00+00:00,17.027629666666666,22.527523
2024-07-01 06:00:00+00:00,15.026752666666667,21.815987
2024-07-01 07:00:00+00:00,14.175166666666668,23.092686
2024-07-01 08:00:00+00:00,13.147912499999999,24.605751
2024-07-01 09:00:00+00:00,14.4301775,26.40319
2024-07-01 10:00:00+00:00,17.01177475,29.07706
2024-07-01 11:00:00+00:00,17.291445083333333,32.07818
2024-07-01 12:00:00+00:00,17.987470666666667,35.321693
2024-07-01 13:00:00+00:00,18.53762075,38.216663
2024-07-01 14:00:00+00:00,18.670480833333336,40.42685
2024-07-01 15:00:00+00:00,20.832935250000006,42.775784
2024-07-01 16:00:00+00:00,22.75264608333333,46.612022
2024-07-01 17:00:00+00:00,26.221060249999997,52.347557
2024-07-01 18:00:00+00:00,26.658532500000003,56.586628
2024-07-01 19:00:00+00:00,27.351272416666664,54.447433
2024-07-01 20:00:00+00:00,29.805103916666667,49.616737
2024-07-01 21:00:00+00:00,34.15762491666667,45.143036
2024-07-01 22:00:00+00:00,34.77182466666667,40.21493
2024-07-01 23:00:00+00:00,32.75788308333333,35.636078
2024-07-02 00:00:00+00:00,28.232153916666665,31.442966
2024-07-02 01:00:00+00:00,26.12772258333333,28.770412
2024-07-02 02:00:00+00:00,19.667151500000003,27.10649
2024-07-02 03:00:00+00:00,17.268198333333334,25.33567
2024-07-02 04:00:00+00:00,14.84196575,15.104772
2024-07-02 05:00:00+00:00,12.681292083333332,13.8158
2024-07-02 06:00:00+00:00,11.398849166666666,12.753357
2024-07-02 07:00:00+00:00,10.079993333333332,12.383034
2024-07-02 08:00:00+00:00,8.8784675,12.905149
2024-07-02 09:00:00+00:00,10.622718333333333,14.26175
2024-07-02 10:00:00+00:00,13.4756345,16.386467
2024-07-02 11:00:00+00:00,14.456146583333332,17.801178
2024-07-02 12:00:00+00:00,15.7037505,18.894217
2024-07-02 13:00:00+00:00,16.113498583333335,20.43341
2024-07-02 14:00:00+00:00,18.983127749999998,22.313656
2024-07-02 15:00:00+00:00,22.272842166666663,24.59038
2024-07-02 16:00:00+00:00,25.831450416666666,27.362314
2024-07-02 17:00:00+00:00,29.622847833333335,30.31578
2024-07-02 18:00:00+00:00,33.02430508333333,33.418064
2024-07-02 19:00:00+00:00,36.2878305,36.168114
2024-07-02 20:00:00+00:00,43.67408966666667,39.30728
2024-07-02 21:00:00+00:00,54.20694125,42.209145
2024-07-02 22:00:00+00:00,51.995303,41.882893
2024-07-02 23:00:00+00:00,51.107731,37.664738
2024-07-03 00:00:00+00:00,40.50588891666667,32.56106
2024-07-03 01:00:00+00:00,35.94917933333333,26.849878
2024-07-03 02:00:00+00:00,27.130958833333334,21.632774
2024-07-03 03:00:00+00:00,24.86880275,18.218636
2024-07-03 04:00:00+00:00,18.158496916666667,21.017931
2024-07-03 05:00:00+00:00,16.089178250000003,17.648418
2024-07-03 06:00:00+00:00,13.541422166666665,15.143106
2024-07-03 07:00:00+00:00,12.720197416666666,14.203314
2024-07-03 08:00:00+00:00,13.031285666666667,14.228534
2024-07-03 09:00:00+00:00,14.747395916666667,15.555287
2024-07-03 10:00:00+00:00,17.907630416666667,18.105381
2024-07-03 11:00:00+00:00,21.123179083333333,19.776402
2024-07-03 12:00:00+00:00,23.355971999999998,20.87986
2024-07-03 13:00:00+00:00,26.922766083333332,22.827404
2024-07-03 14:00:00+00:00,30.823103250000003,25.0927
2024-07-03 15:00:00+00:00,34.453765749999995,27.842976
2024-07-03 16:00:00+00:00,36.386416583333336,31.862347
2024-07-03 17:00:00+00:00,40.1460925,35.98307
2024-07-03 18:00:00+00:00,43.33383466666667,41.069744
2024-07-03 19:00:00+00:00,46.16319158333334,47.272587
2024-07-03 20:00:00+00:00,52.00847925,53.713352
2024-07-03 21:00:00+00:00,60.03348741666666,57.708015
2024-07-03 22:00:00+00:00,55.35609208333334,55.77971
2024-07-03 23:00:00+00:00,51.39114433333333,49.081936
2024-07-04 00:00:00+00:00,40.23599158333334,41.124424
2024-07-04 01:00:00+00:00,37.46464616666666,33.26361
2024-07-04 02:00:00+00:00,34.79572475,27.452007
2024-07-04 03:00:00+00:00,31.81342633333334,24.369104
2024-07-04 04:00:00+00:00,26.919529333333333,26.461914
2024-07-04 05:00:00+00:00,22.023657,22.819424
2024-07-04 06:00:00+00:00,18.838552083333333,20.030529
2024-07-04 07:00:00+00:00,15.180296750000002,17.908394
2024-07-04 08:00:00+00:00,14.534763750000002,16.790688
2024-07-04 09:00:00+00:00,15.645946166666668,17.091423
2024-07-04 10:00:00+00:00,15.646647500000002,19.44263
2024-07-04 11:00:00+00:00,13.947987083333333,22.619669
2024-07-04 12:00:00+00:00,18.482725666666667,24.98293
2024-07-04 13:00:00+00:00,27.361636166666667,26.990936
2024-07-04 14:00:00+00:00,28.303285416666668,29.484394
2024-07-04 15:00:00+00:00,34.11415091666667,32.099545
2024-07-04 16:00:00+00:00,38.6595845,35.351166
2024-07-04 17:00:00+00:00,40.69212766666667,38.35829
2024-07-04 18:00:00+00:00,43.06267591666667,41.68802
2024-07-04 19:00:00+00:00,44.378194416666666,45.707783
2024-07-04 20:00:00+00:00,52.90566175,50.40347
2024-07-04 21:00:00+00:00,56.30102291666665,54.571857
2024-07-04 22:00:00+00:00,50.135212249999995,54.95247
2024-07-04 23:00:00+00:00,46.632938833333334,49.74894
2024-07-05 00:00:00+00:00,38.79082091666667,42.241135
2024-07-05 01:00:00+00:00,41.37013208333333,36.86092
2024-07-05 02:00:00+00:00,33.566764416666665,33.104847
2024-07-05 03:00:00+00:00,29.738564166666666,30.225792
2024-07-05 04:00:00+00:00,24.083330333333336,24.913132
2024-07-05 05:00:00+00:00,20.405647249999998,21.350746
2024-07-05 06:00:00+00:00,16.703419416666666,18.883228
2024-07-05 07:00:00+00:00,15.246169416666667,16.297783
2024-07-05 08:00:00+00:00,14.788924,14.64537
2024-07-05 09:00:00+00:00,16.378030333333335,14.09498
2024-07-05 10:00:00+00:00,19.8171275,14.860977
2024-07-05 11:00:00+00:00,24.434104583333333,16.523743
2024-07-05 12:00:00+00:00,24.96446883333333,19.374687
2024-07-05 13:00:00+00:00,28.45119025,23.262775
2024-07-05 14:00:00+00:00,33.12812258333333,27.50269
2024-07-05 15:00:00+00:00,43.031603749999995,32.005707
2024-07-05 16:00:00+00:00,44.21240158333333,36.367714
2024-07-05 17:00:00+00:00,49.406150833333335,40.348938
2024-07-05 18:00:00+00:00,54.41084433333333,44.351414
2024-07-05 19:00:00+00:00,60.81261816666667,48.699028
2024-07-05 20:00:00+00:00,66.73796891666667,52.645927
2024-07-05 21:00:00+00:00,70.94540341666668,55.403725
2024-07-05 22:00:00+00:00,66.19329941666666,54.37358
2024-07-05 23:00:00+00:00,59.176493083333334,49.738007
2024-07-06 00:00:00+00:00,46.71923050000001,45.05474
2024-07-06 01:00:00+00:00,40.831076083333336,40.669056
2024-07-06 02:00:00+00:00,36.087128916666664,35.723766
2024-07-06 03:00:00+00:00,27.823657750000002,30.532682
2024-07-06 04:00:00+00:00,25.39038591666667,23.37385
2024-07-06 05:00:00+00:00,23.090918833333333,20.173733
2024-07-06 06:00:00+00:00,20.19937841666667,17.360245
2024-07-06 07:00:00+00:00,17.675159583333336,15.72071
2024-07-06 08:00:00+00:00,16.973247916666672,15.180653
2024-07-06 09:00:00+00:00,16.25418091666667,17.028074
2024-07-06 10:00:00+00:00,15.814816166666667,20.380798
2024-07-06 11:00:00+00:00,16.89635841666667,22.786432
2024-07-06 12:00:00+00:00,20.750698583333335,26.300436
2024-07-06 13:00:00+00:00,24.254972749999997,31.019491
2024-07-06 14:00:00+00:00,28.203863166666665,35.84251
2024-07-06 15:00:00+00:00,34.13179925,40.522972
2024-07-06 16:00:00+00:00,36.52200783333333,45.34198
2024-07-06 17:00:00+00:00,41.50181308333333,50.214676
2024-07-06 18:00:00+00:00,45.50044716666667,55.05668
2024-07-06 19:00:00+00:00,54.839065500000004,60.980537
2024-07-06 20:00:00+00:00,64.68019566666668,67.64577
2024-07-06 21:00:00+00:00,65.97091366666666,69.71405
2024-07-06 22:00:00+00:00,62.030837166666664,63.381165
2024-07-06 23:00:00+00:00,52.88033041666665,54.63856
2024-07-07 00:00:00+00:00,43.70597200000001,47.43735
2024-07-07 01:00:00+00:00,37.28627758333334,40.68996
2024-07-07 02:00:00+00:00,28.506409083333335,33.890533
2024-07-07 03:00:00+00:00,24.74505016666667,28.770264
2024-07-07 04:00:00+00:00,22.181810833333333,21.427002
2024-07-07 05:00:00+00:00,19.9602385,19.044586
2024-07-07 06:00:00+00:00,16.595410166666667,16.350082
2024-07-07 07:00:00+00:00,14.877495083333335,14.561729
2024-07-07 08:00:00+00:00,13.799124666666666,14.181135
2024-07-07 09:00:00+00:00,12.85661775,14.511261
2024-07-07 10:00:00+00:00,11.608501250000002,15.326639
2024-07-07 11:00:00+00:00,11.720566833333335,16.454407
2024-07-07 12:00:00+00:00,15.353305166666667,18.532167
2024-07-07 13:00:00+00:00,22.462685333333337,21.522728
2024-07-07 14:00:00+00:00,24.577951,24.683891
2024-07-07 15:00:00+00:00,30.39957216666667,28.411587
2024-07-07 16:00:00+00:00,36.158766916666664,32.595387
2024-07-07 17:00:00+00:00,40.742701333333336,36.484062
2024-07-07 18:00:00+00:00,45.79895083333333,40.19375
2024-07-07 19:00:00+00:00,53.48441725000001,44.778107
2024-07-07 20:00:00+00:00,63.66253391666667,48.993126
2024-07-07 21:00:00+00:00,71.83256233333333,50.39652
2024-07-07 22:00:00+00:00,72.50954608333333,47.76341
2024-07-07 23:00:00+00:00,58.58869683333334,42.00635
2024-07-08 00:00:00+00:00,45.33017924999999,36.29598
2024-07-08 01:00:00+00:00,39.27346491666666,30.813787
2024-07-08 02:00:00+00:00,30.38812891666667,26.216667
2024-07-08 03:00:00+00:00,25.752154166666667,23.529222
2024-07-08 04:00:00+00:00,22.87332616666667,21.98294
2024-07-08 05:00:00+00:00,18.937017166666667,19.182598
2024-07-08 06:00:00+00:00,15.776992166666666,16.41291
2024-07-08 07:00:00+00:00,15.902968500000002,14.435251
2024-07-08 08:00:00+00:00,15.701730833333336,13.420227
2024-07-08 09:00:00+00:00,17.064154666666667,12.93321
2024-07-08 10:00:00+00:00,19.160069250000003,13.922102
2024-07-08 11:00:00+00:00,22.75642541666667,15.613631
2024-07-08 12:00:00+00:00,28.493341666666662,17.963331
2024-07-08 13:00:00+00:00,34.29666108333333,21.811249
2024-07-08 14:00:00+00:00,41.68795791666667,26.23985
2024-07-08 15:00:00+00:00,48.85877716666668,31.156681
2024-07-08 16:00:00+00:00,58.722888000000005,36.078674
2024-07-08 17:00:00+00:00,62.46178341666667,40.95236
2024-07-08 18:00:00+00:00,72.02906308333333,46.766495
2024-07-08 19:00:00+00:00,83.73298716666666,53.102924
2024-07-08 20:00:00+00:00,101.24990158333333,59.529358
2024-07-08 21:00:00+00:00,107.879554,63.335026
2024-07-08 22:00:00+00:00,94.39738541666668,60.47261
2024-07-08 23:00:00+00:00,74.05058708333333,52.673073
2024-07-09 00:00:00+00:00,58.17353875,45.20951
2024-07-09 01:00:00+00:00,52.61200258333333,38.39975
2024-07-09 02:00:00+00:00,38.364379666666665,31.936932
2024-07-09 03:00:00+00:00,34.56961425,27.048353
2024-07-09 04:00:00+00:00,30.479158666666663,29.298706
2024-07-09 05:00:00+00:00,27.153790666666666,24.782204
2024-07-09 06:00:00+00:00,23.08972808333333,21.329105
2024-07-09 07:00:00+00:00,21.05695575,18.336206
2024-07-09 08:00:00+00:00,20.775099,16.829832
2024-07-09 09:00:00+00:00,23.162114583333334,17.156221
2024-07-09 10:00:00+00:00,26.494468916666666,19.60025
2024-07-09 11:00:00+00:00,30.671305916666668,22.309275
2024-07-09 12:00:00+00:00,33.99191725,26.399588
2024-07-09 13:00:00+00:00,41.15749483333334,31.68234
2024-07-09 14:00:00+00:00,49.007617833333335,37.988937
2024-07-09 15:00:00+00:00,60.779304583333335,43.722694
2024-07-09 16:00:00+00:00,76.85502758333332,49.145973
2024-07-09 17:00:00+00:00,87.27795758333333,54.914627
2024-07-09 18:00:00+00:00,98.10911241666666,62.483486
2024-07-09 19:00:00+00:00,105.75995708333335,71.987434
2024-07-09 20:00:00+00:00,121.01150608333332,81.58556
2024-07-09 21:00:00+00:00,130.44111408333333,84.5103
2024-07-09 22:00:00+00:00,111.21948250000001,75.89047
2024-07-09 23:00:00+00:00,87.37045866666666,62.739983
2024-07-10 00:00:00+00:00,65.25834116666667,52.449287
2024-07-10 01:00:00+00:00,60.527165999999994,44.901154
2024-07-10 02:00:00+00:00,41.69207550000001,38.751163
2024-07-10 03:00:00+00:00,35.309749333333336,32.8639
2024-07-10 04:00:00+00:00,31.019195333333332,30.74651
2024-07-10 05:00:00+00:00,28.97806208333333,26.966297
2024-07-10 06:00:00+00:00,25.82775283333334,24.004183
2024-07-10 07:00:00+00:00,22.2956045,21.100258
2024-07-10 08:00:00+00:00,21.90445125,19.729025
2024-07-10 09:00:00+00:00,23.758524166666664,20.94672
2024-07-10 10:00:00+00:00,26.212405583333332,23.999546
2024-07-10 11:00:00+00:00,32.19129658333333,26.649479
2024-07-10 12:00:00+00:00,34.68685225,31.203758
2024-07-10 13:00:00+00:00,41.651838,37.295452
2024-07-10 14:00:00+00:00,47.71838416666668,44.16311
2024-07-10 15:00:00+00:00,55.836567583333334,51.087574
2024-07-10 16:00:00+00:00,62.0523835,58.17059
2024-07-10 17:00:00+00:00,75.21514733333333,65.37016
2024-07-10 18:00:00+00:00,78.3149085,74.12652
2024-07-10 19:00:00+00:00,92.57981675000002,84.8867
2024-07-10 20:00:00+00:00,101.26980899999998,94.15259
2024-07-10 21:00:00+00:00,104.61031433333333,93.87197
2024-07-10 22:00:00+00:00,88.36271624999999,81.77626
2024-07-10 23:00:00+00:00,74.4126095,66.753685
2024-07-11 00:00:00+00:00,59.723354416666666,55.22143
2024-07-11 01:00:00+00:00,50.34564724999999,46.358013
2024-07-11 02:00:00+00:00,37.853748083333336,39.09876
2024-07-11 03:00:00+00:00,30.82748033333333,33.27257
2024-07-11 04:00:00+00:00,28.75239916666667,27.00801
2024-07-11 05:00:00+00:00,26.61693441666667,24.41851
2024-07-11 06:00:00+00:00,22.133944,22.665485
2024-07-11 07:00:00+00:00,19.36835941666667,20.83939
2024-07-11 08:00:00+00:00,20.885304416666667,19.682869
2024-07-11 09:00:00+00:00,24.004227083333333,21.019365
2024-07-11 10:00:00+00:00,26.970423583333332,24.609713
2024-07-11 11:00:00+00:00,27.19725066666667,27.825596
2024-07-11 12:00:00+00:00,28.50487275,31.612186
2024-07-11 13:00:00+00:00,33.7865205,37.297474
2024-07-11 14:00:00+00:00,35.67577558333333,43.481236
2024-07-11 15:00:00+00:00,40.347895333333334,49.683796
2024-07-11 16:00:00+00:00,43.58349933333333,56.04149
2024-07-11 17:00:00+00:00,48.68463716666667,62.28982
2024-07-11 18:00:00+00:00,54.26534416666667,67.96852
2024-07-11 19:00:00+00:00,66.05186975,74.80266
2024-07-11 20:00:00+00:00,79.44850491666666,82.1957
2024-07-11 21:00:00+00:00,84.42918958333334,84.66306
2024-07-11 22:00:00+00:00,80.42528233333333,77.48073
2024-07-11 23:00:00+00:00,66.39107241666666,65.40301
2024-07-12 00:00:00+00:00,49.01200108333333,55.634186
2024-07-12 01:00:00+00:00,45.72334566666667,46.332634
2024-07-12 02:00:00+00:00,35.05512475,37.121796
2024-07-12 03:00:00+00:00,28.291462583333328,31.054768
2024-07-12 04:00:00+00:00,28.857351250000004,24.683401
2024-07-12 05:00:00+00:00,23.173474416666664,22.509493
2024-07-12 06:00:00+00:00,19.62974225,20.692045
2024-07-12 07:00:00+00:00,18.291129833333336,20.583544
2024-07-12 08:00:00+00:00,18.872542333333335,21.245432
2024-07-12 09:00:00+00:00,21.980513166666668,23.165323
2024-07-12 10:00:00+00:00,22.709706999999998,26.802345
2024-07-12 11:00:00+00:00,26.069995000000002,27.749756
2024-07-12 12:00:00+00:00,29.707948000000002,28.681425
2024-07-12 13:00:00+00:00,36.46512991666666,31.771473
2024-07-12 14:00:00+00:00,39.51547933333333,35.528877
2024-07-12 15:00:00+00:00,45.17071066666667,39.493042
2024-07-12 16:00:00+00:00,44.914827,43.492687
2024-07-12 17:00:00+00:00,49.595865833333335,48.157314
2024-07-12 18:00:00+00:00,51.725804499999995,53.1187
2024-07-12 19:00:00+00:00,58.34139775,59.71942
2024-07-12 20:00:00+00:00,64.20235191666667,70.05155
2024-07-12 21:00:00+00:00,64.25283883333334,76.263824
2024-07-12 22:00:00+00:00,55.27829158333333,70.15695
2024-07-12 23:00:00+00:00,50.912378249999996,58.523994
2024-07-13 00:00:00+00:00,45.89419216666667,49.180466
2024-07-13 01:00:00+00:00,42.224546333333336,40.095722
2024-07-13 02:00:00+00:00,35.43365741666667,32.264412
2024-07-13 03:00:00+00:00,31.894190749999996,27.453274
2024-07-13 04:00:00+00:00,25.360372833333333,29.709387
2024-07-13 05:00:00+00:00,23.055381833333335,26.512913
2024-07-13 06:00:00+00:00,19.143922,23.430492
2024-07-13 07:00:00+00:00,17.40803825,20.90996
2024-07-13 08:00:00+00:00,15.818504250000002,20.169594
2024-07-13 09:00:00+00:00,17.489560750000003,20.191969
2024-07-13 10:00:00+00:00,17.182343666666668,21.039253
2024-07-13 11:00:00+00:00,15.905106416666671,23.295841
2024-07-13 12:00:00+00:00,24.027746083333334,25.677418
2024-07-13 13:00:00+00:00,29.17427908333333,28.717857
2024-07-13 14:00:00+00:00,34.116129666666666,32.092052
2024-07-13 15:00:00+00:00,40.8625545,34.470055
2024-07-13 16:00:00+00:00,41.37171491666667,36.662376
2024-07-13 17:00:00+00:00,47.496058500000004,39.315903
2024-07-13 18:00:00+00:00,47.461902,42.11318
2024-07-13 19:00:00+00:00,54.62216316666667,44.86665
2024-07-13 20:00:00+00:00,68.99427758333333,47.799797
2024-07-13 21:00:00+00:00,75.11162283333333,49.982338
2024-07-13 22:00:00+00:00,73.18114458333334,48.486656
2024-07-13 23:00:00+00:00,60.70834375,43.73361
2024-07-14 00:00:00+00:00,47.19813025,39.929657
2024-07-14 01:00:00+00:00,44.57298491666666,35.8549
2024-07-14 02:00:00+00:00,36.43193358333333,31.523714
2024-07-14 03:00:00+00:00,32.081227750000004,28.346561
2024-07-14 04:00:00+00:00,22.842061666666666,27.54236
2024-07-14 05:00:00+00:00,19.718857333333332,23.175581
2024-07-14 06:00:00+00:00,17.402184583333334,19.614227
2024-07-14 07:00:00+00:00,15.136036583333334,16.910355
2024-07-14 08:00:00+00:00,15.507873083333331,15.675449
2024-07-14 09:00:00+00:00,16.125794750000004,15.654976
2024-07-14 10:00:00+00:00,15.236038666666667,17.91994
2024-07-14 11:00:00+00:00,14.379239750000002,21.198736
2024-07-14 12:00:00+00:00,19.61154283333334,24.601923
2024-07-14 13:00:00+00:00,26.67785358333333,30.060682
2024-07-14 14:00:00+00:00,32.692787333333335,36.47754
2024-07-14 15:00:00+00:00,39.0634085,43.38324
2024-07-14 16:00:00+00:00,43.76243841666667,50.441593
2024-07-14 17:00:00+00:00,45.913052416666666,56.967506
2024-07-14 18:00:00+00:00,53.37602591666666,64.29967
2024-07-14 19:00:00+00:00,61.21161525,72.43482
2024-07-14 20:00:00+00:00,76.08276758333334,81.202965
2024-07-14 21:00:00+00:00,83.90994558333334,88.4973
2024-07-14 22:00:00+00:00,81.57476283333334,86.73399
2024-07-14 23:00:00+00:00,71.85107608333333,75.342896
2024-07-15 00:00:00+00:00,53.67862,63.070724
2024-07-15 01:00:00+00:00,45.98027116666666,51.733963
2024-07-15 02:00:00+00:00,34.359508166666664,42.190697
2024-07-15 03:00:00+00:00,29.19638033333333,34.371326
2024-07-15 04:00:00+00:00,27.327882416666668,24.605743
2024-07-15 05:00:00+00:00,22.771582083333332,20.559738
2024-07-15 06:00:00+00:00,19.605401750000006,16.473953
2024-07-15 07:00:00+00:00,17.079353916666665,15.00424
2024-07-15 08:00:00+00:00,16.708470000000005,15.228397
2024-07-15 09:00:00+00:00,19.4468735,17.877394
2024-07-15 10:00:00+00:00,23.024947166666667,22.623346
2024-07-15 11:00:00+00:00,27.436288166666667,25.954025
2024-07-15 12:00:00+00:00,31.550002833333338,29.724857
2024-07-15 13:00:00+00:00,38.71143058333333,36.151745
2024-07-15 14:00:00+00:00,49.01391508333333,42.622246
2024-07-15 15:00:00+00:00,63.821268833333335,49.456635
2024-07-15 16:00:00+00:00,76.06257241666667,56.933693
2024-07-15 17:00:00+00:00,106.75712233333333,64.11256
2024-07-15 18:00:00+00:00,142.13911541666667,72.24114
2024-07-15 19:00:00+00:00,171.20003975,81.21643
2024-07-15 20:00:00+00:00,190.20209166666663,91.99753
2024-07-15 21:00:00+00:00,200.23405866666667,98.020065
2024-07-15 22:00:00+00:00,175.7409885,91.00896
2024-07-15 23:00:00+00:00,129.46132816666668,75.42883
2024-07-16 00:00:00+00:00,85.10802891666667,61.295994
2024-07-16 01:00:00+00:00,61.16021125,47.957325
2024-07-16 02:00:00+00:00,40.86529458333333,37.911953
2024-07-16 03:00:00+00:00,31.467377916666667,30.540264
2024-07-16 04:00:00+00:00,28.808677083333333,24.184074
2024-07-16 05:00:00+00:00,23.606484750000003,18.260374
2024-07-16 06:00:00+00:00,21.170777166666667,14.111385
2024-07-16 07:00:00+00:00,19.80487833333334,12.331413
2024-07-16 08:00:00+00:00,19.24506941666667,12.658161
2024-07-16 09:00:00+00:00,21.10204966666667,15.207043
2024-07-16 10:00:00+00:00,26.342549749999996,20.681755
2024-07-16 11:00:00+00:00,25.886551333333333,25.367601
2024-07-16 12:00:00+00:00,28.934328999999998,31.95424
2024-07-16 13:00:00+00:00,33.346964666666665,40.447166
2024-07-16 14:00:00+00:00,38.66140216666667,51.44658
2024-07-16 15:00:00+00:00,55.250040416666664,62.51442
2024-07-16 16:00:00+00:00,68.68370341666666,75.89812
2024-07-16 17:00:00+00:00,77.3035765,95.50813
2024-07-16 18:00:00+00:00,101.30111991666666,121.87981
2024-07-16 19:00:00+00:00,126.62947783333334,143.76501
2024-07-16 20:00:00+00:00,148.67280533333334,156.5784
2024-07-16 21:00:00+00:00,159.9810695,148.56628
2024-07-16 22:00:00+00:00,140.010664,120.44976
2024-07-16 23:00:00+00:00,96.1067855,90.302475
2024-07-17 00:00:00+00:00,75.05004641666666,68.46179
2024-07-17 01:00:00+00:00,58.04512466666667,51.508102
2024-07-17 02:00:00+00:00,39.61485966666667,39.376125
2024-07-17 03:00:00+00:00,31.605006666666668,29.847166
2024-07-17 04:00:00+00:00,30.71046258333334,27.093416
2024-07-17 05:00:00+00:00,27.579757333333333,23.479698
2024-07-17 06:00:00+00:00,23.16087075,21.550749
2024-07-17 07:00:00+00:00,20.441276500000004,20.160769
2024-07-17 08:00:00+00:00,19.847177500000004,19.459324
2024-07-17 09:00:00+00:00,23.158014249999997,23.181343
2024-07-17 10:00:00+00:00,25.864940083333334,27.170296
2024-07-17 11:00:00+00:00,26.677732250000002,27.120611
2024-07-17 12:00:00+00:00,28.890170166666667,29.621506
2024-07-17 13:00:00+00:00,32.716629833333336,35.208534
2024-07-17 14:00:00+00:00,35.803166583333336,40.71769
2024-07-17 15:00:00+00:00,41.05847716666667,47.89992
2024-07-17 16:00:00+00:00,47.60109166666666,56.0757
2024-07-17 17:00:00+00:00,60.014474416666665,65.506744
2024-07-17 18:00:00+00:00,63.974672166666664,77.519455
2024-07-17 19:00:00+00:00,69.86626416666667,95.18237
2024-07-17 20:00:00+00:00,75.46520625000001,111.69415
2024-07-17 21:00:00+00:00,70.06092608333334,111.89221
2024-07-17 22:00:00+00:00,56.68885866666667,96.12111
2024-07-17 23:00:00+00:00,44.970843333333335,76.77595
2024-07-18 00:00:00+00:00,39.8602845,61.309704
2024-07-18 01:00:00+00:00,35.97924925,47.05143
2024-07-18 02:00:00+00:00,30.166282499999998,35.48072
2024-07-18 03:00:00+00:00,25.400113583333333,27.720764
2024-07-18 04:00:00+00:00,26.96138408333333,23.919334
2024-07-18 05:00:00+00:00,21.934778833333336,21.849485
2024-07-18 06:00:00+00:00,16.8204095,19.385696
2024-07-18 07:00:00+00:00,16.241241249999998,17.4705
2024-07-18 08:00:00+00:00,17.090959166666668,16.225931
2024-07-18 09:00:00+00:00,20.1600705,15.889759
2024-07-18 10:00:00+00:00,22.217586,17.84484
2024-07-18 11:00:00+00:00,25.5151955,20.456985
2024-07-18 12:00:00+00:00,27.621450916666664,22.658773
2024-07-18 13:00:00+00:00,29.843494250000003,25.88703
2024-07-18 14:00:00+00:00,32.379273000000005,29.79301
2024-07-18 15:00:00+00:00,35.60136466666666,33.183304
2024-07-18 16:00:00+00:00,35.400322583333335,36.568535
2024-07-18 17:00:00+00:00,38.461674,41.912205
2024-07-18 18:00:00+00:00,38.857787333333334,48.004166
2024-07-18 19:00:00+00:00,40.46054616666667,51.862278
2024-07-18 20:00:00+00:00,44.6994975,54.533638
2024-07-18 21:00:00+00:00,46.869673833333344,56.364876
2024-07-18 22:00:00+00:00,43.21650033333333,52.264492
2024-07-18 23:00:00+00:00,39.7694675,45.505795
2024-07-19 00:00:00+00:00,37.85631108333333,40.74755
2024-07-19 01:00:00+00:00,35.25454383333334,34.278316
2024-07-19 02:00:00+00:00,26.898156500000002,27.17262
2024-07-19 03:00:00+00:00,24.50792041666667,24.391869
2024-07-19 04:00:00+00:00,19.0145005,21.897228
2024-07-19 05:00:00+00:00,18.452857249999997,20.562109
2024-07-19 06:00:00+00:00,14.954659416666667,19.036306
2024-07-19 07:00:00+00:00,14.534167000000002,16.808651
2024-07-19 08:00:00+00:00,15.389524333333334,15.3798275
2024-07-19 09:00:00+00:00,16.7453705,15.192982
2024-07-19 10:00:00+00:00,18.854575333333333,17.881083
2024-07-19 11:00:00+00:00,18.17357,21.176239
2024-07-19 12:00:00+00:00,18.07906041666667,21.69052
2024-07-19 13:00:00+00:00,20.361488666666666,22.797552
2024-07-19 14:00:00+00:00,22.30625041666667,24.787598
2024-07-19 15:00:00+00:00,27.35213333333333,25.495531
2024-07-19 16:00:00+00:00,28.997605250000003,25.784203
2024-07-19 17:00:00+00:00,31.568535083333334,28.738943
2024-07-19 18:00:00+00:00,34.358084166666664,31.725826
2024-07-19 19:00:00+00:00,37.53145525,32.676033
2024-07-19 20:00:00+00:00,42.259273583333325,34.934204
2024-07-19 21:00:00+00:00,47.12208808333333,37.904922
2024-07-19 22:00:00+00:00,41.885491583333334,36.770924
2024-07-19 23:00:00+00:00,37.54116666666666,35.585255
2024-07-20 00:00:00+00:00,33.0813375,35.414444
2024-07-20 01:00:00+00:00,30.63849025,31.547478
2024-07-20 02:00:00+00:00,25.909098916666668,26.733873
2024-07-20 03:00:00+00:00,22.779205750000003,24.796553
2024-07-20 04:00:00+00:00,22.438007499999998,21.22441
2024-07-20 05:00:00+00:00,21.6037705,18.951294
2024-07-20 06:00:00+00:00,18.30548775,15.446131
2024-07-20 07:00:00+00:00,14.658785083333333,12.687744
2024-07-20 08:00:00+00:00,15.277210833333333,11.845459
2024-07-20 09:00:00+00:00,15.808219000000003,10.669689
2024-07-20 10:00:00+00:00,16.407431499999998,10.38805
2024-07-20 11:00:00+00:00,16.599208416666666,12.0893135
2024-07-20 12:00:00+00:00,19.546462500000004,13.610323
2024-07-20 13:00:00+00:00,21.48950533333333,16.052912
2024-07-20 14:00:00+00:00,24.149667249999997,19.546795
2024-07-20 15:00:00+00:00,28.107549416666668,22.525578
2024-07-20 16:00:00+00:00,30.940804666666665,24.866793
2024-07-20 17:00:00+00:00,31.306154416666665,29.4514
2024-07-20 18:00:00+00:00,32.49115191666667,36.149765
2024-07-20 19:00:00+00:00,35.06720491666667,40.8037
2024-07-20 20:00:00+00:00,37.711033,44.366753
2024-07-20 21:00:00+00:00,40.165276,48.04964
2024-07-20 22:00:00+00:00,39.68955883333333,48.96378
2024-07-20 23:00:00+00:00,35.59702908333333,44.512676
2024-07-21 00:00:00+00:00,32.4859745,39.694416
2024-07-21 01:00:00+00:00,32.56526216666666,34.188107
2024-07-21 02:00:00+00:00,25.414860083333334,27.80512
2024-07-21 03:00:00+00:00,24.04598841666667,22.369713
2024-07-21 04:00:00+00:00,17.056676083333333,23.214495
2024-07-21 05:00:00+00:00,15.994885749999998,20.936028
2024-07-21 06:00:00+00:00,13.25734175,21.362057
2024-07-21 07:00:00+00:00,11.653590416666667,21.15754
2024-07-21 08:00:00+00:00,11.115629750000002,21.158068
2024-07-21 09:00:00+00:00,12.327722666666666,22.016588
2024-07-21 10:00:00+00:00,11.907161916666666,23.194588
2024-07-21 11:00:00+00:00,11.182925416666668,24.100147
2024-07-21 12:00:00+00:00,14.025465999999998,25.977562
2024-07-21 13:00:00+00:00,16.93126133333334,28.775023
2024-07-21 14:00:00+00:00,19.48390158333333,30.832
2024-07-21 15:00:00+00:00,25.281566666666667,33.814087
2024-07-21 16:00:00+00:00,31.7129315,35.912407
2024-07-21 17:00:00+00:00,34.03374933333333,36.378178
2024-07-21 18:00:00+00:00,35.149742833333335,39.500908
2024-07-21 19:00:00+00:00,39.25438641666667,45.00426
2024-07-21 20:00:00+00:00,46.24298091666666,48.62129
2024-07-21 21:00:00+00:00,54.966956333333336,51.829678
2024-07-21 22:00:00+00:00,52.156099916666676,52.52575
2024-07-21 23:00:00+00:00,42.927003000000006,47.499603
2024-07-22 00:00:00+00:00,37.167966166666666,41.18786
2024-07-22 01:00:00+00:00,35.05830983333333,36.074745
2024-07-22 02:00:00+00:00,27.769756916666665,32.18981
2024-07-22 03:00:00+00:00,24.27927975,27.071808
2024-07-22 04:00:00+00:00,21.712484166666666,21.111135
2024-07-22 05:00:00+00:00,19.782885333333336,19.044643
2024-07-22 06:00:00+00:00,16.240577,18.143814
2024-07-22 07:00:00+00:00,14.8519615,17.852856
2024-07-22 08:00:00+00:00,15.376206833333333,17.236996
2024-07-22 09:00:00+00:00,18.512092833333337,17.711863
2024-07-22 10:00:00+00:00,22.66212075,20.751091
2024-07-22 11:00:00+00:00,25.087661833333332,22.05258
2024-07-22 12:00:00+00:00,27.32457583333333,22.718634
2024-07-22 13:00:00+00:00,30.707887,25.898317
2024-07-22 14:00:00+00:00,35.65843725,30.575836
2024-07-22 15:00:00+00:00,39.64616183333333,34.140858
2024-07-22 16:00:00+00:00,43.09415741666667,37.853386
2024-07-22 17:00:00+00:00,43.13842941666667,42.0568
2024-07-22 18:00:00+00:00,45.83869216666667,45.694805
2024-07-22 19:00:00+00:00,50.07463224999999,48.47562
2024-07-22 20:00:00+00:00,54.38717558333334,52.416557
2024-07-22 21:00:00+00:00,63.8892885,56.37843
2024-07-22 22:00:00+00:00,50.80380575,53.36373
2024-07-22 23:00:00+00:00,44.79555491666667,46.57435
2024-07-23 00:00:00+00:00,41.96339675,41.506985
2024-07-23 01:00:00+00:00,41.22182525,35.866196
2024-07-23 02:00:00+00:00,32.51923225,27.66678
2024-07-23 03:00:00+00:00,26.014971250000002,21.690535
2024-07-23 04:00:00+00:00,24.73840241666667,22.728931
2024-07-23 05:00:00+00:00,22.252848916666665,19.603678
2024-07-23 06:00:00+00:00,18.020509833333335,16.909481
2024-07-23 07:00:00+00:00,16.007507750000002,15.721987
2024-07-23 08:00:00+00:00,16.344423916666667,15.385794
2024-07-23 09:00:00+00:00,21.075351583333333,16.954214
2024-07-23 10:00:00+00:00,23.45856308333333,21.643345
2024-07-23 11:00:00+00:00,24.032879750000003,25.582005
2024-07-23 12:00:00+00:00,25.602003,27.195574
2024-07-23 13:00:00+00:00,27.804151,30.51327
2024-07-23 14:00:00+00:00,32.43853408333333,36.156624
2024-07-23 15:00:00+00:00,38.99144941666667,40.909527
2024-07-23 16:00:00+00:00,44.43459325,44.55069
2024-07-23 17:00:00+00:00,50.03924025,48.010895
2024-07-23 18:00:00+00:00,57.25944175,51.663506
2024-07-23 19:00:00+00:00,62.021130666666664,54.798187
2024-07-23 20:00:00+00:00,74.21018558333334,58.065292
2024-07-23 21:00:00+00:00,91.19769208333332,60.39768
2024-07-23 22:00:00+00:00,76.905301,55.51031
2024-07-23 23:00:00+00:00,59.4163265,47.937313
2024-07-24 00:00:00+00:00,52.21397283333334,42.814568
2024-07-24 01:00:00+00:00,52.16819475,37.463943
2024-07-24 02:00:00+00:00,40.86431925,30.586859
2024-07-24 03:00:00+00:00,32.322351833333336,24.551088
2024-07-24 04:00:00+00:00,29.272110833333333,28.185371
2024-07-24 05:00:00+00:00,22.669978666666665,24.610115
2024-07-24 06:00:00+00:00,20.34475041666667,21.357193
2024-07-24 07:00:00+00:00,18.085072583333336,18.775951
2024-07-24 08:00:00+00:00,17.970870333333337,17.771067
2024-07-24 09:00:00+00:00,23.99771275,20.094898
2024-07-24 10:00:00+00:00,23.689036,23.707876
2024-07-24 11:00:00+00:00,28.765547833333336,25.18056
2024-07-24 12:00:00+00:00,31.330686249999996,27.56152
2024-07-24 13:00:00+00:00,36.242663416666666,31.009539
2024-07-24 14:00:00+00:00,36.61293366666666,35.254093
2024-07-24 15:00:00+00:00,44.279699,40.06169
2024-07-24 16:00:00+00:00,43.80423216666667,45.091064
2024-07-24 17:00:00+00:00,48.95186041666667,51.11912
2024-07-24 18:00:00+00:00,53.12647449999999,58.18426
2024-07-24 19:00:00+00:00,55.378165833333334,67.158295
2024-07-24 20:00:00+00:00,61.72552508333333,78.652374
2024-07-24 21:00:00+00:00,66.63799725,84.07529
2024-07-24 22:00:00+00:00,59.53801433333334,75.27982
2024-07-24 23:00:00+00:00,47.25429975000001,62.168118
2024-07-25 00:00:00+00:00,44.04263716666667,52.829155
2024-07-25 01:00:00+00:00,41.257431000000004,45.791615
2024-07-25 02:00:00+00:00,34.17288683333334,38.61899
2024-07-25 03:00:00+00:00,30.033260750000004,32.168076
2024-07-25 04:00:00+00:00,26.3238065,27.141333
2024-07-25 05:00:00+00:00,21.54333875,24.744316
2024-07-25 06:00:00+00:00,18.573188083333335,22.130898
2024-07-25 07:00:00+00:00,16.647318833333337,20.471718
2024-07-25 08:00:00+00:00,17.08796883333333,20.199083
2024-07-25 09:00:00+00:00,20.697610333333333,22.295292
2024-07-25 10:00:00+00:00,23.55483608333333,26.040081
2024-07-25 11:00:00+00:00,26.86377208333333,28.66756
2024-07-25 12:00:00+00:00,28.172268333333335,31.252495
2024-07-25 13:00:00+00:00,29.352560750000002,34.659668
2024-07-25 14:00:00+00:00,29.74940366666667,38.162952
2024-07-25 15:00:00+00:00,36.435637166666666,40.858284
2024-07-25 16:00:00+00:00,37.36374983333333,43.50555
2024-07-25 17:00:00+00:00,39.310481583333335,45.725418
2024-07-25 18:00:00+00:00,39.826469583333335,47.246387
2024-07-25 19:00:00+00:00,41.742996000000005,50.36321
2024-07-25 20:00:00+00:00,48.89879091666666,55.143463
2024-07-25 21:00:00+00:00,52.88660483333334,57.164932
2024-07-25 22:00:00+00:00,44.48061533333333,53.38645
2024-07-25 23:00:00+00:00,40.380643416666665,47.49201
2024-07-26 00:00:00+00:00,38.387824916666666,43.189537
2024-07-26 01:00:00+00:00,36.45859591666667,38.296535
2024-07-26 02:00:00+00:00,25.670935083333333,32.70662
2024-07-26 03:00:00+00:00,21.789818916666665,28.673565
2024-07-26 04:00:00+00:00,18.003425750000005,19.500216
2024-07-26 05:00:00+00:00,16.98287525,17.49607
2024-07-26 06:00:00+00:00,12.4871775,15.71916
2024-07-26 07:00:00+00:00,11.553606666666667,14.616547
2024-07-26 08:00:00+00:00,11.736082000000001,14.425493
2024-07-26 09:00:00+00:00,14.800869833333335,15.539906
2024-07-26 10:00:00+00:00,17.892146750000002,18.133833
2024-07-26 11:00:00+00:00,19.743928999999998,19.761074
2024-07-26 12:00:00+00:00,21.119113333333335,20.84639
2024-07-26 13:00:00+00:00,23.197625583333334,22.70638
2024-07-26 14:00:00+00:00,23.059830083333335,24.900967
2024-07-26 15:00:00+00:00,27.618860499999997,26.704618
2024-07-26 16:00:00+00:00,30.173187416666668,28.264862
2024-07-26 17:00:00+00:00,32.169608833333335,30.010979
2024-07-26 18:00:00+00:00,34.18689083333333,31.828703
2024-07-26 19:00:00+00:00,36.23278425,34.405777
2024-07-26 20:00:00+00:00,44.632223333333336,38.5001
2024-07-26 21:00:00+00:00,48.672855999999996,42.0048
2024-07-26 22:00:00+00:00,44.91085,39.918446
2024-07-26 23:00:00+00:00,40.60906358333333,35.157066
2024-07-27 00:00:00+00:00,33.49589816666667,32.276882
2024-07-27 01:00:00+00:00,31.236833,28.78397
2024-07-27 02:00:00+00:00,25.57543683333333,24.266495
2024-07-27 03:00:00+00:00,20.18813675,20.759916
2024-07-27 04:00:00+00:00,15.866220750000005,18.399818
2024-07-27 05:00:00+00:00,13.857087166666666,16.22254
2024-07-27 06:00:00+00:00,12.097579083333335,14.090027
2024-07-27 07:00:00+00:00,11.180749083333334,12.62501
2024-07-27 08:00:00+00:00,10.665459583333334,12.259016
2024-07-27 09:00:00+00:00,10.07894375,13.4761505
2024-07-27 10:00:00+00:00,10.496988,15.678507
2024-07-27 11:00:00+00:00,11.204645999999999,17.053745
2024-07-27 12:00:00+00:00,12.516994500000001,18.503302
2024-07-27 13:00:00+00:00,15.231685916666663,21.054907
2024-07-27 14:00:00+00:00,17.203479416666667,23.941536
2024-07-27 15:00:00+00:00,22.12190983333333,26.507862
2024-07-27 16:00:00+00:00,25.53796091666667,29.363615
2024-07-27 17:00:00+00:00,26.999402,32.414692
2024-07-27 18:00:00+00:00,29.201430333333334,35.27701
2024-07-27 19:00:00+00:00,33.1933475,38.941605
2024-07-27 20:00:00+00:00,40.631352,44.331306
2024-07-27 21:00:00+00:00,42.400164666666676,47.493263
2024-07-27 22:00:00+00:00,42.71975441666666,44.911713
2024-07-27 23:00:00+00:00,37.23694641666666,39.87336
2024-07-28 00:00:00+00:00,32.71965075,35.790874
2024-07-28 01:00:00+00:00,29.310328833333333,31.025417
2024-07-28 02:00:00+00:00,23.885934583333334,25.741068
2024-07-28 03:00:00+00:00,18.719999,21.504274
2024-07-28 04:00:00+00:00,15.882838583333333,16.155205
2024-07-28 05:00:00+00:00,15.299618249999998,13.689428
2024-07-28 06:00:00+00:00,12.25468025,11.822493
2024-07-28 07:00:00+00:00,11.396248083333333,10.892441
2024-07-28 08:00:00+00:00,10.066889583333333,10.248871
2024-07-28 09:00:00+00:00,10.545880083333333,10.427206
2024-07-28 10:00:00+00:00,10.407309249999997,12.115503
2024-07-28 11:00:00+00:00,10.065535500000001,14.0062275
2024-07-28 12:00:00+00:00,11.192215333333333,16.20025
2024-07-28 13:00:00+00:00,14.050872000000002,19.920135
2024-07-28 14:00:00+00:00,17.99422291666667,23.62096
2024-07-28 15:00:00+00:00,22.538680499999998,27.374529
2024-07-28 16:00:00+00:00,27.316085083333334,31.411646
2024-07-28 17:00:00+00:00,30.445977583333338,35.582165
2024-07-28 18:00:00+00:00,31.0295045,39.975975
2024-07-28 19:00:00+00:00,35.91346525,43.986355
2024-07-28 20:00:00+00:00,42.52452366666667,48.707497
2024-07-28 21:00:00+00:00,52.747480333333336,52.69722
2024-07-28 22:00:00+00:00,48.81506541666667,50.95615
2024-07-28 23:00:00+00:00,40.14381208333334,44.43561
2024-07-29 00:00:00+00:00,35.32060125,38.207623
2024-07-29 01:00:00+00:00,33.06613225,31.723919
2024-07-29 02:00:00+00:00,25.473406916666665,26.042088
2024-07-29 03:00:00+00:00,24.157155916666667,21.09899
2024-07-29 04:00:00+00:00,21.200952416666667,21.236343
2024-07-29 05:00:00+00:00,18.275032416666665,18.022072
2024-07-29 06:00:00+00:00,15.828992666666668,15.2434025
2024-07-29 07:00:00+00:00,14.102229666666666,13.740368
2024-07-29 08:00:00+00:00,14.735210666666667,13.078617
2024-07-29 09:00:00+00:00,18.53538575,13.970716
2024-07-29 10:00:00+00:00,20.80501041666666,16.370586
2024-07-29 11:00:00+00:00,24.290186583333334,18.200449
2024-07-29 12:00:00+00:00,23.751302749999997,20.147526
2024-07-29 13:00:00+00:00,29.819464,24.28424
2024-07-29 14:00:00+00:00,31.009758916666666,28.58051
2024-07-29 15:00:00+00:00,36.20256441666667,32.83032
2024-07-29 16:00:00+00:00,40.15135733333333,37.33498
2024-07-29 17:00:00+00:00,41.460394916666665,41.969482
2024-07-29 18:00:00+00:00,42.555921250000004,46.24303
2024-07-29 19:00:00+00:00,49.44930216666666,50.615944
2024-07-29 20:00:00+00:00,57.989923916666676,57.231613
2024-07-29 21:00:00+00:00,66.60390133333333,61.35017
2024-07-29 22:00:00+00:00,57.18640175,56.460392
2024-07-29 23:00:00+00:00,46.021376583333335,48.572327
2024-07-30 00:00:00+00:00,40.789504083333334,42.849174
2024-07-30 01:00:00+00:00,38.650968666666664,36.758446
2024-07-30 02:00:00+00:00,30.196139083333332,30.663504
2024-07-30 03:00:00+00:00,26.94374075,25.682625
2024-07-30 04:00:00+00:00,25.020007750000005,23.993906
2024-07-30 05:00:00+00:00,20.37493991666667,21.000757
2024-07-30 06:00:00+00:00,18.29799925,18.234283
2024-07-30 07:00:00+00:00,16.62381875,16.180729
2024-07-30 08:00:00+00:00,16.558666333333335,15.429089
2024-07-30 09:00:00+00:00,20.125883416666667,16.91957
2024-07-30 10:00:00+00:00,24.22434983333334,20.583149
2024-07-30 11:00:00+00:00,26.74236725,23.517965
2024-07-30 12:00:00+00:00,29.421726083333336,25.36573
2024-07-30 13:00:00+00:00,31.683201999999998,27.484959
2024-07-30 14:00:00+00:00,32.48456658333333,30.89405
2024-07-30 15:00:00+00:00,37.42789575,33.727837
2024-07-30 16:00:00+00:00,42.6420955,36.47434
2024-07-30 17:00:00+00:00,44.221097416666666,39.616875
2024-07-30 18:00:00+00:00,44.986588916666676,43.244534
2024-07-30 19:00:00+00:00,54.32668116666667,47.203773
2024-07-30 20:00:00+00:00,64.41207633333333,53.947823
2024-07-30 21:00:00+00:00,81.09001033333334,59.649094
2024-07-30 22:00:00+00:00,71.76705758333334,55.593277
2024-07-30 23:00:00+00:00,56.13129308333333,47.348434
2024-07-31 00:00:00+00:00,45.14252058333333,41.80292
2024-07-31 01:00:00+00:00,41.93309325,37.549973
2024-07-31 02:00:00+00:00,35.92307575,32.133327
2024-07-31 03:00:00+00:00,30.976489833333336,27.002962
2024-07-31 04:00:00+00:00,30.859855003333333,27.123951
2024-07-31 05:00:00+00:00,30.74322017333333,24.212847
2024-07-31 06:00:00+00:00,30.626585343333332,21.09196
2024-08-01 04:00:00+00:00,28.060619083333336,19.153084
2024-08-01 05:00:00+00:00,25.30511283333334,18.351974
2024-08-01 06:00:00+00:00,20.188120916666666,21.001144
2024-08-01 07:00:00+00:00,18.457283333333336,26.283464
2024-08-01 08:00:00+00:00,19.443269666666666,28.38857
2024-08-01 09:00:00+00:00,22.110174999999998,29.626446
2024-08-01 10:00:00+00:00,24.8769445,32.08974
2024-08-01 11:00:00+00:00,25.98084658333333,35.2636
2024-08-01 12:00:00+00:00,27.28264575,38.747017
2024-08-01 13:00:00+00:00,31.011793583333333,42.240616
2024-08-01 14:00:00+00:00,37.0111885,46.553623
2024-08-01 15:00:00+00:00,44.76654691666667,51.101303
2024-08-01 16:00:00+00:00,53.98632275,56.0896
2024-08-01 17:00:00+00:00,64.76172566666666,66.85458
2024-08-01 18:00:00+00:00,73.43759725,75.94356
2024-08-01 19:00:00+00:00,94.29416058333334,70.11066
2024-08-01 20:00:00+00:00,114.33659333333333,57.834614
2024-08-01 21:00:00+00:00,127.98420925,49.102383
2024-08-01 22:00:00+00:00,108.39571483333333,42.74047
2024-08-01 23:00:00+00:00,76.42066791666667,36.252052
2024-08-02 00:00:00+00:00,56.641623833333334,30.653702
2024-08-02 01:00:00+00:00,52.50732791666667,48.05173
2024-08-02 02:00:00+00:00,42.26057866666667,40.30082
2024-08-02 03:00:00+00:00,35.55678258333334,32.775135
2024-08-02 04:00:00+00:00,32.24754741666667,27.301182
2024-08-02 05:00:00+00:00,25.769940083333335,23.048973
2024-08-02 06:00:00+00:00,21.603421,20.245262
2024-08-02 07:00:00+00:00,19.397908583333333,17.500057
2024-08-02 08:00:00+00:00,18.464579083333334,17.676872
2024-08-02 09:00:00+00:00,20.70452675,19.280983
2024-08-02 10:00:00+00:00,27.085818333333336,20.288319
2024-08-02 11:00:00+00:00,26.44627158333333,21.577003
2024-08-02 12:00:00+00:00,29.84136666666667,23.38884
2024-08-02 13:00:00+00:00,31.4675495,26.684637
2024-08-02 14:00:00+00:00,35.715998,31.564741
2024-08-02 15:00:00+00:00,45.58287691666667,38.49789
2024-08-02 16:00:00+00:00,50.294916416666666,47.79031
2024-08-02 17:00:00+00:00,60.78553025,58.973976
2024-08-02 18:00:00+00:00,69.96434108333334,71.31474
2024-08-02 19:00:00+00:00,81.32324658333333,86.63171
2024-08-02 20:00:00+00:00,92.09235158333333,97.3232
2024-08-02 21:00:00+00:00,85.27810333333333,97.84208
2024-08-02 22:00:00+00:00,67.09201391666666,83.28927
2024-08-02 23:00:00+00:00,54.46237441666668,63.38798
2024-08-03 00:00:00+00:00,48.14728416666666,49.68432
2024-08-03 01:00:00+00:00,42.96393883333333,41.936344
2024-08-03 02:00:00+00:00,36.28324991666667,37.296963
2024-08-03 03:00:00+00:00,31.550478666666667,31.723059
2024-08-03 04:00:00+00:00,28.400879,27.308895
2024-08-03 05:00:00+00:00,26.77794466666667,24.744465
2024-08-03 06:00:00+00:00,21.98197383333333,22.143656
2024-08-03 07:00:00+00:00,18.93092175,20.276958
2024-08-03 08:00:00+00:00,17.176971833333333,19.940802
2024-08-03 09:00:00+00:00,17.59954925,19.488297
2024-08-03 10:00:00+00:00,18.383301833333334,18.824673
2024-08-03 11:00:00+00:00,19.014881333333335,18.821507
2024-08-03 12:00:00+00:00,22.751654583333334,20.598677
2024-08-03 13:00:00+00:00,27.462622499999995,23.377487
2024-08-03 14:00:00+00:00,31.146081416666664,26.637459
2024-08-03 15:00:00+00:00,38.30570058333333,30.49081
2024-08-03 16:00:00+00:00,40.536728333333336,35.160664
2024-08-03 17:00:00+00:00,43.97645250000001,39.499626
2024-08-03 18:00:00+00:00,46.136124416666675,45.29871
2024-08-03 19:00:00+00:00,53.836251583333336,50.31166
2024-08-03 20:00:00+00:00,62.08319041666666,52.19654
2024-08-03 21:00:00+00:00,64.51713683333334,50.667686
2024-08-03 22:00:00+00:00,57.76584766666667,45.46209
2024-08-03 23:00:00+00:00,47.77591233333334,39.59801
2024-08-04 00:00:00+00:00,41.57429066666666,36.748924
2024-08-04 01:00:00+00:00,38.55311558333333,37.909645
2024-08-04 02:00:00+00:00,31.812666999999998,35.04673
2024-08-04 03:00:00+00:00,27.90706133333333,30.475842
2024-08-04 04:00:00+00:00,20.5675685,25.040215
2024-08-04 05:00:00+00:00,19.456100250000002,21.925797
2024-08-04 06:00:00+00:00,15.46432408333333,18.980402
2024-08-04 07:00:00+00:00,13.961826583333334,15.467766
2024-08-04 08:00:00+00:00,13.6083425,13.406185
2024-08-04 09:00:00+00:00,14.000332333333334,13.098991
2024-08-04 10:00:00+00:00,14.012786666666665,13.831505
2024-08-04 11:00:00+00:00,12.29817525,15.463099
2024-08-04 12:00:00+00:00,14.740403166666669,17.819155
2024-08-04 13:00:00+00:00,19.935247416666666,20.087511
2024-08-04 14:00:00+00:00,23.536162916666665,23.143784
2024-08-04 15:00:00+00:00,31.978762583333335,27.679808
2024-08-04 16:00:00+00:00,34.42554058333334,32.01346
2024-08-04 17:00:00+00:00,38.1450155,35.725704
2024-08-04 18:00:00+00:00,40.08995025,40.99775
2024-08-04 19:00:00+00:00,43.19580358333334,46.65457
2024-08-04 20:00:00+00:00,53.37777083333333,49.95931
2024-08-04 21:00:00+00:00,63.27393466666666,51.646996
2024-08-04 22:00:00+00:00,63.136728416666664,49.240173
2024-08-04 23:00:00+00:00,51.44324666666666,44.29192
2024-08-05 00:00:00+00:00,42.217032666666675,40.068558
2024-08-05 01:00:00+00:00,39.39057533333334,37.644287
2024-08-05 02:00:00+00:00,31.972401416666667,31.459095
2024-08-05 03:00:00+00:00,27.83123375,26.431292
2024-08-05 04:00:00+00:00,18.82120116666667,23.023941
2024-08-05 05:00:00+00:00,16.16610808333333,19.93845
2024-08-05 06:00:00+00:00,13.894419083333332,17.600513
2024-08-05 07:00:00+00:00,12.228153166666667,16.14702
2024-08-05 08:00:00+00:00,12.6186595,16.88087
2024-08-05 09:00:00+00:00,14.296081000000001,19.290037
2024-08-05 10:00:00+00:00,17.804616749999997,22.806297
2024-08-05 11:00:00+00:00,20.418029583333333,25.983799
2024-08-05 12:00:00+00:00,21.702379333333337,28.394218
2024-08-05 13:00:00+00:00,26.726274500000002,32.450924
2024-08-05 14:00:00+00:00,33.32962925,37.222485
2024-08-05 15:00:00+00:00,41.98811425,42.58308
2024-08-05 16:00:00+00:00,43.021365583333335,48.16305
2024-08-05 17:00:00+00:00,54.121557583333335,55.132698
2024-08-05 18:00:00+00:00,65.47151083333334,62.529358
2024-08-05 19:00:00+00:00,79.54614283333333,69.3102
2024-08-05 20:00:00+00:00,86.36760833333334,77.13352
2024-08-05 21:00:00+00:00,100.55983816666667,82.969376
2024-08-05 22:00:00+00:00,93.38106991666666,76.94516
2024-08-05 23:00:00+00:00,72.48482691666668,64.93323
2024-08-06 00:00:00+00:00,51.279455833333344,53.827305
2024-08-06 01:00:00+00:00,40.47621808333333,42.287693
2024-08-06 02:00:00+00:00,32.151461833333336,36.00718
2024-08-06 03:00:00+00:00,29.09975125,29.486534
2024-08-06 04:00:00+00:00,26.0402155,24.108696
2024-08-06 05:00:00+00:00,21.52669016666667,20.407476
2024-08-06 06:00:00+00:00,18.069766250000004,17.817108
2024-08-06 07:00:00+00:00,16.691521583333333,17.559275
2024-08-06 08:00:00+00:00,16.218582916666666,20.394567
2024-08-06 09:00:00+00:00,19.55904333333333,21.720234
2024-08-06 10:00:00+00:00,25.377170000000003,22.680462
2024-08-06 11:00:00+00:00,27.034468833333335,25.364079
2024-08-06 12:00:00+00:00,27.930518583333335,28.461708
2024-08-06 13:00:00+00:00,31.914936,33.904533
2024-08-06 14:00:00+00:00,32.20866458333333,40.797283
2024-08-06 15:00:00+00:00,38.652156,46.86969
2024-08-06 16:00:00+00:00,40.37775166666666,54.06865
2024-08-06 17:00:00+00:00,45.76970575,64.18919
2024-08-06 18:00:00+00:00,53.93235333333333,75.97925
2024-08-06 19:00:00+00:00,57.09475091666667,83.82576
2024-08-06 20:00:00+00:00,64.29664925,89.91221
2024-08-06 21:00:00+00:00,63.4992805,95.048164
2024-08-06 22:00:00+00:00,54.48723733333333,85.45627
2024-08-06 23:00:00+00:00,45.71751691666667,68.45695
2024-08-07 00:00:00+00:00,42.27749816666667,56.682377
2024-08-07 01:00:00+00:00,35.8427625,35.209038
2024-08-07 02:00:00+00:00,27.233867333333333,29.514523
2024-08-07 03:00:00+00:00,23.276752166666665,24.488443
2024-08-07 04:00:00+00:00,23.619461,21.412676
2024-08-07 05:00:00+00:00,19.796913583333332,19.545298
2024-08-07 06:00:00+00:00,17.078018,17.158466
2024-08-07 07:00:00+00:00,15.818435583333335,15.900326
2024-08-07 08:00:00+00:00,16.426676333333333,16.971453
2024-08-07 09:00:00+00:00,19.650366083333335,19.390009
2024-08-07 10:00:00+00:00,23.370530249999998,22.82261
2024-08-07 11:00:00+00:00,22.884642,25.390743
2024-08-07 12:00:00+00:00,25.241695583333332,26.501175
2024-08-07 13:00:00+00:00,27.80876075,27.433205
2024-08-07 14:00:00+00:00,28.88852433333333,29.093319
2024-08-07 15:00:00+00:00,30.87472625,31.254005
2024-08-07 16:00:00+00:00,30.73195241666667,33.106247
2024-08-07 17:00:00+00:00,33.150408,35.100956
2024-08-07 18:00:00+00:00,32.89320658333333,39.199352
2024-08-07 19:00:00+00:00,35.91657566666667,42.943794
2024-08-07 20:00:00+00:00,38.047114416666666,46.04393
2024-08-07 21:00:00+00:00,39.03758416666667,47.182823
2024-08-07 22:00:00+00:00,34.59992341666666,42.932404
2024-08-07 23:00:00+00:00,33.295695583333334,38.834843
2024-08-08 00:00:00+00:00,34.45220191666667,36.841217
2024-08-08 01:00:00+00:00,30.70476358333333,30.11176
2024-08-08 02:00:00+00:00,23.72376933333333,25.38895
2024-08-08 03:00:00+00:00,20.908810333333328,21.39665
2024-08-08 04:00:00+00:00,17.567928166666665,18.564009
2024-08-08 05:00:00+00:00,16.46992916666667,16.772242
2024-08-08 06:00:00+00:00,13.644936083333334,14.7921505
2024-08-08 07:00:00+00:00,13.592013333333334,13.733646
2024-08-08 08:00:00+00:00,14.045274666666666,14.481714
2024-08-08 09:00:00+00:00,16.19997841666667,15.576992
2024-08-08 10:00:00+00:00,23.301852666666665,16.38137
2024-08-08 11:00:00+00:00,21.586783916666665,16.523066
2024-08-08 12:00:00+00:00,22.647403666666662,17.663027
2024-08-08 13:00:00+00:00,25.376866166666673,19.361864
2024-08-08 14:00:00+00:00,27.262268000000002,20.885979
2024-08-08 15:00:00+00:00,31.54097891666667,22.656786
2024-08-08 16:00:00+00:00,35.461476499999996,24.140867
2024-08-08 17:00:00+00:00,35.57815591666667,25.836067
2024-08-08 18:00:00+00:00,39.23166066666666,28.771378
2024-08-08 19:00:00+00:00,43.71759558333333,32.35647
2024-08-08 20:00:00+00:00,43.45829483333333,37.065414
2024-08-08 21:00:00+00:00,43.682337749999995,39.612972
2024-08-08 22:00:00+00:00,40.641476833333336,38.628696
2024-08-08 23:00:00+00:00,36.089835416666666,37.410965
2024-08-09 00:00:00+00:00,35.48770733333333,36.627636
2024-08-09 01:00:00+00:00,31.88809675,32.319263
2024-08-09 02:00:00+00:00,27.138501416666667,26.445244
2024-08-09 03:00:00+00:00,25.722225249999997,22.425783
2024-08-09 04:00:00+00:00,22.914872583333334,19.440662
2024-08-09 05:00:00+00:00,21.095142499999998,16.562328
2024-08-09 06:00:00+00:00,18.566908500000004,14.193117
2024-08-09 07:00:00+00:00,18.026803166666667,12.702028
2024-08-09 08:00:00+00:00,18.209342,13.010447
2024-08-09 09:00:00+00:00,22.601991583333334,14.662081
2024-08-09 10:00:00+00:00,25.705111416666668,16.883385
2024-08-09 11:00:00+00:00,25.489199249999995,19.045889
2024-08-09 12:00:00+00:00,26.614082166666666,21.686192
2024-08-09 13:00:00+00:00,28.461174,24.90937
2024-08-09 14:00:00+00:00,29.043163250000006,28.01255
2024-08-09 15:00:00+00:00,31.071319166666665,31.169928
2024-08-09 16:00:00+00:00,31.094818333333336,34.151
2024-08-09 17:00:00+00:00,33.40101775,37.062737
2024-08-09 18:00:00+00:00,35.50895508333333,39.74806
2024-08-09 19:00:00+00:00,35.983917416666664,43.285217
2024-08-09 20:00:00+00:00,38.48376233333334,46.645348
2024-08-09 21:00:00+00:00,39.729351916666666,46.44859
2024-08-09 22:00:00+00:00,36.99709875,42.766582
2024-08-09 23:00:00+00:00,34.912205166666666,38.895504
2024-08-10 00:00:00+00:00,35.437552000000004,34.88683
2024-08-10 01:00:00+00:00,32.351748666666666,31.54172
2024-08-10 02:00:00+00:00,26.694366916666667,27.678122
2024-08-10 03:00:00+00:00,22.600881916666665,23.818445
2024-08-10 04:00:00+00:00,21.903889500000002,21.0318
2024-08-10 05:00:00+00:00,20.278197250000005,19.496021
2024-08-10 06:00:00+00:00,16.39674425,17.564589
2024-08-10 07:00:00+00:00,15.331492666666668,16.030546
2024-08-10 08:00:00+00:00,14.638934749999999,15.955841
2024-08-10 09:00:00+00:00,14.395955833333334,16.55966
2024-08-10 10:00:00+00:00,13.761908833333337,16.934208
2024-08-10 11:00:00+00:00,13.67225275,17.283596
2024-08-10 12:00:00+00:00,13.652570500000001,18.646526
2024-08-10 13:00:00+00:00,16.571512,20.586205
2024-08-10 14:00:00+00:00,18.957289333333335,22.368258
2024-08-10 15:00:00+00:00,19.38524866666667,24.000767
2024-08-10 16:00:00+00:00,22.259902416666666,25.038372
2024-08-10 17:00:00+00:00,24.154969166666664,26.292906
2024-08-10 18:00:00+00:00,25.466196083333333,28.306145
2024-08-10 19:00:00+00:00,29.247682333333334,30.83981
2024-08-10 20:00:00+00:00,34.79109008333334,34.12118
2024-08-10 21:00:00+00:00,41.69149066666667,36.503
2024-08-10 22:00:00+00:00,40.785252166666666,36.117104
2024-08-10 23:00:00+00:00,35.212740583333336,35.23567
2024-08-11 00:00:00+00:00,29.916927666666663,35.435158
2024-08-11 01:00:00+00:00,26.025322916666667,26.084217
2024-08-11 02:00:00+00:00,21.79456241666667,22.61169
2024-08-11 03:00:00+00:00,20.41429116666667,20.095856
2024-08-11 04:00:00+00:00,13.960752333333334,17.67282
2024-08-11 05:00:00+00:00,14.3704175,15.636741
2024-08-11 06:00:00+00:00,12.6856235,13.627903
2024-08-11 07:00:00+00:00,11.220963416666665,12.199181
2024-08-11 08:00:00+00:00,10.356839666666668,11.296434
2024-08-11 09:00:00+00:00,10.800768583333332,11.426527
2024-08-11 10:00:00+00:00,11.213424166666668,12.273729
2024-08-11 11:00:00+00:00,11.3130385,12.999418
2024-08-11 12:00:00+00:00,11.72239175,14.459595
2024-08-11 13:00:00+00:00,13.810406833333333,16.883055
2024-08-11 14:00:00+00:00,14.356554000000003,19.332653
2024-08-11 15:00:00+00:00,17.696524333333333,22.525162
2024-08-11 16:00:00+00:00,20.94875075,25.569227
2024-08-11 17:00:00+00:00,22.721220916666667,28.263916
2024-08-11 18:00:00+00:00,24.513494833333336,31.204416
2024-08-11 19:00:00+00:00,27.564500499999998,35.64309
2024-08-11 20:00:00+00:00,30.285499416666667,42.249863
2024-08-11 21:00:00+00:00,35.85252475,45.72379
2024-08-11 22:00:00+00:00,37.45433808333333,43.537666
2024-08-11 23:00:00+00:00,34.40652241666667,40.182976
2024-08-12 00:00:00+00:00,31.2497145,36.41328
2024-08-12 01:00:00+00:00,24.94311675,28.094057
2024-08-12 02:00:00+00:00,21.70516825,23.766602
2024-08-12 03:00:00+00:00,18.039966,19.788609
2024-08-12 04:00:00+00:00,14.863677916666665,17.246212
2024-08-12 05:00:00+00:00,15.501403166666668,15.8031
2024-08-12 06:00:00+00:00,13.376059333333332,13.738624
2024-08-12 07:00:00+00:00,12.086462833333334,11.984848
2024-08-12 08:00:00+00:00,12.807602416666667,11.397682
2024-08-12 09:00:00+00:00,13.635289166666665,12.551586
2024-08-12 10:00:00+00:00,19.64196466666667,15.899662
2024-08-12 11:00:00+00:00,18.31631383333334,18.681105
2024-08-12 12:00:00+00:00,18.264021000000003,19.95121
2024-08-12 13:00:00+00:00,19.25899025,21.702936
2024-08-12 14:00:00+00:00,21.97500425,23.960066
2024-08-12 15:00:00+00:00,24.35612533333333,26.434639
2024-08-12 16:00:00+00:00,26.407655833333333,28.597578
2024-08-12 17:00:00+00:00,32.17221991666667,30.918001
2024-08-12 18:00:00+00:00,32.78390983333333,33.910877
2024-08-12 19:00:00+00:00,36.199882333333335,36.402763
2024-08-12 20:00:00+00:00,42.871637416666665,40.93732
2024-08-12 21:00:00+00:00,52.6513905,45.57892
2024-08-12 22:00:00+00:00,47.556397000000004,44.383255
2024-08-12 23:00:00+00:00,41.28580208333332,40.11068
2024-08-13 00:00:00+00:00,35.99224341666667,35.635452
2024-08-13 01:00:00+00:00,30.26279141666667,30.124731
2024-08-13 02:00:00+00:00,23.47462391666667,24.987474
2024-08-13 03:00:00+00:00,20.936476583333334,20.34269
2024-08-13 04:00:00+00:00,18.691740833333334,17.168772
2024-08-13 05:00:00+00:00,16.534620666666665,15.069265
2024-08-13 06:00:00+00:00,14.280193583333334,12.9452
2024-08-13 07:00:00+00:00,13.069620583333332,11.38957
2024-08-13 08:00:00+00:00,13.501524833333335,11.463563
2024-08-13 09:00:00+00:00,17.467942833333336,13.464297
2024-08-13 10:00:00+00:00,20.963746333333333,16.659939
2024-08-13 11:00:00+00:00,18.222823916666666,18.267174
2024-08-13 12:00:00+00:00,18.779178,19.172073
2024-08-13 13:00:00+00:00,20.107373083333332,20.88898
2024-08-13 14:00:00+00:00,22.08281141666667,22.760647
2024-08-13 15:00:00+00:00,25.343469833333334,24.616486
2024-08-13 16:00:00+00:00,28.758283833333333,26.834194
2024-08-13 17:00:00+00:00,32.1509325,29.691406
2024-08-13 18:00:00+00:00,34.49118575,32.909885
2024-08-13 19:00:00+00:00,36.59696266666666,36.832558
2024-08-13 20:00:00+00:00,44.52456183333334,42.694897
2024-08-13 21:00:00+00:00,49.649292833333334,46.80204
2024-08-13 22:00:00+00:00,47.44091433333333,44.128372
2024-08-13 23:00:00+00:00,42.309309500000005,39.649746
2024-08-14 00:00:00+00:00,37.51679991666666,35.96882
2024-08-14 01:00:00+00:00,34.01110516666667,31.56864
2024-08-14 02:00:00+00:00,26.91805125,26.582275
2024-08-14 03:00:00+00:00,23.216456583333336,23.229586
2024-08-14 04:00:00+00:00,20.302253750000006,20.246548
2024-08-14 05:00:00+00:00,18.73747566666667,17.773407
2024-08-14 06:00:00+00:00,16.007783000000003,15.86006
2024-08-14 07:00:00+00:00,13.702160916666665,14.394531
2024-08-14 08:00:00+00:00,14.077539,14.227191
2024-08-14 09:00:00+00:00,15.49739433333333,16.447723
2024-08-14 10:00:00+00:00,20.327548833333335,19.722279
2024-08-14 11:00:00+00:00,20.56199525,21.093174
2024-08-14 12:00:00+00:00,20.148007833333335,22.118484
2024-08-14 13:00:00+00:00,21.34717183333333,24.692211
2024-08-14 14:00:00+00:00,24.845832083333335,27.376938
2024-08-14 15:00:00+00:00,28.429362083333334,30.124136
2024-08-14 16:00:00+00:00,30.951891249999996,33.376747
2024-08-14 17:00:00+00:00,34.60953391666667,36.91242
2024-08-14 18:00:00+00:00,36.439912416666665,40.526768
2024-08-14 19:00:00+00:00,40.634922249999995,45.142807
2024-08-14 20:00:00+00:00,49.55500649999999,50.911148
2024-08-14 21:00:00+00:00,55.67653083333334,54.388245
2024-08-14 22:00:00+00:00,51.20183133333334,51.720406
2024-08-14 23:00:00+00:00,41.79531908333334,47.202972
2024-08-15 00:00:00+00:00,36.60128391666667,41.677963
2024-08-15 01:00:00+00:00,32.17627725,32.03231
2024-08-15 02:00:00+00:00,26.377464833333335,26.591835
2024-08-15 03:00:00+00:00,22.751411,22.819244
2024-08-15 04:00:00+00:00,17.675737666666667,19.973
2024-08-15 05:00:00+00:00,16.449179166666667,17.59441
2024-08-15 06:00:00+00:00,13.892860083333332,15.516627
2024-08-15 07:00:00+00:00,12.999891666666665,14.143386
2024-08-15 08:00:00+00:00,13.574158583333334,13.98443
2024-08-15 09:00:00+00:00,15.69001291666667,15.396662
2024-08-15 10:00:00+00:00,18.61140675,18.840332
2024-08-15 11:00:00+00:00,18.351890500000003,21.036243
2024-08-15 12:00:00+00:00,18.669940250000003,21.921545
2024-08-15 13:00:00+00:00,19.906287750000004,24.309862
2024-08-15 14:00:00+00:00,22.305765250000004,27.174156
2024-08-15 15:00:00+00:00,25.861081916666667,30.025257
2024-08-15 16:00:00+00:00,28.117112666666667,32.699783
2024-08-15 17:00:00+00:00,32.22971225,35.765236
2024-08-15 18:00:00+00:00,33.868609916666664,39.003895
2024-08-15 19:00:00+00:00,39.941834166666666,42.94252
2024-08-15 20:00:00+00:00,51.75024033333333,48.749718
2024-08-15 21:00:00+00:00,58.10782699999999,52.51684
2024-08-15 22:00:00+00:00,54.435774333333335,48.083668
2024-08-15 23:00:00+00:00,42.35922466666667,41.81672
2024-08-16 00:00:00+00:00,38.06543933333334,36.86127
2024-08-16 01:00:00+00:00,32.94483566666667,32.298553
2024-08-16 02:00:00+00:00,27.17615566666667,27.595333
2024-08-16 03:00:00+00:00,24.147186333333334,23.779055
2024-08-16 04:00:00+00:00,21.76398358333333,21.038723
2024-08-16 05:00:00+00:00,20.8733125,19.024668
2024-08-16 06:00:00+00:00,17.4006925,16.984089
2024-08-16 07:00:00+00:00,15.821742333333335,15.335588
2024-08-16 08:00:00+00:00,15.879472916666668,15.409119
2024-08-16 09:00:00+00:00,21.016580416666667,17.29587
2024-08-16 10:00:00+00:00,26.272304249999998,20.118725
2024-08-16 11:00:00+00:00,26.361993416666667,20.683231
2024-08-16 12:00:00+00:00,24.79489666666667,21.176083
2024-08-16 13:00:00+00:00,26.846088249999994,23.670822
2024-08-16 14:00:00+00:00,29.35437575,26.319366
2024-08-16 15:00:00+00:00,32.391165083333334,28.47374
2024-08-16 16:00:00+00:00,35.28990575,31.014786
2024-08-16 17:00:00+00:00,37.77761625,33.931
2024-08-16 18:00:00+00:00,39.91740716666667,37.30096
2024-08-16 19:00:00+00:00,47.71737625,41.44053
2024-08-16 20:00:00+00:00,56.311175416666664,47.98678
2024-08-16 21:00:00+00:00,61.04363933333334,52.865303
2024-08-16 22:00:00+00:00,51.53661975,49.27546
2024-08-16 23:00:00+00:00,43.29075116666667,42.54906
2024-08-17 00:00:00+00:00,39.53414983333334,37.54994
2024-08-17 01:00:00+00:00,35.90621375,34.073723
2024-08-17 02:00:00+00:00,31.913276166666666,29.558882
2024-08-17 03:00:00+00:00,26.603536666666667,25.336044
2024-08-17 04:00:00+00:00,23.5549925,22.514261
2024-08-17 05:00:00+00:00,21.304291500000005,20.790339
2024-08-17 06:00:00+00:00,18.91057908333334,19.038109
2024-08-17 07:00:00+00:00,17.08012516666667,17.394398
2024-08-17 08:00:00+00:00,16.002846666666667,16.911842
2024-08-17 09:00:00+00:00,16.143467333333334,17.739597
2024-08-17 10:00:00+00:00,16.561400666666668,19.04093
2024-08-17 11:00:00+00:00,17.977969250000005,19.428114
2024-08-17 12:00:00+00:00,21.399798416666666,20.143541
2024-08-17 13:00:00+00:00,23.6931785,21.762093
2024-08-17 14:00:00+00:00,25.168438666666663,23.421152
2024-08-17 15:00:00+00:00,30.058079250000006,25.087496
2024-08-17 16:00:00+00:00,32.33742675,26.845892
2024-08-17 17:00:00+00:00,33.72882741666667,28.634668
2024-08-17 18:00:00+00:00,33.363649833333334,30.833801
2024-08-17 19:00:00+00:00,35.480456583333336,34.797523
2024-08-17 20:00:00+00:00,37.823140583333334,41.14338
2024-08-17 21:00:00+00:00,39.842045,44.47895
2024-08-17 22:00:00+00:00,41.777511416666655,40.98978
2024-08-17 23:00:00+00:00,38.072001666666665,36.69924
2024-08-18 00:00:00+00:00,35.96148108333333,34.275753
2024-08-18 01:00:00+00:00,33.483272666666664,31.884346
2024-08-18 02:00:00+00:00,28.339305916666664,27.943558
2024-08-18 03:00:00+00:00,24.452751333333335,24.434423
2024-08-18 04:00:00+00:00,20.59071633333333,21.558971
2024-08-18 05:00:00+00:00,19.219047333333332,19.527987
2024-08-18 06:00:00+00:00,18.082280333333337,17.624397
2024-08-18 07:00:00+00:00,14.689484750000002,15.870482
2024-08-18 08:00:00+00:00,13.578826083333334,14.646411
2024-08-18 09:00:00+00:00,13.730710416666668,14.174345
2024-08-18 10:00:00+00:00,14.074560749999998,14.536635
2024-08-18 11:00:00+00:00,13.544899166666665,15.468938
2024-08-18 12:00:00+00:00,14.181031333333335,16.982782
2024-08-18 13:00:00+00:00,17.878146750000003,19.164604
2024-08-18 14:00:00+00:00,19.2701805,21.304123
2024-08-18 15:00:00+00:00,23.0697815,23.387344
2024-08-18 16:00:00+00:00,26.398346916666668,25.665434
2024-08-18 17:00:00+00:00,27.14017708333333,27.390823
2024-08-18 18:00:00+00:00,28.70068008333333,28.96349
2024-08-18 19:00:00+00:00,30.443514000000004,31.512222
2024-08-18 20:00:00+00:00,32.93089866666667,35.535458
2024-08-18 21:00:00+00:00,36.1729385,39.36846
2024-08-18 22:00:00+00:00,35.62620933333333,39.416378
2024-08-18 23:00:00+00:00,33.73769191666667,37.748943
2024-08-19 00:00:00+00:00,30.675576250000002,35.940464
2024-08-19 01:00:00+00:00,28.276829083333332,28.503908
2024-08-19 02:00:00+00:00,24.169686666666667,24.146408
2024-08-19 03:00:00+00:00,21.479063583333332,21.530628
2024-08-19 04:00:00+00:00,22.589793250000003,19.324213
2024-08-19 05:00:00+00:00,20.637197833333328,17.208488
2024-08-19 06:00:00+00:00,16.188559833333336,15.859246
2024-08-19 07:00:00+00:00,15.086330916666666,14.576622
2024-08-19 08:00:00+00:00,15.914107,14.152147
2024-08-19 09:00:00+00:00,21.9604465,15.189598
2024-08-19 10:00:00+00:00,23.958058166666664,16.780182
2024-08-19 11:00:00+00:00,25.017929749999997,18.574858
2024-08-19 12:00:00+00:00,22.72289975,20.6707
2024-08-19 13:00:00+00:00,23.656909250000002,23.689201
2024-08-19 14:00:00+00:00,26.176316,26.622913
2024-08-19 15:00:00+00:00,27.457720833333337,29.530273
2024-08-19 16:00:00+00:00,29.012947583333332,32.222126
2024-08-19 17:00:00+00:00,31.064086666666668,34.80527
2024-08-19 18:00:00+00:00,32.12440725,37.113636
2024-08-19 19:00:00+00:00,33.112339166666665,40.677387
2024-08-19 20:00:00+00:00,36.02222016666666,45.006416
2024-08-19 21:00:00+00:00,34.66741441666667,47.88648
2024-08-19 22:00:00+00:00,32.831541666666666,46.02787
2024-08-19 23:00:00+00:00,31.846280750000002,41.093468
2024-08-20 00:00:00+00:00,30.186907583333333,35.620823
2024-08-20 01:00:00+00:00,25.362002333333333,27.10729
2024-08-20 02:00:00+00:00,21.451585166666668,23.218283
2024-08-20 03:00:00+00:00,18.62920233333334,20.656107
2024-08-20 04:00:00+00:00,17.273562333333338,19.062572
2024-08-20 05:00:00+00:00,16.54242075,17.94014
2024-08-20 06:00:00+00:00,13.170147083333333,16.881989
2024-08-20 07:00:00+00:00,12.356763583333334,16.303024
2024-08-20 08:00:00+00:00,12.717650833333332,16.626583
2024-08-20 09:00:00+00:00,16.677363666666672,18.127945
2024-08-20 10:00:00+00:00,20.853010250000004,19.722572
2024-08-20 11:00:00+00:00,18.355468916666666,20.487728
2024-08-20 12:00:00+00:00,16.66689433333334,21.140333
2024-08-20 13:00:00+00:00,17.126619583333337,22.071453
2024-08-20 14:00:00+00:00,17.322099166666664,22.787777
2024-08-20 15:00:00+00:00,17.436444166666668,23.28211
2024-08-20 16:00:00+00:00,19.026163416666666,23.912449
2024-08-20 17:00:00+00:00,20.386494833333334,24.685854
2024-08-20 18:00:00+00:00,22.12460025,25.834257
2024-08-20 19:00:00+00:00,22.926044750000003,27.675156
2024-08-20 20:00:00+00:00,23.820721916666663,30.185398
2024-08-20 21:00:00+00:00,26.971055583333335,31.324903
2024-08-20 22:00:00+00:00,29.489353166666668,30.190159
2024-08-20 23:00:00+00:00,31.134078416666668,29.142696
2024-08-21 00:00:00+00:00,26.794350583333337,28.040352
2024-08-21 01:00:00+00:00,21.696502499999998,23.246223
2024-08-21 02:00:00+00:00,16.344491666666666,19.85423
2024-08-21 03:00:00+00:00,14.630737166666666,17.523737
2024-08-21 04:00:00+00:00,13.419843499999999,15.804212
2024-08-21 05:00:00+00:00,14.574957583333335,14.526839
2024-08-21 06:00:00+00:00,11.849759416666666,13.487169
2024-08-21 07:00:00+00:00,11.665024916666669,12.665435
2024-08-21 08:00:00+00:00,12.022379166666667,12.23446
2024-08-21 09:00:00+00:00,15.834724083333334,14.780493
2024-08-21 10:00:00+00:00,17.925767750000006,17.565262
2024-08-21 11:00:00+00:00,16.452254500000002,16.964052
2024-08-21 12:00:00+00:00,14.699391749999998,16.93304
2024-08-21 13:00:00+00:00,14.530432750000001,18.063011
2024-08-21 14:00:00+00:00,15.085220999999999,18.794003
2024-08-21 15:00:00+00:00,15.640466,19.691021
2024-08-21 16:00:00+00:00,16.2948045,20.848095
2024-08-21 17:00:00+00:00,17.860240416666667,21.959618
2024-08-21 18:00:00+00:00,18.94795525,23.413849
2024-08-21 19:00:00+00:00,20.324753,26.383543
2024-08-21 20:00:00+00:00,24.5348925,31.664625
2024-08-21 21:00:00+00:00,27.29545816666667,34.661995
2024-08-21 22:00:00+00:00,28.736897916666663,34.66809
2024-08-21 23:00:00+00:00,29.51506933333333,34.586918
2024-08-22 00:00:00+00:00,29.753216666666663,31.92179
2024-08-22 01:00:00+00:00,25.808206583333334,25.07095
2024-08-22 02:00:00+00:00,20.8782835,19.823935
2024-08-22 03:00:00+00:00,15.966945083333338,17.38419
2024-08-22 04:00:00+00:00,12.581692833333333,15.813643
2024-08-22 05:00:00+00:00,12.175220416666667,14.808941
2024-08-22 06:00:00+00:00,11.676299083333333,13.888792
2024-08-22 07:00:00+00:00,11.649475666666667,13.578501
2024-08-22 08:00:00+00:00,11.812770666666665,13.777912
2024-08-22 09:00:00+00:00,13.24470275,16.33485
2024-08-22 10:00:00+00:00,17.240340166666666,19.76987
2024-08-22 11:00:00+00:00,16.229387583333335,19.769268
2024-08-22 12:00:00+00:00,15.5970875,19.13435
2024-08-22 13:00:00+00:00,15.256117166666668,19.668678
2024-08-22 14:00:00+00:00,16.3634165,20.083992
2024-08-22 15:00:00+00:00,17.664491916666666,21.03368
2024-08-22 16:00:00+00:00,19.632152583333337,22.12953
2024-08-22 17:00:00+00:00,21.511101166666666,23.071836
2024-08-22 18:00:00+00:00,24.1475425,24.66427
2024-08-22 19:00:00+00:00,23.12502075,28.196674
2024-08-22 20:00:00+00:00,26.90759008333333,34.048378
2024-08-22 21:00:00+00:00,28.79187591666667,36.515717
2024-08-22 22:00:00+00:00,30.193050333333332,35.22309
2024-08-22 23:00:00+00:00,28.915957083333335,35.302677
2024-08-23 00:00:00+00:00,27.78491325,32.874413
2024-08-23 01:00:00+00:00,23.022571666666664,24.504557
2024-08-23 02:00:00+00:00,20.701308583333333,21.057495
2024-08-23 03:00:00+00:00,16.264045749999998,17.800817
2024-08-23 04:00:00+00:00,12.750203666666664,15.643274
2024-08-23 05:00:00+00:00,12.22038825,14.370672
2024-08-23 06:00:00+00:00,11.6247485,13.121217
2024-08-23 07:00:00+00:00,10.860632083333334,12.342828
2024-08-23 08:00:00+00:00,11.293822333333333,12.35915
2024-08-23 09:00:00+00:00,12.348927416666667,14.225437
2024-08-23 10:00:00+00:00,16.56520325,17.596115
2024-08-23 11:00:00+00:00,16.164265750000002,19.098885
2024-08-23 12:00:00+00:00,13.643341833333333,19.056889
2024-08-23 13:00:00+00:00,14.556850333333331,19.606787
2024-08-23 14:00:00+00:00,14.177021333333334,20.704556
2024-08-23 15:00:00+00:00,18.23361375,21.93763
2024-08-23 16:00:00+00:00,20.800862999999996,22.999582
2024-08-23 17:00:00+00:00,22.48544325,24.120539
2024-08-23 18:00:00+00:00,24.69859716666667,25.895252
2024-08-23 19:00:00+00:00,28.386859416666663,27.739285
2024-08-23 20:00:00+00:00,34.23775083333334,30.87785
2024-08-23 21:00:00+00:00,39.68508108333334,33.12652
2024-08-23 22:00:00+00:00,36.809899083333335,32.2724
2024-08-23 23:00:00+00:00,33.318422250000005,30.706736
2024-08-24 00:00:00+00:00,29.317430083333335,28.93
2024-08-24 01:00:00+00:00,23.708749333333337,24.705822
2024-08-24 02:00:00+00:00,22.486694749999995,21.35886
2024-08-24 03:00:00+00:00,17.02174916666667,18.521816
2024-08-24 04:00:00+00:00,16.22711,16.093222
2024-08-24 05:00:00+00:00,13.89103875,14.220557
2024-08-24 06:00:00+00:00,11.432959083333332,12.49523
2024-08-24 07:00:00+00:00,11.394820916666667,11.16467
2024-08-24 08:00:00+00:00,10.978974083333332,10.516191
2024-08-24 09:00:00+00:00,11.478751916666667,11.715646
2024-08-24 10:00:00+00:00,11.668137166666668,13.561199
2024-08-24 11:00:00+00:00,11.410367333333333,13.78177
2024-08-24 12:00:00+00:00,11.432187666666668,14.26974
2024-08-24 13:00:00+00:00,11.932521166666666,15.871438
2024-08-24 14:00:00+00:00,14.59749625,17.683922
2024-08-24 15:00:00+00:00,20.661174166666665,19.704897
2024-08-24 16:00:00+00:00,22.983674416666673,21.80109
2024-08-24 17:00:00+00:00,24.952151083333334,24.126032
2024-08-24 18:00:00+00:00,27.760438249999996,26.7766
2024-08-24 19:00:00+00:00,31.355268249999998,30.642502
2024-08-24 20:00:00+00:00,39.24032883333333,35.878387
2024-08-24 21:00:00+00:00,46.673046666666664,38.879044
2024-08-24 22:00:00+00:00,45.62402116666667,37.655075
2024-08-24 23:00:00+00:00,40.56166033333333,34.884796
2024-08-25 00:00:00+00:00,31.725643666666667,31.60236
2024-08-25 01:00:00+00:00,26.690547083333335,26.49777
2024-08-25 02:00:00+00:00,23.1559865,23.079067
2024-08-25 03:00:00+00:00,20.93043,20.024708
2024-08-25 04:00:00+00:00,16.216893583333334,17.21864
2024-08-25 05:00:00+00:00,13.687703916666667,14.8076515
2024-08-25 06:00:00+00:00,12.832735083333333,12.841686
2024-08-25 07:00:00+00:00,12.179017333333334,11.142412
2024-08-25 08:00:00+00:00,11.157959666666665,10.32574
2024-08-25 09:00:00+00:00,10.938084083333335,10.40938
2024-08-25 10:00:00+00:00,10.888101416666665,11.182019
2024-08-25 11:00:00+00:00,10.544326083333333,11.816835
2024-08-25 12:00:00+00:00,11.107432083333336,12.7322645
2024-08-25 13:00:00+00:00,12.507114166666668,15.111202
2024-08-25 14:00:00+00:00,16.317513666666667,17.71214
2024-08-25 15:00:00+00:00,23.25148683333333,20.6386
2024-08-25 16:00:00+00:00,28.286919583333333,23.983067
2024-08-25 17:00:00+00:00,31.453721250000005,27.525677
2024-08-25 18:00:00+00:00,34.20219775,30.624134
2024-08-25 19:00:00+00:00,38.038227666666664,34.66708
2024-08-25 20:00:00+00:00,47.4255805,40.684933
2024-08-25 21:00:00+00:00,63.09765591666666,45.564087
2024-08-25 22:00:00+00:00,60.92663275,44.286583
2024-08-25 23:00:00+00:00,49.399083,39.478855
2024-08-26 00:00:00+00:00,38.391766,34.635834
2024-08-26 01:00:00+00:00,30.63119841666667,31.232964
2024-08-26 02:00:00+00:00,25.438923166666665,26.447811
2024-08-26 03:00:00+00:00,22.40049983333333,22.667017
2024-08-26 04:00:00+00:00,21.483910916666666,19.26474
2024-08-26 05:00:00+00:00,19.461503583333336,16.396206
2024-08-26 06:00:00+00:00,15.38804225,13.912904
2024-08-26 07:00:00+00:00,13.781907583333334,11.602233
2024-08-26 08:00:00+00:00,14.274135916666664,11.428944
2024-08-26 09:00:00+00:00,16.630325333333335,12.341364
2024-08-26 10:00:00+00:00,23.281120916666666,14.341908
2024-08-26 11:00:00+00:00,21.171283416666665,16.158491
2024-08-26 12:00:00+00:00,22.14208875,16.909285
2024-08-26 13:00:00+00:00,25.464396333333337,19.532434
2024-08-26 14:00:00+00:00,30.078246583333332,23.165106
2024-08-26 15:00:00+00:00,36.602458,26.782953
2024-08-26 16:00:00+00:00,38.64236491666667,30.903898
2024-08-26 17:00:00+00:00,44.92905841666666,35.250294
2024-08-26 18:00:00+00:00,52.83141091666667,39.066345
2024-08-26 19:00:00+00:00,60.89095483333333,43.479477
2024-08-26 20:00:00+00:00,74.91947191666667,50.49449
2024-08-26 21:00:00+00:00,98.44411741666664,58.47373
2024-08-26 22:00:00+00:00,88.66891166666666,57.186844
2024-08-26 23:00:00+00:00,72.53336833333333,48.551228
2024-08-27 00:00:00+00:00,55.17554016666668,41.067066
2024-08-27 01:00:00+00:00,44.071289916666665,43.811424
2024-08-27 02:00:00+00:00,32.387845416666664,34.780342
2024-08-27 03:00:00+00:00,29.202740166666665,28.069794
2024-08-27 04:00:00+00:00,25.583698583333334,24.17904
2024-08-27 05:00:00+00:00,22.093686000000005,21.236353
2024-08-27 06:00:00+00:00,18.548194833333337,18.381155
2024-08-27 07:00:00+00:00,17.18311625,16.088951
2024-08-27 08:00:00+00:00,17.18334575,15.3996105
2024-08-27 09:00:00+00:00,19.44867575,16.0825
2024-08-27 10:00:00+00:00,25.91329575,19.691212
2024-08-27 11:00:00+00:00,25.55788325,21.825516
2024-08-27 12:00:00+00:00,27.26716091666667,21.139154
2024-08-27 13:00:00+00:00,31.96847658333333,22.11685
2024-08-27 14:00:00+00:00,36.46921141666667,24.916103
2024-08-27 15:00:00+00:00,44.947654416666666,28.238754
2024-08-27 16:00:00+00:00,50.163538499999994,31.314764
2024-08-27 17:00:00+00:00,62.65841016666667,34.867485
2024-08-27 18:00:00+00:00,74.5086085,39.107464
2024-08-27 19:00:00+00:00,98.87055483333334,45.684196
2024-08-27 20:00:00+00:00,127.06649433333332,56.24135
2024-08-27 21:00:00+00:00,145.60142425,66.41214
2024-08-27 22:00:00+00:00,140.04375483333334,62.552067
2024-08-27 23:00:00+00:00,96.95556975,50.691338
2024-08-28 00:00:00+00:00,64.14307533333333,41.99875
2024-08-28 01:00:00+00:00,47.2217225,50.456985
2024-08-28 02:00:00+00:00,35.37320908333333,40.555103
2024-08-28 03:00:00+00:00,30.75194025,32.49884
2024-08-28 04:00:00+00:00,28.221339083333334,26.436712
2024-08-28 05:00:00+00:00,21.963595666666667,21.62608
2024-08-28 06:00:00+00:00,18.02594675,17.65185
2024-08-28 07:00:00+00:00,16.4265145,14.313328
2024-08-28 08:00:00+00:00,15.920972333333333,14.30562
2024-08-28 09:00:00+00:00,19.156423666666665,15.910157
2024-08-28 10:00:00+00:00,25.042798583333333,18.31598
2024-08-28 11:00:00+00:00,26.80983566666667,19.357697
2024-08-28 12:00:00+00:00,27.237019916666664,19.047726
2024-08-28 13:00:00+00:00,29.173019333333333,21.969208
2024-08-28 14:00:00+00:00,35.73051133333333,26.173254
2024-08-28 15:00:00+00:00,46.58105408333334,31.002687
2024-08-28 16:00:00+00:00,55.571397749999996,36.745228
2024-08-28 17:00:00+00:00,67.26800300000001,43.844986
2024-08-28 18:00:00+00:00,87.502001,51.738075
2024-08-28 19:00:00+00:00,114.70625866666666,64.26474
2024-08-28 20:00:00+00:00,152.03872141666668,80.74473
2024-08-28 21:00:00+00:00,160.74982066666666,91.77429
2024-08-28 22:00:00+00:00,140.88049216666667,80.262146
2024-08-28 23:00:00+00:00,91.37028033333333,60.339855
2024-08-29 00:00:00+00:00,59.78941341666666,46.410774
2024-08-29 01:00:00+00:00,43.745043583333334,47.501015
2024-08-29 02:00:00+00:00,33.997861916666665,38.39669
2024-08-29 03:00:00+00:00,28.9344395,30.646345
2024-08-29 04:00:00+00:00,27.154486499999997,24.593796
2024-08-29 05:00:00+00:00,23.20717408333333,20.401611
2024-08-29 06:00:00+00:00,20.518130666666668,16.994326
2024-08-29 07:00:00+00:00,18.080681250000005,13.516893
2024-08-29 08:00:00+00:00,17.32154375,13.081976
2024-08-29 09:00:00+00:00,18.979144833333336,15.173672
2024-08-29 10:00:00+00:00,29.519437916666664,16.886524
2024-08-29 11:00:00+00:00,25.909822166666668,16.40688
2024-08-29 12:00:00+00:00,26.017747999999997,17.674507
2024-08-29 13:00:00+00:00,29.01981725,22.629595
2024-08-29 14:00:00+00:00,31.957555083333332,28.09425
2024-08-29 15:00:00+00:00,36.37808975,34.073322
2024-08-29 16:00:00+00:00,39.254227,40.48186
2024-08-29 17:00:00+00:00,45.15687374999999,47.290573
2024-08-29 18:00:00+00:00,52.671214416666665,56.157753
2024-08-29 19:00:00+00:00,58.653118583333324,70.588135
2024-08-29 20:00:00+00:00,71.77772116666667,87.06444
2024-08-29 21:00:00+00:00,67.93743208333333,92.58859
2024-08-29 22:00:00+00:00,57.92789441666667,76.8651
2024-08-29 23:00:00+00:00,47.242093833333335,57.461502
2024-08-30 00:00:00+00:00,43.7972265,44.952324
2024-08-30 01:00:00+00:00,33.59401775,36.961357
2024-08-30 02:00:00+00:00,28.534294250000002,32.3156
2024-08-30 03:00:00+00:00,25.645424000000002,28.376892
2024-08-30 04:00:00+00:00,25.24556816666667,24.631506
2024-08-30 05:00:00+00:00,22.936667583333335,22.651798
2024-08-30 06:00:00+00:00,18.068111416666667,21.584114
2024-08-30 07:00:00+00:00,16.256464416666667,20.026731
2024-08-30 08:00:00+00:00,16.22337816666667,19.2855
2024-08-30 09:00:00+00:00,21.104416249999996,20.303196
2024-08-30 10:00:00+00:00,25.15747783333333,22.126396
2024-08-30 11:00:00+00:00,24.52107266666667,22.675392
2024-08-30 12:00:00+00:00,28.22860075,23.436466
2024-08-30 13:00:00+00:00,30.839617416666666,24.550938
2024-08-30 14:00:00+00:00,35.30048841666667,25.75469
2024-08-30 15:00:00+00:00,39.13913975,26.588219
2024-08-30 16:00:00+00:00,42.07370825,28.36052
2024-08-30 17:00:00+00:00,47.47712008333335,28.957428
2024-08-30 18:00:00+00:00,48.824246333333335,30.56775
2024-08-30 19:00:00+00:00,52.99165983333333,35.426373
2024-08-30 20:00:00+00:00,58.3628455,42.154087
2024-08-30 21:00:00+00:00,59.546163166666666,45.120705
2024-08-30 22:00:00+00:00,54.57379650000001,41.068428
2024-08-30 23:00:00+00:00,50.654731749999996,36.42319
2024-08-31 00:00:00+00:00,41.919545416666665,33.720875
2024-08-31 01:00:00+00:00,34.6653755,35.05641
2024-08-31 02:00:00+00:00,31.23879691666667,29.21497
2024-08-31 03:00:00+00:00,26.706409833333336,24.58539
2024-08-31 04:00:00+00:00,26.385740733333332,20.811512
2024-08-31 05:00:00+00:00,26.065071633333336,18.723022
2024-08-31 06:00:00+00:00,25.744402533333336,16.18119
2024-09-01 04:00:00+00:00,18.689682333333337,14.749126
2024-09-01 05:00:00+00:00,18.73536891666667,14.936834
2024-09-01 06:00:00+00:00,15.44025025,14.914774
2024-09-01 07:00:00+00:00,13.286304916666666,16.135145
2024-09-01 08:00:00+00:00,12.333432,17.811329
2024-09-01 09:00:00+00:00,11.653305833333333,19.459007
2024-09-01 10:00:00+00:00,12.653904249999998,21.83156
2024-09-01 11:00:00+00:00,12.204361416666666,24.303291
2024-09-01 12:00:00+00:00,14.53613241666667,26.445362
2024-09-01 13:00:00+00:00,20.22549775,28.470823
2024-09-01 14:00:00+00:00,22.75101891666667,30.3154
2024-09-01 15:00:00+00:00,25.64433891666667,32.893227
2024-09-01 16:00:00+00:00,27.106411166666664,36.50852
2024-09-01 17:00:00+00:00,27.275618249999997,42.31513
2024-09-01 18:00:00+00:00,29.424792583333335,47.245438
2024-09-01 19:00:00+00:00,31.464388083333333,43.686523
2024-09-01 20:00:00+00:00,34.68775466666667,38.3963
2024-09-01 21:00:00+00:00,38.87473491666667,35.2527
2024-09-01 22:00:00+00:00,39.48703258333333,36.354637
2024-09-01 23:00:00+00:00,33.554802083333335,31.03441
2024-09-02 00:00:00+00:00,28.606744083333336,27.384928
2024-09-02 01:00:00+00:00,24.364995750000002,24.569897
2024-09-02 02:00:00+00:00,22.686423666666663,21.747692
2024-09-02 03:00:00+00:00,20.79628525,18.446321
2024-09-02 04:00:00+00:00,15.481967583333335,15.558842
2024-09-02 05:00:00+00:00,14.679158333333334,12.731384
2024-09-02 06:00:00+00:00,14.229273583333333,9.433132
2024-09-02 07:00:00+00:00,11.883925666666668,7.6130447
2024-09-02 08:00:00+00:00,13.045467083333332,6.2800446
2024-09-02 09:00:00+00:00,12.938387666666666,6.526535
2024-09-02 10:00:00+00:00,13.57152075,8.483032
2024-09-02 11:00:00+00:00,13.179734000000003,11.689873
2024-09-02 12:00:00+00:00,13.65421525,15.139938
2024-09-02 13:00:00+00:00,13.802637416666668,18.118744
2024-09-02 14:00:00+00:00,13.843138750000001,22.113472
2024-09-02 15:00:00+00:00,13.426215416666667,26.677122
2024-09-02 16:00:00+00:00,14.75229775,30.755781
2024-09-02 17:00:00+00:00,17.514865750000006,36.762775
2024-09-02 18:00:00+00:00,19.4040255,42.822136
2024-09-02 19:00:00+00:00,21.344995,43.34232
2024-09-02 20:00:00+00:00,25.128734249999997,43.118702
2024-09-02 21:00:00+00:00,30.34646933333333,44.093403
2024-09-02 22:00:00+00:00,31.563356666666667,29.778065
2024-09-02 23:00:00+00:00,29.906201250000002,28.211185
2024-09-03 00:00:00+00:00,24.30467291666666,24.720062
2024-09-03 01:00:00+00:00,17.343903416666667,21.293928
2024-09-03 02:00:00+00:00,13.266659333333331,18.969482
2024-09-03 03:00:00+00:00,13.08719175,17.588907
2024-09-03 04:00:00+00:00,12.543937583333333,17.673628
2024-09-03 05:00:00+00:00,11.634249416666666,19.556973
2024-09-03 06:00:00+00:00,10.668751499999997,22.519373
2024-09-03 07:00:00+00:00,10.253172416666667,24.979565
2024-09-03 08:00:00+00:00,9.923331416666667,26.52393
2024-09-03 09:00:00+00:00,10.864730833333333,27.072868
2024-09-03 10:00:00+00:00,13.624083333333331,26.405529
2024-09-03 11:00:00+00:00,14.536273,27.12383
2024-09-03 12:00:00+00:00,13.382755416666667,27.96447
2024-09-03 13:00:00+00:00,13.740536583333332,27.410221
2024-09-03 14:00:00+00:00,14.025490249999999,27.711262
2024-09-03 15:00:00+00:00,14.550890416666666,30.586866
2024-09-03 16:00:00+00:00,16.1107585,34.550835
2024-09-03 17:00:00+00:00,18.758725083333335,39.114647
2024-09-03 18:00:00+00:00,19.975799750000004,45.09042
2024-09-03 19:00:00+00:00,20.849328166666666,48.958282
2024-09-03 20:00:00+00:00,22.52450358333333,50.133682
2024-09-03 21:00:00+00:00,27.143889916666666,49.09817
2024-09-03 22:00:00+00:00,36.0620075,25.852238
2024-09-03 23:00:00+00:00,32.0889435,23.259186
2024-09-04 00:00:00+00:00,24.168309833333335,21.783222
2024-09-04 01:00:00+00:00,21.475937,20.05949
2024-09-04 02:00:00+00:00,16.178099916666667,18.074345
2024-09-04 03:00:00+00:00,12.882449083333334,16.850332
2024-09-04 04:00:00+00:00,11.810867333333334,16.635315
2024-09-04 05:00:00+00:00,11.782755,16.595978
2024-09-04 06:00:00+00:00,11.049927583333334,18.10806
2024-09-04 07:00:00+00:00,10.771969333333333,20.102385
2024-09-04 08:00:00+00:00,10.908102833333333,20.787846
2024-09-04 09:00:00+00:00,12.483795083333334,19.008617
2024-09-04 10:00:00+00:00,17.82346,17.487309
2024-09-04 11:00:00+00:00,17.585611833333335,17.115276
2024-09-04 12:00:00+00:00,14.810720166666668,17.019274
2024-09-04 13:00:00+00:00,14.970019166666667,16.970171
2024-09-04 14:00:00+00:00,15.896681833333334,17.66555
2024-09-04 15:00:00+00:00,19.036677666666666,19.947857
2024-09-04 16:00:00+00:00,20.03572241666667,22.309132
2024-09-04 17:00:00+00:00,21.834324499999997,27.296926
2024-09-04 18:00:00+00:00,24.422475000000006,33.064655
2024-09-04 19:00:00+00:00,30.18275541666667,35.958466
2024-09-04 20:00:00+00:00,33.524515666666666,37.6356
2024-09-04 21:00:00+00:00,41.46535733333334,37.779526
2024-09-04 22:00:00+00:00,43.58054458333333,40.652542
2024-09-04 23:00:00+00:00,38.17265775,35.825264
2024-09-05 00:00:00+00:00,32.946746166666664,31.162247
2024-09-05 01:00:00+00:00,24.385347166666666,27.03467
2024-09-05 02:00:00+00:00,21.641339833333333,23.28127
2024-09-05 03:00:00+00:00,15.85607866666667,19.792843
2024-09-05 04:00:00+00:00,13.316595583333333,17.08945
2024-09-05 05:00:00+00:00,12.738355916666668,15.002106
2024-09-05 06:00:00+00:00,12.058165833333334,14.390154
2024-09-05 07:00:00+00:00,11.254954416666665,15.921023
2024-09-05 08:00:00+00:00,11.285364916666667,16.880302
2024-09-05 09:00:00+00:00,12.980450666666668,16.13125
2024-09-05 10:00:00+00:00,19.72414575,15.186104
2024-09-05 11:00:00+00:00,20.856122083333336,14.916767
2024-09-05 12:00:00+00:00,15.124875583333331,15.023826
2024-09-05 13:00:00+00:00,16.916579500000005,15.506992
2024-09-05 14:00:00+00:00,22.600475833333334,16.60211
2024-09-05 15:00:00+00:00,23.96151216666666,18.95459
2024-09-05 16:00:00+00:00,29.06628975,20.911575
2024-09-05 17:00:00+00:00,32.351296166666664,25.024837
2024-09-05 18:00:00+00:00,31.257838916666667,30.841309
2024-09-05 19:00:00+00:00,35.35558608333333,34.722485
2024-09-05 20:00:00+00:00,42.95128183333334,37.765854
2024-09-05 21:00:00+00:00,53.44822666666666,38.692223
2024-09-05 22:00:00+00:00,54.248199916666664,49.86462
2024-09-05 23:00:00+00:00,42.66880091666667,42.338455
2024-09-06 00:00:00+00:00,35.85034641666667,37.012188
2024-09-06 01:00:00+00:00,28.61879425,30.989191
2024-09-06 02:00:00+00:00,24.421936916666667,24.66291
2024-09-06 03:00:00+00:00,20.807822333333338,20.212147
2024-09-06 04:00:00+00:00,17.416704499999998,17.285465
2024-09-06 05:00:00+00:00,17.606481000000002,14.575248
2024-09-06 06:00:00+00:00,15.3957155,12.466654
2024-09-06 07:00:00+00:00,14.89554925,11.126517
2024-09-06 08:00:00+00:00,15.566340083333333,12.288259
2024-09-06 09:00:00+00:00,18.007797083333333,16.680878
2024-09-06 10:00:00+00:00,23.274281416666668,19.66104
2024-09-06 11:00:00+00:00,24.110191666666665,19.786694
2024-09-06 12:00:00+00:00,21.100454666666668,19.946949
2024-09-06 13:00:00+00:00,22.802816500000002,22.463593
2024-09-06 14:00:00+00:00,25.654093666666668,25.667274
2024-09-06 15:00:00+00:00,25.997753333333335,28.902544
2024-09-06 16:00:00+00:00,27.400980750000002,31.628918
2024-09-06 17:00:00+00:00,28.442980083333335,33.49826
2024-09-06 18:00:00+00:00,28.213518333333337,36.106693
2024-09-06 19:00:00+00:00,26.603660916666666,40.872887
2024-09-06 20:00:00+00:00,30.155422416666667,48.34112
2024-09-06 21:00:00+00:00,33.31705491666667,55.151703
2024-09-06 22:00:00+00:00,29.068918416666666,34.72908
2024-09-06 23:00:00+00:00,26.612481833333334,31.403908
2024-09-07 00:00:00+00:00,25.372778416666666,28.708841
2024-09-07 01:00:00+00:00,24.1155745,25.112066
2024-09-07 02:00:00+00:00,22.97625925,21.163527
2024-09-07 03:00:00+00:00,19.360290000000003,18.06559
2024-09-07 04:00:00+00:00,19.825880583333333,16.335579
2024-09-07 05:00:00+00:00,19.144914750000005,14.991883
2024-09-07 06:00:00+00:00,16.96494416666667,13.846287
2024-09-07 07:00:00+00:00,15.5576425,13.267599
2024-09-07 08:00:00+00:00,16.188422666666668,13.746496
2024-09-07 09:00:00+00:00,16.877738583333333,16.538538
2024-09-07 10:00:00+00:00,16.96070216666667,20.58868
2024-09-07 11:00:00+00:00,16.248786083333336,22.343021
2024-09-07 12:00:00+00:00,18.833850250000005,21.642258
2024-09-07 13:00:00+00:00,20.664743583333333,21.856428
2024-09-07 14:00:00+00:00,19.2238855,22.817211
2024-09-07 15:00:00+00:00,18.334121166666666,23.79488
2024-09-07 16:00:00+00:00,18.07270041666667,24.239542
2024-09-07 17:00:00+00:00,18.879724166666666,24.342243
2024-09-07 18:00:00+00:00,17.844240333333335,24.976236
2024-09-07 19:00:00+00:00,18.585920333333338,25.738495
2024-09-07 20:00:00+00:00,19.060044583333333,27.920834
2024-09-07 21:00:00+00:00,21.3802455,31.56424
2024-09-07 22:00:00+00:00,22.370603583333335,21.689947
2024-09-07 23:00:00+00:00,24.592023416666667,21.53635
2024-09-08 00:00:00+00:00,22.52281975,21.030552
2024-09-08 01:00:00+00:00,21.621638416666666,20.432266
2024-09-08 02:00:00+00:00,18.148634,19.451097
2024-09-08 03:00:00+00:00,15.231837833333332,18.00896
2024-09-08 04:00:00+00:00,13.042894416666668,16.842688
2024-09-08 05:00:00+00:00,11.780093666666666,15.8137045
2024-09-08 06:00:00+00:00,11.192163416666666,14.884864
2024-09-08 07:00:00+00:00,10.985629083333336,14.065302
2024-09-08 08:00:00+00:00,10.758708166666667,13.445235
2024-09-08 09:00:00+00:00,10.979887249999997,13.359442
2024-09-08 10:00:00+00:00,10.993877083333334,13.5635395
2024-09-08 11:00:00+00:00,11.20460625,13.842077
2024-09-08 12:00:00+00:00,11.141428083333333,14.210529
2024-09-08 13:00:00+00:00,11.192043083333333,15.185044
2024-09-08 14:00:00+00:00,11.453724666666666,15.992035
2024-09-08 15:00:00+00:00,11.285447916666667,16.399055
2024-09-08 16:00:00+00:00,11.688458583333334,16.83024
2024-09-08 17:00:00+00:00,11.970338416666666,17.06762
2024-09-08 18:00:00+00:00,11.892269416666664,17.026367
2024-09-08 19:00:00+00:00,12.212630500000001,17.324669
2024-09-08 20:00:00+00:00,13.2821345,18.575182
2024-09-08 21:00:00+00:00,16.910847999999998,19.582226
2024-09-08 22:00:00+00:00,25.19087725,18.949404
2024-09-08 23:00:00+00:00,31.29677883333333,19.66787
2024-09-09 00:00:00+00:00,25.817494083333333,20.782286
2024-09-09 01:00:00+00:00,18.40430175,20.00418
2024-09-09 02:00:00+00:00,14.067466833333333,17.344774
2024-09-09 03:00:00+00:00,13.082884833333335,15.028441
2024-09-09 04:00:00+00:00,12.940261833333334,13.701027
2024-09-09 05:00:00+00:00,12.424971,12.530895
2024-09-09 06:00:00+00:00,10.976503249999999,11.586268
2024-09-09 07:00:00+00:00,10.492641666666666,11.051071
2024-09-09 08:00:00+00:00,11.172774166666668,11.264079
2024-09-09 09:00:00+00:00,13.196727666666666,11.800749
2024-09-09 10:00:00+00:00,25.379861916666666,12.65867
2024-09-09 11:00:00+00:00,21.407071916666666,13.372185
2024-09-09 12:00:00+00:00,16.28266566666667,13.159269
2024-09-09 13:00:00+00:00,16.333908333333337,13.16684
2024-09-09 14:00:00+00:00,18.350224083333337,13.59237
2024-09-09 15:00:00+00:00,20.017747416666666,13.863094
2024-09-09 16:00:00+00:00,21.85736375,13.869392
2024-09-09 17:00:00+00:00,22.8599285,14.17622
2024-09-09 18:00:00+00:00,22.99106775,14.867144
2024-09-09 19:00:00+00:00,25.569285583333336,15.867437
2024-09-09 20:00:00+00:00,29.210058166666666,17.959724
2024-09-09 21:00:00+00:00,41.34136775,19.82784
2024-09-09 22:00:00+00:00,44.10646033333333,49.89981
2024-09-09 23:00:00+00:00,47.16567800000001,43.949333
2024-09-10 00:00:00+00:00,39.19870675,35.48516
2024-09-10 01:00:00+00:00,29.410059500000003,28.87273
2024-09-10 02:00:00+00:00,24.747195666666666,23.116745
2024-09-10 03:00:00+00:00,22.41944058333333,18.752964
2024-09-10 04:00:00+00:00,17.521209416666668,16.376238
2024-09-10 05:00:00+00:00,15.818068916666665,14.753178
2024-09-10 06:00:00+00:00,13.406682166666668,13.29982
2024-09-10 07:00:00+00:00,13.002276333333333,11.822313
2024-09-10 08:00:00+00:00,13.357990333333335,11.967974
2024-09-10 09:00:00+00:00,19.036807000000003,15.965639
2024-09-10 10:00:00+00:00,29.03311975,20.066427
2024-09-10 11:00:00+00:00,28.568034,20.328188
2024-09-10 12:00:00+00:00,19.838203083333337,18.430008
2024-09-10 13:00:00+00:00,19.221195083333335,17.818653
2024-09-10 14:00:00+00:00,20.217115083333333,18.2522
2024-09-10 15:00:00+00:00,22.01175541666667,18.614347
2024-09-10 16:00:00+00:00,23.39475125,18.860773
2024-09-10 17:00:00+00:00,26.154335500000002,19.115225
2024-09-10 18:00:00+00:00,28.330985666666667,19.477362
2024-09-10 19:00:00+00:00,31.988774749999997,20.763021
2024-09-10 20:00:00+00:00,40.47350341666667,25.285923
2024-09-10 21:00:00+00:00,51.170002916666675,34.14361
2024-09-10 22:00:00+00:00,61.61701258333333,52.53525
2024-09-10 23:00:00+00:00,50.273141333333335,45.353745
2024-09-11 00:00:00+00:00,41.26545166666667,37.444016
2024-09-11 01:00:00+00:00,31.018436750000003,30.468262
2024-09-11 02:00:00+00:00,24.600652416666666,24.986492
2024-09-11 03:00:00+00:00,21.0910025,21.307446
2024-09-11 04:00:00+00:00,18.632638250000003,18.729881
2024-09-11 05:00:00+00:00,16.83353375,16.087584
2024-09-11 06:00:00+00:00,15.027531916666668,14.365722
2024-09-11 07:00:00+00:00,14.197957500000001,12.925717
2024-09-11 08:00:00+00:00,14.770407166666667,14.106445
2024-09-11 09:00:00+00:00,18.240282666666666,20.37407
2024-09-11 10:00:00+00:00,25.693768916666667,26.798649
2024-09-11 11:00:00+00:00,25.647034916666666,26.248596
2024-09-11 12:00:00+00:00,20.631216166666665,22.702728
2024-09-11 13:00:00+00:00,20.00660391666667,22.0037
2024-09-11 14:00:00+00:00,23.848000166666665,22.448915
2024-09-11 15:00:00+00:00,25.06361658333333,22.59062
2024-09-11 16:00:00+00:00,28.9725755,23.638056
2024-09-11 17:00:00+00:00,32.39910775,25.070883
2024-09-11 18:00:00+00:00,34.34119116666667,26.472956
2024-09-11 19:00:00+00:00,39.147848083333336,29.030891
2024-09-11 20:00:00+00:00,50.2890205,36.03822
2024-09-11 21:00:00+00:00,67.77019366666667,46.097797
2024-09-11 22:00:00+00:00,64.10136083333333,63.711678
2024-09-11 23:00:00+00:00,49.267358916666666,52.770912
2024-09-12 00:00:00+00:00,40.63862791666667,41.514637
2024-09-12 01:00:00+00:00,32.062595916666666,33.150105
2024-09-12 02:00:00+00:00,28.786251916666668,26.758005
2024-09-12 03:00:00+00:00,23.380728,22.17615
2024-09-12 04:00:00+00:00,19.078890000000005,19.009285
2024-09-12 05:00:00+00:00,18.333715833333333,16.442753
2024-09-12 06:00:00+00:00,14.951791833333335,14.396256
2024-09-12 07:00:00+00:00,14.406273083333332,12.772154
2024-09-12 08:00:00+00:00,15.016483833333332,13.619181
2024-09-12 09:00:00+00:00,19.481282500000002,17.825182
2024-09-12 10:00:00+00:00,27.47068708333333,22.36348
2024-09-12 11:00:00+00:00,24.475498166666668,23.890968
2024-09-12 12:00:00+00:00,22.210977249999996,22.445929
2024-09-12 13:00:00+00:00,22.529598583333335,23.139029
2024-09-12 14:00:00+00:00,25.947413916666665,25.345646
2024-09-12 15:00:00+00:00,29.299134916666663,27.200108
2024-09-12 16:00:00+00:00,33.90232875,29.012556
2024-09-12 17:00:00+00:00,36.20284791666666,30.853855
2024-09-12 18:00:00+00:00,38.808181999999995,32.40021
2024-09-12 19:00:00+00:00,43.71948258333333,36.652794
2024-09-12 20:00:00+00:00,56.50354008333333,44.441936
2024-09-12 21:00:00+00:00,69.92936083333333,55.40905
2024-09-12 22:00:00+00:00,62.004561833333334,63.236946
2024-09-12 23:00:00+00:00,49.5836825,50.52944
2024-09-13 00:00:00+00:00,39.734739749999996,40.900856
2024-09-13 01:00:00+00:00,32.90880466666667,33.38667
2024-09-13 02:00:00+00:00,27.54320558333333,27.639154
2024-09-13 03:00:00+00:00,23.589842916666665,23.529959
2024-09-13 04:00:00+00:00,19.041543750000002,20.72304
2024-09-13 05:00:00+00:00,17.350935500000002,18.131855
2024-09-13 06:00:00+00:00,14.845800666666667,15.797814
2024-09-13 07:00:00+00:00,14.418220833333335,14.222577
2024-09-13 08:00:00+00:00,14.750811250000002,14.454417
2024-09-13 09:00:00+00:00,17.696413500000002,17.764263
2024-09-13 10:00:00+00:00,24.426642416666667,21.917128
2024-09-13 11:00:00+00:00,23.28462875,22.98253
2024-09-13 12:00:00+00:00,23.691928000000004,21.823803
2024-09-13 13:00:00+00:00,24.364042999999995,23.373318
2024-09-13 14:00:00+00:00,26.245772,25.872763
2024-09-13 15:00:00+00:00,28.066922166666668,27.915543
2024-09-13 16:00:00+00:00,30.22638925,29.802647
2024-09-13 17:00:00+00:00,33.043287,31.750885
2024-09-13 18:00:00+00:00,32.954678916666666,33.635612
2024-09-13 19:00:00+00:00,36.59698733333333,36.885883
2024-09-13 20:00:00+00:00,41.28814691666667,44.134453
2024-09-13 21:00:00+00:00,50.879426333333335,54.456192
2024-09-13 22:00:00+00:00,41.8237665,48.727154
2024-09-13 23:00:00+00:00,36.79517325,40.554195
2024-09-14 00:00:00+00:00,31.949063750000004,35.385857
2024-09-14 01:00:00+00:00,27.780069416666663,31.215544
2024-09-14 02:00:00+00:00,24.16424508333333,26.93131
2024-09-14 03:00:00+00:00,22.64056558333333,23.538717
2024-09-14 04:00:00+00:00,23.21324758333333,21.553932
2024-09-14 05:00:00+00:00,22.339553833333337,19.800095
2024-09-14 06:00:00+00:00,17.464992833333334,18.307556
2024-09-14 07:00:00+00:00,15.953603000000003,17.114761
2024-09-14 08:00:00+00:00,15.574256750000002,16.107872
2024-09-14 09:00:00+00:00,17.96512375,16.650272
2024-09-14 10:00:00+00:00,19.342892666666668,19.054033
2024-09-14 11:00:00+00:00,18.525401666666667,20.62355
2024-09-14 12:00:00+00:00,19.031974083333335,20.330666
2024-09-14 13:00:00+00:00,21.297152416666663,21.176102
2024-09-14 14:00:00+00:00,23.15244041666667,22.43587
2024-09-14 15:00:00+00:00,25.649082833333335,23.931427
2024-09-14 16:00:00+00:00,29.62613525,24.750774
2024-09-14 17:00:00+00:00,31.0284555,25.52445
2024-09-14 18:00:00+00:00,32.71482408333333,25.99174
2024-09-14 19:00:00+00:00,35.940760833333336,26.287487
2024-09-14 20:00:00+00:00,40.00506683333333,30.022465
2024-09-14 21:00:00+00:00,49.72103141666667,36.31019
2024-09-14 22:00:00+00:00,54.60062641666667,46.544777
2024-09-14 23:00:00+00:00,43.89862266666666,38.678986
2024-09-15 00:00:00+00:00,35.70536775,33.39569
2024-09-15 01:00:00+00:00,30.120097500000004,29.0518
2024-09-15 02:00:00+00:00,25.744140416666667,25.72378
2024-09-15 03:00:00+00:00,23.387320833333334,22.894268
2024-09-15 04:00:00+00:00,20.910768666666666,21.098099
2024-09-15 05:00:00+00:00,17.67516791666667,19.048958
2024-09-15 06:00:00+00:00,15.752082333333336,17.64809
2024-09-15 07:00:00+00:00,14.002683416666665,16.382475
2024-09-15 08:00:00+00:00,13.72867975,15.438066
2024-09-15 09:00:00+00:00,13.767839583333334,16.004465
2024-09-15 10:00:00+00:00,14.579938666666667,17.561874
2024-09-15 11:00:00+00:00,14.20681283333333,17.87582
2024-09-15 12:00:00+00:00,15.240372166666667,17.82262
2024-09-15 13:00:00+00:00,18.664817500000005,19.277569
2024-09-15 14:00:00+00:00,20.57368608333333,21.44648
2024-09-15 15:00:00+00:00,24.19552341666666,23.27501
2024-09-15 16:00:00+00:00,27.38824025,24.711618
2024-09-15 17:00:00+00:00,33.35432666666667,26.61079
2024-09-15 18:00:00+00:00,33.60154283333333,28.527422
2024-09-15 19:00:00+00:00,38.28856566666666,30.97836
2024-09-15 20:00:00+00:00,50.16459066666667,37.13069
2024-09-15 21:00:00+00:00,65.00698858333334,42.916607
2024-09-15 22:00:00+00:00,63.74209575,64.073456
2024-09-15 23:00:00+00:00,52.93866975,51.793903
2024-09-16 00:00:00+00:00,41.442197666666665,42.64502
2024-09-16 01:00:00+00:00,31.96145375,35.489662
2024-09-16 02:00:00+00:00,26.481669916666664,29.807928
2024-09-16 03:00:00+00:00,23.834146083333334,25.215536
2024-09-16 04:00:00+00:00,20.581266166666666,21.79394
2024-09-16 05:00:00+00:00,18.068522666666667,19.36119
2024-09-16 06:00:00+00:00,15.697656083333335,17.56491
2024-09-16 07:00:00+00:00,14.545908083333334,15.865008
2024-09-16 08:00:00+00:00,15.277725833333333,15.599346
2024-09-16 09:00:00+00:00,19.047836,18.444548
2024-09-16 10:00:00+00:00,30.098047083333334,23.491234
2024-09-16 11:00:00+00:00,29.958944916666667,25.310898
2024-09-16 12:00:00+00:00,26.367235000000004,24.965195
2024-09-16 13:00:00+00:00,29.228493,27.275019
2024-09-16 14:00:00+00:00,34.22485783333333,30.040174
2024-09-16 15:00:00+00:00,34.05927991666667,32.42432
2024-09-16 16:00:00+00:00,35.72725783333333,34.707134
2024-09-16 17:00:00+00:00,40.55889966666667,37.42797
2024-09-16 18:00:00+00:00,40.76519258333334,40.319954
2024-09-16 19:00:00+00:00,46.437841166666665,44.074997
2024-09-16 20:00:00+00:00,59.55802975,52.322655
2024-09-16 21:00:00+00:00,71.72926941666667,64.8773
2024-09-16 22:00:00+00:00,58.096123,66.65666
2024-09-16 23:00:00+00:00,51.01548625,51.493824
2024-09-17 00:00:00+00:00,42.76863841666667,41.808014
2024-09-17 01:00:00+00:00,36.10297308333333,34.497417
2024-09-17 02:00:00+00:00,29.059071333333332,28.858852
2024-09-17 03:00:00+00:00,24.96016308333333,24.557524
2024-09-17 04:00:00+00:00,19.572838083333338,21.489632
2024-09-17 05:00:00+00:00,18.13089391666667,19.136496
2024-09-17 06:00:00+00:00,15.909756999999997,17.141329
2024-09-17 07:00:00+00:00,15.476650583333335,16.206127
2024-09-17 08:00:00+00:00,16.222956333333332,16.460112
2024-09-17 09:00:00+00:00,20.859344916666668,19.224903
2024-09-17 10:00:00+00:00,26.668563083333336,24.62141
2024-09-17 11:00:00+00:00,28.505420083333334,26.768744
2024-09-17 12:00:00+00:00,29.365523333333332,25.73388
2024-09-17 13:00:00+00:00,30.318161333333336,27.256214
2024-09-17 14:00:00+00:00,30.96708458333333,29.299511
2024-09-17 15:00:00+00:00,33.44951583333333,30.650623
2024-09-17 16:00:00+00:00,32.6697275,31.620878
2024-09-17 17:00:00+00:00,36.09807925,32.953083
2024-09-17 18:00:00+00:00,37.27241808333333,34.611027
2024-09-17 19:00:00+00:00,41.53566991666666,36.887775
2024-09-17 20:00:00+00:00,49.2028915,45.15125
2024-09-17 21:00:00+00:00,55.491370249999996,58.95028
2024-09-17 22:00:00+00:00,49.32742883333333,50.070812
2024-09-17 23:00:00+00:00,44.881415833333335,40.77837
2024-09-18 00:00:00+00:00,37.24932141666667,35.399544
2024-09-18 01:00:00+00:00,33.49911983333333,30.285807
2024-09-18 02:00:00+00:00,27.883744416666666,25.655605
2024-09-18 03:00:00+00:00,25.213075,22.432014
2024-09-18 04:00:00+00:00,20.81102225,19.966135
2024-09-18 05:00:00+00:00,18.856709,17.839226
2024-09-18 06:00:00+00:00,16.228604999999998,16.126938
2024-09-18 07:00:00+00:00,15.87726766666667,15.259949
2024-09-18 08:00:00+00:00,16.411459333333333,15.314564
2024-09-18 09:00:00+00:00,20.800707666666668,17.134787
2024-09-18 10:00:00+00:00,28.228500999999998,20.816544
2024-09-18 11:00:00+00:00,30.242321083333334,22.855068
2024-09-18 12:00:00+00:00,29.985079666666667,22.971111
2024-09-18 13:00:00+00:00,31.28429866666667,24.703804
2024-09-18 14:00:00+00:00,32.749415416666665,26.805984
2024-09-18 15:00:00+00:00,34.087310333333335,28.557215
2024-09-18 16:00:00+00:00,37.40741991666667,29.849897
2024-09-18 17:00:00+00:00,41.24877083333334,31.082535
2024-09-18 18:00:00+00:00,41.61968158333333,32.685028
2024-09-18 19:00:00+00:00,44.0728195,35.560356
2024-09-18 20:00:00+00:00,48.13951775,42.704704
2024-09-18 21:00:00+00:00,55.085615499999996,51.51919
2024-09-18 22:00:00+00:00,52.36661016666667,48.942554
2024-09-18 23:00:00+00:00,48.415504,41.544018
2024-09-19 00:00:00+00:00,42.82452516666667,36.92539
2024-09-19 01:00:00+00:00,40.18369216666667,32.107807
2024-09-19 02:00:00+00:00,33.553244,27.467758
2024-09-19 03:00:00+00:00,26.789077916666667,23.799824
2024-09-19 04:00:00+00:00,21.35874058333333,21.418413
2024-09-19 05:00:00+00:00,20.083842750000002,19.226587
2024-09-19 06:00:00+00:00,17.71253966666667,17.505964
2024-09-19 07:00:00+00:00,16.679251000000004,16.262917
2024-09-19 08:00:00+00:00,17.004879250000002,15.952562
2024-09-19 09:00:00+00:00,20.246778000000003,18.562672
2024-09-19 10:00:00+00:00,27.82923633333333,22.535477
2024-09-19 11:00:00+00:00,29.62530358333333,24.769178
2024-09-19 12:00:00+00:00,28.400050000000004,26.162512
2024-09-19 13:00:00+00:00,30.082484250000004,28.548845
2024-09-19 14:00:00+00:00,31.02900925,30.77164
2024-09-19 15:00:00+00:00,36.019199416666666,32.90193
2024-09-19 16:00:00+00:00,39.71282841666667,34.530094
2024-09-19 17:00:00+00:00,41.038695499999996,36.250153
2024-09-19 18:00:00+00:00,46.656448833333336,37.740356
2024-09-19 19:00:00+00:00,51.110077249999996,40.783524
2024-09-19 20:00:00+00:00,62.96258183333333,47.440216
2024-09-19 21:00:00+00:00,68.4273565,52.194496
2024-09-19 22:00:00+00:00,63.718064166666665,62.17694
2024-09-19 23:00:00+00:00,53.04889508333333,49.985397
2024-09-20 00:00:00+00:00,44.54911583333333,43.557884
2024-09-20 01:00:00+00:00,38.76996391666667,37.945633
2024-09-20 02:00:00+00:00,31.844857583333333,32.61331
2024-09-20 03:00:00+00:00,26.919734166666668,27.423216
2024-09-20 04:00:00+00:00,21.814118250000003,24.128796
2024-09-20 05:00:00+00:00,19.615228249999998,21.751602
2024-09-20 06:00:00+00:00,16.904358500000004,19.602848
2024-09-20 07:00:00+00:00,15.351956999999999,17.805618
2024-09-20 08:00:00+00:00,15.710328583333334,16.918764
2024-09-20 09:00:00+00:00,19.854214916666667,19.845566
2024-09-20 10:00:00+00:00,27.60468883333333,24.542427
2024-09-20 11:00:00+00:00,27.558020166666665,26.256313
2024-09-20 12:00:00+00:00,22.688387583333334,26.343689
2024-09-20 13:00:00+00:00,23.892203416666664,29.0806
2024-09-20 14:00:00+00:00,26.86470725,32.262524
2024-09-20 15:00:00+00:00,32.902042333333334,35.21513
2024-09-20 16:00:00+00:00,35.48237733333333,37.655247
2024-09-20 17:00:00+00:00,42.753555,40.172836
2024-09-20 18:00:00+00:00,49.16809391666666,43.51114
2024-09-20 19:00:00+00:00,53.840748916666655,47.487854
2024-09-20 20:00:00+00:00,66.45282075,55.820343
2024-09-20 21:00:00+00:00,81.30996941666668,64.90112
2024-09-20 22:00:00+00:00,69.48869233333333,68.11217
2024-09-20 23:00:00+00:00,53.51745124999999,54.4377
2024-09-21 00:00:00+00:00,41.410470249999996,45.224003
2024-09-21 01:00:00+00:00,36.338282166666666,37.97942
2024-09-21 02:00:00+00:00,30.898759166666668,32.60312
2024-09-21 03:00:00+00:00,27.5343175,27.951607
2024-09-21 04:00:00+00:00,29.36751633333333,24.529732
2024-09-21 05:00:00+00:00,25.543332666666664,21.78862
2024-09-21 06:00:00+00:00,20.85350191666667,19.900728
2024-09-21 07:00:00+00:00,17.207120333333336,18.483746
2024-09-21 08:00:00+00:00,16.079832916666668,17.22596
2024-09-21 09:00:00+00:00,16.901666833333337,18.552711
2024-09-21 10:00:00+00:00,19.031934000000003,22.168312
2024-09-21 11:00:00+00:00,19.70109125,23.422703
2024-09-21 12:00:00+00:00,20.0873205,23.0873
2024-09-21 13:00:00+00:00,22.3908435,25.879688
2024-09-21 14:00:00+00:00,28.658816666666667,29.069857
2024-09-21 15:00:00+00:00,32.69521783333334,32.0861
2024-09-21 16:00:00+00:00,36.50411425,34.92836
2024-09-21 17:00:00+00:00,39.854487166666665,38.39528
2024-09-21 18:00:00+00:00,41.874825916666666,41.79024
2024-09-21 19:00:00+00:00,50.49978333333333,45.934517
2024-09-21 20:00:00+00:00,59.20012066666666,56.030846
2024-09-21 21:00:00+00:00,70.8366135,67.82095
2024-09-21 22:00:00+00:00,66.78860108333333,62.552864
2024-09-21 23:00:00+00:00,51.05552,51.285263
2024-09-22 00:00:00+00:00,39.796894,42.605724
2024-09-22 01:00:00+00:00,37.939580666666664,35.8382
2024-09-22 02:00:00+00:00,32.51719983333333,31.079388
2024-09-22 03:00:00+00:00,30.559211083333338,26.640991
2024-09-22 04:00:00+00:00,22.95636216666667,23.089363
2024-09-22 05:00:00+00:00,18.903700666666666,20.429274
2024-09-22 06:00:00+00:00,17.233459166666666,18.264568
2024-09-22 07:00:00+00:00,14.938924333333333,16.336527
2024-09-22 08:00:00+00:00,13.379884583333332,14.734135
2024-09-22 09:00:00+00:00,14.525207250000001,14.984583
2024-09-22 10:00:00+00:00,16.97473775,17.47092
2024-09-22 11:00:00+00:00,16.506080333333337,19.160461
2024-09-22 12:00:00+00:00,16.002558833333335,20.776966
2024-09-22 13:00:00+00:00,16.765110166666666,24.579792
2024-09-22 14:00:00+00:00,18.841905083333337,28.344248
2024-09-22 15:00:00+00:00,23.692374083333334,32.257057
2024-09-22 16:00:00+00:00,26.930784083333332,35.949734
2024-09-22 17:00:00+00:00,29.43432125,40.167294
2024-09-22 18:00:00+00:00,33.27987825,44.609856
2024-09-22 19:00:00+00:00,35.618298,49.79299
2024-09-22 20:00:00+00:00,42.68189641666667,57.832687
2024-09-22 21:00:00+00:00,55.525218083333336,66.12195
2024-09-22 22:00:00+00:00,50.08424975,52.21412
2024-09-22 23:00:00+00:00,41.185292916666675,45.606285
2024-09-23 00:00:00+00:00,35.84090316666667,39.815018
2024-09-23 01:00:00+00:00,29.73105166666667,33.973427
2024-09-23 02:00:00+00:00,24.651359166666666,28.996284
2024-09-23 03:00:00+00:00,21.00654533333333,24.933369
2024-09-23 04:00:00+00:00,18.440569416666666,21.941643
2024-09-23 05:00:00+00:00,16.692865083333334,19.728497
2024-09-23 06:00:00+00:00,14.554666666666668,18.028107
2024-09-23 07:00:00+00:00,14.013920416666666,16.854624
2024-09-23 08:00:00+00:00,17.686064000000002,16.69135
2024-09-23 09:00:00+00:00,21.014192083333334,18.7151
2024-09-23 10:00:00+00:00,27.082743416666673,22.619678
2024-09-23 11:00:00+00:00,34.393060166666665,24.721483
2024-09-23 12:00:00+00:00,32.059961333333334,25.380205
2024-09-23 13:00:00+00:00,30.307545916666665,27.815334
2024-09-23 14:00:00+00:00,31.164334083333333,30.445377
2024-09-23 15:00:00+00:00,32.4389825,32.93572
2024-09-23 16:00:00+00:00,34.750671000000004,35.401165
2024-09-23 17:00:00+00:00,35.971287749999995,38.330532
2024-09-23 18:00:00+00:00,36.81139533333333,41.509033
2024-09-23 19:00:00+00:00,37.572186916666666,45.575123
2024-09-23 20:00:00+00:00,42.27936433333333,51.711536
2024-09-23 21:00:00+00:00,48.404866166666665,58.58226
2024-09-23 22:00:00+00:00,47.118912249999994,45.180428
2024-09-23 23:00:00+00:00,48.647753,38.836983
2024-09-24 00:00:00+00:00,37.713031916666665,33.998486
2024-09-24 01:00:00+00:00,34.444151166666664,29.461082
2024-09-24 02:00:00+00:00,30.411426333333335,25.117977
2024-09-24 03:00:00+00:00,23.430176583333335,21.683722
2024-09-24 04:00:00+00:00,25.04872333333333,19.35373
2024-09-24 05:00:00+00:00,22.874582750000002,17.550264
2024-09-24 06:00:00+00:00,17.571894166666667,16.12215
2024-09-24 07:00:00+00:00,16.97670066666667,15.273664
2024-09-24 08:00:00+00:00,18.058658916666673,15.553364
2024-09-24 09:00:00+00:00,24.36079191666667,18.534214
2024-09-24 10:00:00+00:00,32.47830475,23.627438
2024-09-24 11:00:00+00:00,37.621157583333336,27.097485
2024-09-24 12:00:00+00:00,36.279702416666666,27.473637
2024-09-24 13:00:00+00:00,36.839842,28.289524
2024-09-24 14:00:00+00:00,36.02476908333333,29.748817
2024-09-24 15:00:00+00:00,37.49114433333333,30.893328
2024-09-24 16:00:00+00:00,37.187111,31.464218
2024-09-24 17:00:00+00:00,39.40088708333334,32.232582
2024-09-24 18:00:00+00:00,37.25274175,33.450516
2024-09-24 19:00:00+00:00,36.33156333333333,35.695168
2024-09-24 20:00:00+00:00,37.39915166666667,40.690662
2024-09-24 21:00:00+00:00,41.83844033333334,46.73684
2024-09-24 22:00:00+00:00,45.87474758333334,42.3092
2024-09-24 23:00:00+00:00,50.67658408333333,37.5395
2024-09-25 00:00:00+00:00,42.44133283333333,35.13169
2024-09-25 01:00:00+00:00,34.394264916666664,31.654934
2024-09-25 02:00:00+00:00,30.154757583333335,26.869759
2024-09-25 03:00:00+00:00,26.448279083333333,23.225952
2024-09-25 04:00:00+00:00,24.493566833333333,20.844072
2024-09-25 05:00:00+00:00,21.691458333333333,19.17301
2024-09-25 06:00:00+00:00,18.702409750000005,17.946312
2024-09-25 07:00:00+00:00,18.599393,16.594172
2024-09-25 08:00:00+00:00,19.26656516666667,16.041561
2024-09-25 09:00:00+00:00,26.89510041666667,18.12323
2024-09-25 10:00:00+00:00,37.2197595,22.96193
2024-09-25 11:00:00+00:00,39.680346500000006,26.859692
2024-09-25 12:00:00+00:00,36.604315500000006,27.237911
2024-09-25 13:00:00+00:00,38.352405583333336,27.761925
2024-09-25 14:00:00+00:00,38.51203458333333,28.871271
2024-09-25 15:00:00+00:00,36.14443283333333,29.329348
2024-09-25 16:00:00+00:00,37.179971916666666,29.895893
2024-09-25 17:00:00+00:00,38.687432916666666,30.185879
2024-09-25 18:00:00+00:00,38.322282083333334,30.529413
2024-09-25 19:00:00+00:00,38.26603775,32.34104
2024-09-25 20:00:00+00:00,41.66079216666667,36.53716
2024-09-25 21:00:00+00:00,48.33702258333332,41.542435
2024-09-25 22:00:00+00:00,52.648335833333334,49.656425
2024-09-25 23:00:00+00:00,62.63912908333333,44.24826
2024-09-26 00:00:00+00:00,47.957019333333335,39.297485
2024-09-26 01:00:00+00:00,40.58460875,33.828247
2024-09-26 02:00:00+00:00,34.696911916666664,28.4557
2024-09-26 03:00:00+00:00,32.869432583333335,24.496344
2024-09-26 04:00:00+00:00,23.94058433333333,21.971031
2024-09-26 05:00:00+00:00,22.278780916666665,20.014526
2024-09-26 06:00:00+00:00,18.851483666666667,18.424267
2024-09-26 07:00:00+00:00,18.113505916666668,16.918892
2024-09-26 08:00:00+00:00,18.747297833333334,16.759476
2024-09-26 09:00:00+00:00,23.52951141666666,19.87464
2024-09-26 10:00:00+00:00,35.4001795,26.604952
2024-09-26 11:00:00+00:00,35.8941425,31.251287
2024-09-26 12:00:00+00:00,33.18999066666667,30.497515
2024-09-26 13:00:00+00:00,34.92363875,29.978178
2024-09-26 14:00:00+00:00,32.52612675,31.193548
2024-09-26 15:00:00+00:00,35.068627,32.20712
2024-09-26 16:00:00+00:00,37.354512416666665,33.221203
2024-09-26 17:00:00+00:00,39.446062250000004,33.58245
2024-09-26 18:00:00+00:00,40.6106655,33.997105
2024-09-26 19:00:00+00:00,40.102832416666665,35.792133
2024-09-26 20:00:00+00:00,46.60778858333333,40.951687
2024-09-26 21:00:00+00:00,50.69901591666667,47.979927
2024-09-26 22:00:00+00:00,47.237323583333335,54.790203
2024-09-26 23:00:00+00:00,52.26467175,50.570118
2024-09-27 00:00:00+00:00,39.53044975,44.356327
2024-09-27 01:00:00+00:00,32.01968791666667,38.36553
2024-09-27 02:00:00+00:00,29.436593000000006,32.94915
2024-09-27 03:00:00+00:00,26.933624749999996,28.439363
2024-09-27 04:00:00+00:00,23.300787499999995,25.109484
2024-09-27 05:00:00+00:00,23.285634583333334,23.014706
2024-09-27 06:00:00+00:00,19.597573,21.35932
2024-09-27 07:00:00+00:00,18.926479750000002,19.156366
2024-09-27 08:00:00+00:00,19.195206666666667,17.49858
2024-09-27 09:00:00+00:00,22.987124916666673,19.967299
2024-09-27 10:00:00+00:00,30.539866166666673,25.857296
2024-09-27 11:00:00+00:00,31.39279275,29.752306
2024-09-27 12:00:00+00:00,29.492686000000003,29.376757
2024-09-27 13:00:00+00:00,31.022863083333334,29.363337
2024-09-27 14:00:00+00:00,29.24562066666667,31.31334
2024-09-27 15:00:00+00:00,28.788192083333332,32.852493
2024-09-27 16:00:00+00:00,29.052841333333333,33.97602
2024-09-27 17:00:00+00:00,30.212751416666666,34.885284
2024-09-27 18:00:00+00:00,29.33008875,35.866367
2024-09-27 19:00:00+00:00,28.454935416666668,37.65956
2024-09-27 20:00:00+00:00,29.233042166666667,41.60974
2024-09-27 21:00:00+00:00,29.685985583333334,48.630524
2024-09-27 22:00:00+00:00,29.80021975,31.884356
2024-09-27 23:00:00+00:00,33.880790749999996,31.893238
2024-09-28 00:00:00+00:00,28.494688583333332,30.010477
2024-09-28 01:00:00+00:00,26.441908416666664,27.22031
2024-09-28 02:00:00+00:00,24.897090833333333,24.725826
2024-09-28 03:00:00+00:00,22.624831416666666,22.533657
2024-09-28 04:00:00+00:00,23.491347083333334,21.041676
2024-09-28 05:00:00+00:00,23.479360916666668,19.92964
2024-09-28 06:00:00+00:00,18.318434666666665,18.86495
2024-09-28 07:00:00+00:00,16.873320833333334,17.919687
2024-09-28 08:00:00+00:00,17.567779,16.948013
2024-09-28 09:00:00+00:00,20.383484916666667,16.937323
2024-09-28 10:00:00+00:00,24.026644333333333,18.160461
2024-09-28 11:00:00+00:00,26.542530916666667,19.779633
2024-09-28 12:00:00+00:00,26.203181583333333,20.826197
2024-09-28 13:00:00+00:00,26.293250333333333,21.434357
2024-09-28 14:00:00+00:00,27.06703225,21.748257
2024-09-28 15:00:00+00:00,28.52933775,21.994446
2024-09-28 16:00:00+00:00,28.66354,21.934265
2024-09-28 17:00:00+00:00,30.880401833333334,21.639925
2024-09-28 18:00:00+00:00,31.139788000000003,21.556019
2024-09-28 19:00:00+00:00,32.505875583333335,21.987862
2024-09-28 20:00:00+00:00,35.132386333333336,23.705997
2024-09-28 21:00:00+00:00,42.03637466666667,26.088497
2024-09-28 22:00:00+00:00,42.06728258333333,44.80712
2024-09-28 23:00:00+00:00,42.70796833333333,41.138504
2024-09-29 00:00:00+00:00,35.22327791666667,37.58519
2024-09-29 01:00:00+00:00,31.236193249999996,33.514366
2024-09-29 02:00:00+00:00,29.387709083333334,29.054996
2024-09-29 03:00:00+00:00,26.891687,25.301535
2024-09-29 04:00:00+00:00,21.42722025,22.421911
2024-09-29 05:00:00+00:00,21.173281666666668,20.509264
2024-09-29 06:00:00+00:00,19.051986083333336,19.170313
2024-09-29 07:00:00+00:00,17.86586541666667,17.235424
2024-09-29 08:00:00+00:00,17.09191716666667,15.797222
2024-09-29 09:00:00+00:00,16.886958083333333,16.170277
2024-09-29 10:00:00+00:00,18.274809583333333,17.983562
2024-09-29 11:00:00+00:00,19.646905333333333,20.265629
2024-09-29 12:00:00+00:00,21.171028166666666,21.40526
2024-09-29 13:00:00+00:00,21.410286,22.7478
2024-09-29 14:00:00+00:00,21.418522916666667,24.932579
2024-09-29 15:00:00+00:00,23.210133583333334,26.621077
2024-09-29 16:00:00+00:00,25.143152916666665,27.75936
2024-09-29 17:00:00+00:00,25.465537416666667,29.041155
2024-09-29 18:00:00+00:00,26.41589241666666,30.202925
2024-09-29 19:00:00+00:00,27.061789166666667,32.54762
2024-09-29 20:00:00+00:00,30.34996975,36.688625
2024-09-29 21:00:00+00:00,39.1759015,41.302704
2024-09-29 22:00:00+00:00,39.63689133333333,43.16691
2024-09-29 23:00:00+00:00,46.82665300000001,42.458168
2024-09-30 00:00:00+00:00,36.708429083333336,38.456146
2024-09-30 01:00:00+00:00,30.643740416666663,33.29189
2024-09-30 02:00:00+00:00,28.014780583333337,28.439905
2024-09-30 03:00:00+00:00,23.463495333333334,24.614134
2024-09-30 04:00:00+00:00,23.592266346666666,22.410435
2024-09-30 05:00:00+00:00,23.721037359999997,20.434906
2024-09-30 06:00:00+00:00,23.84980837333333,18.911396
2024-10-01 04:00:00+00:00,26.682770666666666,17.84734
2024-10-01 05:00:00+00:00,23.82313425,17.97482
2024-10-01 06:00:00+00:00,18.56992925,21.243046
2024-10-01 07:00:00+00:00,16.375292916666666,27.399323
2024-10-01 08:00:00+00:00,17.840689833333332,30.803928
2024-10-01 09:00:00+00:00,23.29864066666667,30.83001
2024-10-01 10:00:00+00:00,35.242865,31.42557
2024-10-01 11:00:00+00:00,39.53245283333333,32.83134
2024-10-01 12:00:00+00:00,36.9978985,34.31789
2024-10-01 13:00:00+00:00,34.768807,35.925266
2024-10-01 14:00:00+00:00,30.847126083333333,37.681953
2024-10-01 15:00:00+00:00,30.74548941666667,39.297
2024-10-01 16:00:00+00:00,31.819038416666668,41.184097
2024-10-01 17:00:00+00:00,33.19896358333333,44.534805
2024-10-01 18:00:00+00:00,33.39956375,48.50624
2024-10-01 19:00:00+00:00,32.006567,38.09312
2024-10-01 20:00:00+00:00,34.51349316666667,40.56199
2024-10-01 21:00:00+00:00,41.56654266666667,38.211143
2024-10-01 22:00:00+00:00,46.67182366666666,34.660385
2024-10-01 23:00:00+00:00,50.04375975,31.754898
2024-10-02 00:00:00+00:00,37.1083825,29.301394
2024-10-02 01:00:00+00:00,31.35555825,26.763763
2024-10-02 02:00:00+00:00,28.282961416666666,25.081558
2024-10-02 03:00:00+00:00,22.72906508333333,24.478424
2024-10-02 04:00:00+00:00,19.772837750000004,23.74319
2024-10-02 05:00:00+00:00,17.747450583333336,23.47598
2024-10-02 06:00:00+00:00,16.23738175,24.7839
2024-10-02 07:00:00+00:00,15.821602916666668,27.066145
2024-10-02 08:00:00+00:00,17.966086250000004,30.557272
2024-10-02 09:00:00+00:00,23.54668325,35.40575
2024-10-02 10:00:00+00:00,33.17842725,38.73045
2024-10-02 11:00:00+00:00,39.33990175,39.138577
2024-10-02 12:00:00+00:00,33.704088000000006,38.42831
2024-10-02 13:00:00+00:00,31.058432666666665,37.374863
2024-10-02 14:00:00+00:00,27.07928425,35.645855
2024-10-02 15:00:00+00:00,28.495211916666666,34.016624
2024-10-02 16:00:00+00:00,28.314926,33.46806
2024-10-02 17:00:00+00:00,31.638547166666665,33.832283
2024-10-02 18:00:00+00:00,31.136179833333333,35.030464
2024-10-02 19:00:00+00:00,32.50727925,31.930725
2024-10-02 20:00:00+00:00,34.55929758333333,33.610416
2024-10-02 21:00:00+00:00,44.26069283333334,37.534584
2024-10-02 22:00:00+00:00,51.70385491666668,40.84977
2024-10-02 23:00:00+00:00,51.13999616666668,39.845867
2024-10-03 00:00:00+00:00,33.63940675,34.124237
2024-10-03 01:00:00+00:00,26.93447175,28.303215
2024-10-03 02:00:00+00:00,23.89538908333333,24.510849
2024-10-03 03:00:00+00:00,20.283360000000002,22.323675
2024-10-03 04:00:00+00:00,19.918787249999998,20.914509
2024-10-03 05:00:00+00:00,19.21845233333334,20.051147
2024-10-03 06:00:00+00:00,16.45987766666667,19.507504
2024-10-03 07:00:00+00:00,16.203964416666672,19.37394
2024-10-03 08:00:00+00:00,17.748808333333336,20.786373
2024-10-03 09:00:00+00:00,22.88442925,25.703781
2024-10-03 10:00:00+00:00,36.418170833333335,31.79164
2024-10-03 11:00:00+00:00,40.58589191666667,34.778973
2024-10-03 12:00:00+00:00,30.944156083333336,33.889336
2024-10-03 13:00:00+00:00,27.764056416666666,32.64929
2024-10-03 14:00:00+00:00,27.822327416666667,32.423393
2024-10-03 15:00:00+00:00,28.703217416666664,32.721752
2024-10-03 16:00:00+00:00,30.7508425,33.009804
2024-10-03 17:00:00+00:00,31.892641583333337,33.095333
2024-10-03 18:00:00+00:00,33.243684916666666,32.87065
2024-10-03 19:00:00+00:00,36.40295891666667,34.941277
2024-10-03 20:00:00+00:00,44.14871141666667,39.266174
2024-10-03 21:00:00+00:00,59.07670266666667,45.44017
2024-10-03 22:00:00+00:00,67.29748133333334,46.617973
2024-10-03 23:00:00+00:00,58.215093249999995,42.434902
2024-10-04 00:00:00+00:00,43.21728266666667,35.885895
2024-10-04 01:00:00+00:00,36.901719916666664,29.389996
2024-10-04 02:00:00+00:00,32.16356716666667,25.271132
2024-10-04 03:00:00+00:00,26.919139583333333,22.838692
2024-10-04 04:00:00+00:00,23.230666916666667,21.139496
2024-10-04 05:00:00+00:00,19.149322750000003,20.61097
2024-10-04 06:00:00+00:00,17.292057166666666,19.967243
2024-10-04 07:00:00+00:00,16.441327833333336,19.635565
2024-10-04 08:00:00+00:00,17.662933916666667,22.573128
2024-10-04 09:00:00+00:00,21.603567666666667,28.789362
2024-10-04 10:00:00+00:00,33.16190783333334,33.253567
2024-10-04 11:00:00+00:00,34.31846208333334,34.6211
2024-10-04 12:00:00+00:00,31.599048166666666,34.50903
2024-10-04 13:00:00+00:00,27.525930083333336,33.404
2024-10-04 14:00:00+00:00,28.52974983333333,32.634743
2024-10-04 15:00:00+00:00,29.677428250000002,32.876457
2024-10-04 16:00:00+00:00,33.032661,33.0406
2024-10-04 17:00:00+00:00,38.07339325,33.428577
2024-10-04 18:00:00+00:00,41.698429583333336,33.957153
2024-10-04 19:00:00+00:00,44.53174525,44.899807
2024-10-04 20:00:00+00:00,49.89301616666667,52.998314
2024-10-04 21:00:00+00:00,62.946516333333335,65.629845
2024-10-04 22:00:00+00:00,63.090033500000004,68.71161
2024-10-04 23:00:00+00:00,54.909551666666665,59.052147
2024-10-05 00:00:00+00:00,35.477245833333335,47.169903
2024-10-05 01:00:00+00:00,32.52059791666667,37.76132
2024-10-05 02:00:00+00:00,29.244087583333336,32.231148
2024-10-05 03:00:00+00:00,25.295267499999998,28.076084
2024-10-05 04:00:00+00:00,23.991207166666666,25.030909
2024-10-05 05:00:00+00:00,22.148796416666666,23.089754
2024-10-05 06:00:00+00:00,18.420228250000005,20.886219
2024-10-05 07:00:00+00:00,17.317361166666668,19.144663
2024-10-05 08:00:00+00:00,17.251557583333334,20.562325
2024-10-05 09:00:00+00:00,17.684389250000002,25.201077
2024-10-05 10:00:00+00:00,20.12870025,29.711952
2024-10-05 11:00:00+00:00,22.432179916666666,33.208817
2024-10-05 12:00:00+00:00,22.157121916666668,33.733818
2024-10-05 13:00:00+00:00,21.2172355,32.266605
2024-10-05 14:00:00+00:00,20.933376166666665,32.64081
2024-10-05 15:00:00+00:00,21.184115666666667,34.248657
2024-10-05 16:00:00+00:00,22.940325333333334,35.273895
2024-10-05 17:00:00+00:00,23.83576875,36.78442
2024-10-05 18:00:00+00:00,26.814918833333337,40.359356
2024-10-05 19:00:00+00:00,29.120887666666665,28.182425
2024-10-05 20:00:00+00:00,34.86292275,31.203814
2024-10-05 21:00:00+00:00,49.49496291666667,37.332317
2024-10-05 22:00:00+00:00,55.46951966666666,40.1064
2024-10-05 23:00:00+00:00,49.68178208333333,36.11383
2024-10-06 00:00:00+00:00,34.66909666666667,30.517958
2024-10-06 01:00:00+00:00,28.43311366666667,26.460842
2024-10-06 02:00:00+00:00,24.88461583333333,23.881687
2024-10-06 03:00:00+00:00,21.263302333333332,22.39834
2024-10-06 04:00:00+00:00,19.71258466666667,20.94663
2024-10-06 05:00:00+00:00,15.700013083333332,19.507433
2024-10-06 06:00:00+00:00,13.95483975,17.964828
2024-10-06 07:00:00+00:00,10.983982833333336,17.721298
2024-10-06 08:00:00+00:00,11.410067,19.043427
2024-10-06 09:00:00+00:00,12.994807999999997,20.835594
2024-10-06 10:00:00+00:00,15.938806833333334,22.610678
2024-10-06 11:00:00+00:00,18.380585916666668,23.407671
2024-10-06 12:00:00+00:00,16.643451166666665,23.422802
2024-10-06 13:00:00+00:00,16.157233916666666,23.402142
2024-10-06 14:00:00+00:00,17.893460833333332,23.80825
2024-10-06 15:00:00+00:00,19.48555575,24.656364
2024-10-06 16:00:00+00:00,22.25998525,25.598633
2024-10-06 17:00:00+00:00,22.33563525,26.444517
2024-10-06 18:00:00+00:00,24.65706283333333,27.500597
2024-10-06 19:00:00+00:00,25.97345575,26.92672
2024-10-06 20:00:00+00:00,30.938089166666668,33.733887
2024-10-06 21:00:00+00:00,47.60769508333333,47.38797
2024-10-06 22:00:00+00:00,61.03763141666667,53.721935
2024-10-06 23:00:00+00:00,58.77710416666666,48.165604
2024-10-07 00:00:00+00:00,38.236831583333334,39.514946
2024-10-07 01:00:00+00:00,29.474882500000003,31.791811
2024-10-07 02:00:00+00:00,27.63103325,26.822939
2024-10-07 03:00:00+00:00,26.55524708333333,23.680408
2024-10-07 04:00:00+00:00,23.355189,21.303417
2024-10-07 05:00:00+00:00,20.629462416666666,19.561079
2024-10-07 06:00:00+00:00,18.250674833333335,17.428047
2024-10-07 07:00:00+00:00,18.114867500000003,16.416094
2024-10-07 08:00:00+00:00,19.933533333333337,18.244144
2024-10-07 09:00:00+00:00,27.068433833333334,22.701069
2024-10-07 10:00:00+00:00,47.82569358333334,28.903742
2024-10-07 11:00:00+00:00,58.905823749999996,32.600914
2024-10-07 12:00:00+00:00,37.12628233333333,32.567036
2024-10-07 13:00:00+00:00,31.336816583333338,32.31756
2024-10-07 14:00:00+00:00,31.495529,32.983845
2024-10-07 15:00:00+00:00,32.37711766666667,33.82969
2024-10-07 16:00:00+00:00,32.871845,34.83893
2024-10-07 17:00:00+00:00,34.471540833333336,35.826134
2024-10-07 18:00:00+00:00,33.47162041666667,37.118065
2024-10-07 19:00:00+00:00,33.16180775,33.387295
2024-10-07 20:00:00+00:00,35.266666,40.592052
2024-10-07 21:00:00+00:00,60.61911491666667,58.961315
2024-10-07 22:00:00+00:00,80.22190425000001,66.82779
2024-10-07 23:00:00+00:00,66.18214441666667,56.879055
2024-10-08 00:00:00+00:00,39.67453891666667,46.472702
2024-10-08 01:00:00+00:00,35.11916825,38.993126
2024-10-08 02:00:00+00:00,32.60891275,32.915024
2024-10-08 03:00:00+00:00,30.229348416666667,29.51136
2024-10-08 04:00:00+00:00,29.01509491666667,27.842842
2024-10-08 05:00:00+00:00,25.380440250000003,26.486164
2024-10-08 06:00:00+00:00,23.99066375,24.033241
2024-10-08 07:00:00+00:00,22.956346,23.16689
2024-10-08 08:00:00+00:00,22.79403675,28.103989
2024-10-08 09:00:00+00:00,27.55308158333333,37.10773
2024-10-08 10:00:00+00:00,46.42674516666668,46.760506
2024-10-08 11:00:00+00:00,55.07461233333334,50.268883
2024-10-08 12:00:00+00:00,33.01799175,45.361618
2024-10-08 13:00:00+00:00,27.784102083333334,39.817425
2024-10-08 14:00:00+00:00,27.465549166666666,37.206776
2024-10-08 15:00:00+00:00,27.27437075,35.294376
2024-10-08 16:00:00+00:00,27.30445875,33.533127
2024-10-08 17:00:00+00:00,27.16252741666667,32.254204
2024-10-08 18:00:00+00:00,28.164123416666666,32.39513
2024-10-08 19:00:00+00:00,28.685327916666665,28.686825
2024-10-08 20:00:00+00:00,32.06190591666667,33.00379
2024-10-08 21:00:00+00:00,50.646225416666674,48.093353
2024-10-08 22:00:00+00:00,77.43171366666667,56.710205
2024-10-08 23:00:00+00:00,67.65923858333333,47.47972
2024-10-09 00:00:00+00:00,40.06746483333333,38.103363
2024-10-09 01:00:00+00:00,33.37010108333333,32.760303
2024-10-09 02:00:00+00:00,32.33585991666667,27.806875
2024-10-09 03:00:00+00:00,27.9593145,24.730225
2024-10-09 04:00:00+00:00,25.983283500000002,23.656288
2024-10-09 05:00:00+00:00,22.078732416666668,22.85764
2024-10-09 06:00:00+00:00,19.17467016666667,20.74819
2024-10-09 07:00:00+00:00,19.931719416666667,20.224602
2024-10-09 08:00:00+00:00,20.888071916666668,23.910088
2024-10-09 09:00:00+00:00,25.832085083333336,29.426313
2024-10-09 10:00:00+00:00,41.15485466666666,37.37792
2024-10-09 11:00:00+00:00,53.864743000000004,41.352097
2024-10-09 12:00:00+00:00,30.550031083333334,36.366623
2024-10-09 13:00:00+00:00,26.192783583333334,31.097551
2024-10-09 14:00:00+00:00,25.819760416666668,29.368587
2024-10-09 15:00:00+00:00,26.790835583333333,28.635212
2024-10-09 16:00:00+00:00,27.309308666666666,28.061726
2024-10-09 17:00:00+00:00,27.839132916666667,26.936481
2024-10-09 18:00:00+00:00,30.567973,26.468065
2024-10-09 19:00:00+00:00,31.07873216666667,31.133356
2024-10-09 20:00:00+00:00,33.490575166666666,34.550224
2024-10-09 21:00:00+00:00,53.11027758333334,49.287983
2024-10-09 22:00:00+00:00,76.76375391666666,61.393997
2024-10-09 23:00:00+00:00,70.57678750000001,52.323223
2024-10-10 00:00:00+00:00,40.033820666666664,39.61625
2024-10-10 01:00:00+00:00,36.43209083333333,32.18246
2024-10-10 02:00:00+00:00,31.017084083333334,26.489357
2024-10-10 03:00:00+00:00,24.462108416666666,23.125057
2024-10-10 04:00:00+00:00,19.886709916666664,21.758646
2024-10-10 05:00:00+00:00,17.812607583333335,20.821404
2024-10-10 06:00:00+00:00,16.03761875,19.091774
2024-10-10 07:00:00+00:00,15.933387250000004,18.216549
2024-10-10 08:00:00+00:00,16.06157825,21.000029
2024-10-10 09:00:00+00:00,21.73259733333333,27.029501
2024-10-10 10:00:00+00:00,39.57791275,35.27295
2024-10-10 11:00:00+00:00,49.25074008333333,40.571777
2024-10-10 12:00:00+00:00,28.788140916666666,36.71679
2024-10-10 13:00:00+00:00,23.687576916666668,31.828804
2024-10-10 14:00:00+00:00,22.350402916666667,30.576649
2024-10-10 15:00:00+00:00,22.63833716666667,30.302395
2024-10-10 16:00:00+00:00,23.787705083333332,30.201288
2024-10-10 17:00:00+00:00,23.53413775,29.386015
2024-10-10 18:00:00+00:00,22.498545500000002,28.447735
2024-10-10 19:00:00+00:00,22.18911991666667,22.39801
2024-10-10 20:00:00+00:00,25.515944249999997,25.44434
2024-10-10 21:00:00+00:00,38.44662375,39.495026
2024-10-10 22:00:00+00:00,63.22229725,52.12995
2024-10-10 23:00:00+00:00,62.591372750000005,44.224148
2024-10-11 00:00:00+00:00,38.72474016666667,33.03618
2024-10-11 01:00:00+00:00,31.36373675,27.567787
2024-10-11 02:00:00+00:00,29.744088333333334,22.779518
2024-10-11 03:00:00+00:00,26.498371083333335,19.162083
2024-10-11 04:00:00+00:00,24.155999750000003,17.609451
2024-10-11 05:00:00+00:00,21.714869000000004,16.525314
2024-10-11 06:00:00+00:00,19.829087333333334,15.121122
2024-10-11 07:00:00+00:00,19.339414750000003,14.161074
2024-10-11 08:00:00+00:00,20.386727500000003,16.48896
2024-10-11 09:00:00+00:00,25.238280166666666,21.258116
2024-10-11 10:00:00+00:00,44.80265225,28.869135
2024-10-11 11:00:00+00:00,56.110618666666674,34.114647
2024-10-11 12:00:00+00:00,31.134117833333335,30.62673
2024-10-11 13:00:00+00:00,24.690765166666665,26.145515
2024-10-11 14:00:00+00:00,25.55097725,24.791916
2024-10-11 15:00:00+00:00,24.785848666666666,23.819828
2024-10-11 16:00:00+00:00,23.954150333333335,23.20578
2024-10-11 17:00:00+00:00,23.394500083333337,22.307972
2024-10-11 18:00:00+00:00,23.454841750000003,21.531494
2024-10-11 19:00:00+00:00,24.391147,23.456837
2024-10-11 20:00:00+00:00,26.916390583333335,26.610857
2024-10-11 21:00:00+00:00,36.726620000000004,39.939137
2024-10-11 22:00:00+00:00,47.78123516666667,52.188942
2024-10-11 23:00:00+00:00,35.8063025,46.19919
2024-10-12 00:00:00+00:00,28.004954333333334,36.05185
2024-10-12 01:00:00+00:00,24.0748095,30.238104
2024-10-12 02:00:00+00:00,22.360095,25.9315
2024-10-12 03:00:00+00:00,19.990396333333333,22.638645
2024-10-12 04:00:00+00:00,23.426973333333333,21.363804
2024-10-12 05:00:00+00:00,25.90647975,20.380074
2024-10-12 06:00:00+00:00,18.831496583333333,18.803837
2024-10-12 07:00:00+00:00,18.569670750000004,18.018494
2024-10-12 08:00:00+00:00,21.276347583333333,19.143269
2024-10-12 09:00:00+00:00,23.425173583333333,21.527584
2024-10-12 10:00:00+00:00,26.05998475,28.241283
2024-10-12 11:00:00+00:00,34.369964833333334,33.378433
2024-10-12 12:00:00+00:00,25.803060916666666,29.121008
2024-10-12 13:00:00+00:00,21.5913405,23.222506
2024-10-12 14:00:00+00:00,23.722961666666667,20.963814
2024-10-12 15:00:00+00:00,24.25877291666667,20.138483
2024-10-12 16:00:00+00:00,25.73455458333333,19.715946
2024-10-12 17:00:00+00:00,26.91943925,18.397348
2024-10-12 18:00:00+00:00,27.217485583333332,17.75528
2024-10-12 19:00:00+00:00,29.39274383333333,28.2698
2024-10-12 20:00:00+00:00,37.1493955,31.54576
2024-10-12 21:00:00+00:00,56.388721333333336,44.869446
2024-10-12 22:00:00+00:00,77.24672375,54.18666
2024-10-12 23:00:00+00:00,55.61934983333333,45.057774
2024-10-13 00:00:00+00:00,38.499508666666664,35.85344
2024-10-13 01:00:00+00:00,33.42703458333333,31.076153
2024-10-13 02:00:00+00:00,31.110144916666663,26.936754
2024-10-13 03:00:00+00:00,24.677676166666668,23.873497
2024-10-13 04:00:00+00:00,21.609049833333334,22.705849
2024-10-13 05:00:00+00:00,20.863216083333334,21.838623
2024-10-13 06:00:00+00:00,18.50437991666667,19.804966
2024-10-13 07:00:00+00:00,17.810599666666665,18.465303
2024-10-13 08:00:00+00:00,16.047221333333333,19.021805
2024-10-13 09:00:00+00:00,15.136448916666664,19.72493
2024-10-13 10:00:00+00:00,18.764368500000003,25.100117
2024-10-13 11:00:00+00:00,21.1300755,30.169905
2024-10-13 12:00:00+00:00,20.607386833333333,26.393375
2024-10-13 13:00:00+00:00,21.443133166666666,22.194689
2024-10-13 14:00:00+00:00,19.877122583333335,22.116802
2024-10-13 15:00:00+00:00,20.713467833333336,22.495855
2024-10-13 16:00:00+00:00,21.142341583333334,22.419601
2024-10-13 17:00:00+00:00,21.03135316666667,21.838715
2024-10-13 18:00:00+00:00,22.64262975,22.034359
2024-10-13 19:00:00+00:00,23.944479,23.629524
2024-10-13 20:00:00+00:00,29.78287516666667,28.282959
2024-10-13 21:00:00+00:00,48.65771866666666,46.004982
2024-10-13 22:00:00+00:00,72.06030700000001,59.169876
2024-10-13 23:00:00+00:00,63.628749666666664,48.67513
2024-10-14 00:00:00+00:00,36.418134333333334,37.132217
2024-10-14 01:00:00+00:00,30.227960166666666,31.437529
2024-10-14 02:00:00+00:00,24.619260166666667,25.753143
2024-10-14 03:00:00+00:00,20.90105541666667,22.228554
2024-10-14 04:00:00+00:00,17.537314083333335,20.550064
2024-10-14 05:00:00+00:00,15.617981,19.860487
2024-10-14 06:00:00+00:00,13.745719000000001,18.813639
2024-10-14 07:00:00+00:00,15.3066275,18.75916
2024-10-14 08:00:00+00:00,15.249580833333333,24.06865
2024-10-14 09:00:00+00:00,18.04163375,31.159882
2024-10-14 10:00:00+00:00,26.179242916666666,39.606243
2024-10-14 11:00:00+00:00,32.07648941666667,46.398483
2024-10-14 12:00:00+00:00,30.447382666666662,44.306667
2024-10-14 13:00:00+00:00,23.328576916666666,40.02261
2024-10-14 14:00:00+00:00,27.101891249999998,39.07258
2024-10-14 15:00:00+00:00,27.667114333333334,38.061577
2024-10-14 16:00:00+00:00,28.829337083333332,35.83703
2024-10-14 17:00:00+00:00,28.4649095,33.42048
2024-10-14 18:00:00+00:00,27.97727775,31.937374
2024-10-14 19:00:00+00:00,25.42527425,29.030212
2024-10-14 20:00:00+00:00,28.636793416666666,32.941605
2024-10-14 21:00:00+00:00,43.330117083333334,50.300713
2024-10-14 22:00:00+00:00,61.65870483333333,64.03623
2024-10-14 23:00:00+00:00,70.39544408333333,49.29967
2024-10-15 00:00:00+00:00,43.01413433333334,34.015236
2024-10-15 01:00:00+00:00,37.907795416666666,27.628561
2024-10-15 02:00:00+00:00,36.371744416666665,22.017363
2024-10-15 03:00:00+00:00,27.717858083333336,17.997866
2024-10-15 04:00:00+00:00,29.387314583333332,16.478504
2024-10-15 05:00:00+00:00,27.999071833333332,15.496121
2024-10-15 06:00:00+00:00,27.518769583333334,14.233042
2024-10-15 07:00:00+00:00,27.690646,13.503256
2024-10-15 08:00:00+00:00,27.385586583333332,16.833752
2024-10-15 09:00:00+00:00,31.492014749999996,22.18937
2024-10-15 10:00:00+00:00,45.83588791666667,28.994856
2024-10-15 11:00:00+00:00,60.992647583333344,34.630043
2024-10-15 12:00:00+00:00,47.72431424999999,31.46004
2024-10-15 13:00:00+00:00,35.16650808333333,27.640837
2024-10-15 14:00:00+00:00,34.04185566666667,27.70045
2024-10-15 15:00:00+00:00,33.028387333333335,27.474596
2024-10-15 16:00:00+00:00,31.37309391666666,26.788061
2024-10-15 17:00:00+00:00,30.71421816666667,25.60408
2024-10-15 18:00:00+00:00,28.740077166666666,24.843382
2024-10-15 19:00:00+00:00,29.177565583333333,29.63341
2024-10-15 20:00:00+00:00,30.818437916666667,32.079437
2024-10-15 21:00:00+00:00,42.76363583333333,47.65007
2024-10-15 22:00:00+00:00,58.77069325,64.92312
2024-10-15 23:00:00+00:00,65.93791941666667,56.88533
2024-10-16 00:00:00+00:00,48.44833458333333,43.512688
2024-10-16 01:00:00+00:00,44.182640750000004,37.566357
2024-10-16 02:00:00+00:00,45.85441741666667,32.13725
2024-10-16 03:00:00+00:00,38.04662108333333,27.5196
2024-10-16 04:00:00+00:00,32.757134916666665,25.451464
2024-10-16 05:00:00+00:00,30.46284975,23.747042
2024-10-16 06:00:00+00:00,27.775973750000002,22.59396
2024-10-16 07:00:00+00:00,29.089891583333337,21.867092
2024-10-16 08:00:00+00:00,30.91221516666667,24.307297
2024-10-16 09:00:00+00:00,35.899387,28.24965
2024-10-16 10:00:00+00:00,63.30269125,35.754654
2024-10-16 11:00:00+00:00,87.30828191666666,43.528408
2024-10-16 12:00:00+00:00,51.51517708333334,38.73291
2024-10-16 13:00:00+00:00,33.53455308333333,29.981407
2024-10-16 14:00:00+00:00,33.30051008333333,27.187899
2024-10-16 15:00:00+00:00,31.86611175,25.786747
2024-10-16 16:00:00+00:00,30.38751291666666,24.19441
2024-10-16 17:00:00+00:00,29.678527416666668,22.887917
2024-10-16 18:00:00+00:00,29.30257191666667,22.36463
2024-10-16 19:00:00+00:00,29.13779591666666,29.663744
2024-10-16 20:00:00+00:00,32.66995358333333,32.780804
2024-10-16 21:00:00+00:00,46.36978833333333,48.386497
2024-10-16 22:00:00+00:00,66.43602716666668,63.712963
2024-10-16 23:00:00+00:00,74.742603,58.19419
2024-10-17 00:00:00+00:00,52.64494799999999,47.70883
2024-10-17 01:00:00+00:00,43.62907966666667,41.110424
2024-10-17 02:00:00+00:00,41.2788685,34.876278
2024-10-17 03:00:00+00:00,37.91394991666667,30.463715
2024-10-17 04:00:00+00:00,33.38842775,28.286137
2024-10-17 05:00:00+00:00,30.68261,26.247993
2024-10-17 06:00:00+00:00,28.545589250000006,24.158321
2024-10-17 07:00:00+00:00,28.085633833333336,22.485676
2024-10-17 08:00:00+00:00,30.029900916666662,25.318027
2024-10-17 09:00:00+00:00,30.823811666666668,33.7748
2024-10-17 10:00:00+00:00,63.3481345,47.963448
2024-10-17 11:00:00+00:00,104.79478366666667,54.14639
2024-10-17 12:00:00+00:00,50.0250335,43.409256
2024-10-17 13:00:00+00:00,31.979804916666666,32.846848
2024-10-17 14:00:00+00:00,30.91480166666667,29.511387
2024-10-17 15:00:00+00:00,27.234744583333338,27.615345
2024-10-17 16:00:00+00:00,26.133678,26.162968
2024-10-17 17:00:00+00:00,25.083120750000003,25.093262
2024-10-17 18:00:00+00:00,22.70969,23.57917
2024-10-17 19:00:00+00:00,21.95932375,22.912685
2024-10-17 20:00:00+00:00,24.097723000000006,24.13609
2024-10-17 21:00:00+00:00,35.28416883333333,33.915054
2024-10-17 22:00:00+00:00,67.971159,44.138596
2024-10-17 23:00:00+00:00,57.58213633333333,43.105553
2024-10-18 00:00:00+00:00,36.158109583333335,36.322098
2024-10-18 01:00:00+00:00,31.626779333333328,30.492596
2024-10-18 02:00:00+00:00,30.092000666666664,24.939354
2024-10-18 03:00:00+00:00,26.61596941666667,20.769632
2024-10-18 04:00:00+00:00,30.211814416666662,19.345768
2024-10-18 05:00:00+00:00,25.283593666666665,17.997875
2024-10-18 06:00:00+00:00,23.812625250000004,16.257774
2024-10-18 07:00:00+00:00,25.362709499999998,14.484003
2024-10-18 08:00:00+00:00,28.095802250000002,14.490868
2024-10-18 09:00:00+00:00,30.57463958333333,20.507761
2024-10-18 10:00:00+00:00,56.18370866666667,35.581432
2024-10-18 11:00:00+00:00,101.662321,42.067448
2024-10-18 12:00:00+00:00,42.3451305,32.03993
2024-10-18 13:00:00+00:00,28.117770500000002,22.821854
2024-10-18 14:00:00+00:00,27.592476500000004,19.954033
2024-10-18 15:00:00+00:00,25.787252583333334,18.333057
2024-10-18 16:00:00+00:00,25.287004,17.207872
2024-10-18 17:00:00+00:00,24.441991833333333,15.94282
2024-10-18 18:00:00+00:00,23.046237083333335,14.976929
2024-10-18 19:00:00+00:00,23.36813925,22.988585
2024-10-18 20:00:00+00:00,28.551234833333336,24.495968
2024-10-18 21:00:00+00:00,37.77286758333333,38.33513
2024-10-18 22:00:00+00:00,55.25334191666667,51.84805
2024-10-18 23:00:00+00:00,48.063881083333335,48.381454
2024-10-19 00:00:00+00:00,35.05504008333333,40.90998
2024-10-19 01:00:00+00:00,32.65462383333333,35.474766
2024-10-19 02:00:00+00:00,31.50735933333333,29.81662
2024-10-19 03:00:00+00:00,27.132316333333335,26.43864
2024-10-19 04:00:00+00:00,27.553231,26.425653
2024-10-19 05:00:00+00:00,27.56196608333333,26.039824
2024-10-19 06:00:00+00:00,24.670759083333333,23.696953
2024-10-19 07:00:00+00:00,26.857545166666664,21.989662
2024-10-19 08:00:00+00:00,28.474523166666668,21.643873
2024-10-19 09:00:00+00:00,29.957769083333336,24.767979
2024-10-19 10:00:00+00:00,34.330910083333336,41.922436
2024-10-19 11:00:00+00:00,53.05448325,53.540367
2024-10-19 12:00:00+00:00,37.73893808333333,42.939075
2024-10-19 13:00:00+00:00,22.95514025,29.88159
2024-10-19 14:00:00+00:00,20.74142325,25.402565
2024-10-19 15:00:00+00:00,20.689518916666668,23.750065
2024-10-19 16:00:00+00:00,20.375789083333334,22.634884
2024-10-19 17:00:00+00:00,19.48614325,20.848486
2024-10-19 18:00:00+00:00,19.503202833333336,19.327118
2024-10-19 19:00:00+00:00,20.598430916666665,19.910908
2024-10-19 20:00:00+00:00,25.40569675,23.637785
2024-10-19 21:00:00+00:00,38.0242625,39.44254
2024-10-19 22:00:00+00:00,53.62216808333333,48.59485
2024-10-19 23:00:00+00:00,45.13364008333333,40.78734
2024-10-20 00:00:00+00:00,34.83613916666667,35.079693
2024-10-20 01:00:00+00:00,30.406306333333333,31.615944
2024-10-20 02:00:00+00:00,28.54270916666667,27.227222
2024-10-20 03:00:00+00:00,23.112729166666668,24.666748
2024-10-20 04:00:00+00:00,19.676178500000002,24.21742
2024-10-20 05:00:00+00:00,18.7589865,24.130764
2024-10-20 06:00:00+00:00,16.08714966666667,22.513222
2024-10-20 07:00:00+00:00,15.490137416666668,21.784704
2024-10-20 08:00:00+00:00,16.318948916666667,21.838455
2024-10-20 09:00:00+00:00,17.910622333333333,20.977001
2024-10-20 10:00:00+00:00,23.593628499999998,30.170517
2024-10-20 11:00:00+00:00,32.98931508333333,37.97333
2024-10-20 12:00:00+00:00,23.026264166666667,31.27144
2024-10-20 13:00:00+00:00,15.78063,22.766253
2024-10-20 14:00:00+00:00,17.14878925,20.240778
2024-10-20 15:00:00+00:00,17.42554975,19.845062
2024-10-20 16:00:00+00:00,18.135677500000003,19.402805
2024-10-20 17:00:00+00:00,17.823306083333332,17.612013
2024-10-20 18:00:00+00:00,17.38049475,17.213003
2024-10-20 19:00:00+00:00,18.873973666666668,17.540405
2024-10-20 20:00:00+00:00,24.44106016666667,22.166649
2024-10-20 21:00:00+00:00,42.244586250000005,37.276264
2024-10-20 22:00:00+00:00,60.50047766666666,46.838818
2024-10-20 23:00:00+00:00,47.679184666666664,38.964775
2024-10-21 00:00:00+00:00,30.596952333333338,31.078907
2024-10-21 01:00:00+00:00,25.4597065,26.129406
2024-10-21 02:00:00+00:00,21.743759916666665,21.17458
2024-10-21 03:00:00+00:00,18.609446583333337,17.921234
2024-10-21 04:00:00+00:00,17.557757833333334,16.262453
2024-10-21 05:00:00+00:00,15.168752249999999,15.462042
2024-10-21 06:00:00+00:00,14.491960166666667,14.182343
2024-10-21 07:00:00+00:00,15.251478833333332,13.424484
2024-10-21 08:00:00+00:00,17.343804833333337,15.263689
2024-10-21 09:00:00+00:00,23.70763716666667,19.550526
2024-10-21 10:00:00+00:00,44.355455750000004,29.793613
2024-10-21 11:00:00+00:00,75.73400041666666,36.712986
2024-10-21 12:00:00+00:00,43.60275016666665,31.5669
2024-10-21 13:00:00+00:00,28.262846083333333,25.538857
2024-10-21 14:00:00+00:00,29.361951583333333,23.988152
2024-10-21 15:00:00+00:00,31.06779858333333,23.378069
2024-10-21 16:00:00+00:00,32.371859916666665,22.151611
2024-10-21 17:00:00+00:00,34.481911000000004,20.56802
2024-10-21 18:00:00+00:00,34.39929575,19.765484
2024-10-21 19:00:00+00:00,33.36347675,35.217255
2024-10-21 20:00:00+00:00,42.13727233333334,42.171272
2024-10-21 21:00:00+00:00,67.77777916666666,64.48331
2024-10-21 22:00:00+00:00,82.4256395,74.846725
2024-10-21 23:00:00+00:00,58.38533508333333,62.097435
2024-10-22 00:00:00+00:00,39.304784416666664,48.673897
2024-10-22 01:00:00+00:00,34.595847416666665,38.809994
2024-10-22 02:00:00+00:00,27.543132000000004,30.094105
2024-10-22 03:00:00+00:00,23.66402283333333,24.596369
2024-10-22 04:00:00+00:00,18.381441833333334,22.408657
2024-10-22 05:00:00+00:00,15.274017916666667,20.002491
2024-10-22 06:00:00+00:00,14.453040583333335,17.823854
2024-10-22 07:00:00+00:00,14.784218000000001,17.060486
2024-10-22 08:00:00+00:00,15.944138833333335,18.23797
2024-10-22 09:00:00+00:00,20.332027,24.039734
2024-10-22 10:00:00+00:00,35.94285300000001,42.21907
2024-10-22 11:00:00+00:00,44.72746933333334,53.129005
2024-10-22 12:00:00+00:00,25.881088250000005,42.703545
2024-10-22 13:00:00+00:00,20.71778983333333,32.774723
2024-10-22 14:00:00+00:00,20.80860775,30.865585
2024-10-22 15:00:00+00:00,21.016722666666666,29.494724
2024-10-22 16:00:00+00:00,21.97881191666667,28.289013
2024-10-22 17:00:00+00:00,23.746591249999998,27.016973
2024-10-22 18:00:00+00:00,24.526705750000005,26.569788
2024-10-22 19:00:00+00:00,28.43072708333333,25.263176
2024-10-22 20:00:00+00:00,34.50321833333333,30.466854
2024-10-22 21:00:00+00:00,58.858696916666666,47.403637
2024-10-22 22:00:00+00:00,70.33752199999999,53.067314
2024-10-22 23:00:00+00:00,52.93115375,40.253036
2024-10-23 00:00:00+00:00,32.684786583333334,31.725414
2024-10-23 01:00:00+00:00,27.497956666666663,27.3324
2024-10-23 02:00:00+00:00,23.853081583333335,22.216602
2024-10-23 03:00:00+00:00,19.23515808333334,18.349117
2024-10-23 04:00:00+00:00,16.721943166666666,16.745005
2024-10-23 05:00:00+00:00,14.725941749999999,15.535786
2024-10-23 06:00:00+00:00,13.550712916666667,13.883167
2024-10-23 07:00:00+00:00,13.311065333333334,13.490616
2024-10-23 08:00:00+00:00,14.353905833333334,14.751165
2024-10-23 09:00:00+00:00,17.080248583333336,17.238245
2024-10-23 10:00:00+00:00,32.35079075,27.429775
2024-10-23 11:00:00+00:00,41.313684083333335,33.51777
2024-10-23 12:00:00+00:00,31.779235,26.620651
2024-10-23 13:00:00+00:00,24.365703916666664,21.202671
2024-10-23 14:00:00+00:00,24.663666916666667,20.643211
2024-10-23 15:00:00+00:00,24.088368416666672,19.47461
2024-10-23 16:00:00+00:00,25.38877525,19.032288
2024-10-23 17:00:00+00:00,27.304282583333332,17.957296
2024-10-23 18:00:00+00:00,27.849532416666666,17.61319
2024-10-23 19:00:00+00:00,31.066281833333335,28.545904
2024-10-23 20:00:00+00:00,37.583494333333334,35.09041
2024-10-23 21:00:00+00:00,54.371525749999996,55.417244
2024-10-23 22:00:00+00:00,71.35787775,62.997116
2024-10-23 23:00:00+00:00,60.180696250000004,47.16187
2024-10-24 00:00:00+00:00,44.64250475,35.940735
2024-10-24 01:00:00+00:00,37.10821925,29.754744
2024-10-24 02:00:00+00:00,32.832738416666665,23.420803
2024-10-24 03:00:00+00:00,27.22225225,18.95901
2024-10-24 04:00:00+00:00,27.822268416666663,16.796719
2024-10-24 05:00:00+00:00,23.17036866666666,15.560242
2024-10-24 06:00:00+00:00,21.59450975,13.710644
2024-10-24 07:00:00+00:00,21.4543795,13.020491
2024-10-24 08:00:00+00:00,22.153673083333334,15.623161
2024-10-24 09:00:00+00:00,24.74468775,20.220497
2024-10-24 10:00:00+00:00,41.849648833333326,31.330696
2024-10-24 11:00:00+00:00,73.21747166666667,39.179382
2024-10-24 12:00:00+00:00,42.155840500000004,34.463947
2024-10-24 13:00:00+00:00,28.50762741666666,28.786983
2024-10-24 14:00:00+00:00,26.627571833333334,27.567274
2024-10-24 15:00:00+00:00,24.533375250000002,26.356918
2024-10-24 16:00:00+00:00,23.333780083333334,25.326706
2024-10-24 17:00:00+00:00,23.305490250000005,23.859468
2024-10-24 18:00:00+00:00,22.818450249999998,23.19799
2024-10-24 19:00:00+00:00,23.202586083333333,23.788734
2024-10-24 20:00:00+00:00,26.684477416666667,29.268774
2024-10-24 21:00:00+00:00,49.25982666666667,48.149193
2024-10-24 22:00:00+00:00,71.126993,57.037136
2024-10-24 23:00:00+00:00,55.55625116666667,45.961964
2024-10-25 00:00:00+00:00,33.88010083333333,37.271694
2024-10-25 01:00:00+00:00,29.155679416666672,32.480743
2024-10-25 02:00:00+00:00,25.932970583333336,26.79648
2024-10-25 03:00:00+00:00,21.401652333333335,22.72664
2024-10-25 04:00:00+00:00,24.991451583333333,21.169777
2024-10-25 05:00:00+00:00,22.684743833333332,19.38603
2024-10-25 06:00:00+00:00,20.712960083333336,17.28954
2024-10-25 07:00:00+00:00,22.605409,16.558392
2024-10-25 08:00:00+00:00,24.71999458333333,17.401215
2024-10-25 09:00:00+00:00,31.816781250000002,20.718391
2024-10-25 10:00:00+00:00,51.38904600000001,34.83242
2024-10-25 11:00:00+00:00,75.8028245,43.91651
2024-10-25 12:00:00+00:00,50.74204,35.262638
2024-10-25 13:00:00+00:00,32.68378275,26.036425
2024-10-25 14:00:00+00:00,31.577694333333334,22.961632
2024-10-25 15:00:00+00:00,28.85973266666667,20.463085
2024-10-25 16:00:00+00:00,28.618860416666667,18.593836
2024-10-25 17:00:00+00:00,27.730760833333335,17.074978
2024-10-25 18:00:00+00:00,27.386531916666666,16.482748
2024-10-25 19:00:00+00:00,27.314545,27.835745
2024-10-25 20:00:00+00:00,28.699077583333334,33.036095
2024-10-25 21:00:00+00:00,42.106638583333336,53.90399
2024-10-25 22:00:00+00:00,51.57652683333333,66.07928
2024-10-25 23:00:00+00:00,38.71320083333333,52.764908
2024-10-26 00:00:00+00:00,33.68877508333333,41.63481
2024-10-26 01:00:00+00:00,34.09549891666666,36.05041
2024-10-26 02:00:00+00:00,30.167864416666664,30.044132
2024-10-26 03:00:00+00:00,27.0236285,26.172127
2024-10-26 04:00:00+00:00,25.296825416666668,25.203836
2024-10-26 05:00:00+00:00,21.833567916666667,24.319786
2024-10-26 06:00:00+00:00,19.54982991666667,22.12101
2024-10-26 07:00:00+00:00,18.541478166666668,21.934242
2024-10-26 08:00:00+00:00,18.8000665,23.521263
2024-10-26 09:00:00+00:00,18.933807666666667,24.888903
2024-10-26 10:00:00+00:00,20.712904583333334,35.85666
2024-10-26 11:00:00+00:00,27.00347075,44.600315
2024-10-26 12:00:00+00:00,27.510181916666667,36.64938
2024-10-26 13:00:00+00:00,21.275472166666663,27.39011
2024-10-26 14:00:00+00:00,21.499294000000003,24.677387
2024-10-26 15:00:00+00:00,21.62364375,23.291704
2024-10-26 16:00:00+00:00,21.34141575,21.997929
2024-10-26 17:00:00+00:00,20.28335725,20.056837
2024-10-26 18:00:00+00:00,19.20690475,19.333725
2024-10-26 19:00:00+00:00,20.24391316666667,19.193317
2024-10-26 20:00:00+00:00,21.450867999999996,22.232708
2024-10-26 21:00:00+00:00,33.26153475,33.826027
2024-10-26 22:00:00+00:00,45.22120216666667,39.28316
2024-10-26 23:00:00+00:00,42.32584141666667,31.445477
2024-10-27 00:00:00+00:00,30.5450475,26.508127
2024-10-27 01:00:00+00:00,29.348323083333337,24.841024
2024-10-27 02:00:00+00:00,27.534654416666665,21.83011
2024-10-27 03:00:00+00:00,26.85469116666667,18.911083
2024-10-27 04:00:00+00:00,23.334159666666665,16.618988
2024-10-27 05:00:00+00:00,21.27796683333333,15.171377
2024-10-27 06:00:00+00:00,18.857475333333333,13.790062
2024-10-27 07:00:00+00:00,18.913882416666667,12.979437
2024-10-27 08:00:00+00:00,19.723749333333334,12.819464
2024-10-27 09:00:00+00:00,21.16907241666667,12.286776
2024-10-27 10:00:00+00:00,23.5303705,16.49849
2024-10-27 11:00:00+00:00,30.881754916666665,21.27133
2024-10-27 12:00:00+00:00,30.661739666666666,19.77388
2024-10-27 13:00:00+00:00,21.33851925,17.320923
2024-10-27 14:00:00+00:00,19.54357575,17.879807
2024-10-27 15:00:00+00:00,19.48358566666667,17.70185
2024-10-27 16:00:00+00:00,19.572494583333334,17.216673
2024-10-27 17:00:00+00:00,18.7385205,16.393837
2024-10-27 18:00:00+00:00,18.344408166666668,16.493334
2024-10-27 19:00:00+00:00,19.089213333333333,19.016413
2024-10-27 20:00:00+00:00,22.77243025,24.628578
2024-10-27 21:00:00+00:00,34.50447033333334,41.525314
2024-10-27 22:00:00+00:00,48.5575245,50.75995
2024-10-27 23:00:00+00:00,47.839602500000005,43.11072
2024-10-28 00:00:00+00:00,33.163483666666664,36.48783
2024-10-28 01:00:00+00:00,29.883511416666664,31.579422
2024-10-28 02:00:00+00:00,26.8621625,25.405228
2024-10-28 03:00:00+00:00,24.680023416666668,21.581009
2024-10-28 04:00:00+00:00,18.622421166666665,19.89059
2024-10-28 05:00:00+00:00,17.475378833333334,18.711031
2024-10-28 06:00:00+00:00,17.196746333333333,17.702333
2024-10-28 07:00:00+00:00,18.088293083333337,18.332344
2024-10-28 08:00:00+00:00,19.772173833333333,23.472702
2024-10-28 09:00:00+00:00,24.324124166666664,31.260916
2024-10-28 10:00:00+00:00,44.66118958333333,44.17571
2024-10-28 11:00:00+00:00,83.02918391666667,52.990665
2024-10-28 12:00:00+00:00,47.07373275,47.300137
2024-10-28 13:00:00+00:00,26.481625666666666,38.384277
2024-10-28 14:00:00+00:00,25.421307416666668,34.477345
2024-10-28 15:00:00+00:00,25.402533666666667,32.199474
2024-10-28 16:00:00+00:00,24.077905416666667,29.170042
2024-10-28 17:00:00+00:00,21.979204333333332,26.613714
2024-10-28 18:00:00+00:00,21.482169583333334,24.890327
2024-10-28 19:00:00+00:00,20.981543583333334,21.897596
2024-10-28 20:00:00+00:00,24.391271,27.515535
2024-10-28 21:00:00+00:00,34.74763866666667,47.2061
2024-10-28 22:00:00+00:00,49.197728583333344,56.021713
2024-10-28 23:00:00+00:00,36.316577833333334,44.66722
2024-10-29 00:00:00+00:00,27.64783058333333,35.5863
2024-10-29 01:00:00+00:00,26.029316249999997,29.61391
2024-10-29 02:00:00+00:00,21.521758416666668,23.001755
2024-10-29 03:00:00+00:00,19.64189275,18.333727
2024-10-29 04:00:00+00:00,15.834803916666665,16.601376
2024-10-29 05:00:00+00:00,14.408527249999999,14.644293
2024-10-29 06:00:00+00:00,13.9781125,12.381977
2024-10-29 07:00:00+00:00,13.973161249999999,11.963312
2024-10-29 08:00:00+00:00,15.009137916666667,12.932241
2024-10-29 09:00:00+00:00,17.714992416666664,16.553318
2024-10-29 10:00:00+00:00,32.008889833333335,33.14212
2024-10-29 11:00:00+00:00,46.942258,42.782757
2024-10-29 12:00:00+00:00,31.457752833333334,32.068474
2024-10-29 13:00:00+00:00,23.687642083333333,22.032986
2024-10-29 14:00:00+00:00,22.94662675,19.463867
2024-10-29 15:00:00+00:00,23.638819416666667,17.522903
2024-10-29 16:00:00+00:00,25.031682083333333,16.491375
2024-10-29 17:00:00+00:00,26.175614166666666,15.459112
2024-10-29 18:00:00+00:00,26.082747083333334,14.89974
2024-10-29 19:00:00+00:00,27.457707999999997,26.035963
2024-10-29 20:00:00+00:00,31.498426249999998,31.394789
2024-10-29 21:00:00+00:00,46.93353325,48.2399
2024-10-29 22:00:00+00:00,58.900636083333325,54.010952
2024-10-29 23:00:00+00:00,45.11394666666666,42.473835
2024-10-30 00:00:00+00:00,32.76449508333334,35.423576
2024-10-30 01:00:00+00:00,29.477839166666666,31.135353
2024-10-30 02:00:00+00:00,24.5079515,25.3105
2024-10-30 03:00:00+00:00,21.427890166666668,21.2322
2024-10-30 04:00:00+00:00,15.969401083333334,19.620466
2024-10-30 05:00:00+00:00,14.172618416666666,18.387465
2024-10-30 06:00:00+00:00,12.92342375,16.348938
2024-10-30 07:00:00+00:00,12.637216083333334,15.700159
2024-10-30 08:00:00+00:00,13.225350583333332,16.223644
2024-10-30 09:00:00+00:00,15.666309666666663,18.137894
2024-10-30 10:00:00+00:00,25.974839500000005,30.15088
2024-10-30 11:00:00+00:00,31.540471416666666,38.52859
2024-10-30 12:00:00+00:00,27.07574116666667,32.25208
2024-10-30 13:00:00+00:00,20.943323166666666,26.071209
2024-10-30 14:00:00+00:00,20.93514683333333,25.115582
2024-10-30 15:00:00+00:00,21.694263416666672,24.740091
2024-10-30 16:00:00+00:00,24.906145833333333,23.792892
2024-10-30 17:00:00+00:00,26.12315175,22.249376
2024-10-30 18:00:00+00:00,26.52963516666666,21.964766
2024-10-30 19:00:00+00:00,27.435456416666668,27.633455
2024-10-30 20:00:00+00:00,32.35024333333333,32.049606
2024-10-30 21:00:00+00:00,46.907387,48.646072
2024-10-30 22:00:00+00:00,52.7560335,56.900574
2024-10-30 23:00:00+00:00,42.18086,44.37365
2024-10-31 00:00:00+00:00,30.404550333333333,35.05446
2024-10-31 01:00:00+00:00,26.95768208333334,29.61558
2024-10-31 02:00:00+00:00,21.7639815,23.305265
2024-10-31 03:00:00+00:00,19.581818833333333,18.855314
2024-10-31 04:00:00+00:00,19.628251203333335,16.456852
2024-10-31 05:00:00+00:00,19.674683573333333,14.98653
2024-10-31 06:00:00+00:00,19.721115943333334,13.3165045
2024-11-01 04:00:00+00:00,20.742628083333333,12.1602955
2024-11-01 05:00:00+00:00,18.93119766666667,13.32444
2024-11-01 06:00:00+00:00,17.47495541666667,15.860629
2024-11-01 07:00:00+00:00,17.464009416666666,24.756498
2024-11-01 08:00:00+00:00,18.66759191666667,33.12221
2024-11-01 09:00:00+00:00,21.00709041666667,29.867449
2024-11-01 10:00:00+00:00,32.28509125,25.467758
2024-11-01 11:00:00+00:00,44.39417041666667,25.749348
2024-11-01 12:00:00+00:00,42.73439375,26.231583
2024-11-01 13:00:00+00:00,35.46978241666667,26.39054
2024-11-01 14:00:00+00:00,33.64769891666666,25.775314
2024-11-01 15:00:00+00:00,33.362921,25.440413
2024-11-01 16:00:00+00:00,34.275118166666665,33.006294
2024-11-01 17:00:00+00:00,32.03373391666667,32.69757
2024-11-01 18:00:00+00:00,31.07578641666667,38.83071
2024-11-01 19:00:00+00:00,30.798278333333332,43.453247
2024-11-01 20:00:00+00:00,37.44764525,37.720142
2024-11-01 21:00:00+00:00,47.125707999999996,32.68965
2024-11-01 22:00:00+00:00,52.928942916666664,31.205524
2024-11-01 23:00:00+00:00,44.169428,28.766373
2024-11-02 00:00:00+00:00,34.88496708333333,25.480822
2024-11-02 01:00:00+00:00,35.91086325,23.48751
2024-11-02 02:00:00+00:00,34.06419575,22.260784
2024-11-02 03:00:00+00:00,28.970594166666668,20.269669
2024-11-02 04:00:00+00:00,30.401036,18.19246
2024-11-02 05:00:00+00:00,25.099353249999993,18.232922
2024-11-02 06:00:00+00:00,20.956569333333334,20.407564
2024-11-02 07:00:00+00:00,20.210785000000005,22.942764
2024-11-02 08:00:00+00:00,21.217781416666668,27.351816
2024-11-02 09:00:00+00:00,21.33603208333333,30.392796
2024-11-02 10:00:00+00:00,24.445605166666663,32.51388
2024-11-02 11:00:00+00:00,34.75086875,36.02602
2024-11-02 12:00:00+00:00,32.032348166666665,36.426224
2024-11-02 13:00:00+00:00,22.01221108333333,32.647
2024-11-02 14:00:00+00:00,20.42791383333333,29.153261
2024-11-02 15:00:00+00:00,19.348650500000005,28.110994
2024-11-02 16:00:00+00:00,18.911410583333332,18.109758
2024-11-02 17:00:00+00:00,17.354042166666666,18.456074
2024-11-02 18:00:00+00:00,17.639715833333337,19.52575
2024-11-02 19:00:00+00:00,17.736932666666668,20.902225
2024-11-02 20:00:00+00:00,20.579621333333332,22.9842
2024-11-02 21:00:00+00:00,28.997780416666664,28.868214
2024-11-02 22:00:00+00:00,42.377919416666664,34.74824
2024-11-02 23:00:00+00:00,38.61589583333333,33.85881
2024-11-03 00:00:00+00:00,29.86712208333333,29.377687
2024-11-03 01:00:00+00:00,26.82991241666667,26.562073
2024-11-03 02:00:00+00:00,24.350895166666664,24.884
2024-11-03 03:00:00+00:00,20.458469333333337,22.85646
2024-11-03 04:00:00+00:00,17.080966666666665,21.17204
2024-11-03 05:00:00+00:00,13.79472675,20.456242
2024-11-03 06:00:00+00:00,13.564381249999999,19.027874
2024-11-03 07:00:00+00:00,13.531180666666668,17.250721
2024-11-03 08:00:00+00:00,14.3200065,17.538757
2024-11-03 09:00:00+00:00,14.41450525,19.211426
2024-11-03 10:00:00+00:00,18.005529583333335,21.787033
2024-11-03 11:00:00+00:00,22.35403816666667,24.223763
2024-11-03 12:00:00+00:00,20.659680916666666,23.70959
2024-11-03 13:00:00+00:00,15.255525416666664,21.091805
2024-11-03 14:00:00+00:00,15.179953,19.256859
2024-11-03 15:00:00+00:00,14.296283083333332,18.27025
2024-11-03 16:00:00+00:00,14.000543666666667,13.126002
2024-11-03 17:00:00+00:00,14.280906333333334,12.547165
2024-11-03 18:00:00+00:00,14.312063083333333,13.2672615
2024-11-03 19:00:00+00:00,14.935856916666669,15.062433
2024-11-03 20:00:00+00:00,17.149164833333337,17.65021
2024-11-03 21:00:00+00:00,31.02039566666667,23.32692
2024-11-03 22:00:00+00:00,39.35165791666667,31.050014
2024-11-03 23:00:00+00:00,30.093441249999998,31.849003
2024-11-04 00:00:00+00:00,24.608473333333333,27.070557
2024-11-04 01:00:00+00:00,21.993575916666668,23.652391
2024-11-04 02:00:00+00:00,20.236621500000002,20.45666
2024-11-04 03:00:00+00:00,19.331192333333338,17.541367
2024-11-04 04:00:00+00:00,17.759914833333333,15.674434
2024-11-04 05:00:00+00:00,13.669826333333333,14.666035
2024-11-04 06:00:00+00:00,13.597363000000001,14.2756195
2024-11-04 07:00:00+00:00,12.073364833333335,14.872287
2024-11-04 08:00:00+00:00,12.246251166666667,17.549755
2024-11-04 09:00:00+00:00,14.260521416666666,20.22725
2024-11-04 10:00:00+00:00,18.832302833333337,23.2653
2024-11-04 11:00:00+00:00,37.063831416666666,27.499254
2024-11-04 12:00:00+00:00,32.56398825,28.356203
2024-11-04 13:00:00+00:00,25.14709675,24.523617
2024-11-04 14:00:00+00:00,20.757489166666666,22.008394
2024-11-04 15:00:00+00:00,21.437571916666666,21.39541
2024-11-04 16:00:00+00:00,22.4073925,20.366491
2024-11-04 17:00:00+00:00,23.52320875,19.370756
2024-11-04 18:00:00+00:00,23.980254499999997,19.502419
2024-11-04 19:00:00+00:00,24.382398166666665,20.212885
2024-11-04 20:00:00+00:00,25.362191333333328,22.027905
2024-11-04 21:00:00+00:00,32.832898666666665,31.17297
2024-11-04 22:00:00+00:00,50.40315208333333,39.88237
2024-11-04 23:00:00+00:00,38.958744,36.59437
2024-11-05 00:00:00+00:00,33.043037,30.180664
2024-11-05 01:00:00+00:00,25.111226916666666,25.818825
2024-11-05 02:00:00+00:00,21.100628833333335,22.149286
2024-11-05 03:00:00+00:00,19.172511083333337,19.129616
2024-11-05 04:00:00+00:00,15.816286166666664,17.000465
2024-11-05 05:00:00+00:00,15.568964916666664,15.7969475
2024-11-05 06:00:00+00:00,13.858018333333334,15.359063
2024-11-05 07:00:00+00:00,12.711286583333333,16.528732
2024-11-05 08:00:00+00:00,12.606712416666667,20.203012
2024-11-05 09:00:00+00:00,14.799303583333336,23.014883
2024-11-05 10:00:00+00:00,18.354522499999998,28.758966
2024-11-05 11:00:00+00:00,27.402637916666666,37.33678
2024-11-05 12:00:00+00:00,29.127846583333334,37.09814
2024-11-05 13:00:00+00:00,22.47628016666667,30.969736
2024-11-05 14:00:00+00:00,20.215586916666666,27.854126
2024-11-05 15:00:00+00:00,20.957551416666668,26.365263
2024-11-05 16:00:00+00:00,22.435860083333335,20.22591
2024-11-05 17:00:00+00:00,25.18827875,19.368942
2024-11-05 18:00:00+00:00,27.77325983333333,19.01939
2024-11-05 19:00:00+00:00,28.612788,20.140259
2024-11-05 20:00:00+00:00,29.625717750000003,22.007202
2024-11-05 21:00:00+00:00,41.49108883333333,29.90983
2024-11-05 22:00:00+00:00,53.292114166666664,38.954865
2024-11-05 23:00:00+00:00,39.794296583333335,34.959267
2024-11-06 00:00:00+00:00,33.25484408333333,28.26142
2024-11-06 01:00:00+00:00,29.300840166666664,25.131397
2024-11-06 02:00:00+00:00,27.739367666666663,21.991993
2024-11-06 03:00:00+00:00,25.084236416666663,19.14285
2024-11-06 04:00:00+00:00,21.646619833333332,17.426071
2024-11-06 05:00:00+00:00,20.470515083333332,16.762362
2024-11-06 06:00:00+00:00,19.231944166666672,16.461418
2024-11-06 07:00:00+00:00,16.99792125,16.734621
2024-11-06 08:00:00+00:00,17.082732000000004,19.374132
2024-11-06 09:00:00+00:00,21.136379083333335,21.386408
2024-11-06 10:00:00+00:00,25.526455999999996,24.798807
2024-11-06 11:00:00+00:00,37.46721333333333,31.587349
2024-11-06 12:00:00+00:00,38.377691750000004,32.1391
2024-11-06 13:00:00+00:00,32.095269916666666,27.019299
2024-11-06 14:00:00+00:00,31.486525416666666,24.306503
2024-11-06 15:00:00+00:00,34.17636133333333,23.385557
2024-11-06 16:00:00+00:00,35.62771825,33.51647
2024-11-06 17:00:00+00:00,35.54390733333333,32.099274
2024-11-06 18:00:00+00:00,36.95059233333333,32.719288
2024-11-06 19:00:00+00:00,37.79520133333333,34.243027
2024-11-06 20:00:00+00:00,41.544767916666665,39.907078
2024-11-06 21:00:00+00:00,49.989167916666666,56.705677
2024-11-06 22:00:00+00:00,66.91752616666666,67.74289
2024-11-06 23:00:00+00:00,48.93984475,57.632027
2024-11-07 00:00:00+00:00,40.37339866666667,45.24877
2024-11-07 01:00:00+00:00,34.69020391666667,38.71302
2024-11-07 02:00:00+00:00,32.73374508333333,33.049385
2024-11-07 03:00:00+00:00,30.31651775,28.096434
2024-11-07 04:00:00+00:00,27.338815416666666,25.27535
2024-11-07 05:00:00+00:00,29.584413666666666,23.946264
2024-11-07 06:00:00+00:00,23.115925333333333,21.734705
2024-11-07 07:00:00+00:00,19.669099166666665,20.237839
2024-11-07 08:00:00+00:00,19.2197475,21.87768
2024-11-07 09:00:00+00:00,20.38619591666667,23.65431
2024-11-07 10:00:00+00:00,24.128579916666666,30.13723
2024-11-07 11:00:00+00:00,35.82954791666666,39.537502
2024-11-07 12:00:00+00:00,40.5933045,39.776283
2024-11-07 13:00:00+00:00,37.631204833333335,34.53012
2024-11-07 14:00:00+00:00,33.97003041666667,33.300728
2024-11-07 15:00:00+00:00,36.73070366666666,32.89095
2024-11-07 16:00:00+00:00,35.72349208333333,34.79442
2024-11-07 17:00:00+00:00,36.50778091666667,34.538322
2024-11-07 18:00:00+00:00,35.719927250000005,33.53659
2024-11-07 19:00:00+00:00,33.55912141666666,33.734756
2024-11-07 20:00:00+00:00,35.53904166666667,37.075375
2024-11-07 21:00:00+00:00,47.77448225,50.126503
2024-11-07 22:00:00+00:00,70.1493635,59.511234
2024-11-07 23:00:00+00:00,52.68651200000001,53.285645
2024-11-08 00:00:00+00:00,40.38739941666667,45.297745
2024-11-08 01:00:00+00:00,34.62225475,40.374306
2024-11-08 02:00:00+00:00,32.52243333333333,35.46562
2024-11-08 03:00:00+00:00,29.130953249999997,31.41993
2024-11-08 04:00:00+00:00,24.1109885,28.541153
2024-11-08 05:00:00+00:00,21.339899499999998,27.20948
2024-11-08 06:00:00+00:00,18.5023265,25.64154
2024-11-08 07:00:00+00:00,16.723679666666666,24.106724
2024-11-08 08:00:00+00:00,16.92757025,24.320923
2024-11-08 09:00:00+00:00,18.02408875,27.10282
2024-11-08 10:00:00+00:00,23.86760058333333,34.2799
2024-11-08 11:00:00+00:00,35.21976983333334,43.108276
2024-11-08 12:00:00+00:00,38.9773985,43.216515
2024-11-08 13:00:00+00:00,28.975730500000004,39.65259
2024-11-08 14:00:00+00:00,24.19646075,38.674046
2024-11-08 15:00:00+00:00,24.38076,38.103897
2024-11-08 16:00:00+00:00,22.774720999999996,23.373304
2024-11-08 17:00:00+00:00,23.945872249999997,22.380314
2024-11-08 18:00:00+00:00,23.478570333333334,21.821018
2024-11-08 19:00:00+00:00,23.304771083333335,22.542995
2024-11-08 20:00:00+00:00,26.444360166666666,24.384094
2024-11-08 21:00:00+00:00,36.62757858333333,32.72418
2024-11-08 22:00:00+00:00,49.334316666666666,40.77542
2024-11-08 23:00:00+00:00,35.46380991666667,36.15322
2024-11-09 00:00:00+00:00,28.184515166666664,29.739126
2024-11-09 01:00:00+00:00,25.18455091666667,26.903967
2024-11-09 02:00:00+00:00,24.897340083333333,24.076307
2024-11-09 03:00:00+00:00,22.7145055,21.115456
2024-11-09 04:00:00+00:00,18.578751750000002,19.353397
2024-11-09 05:00:00+00:00,19.26481933333333,18.670956
2024-11-09 06:00:00+00:00,17.337704,17.438389
2024-11-09 07:00:00+00:00,16.11774175,15.788254
2024-11-09 08:00:00+00:00,15.689046916666667,15.589433
2024-11-09 09:00:00+00:00,16.450995083333336,16.444414
2024-11-09 10:00:00+00:00,17.77684025,19.912777
2024-11-09 11:00:00+00:00,21.936812583333335,25.510405
2024-11-09 12:00:00+00:00,21.311563166666666,26.015175
2024-11-09 13:00:00+00:00,18.2135885,22.873722
2024-11-09 14:00:00+00:00,16.838509583333334,21.299843
2024-11-09 15:00:00+00:00,16.455802000000002,20.204082
2024-11-09 16:00:00+00:00,16.660369083333332,16.362242
2024-11-09 17:00:00+00:00,16.17452391666667,16.095036
2024-11-09 18:00:00+00:00,15.942171250000003,15.948806
2024-11-09 19:00:00+00:00,16.484592916666667,16.443394
2024-11-09 20:00:00+00:00,22.250656333333335,17.620323
2024-11-09 21:00:00+00:00,31.134973083333335,24.496504
2024-11-09 22:00:00+00:00,41.50110891666667,31.3331
2024-11-09 23:00:00+00:00,33.111577000000004,28.21549
2024-11-10 00:00:00+00:00,29.949225916666666,23.737707
2024-11-10 01:00:00+00:00,27.8672545,22.428024
2024-11-10 02:00:00+00:00,26.076189,20.80514
2024-11-10 03:00:00+00:00,26.04817325,18.41716
2024-11-10 04:00:00+00:00,24.38202033333333,16.503386
2024-11-10 05:00:00+00:00,18.867223166666665,15.659795
2024-11-10 06:00:00+00:00,19.304211416666664,14.163562
2024-11-10 07:00:00+00:00,16.378883500000004,12.701233
2024-11-10 08:00:00+00:00,18.073963333333335,13.559332
2024-11-10 09:00:00+00:00,19.301004166666672,14.151014
2024-11-10 10:00:00+00:00,18.97836225,15.491193
2024-11-10 11:00:00+00:00,18.777530416666668,18.850294
2024-11-10 12:00:00+00:00,19.227094250000004,18.595932
2024-11-10 13:00:00+00:00,19.150067833333335,15.760892
2024-11-10 14:00:00+00:00,19.863519583333332,14.478028
2024-11-10 15:00:00+00:00,23.243580333333334,13.800024
2024-11-10 16:00:00+00:00,22.030814916666667,23.046806
2024-11-10 17:00:00+00:00,22.52272341666666,22.772333
2024-11-10 18:00:00+00:00,22.008416666666662,22.39117
2024-11-10 19:00:00+00:00,20.807683083333334,23.36892
2024-11-10 20:00:00+00:00,22.943981500000003,26.672642
2024-11-10 21:00:00+00:00,29.482735166666668,38.514984
2024-11-10 22:00:00+00:00,36.892030416666664,49.172394
2024-11-10 23:00:00+00:00,31.887774833333335,44.246933
2024-11-11 00:00:00+00:00,27.593292833333333,37.704514
2024-11-11 01:00:00+00:00,26.080018416666665,35.951073
2024-11-11 02:00:00+00:00,21.246737083333333,33.3855
2024-11-11 03:00:00+00:00,20.184914750000004,28.964874
2024-11-11 04:00:00+00:00,16.383882083333333,25.239784
2024-11-11 05:00:00+00:00,12.88866525,23.216106
2024-11-11 06:00:00+00:00,12.405168916666668,21.411827
2024-11-11 07:00:00+00:00,11.980564833333332,20.781593
2024-11-11 08:00:00+00:00,12.211346916666665,23.189547
2024-11-11 09:00:00+00:00,12.391660666666667,25.458494
2024-11-11 10:00:00+00:00,15.700550000000003,30.932413
2024-11-11 11:00:00+00:00,25.786565833333334,38.948463
2024-11-11 12:00:00+00:00,27.60538375,40.124664
2024-11-11 13:00:00+00:00,26.285201999999998,36.860283
2024-11-11 14:00:00+00:00,22.586888833333333,35.651226
2024-11-11 15:00:00+00:00,22.761878999999997,35.227985
2024-11-11 16:00:00+00:00,22.505276166666665,22.286533
2024-11-11 17:00:00+00:00,22.500579166666668,21.431023
2024-11-11 18:00:00+00:00,22.179940583333334,20.477219
2024-11-11 19:00:00+00:00,21.94927625,20.731491
2024-11-11 20:00:00+00:00,23.678613333333335,22.577732
2024-11-11 21:00:00+00:00,34.58262908333334,30.3183
2024-11-11 22:00:00+00:00,54.67620366666668,38.150234
2024-11-11 23:00:00+00:00,35.695772166666664,34.11695
2024-11-12 00:00:00+00:00,29.496744416666672,28.817787
2024-11-12 01:00:00+00:00,27.876704833333335,26.595861
2024-11-12 02:00:00+00:00,25.058737583333336,23.111996
2024-11-12 03:00:00+00:00,25.20898083333333,19.4664
2024-11-12 04:00:00+00:00,20.15709266666667,17.273258
2024-11-12 05:00:00+00:00,19.301043000000004,16.19313
2024-11-12 06:00:00+00:00,17.346204750000002,15.13879
2024-11-12 07:00:00+00:00,14.944950500000001,14.159275
2024-11-12 08:00:00+00:00,15.120366833333334,15.051636
2024-11-12 09:00:00+00:00,18.170924333333335,16.53688
2024-11-12 10:00:00+00:00,20.9817865,21.837118
2024-11-12 11:00:00+00:00,36.95166841666667,29.889465
2024-11-12 12:00:00+00:00,34.9972675,30.815777
2024-11-12 13:00:00+00:00,24.7768205,26.945942
2024-11-12 14:00:00+00:00,22.242446,25.959593
2024-11-12 15:00:00+00:00,22.378175083333332,25.699888
2024-11-12 16:00:00+00:00,22.449696333333332,21.5896
2024-11-12 17:00:00+00:00,22.547281083333335,20.679895
2024-11-12 18:00:00+00:00,22.23045533333333,20.14554
2024-11-12 19:00:00+00:00,21.60764441666667,20.723312
2024-11-12 20:00:00+00:00,24.862024166666668,22.927967
2024-11-12 21:00:00+00:00,38.3934075,33.588543
2024-11-12 22:00:00+00:00,61.494187583333336,42.713127
2024-11-12 23:00:00+00:00,42.686937416666666,36.481636
2024-11-13 00:00:00+00:00,36.42848133333333,29.64573
2024-11-13 01:00:00+00:00,32.25755575,26.856592
2024-11-13 02:00:00+00:00,28.825236666666672,24.01378
2024-11-13 03:00:00+00:00,25.962191166666667,21.130081
2024-11-13 04:00:00+00:00,24.88384716666667,19.463066
2024-11-13 05:00:00+00:00,23.408169333333333,18.779701
2024-11-13 06:00:00+00:00,22.313678083333333,17.573132
2024-11-13 07:00:00+00:00,20.807787,16.46535
2024-11-13 08:00:00+00:00,21.529762833333333,17.589752
2024-11-13 09:00:00+00:00,23.633044499999997,18.883759
2024-11-13 10:00:00+00:00,30.804925583333333,23.843973
2024-11-13 11:00:00+00:00,69.54119366666667,30.699163
2024-11-13 12:00:00+00:00,69.60070991666667,28.925755
2024-11-13 13:00:00+00:00,33.90454716666667,23.430143
2024-11-13 14:00:00+00:00,25.2985905,21.715637
2024-11-13 15:00:00+00:00,25.927055749999997,20.76898
2024-11-13 16:00:00+00:00,25.156114916666663,23.713152
2024-11-13 17:00:00+00:00,24.41261925,21.989887
2024-11-13 18:00:00+00:00,24.206354083333338,21.098873
2024-11-13 19:00:00+00:00,25.51720816666667,21.286348
2024-11-13 20:00:00+00:00,30.92763791666666,23.987673
2024-11-13 21:00:00+00:00,44.18154825,40.365253
2024-11-13 22:00:00+00:00,56.22323616666667,52.0556
2024-11-13 23:00:00+00:00,45.98397208333333,42.262352
2024-11-14 00:00:00+00:00,39.263169,35.39057
2024-11-14 01:00:00+00:00,34.321593666666665,32.528355
2024-11-14 02:00:00+00:00,30.789039166666665,28.630074
2024-11-14 03:00:00+00:00,27.089862583333332,24.286936
2024-11-14 04:00:00+00:00,24.371754583333335,21.38178
2024-11-14 05:00:00+00:00,23.75010175,20.390068
2024-11-14 06:00:00+00:00,22.31322283333333,18.79055
2024-11-14 07:00:00+00:00,20.86505658333333,17.362366
2024-11-14 08:00:00+00:00,20.774872416666664,18.106663
2024-11-14 09:00:00+00:00,22.212010000000003,19.27236
2024-11-14 10:00:00+00:00,25.045786416666672,28.506487
2024-11-14 11:00:00+00:00,39.827704250000004,41.23466
2024-11-14 12:00:00+00:00,49.68224958333334,38.498844
2024-11-14 13:00:00+00:00,43.125694,29.12904
2024-11-14 14:00:00+00:00,39.12762566666667,25.034988
2024-11-14 15:00:00+00:00,39.281028,22.50161
2024-11-14 16:00:00+00:00,37.21969116666667,36.38607
2024-11-14 17:00:00+00:00,36.8917315,33.037075
2024-11-14 18:00:00+00:00,34.55445325,31.378248
2024-11-14 19:00:00+00:00,31.241021416666666,31.33957
2024-11-14 20:00:00+00:00,31.99972875,33.56544
2024-11-14 21:00:00+00:00,36.865275000000004,45.936684
2024-11-14 22:00:00+00:00,49.497436916666665,56.289204
2024-11-14 23:00:00+00:00,41.32912483333334,49.081635
2024-11-15 00:00:00+00:00,35.87894433333333,42.24299
2024-11-15 01:00:00+00:00,33.57625341666667,39.162888
2024-11-15 02:00:00+00:00,32.069847,34.45047
2024-11-15 03:00:00+00:00,27.081910500000006,29.531036
2024-11-15 04:00:00+00:00,25.118852083333334,27.000359
2024-11-15 05:00:00+00:00,25.208833333333338,26.12397
2024-11-15 06:00:00+00:00,23.76467375,24.578762
2024-11-15 07:00:00+00:00,22.905853250000003,23.189665
2024-11-15 08:00:00+00:00,23.10024116666667,24.127028
2024-11-15 09:00:00+00:00,24.670487583333333,24.056835
2024-11-15 10:00:00+00:00,25.08597341666666,28.734694
2024-11-15 11:00:00+00:00,36.75627683333333,39.66948
2024-11-15 12:00:00+00:00,45.7750255,42.81988
2024-11-15 13:00:00+00:00,43.08841508333333,38.308422
2024-11-15 14:00:00+00:00,33.53070508333334,36.429443
2024-11-15 15:00:00+00:00,30.101648083333334,35.24198
2024-11-15 16:00:00+00:00,27.897948416666665,28.416092
2024-11-15 17:00:00+00:00,26.911209250000002,26.412682
2024-11-15 18:00:00+00:00,25.519321833333333,25.379253
2024-11-15 19:00:00+00:00,25.361336499999997,25.600855
2024-11-15 20:00:00+00:00,27.225506583333328,25.767008
2024-11-15 21:00:00+00:00,33.94111433333333,32.49328
2024-11-15 22:00:00+00:00,45.86489916666667,42.323975
2024-11-15 23:00:00+00:00,36.290031,39.18538
2024-11-16 00:00:00+00:00,31.7603885,33.186943
2024-11-16 01:00:00+00:00,29.334045333333336,31.25655
2024-11-16 02:00:00+00:00,28.2775225,29.450647
2024-11-16 03:00:00+00:00,24.497145083333333,26.17236
2024-11-16 04:00:00+00:00,23.413401500000003,24.03029
2024-11-16 05:00:00+00:00,24.95128591666667,23.272327
2024-11-16 06:00:00+00:00,21.852399666666667,22.416082
2024-11-16 07:00:00+00:00,21.385593583333332,20.858772
2024-11-16 08:00:00+00:00,21.225189333333333,21.141117
2024-11-16 09:00:00+00:00,20.986635,20.341057
2024-11-16 10:00:00+00:00,21.919059083333334,21.554106
2024-11-16 11:00:00+00:00,25.773195916666666,28.847172
2024-11-16 12:00:00+00:00,25.087300583333334,32.766663
2024-11-16 13:00:00+00:00,21.585747000000005,29.025599
2024-11-16 14:00:00+00:00,21.022069833333333,26.252243
2024-11-16 15:00:00+00:00,20.850314583333333,24.738613
2024-11-16 16:00:00+00:00,18.561365083333335,19.894146
2024-11-16 17:00:00+00:00,16.989395333333334,19.030748
2024-11-16 18:00:00+00:00,15.891380750000005,18.566574
2024-11-16 19:00:00+00:00,16.41854391666667,18.90012
2024-11-16 20:00:00+00:00,19.407751750000003,19.912533
2024-11-16 21:00:00+00:00,27.144880416666666,26.247355
2024-11-16 22:00:00+00:00,29.601793583333333,34.051117
2024-11-16 23:00:00+00:00,25.92443341666667,31.039469
2024-11-17 00:00:00+00:00,24.797098833333333,26.764235
2024-11-17 01:00:00+00:00,23.719427,25.867632
2024-11-17 02:00:00+00:00,22.734448499999996,24.588633
2024-11-17 03:00:00+00:00,20.297140250000005,22.577099
2024-11-17 04:00:00+00:00,19.345017250000005,21.388954
2024-11-17 05:00:00+00:00,20.040576083333338,21.17474
2024-11-17 06:00:00+00:00,19.137847333333337,20.271145
2024-11-17 07:00:00+00:00,17.485649750000004,18.96804
2024-11-17 08:00:00+00:00,17.56426416666667,19.63731
2024-11-17 09:00:00+00:00,18.43870375,19.810177
2024-11-17 10:00:00+00:00,20.09804216666667,20.696941
2024-11-17 11:00:00+00:00,23.70087325,24.359528
2024-11-17 12:00:00+00:00,23.654560916666664,25.240473
2024-11-17 13:00:00+00:00,20.102336500000003,22.70374
2024-11-17 14:00:00+00:00,19.01673841666667,21.648386
2024-11-17 15:00:00+00:00,20.097798166666667,21.432196
2024-11-17 16:00:00+00:00,21.607304416666665,19.392244
2024-11-17 17:00:00+00:00,22.712914999999995,18.721066
2024-11-17 18:00:00+00:00,23.114177749999996,18.22393
2024-11-17 19:00:00+00:00,23.929793083333333,18.361916
2024-11-17 20:00:00+00:00,26.294803833333333,18.845722
2024-11-17 21:00:00+00:00,34.069081833333335,23.576834
2024-11-17 22:00:00+00:00,43.00304641666667,28.775131
2024-11-17 23:00:00+00:00,35.991417750000004,25.992105
2024-11-18 00:00:00+00:00,32.19086875,23.342573
2024-11-18 01:00:00+00:00,31.758959166666667,23.18732
2024-11-18 02:00:00+00:00,27.706337,22.03065
2024-11-18 03:00:00+00:00,25.8325895,19.438309
2024-11-18 04:00:00+00:00,22.413826666666665,17.545757
2024-11-18 05:00:00+00:00,19.27741483333334,16.7142
2024-11-18 06:00:00+00:00,17.753052750000002,15.530801
2024-11-18 07:00:00+00:00,17.303154000000003,14.715956
2024-11-18 08:00:00+00:00,19.703047333333338,15.427157
2024-11-18 09:00:00+00:00,21.245370416666667,15.575795
2024-11-18 10:00:00+00:00,25.95160266666667,17.372868
2024-11-18 11:00:00+00:00,34.37362533333333,22.21659
2024-11-18 12:00:00+00:00,42.500390583333335,23.618948
2024-11-18 13:00:00+00:00,29.24066825,20.925701
2024-11-18 14:00:00+00:00,24.0461015,19.868427
2024-11-18 15:00:00+00:00,23.941568500000002,19.884598
2024-11-18 16:00:00+00:00,22.4735845,22.677408
2024-11-18 17:00:00+00:00,21.33775425,20.815453
2024-11-18 18:00:00+00:00,21.046395083333337,20.199326
2024-11-18 19:00:00+00:00,20.191928333333337,20.18512
2024-11-18 20:00:00+00:00,21.60935041666667,21.718964
2024-11-18 21:00:00+00:00,27.497400083333332,32.40274
2024-11-18 22:00:00+00:00,38.87794316666667,40.898945
2024-11-18 23:00:00+00:00,27.19229191666667,34.96516
2024-11-19 00:00:00+00:00,25.298052166666665,29.811234
2024-11-19 01:00:00+00:00,24.090498083333333,27.636345
2024-11-19 02:00:00+00:00,21.162041249999998,24.492662
2024-11-19 03:00:00+00:00,16.471561250000004,21.12445
2024-11-19 04:00:00+00:00,14.062671416666669,19.2347
2024-11-19 05:00:00+00:00,13.89603075,18.371284
2024-11-19 06:00:00+00:00,12.782274583333333,17.579136
2024-11-19 07:00:00+00:00,12.070551166666666,17.089045
2024-11-19 08:00:00+00:00,11.839039833333334,18.077003
2024-11-19 09:00:00+00:00,13.734560583333332,18.206287
2024-11-19 10:00:00+00:00,17.37474041666667,22.65489
2024-11-19 11:00:00+00:00,25.13339516666667,31.626139
2024-11-19 12:00:00+00:00,26.858438666666668,31.05502
2024-11-19 13:00:00+00:00,24.3736365,24.739515
2024-11-19 14:00:00+00:00,22.2700675,22.55271
2024-11-19 15:00:00+00:00,22.835881166666667,21.063278
2024-11-19 16:00:00+00:00,23.258413083333334,21.129036
2024-11-19 17:00:00+00:00,23.461517833333332,19.818943
2024-11-19 18:00:00+00:00,23.661952,18.708652
2024-11-19 19:00:00+00:00,24.05944975,18.674208
2024-11-19 20:00:00+00:00,26.05991883333333,20.00125
2024-11-19 21:00:00+00:00,31.773073666666665,26.74263
2024-11-19 22:00:00+00:00,50.87725633333332,32.007793
2024-11-19 23:00:00+00:00,43.11324041666666,27.236797
2024-11-20 00:00:00+00:00,37.06815475,23.610233
2024-11-20 01:00:00+00:00,32.22074583333333,21.731688
2024-11-20 02:00:00+00:00,29.062912749999995,18.446285
2024-11-20 03:00:00+00:00,24.623409416666664,15.545183
2024-11-20 04:00:00+00:00,22.18895791666667,14.200592
2024-11-20 05:00:00+00:00,17.525144416666667,13.649345
2024-11-20 06:00:00+00:00,15.903961000000002,12.875045
2024-11-20 07:00:00+00:00,12.90143225,12.0203285
2024-11-20 08:00:00+00:00,12.645462416666668,12.6778
2024-11-20 09:00:00+00:00,14.751769083333334,13.537126
2024-11-20 10:00:00+00:00,17.765362916666668,18.411694
2024-11-20 11:00:00+00:00,27.097563750000003,27.194494
2024-11-20 12:00:00+00:00,31.28019925,28.048569
2024-11-20 13:00:00+00:00,30.676942,23.66798
2024-11-20 14:00:00+00:00,28.884912416666666,22.474245
2024-11-20 15:00:00+00:00,27.317551499999997,21.999733
2024-11-20 16:00:00+00:00,23.64899266666667,27.212492
2024-11-20 17:00:00+00:00,22.17192425,26.18918
2024-11-20 18:00:00+00:00,22.559288499999997,26.163628
2024-11-20 19:00:00+00:00,20.78309775,26.78075
2024-11-20 20:00:00+00:00,20.070422333333333,28.49614
2024-11-20 21:00:00+00:00,23.841721083333336,37.605793
2024-11-20 22:00:00+00:00,32.27758683333334,47.99083
2024-11-20 23:00:00+00:00,28.994531,44.174423
2024-11-21 00:00:00+00:00,27.819841583333332,37.427605
2024-11-21 01:00:00+00:00,25.085087,34.12012
2024-11-21 02:00:00+00:00,21.233156666666666,29.899893
2024-11-21 03:00:00+00:00,17.742763999999998,25.19114
2024-11-21 04:00:00+00:00,15.242934166666666,22.148533
2024-11-21 05:00:00+00:00,16.907369583333338,20.513132
2024-11-21 06:00:00+00:00,16.208776166666667,18.860321
2024-11-21 07:00:00+00:00,15.952917416666667,17.141949
2024-11-21 08:00:00+00:00,16.41541283333333,17.252476
2024-11-21 09:00:00+00:00,17.894993916666667,17.493534
2024-11-21 10:00:00+00:00,21.290477916666667,21.710867
2024-11-21 11:00:00+00:00,31.031637333333332,31.234665
2024-11-21 12:00:00+00:00,34.45965566666667,34.230762
2024-11-21 13:00:00+00:00,26.791383,30.452705
2024-11-21 14:00:00+00:00,28.01574041666667,29.395395
2024-11-21 15:00:00+00:00,29.452725416666667,29.2782
2024-11-21 16:00:00+00:00,29.17263675,27.475025
2024-11-21 17:00:00+00:00,28.708013583333333,26.474741
2024-11-21 18:00:00+00:00,29.966187666666666,25.141376
2024-11-21 19:00:00+00:00,30.262689416666664,24.639954
2024-11-21 20:00:00+00:00,32.328419583333336,24.376446
2024-11-21 21:00:00+00:00,37.41745641666667,28.47548
2024-11-21 22:00:00+00:00,51.00514166666667,35.29798
2024-11-21 23:00:00+00:00,46.074216916666664,34.656487
2024-11-22 00:00:00+00:00,43.016214,32.328407
2024-11-22 01:00:00+00:00,41.724273583333336,30.4864
2024-11-22 02:00:00+00:00,35.67981366666667,27.18365
2024-11-22 03:00:00+00:00,31.21842558333333,24.379776
2024-11-22 04:00:00+00:00,28.469407499999996,22.5485
2024-11-22 05:00:00+00:00,27.68074725,21.76781
2024-11-22 06:00:00+00:00,27.06937125,20.896336
2024-11-22 07:00:00+00:00,24.813751416666666,19.696379
2024-11-22 08:00:00+00:00,24.726023833333333,19.624823
2024-11-22 09:00:00+00:00,25.641891583333333,20.228695
2024-11-22 10:00:00+00:00,29.289713916666663,23.60905
2024-11-22 11:00:00+00:00,47.18364941666667,30.942614
2024-11-22 12:00:00+00:00,54.86282533333334,33.49691
2024-11-22 13:00:00+00:00,36.38471358333333,30.637112
2024-11-22 14:00:00+00:00,33.269252,28.669865
2024-11-22 15:00:00+00:00,33.54131266666666,27.663315
2024-11-22 16:00:00+00:00,33.792204,30.911049
2024-11-22 17:00:00+00:00,33.53043433333333,28.136936
2024-11-22 18:00:00+00:00,34.07464791666667,27.736393
2024-11-22 19:00:00+00:00,34.46129991666667,27.644596
2024-11-22 20:00:00+00:00,35.0648105,28.043638
2024-11-22 21:00:00+00:00,41.42704191666667,35.490692
2024-11-22 22:00:00+00:00,58.022326500000005,46.581814
2024-11-22 23:00:00+00:00,43.21464783333334,45.07871
2024-11-23 00:00:00+00:00,38.25160725,40.969322
2024-11-23 01:00:00+00:00,37.18374691666667,38.285652
2024-11-23 02:00:00+00:00,35.93127508333333,34.2024
2024-11-23 03:00:00+00:00,34.8198715,30.170368
2024-11-23 04:00:00+00:00,31.538932916666667,27.826103
2024-11-23 05:00:00+00:00,31.450516916666672,26.49855
2024-11-23 06:00:00+00:00,28.23254583333333,25.1305
2024-11-23 07:00:00+00:00,27.111067333333335,23.871649
2024-11-23 08:00:00+00:00,26.833700500000003,24.358427
2024-11-23 09:00:00+00:00,26.840506333333334,24.355667
2024-11-23 10:00:00+00:00,26.887113333333332,28.490591
2024-11-23 11:00:00+00:00,29.173723416666665,38.91151
2024-11-23 12:00:00+00:00,33.89717425,40.747585
2024-11-23 13:00:00+00:00,31.589426833333338,33.8403
2024-11-23 14:00:00+00:00,29.279201333333333,30.361595
2024-11-23 15:00:00+00:00,29.151896416666666,29.043371
2024-11-23 16:00:00+00:00,27.702969416666665,27.848215
2024-11-23 17:00:00+00:00,26.61276808333333,26.601473
2024-11-23 18:00:00+00:00,25.466455166666666,25.46324
2024-11-23 19:00:00+00:00,25.253842916666667,25.183268
2024-11-23 20:00:00+00:00,29.162900249999996,25.992702
2024-11-23 21:00:00+00:00,35.16033125,31.268559
2024-11-23 22:00:00+00:00,47.04945291666667,36.59942
2024-11-23 23:00:00+00:00,36.9772275,33.87514
2024-11-24 00:00:00+00:00,36.43369058333334,29.827028
2024-11-24 01:00:00+00:00,36.879996,28.647505
2024-11-24 02:00:00+00:00,33.967342583333334,27.414215
2024-11-24 03:00:00+00:00,30.219796750000004,25.028084
2024-11-24 04:00:00+00:00,27.790498166666666,23.684288
2024-11-24 05:00:00+00:00,26.558136250000004,23.040495
2024-11-24 06:00:00+00:00,23.919459583333335,22.195522
2024-11-24 07:00:00+00:00,23.27971641666667,21.442547
2024-11-24 08:00:00+00:00,23.043002583333333,21.992756
2024-11-24 09:00:00+00:00,22.638533499999998,22.545902
2024-11-24 10:00:00+00:00,22.67249691666666,24.578556
2024-11-24 11:00:00+00:00,23.891580333333334,29.219353
2024-11-24 12:00:00+00:00,24.32512925,31.23132
2024-11-24 13:00:00+00:00,23.274968416666667,29.579716
2024-11-24 14:00:00+00:00,23.6077135,27.783365
2024-11-24 15:00:00+00:00,23.080079083333334,26.614304
2024-11-24 16:00:00+00:00,22.321096,22.564543
2024-11-24 17:00:00+00:00,21.98649383333333,21.638823
2024-11-24 18:00:00+00:00,21.873302749999997,21.19831
2024-11-24 19:00:00+00:00,21.407256416666666,21.511776
2024-11-24 20:00:00+00:00,24.554807583333332,22.35202
2024-11-24 21:00:00+00:00,34.37469125,26.695152
2024-11-24 22:00:00+00:00,45.3680695,33.084312
2024-11-24 23:00:00+00:00,31.904043500000004,32.553818
2024-11-25 00:00:00+00:00,30.149048333333337,30.162182
2024-11-25 01:00:00+00:00,31.194695499999998,29.279636
2024-11-25 02:00:00+00:00,27.477985833333335,27.274862
2024-11-25 03:00:00+00:00,24.310371,24.63036
2024-11-25 04:00:00+00:00,22.372091,22.834127
2024-11-25 05:00:00+00:00,21.449314666666666,21.949692
2024-11-25 06:00:00+00:00,21.87704408333333,20.919416
2024-11-25 07:00:00+00:00,21.432031833333337,20.256905
2024-11-25 08:00:00+00:00,22.285253000000004,21.058144
2024-11-25 09:00:00+00:00,23.018299166666665,21.440216
2024-11-25 10:00:00+00:00,26.944098999999998,23.658672
2024-11-25 11:00:00+00:00,48.776176666666665,29.177807
2024-11-25 12:00:00+00:00,49.77596991666667,31.27047
2024-11-25 13:00:00+00:00,31.66112933333333,28.73942
2024-11-25 14:00:00+00:00,27.575423999999998,27.443985
2024-11-25 15:00:00+00:00,26.425289583333335,26.944368
2024-11-25 16:00:00+00:00,24.926294916666667,24.629257
2024-11-25 17:00:00+00:00,24.45667441666667,22.966858
2024-11-25 18:00:00+00:00,24.1479125,22.11443
2024-11-25 19:00:00+00:00,24.341111666666666,22.669273
2024-11-25 20:00:00+00:00,26.688855083333333,24.344687
2024-11-25 21:00:00+00:00,30.978313166666666,32.066574
2024-11-25 22:00:00+00:00,43.74288191666667,39.44487
2024-11-25 23:00:00+00:00,32.54600475,34.84666
2024-11-26 00:00:00+00:00,29.915020166666665,30.727211
2024-11-26 01:00:00+00:00,28.499810083333333,28.842758
2024-11-26 02:00:00+00:00,25.47769275,25.723984
2024-11-26 03:00:00+00:00,22.98688316666667,22.535385
2024-11-26 04:00:00+00:00,20.06517875,20.655571
2024-11-26 05:00:00+00:00,18.91939591666667,19.723526
2024-11-26 06:00:00+00:00,18.082283666666665,18.874863
2024-11-26 07:00:00+00:00,16.857871,18.262138
2024-11-26 08:00:00+00:00,16.71812666666667,19.24912
2024-11-26 09:00:00+00:00,18.181110083333337,20.626371
2024-11-26 10:00:00+00:00,22.280865083333335,26.276676
2024-11-26 11:00:00+00:00,30.862190166666664,35.682243
2024-11-26 12:00:00+00:00,38.39877633333334,36.632507
2024-11-26 13:00:00+00:00,37.70916275,29.992788
2024-11-26 14:00:00+00:00,34.57722725,26.164366
2024-11-26 15:00:00+00:00,32.772799416666665,24.71354
2024-11-26 16:00:00+00:00,28.295469416666663,30.821522
2024-11-26 17:00:00+00:00,26.95635316666667,28.624292
2024-11-26 18:00:00+00:00,26.071443833333333,27.850958
2024-11-26 19:00:00+00:00,25.5739205,27.844782
2024-11-26 20:00:00+00:00,26.658591916666666,28.843163
2024-11-26 21:00:00+00:00,39.59304875,33.84712
2024-11-26 22:00:00+00:00,53.602766083333336,39.786022
2024-11-26 23:00:00+00:00,47.51800075,36.794113
2024-11-27 00:00:00+00:00,39.37737858333333,33.3962
2024-11-27 01:00:00+00:00,38.23424083333333,31.565311
2024-11-27 02:00:00+00:00,35.339547083333336,28.051483
2024-11-27 03:00:00+00:00,32.54321066666667,24.14579
2024-11-27 04:00:00+00:00,28.557563916666666,21.935268
2024-11-27 05:00:00+00:00,30.308691999999997,20.68462
2024-11-27 06:00:00+00:00,28.575942083333327,19.491417
2024-11-27 07:00:00+00:00,27.963188083333332,18.355366
2024-11-27 08:00:00+00:00,28.244555166666668,18.622364
2024-11-27 09:00:00+00:00,30.262516250000004,18.421375
2024-11-27 10:00:00+00:00,32.86772441666667,21.485174
2024-11-27 11:00:00+00:00,42.38254499999999,30.117746
2024-11-27 12:00:00+00:00,50.748296333333336,32.98676
2024-11-27 13:00:00+00:00,40.3648035,29.147348
2024-11-27 14:00:00+00:00,35.0022055,28.171648
2024-11-27 15:00:00+00:00,36.85913033333333,28.281914
2024-11-27 16:00:00+00:00,36.695817416666664,33.765278
2024-11-27 17:00:00+00:00,36.401052666666665,31.422985
2024-11-27 18:00:00+00:00,36.486247,30.292145
2024-11-27 19:00:00+00:00,35.2428695,29.459717
2024-11-27 20:00:00+00:00,35.989242,29.663628
2024-11-27 21:00:00+00:00,41.208944666666675,40.48127
2024-11-27 22:00:00+00:00,47.266192499999995,53.960815
2024-11-27 23:00:00+00:00,41.2028015,50.198807
2024-11-28 00:00:00+00:00,41.21039816666667,43.985085
2024-11-28 01:00:00+00:00,38.14139566666667,41.230103
2024-11-28 02:00:00+00:00,34.76006025,37.61949
2024-11-28 03:00:00+00:00,32.97134666666667,33.64758
2024-11-28 04:00:00+00:00,28.8471645,31.314007
2024-11-28 05:00:00+00:00,24.856528416666666,30.421476
2024-11-28 06:00:00+00:00,22.686277416666666,29.518423
2024-11-28 07:00:00+00:00,21.854201333333332,28.524199
2024-11-28 08:00:00+00:00,21.761675083333333,29.60326
2024-11-28 09:00:00+00:00,21.929341583333333,30.836002
2024-11-28 10:00:00+00:00,23.579282833333334,36.797886
2024-11-28 11:00:00+00:00,24.720369249999997,48.524254
2024-11-28 12:00:00+00:00,26.79634075,50.55465
2024-11-28 13:00:00+00:00,29.904619250000003,43.162704
2024-11-28 14:00:00+00:00,32.84026425,38.97727
2024-11-28 15:00:00+00:00,32.72158825,36.81667
2024-11-28 16:00:00+00:00,31.800819,31.604055
2024-11-28 17:00:00+00:00,27.79788975,30.573486
2024-11-28 18:00:00+00:00,25.020796166666667,29.812263
2024-11-28 19:00:00+00:00,22.622163666666665,29.468363
2024-11-28 20:00:00+00:00,22.45485583333333,29.337519
2024-11-28 21:00:00+00:00,24.92266275,32.701527
2024-11-28 22:00:00+00:00,26.486366,37.17871
2024-11-28 23:00:00+00:00,26.997166583333335,35.055264
2024-11-29 00:00:00+00:00,25.94114341666667,32.81582
2024-11-29 01:00:00+00:00,25.507443416666664,32.44484
2024-11-29 02:00:00+00:00,24.068520833333334,30.575312
2024-11-29 03:00:00+00:00,23.705513999999997,27.570322
2024-11-29 04:00:00+00:00,22.418479583333333,25.38489
2024-11-29 05:00:00+00:00,21.497456,24.523827
2024-11-29 06:00:00+00:00,20.891939416666666,23.45553
2024-11-29 07:00:00+00:00,20.1435485,22.359823
2024-11-29 08:00:00+00:00,20.270306583333333,22.366161
2024-11-29 09:00:00+00:00,21.443094416666668,22.169424
2024-11-29 10:00:00+00:00,23.9416115,23.53167
2024-11-29 11:00:00+00:00,27.315596083333332,28.216398
2024-11-29 12:00:00+00:00,28.593991083333332,30.82155
2024-11-29 13:00:00+00:00,24.88720591666667,30.517826
2024-11-29 14:00:00+00:00,22.6463565,31.23217
2024-11-29 15:00:00+00:00,22.044504166666666,31.986225
2024-11-29 16:00:00+00:00,21.764634583333333,21.455502
2024-11-29 17:00:00+00:00,21.744332166666666,21.279804
2024-11-29 18:00:00+00:00,21.698921416666664,20.51121
2024-11-29 19:00:00+00:00,21.68716541666667,20.632933
2024-11-29 20:00:00+00:00,23.6291325,20.995035
2024-11-29 21:00:00+00:00,30.12320683333333,24.29232
2024-11-29 22:00:00+00:00,39.602939,30.613224
2024-11-29 23:00:00+00:00,34.7423155,31.919102
2024-11-30 00:00:00+00:00,33.1986455,30.43416
2024-11-30 01:00:00+00:00,33.52141341666667,30.74389
2024-11-30 02:00:00+00:00,32.48233391666667,30.244417
2024-11-30 03:00:00+00:00,30.82683258333333,28.161158
2024-11-30 04:00:00+00:00,29.3944515,26.906176
2024-11-30 05:00:00+00:00,29.67344628,26.203457
2024-11-30 06:00:00+00:00,29.952441059999998,24.831081
2024-11-30 07:00:00+00:00,30.23143584,23.647617
2024-12-01 05:00:00+00:00,36.369321,24.040434
2024-12-01 06:00:00+00:00,34.86018058333333,24.890167
2024-12-01 07:00:00+00:00,33.27723791666667,26.247538
2024-12-01 08:00:00+00:00,32.774748333333335,29.201418
2024-12-01 09:00:00+00:00,32.916744916666666,30.415833
2024-12-01 10:00:00+00:00,31.937007416666663,27.787655
2024-12-01 11:00:00+00:00,33.678139083333335,25.007942
2024-12-01 12:00:00+00:00,38.31234775,23.87485
2024-12-01 13:00:00+00:00,36.7070885,36.453026
2024-12-01 14:00:00+00:00,34.38217641666667,32.39212
2024-12-01 15:00:00+00:00,33.61632758333334,31.109169
2024-12-01 16:00:00+00:00,33.064515166666666,31.111153
2024-12-01 17:00:00+00:00,30.89846475,31.897568
2024-12-01 18:00:00+00:00,28.70257525,37.812454
2024-12-01 19:00:00+00:00,29.330921,44.468147
2024-12-01 20:00:00+00:00,31.326704583333335,42.041306
2024-12-01 21:00:00+00:00,40.25912966666667,39.26037
2024-12-01 22:00:00+00:00,56.385406749999994,38.47577
2024-12-01 23:00:00+00:00,49.220713499999995,37.646732
2024-12-02 00:00:00+00:00,46.88335616666667,35.272015
2024-12-02 01:00:00+00:00,46.362113666666666,33.411724
2024-12-02 02:00:00+00:00,43.58105641666666,32.11545
2024-12-02 03:00:00+00:00,43.32164158333333,31.02526
2024-12-02 04:00:00+00:00,38.15117333333333,29.958887
2024-12-02 05:00:00+00:00,47.429806500000005,30.755386
2024-12-02 06:00:00+00:00,42.81084633333333,30.605272
2024-12-02 07:00:00+00:00,43.546397750000004,31.147837
2024-12-02 08:00:00+00:00,47.018351499999994,32.594963
2024-12-02 09:00:00+00:00,48.786335,33.27353
2024-12-02 10:00:00+00:00,53.37998391666666,31.957365
2024-12-02 11:00:00+00:00,79.13672883333334,31.526066
2024-12-02 12:00:00+00:00,139.33736075,32.538475
2024-12-02 13:00:00+00:00,63.84485275,99.161766
2024-12-02 14:00:00+00:00,49.042055,73.44705
2024-12-02 15:00:00+00:00,49.24634041666666,56.33006
2024-12-02 16:00:00+00:00,45.17125275,47.795197
2024-12-02 17:00:00+00:00,43.986066833333325,43.168373
2024-12-02 18:00:00+00:00,41.71261141666667,39.3638
2024-12-02 19:00:00+00:00,41.143793583333334,37.57263
2024-12-02 20:00:00+00:00,45.28706625,38.73388
2024-12-02 21:00:00+00:00,66.06305166666667,43.86199
2024-12-02 22:00:00+00:00,99.53470941666667,58.099674
2024-12-02 23:00:00+00:00,78.37981208333333,66.311295
2024-12-03 00:00:00+00:00,74.42280825,57.609634
2024-12-03 01:00:00+00:00,69.0872485,50.54347
2024-12-03 02:00:00+00:00,63.5529565,47.334206
2024-12-03 03:00:00+00:00,59.999237666666666,41.85842
2024-12-03 04:00:00+00:00,63.20616891666666,38.36825
2024-12-03 05:00:00+00:00,44.68754575,37.22955
2024-12-03 06:00:00+00:00,37.685348499999996,35.95581
2024-12-03 07:00:00+00:00,36.182714833333335,36.474586
2024-12-03 08:00:00+00:00,36.06558483333333,38.831
2024-12-03 09:00:00+00:00,38.6644535,36.694572
2024-12-03 10:00:00+00:00,40.059378333333335,39.69909
2024-12-03 11:00:00+00:00,68.20516158333334,60.494667
2024-12-03 12:00:00+00:00,95.70749358333335,85.14628
2024-12-03 13:00:00+00:00,54.43032066666667,58.06398
2024-12-03 14:00:00+00:00,39.849670583333335,45.37908
2024-12-03 15:00:00+00:00,39.758866000000005,38.00963
2024-12-03 16:00:00+00:00,37.60873516666667,34.63392
2024-12-03 17:00:00+00:00,34.884954,33.36273
2024-12-03 18:00:00+00:00,33.312080916666666,32.67946
2024-12-03 19:00:00+00:00,31.374691666666667,33.38537
2024-12-03 20:00:00+00:00,33.63674066666667,36.167767
2024-12-03 21:00:00+00:00,44.32759999999999,47.15983
2024-12-03 22:00:00+00:00,74.74842149999999,62.315887
2024-12-03 23:00:00+00:00,49.93152658333333,61.794365
2024-12-04 00:00:00+00:00,43.968510583333334,55.021336
2024-12-04 01:00:00+00:00,41.88313683333334,52.19639
2024-12-04 02:00:00+00:00,38.032689999999995,49.019444
2024-12-04 03:00:00+00:00,33.956522416666665,42.871536
2024-12-04 04:00:00+00:00,32.03568583333333,37.97686
2024-12-04 05:00:00+00:00,35.33085716666667,35.87499
2024-12-04 06:00:00+00:00,34.51082316666666,33.484188
2024-12-04 07:00:00+00:00,33.367675416666664,31.618458
2024-12-04 08:00:00+00:00,32.81316691666667,32.61863
2024-12-04 09:00:00+00:00,33.539136750000004,32.38175
2024-12-04 10:00:00+00:00,35.295910166666665,36.535034
2024-12-04 11:00:00+00:00,69.82194933333334,52.818375
2024-12-04 12:00:00+00:00,86.04436858333335,63.324417
2024-12-04 13:00:00+00:00,42.850270916666666,53.397156
2024-12-04 14:00:00+00:00,35.77714758333334,45.31731
2024-12-04 15:00:00+00:00,33.610477,38.60246
2024-12-04 16:00:00+00:00,32.51858908333333,35.21666
2024-12-04 17:00:00+00:00,29.907528499999998,34.34477
2024-12-04 18:00:00+00:00,30.176839083333334,33.451183
2024-12-04 19:00:00+00:00,28.38718366666667,33.340614
2024-12-04 20:00:00+00:00,29.841047083333336,34.389263
2024-12-04 21:00:00+00:00,36.388933,41.15178
2024-12-04 22:00:00+00:00,45.058758583333336,52.167435
2024-12-04 23:00:00+00:00,38.93346716666667,51.63343
2024-12-05 00:00:00+00:00,34.712098,47.251415
2024-12-05 01:00:00+00:00,32.20285058333334,46.047615
2024-12-05 02:00:00+00:00,29.2505585,43.482937
2024-12-05 03:00:00+00:00,29.005866916666665,38.89971
2024-12-05 04:00:00+00:00,26.56187458333333,36.000797
2024-12-05 05:00:00+00:00,26.808673833333337,34.834015
2024-12-05 06:00:00+00:00,24.40611683333333,33.338604
2024-12-05 07:00:00+00:00,23.3523235,32.127956
2024-12-05 08:00:00+00:00,23.952715083333334,32.988655
2024-12-05 09:00:00+00:00,26.05984816666667,31.962234
2024-12-05 10:00:00+00:00,31.19653583333333,37.666042
2024-12-05 11:00:00+00:00,37.114431083333336,53.97505
2024-12-05 12:00:00+00:00,42.426326249999995,62.444008
2024-12-05 13:00:00+00:00,34.90503641666667,32.562576
2024-12-05 14:00:00+00:00,33.09607391666666,29.171669
2024-12-05 15:00:00+00:00,32.884260250000004,26.597507
2024-12-05 16:00:00+00:00,32.168195000000004,25.279297
2024-12-05 17:00:00+00:00,32.22479008333333,24.367498
2024-12-05 18:00:00+00:00,31.517321416666665,23.64039
2024-12-05 19:00:00+00:00,32.62627641666667,23.657587
2024-12-05 20:00:00+00:00,35.0370545,23.695164
2024-12-05 21:00:00+00:00,49.31031441666667,28.16886
2024-12-05 22:00:00+00:00,86.98055066666666,33.16604
2024-12-05 23:00:00+00:00,67.71272316666666,31.665047
2024-12-06 00:00:00+00:00,61.85938933333333,29.927025
2024-12-06 01:00:00+00:00,61.155024749999995,29.646019
2024-12-06 02:00:00+00:00,53.92660466666667,27.878521
2024-12-06 03:00:00+00:00,45.82479966666667,25.57387
2024-12-06 04:00:00+00:00,45.4983085,23.882887
2024-12-06 05:00:00+00:00,42.41503541666667,23.015343
2024-12-06 06:00:00+00:00,38.5985855,21.96577
2024-12-06 07:00:00+00:00,38.29611175,21.175562
2024-12-06 08:00:00+00:00,37.883076583333334,22.976933
2024-12-06 09:00:00+00:00,41.16633166666667,22.456276
2024-12-06 10:00:00+00:00,43.03371408333334,23.843533
2024-12-06 11:00:00+00:00,76.94882458333333,31.164185
2024-12-06 12:00:00+00:00,98.22176583333334,34.669994
2024-12-06 13:00:00+00:00,48.176506166666655,67.116844
2024-12-06 14:00:00+00:00,36.962201416666666,55.706284
2024-12-06 15:00:00+00:00,37.94943216666667,50.758327
2024-12-06 16:00:00+00:00,35.30510366666667,46.447636
2024-12-06 17:00:00+00:00,33.22288475,42.948742
2024-12-06 18:00:00+00:00,31.07590325,40.760727
2024-12-06 19:00:00+00:00,30.927531916666666,40.370094
2024-12-06 20:00:00+00:00,32.78776366666667,42.279484
2024-12-06 21:00:00+00:00,45.55283516666666,62.530457
2024-12-06 22:00:00+00:00,62.65486516666667,89.73132
2024-12-06 23:00:00+00:00,48.96801658333333,81.56798
2024-12-07 00:00:00+00:00,47.77924466666668,67.2954
2024-12-07 01:00:00+00:00,48.794749833333334,64.83149
2024-12-07 02:00:00+00:00,49.48743916666667,61.25596
2024-12-07 03:00:00+00:00,44.13867491666667,54.325474
2024-12-07 04:00:00+00:00,43.18251083333333,49.09714
2024-12-07 05:00:00+00:00,43.031228416666664,45.90762
2024-12-07 06:00:00+00:00,39.81783875,42.944294
2024-12-07 07:00:00+00:00,38.76311116666667,40.35919
2024-12-07 08:00:00+00:00,39.062753,42.86479
2024-12-07 09:00:00+00:00,40.33373125,42.390728
2024-12-07 10:00:00+00:00,41.544336333333334,47.24398
2024-12-07 11:00:00+00:00,52.49436766666666,67.135376
2024-12-07 12:00:00+00:00,63.87858358333333,75.4551
2024-12-07 13:00:00+00:00,42.66437675,42.116497
2024-12-07 14:00:00+00:00,31.04888508333333,33.818344
2024-12-07 15:00:00+00:00,29.199165250000004,29.211674
2024-12-07 16:00:00+00:00,28.326518666666665,27.063313
2024-12-07 17:00:00+00:00,25.699291333333335,26.213377
2024-12-07 18:00:00+00:00,23.97519525,25.998259
2024-12-07 19:00:00+00:00,22.654303916666663,26.297499
2024-12-07 20:00:00+00:00,24.427016333333327,26.828318
2024-12-07 21:00:00+00:00,31.546915,37.403515
2024-12-07 22:00:00+00:00,38.877177,48.029366
2024-12-07 23:00:00+00:00,34.82372083333333,43.488388
2024-12-08 00:00:00+00:00,33.982682833333335,40.620197
2024-12-08 01:00:00+00:00,33.381234,41.696835
2024-12-08 02:00:00+00:00,31.943770833333332,40.844517
2024-12-08 03:00:00+00:00,28.982736333333335,38.65827
2024-12-08 04:00:00+00:00,25.2488065,36.12664
2024-12-08 05:00:00+00:00,26.940413083333336,34.731525
2024-12-08 06:00:00+00:00,23.16466775,32.693333
2024-12-08 07:00:00+00:00,21.680390250000002,30.9789
2024-12-08 08:00:00+00:00,21.30546766666667,32.371822
2024-12-08 09:00:00+00:00,21.730555666666664,31.217478
2024-12-08 10:00:00+00:00,22.496217249999997,33.98387
2024-12-08 11:00:00+00:00,26.20499166666667,47.40603
2024-12-08 12:00:00+00:00,28.654802250000003,52.789467
2024-12-08 13:00:00+00:00,24.190480583333336,22.159273
2024-12-08 14:00:00+00:00,21.357253166666663,19.659292
2024-12-08 15:00:00+00:00,20.901888833333338,17.106104
2024-12-08 16:00:00+00:00,19.833439583333334,15.497126
2024-12-08 17:00:00+00:00,19.28054941666667,14.574478
2024-12-08 18:00:00+00:00,18.83704166666667,13.435074
2024-12-08 19:00:00+00:00,19.0818605,12.633972
2024-12-08 20:00:00+00:00,20.464409916666668,12.861383
2024-12-08 21:00:00+00:00,24.066065,19.645689
2024-12-08 22:00:00+00:00,29.9700145,27.883265
2024-12-08 23:00:00+00:00,27.035178333333338,27.71428
2024-12-09 00:00:00+00:00,26.002833083333332,25.708807
2024-12-09 01:00:00+00:00,25.632609416666668,25.432018
2024-12-09 02:00:00+00:00,24.49474591666667,23.545855
2024-12-09 03:00:00+00:00,22.777152583333333,21.320204
2024-12-09 04:00:00+00:00,19.242991583333332,19.964958
2024-12-09 05:00:00+00:00,19.841326499999997,19.023195
2024-12-09 06:00:00+00:00,19.197744500000002,18.647879
2024-12-09 07:00:00+00:00,19.000803250000004,18.35824
2024-12-09 08:00:00+00:00,19.436855583333333,20.154032
2024-12-09 09:00:00+00:00,20.375714416666664,21.125984
2024-12-09 10:00:00+00:00,21.37081625,25.314314
2024-12-09 11:00:00+00:00,31.348493000000005,34.51537
2024-12-09 12:00:00+00:00,35.835277,37.74883
2024-12-09 13:00:00+00:00,35.948004,31.373714
2024-12-09 14:00:00+00:00,35.823964833333335,27.851345
2024-12-09 15:00:00+00:00,36.55562008333333,26.422161
2024-12-09 16:00:00+00:00,35.58451825,25.546764
2024-12-09 17:00:00+00:00,34.360418833333334,24.412504
2024-12-09 18:00:00+00:00,32.43092016666667,24.619587
2024-12-09 19:00:00+00:00,30.508592583333336,25.129986
2024-12-09 20:00:00+00:00,27.72216383333333,25.993568
2024-12-09 21:00:00+00:00,31.664981416666667,37.119022
2024-12-09 22:00:00+00:00,38.590998416666665,49.528328
2024-12-09 23:00:00+00:00,33.802956,46.864136
2024-12-10 00:00:00+00:00,33.02388975,43.113403
2024-12-10 01:00:00+00:00,31.136917416666666,42.936535
2024-12-10 02:00:00+00:00,27.189755916666666,39.38129
2024-12-10 03:00:00+00:00,25.014239583333335,35.31369
2024-12-10 04:00:00+00:00,21.695148833333334,32.988068
2024-12-10 05:00:00+00:00,21.48048316666667,31.347633
2024-12-10 06:00:00+00:00,20.830938333333332,29.253956
2024-12-10 07:00:00+00:00,19.927662166666668,27.90677
2024-12-10 08:00:00+00:00,20.014387666666668,29.26073
2024-12-10 09:00:00+00:00,21.823596749999997,29.702965
2024-12-10 10:00:00+00:00,23.445070583333333,33.86402
2024-12-10 11:00:00+00:00,30.92382766666667,44.251804
2024-12-10 12:00:00+00:00,35.91028541666667,45.583496
2024-12-10 13:00:00+00:00,36.04909425,33.904575
2024-12-10 14:00:00+00:00,36.60489458333333,33.212875
2024-12-10 15:00:00+00:00,36.082755,33.56382
2024-12-10 16:00:00+00:00,33.81533433333333,32.145542
2024-12-10 17:00:00+00:00,32.80736666666667,30.155354
2024-12-10 18:00:00+00:00,31.57023425,29.666399
2024-12-10 19:00:00+00:00,28.6127365,28.966438
2024-12-10 20:00:00+00:00,28.038352999999997,28.20797
2024-12-10 21:00:00+00:00,33.003566,33.333435
2024-12-10 22:00:00+00:00,38.71993283333333,39.097973
2024-12-10 23:00:00+00:00,33.788589083333335,35.936306
2024-12-11 00:00:00+00:00,32.74074025,32.889072
2024-12-11 01:00:00+00:00,31.190596333333332,31.496584
2024-12-11 02:00:00+00:00,27.84679483333333,27.970062
2024-12-11 03:00:00+00:00,26.009580833333327,24.36131
2024-12-11 04:00:00+00:00,21.854263166666666,21.957901
2024-12-11 05:00:00+00:00,23.684915583333336,20.943962
2024-12-11 06:00:00+00:00,22.669602166666667,19.480303
2024-12-11 07:00:00+00:00,21.65593158333333,19.50128
2024-12-11 08:00:00+00:00,21.137701916666668,21.55241
2024-12-11 09:00:00+00:00,22.01998141666667,22.209412
2024-12-11 10:00:00+00:00,26.126302416666665,25.130667
2024-12-11 11:00:00+00:00,30.769040916666665,34.001835
2024-12-11 12:00:00+00:00,39.796924,37.443027
2024-12-11 13:00:00+00:00,39.37860625,37.344093
2024-12-11 14:00:00+00:00,37.793546666666664,35.9251
2024-12-11 15:00:00+00:00,36.47871025,34.350086
2024-12-11 16:00:00+00:00,32.90172333333333,32.902447
2024-12-11 17:00:00+00:00,31.9793035,31.441933
2024-12-11 18:00:00+00:00,31.813887083333327,30.693441
2024-12-11 19:00:00+00:00,30.868588833333334,30.25238
2024-12-11 20:00:00+00:00,31.460470916666665,30.033226
2024-12-11 21:00:00+00:00,36.95504158333333,36.65622
2024-12-11 22:00:00+00:00,50.163916750000006,44.92245
2024-12-11 23:00:00+00:00,45.6428415,41.202393
2024-12-12 00:00:00+00:00,42.8616765,37.03146
2024-12-12 01:00:00+00:00,41.688761250000006,36.05546
2024-12-12 02:00:00+00:00,38.31902291666667,32.86819
2024-12-12 03:00:00+00:00,34.46605091666667,30.08124
2024-12-12 04:00:00+00:00,27.08361066666667,27.875734
2024-12-12 05:00:00+00:00,26.650744250000002,27.139532
2024-12-12 06:00:00+00:00,25.549921666666666,26.537094
2024-12-12 07:00:00+00:00,25.72942983333333,25.97221
2024-12-12 08:00:00+00:00,28.860481583333332,26.231985
2024-12-12 09:00:00+00:00,29.589134750000003,26.767092
2024-12-12 10:00:00+00:00,34.77601991666666,30.198257
2024-12-12 11:00:00+00:00,50.50924275,38.884777
2024-12-12 12:00:00+00:00,71.14180858333333,41.503952
2024-12-12 13:00:00+00:00,42.470115,51.87919
2024-12-12 14:00:00+00:00,35.560764999999996,43.628788
2024-12-12 15:00:00+00:00,35.61949091666667,40.272682
2024-12-12 16:00:00+00:00,33.93389608333333,37.45197
2024-12-12 17:00:00+00:00,33.424644416666666,34.64049
2024-12-12 18:00:00+00:00,32.777372166666666,32.945866
2024-12-12 19:00:00+00:00,33.403954416666664,33.390926
2024-12-12 20:00:00+00:00,35.71590583333333,34.903423
2024-12-12 21:00:00+00:00,50.95272333333333,43.41597
2024-12-12 22:00:00+00:00,78.80843041666667,58.05289
2024-12-12 23:00:00+00:00,65.68781641666666,57.561058
2024-12-13 00:00:00+00:00,58.295415999999996,50.15293
2024-12-13 01:00:00+00:00,57.163063333333334,47.460556
2024-12-13 02:00:00+00:00,53.02762766666667,43.350464
2024-12-13 03:00:00+00:00,45.54122066666667,38.089874
2024-12-13 04:00:00+00:00,43.6089465,34.951855
2024-12-13 05:00:00+00:00,34.91778958333333,33.24857
2024-12-13 06:00:00+00:00,32.08759075,31.672447
2024-12-13 07:00:00+00:00,31.06748441666667,30.620066
2024-12-13 08:00:00+00:00,30.771074333333328,32.650936
2024-12-13 09:00:00+00:00,32.829238583333336,34.282566
2024-12-13 10:00:00+00:00,36.83458375,39.104927
2024-12-13 11:00:00+00:00,55.173192,53.892895
2024-12-13 12:00:00+00:00,88.68075950000001,62.928043
2024-12-13 13:00:00+00:00,47.43722733333333,54.768364
2024-12-13 14:00:00+00:00,38.14338108333333,41.621372
2024-12-13 15:00:00+00:00,33.68594175,35.412308
2024-12-13 16:00:00+00:00,32.20223191666667,31.804241
2024-12-13 17:00:00+00:00,30.560059250000002,29.730753
2024-12-13 18:00:00+00:00,30.24405308333333,28.340149
2024-12-13 19:00:00+00:00,30.693454249999995,28.761257
2024-12-13 20:00:00+00:00,32.18960475,31.764057
2024-12-13 21:00:00+00:00,37.56669316666667,42.47242
2024-12-13 22:00:00+00:00,51.14187291666667,58.574818
2024-12-13 23:00:00+00:00,43.23703591666666,58.631577
2024-12-14 00:00:00+00:00,39.12482816666667,50.529472
2024-12-14 01:00:00+00:00,37.787462999999995,46.8218
2024-12-14 02:00:00+00:00,36.11889358333333,42.722286
2024-12-14 03:00:00+00:00,32.233396166666665,36.389336
2024-12-14 04:00:00+00:00,29.01482316666667,32.67517
2024-12-14 05:00:00+00:00,29.041212083333335,30.916874
2024-12-14 06:00:00+00:00,27.828380499999998,29.046057
2024-12-14 07:00:00+00:00,25.449626083333328,27.718327
2024-12-14 08:00:00+00:00,25.021803916666666,28.539097
2024-12-14 09:00:00+00:00,26.06367333333333,28.355421
2024-12-14 10:00:00+00:00,26.25446775,32.263054
2024-12-14 11:00:00+00:00,30.93273308333333,48.50725
2024-12-14 12:00:00+00:00,34.851843,60.29917
2024-12-14 13:00:00+00:00,31.574774416666667,32.33927
2024-12-14 14:00:00+00:00,28.431955916666666,28.779749
2024-12-14 15:00:00+00:00,25.834980666666667,27.430824
2024-12-14 16:00:00+00:00,24.549853249999998,26.836967
2024-12-14 17:00:00+00:00,23.69649383333334,26.207466
2024-12-14 18:00:00+00:00,23.409383416666667,26.004795
2024-12-14 19:00:00+00:00,22.978210416666663,25.93629
2024-12-14 20:00:00+00:00,24.823076750000002,25.821548
2024-12-14 21:00:00+00:00,28.94991758333333,28.599531
2024-12-14 22:00:00+00:00,35.76170591666666,32.58525
2024-12-14 23:00:00+00:00,32.621301833333334,31.981215
2024-12-15 00:00:00+00:00,31.47462808333333,30.611515
2024-12-15 01:00:00+00:00,30.77663191666667,29.871925
2024-12-15 02:00:00+00:00,29.02728575,28.306719
2024-12-15 03:00:00+00:00,26.540185166666664,26.254414
2024-12-15 04:00:00+00:00,24.716723416666664,24.832195
2024-12-15 05:00:00+00:00,23.98131641666667,23.912449
2024-12-15 06:00:00+00:00,23.631365083333332,23.144632
2024-12-15 07:00:00+00:00,22.92327525,22.34413
2024-12-15 08:00:00+00:00,23.8557055,21.731499
2024-12-15 09:00:00+00:00,24.853362583333332,20.95266
2024-12-15 10:00:00+00:00,23.83976325,21.159836
2024-12-15 11:00:00+00:00,24.417021333333334,24.614471
2024-12-15 12:00:00+00:00,27.274205750000004,26.269098
2024-12-15 13:00:00+00:00,30.44081925,25.870255
2024-12-15 14:00:00+00:00,29.351233500000003,25.227451
2024-12-15 15:00:00+00:00,29.766047999999998,24.216719
2024-12-15 16:00:00+00:00,28.709242166666666,23.229298
2024-12-15 17:00:00+00:00,29.630652916666666,22.20673
2024-12-15 18:00:00+00:00,29.03288083333333,21.44405
2024-12-15 19:00:00+00:00,29.716595583333334,21.033253
2024-12-15 20:00:00+00:00,28.285189,20.936035
2024-12-15 21:00:00+00:00,32.13500116666667,24.61057
2024-12-15 22:00:00+00:00,40.758074083333334,31.556171
2024-12-15 23:00:00+00:00,32.65868458333333,33.086212
2024-12-16 00:00:00+00:00,31.02326275,31.457777
2024-12-16 01:00:00+00:00,29.731204916666666,30.431284
2024-12-16 02:00:00+00:00,26.561422166666663,27.932602
2024-12-16 03:00:00+00:00,23.47316825,25.460514
2024-12-16 04:00:00+00:00,20.672306416666668,23.7739
2024-12-16 05:00:00+00:00,19.148851833333335,22.875637
2024-12-16 06:00:00+00:00,18.929910916666667,22.030172
2024-12-16 07:00:00+00:00,18.304816833333337,21.182213
2024-12-16 08:00:00+00:00,17.839212916666668,22.195778
2024-12-16 09:00:00+00:00,18.14606725,23.482578
2024-12-16 10:00:00+00:00,20.295045583333334,25.463661
2024-12-16 11:00:00+00:00,28.453327916666662,30.133846
2024-12-16 12:00:00+00:00,35.095982666666664,32.25318
2024-12-16 13:00:00+00:00,34.916152333333336,33.15263
2024-12-16 14:00:00+00:00,34.96187166666667,32.504982
2024-12-16 15:00:00+00:00,35.245702666666666,32.1717
2024-12-16 16:00:00+00:00,31.592307499999997,31.456831
2024-12-16 17:00:00+00:00,29.1923405,30.19025
2024-12-16 18:00:00+00:00,27.293167,29.497396
2024-12-16 19:00:00+00:00,24.956699333333336,29.01646
2024-12-16 20:00:00+00:00,25.255476666666667,28.75659
2024-12-16 21:00:00+00:00,27.82653625,33.278618
2024-12-16 22:00:00+00:00,34.90846675,39.91284
2024-12-16 23:00:00+00:00,31.510337000000003,37.596962
2024-12-17 00:00:00+00:00,28.24725316666667,33.243332
2024-12-17 01:00:00+00:00,26.700529083333333,31.636578
2024-12-17 02:00:00+00:00,23.988450166666667,28.701895
2024-12-17 03:00:00+00:00,21.707200999999998,25.02116
2024-12-17 04:00:00+00:00,20.109700250000003,22.058168
2024-12-17 05:00:00+00:00,20.054325750000004,20.604536
2024-12-17 06:00:00+00:00,19.707455833333334,19.401192
2024-12-17 07:00:00+00:00,19.393328083333337,18.303038
2024-12-17 08:00:00+00:00,19.428714083333336,18.793772
2024-12-17 09:00:00+00:00,20.005462416666667,19.461117
2024-12-17 10:00:00+00:00,22.381153833333332,22.317284
2024-12-17 11:00:00+00:00,27.379154,30.071592
2024-12-17 12:00:00+00:00,35.105546833333335,33.886623
2024-12-17 13:00:00+00:00,33.5610035,33.98855
2024-12-17 14:00:00+00:00,29.847195499999998,33.832874
2024-12-17 15:00:00+00:00,28.45647441666667,32.87137
2024-12-17 16:00:00+00:00,27.450158666666667,31.315866
2024-12-17 17:00:00+00:00,27.312153249999994,29.79232
2024-12-17 18:00:00+00:00,26.597099083333333,28.777355
2024-12-17 19:00:00+00:00,26.835672666666667,28.065823
2024-12-17 20:00:00+00:00,28.041042083333334,28.073818
2024-12-17 21:00:00+00:00,34.526559666666664,33.173523
2024-12-17 22:00:00+00:00,47.002062333333335,40.08596
2024-12-17 23:00:00+00:00,41.410581666666666,38.121307
2024-12-18 00:00:00+00:00,37.783412500000004,34.895203
2024-12-18 01:00:00+00:00,36.621651,33.8806
2024-12-18 02:00:00+00:00,32.76148608333333,31.05274
2024-12-18 03:00:00+00:00,29.703592833333335,28.05893
2024-12-18 04:00:00+00:00,26.96138591666667,25.722317
2024-12-18 05:00:00+00:00,23.644350833333334,24.846989
2024-12-18 06:00:00+00:00,21.76984183333333,24.005486
2024-12-18 07:00:00+00:00,21.474666833333334,23.381207
2024-12-18 08:00:00+00:00,21.207744916666666,23.463787
2024-12-18 09:00:00+00:00,21.3744615,24.389204
2024-12-18 10:00:00+00:00,23.958796999999997,27.4165
2024-12-18 11:00:00+00:00,30.21469258333333,35.16532
2024-12-18 12:00:00+00:00,35.41004458333333,38.296295
2024-12-18 13:00:00+00:00,34.197315,32.166416
2024-12-18 14:00:00+00:00,32.940282583333335,31.061651
2024-12-18 15:00:00+00:00,33.65541175,29.807133
2024-12-18 16:00:00+00:00,33.03861883333333,28.947668
2024-12-18 17:00:00+00:00,31.249085500000003,27.938326
2024-12-18 18:00:00+00:00,30.172949166666665,27.691072
2024-12-18 19:00:00+00:00,29.83263558333333,27.88825
2024-12-18 20:00:00+00:00,28.868759999999998,29.165138
2024-12-18 21:00:00+00:00,33.98177008333334,37.07158
2024-12-18 22:00:00+00:00,40.82261908333333,45.43446
2024-12-18 23:00:00+00:00,37.0287605,42.24654
2024-12-19 00:00:00+00:00,34.932366916666666,37.046864
2024-12-19 01:00:00+00:00,32.905881083333334,34.988476
2024-12-19 02:00:00+00:00,30.227073,31.519535
2024-12-19 03:00:00+00:00,27.502782166666666,27.388916
2024-12-19 04:00:00+00:00,23.98760891666667,24.838215
2024-12-19 05:00:00+00:00,22.991195166666667,23.803707
2024-12-19 06:00:00+00:00,22.14606841666667,23.139645
2024-12-19 07:00:00+00:00,21.78342033333334,22.40649
2024-12-19 08:00:00+00:00,22.15518425,23.41946
2024-12-19 09:00:00+00:00,24.431732666666665,24.002182
2024-12-19 10:00:00+00:00,26.161904583333335,27.446833
2024-12-19 11:00:00+00:00,34.950091083333334,34.896755
2024-12-19 12:00:00+00:00,40.016898250000004,37.581978
2024-12-19 13:00:00+00:00,35.543022,36.721207
2024-12-19 14:00:00+00:00,30.079406833333334,34.21826
2024-12-19 15:00:00+00:00,29.841643083333334,33.625965
2024-12-19 16:00:00+00:00,28.649910583333334,32.78821
2024-12-19 17:00:00+00:00,28.45563941666667,31.145433
2024-12-19 18:00:00+00:00,27.255519500000002,30.412968
2024-12-19 19:00:00+00:00,26.639632583333338,30.274214
2024-12-19 20:00:00+00:00,28.22538641666667,30.558157
2024-12-19 21:00:00+00:00,32.2691705,35.56575
2024-12-19 22:00:00+00:00,41.660072166666666,43.422344
2024-12-19 23:00:00+00:00,37.6121595,42.4059
2024-12-20 00:00:00+00:00,36.91194575,37.866707
2024-12-20 01:00:00+00:00,35.08339083333333,35.10868
2024-12-20 02:00:00+00:00,33.51350816666667,31.727005
2024-12-20 03:00:00+00:00,30.87370608333333,28.307861
2024-12-20 04:00:00+00:00,28.383776583333333,26.061985
2024-12-20 05:00:00+00:00,24.350725666666666,24.694315
2024-12-20 06:00:00+00:00,24.505221083333335,23.66412
2024-12-20 07:00:00+00:00,22.97627266666667,22.894882
2024-12-20 08:00:00+00:00,21.967608583333334,23.883877
2024-12-20 09:00:00+00:00,23.004346416666667,25.393284
2024-12-20 10:00:00+00:00,25.677196583333334,28.801283
2024-12-20 11:00:00+00:00,29.565912166666667,36.915207
2024-12-20 12:00:00+00:00,34.92001666666666,40.795605
2024-12-20 13:00:00+00:00,35.839301999999996,33.595177
2024-12-20 14:00:00+00:00,37.161741666666664,30.43027
2024-12-20 15:00:00+00:00,40.080236416666665,28.99251
2024-12-20 16:00:00+00:00,38.424022666666666,27.994368
2024-12-20 17:00:00+00:00,35.7625275,26.718927
2024-12-20 18:00:00+00:00,34.93081225,26.119413
2024-12-20 19:00:00+00:00,34.095023833333336,25.807636
2024-12-20 20:00:00+00:00,34.11105233333333,25.981977
2024-12-20 21:00:00+00:00,35.604059,29.906693
2024-12-20 22:00:00+00:00,41.04686508333334,36.58029
2024-12-20 23:00:00+00:00,38.46816875,37.016884
2024-12-21 00:00:00+00:00,38.00571816666667,33.807354
2024-12-21 01:00:00+00:00,37.2108675,31.70981
2024-12-21 02:00:00+00:00,35.19618258333333,30.123798
2024-12-21 03:00:00+00:00,33.02199775,27.91215
2024-12-21 04:00:00+00:00,29.20229075,26.06367
2024-12-21 05:00:00+00:00,27.668295666666666,24.85217
2024-12-21 06:00:00+00:00,27.319328833333334,24.298964
2024-12-21 07:00:00+00:00,26.168863,23.403015
2024-12-21 08:00:00+00:00,26.467438916666666,22.592186
2024-12-21 09:00:00+00:00,26.315699249999998,22.393072
2024-12-21 10:00:00+00:00,27.865331166666664,23.269089
2024-12-21 11:00:00+00:00,29.007776083333336,27.46134
2024-12-21 12:00:00+00:00,35.26442,30.291498
2024-12-21 13:00:00+00:00,35.703172333333335,36.1281
2024-12-21 14:00:00+00:00,32.53249075,35.27303
2024-12-21 15:00:00+00:00,39.210142,34.622574
2024-12-21 16:00:00+00:00,37.195836666666665,33.24325
2024-12-21 17:00:00+00:00,35.969738916666664,31.144821
2024-12-21 18:00:00+00:00,33.666317166666666,29.820711
2024-12-21 19:00:00+00:00,33.05707783333333,29.056948
2024-12-21 20:00:00+00:00,35.76044375,28.561123
2024-12-21 21:00:00+00:00,43.004003000000004,30.826305
2024-12-21 22:00:00+00:00,54.87783533333334,35.40988
2024-12-21 23:00:00+00:00,52.37131041666667,35.72345
2024-12-22 00:00:00+00:00,48.560729333333335,34.166237
2024-12-22 01:00:00+00:00,49.54577075,33.572296
2024-12-22 02:00:00+00:00,47.32263425,31.817522
2024-12-22 03:00:00+00:00,42.97135408333333,28.683653
2024-12-22 04:00:00+00:00,41.020976833333336,26.461311
2024-12-22 05:00:00+00:00,46.52315024999999,25.556593
2024-12-22 06:00:00+00:00,43.20355475,24.997793
2024-12-22 07:00:00+00:00,41.347849583333335,24.435959
2024-12-22 08:00:00+00:00,40.60632866666666,24.344597
2024-12-22 09:00:00+00:00,38.41234016666667,24.420107
2024-12-22 10:00:00+00:00,38.05519825,25.328678
2024-12-22 11:00:00+00:00,40.631432499999995,28.892286
2024-12-22 12:00:00+00:00,47.03124308333333,31.53186
2024-12-22 13:00:00+00:00,42.39787033333334,47.455402
2024-12-22 14:00:00+00:00,36.47478591666667,45.945114
2024-12-22 15:00:00+00:00,37.48059691666666,44.38419
2024-12-22 16:00:00+00:00,36.906001583333335,41.575977
2024-12-22 17:00:00+00:00,33.94789458333333,39.24496
2024-12-22 18:00:00+00:00,32.75196016666667,37.378357
2024-12-22 19:00:00+00:00,33.46966258333333,36.709667
2024-12-22 20:00:00+00:00,37.29705308333333,36.488983
2024-12-22 21:00:00+00:00,47.27061566666666,40.36394
2024-12-22 22:00:00+00:00,66.86463883333333,48.11879
2024-12-22 23:00:00+00:00,60.873777249999996,49.742294
2024-12-23 00:00:00+00:00,55.449981833333325,47.792618
2024-12-23 01:00:00+00:00,54.032837,47.083
2024-12-23 02:00:00+00:00,51.064488833333336,44.82164
2024-12-23 03:00:00+00:00,46.652901083333326,40.520306
2024-12-23 04:00:00+00:00,43.21331516666666,37.87595
2024-12-23 05:00:00+00:00,39.47903908333333,37.028324
2024-12-23 06:00:00+00:00,38.79145416666667,36.770557
2024-12-23 07:00:00+00:00,37.93528766666667,36.188347
2024-12-23 08:00:00+00:00,38.03905366666667,35.543858
2024-12-23 09:00:00+00:00,40.010133833333335,35.304153
2024-12-23 10:00:00+00:00,44.58457283333333,35.522667
2024-12-23 11:00:00+00:00,65.44620266666666,38.479942
2024-12-23 12:00:00+00:00,85.71325999999999,41.882614
2024-12-23 13:00:00+00:00,50.46213433333333,59.03617
2024-12-23 14:00:00+00:00,39.13047508333333,51.698616
2024-12-23 15:00:00+00:00,37.7027165,45.444263
2024-12-23 16:00:00+00:00,36.740745249999996,41.30728
2024-12-23 17:00:00+00:00,34.947099916666666,38.998768
2024-12-23 18:00:00+00:00,36.02659191666667,36.561256
2024-12-23 19:00:00+00:00,37.74947191666667,36.2986
2024-12-23 20:00:00+00:00,40.194449166666665,38.623455
2024-12-23 21:00:00+00:00,49.75118758333333,47.002625
2024-12-23 22:00:00+00:00,65.74784958333333,60.48771
2024-12-23 23:00:00+00:00,57.66471133333334,61.90857
2024-12-24 00:00:00+00:00,49.75583208333333,54.415176
2024-12-24 01:00:00+00:00,48.49146191666667,49.239944
2024-12-24 02:00:00+00:00,45.408790083333336,44.856888
2024-12-24 03:00:00+00:00,43.85051791666667,39.650734
2024-12-24 04:00:00+00:00,40.30740083333333,36.632427
2024-12-24 05:00:00+00:00,31.97276791666667,35.031193
2024-12-24 06:00:00+00:00,30.667720250000002,33.889614
2024-12-24 07:00:00+00:00,30.45200125,33.173466
2024-12-24 08:00:00+00:00,30.279722083333336,33.68192
2024-12-24 09:00:00+00:00,30.97373566666667,33.173885
2024-12-24 10:00:00+00:00,35.35708783333333,37.410515
2024-12-24 11:00:00+00:00,38.50022166666667,50.11994
2024-12-24 12:00:00+00:00,41.39871800000001,59.347603
2024-12-24 13:00:00+00:00,41.72305758333334,38.297672
2024-12-24 14:00:00+00:00,37.735981833333334,34.611633
2024-12-24 15:00:00+00:00,31.904194833333335,33.87168
2024-12-24 16:00:00+00:00,31.10140075,33.509266
2024-12-24 17:00:00+00:00,29.099379666666668,32.806698
2024-12-24 18:00:00+00:00,27.977110916666664,32.843327
2024-12-24 19:00:00+00:00,28.276845083333335,32.837475
2024-12-24 20:00:00+00:00,28.007974666666666,33.506073
2024-12-24 21:00:00+00:00,33.19781208333333,38.455143
2024-12-24 22:00:00+00:00,38.04052608333333,43.5065
2024-12-24 23:00:00+00:00,37.41902525,41.72872
2024-12-25 00:00:00+00:00,35.554218666666664,39.266865
2024-12-25 01:00:00+00:00,33.65391916666667,37.618626
2024-12-25 02:00:00+00:00,31.01127108333333,35.720814
2024-12-25 03:00:00+00:00,27.797117583333332,33.357063
2024-12-25 04:00:00+00:00,25.78200316666667,31.31562
2024-12-25 05:00:00+00:00,26.1800515,30.089071
2024-12-25 06:00:00+00:00,24.10459608333333,29.04651
2024-12-25 07:00:00+00:00,23.70978433333333,28.356718
2024-12-25 08:00:00+00:00,23.785168666666667,28.36575
2024-12-25 09:00:00+00:00,24.0763995,28.901508
2024-12-25 10:00:00+00:00,24.6738225,29.710466
2024-12-25 11:00:00+00:00,24.352665083333335,32.870834
2024-12-25 12:00:00+00:00,29.262460916666672,34.13971
2024-12-25 13:00:00+00:00,28.109165666666666,29.098423
2024-12-25 14:00:00+00:00,26.564418083333333,28.617205
2024-12-25 15:00:00+00:00,25.678346416666663,27.762383
2024-12-25 16:00:00+00:00,25.903560583333334,27.080265
2024-12-25 17:00:00+00:00,25.099762249999998,26.452234
2024-12-25 18:00:00+00:00,25.02184875,25.700108
2024-12-25 19:00:00+00:00,25.104091083333337,25.507126
2024-12-25 20:00:00+00:00,25.14032316666667,25.928001
2024-12-25 21:00:00+00:00,29.146430083333332,27.331112
2024-12-25 22:00:00+00:00,32.534422166666666,30.249485
2024-12-25 23:00:00+00:00,31.64638941666667,32.192078
2024-12-26 00:00:00+00:00,30.360542666666664,31.772633
2024-12-26 01:00:00+00:00,29.684668333333335,30.76995
2024-12-26 02:00:00+00:00,27.368669999999998,29.390903
2024-12-26 03:00:00+00:00,26.74030908333333,27.521523
2024-12-26 04:00:00+00:00,25.23408541666667,25.936668
2024-12-26 05:00:00+00:00,26.329276250000007,25.156017
2024-12-26 06:00:00+00:00,24.089254499999996,24.653961
2024-12-26 07:00:00+00:00,23.81186575,24.164883
2024-12-26 08:00:00+00:00,24.52005433333333,23.869823
2024-12-26 09:00:00+00:00,24.87979058333333,24.087048
2024-12-26 10:00:00+00:00,25.996218499999998,25.659927
2024-12-26 11:00:00+00:00,29.646670583333332,28.872082
2024-12-26 12:00:00+00:00,33.36371358333333,30.819645
2024-12-26 13:00:00+00:00,35.83142133333333,31.191776
2024-12-26 14:00:00+00:00,33.93915175,29.240625
2024-12-26 15:00:00+00:00,32.69959625,28.938457
2024-12-26 16:00:00+00:00,29.92290816666667,28.436028
2024-12-26 17:00:00+00:00,27.327403416666666,27.684565
2024-12-26 18:00:00+00:00,25.458349916666666,27.212967
2024-12-26 19:00:00+00:00,26.443968333333334,27.299074
2024-12-26 20:00:00+00:00,26.721540333333333,26.767124
2024-12-26 21:00:00+00:00,31.280925583333328,30.068579
2024-12-26 22:00:00+00:00,38.39610175,37.07953
2024-12-26 23:00:00+00:00,32.67931425,36.905922
2024-12-27 00:00:00+00:00,30.6493555,33.758587
2024-12-27 01:00:00+00:00,30.05126866666667,32.721375
2024-12-27 02:00:00+00:00,29.552095333333327,30.25432
2024-12-27 03:00:00+00:00,28.638875916666667,27.752958
2024-12-27 04:00:00+00:00,25.476589166666667,26.067493
2024-12-27 05:00:00+00:00,26.084108083333334,24.860075
2024-12-27 06:00:00+00:00,24.999408666666668,24.168007
2024-12-27 07:00:00+00:00,23.783350499999997,23.395231
2024-12-27 08:00:00+00:00,24.386864,24.195114
2024-12-27 09:00:00+00:00,24.479141,25.332142
2024-12-27 10:00:00+00:00,26.54220091666667,26.785809
2024-12-27 11:00:00+00:00,30.06715691666667,32.403595
2024-12-27 12:00:00+00:00,32.73751491666667,35.40942
2024-12-27 13:00:00+00:00,31.80878525,32.3903
2024-12-27 14:00:00+00:00,30.3127885,32.336517
2024-12-27 15:00:00+00:00,29.45832058333333,31.43095
2024-12-27 16:00:00+00:00,27.707089999999997,30.230648
2024-12-27 17:00:00+00:00,26.882806583333334,28.883776
2024-12-27 18:00:00+00:00,26.81574075,27.993248
2024-12-27 19:00:00+00:00,26.891543,27.595901
2024-12-27 20:00:00+00:00,27.237480083333335,27.401754
2024-12-27 21:00:00+00:00,29.026104333333333,30.258259
2024-12-27 22:00:00+00:00,31.6327495,34.118324
2024-12-27 23:00:00+00:00,29.62748483333333,33.25109
2024-12-28 00:00:00+00:00,27.17496583333333,31.483086
2024-12-28 01:00:00+00:00,26.032691083333333,31.157978
2024-12-28 02:00:00+00:00,24.19628216666667,29.809088
2024-12-28 03:00:00+00:00,22.170732833333332,27.9705
2024-12-28 04:00:00+00:00,19.87336316666667,26.323008
2024-12-28 05:00:00+00:00,21.551244250000003,25.685362
2024-12-28 06:00:00+00:00,19.659954,25.063274
2024-12-28 07:00:00+00:00,17.457044083333333,24.328243
2024-12-28 08:00:00+00:00,18.404540583333333,23.847
2024-12-28 09:00:00+00:00,19.567284833333332,23.76522
2024-12-28 10:00:00+00:00,20.10940091666667,25.51026
2024-12-28 11:00:00+00:00,20.81201683333333,29.626764
2024-12-28 12:00:00+00:00,21.535537833333333,30.996082
2024-12-28 13:00:00+00:00,23.344353833333333,22.069174
2024-12-28 14:00:00+00:00,24.35245433333333,21.741697
2024-12-28 15:00:00+00:00,27.396499583333334,21.622663
2024-12-28 16:00:00+00:00,28.24688325,21.168129
2024-12-28 17:00:00+00:00,27.483964083333333,20.301155
2024-12-28 18:00:00+00:00,26.53497941666667,20.11051
2024-12-28 19:00:00+00:00,26.05775833333334,20.093903
2024-12-28 20:00:00+00:00,26.55914175,19.911116
2024-12-28 21:00:00+00:00,28.213389333333335,20.962791
2024-12-28 22:00:00+00:00,34.8535975,23.131542
2024-12-28 23:00:00+00:00,33.10227533333333,23.255203
2024-12-29 00:00:00+00:00,31.058935,22.79171
2024-12-29 01:00:00+00:00,29.4603855,22.537075
2024-12-29 02:00:00+00:00,26.740303666666666,21.715012
2024-12-29 03:00:00+00:00,25.215052083333337,20.562977
2024-12-29 04:00:00+00:00,21.944081416666666,19.35662
2024-12-29 05:00:00+00:00,17.616637083333334,18.595345
2024-12-29 06:00:00+00:00,16.861669916666667,18.134476
2024-12-29 07:00:00+00:00,15.801347500000002,17.647808
2024-12-29 08:00:00+00:00,15.327101833333336,17.279917
2024-12-29 09:00:00+00:00,15.25391175,17.226393
2024-12-29 10:00:00+00:00,15.577824999999999,17.616795
2024-12-29 11:00:00+00:00,16.214104000000003,19.91041
2024-12-29 12:00:00+00:00,17.5139395,21.43301
2024-12-29 13:00:00+00:00,19.695727333333338,20.172184
2024-12-29 14:00:00+00:00,20.258278833333335,21.218674
2024-12-29 15:00:00+00:00,20.897097916666667,23.248823
2024-12-29 16:00:00+00:00,22.15222691666667,24.544456
2024-12-29 17:00:00+00:00,20.872274166666667,24.671843
2024-12-29 18:00:00+00:00,20.42701791666667,25.196556
2024-12-29 19:00:00+00:00,20.172323916666667,25.657837
2024-12-29 20:00:00+00:00,19.640802250000004,26.207869
2024-12-29 21:00:00+00:00,24.44495691666667,29.114796
2024-12-29 22:00:00+00:00,28.65730775,33.308098
2024-12-29 23:00:00+00:00,25.695325749999995,33.677406
2024-12-30 00:00:00+00:00,24.322671916666668,31.732862
2024-12-30 01:00:00+00:00,22.974748083333335,30.424208
2024-12-30 02:00:00+00:00,20.700328083333332,28.326529
2024-12-30 03:00:00+00:00,19.06201241666667,25.200687
2024-12-30 04:00:00+00:00,17.373452833333335,22.624184
2024-12-30 05:00:00+00:00,16.14390291666667,21.26409
2024-12-30 06:00:00+00:00,14.828780916666668,19.865097
2024-12-30 07:00:00+00:00,14.880138166666667,18.329393
2024-12-30 08:00:00+00:00,14.891707333333335,18.026497
2024-12-30 09:00:00+00:00,15.857411166666667,17.826973
2024-12-30 10:00:00+00:00,17.265736166666667,18.753407
2024-12-30 11:00:00+00:00,21.92984541666667,22.19717
2024-12-30 12:00:00+00:00,28.192753749999998,24.409908
2024-12-30 13:00:00+00:00,25.468604166666665,28.279678
2024-12-30 14:00:00+00:00,23.71137225,28.20765
2024-12-30 15:00:00+00:00,21.9153455,28.193253
2024-12-30 16:00:00+00:00,20.949898416666667,28.225374
2024-12-30 17:00:00+00:00,20.708988583333333,27.542423
2024-12-30 18:00:00+00:00,20.921270583333335,26.93237
2024-12-30 19:00:00+00:00,20.261934666666665,26.748224
2024-12-30 20:00:00+00:00,22.950859499999996,27.70598
2024-12-30 21:00:00+00:00,30.475154416666665,31.397263
2024-12-30 22:00:00+00:00,40.21702666666667,35.85636
2024-12-30 23:00:00+00:00,33.48690833333333,35.924294
2024-12-31 00:00:00+00:00,31.147302916666668,33.894684
2024-12-31 01:00:00+00:00,29.14050316666667,31.71615
2024-12-31 02:00:00+00:00,25.98629191666667,28.996471
2024-12-31 03:00:00+00:00,22.413256750000002,26.231041
2024-12-31 04:00:00+00:00,19.260775416666668,24.04411
2024-12-31 05:00:00+00:00,19.32274375333333,22.628122
2024-12-31 06:00:00+00:00,19.384712089999997,21.506311
2024-12-31 07:00:00+00:00,19.446680426666664,20.83701
2025-01-01 05:00:00+00:00,20.809983833333334,20.72783
2025-01-01 06:00:00+00:00,20.473414333333334,21.41612
2025-01-01 07:00:00+00:00,19.824463166666664,23.651772
2025-01-01 08:00:00+00:00,19.843298166666667,28.598362
2025-01-01 09:00:00+00:00,19.87171375,31.031816
2025-01-01 10:00:00+00:00,20.152845083333336,20.393753
2025-01-01 11:00:00+00:00,20.860821833333333,20.457743
2025-01-01 12:00:00+00:00,24.9038355,20.288929
2025-01-01 13:00:00+00:00,23.948010666666665,20.361506
2025-01-01 14:00:00+00:00,22.696275,20.320517
2025-01-01 15:00:00+00:00,22.66781725,20.259842
2025-01-01 16:00:00+00:00,22.6771615,20.336756
2025-01-01 17:00:00+00:00,22.288147916666663,21.129595
2025-01-01 18:00:00+00:00,22.043376,25.131325
2025-01-01 19:00:00+00:00,22.211121000000002,29.767565
2025-01-01 20:00:00+00:00,22.908905750000002,29.01422
2025-01-01 21:00:00+00:00,25.898492916666672,26.433384
2025-01-01 22:00:00+00:00,31.94259025,25.357018
2025-01-01 23:00:00+00:00,31.93897,24.15637
2025-01-02 00:00:00+00:00,31.668655833333332,22.380836
2025-01-02 01:00:00+00:00,31.577849499999996,20.910282
2025-01-02 02:00:00+00:00,29.635718333333337,20.194313
2025-01-02 03:00:00+00:00,29.301638999999994,19.663692
2025-01-02 04:00:00+00:00,27.3888195,18.883907
2025-01-02 05:00:00+00:00,24.732709583333328,19.011484
2025-01-02 06:00:00+00:00,23.44310341666667,19.173191
2025-01-02 07:00:00+00:00,23.228544083333333,19.357285
2025-01-02 08:00:00+00:00,23.3149895,20.251614
2025-01-02 09:00:00+00:00,24.648573333333335,20.593819
2025-01-02 10:00:00+00:00,27.74556541666666,25.736927
2025-01-02 11:00:00+00:00,36.52670116666666,27.46083
2025-01-02 12:00:00+00:00,45.0134645,30.590677
2025-01-02 13:00:00+00:00,36.77272525,30.176588
2025-01-02 14:00:00+00:00,33.703393416666664,28.322443
2025-01-02 15:00:00+00:00,32.60500616666667,27.29958
2025-01-02 16:00:00+00:00,31.515715916666668,26.608221
2025-01-02 17:00:00+00:00,29.04979966666667,27.057793
2025-01-02 18:00:00+00:00,28.779192833333337,28.082537
2025-01-02 19:00:00+00:00,28.767341583333334,29.260685
2025-01-02 20:00:00+00:00,28.824178833333335,31.1455
2025-01-02 21:00:00+00:00,36.19769208333333,34.600822
2025-01-02 22:00:00+00:00,51.000391750000006,39.841026
2025-01-02 23:00:00+00:00,43.38363458333334,41.24404
2025-01-03 00:00:00+00:00,38.49756775,37.81987
2025-01-03 01:00:00+00:00,37.597876500000005,34.044987
2025-01-03 02:00:00+00:00,36.32955641666667,31.226183
2025-01-03 03:00:00+00:00,33.36682425,28.510841
2025-01-03 04:00:00+00:00,30.304658166666666,26.36234
2025-01-03 05:00:00+00:00,27.114762666666667,25.02346
2025-01-03 06:00:00+00:00,26.476197083333336,24.542316
2025-01-03 07:00:00+00:00,25.30615316666666,24.396217
2025-01-03 08:00:00+00:00,25.114425833333332,24.951233
2025-01-03 09:00:00+00:00,25.14889475,25.649044
2025-01-03 10:00:00+00:00,27.16330716666667,28.392824
2025-01-03 11:00:00+00:00,33.922539083333334,34.9929
2025-01-03 12:00:00+00:00,38.61420725,39.18368
2025-01-03 13:00:00+00:00,35.54838591666667,33.920135
2025-01-03 14:00:00+00:00,31.552479916666666,30.102982
2025-01-03 15:00:00+00:00,31.568984083333337,28.701473
2025-01-03 16:00:00+00:00,30.106810083333333,27.486479
2025-01-03 17:00:00+00:00,28.594572666666664,26.499977
2025-01-03 18:00:00+00:00,27.260491666666667,25.672966
2025-01-03 19:00:00+00:00,26.718784916666667,25.173676
2025-01-03 20:00:00+00:00,28.00812925,25.298862
2025-01-03 21:00:00+00:00,31.26508158333333,29.509094
2025-01-03 22:00:00+00:00,40.05259291666667,36.67929
2025-01-03 23:00:00+00:00,38.82637366666667,36.69875
2025-01-04 00:00:00+00:00,36.71140325,32.918854
2025-01-04 01:00:00+00:00,36.138477,31.282957
2025-01-04 02:00:00+00:00,34.618349916666666,29.405867
2025-01-04 03:00:00+00:00,33.05659083333333,27.085102
2025-01-04 04:00:00+00:00,30.832932666666665,25.418947
2025-01-04 05:00:00+00:00,33.29029983333333,24.392433
2025-01-04 06:00:00+00:00,32.61799991666667,23.825493
2025-01-04 07:00:00+00:00,31.819982333333336,22.861109
2025-01-04 08:00:00+00:00,32.391233,23.261478
2025-01-04 09:00:00+00:00,33.48253691666667,24.052744
2025-01-04 10:00:00+00:00,33.31016408333333,37.838474
2025-01-04 11:00:00+00:00,37.786812833333336,45.744892
2025-01-04 12:00:00+00:00,43.369024333333336,47.589584
2025-01-04 13:00:00+00:00,39.2120085,42.078644
2025-01-04 14:00:00+00:00,34.889798750000004,37.6734
2025-01-04 15:00:00+00:00,34.308323666666666,34.84265
2025-01-04 16:00:00+00:00,33.58934683333333,32.21355
2025-01-04 17:00:00+00:00,32.565264666666664,30.443825
2025-01-04 18:00:00+00:00,30.76061041666667,29.338705
2025-01-04 19:00:00+00:00,29.666777083333333,29.20389
2025-01-04 20:00:00+00:00,30.86575016666667,29.334072
2025-01-04 21:00:00+00:00,37.27554166666667,33.90676
2025-01-04 22:00:00+00:00,48.56244375,41.795696
2025-01-04 23:00:00+00:00,44.13605008333334,44.424942
2025-01-05 00:00:00+00:00,41.68293375,41.456825
2025-01-05 01:00:00+00:00,40.71675083333333,38.25847
2025-01-05 02:00:00+00:00,40.26806716666667,35.86177
2025-01-05 03:00:00+00:00,39.46368641666667,33.798042
2025-01-05 04:00:00+00:00,36.99038041666667,32.48174
2025-01-05 05:00:00+00:00,35.924405916666664,31.25959
2025-01-05 06:00:00+00:00,34.26925683333334,30.743824
2025-01-05 07:00:00+00:00,32.99949491666667,29.559357
2025-01-05 08:00:00+00:00,34.304566,29.460543
2025-01-05 09:00:00+00:00,34.49210158333333,30.860607
2025-01-05 10:00:00+00:00,35.07587958333333,36.37749
2025-01-05 11:00:00+00:00,37.33825791666667,42.966824
2025-01-05 12:00:00+00:00,43.58182183333333,45.48413
2025-01-05 13:00:00+00:00,38.352564083333334,38.65273
2025-01-05 14:00:00+00:00,31.87832566666666,33.615257
2025-01-05 15:00:00+00:00,32.40567491666666,31.433191
2025-01-05 16:00:00+00:00,32.280565,29.687395
2025-01-05 17:00:00+00:00,31.838928749999997,28.813671
2025-01-05 18:00:00+00:00,31.048245166666664,27.805754
2025-01-05 19:00:00+00:00,30.63199983333333,27.273752
2025-01-05 20:00:00+00:00,30.40173975,27.647707
2025-01-05 21:00:00+00:00,33.50421983333333,30.701809
2025-01-05 22:00:00+00:00,39.46935525,35.950203
2025-01-05 23:00:00+00:00,37.2639395,36.485733
2025-01-06 00:00:00+00:00,35.35074591666667,34.10511
2025-01-06 01:00:00+00:00,34.097755166666666,33.117863
2025-01-06 02:00:00+00:00,31.611911333333335,31.168797
2025-01-06 03:00:00+00:00,30.222862333333335,29.299358
2025-01-06 04:00:00+00:00,27.975668916666667,28.528204
2025-01-06 05:00:00+00:00,28.013565916666664,27.892008
2025-01-06 06:00:00+00:00,27.57629825,27.00539
2025-01-06 07:00:00+00:00,26.41006808333333,26.051033
2025-01-06 08:00:00+00:00,26.623309250000005,26.54447
2025-01-06 09:00:00+00:00,27.33693166666667,28.41163
2025-01-06 10:00:00+00:00,31.607448916666666,28.534145
2025-01-06 11:00:00+00:00,39.99351858333333,34.995777
2025-01-06 12:00:00+00:00,44.95773025,38.169514
2025-01-06 13:00:00+00:00,47.83678033333332,34.88171
2025-01-06 14:00:00+00:00,50.29178625000001,32.41665
2025-01-06 15:00:00+00:00,53.17146341666666,31.573435
2025-01-06 16:00:00+00:00,51.22796966666667,30.108892
2025-01-06 17:00:00+00:00,50.664786166666666,28.927986
2025-01-06 18:00:00+00:00,48.15184425,28.588514
2025-01-06 19:00:00+00:00,46.98578341666666,28.897446
2025-01-06 20:00:00+00:00,45.00601191666666,29.196915
2025-01-06 21:00:00+00:00,45.859438250000004,32.22374
2025-01-06 22:00:00+00:00,57.59557924999999,38.083443
2025-01-06 23:00:00+00:00,52.944223416666674,39.230682
2025-01-07 00:00:00+00:00,50.264214083333336,36.30188
2025-01-07 01:00:00+00:00,49.41413941666667,34.02182
2025-01-07 02:00:00+00:00,44.59458316666667,32.032917
2025-01-07 03:00:00+00:00,40.809975083333335,29.949898
2025-01-07 04:00:00+00:00,38.206883833333336,28.622234
2025-01-07 05:00:00+00:00,38.69734883333333,27.978249
2025-01-07 06:00:00+00:00,38.718570416666665,27.778069
2025-01-07 07:00:00+00:00,38.66915183333334,27.73013
2025-01-07 08:00:00+00:00,38.033960083333334,28.449884
2025-01-07 09:00:00+00:00,39.63717525,29.218325
2025-01-07 10:00:00+00:00,45.45650975,43.18323
2025-01-07 11:00:00+00:00,62.29112708333333,54.04146
2025-01-07 12:00:00+00:00,86.81202524999998,61.426678
2025-01-07 13:00:00+00:00,61.476219583333325,59.218277
2025-01-07 14:00:00+00:00,49.872834833333336,55.99137
2025-01-07 15:00:00+00:00,57.150254499999996,52.706745
2025-01-07 16:00:00+00:00,49.47351575,48.91291
2025-01-07 17:00:00+00:00,48.3809445,46.17327
2025-01-07 18:00:00+00:00,45.76295791666667,43.942608
2025-01-07 19:00:00+00:00,43.77936558333334,42.650894
2025-01-07 20:00:00+00:00,45.12633575,42.49242
2025-01-07 21:00:00+00:00,51.60054291666666,46.051685
2025-01-07 22:00:00+00:00,69.42685466666667,51.98207
2025-01-07 23:00:00+00:00,67.17670016666666,53.54383
2025-01-08 00:00:00+00:00,59.81655116666666,51.08181
2025-01-08 01:00:00+00:00,57.88704008333334,48.65132
2025-01-08 02:00:00+00:00,53.08265958333334,45.24742
2025-01-08 03:00:00+00:00,50.08650191666666,41.96016
2025-01-08 04:00:00+00:00,47.40160758333334,39.71806
2025-01-08 05:00:00+00:00,45.92237383333333,37.51934
2025-01-08 06:00:00+00:00,43.12527191666667,36.037003
2025-01-08 07:00:00+00:00,42.872318166666666,34.92894
2025-01-08 08:00:00+00:00,42.412338000000005,34.76088
2025-01-08 09:00:00+00:00,43.207808166666666,36.62674
2025-01-08 10:00:00+00:00,46.801769666666665,48.505913
2025-01-08 11:00:00+00:00,63.48416499999999,60.999542
2025-01-08 12:00:00+00:00,90.45895816666666,69.53357
2025-01-08 13:00:00+00:00,59.338302166666665,61.11084
2025-01-08 14:00:00+00:00,54.39012241666667,53.152916
2025-01-08 15:00:00+00:00,61.94551333333334,50.10414
2025-01-08 16:00:00+00:00,54.963511583333336,46.5
2025-01-08 17:00:00+00:00,49.5394375,43.55844
2025-01-08 18:00:00+00:00,46.977024,41.756012
2025-01-08 19:00:00+00:00,45.612851750000004,40.421303
2025-01-08 20:00:00+00:00,46.958587416666674,40.30956
2025-01-08 21:00:00+00:00,53.06191449999999,45.863632
2025-01-08 22:00:00+00:00,76.42774183333334,55.35385
2025-01-08 23:00:00+00:00,67.7750465,55.66404
2025-01-09 00:00:00+00:00,62.935746916666666,52.563126
2025-01-09 01:00:00+00:00,61.73441025,51.64838
2025-01-09 02:00:00+00:00,57.22393116666667,47.733707
2025-01-09 03:00:00+00:00,55.20687841666666,42.630512
2025-01-09 04:00:00+00:00,54.80383366666666,39.86306
2025-01-09 05:00:00+00:00,51.01583775,37.602745
2025-01-09 06:00:00+00:00,47.352670499999995,35.95915
2025-01-09 07:00:00+00:00,47.11248391666667,34.867455
2025-01-09 08:00:00+00:00,47.770506833333336,35.595695
2025-01-09 09:00:00+00:00,51.25153875,35.817524
2025-01-09 10:00:00+00:00,55.32055416666665,55.873184
2025-01-09 11:00:00+00:00,76.7449965,72.19783
2025-01-09 12:00:00+00:00,111.95291791666666,82.52015
2025-01-09 13:00:00+00:00,76.70781441666666,70.67475
2025-01-09 14:00:00+00:00,55.1750475,61.599514
2025-01-09 15:00:00+00:00,47.210342250000004,57.895004
2025-01-09 16:00:00+00:00,44.79018916666666,53.15755
2025-01-09 17:00:00+00:00,41.983341583333335,49.913685
2025-01-09 18:00:00+00:00,38.48085141666667,47.560623
2025-01-09 19:00:00+00:00,37.3878855,46.033344
2025-01-09 20:00:00+00:00,39.641930583333334,45.32798
2025-01-09 21:00:00+00:00,47.29816308333333,51.283245
2025-01-09 22:00:00+00:00,64.31118500000001,64.09202
2025-01-09 23:00:00+00:00,56.24733116666667,64.20657
2025-01-10 00:00:00+00:00,55.47431425,58.248505
2025-01-10 01:00:00+00:00,52.982663249999995,57.962395
2025-01-10 02:00:00+00:00,50.346048166666655,54.538475
2025-01-10 03:00:00+00:00,47.77928808333334,48.716145
2025-01-10 04:00:00+00:00,45.23908316666667,45.974346
2025-01-10 05:00:00+00:00,43.27101766666667,44.128105
2025-01-10 06:00:00+00:00,41.40332025000001,42.41946
2025-01-10 07:00:00+00:00,42.26139916666667,40.209972
2025-01-10 08:00:00+00:00,42.64732633333333,40.256115
2025-01-10 09:00:00+00:00,43.64527233333334,41.42387
2025-01-10 10:00:00+00:00,46.84607175,46.399292
2025-01-10 11:00:00+00:00,68.09035275000001,58.701824
2025-01-10 12:00:00+00:00,87.93059858333334,68.25009
2025-01-10 13:00:00+00:00,56.819152583333334,58.396763
2025-01-10 14:00:00+00:00,51.06049733333333,50.0796
2025-01-10 15:00:00+00:00,45.180753833333334,47.01325
2025-01-10 16:00:00+00:00,43.834279583333334,43.367203
2025-01-10 17:00:00+00:00,41.048374333333335,40.468254
2025-01-10 18:00:00+00:00,40.5246325,39.342766
2025-01-10 19:00:00+00:00,41.001329750000004,38.347363
2025-01-10 20:00:00+00:00,41.37828241666667,37.83264
2025-01-10 21:00:00+00:00,44.62644866666667,43.264545
2025-01-10 22:00:00+00:00,54.512804333333335,52.57564
2025-01-10 23:00:00+00:00,46.985293500000004,51.563225
2025-01-11 00:00:00+00:00,42.488012250000004,48.125835
2025-01-11 01:00:00+00:00,41.030277,48.29335
2025-01-11 02:00:00+00:00,39.718879666666666,45.811848
2025-01-11 03:00:00+00:00,38.43584875,42.330482
2025-01-11 04:00:00+00:00,36.42047,40.115894
2025-01-11 05:00:00+00:00,41.79965508333333,38.5275
2025-01-11 06:00:00+00:00,38.5799595,37.752426
2025-01-11 07:00:00+00:00,36.62773816666667,37.25741
2025-01-11 08:00:00+00:00,36.382352000000004,37.70161
2025-01-11 09:00:00+00:00,35.86591833333333,38.02984
2025-01-11 10:00:00+00:00,36.365603,37.43515
2025-01-11 11:00:00+00:00,38.842952,43.70654
2025-01-11 12:00:00+00:00,43.69190725000001,48.61399
2025-01-11 13:00:00+00:00,47.84897824999999,44.182064
2025-01-11 14:00:00+00:00,46.7546085,41.35163
2025-01-11 15:00:00+00:00,45.87809933333334,40.012543
2025-01-11 16:00:00+00:00,42.41863391666667,38.356335
2025-01-11 17:00:00+00:00,38.33614108333334,36.8415
2025-01-11 18:00:00+00:00,36.214583166666664,35.709892
2025-01-11 19:00:00+00:00,35.4426275,34.843666
2025-01-11 20:00:00+00:00,36.3113295,34.646038
2025-01-11 21:00:00+00:00,41.17004091666666,37.685005
2025-01-11 22:00:00+00:00,49.96255625,43.432667
2025-01-11 23:00:00+00:00,46.10037766666667,43.21582
2025-01-12 00:00:00+00:00,44.38031825,40.707687
2025-01-12 01:00:00+00:00,42.53790633333333,40.369987
2025-01-12 02:00:00+00:00,41.11181083333333,39.276543
2025-01-12 03:00:00+00:00,38.86262766666667,37.66456
2025-01-12 04:00:00+00:00,37.02186291666667,36.133293
2025-01-12 05:00:00+00:00,39.49712816666666,35.18311
2025-01-12 06:00:00+00:00,34.59996975,34.12278
2025-01-12 07:00:00+00:00,34.16149191666667,33.452724
2025-01-12 08:00:00+00:00,33.80388833333333,33.555195
2025-01-12 09:00:00+00:00,33.95178108333334,34.337727
2025-01-12 10:00:00+00:00,33.113053916666665,34.11909
2025-01-12 11:00:00+00:00,35.89529241666667,36.39563
2025-01-12 12:00:00+00:00,39.26748441666667,40.016937
2025-01-12 13:00:00+00:00,35.80247408333333,40.276722
2025-01-12 14:00:00+00:00,30.687033500000002,40.176548
2025-01-12 15:00:00+00:00,29.09504508333333,39.488876
2025-01-12 16:00:00+00:00,28.81138891666667,38.051376
2025-01-12 17:00:00+00:00,27.946064583333335,36.51726
2025-01-12 18:00:00+00:00,27.214327833333332,35.278633
2025-01-12 19:00:00+00:00,27.303147749999997,34.846733
2025-01-12 20:00:00+00:00,28.681127166666666,35.300995
2025-01-12 21:00:00+00:00,34.18917583333333,38.94198
2025-01-12 22:00:00+00:00,46.14456058333334,44.30419
2025-01-12 23:00:00+00:00,44.363971166666666,45.62158
2025-01-13 00:00:00+00:00,43.17304825000001,44.625538
2025-01-13 01:00:00+00:00,41.9875885,43.110695
2025-01-13 02:00:00+00:00,39.0190345,40.362015
2025-01-13 03:00:00+00:00,36.74305208333333,37.922855
2025-01-13 04:00:00+00:00,35.14178391666667,35.593376
2025-01-13 05:00:00+00:00,31.5890135,34.348995
2025-01-13 06:00:00+00:00,30.3518375,33.49052
2025-01-13 07:00:00+00:00,29.990691916666666,33.31531
2025-01-13 08:00:00+00:00,29.920826999999996,33.2635
2025-01-13 09:00:00+00:00,32.24933033333333,33.40486
2025-01-13 10:00:00+00:00,36.9135445,34.678886
2025-01-13 11:00:00+00:00,55.13264791666666,43.776295
2025-01-13 12:00:00+00:00,66.73008983333334,49.018898
2025-01-13 13:00:00+00:00,50.62586216666667,43.279583
2025-01-13 14:00:00+00:00,39.03393608333334,39.848404
2025-01-13 15:00:00+00:00,38.03760341666666,39.86821
2025-01-13 16:00:00+00:00,35.01764725,38.669186
2025-01-13 17:00:00+00:00,32.95950133333333,36.781433
2025-01-13 18:00:00+00:00,31.232012583333333,35.865406
2025-01-13 19:00:00+00:00,30.726863999999996,36.095562
2025-01-13 20:00:00+00:00,30.98560925,37.840157
2025-01-13 21:00:00+00:00,36.91499066666667,44.271076
2025-01-13 22:00:00+00:00,54.66638416666667,54.042248
2025-01-13 23:00:00+00:00,51.37054508333333,54.724007
2025-01-14 00:00:00+00:00,48.71314499999999,49.68978
2025-01-14 01:00:00+00:00,47.981694250000004,46.27796
2025-01-14 02:00:00+00:00,43.46491658333333,42.643097
2025-01-14 03:00:00+00:00,40.09893041666667,38.221565
2025-01-14 04:00:00+00:00,37.307627333333336,35.355976
2025-01-14 05:00:00+00:00,38.51682475,33.955833
2025-01-14 06:00:00+00:00,41.198832249999995,32.57219
2025-01-14 07:00:00+00:00,41.70925258333333,31.4863
2025-01-14 08:00:00+00:00,41.99006491666667,32.492596
2025-01-14 09:00:00+00:00,47.23699283333334,33.911163
2025-01-14 10:00:00+00:00,55.073691833333335,52.490982
2025-01-14 11:00:00+00:00,65.19613108333333,68.67372
2025-01-14 12:00:00+00:00,89.2510515,74.910324
2025-01-14 13:00:00+00:00,55.35960125,59.9618
2025-01-14 14:00:00+00:00,44.247062166666666,48.887733
2025-01-14 15:00:00+00:00,45.76426416666666,45.139843
2025-01-14 16:00:00+00:00,43.44685483333333,41.83501
2025-01-14 17:00:00+00:00,41.57181166666667,38.71026
2025-01-14 18:00:00+00:00,40.194634916666665,36.90836
2025-01-14 19:00:00+00:00,39.66875341666667,36.296143
2025-01-14 20:00:00+00:00,42.43005825,36.65484
2025-01-14 21:00:00+00:00,52.99062983333333,42.988792
2025-01-14 22:00:00+00:00,84.57055866666667,54.845055
2025-01-14 23:00:00+00:00,70.04098366666666,55.372116
2025-01-15 00:00:00+00:00,64.02223091666667,50.137535
2025-01-15 01:00:00+00:00,59.56611808333333,48.725906
2025-01-15 02:00:00+00:00,57.47806491666666,46.440166
2025-01-15 03:00:00+00:00,54.97662,43.38816
2025-01-15 04:00:00+00:00,53.82971758333332,42.397305
2025-01-15 05:00:00+00:00,47.26134458333333,41.12539
2025-01-15 06:00:00+00:00,46.165131,40.45343
2025-01-15 07:00:00+00:00,45.44531708333333,39.769547
2025-01-15 08:00:00+00:00,47.36021891666666,41.713566
2025-01-15 09:00:00+00:00,47.87842908333334,43.709362
2025-01-15 10:00:00+00:00,51.14590608333333,52.449223
2025-01-15 11:00:00+00:00,66.44143175,67.48294
2025-01-15 12:00:00+00:00,90.67809166666666,74.484764
2025-01-15 13:00:00+00:00,60.54068441666668,58.25147
2025-01-15 14:00:00+00:00,51.72733341666666,47.382206
2025-01-15 15:00:00+00:00,50.851819166666665,43.566906
2025-01-15 16:00:00+00:00,46.18315991666666,40.89702
2025-01-15 17:00:00+00:00,41.34363066666666,38.562935
2025-01-15 18:00:00+00:00,39.41524583333334,37.006287
2025-01-15 19:00:00+00:00,38.304243,35.95597
2025-01-15 20:00:00+00:00,40.26676758333333,37.04799
2025-01-15 21:00:00+00:00,49.75383775,47.11004
2025-01-15 22:00:00+00:00,78.56445041666667,62.0032
2025-01-15 23:00:00+00:00,59.83135108333334,59.438633
2025-01-16 00:00:00+00:00,53.871010500000004,51.156647
2025-01-16 01:00:00+00:00,51.44401500000001,50.181927
2025-01-16 02:00:00+00:00,49.666852500000005,48.03559
2025-01-16 03:00:00+00:00,48.680264083333334,44.4115
2025-01-16 04:00:00+00:00,43.860126916666665,42.31643
2025-01-16 05:00:00+00:00,48.70071008333334,40.871777
2025-01-16 06:00:00+00:00,45.62185416666667,40.283173
2025-01-16 07:00:00+00:00,44.29562241666667,39.34288
2025-01-16 08:00:00+00:00,42.868054,41.55895
2025-01-16 09:00:00+00:00,46.11036549999999,42.909374
2025-01-16 10:00:00+00:00,50.29958808333333,49.999004
2025-01-16 11:00:00+00:00,64.37064074999999,65.03924
2025-01-16 12:00:00+00:00,82.82782441666667,74.390686
2025-01-16 13:00:00+00:00,57.77855708333334,60.606003
2025-01-16 14:00:00+00:00,47.91753908333333,50.464714
2025-01-16 15:00:00+00:00,43.76348500000001,47.206875
2025-01-16 16:00:00+00:00,40.70251508333333,43.744774
2025-01-16 17:00:00+00:00,39.55528075,40.663635
2025-01-16 18:00:00+00:00,40.04035525,38.89238
2025-01-16 19:00:00+00:00,38.1910375,37.78505
2025-01-16 20:00:00+00:00,38.38576058333333,37.103653
2025-01-16 21:00:00+00:00,41.77608433333333,43.437416
2025-01-16 22:00:00+00:00,59.27355883333333,55.16382
2025-01-16 23:00:00+00:00,52.04118625,54.044323
2025-01-17 00:00:00+00:00,43.46836525,48.709328
2025-01-17 01:00:00+00:00,43.093703000000005,49.186913
2025-01-17 02:00:00+00:00,42.094500666666676,47.820362
2025-01-17 03:00:00+00:00,40.03363366666667,44.42583
2025-01-17 04:00:00+00:00,38.972841333333335,42.978355
2025-01-17 05:00:00+00:00,39.7135715,41.8795
2025-01-17 06:00:00+00:00,37.73743866666667,40.790688
2025-01-17 07:00:00+00:00,36.816046666666665,39.07427
2025-01-17 08:00:00+00:00,36.051825083333334,39.795593
2025-01-17 09:00:00+00:00,36.375780999999996,40.897655
2025-01-17 10:00:00+00:00,37.922480416666666,38.62196
2025-01-17 11:00:00+00:00,51.122747583333336,46.63426
2025-01-17 12:00:00+00:00,64.75709566666667,52.767727
2025-01-17 13:00:00+00:00,44.71708475,46.70506
2025-01-17 14:00:00+00:00,36.15061325,41.678482
2025-01-17 15:00:00+00:00,32.44859,40.05705
2025-01-17 16:00:00+00:00,30.406632666666667,37.981068
2025-01-17 17:00:00+00:00,29.047194083333334,36.34575
2025-01-17 18:00:00+00:00,28.435180833333334,35.425
2025-01-17 19:00:00+00:00,28.166633166666667,34.310528
2025-01-17 20:00:00+00:00,28.589858000000003,33.51375
2025-01-17 21:00:00+00:00,31.343870999999996,35.42662
2025-01-17 22:00:00+00:00,39.619925333333335,41.148937
2025-01-17 23:00:00+00:00,38.439048166666666,40.76719
2025-01-18 00:00:00+00:00,36.97281125,37.329025
2025-01-18 01:00:00+00:00,36.34504225,36.84829
2025-01-18 02:00:00+00:00,35.23579375,35.99662
2025-01-18 03:00:00+00:00,32.886378,34.313347
2025-01-18 04:00:00+00:00,30.931210333333333,33.552578
2025-01-18 05:00:00+00:00,33.364132833333336,32.748688
2025-01-18 06:00:00+00:00,31.58900733333333,31.989986
2025-01-18 07:00:00+00:00,29.402991416666666,31.352943
2025-01-18 08:00:00+00:00,27.541233583333334,31.094208
2025-01-18 09:00:00+00:00,28.041948333333337,32.07263
2025-01-18 10:00:00+00:00,30.691632833333333,29.457443
2025-01-18 11:00:00+00:00,31.938770666666667,34.888016
2025-01-18 12:00:00+00:00,33.48259625,39.201984
2025-01-18 13:00:00+00:00,35.16668383333333,34.40775
2025-01-18 14:00:00+00:00,33.12270625,31.010033
2025-01-18 15:00:00+00:00,45.27274558333334,29.905754
2025-01-18 16:00:00+00:00,43.644307833333336,28.375938
2025-01-18 17:00:00+00:00,39.29971333333334,26.962925
2025-01-18 18:00:00+00:00,38.18212008333334,26.350706
2025-01-18 19:00:00+00:00,36.24819683333333,25.885153
2025-01-18 20:00:00+00:00,38.157816833333335,25.650703
2025-01-18 21:00:00+00:00,40.86963575,28.28104
2025-01-18 22:00:00+00:00,51.44679016666667,34.034203
2025-01-18 23:00:00+00:00,51.66642041666668,34.46975
2025-01-19 00:00:00+00:00,48.92449008333333,32.52894
2025-01-19 01:00:00+00:00,48.02295066666667,32.54464
2025-01-19 02:00:00+00:00,46.93302566666667,31.84018
2025-01-19 03:00:00+00:00,44.41718791666667,30.257463
2025-01-19 04:00:00+00:00,40.21013358333334,29.027027
2025-01-19 05:00:00+00:00,36.87674066666667,28.09198
2025-01-19 06:00:00+00:00,35.172595,27.024435
2025-01-19 07:00:00+00:00,34.38794325,26.279692
2025-01-19 08:00:00+00:00,33.93935375,26.26884
2025-01-19 09:00:00+00:00,34.253232833333335,26.673391
2025-01-19 10:00:00+00:00,33.61619291666667,34.536385
2025-01-19 11:00:00+00:00,35.78862341666667,37.913086
2025-01-19 12:00:00+00:00,42.20232075,41.23655
2025-01-19 13:00:00+00:00,45.10720975,39.760674
2025-01-19 14:00:00+00:00,47.262671083333345,39.469414
2025-01-19 15:00:00+00:00,68.84747333333333,39.54135
2025-01-19 16:00:00+00:00,67.60282058333333,38.754932
2025-01-19 17:00:00+00:00,66.768186,37.36894
2025-01-19 18:00:00+00:00,63.51246816666667,35.9782
2025-01-19 19:00:00+00:00,67.1633435,35.838287
2025-01-19 20:00:00+00:00,73.88902108333333,36.42553
2025-01-19 21:00:00+00:00,93.46038125,41.4724
2025-01-19 22:00:00+00:00,148.86727641666667,49.52276
2025-01-19 23:00:00+00:00,161.38954475,50.349968
2025-01-20 00:00:00+00:00,150.25030141666667,47.635597
2025-01-20 01:00:00+00:00,145.74983475,46.48302
2025-01-20 02:00:00+00:00,136.87244358333334,44.596153
2025-01-20 03:00:00+00:00,130.631685,41.7564
2025-01-20 04:00:00+00:00,102.6706895,38.432625
2025-01-20 05:00:00+00:00,91.49654808333332,36.851685
2025-01-20 06:00:00+00:00,92.34224158333335,35.788475
2025-01-20 07:00:00+00:00,94.74115133333332,34.68991
2025-01-20 08:00:00+00:00,115.5112965,34.002182
2025-01-20 09:00:00+00:00,95.36525649999999,34.649612
2025-01-20 10:00:00+00:00,121.56782191666666,102.054115
2025-01-20 11:00:00+00:00,139.18914566666666,123.906204
2025-01-20 12:00:00+00:00,242.11023724999995,136.54141
2025-01-20 13:00:00+00:00,211.66056633333335,122.44122
2025-01-20 14:00:00+00:00,145.02060316666666,103.62828
2025-01-20 15:00:00+00:00,204.86482708333332,91.63097
2025-01-20 16:00:00+00:00,178.50179733333334,81.06563
2025-01-20 17:00:00+00:00,165.7699155,73.583145
2025-01-20 18:00:00+00:00,157.61503316666668,66.638245
2025-01-20 19:00:00+00:00,142.88640666666666,63.84208
2025-01-20 20:00:00+00:00,156.89736508333334,64.15138
2025-01-20 21:00:00+00:00,193.59284433333335,81.78716
2025-01-20 22:00:00+00:00,284.19647741666665,116.95217
2025-01-20 23:00:00+00:00,299.39143641666664,137.24408
2025-01-21 00:00:00+00:00,290.69419366666665,126.828865
2025-01-21 01:00:00+00:00,286.3244373333333,110.67592
2025-01-21 02:00:00+00:00,274.10512608333335,94.821594
2025-01-21 03:00:00+00:00,263.4801480833333,80.00561
2025-01-21 04:00:00+00:00,250.67609283333334,72.99654
2025-01-21 05:00:00+00:00,174.2708726666667,68.736885
2025-01-21 06:00:00+00:00,177.37914008333334,65.87387
2025-01-21 07:00:00+00:00,177.11997974999997,62.714752
2025-01-21 08:00:00+00:00,192.84356875000003,61.496773
2025-01-21 09:00:00+00:00,209.92865774999999,63.733925
2025-01-21 10:00:00+00:00,245.6136894166667,236.5592
2025-01-21 11:00:00+00:00,263.42328108333334,286.17804
2025-01-21 12:00:00+00:00,295.8804695,321.33633
2025-01-21 13:00:00+00:00,256.63151550000003,275.05963
2025-01-21 14:00:00+00:00,236.52382050000003,217.85852
2025-01-21 15:00:00+00:00,214.1692845,189.19943
2025-01-21 16:00:00+00:00,197.94732383333334,165.65445
2025-01-21 17:00:00+00:00,200.63047325,147.24612
2025-01-21 18:00:00+00:00,180.01556933333333,131.55455
2025-01-21 19:00:00+00:00,182.60666041666664,121.5844
2025-01-21 20:00:00+00:00,199.46341283333334,120.43427
2025-01-21 21:00:00+00:00,220.96245391666665,137.55145
2025-01-21 22:00:00+00:00,282.9201738333333,183.5556
2025-01-21 23:00:00+00:00,290.01035741666664,210.0976
2025-01-22 00:00:00+00:00,292.76765625,196.36942
2025-01-22 01:00:00+00:00,263.1568251666667,180.3455
2025-01-22 02:00:00+00:00,247.53887183333333,161.3624
2025-01-22 03:00:00+00:00,203.24587350000004,140.96344
2025-01-22 04:00:00+00:00,194.7664835,127.55599
2025-01-22 05:00:00+00:00,162.00982166666668,112.971146
2025-01-22 06:00:00+00:00,141.68606241666666,99.19085
2025-01-22 07:00:00+00:00,144.8686855,89.90284
2025-01-22 08:00:00+00:00,138.48976808333333,93.23052
2025-01-22 09:00:00+00:00,141.3502095,108.13185
2025-01-22 10:00:00+00:00,170.08045083333334,152.84703
2025-01-22 11:00:00+00:00,237.56690766666668,167.18195
2025-01-22 12:00:00+00:00,267.4800951666667,170.97546
2025-01-22 13:00:00+00:00,221.54791966666667,150.91182
2025-01-22 14:00:00+00:00,184.49011883333333,134.82849
2025-01-22 15:00:00+00:00,151.75530708333335,125.252
2025-01-22 16:00:00+00:00,130.80645783333333,115.870735
2025-01-22 17:00:00+00:00,111.06920766666666,106.02569
2025-01-22 18:00:00+00:00,105.95543450000001,96.5794
2025-01-22 19:00:00+00:00,108.75876699999999,90.75321
2025-01-22 20:00:00+00:00,107.82470258333332,89.49379
2025-01-22 21:00:00+00:00,126.21690108333333,98.34736
2025-01-22 22:00:00+00:00,148.74481291666666,116.327644
2025-01-22 23:00:00+00:00,158.54439125,118.93063
2025-01-23 00:00:00+00:00,134.70148375,110.69998
2025-01-23 01:00:00+00:00,132.55671641666666,107.22015
2025-01-23 02:00:00+00:00,125.70377591666666,100.07772
2025-01-23 03:00:00+00:00,121.24772308333333,89.83589
2025-01-23 04:00:00+00:00,115.59851641666667,81.690475
2025-01-23 05:00:00+00:00,102.1058125,74.02961
2025-01-23 06:00:00+00:00,96.40475616666667,65.201454
2025-01-23 07:00:00+00:00,92.67645858333333,59.408863
2025-01-23 08:00:00+00:00,91.94860583333333,59.29436
2025-01-23 09:00:00+00:00,90.89448683333332,63.514507
2025-01-23 10:00:00+00:00,102.91146483333334,101.72918
2025-01-23 11:00:00+00:00,133.91140566666667,119.42219
2025-01-23 12:00:00+00:00,153.30994175,126.63957
2025-01-23 13:00:00+00:00,115.31851758333333,115.40216
2025-01-23 14:00:00+00:00,86.99912925000001,104.80297
2025-01-23 15:00:00+00:00,59.44182441666667,94.80733
2025-01-23 16:00:00+00:00,49.29740433333333,86.526535
2025-01-23 17:00:00+00:00,45.09395233333333,80.575905
2025-01-23 18:00:00+00:00,43.900221499999994,74.66356
2025-01-23 19:00:00+00:00,42.040802250000006,69.509155
2025-01-23 20:00:00+00:00,42.56530733333333,67.38269
2025-01-23 21:00:00+00:00,49.43133308333333,69.341354
2025-01-23 22:00:00+00:00,72.83274283333334,75.75923
2025-01-23 23:00:00+00:00,79.55737483333333,77.96501
2025-01-24 00:00:00+00:00,72.04311158333333,80.39775
2025-01-24 01:00:00+00:00,71.6006495,81.354614
2025-01-24 02:00:00+00:00,66.90030775,76.85365
2025-01-24 03:00:00+00:00,61.11327175,73.32076
2025-01-24 04:00:00+00:00,55.03574808333334,70.66541
2025-01-24 05:00:00+00:00,73.49434408333333,65.405136
2025-01-24 06:00:00+00:00,69.07515074999999,60.703632
2025-01-24 07:00:00+00:00,70.490284,56.517693
2025-01-24 08:00:00+00:00,69.47323341666667,56.087105
2025-01-24 09:00:00+00:00,68.07370741666666,59.390564
2025-01-24 10:00:00+00:00,79.88201991666666,76.979416
2025-01-24 11:00:00+00:00,104.06307583333334,89.501656
2025-01-24 12:00:00+00:00,150.36705883333335,101.18343
2025-01-24 13:00:00+00:00,98.13404033333335,89.39586
2025-01-24 14:00:00+00:00,71.10745675,72.9205
2025-01-24 15:00:00+00:00,60.70116291666667,63.205658
2025-01-24 16:00:00+00:00,49.72829066666666,52.866695
2025-01-24 17:00:00+00:00,44.330410833333325,43.068123
2025-01-24 18:00:00+00:00,42.70091583333333,37.966858
2025-01-24 19:00:00+00:00,40.484854750000004,33.65885
2025-01-24 20:00:00+00:00,39.99865991666667,32.364075
2025-01-24 21:00:00+00:00,47.548697666666676,38.425278
2025-01-24 22:00:00+00:00,66.9150755,50.799168
2025-01-24 23:00:00+00:00,62.563809416666665,59.178223
2025-01-25 00:00:00+00:00,57.430325,66.39166
2025-01-25 01:00:00+00:00,58.226674333333335,69.14519
2025-01-25 02:00:00+00:00,58.122908333333335,64.733185
2025-01-25 03:00:00+00:00,55.804890916666665,59.153522
2025-01-25 04:00:00+00:00,48.591353416666664,53.606815
2025-01-25 05:00:00+00:00,60.758116,49.726852
2025-01-25 06:00:00+00:00,59.1681145,47.392258
2025-01-25 07:00:00+00:00,60.09201541666667,48.412376
2025-01-25 08:00:00+00:00,61.374979249999996,54.32252
2025-01-25 09:00:00+00:00,62.58291225,57.225258
2025-01-25 10:00:00+00:00,64.54658975,66.0023
2025-01-25 11:00:00+00:00,78.01790083333333,77.811325
2025-01-25 12:00:00+00:00,96.35800750000001,92.75492
2025-01-25 13:00:00+00:00,78.99351408333334,86.62453
2025-01-25 14:00:00+00:00,58.29229091666667,74.42729
2025-01-25 15:00:00+00:00,41.006334333333335,68.86366
2025-01-25 16:00:00+00:00,38.28540016666667,61.54339
2025-01-25 17:00:00+00:00,32.872985166666666,53.95735
2025-01-25 18:00:00+00:00,31.878568916666666,52.917664
2025-01-25 19:00:00+00:00,30.10927141666667,52.407837
2025-01-25 20:00:00+00:00,29.488095833333333,52.52601
2025-01-25 21:00:00+00:00,33.76227383333333,62.127613
2025-01-25 22:00:00+00:00,41.3838515,75.93334
2025-01-25 23:00:00+00:00,41.230697000000006,84.65452
2025-01-26 00:00:00+00:00,41.089790666666666,95.42209
2025-01-26 01:00:00+00:00,38.936900333333334,98.678375
2025-01-26 02:00:00+00:00,37.076802,94.223145
2025-01-26 03:00:00+00:00,35.629963,89.67005
2025-01-26 04:00:00+00:00,34.970222666666665,86.004776
2025-01-26 05:00:00+00:00,36.41434375,81.22771
2025-01-26 06:00:00+00:00,33.07093941666667,77.402214
2025-01-26 07:00:00+00:00,32.5909695,79.13997
2025-01-26 08:00:00+00:00,33.195992833333335,82.18625
2025-01-26 09:00:00+00:00,33.16058075,74.14329
2025-01-26 10:00:00+00:00,34.69551716666667,38.723907
2025-01-26 11:00:00+00:00,38.15389583333333,46.073265
2025-01-26 12:00:00+00:00,42.12261583333334,54.2772
2025-01-26 13:00:00+00:00,41.54727316666666,48.26896
2025-01-26 14:00:00+00:00,34.88450591666667,39.77276
2025-01-26 15:00:00+00:00,35.163003583333335,37.442017
2025-01-26 16:00:00+00:00,34.0258995,33.12069
2025-01-26 17:00:00+00:00,33.797770416666665,26.89663
2025-01-26 18:00:00+00:00,32.22867033333333,25.475372
2025-01-26 19:00:00+00:00,31.38244958333333,26.696312
2025-01-26 20:00:00+00:00,32.475516166666665,27.241768
2025-01-26 21:00:00+00:00,35.128404583333335,35.46344
2025-01-26 22:00:00+00:00,46.18467966666666,51.077034
2025-01-26 23:00:00+00:00,46.32640841666667,57.46055
2025-01-27 00:00:00+00:00,43.80163666666666,60.54515
2025-01-27 01:00:00+00:00,41.752947166666665,59.3906
2025-01-27 02:00:00+00:00,40.14103541666667,54.59446
2025-01-27 03:00:00+00:00,38.102457916666665,48.513954
2025-01-27 04:00:00+00:00,34.034633416666665,43.762436
2025-01-27 05:00:00+00:00,33.9526,41.357025
2025-01-27 06:00:00+00:00,32.332076,38.547234
2025-01-27 07:00:00+00:00,31.782656499999998,37.24981
2025-01-27 08:00:00+00:00,31.647924916666668,41.549744
2025-01-27 09:00:00+00:00,32.70992833333333,45.940582
2025-01-27 10:00:00+00:00,35.514941,33.174736
2025-01-27 11:00:00+00:00,52.39945775,45.07644
2025-01-27 12:00:00+00:00,65.36730658333333,54.423286
2025-01-27 13:00:00+00:00,42.91946575,47.79524
2025-01-27 14:00:00+00:00,35.88931758333333,42.612923
2025-01-27 15:00:00+00:00,32.463876166666665,40.12992
2025-01-27 16:00:00+00:00,29.822017666666667,38.156616
2025-01-27 17:00:00+00:00,29.303059916666673,33.44236
2025-01-27 18:00:00+00:00,28.165522749999997,29.10418
2025-01-27 19:00:00+00:00,27.21007183333333,27.188309
2025-01-27 20:00:00+00:00,27.28095158333333,28.959923
2025-01-27 21:00:00+00:00,30.47750925,32.08664
2025-01-27 22:00:00+00:00,43.90024733333333,38.090897
2025-01-27 23:00:00+00:00,43.06511758333333,39.858635
2025-01-28 00:00:00+00:00,39.02627175,38.56466
2025-01-28 01:00:00+00:00,38.59700216666667,36.328407
2025-01-28 02:00:00+00:00,37.09930191666667,34.63478
2025-01-28 03:00:00+00:00,33.831999333333336,34.942772
2025-01-28 04:00:00+00:00,31.00790366666667,35.41285
2025-01-28 05:00:00+00:00,30.844440916666667,35.782608
2025-01-28 06:00:00+00:00,30.378187166666667,36.451492
2025-01-28 07:00:00+00:00,29.74904383333333,36.79393
2025-01-28 08:00:00+00:00,30.112345666666666,37.579453
2025-01-28 09:00:00+00:00,32.228473083333334,40.81089
2025-01-28 10:00:00+00:00,35.108519083333334,38.987152
2025-01-28 11:00:00+00:00,52.15473300000001,47.500504
2025-01-28 12:00:00+00:00,75.98538666666667,52.205868
2025-01-28 13:00:00+00:00,40.617798083333334,45.870296
2025-01-28 14:00:00+00:00,35.33125725,39.109283
2025-01-28 15:00:00+00:00,31.896844083333335,33.311417
2025-01-28 16:00:00+00:00,29.868332499999998,28.713806
2025-01-28 17:00:00+00:00,27.856695916666666,24.525356
2025-01-28 18:00:00+00:00,25.804747916666667,18.741814
2025-01-28 19:00:00+00:00,23.96936175,13.712791
2025-01-28 20:00:00+00:00,24.23662708333333,13.649277
2025-01-28 21:00:00+00:00,27.409966,16.813568
2025-01-28 22:00:00+00:00,41.891462833333335,23.03899
2025-01-28 23:00:00+00:00,41.51346899999999,26.164677
2025-01-29 00:00:00+00:00,39.8674385,28.947151
2025-01-29 01:00:00+00:00,36.50196641666667,31.115078
2025-01-29 02:00:00+00:00,34.325045833333334,30.960754
2025-01-29 03:00:00+00:00,29.84965275,32.115902
2025-01-29 04:00:00+00:00,26.082889416666664,31.524422
2025-01-29 05:00:00+00:00,25.554991416666667,31.402584
2025-01-29 06:00:00+00:00,24.99271416666667,33.83446
2025-01-29 07:00:00+00:00,24.845169416666664,35.282898
2025-01-29 08:00:00+00:00,26.74003191666667,35.675385
2025-01-29 09:00:00+00:00,27.319481,38.604126
2025-01-29 10:00:00+00:00,29.95660775,31.307772
2025-01-29 11:00:00+00:00,43.89602816666667,42.520386
2025-01-29 12:00:00+00:00,49.101427583333326,51.15258
2025-01-29 13:00:00+00:00,34.84962208333334,39.737698
2025-01-29 14:00:00+00:00,28.129136666666668,31.312813
2025-01-29 15:00:00+00:00,25.99978525,27.941093
2025-01-29 16:00:00+00:00,26.125877083333336,23.827675
2025-01-29 17:00:00+00:00,25.908955666666667,20.213093
2025-01-29 18:00:00+00:00,25.865545083333334,17.34859
2025-01-29 19:00:00+00:00,25.596292999999996,15.954899
2025-01-29 20:00:00+00:00,26.047867999999998,17.906784
2025-01-29 21:00:00+00:00,29.8045975,22.635685
2025-01-29 22:00:00+00:00,51.110148333333335,32.97464
2025-01-29 23:00:00+00:00,51.77086725,36.14114
2025-01-30 00:00:00+00:00,46.99081691666667,32.409424
2025-01-30 01:00:00+00:00,47.458642499999996,31.519197
2025-01-30 02:00:00+00:00,40.647754,29.312317
2025-01-30 03:00:00+00:00,36.14999541666666,27.36702
2025-01-30 04:00:00+00:00,33.33821558333333,25.655281
2025-01-30 05:00:00+00:00,30.654445,23.467121
2025-01-30 06:00:00+00:00,29.278066083333332,23.248974
2025-01-30 07:00:00+00:00,28.603112250000002,23.359985
2025-01-30 08:00:00+00:00,28.536654249999998,24.87635
2025-01-30 09:00:00+00:00,29.496438166666664,27.914581
2025-01-30 10:00:00+00:00,30.379959666666668,33.646164
2025-01-30 11:00:00+00:00,46.26928066666667,43.94423
2025-01-30 12:00:00+00:00,55.37969116666667,50.146923
2025-01-30 13:00:00+00:00,33.59216558333333,41.923218
2025-01-30 14:00:00+00:00,27.376504083333334,36.202106
2025-01-30 15:00:00+00:00,25.417783,34.3404
2025-01-30 16:00:00+00:00,25.785240083333335,32.234604
2025-01-30 17:00:00+00:00,25.892576083333335,30.726128
2025-01-30 18:00:00+00:00,25.80653525,30.034641
2025-01-30 19:00:00+00:00,26.28467225,29.180021
2025-01-30 20:00:00+00:00,27.034644166666663,30.479233
2025-01-30 21:00:00+00:00,31.173965083333332,36.92671
2025-01-30 22:00:00+00:00,37.46961925,47.332127
2025-01-30 23:00:00+00:00,37.11396941666667,46.777473
2025-01-31 00:00:00+00:00,36.34664416666667,41.96996
2025-01-31 01:00:00+00:00,35.53014675,41.466194
2025-01-31 02:00:00+00:00,32.961291,38.25542
2025-01-31 03:00:00+00:00,29.654296833333333,33.446114
2025-01-31 04:00:00+00:00,26.103370583333334,30.526684
2025-01-31 05:00:00+00:00,26.01617032,29.525976
2025-01-31 06:00:00+00:00,25.928970056666667,29.921434
2025-01-31 07:00:00+00:00,25.841769793333334,29.561941
2025-02-01 05:00:00+00:00,23.923364000000003,28.71408
2025-02-01 06:00:00+00:00,23.619611583333334,28.785671
2025-02-01 07:00:00+00:00,23.583213916666665,25.741459
2025-02-01 08:00:00+00:00,23.575193749999997,34.586185
2025-02-01 09:00:00+00:00,23.97021475,39.686787
2025-02-01 10:00:00+00:00,24.067263583333332,32.451527
2025-02-01 11:00:00+00:00,25.250489500000004,27.344032
2025-02-01 12:00:00+00:00,31.026501083333333,25.219536
2025-02-01 13:00:00+00:00,29.97671241666667,22.887259
2025-02-01 14:00:00+00:00,25.19268825,20.779549
2025-02-01 15:00:00+00:00,24.538925583333338,19.443195
2025-02-01 16:00:00+00:00,24.30167775,18.759483
2025-02-01 17:00:00+00:00,24.10897608333333,19.523876
2025-02-01 18:00:00+00:00,23.312649333333336,23.107927
2025-02-01 19:00:00+00:00,23.617801,30.223202
2025-02-01 20:00:00+00:00,23.828976333333337,31.950592
2025-02-01 21:00:00+00:00,27.440734499999998,30.812323
2025-02-01 22:00:00+00:00,36.8566695,31.443977
2025-02-01 23:00:00+00:00,37.9862555,30.4669
2025-02-02 00:00:00+00:00,36.70073216666666,29.202148
2025-02-02 01:00:00+00:00,35.20706466666667,28.121227
2025-02-02 02:00:00+00:00,34.184751166666665,26.889194
2025-02-02 03:00:00+00:00,32.41151958333334,26.345322
2025-02-02 04:00:00+00:00,30.327939,25.6646
2025-02-02 05:00:00+00:00,31.174552083333335,24.946
2025-02-02 06:00:00+00:00,30.5431085,25.166695
2025-02-02 07:00:00+00:00,29.775255083333334,30.390171
2025-02-02 08:00:00+00:00,30.211786250000003,33.2971
2025-02-02 09:00:00+00:00,30.799470583333335,37.551598
2025-02-02 10:00:00+00:00,32.01740541666667,38.36866
2025-02-02 11:00:00+00:00,35.17317575,38.408844
2025-02-02 12:00:00+00:00,42.431107833333336,38.1126
2025-02-02 13:00:00+00:00,38.17433666666667,35.72106
2025-02-02 14:00:00+00:00,35.350708250000004,32.23813
2025-02-02 15:00:00+00:00,34.7110135,29.7897
2025-02-02 16:00:00+00:00,34.208625833333336,28.411213
2025-02-02 17:00:00+00:00,32.34587291666667,27.734447
2025-02-02 18:00:00+00:00,31.845216500000003,27.91415
2025-02-02 19:00:00+00:00,31.218250916666666,29.118832
2025-02-02 20:00:00+00:00,31.503121666666665,30.709167
2025-02-02 21:00:00+00:00,34.24585041666666,32.723583
2025-02-02 22:00:00+00:00,41.261005583333336,36.554382
2025-02-02 23:00:00+00:00,47.15306558333333,40.07725
2025-02-03 00:00:00+00:00,42.07910275,41.138367
2025-02-03 01:00:00+00:00,37.70953425,39.434914
2025-02-03 02:00:00+00:00,34.392429666666665,36.94411
2025-02-03 03:00:00+00:00,32.335582,34.83305
2025-02-03 04:00:00+00:00,30.525909333333335,33.16965
2025-02-03 05:00:00+00:00,25.874105416666666,31.87491
2025-02-03 06:00:00+00:00,24.402144583333335,31.000696
2025-02-03 07:00:00+00:00,24.71722158333333,24.386341
2025-02-03 08:00:00+00:00,24.935440083333333,23.977036
2025-02-03 09:00:00+00:00,25.86479975,24.751038
2025-02-03 10:00:00+00:00,29.39296666666667,26.578466
2025-02-03 11:00:00+00:00,44.815197083333345,30.375175
2025-02-03 12:00:00+00:00,52.90434425,33.842392
2025-02-03 13:00:00+00:00,33.053152000000004,32.707775
2025-02-03 14:00:00+00:00,29.948628166666666,30.278986
2025-02-03 15:00:00+00:00,28.086498416666668,29.129408
2025-02-03 16:00:00+00:00,26.1851805,28.711077
2025-02-03 17:00:00+00:00,25.6972555,28.366915
2025-02-03 18:00:00+00:00,25.473078750000003,28.536053
2025-02-03 19:00:00+00:00,25.11175833333333,28.97009
2025-02-03 20:00:00+00:00,25.52124483333333,29.060171
2025-02-03 21:00:00+00:00,28.43285325,29.740355
2025-02-03 22:00:00+00:00,36.61030458333334,34.03139
2025-02-03 23:00:00+00:00,36.10683875,37.323708
2025-02-04 00:00:00+00:00,33.695201833333336,35.660034
2025-02-04 01:00:00+00:00,31.0535065,32.565872
2025-02-04 02:00:00+00:00,26.95695625,30.41758
2025-02-04 03:00:00+00:00,24.719672833333334,28.213238
2025-02-04 04:00:00+00:00,23.213363333333334,26.142504
2025-02-04 05:00:00+00:00,24.619285999999995,24.48721
2025-02-04 06:00:00+00:00,25.30203525,23.696884
2025-02-04 07:00:00+00:00,23.480583666666668,25.071032
2025-02-04 08:00:00+00:00,23.68448666666667,25.51853
2025-02-04 09:00:00+00:00,24.758300166666668,27.19126
2025-02-04 10:00:00+00:00,27.286754583333334,30.7314
2025-02-04 11:00:00+00:00,35.77530466666666,38.315056
2025-02-04 12:00:00+00:00,40.19323725,41.770947
2025-02-04 13:00:00+00:00,32.51055433333333,35.84206
2025-02-04 14:00:00+00:00,30.1265635,30.286701
2025-02-04 15:00:00+00:00,29.981866916666664,28.536018
2025-02-04 16:00:00+00:00,29.867453916666665,26.698414
2025-02-04 17:00:00+00:00,30.17218133333333,25.404884
2025-02-04 18:00:00+00:00,29.6008045,25.37372
2025-02-04 19:00:00+00:00,26.888124583333333,25.53451
2025-02-04 20:00:00+00:00,28.87592775,25.318003
2025-02-04 21:00:00+00:00,33.590781916666664,27.454767
2025-02-04 22:00:00+00:00,49.81406225,33.533142
2025-02-04 23:00:00+00:00,53.353078249999996,36.57696
2025-02-05 00:00:00+00:00,47.452809333333335,35.1739
2025-02-05 01:00:00+00:00,45.037538000000005,33.056408
2025-02-05 02:00:00+00:00,42.707716250000004,30.713346
2025-02-05 03:00:00+00:00,38.03080066666667,28.396746
2025-02-05 04:00:00+00:00,36.10771825,27.244907
2025-02-05 05:00:00+00:00,32.24591875,26.794569
2025-02-05 06:00:00+00:00,33.386558916666665,26.421074
2025-02-05 07:00:00+00:00,31.423821916666668,33.361214
2025-02-05 08:00:00+00:00,31.752606916666668,33.60549
2025-02-05 09:00:00+00:00,33.439967583333335,37.0351
2025-02-05 10:00:00+00:00,35.0955765,41.93631
2025-02-05 11:00:00+00:00,45.633035166666666,48.978508
2025-02-05 12:00:00+00:00,53.05805333333333,51.12165
2025-02-05 13:00:00+00:00,51.788026583333334,43.314095
2025-02-05 14:00:00+00:00,49.811235083333344,36.175682
2025-02-05 15:00:00+00:00,50.25405141666667,33.1759
2025-02-05 16:00:00+00:00,48.14856125,31.088104
2025-02-05 17:00:00+00:00,48.547808416666676,29.230335
2025-02-05 18:00:00+00:00,48.00766241666667,28.044935
2025-02-05 19:00:00+00:00,42.9502745,27.361116
2025-02-05 20:00:00+00:00,41.20712608333333,26.914341
2025-02-05 21:00:00+00:00,41.43991791666666,31.928549
2025-02-05 22:00:00+00:00,51.90500383333333,44.0634
2025-02-05 23:00:00+00:00,55.769225,49.05469
2025-02-06 00:00:00+00:00,48.58423908333334,43.106014
2025-02-06 01:00:00+00:00,45.45682525,38.88083
2025-02-06 02:00:00+00:00,47.028594,36.597027
2025-02-06 03:00:00+00:00,40.86982175,33.64507
2025-02-06 04:00:00+00:00,36.19580933333334,31.544231
2025-02-06 05:00:00+00:00,34.21484933333333,30.498322
2025-02-06 06:00:00+00:00,32.76285875,29.97658
2025-02-06 07:00:00+00:00,31.476375583333333,31.811897
2025-02-06 08:00:00+00:00,29.953819416666665,30.222805
2025-02-06 09:00:00+00:00,29.203179583333334,29.920666
2025-02-06 10:00:00+00:00,30.075725000000002,31.081507
2025-02-06 11:00:00+00:00,40.30136383333333,36.2874
2025-02-06 12:00:00+00:00,41.964412,43.111725
2025-02-06 13:00:00+00:00,42.23369175,41.81861
2025-02-06 14:00:00+00:00,41.80856216666667,39.499092
2025-02-06 15:00:00+00:00,40.235263333333336,39.03189
2025-02-06 16:00:00+00:00,37.067138166666666,37.77825
2025-02-06 17:00:00+00:00,32.83907775,36.143494
2025-02-06 18:00:00+00:00,32.26453358333333,34.93588
2025-02-06 19:00:00+00:00,28.652372416666665,34.28184
2025-02-06 20:00:00+00:00,27.203693250000004,33.78046
2025-02-06 21:00:00+00:00,28.776639583333335,35.395325
2025-02-06 22:00:00+00:00,37.537657,41.140545
2025-02-06 23:00:00+00:00,42.29339149999999,43.912327
2025-02-07 00:00:00+00:00,36.19286783333333,40.697433
2025-02-07 01:00:00+00:00,31.727735499999998,38.027107
2025-02-07 02:00:00+00:00,29.79135775,35.926125
2025-02-07 03:00:00+00:00,27.064434583333334,33.23209
2025-02-07 04:00:00+00:00,24.790882666666665,30.90266
2025-02-07 05:00:00+00:00,28.688048,29.043499
2025-02-07 06:00:00+00:00,28.69205958333333,28.020016
2025-02-07 07:00:00+00:00,29.095952083333337,27.947712
2025-02-07 08:00:00+00:00,30.87777041666667,27.741488
2025-02-07 09:00:00+00:00,32.41091375,27.739672
2025-02-07 10:00:00+00:00,37.01063583333333,28.270725
2025-02-07 11:00:00+00:00,50.848390916666666,31.419163
2025-02-07 12:00:00+00:00,62.67146408333334,34.851658
2025-02-07 13:00:00+00:00,46.98806508333333,34.264942
2025-02-07 14:00:00+00:00,37.35950733333333,33.36445
2025-02-07 15:00:00+00:00,35.50948825,32.706715
2025-02-07 16:00:00+00:00,34.67896416666667,31.298891
2025-02-07 17:00:00+00:00,32.64320058333333,30.009079
2025-02-07 18:00:00+00:00,32.62269883333334,29.374065
2025-02-07 19:00:00+00:00,31.961581833333337,28.93329
2025-02-07 20:00:00+00:00,32.97130683333334,28.367167
2025-02-07 21:00:00+00:00,40.079194083333334,30.31861
2025-02-07 22:00:00+00:00,52.20607000000001,36.55294
2025-02-07 23:00:00+00:00,57.23481516666667,40.09516
2025-02-08 00:00:00+00:00,50.012750833333335,38.827698
2025-02-08 01:00:00+00:00,49.06220491666666,37.133068
2025-02-08 02:00:00+00:00,43.85961233333333,34.949387
2025-02-08 03:00:00+00:00,43.40174691666667,32.37004
2025-02-08 04:00:00+00:00,38.24135991666667,30.692326
2025-02-08 05:00:00+00:00,36.91973375,29.72574
2025-02-08 06:00:00+00:00,35.60010333333333,29.380535
2025-02-08 07:00:00+00:00,34.02378675,34.61771
2025-02-08 08:00:00+00:00,33.652431,35.019726
2025-02-08 09:00:00+00:00,33.62506858333333,36.82078
2025-02-08 10:00:00+00:00,34.254153,40.144913
2025-02-08 11:00:00+00:00,37.0283865,49.047413
2025-02-08 12:00:00+00:00,39.76862283333333,53.85781
2025-02-08 13:00:00+00:00,44.37846291666667,45.536705
2025-02-08 14:00:00+00:00,47.887471,38.19296
2025-02-08 15:00:00+00:00,49.422930916666665,35.086468
2025-02-08 16:00:00+00:00,49.56175208333334,32.42714
2025-02-08 17:00:00+00:00,46.068433999999996,30.152159
2025-02-08 18:00:00+00:00,46.603908999999994,28.895887
2025-02-08 19:00:00+00:00,42.117388666666656,28.083263
2025-02-08 20:00:00+00:00,40.789948,27.571474
2025-02-08 21:00:00+00:00,40.417033833333335,31.159353
2025-02-08 22:00:00+00:00,41.05161783333333,40.886204
2025-02-08 23:00:00+00:00,43.207558416666664,45.08839
2025-02-09 00:00:00+00:00,41.73077416666667,41.85742
2025-02-09 01:00:00+00:00,38.468325166666666,39.56717
2025-02-09 02:00:00+00:00,35.52284341666667,37.616245
2025-02-09 03:00:00+00:00,33.15618308333333,34.790077
2025-02-09 04:00:00+00:00,31.178627916666667,32.631012
2025-02-09 05:00:00+00:00,29.800081666666667,31.764969
2025-02-09 06:00:00+00:00,28.74546083333333,31.069853
2025-02-09 07:00:00+00:00,28.214291583333335,28.04308
2025-02-09 08:00:00+00:00,29.573087916666665,27.168499
2025-02-09 09:00:00+00:00,30.087864,26.173578
2025-02-09 10:00:00+00:00,30.410349416666666,26.29116
2025-02-09 11:00:00+00:00,32.35013958333334,27.783327
2025-02-09 12:00:00+00:00,35.52445558333333,30.105816
2025-02-09 13:00:00+00:00,35.717951666666664,32.479836
2025-02-09 14:00:00+00:00,29.444713250000003,34.615482
2025-02-09 15:00:00+00:00,29.76470133333334,35.695427
2025-02-09 16:00:00+00:00,29.950845833333332,35.2365
2025-02-09 17:00:00+00:00,28.077308916666667,34.620018
2025-02-09 18:00:00+00:00,27.33967991666667,34.010082
2025-02-09 19:00:00+00:00,26.325284166666666,33.130226
2025-02-09 20:00:00+00:00,27.691957833333333,32.68767
2025-02-09 21:00:00+00:00,30.232679833333332,33.59727
2025-02-09 22:00:00+00:00,47.807879250000006,36.884808
2025-02-09 23:00:00+00:00,46.11491041666667,39.25432
2025-02-10 00:00:00+00:00,42.237306,38.680756
2025-02-10 01:00:00+00:00,41.659626833333334,37.250885
2025-02-10 02:00:00+00:00,42.49096375,35.789272
2025-02-10 03:00:00+00:00,39.53303825,33.771725
2025-02-10 04:00:00+00:00,36.887071999999996,32.122253
2025-02-10 05:00:00+00:00,36.25967925,30.054668
2025-02-10 06:00:00+00:00,33.562034000000004,28.355576
2025-02-10 07:00:00+00:00,33.89349658333333,32.51989
2025-02-10 08:00:00+00:00,34.090788583333335,33.36673
2025-02-10 09:00:00+00:00,34.80136266666667,35.421642
2025-02-10 10:00:00+00:00,39.167879166666665,39.434185
2025-02-10 11:00:00+00:00,67.831986,47.21994
2025-02-10 12:00:00+00:00,84.91300725,49.63347
2025-02-10 13:00:00+00:00,49.79035633333333,43.199223
2025-02-10 14:00:00+00:00,41.2134005,37.910282
2025-02-10 15:00:00+00:00,40.09903116666667,35.683662
2025-02-10 16:00:00+00:00,36.98515583333333,33.936996
2025-02-10 17:00:00+00:00,36.80190575,32.16319
2025-02-10 18:00:00+00:00,34.21391425,31.271446
2025-02-10 19:00:00+00:00,33.67244108333333,30.600628
2025-02-10 20:00:00+00:00,34.89757958333333,31.529013
2025-02-10 21:00:00+00:00,38.868023,38.02484
2025-02-10 22:00:00+00:00,57.0494305,48.578045
2025-02-10 23:00:00+00:00,67.882649,53.36311
2025-02-11 00:00:00+00:00,55.50736275,50.016994
2025-02-11 01:00:00+00:00,55.57426108333333,45.891468
2025-02-11 02:00:00+00:00,55.449194750000004,42.37661
2025-02-11 03:00:00+00:00,47.60328933333333,38.364143
2025-02-11 04:00:00+00:00,42.23829566666666,35.60447
2025-02-11 05:00:00+00:00,34.78728208333333,34.48644
2025-02-11 06:00:00+00:00,33.35550691666666,33.21293
2025-02-11 07:00:00+00:00,31.29398058333333,32.072807
2025-02-11 08:00:00+00:00,31.450127249999994,31.930414
2025-02-11 09:00:00+00:00,31.72991741666667,32.7093
2025-02-11 10:00:00+00:00,32.87940591666666,38.878616
2025-02-11 11:00:00+00:00,41.95218058333334,54.10449
2025-02-11 12:00:00+00:00,47.887554333333334,58.227585
2025-02-11 13:00:00+00:00,49.76710558333334,46.957153
2025-02-11 14:00:00+00:00,50.3322015,39.225212
2025-02-11 15:00:00+00:00,62.2923485,36.232674
2025-02-11 16:00:00+00:00,53.01061675,33.624123
2025-02-11 17:00:00+00:00,50.44371908333333,31.63527
2025-02-11 18:00:00+00:00,48.283097166666664,30.614962
2025-02-11 19:00:00+00:00,44.19983908333332,30.097763
2025-02-11 20:00:00+00:00,43.64427375,29.358303
2025-02-11 21:00:00+00:00,42.75724466666667,33.730625
2025-02-11 22:00:00+00:00,47.334001666666666,43.755722
2025-02-11 23:00:00+00:00,49.49271325,46.71194
2025-02-12 00:00:00+00:00,45.29477325,43.69211
2025-02-12 01:00:00+00:00,43.35051683333332,41.60811
2025-02-12 02:00:00+00:00,41.65983466666667,38.940044
2025-02-12 03:00:00+00:00,36.554822083333335,34.85639
2025-02-12 04:00:00+00:00,35.62443158333333,31.612331
2025-02-12 05:00:00+00:00,39.18182766666667,30.313274
2025-02-12 06:00:00+00:00,37.611174,29.312275
2025-02-12 07:00:00+00:00,34.39193491666666,36.31552
2025-02-12 08:00:00+00:00,34.533702416666664,34.354416
2025-02-12 09:00:00+00:00,35.78594975,32.9673
2025-02-12 10:00:00+00:00,38.61142916666667,33.242203
2025-02-12 11:00:00+00:00,42.36333858333334,35.876183
2025-02-12 12:00:00+00:00,48.55994116666667,39.684162
2025-02-12 13:00:00+00:00,49.88409433333334,41.88028
2025-02-12 14:00:00+00:00,48.93389583333334,44.055687
2025-02-12 15:00:00+00:00,55.819823750000005,46.18223
2025-02-12 16:00:00+00:00,49.15735449999999,45.690907
2025-02-12 17:00:00+00:00,46.99593266666667,43.392544
2025-02-12 18:00:00+00:00,46.011977083333335,41.491158
2025-02-12 19:00:00+00:00,42.940135166666664,40.13379
2025-02-12 20:00:00+00:00,43.13393525,39.483078
2025-02-12 21:00:00+00:00,43.44451591666667,41.152145
2025-02-12 22:00:00+00:00,49.7794855,45.26428
2025-02-12 23:00:00+00:00,50.886095250000004,46.54788
2025-02-13 00:00:00+00:00,49.512757750000006,44.45898
2025-02-13 01:00:00+00:00,46.26023633333333,43.58978
2025-02-13 02:00:00+00:00,41.57767391666667,43.137203
2025-02-13 03:00:00+00:00,37.29413533333334,39.864803
2025-02-13 04:00:00+00:00,33.75847575,36.711227
2025-02-13 05:00:00+00:00,37.49788575,35.154594
2025-02-13 06:00:00+00:00,35.301240666666665,33.222015
2025-02-13 07:00:00+00:00,33.06667616666667,34.144447
2025-02-13 08:00:00+00:00,32.41127816666667,33.932243
2025-02-13 09:00:00+00:00,33.771672,34.91472
2025-02-13 10:00:00+00:00,36.437463916666665,36.203888
2025-02-13 11:00:00+00:00,40.30642291666667,40.440628
2025-02-13 12:00:00+00:00,48.01745175,45.48179
2025-02-13 13:00:00+00:00,46.714032333333336,45.01078
2025-02-13 14:00:00+00:00,44.44523616666667,43.877625
2025-02-13 15:00:00+00:00,43.96168658333334,43.67974
2025-02-13 16:00:00+00:00,38.98711725,42.951004
2025-02-13 17:00:00+00:00,38.04871791666667,41.1754
2025-02-13 18:00:00+00:00,35.099278250000005,39.459656
2025-02-13 19:00:00+00:00,32.47296225,38.32131
2025-02-13 20:00:00+00:00,31.932341750000006,37.36575
2025-02-13 21:00:00+00:00,35.17251458333333,38.781292
2025-02-13 22:00:00+00:00,48.748767750000006,43.83328
2025-02-13 23:00:00+00:00,57.64881616666666,46.64271
2025-02-14 00:00:00+00:00,51.91040983333333,44.76062
2025-02-14 01:00:00+00:00,50.979423499999996,42.29155
2025-02-14 02:00:00+00:00,47.298281333333335,39.177097
2025-02-14 03:00:00+00:00,43.572735,35.52938
2025-02-14 04:00:00+00:00,39.40392616666667,33.909927
2025-02-14 05:00:00+00:00,42.68179249999999,33.192688
2025-02-14 06:00:00+00:00,42.40195883333333,32.715878
2025-02-14 07:00:00+00:00,41.74536308333334,40.56712
2025-02-14 08:00:00+00:00,41.982606499999996,39.790924
2025-02-14 09:00:00+00:00,45.89785933333334,40.208588
2025-02-14 10:00:00+00:00,45.83963958333334,41.939636
2025-02-14 11:00:00+00:00,66.97483774999999,47.199375
2025-02-14 12:00:00+00:00,84.54774816666666,52.4105
2025-02-14 13:00:00+00:00,47.431238083333334,49.533333
2025-02-14 14:00:00+00:00,38.60986591666667,44.5951
2025-02-14 15:00:00+00:00,40.46158225,41.599594
2025-02-14 16:00:00+00:00,37.268457833333336,38.549217
2025-02-14 17:00:00+00:00,35.73257125,35.622063
2025-02-14 18:00:00+00:00,34.58622858333333,34.225567
2025-02-14 19:00:00+00:00,34.02984358333333,33.51815
2025-02-14 20:00:00+00:00,34.83018308333333,32.362083
2025-02-14 21:00:00+00:00,37.578259333333335,34.00273
2025-02-14 22:00:00+00:00,48.93850225,42.077732
2025-02-14 23:00:00+00:00,49.92964191666667,46.048233
2025-02-15 00:00:00+00:00,47.0503615,43.754967
2025-02-15 01:00:00+00:00,46.322874500000005,43.239853
2025-02-15 02:00:00+00:00,42.29271408333333,42.23728
2025-02-15 03:00:00+00:00,39.47147575,39.585598
2025-02-15 04:00:00+00:00,36.669788583333336,37.721825
2025-02-15 05:00:00+00:00,38.04446166666667,37.376774
2025-02-15 06:00:00+00:00,36.65678316666666,37.07736
2025-02-15 07:00:00+00:00,36.136213,35.840763
2025-02-15 08:00:00+00:00,36.30016941666667,36.131966
2025-02-15 09:00:00+00:00,36.495197499999996,36.64506
2025-02-15 10:00:00+00:00,36.0587905,40.54483
2025-02-15 11:00:00+00:00,36.2371335,49.12595
2025-02-15 12:00:00+00:00,39.35098266666667,50.26217
2025-02-15 13:00:00+00:00,42.156889166666666,43.747128
2025-02-15 14:00:00+00:00,45.30092341666667,39.209
2025-02-15 15:00:00+00:00,49.11256174999999,36.438324
2025-02-15 16:00:00+00:00,45.97622833333333,34.175407
2025-02-15 17:00:00+00:00,45.55784533333334,32.764645
2025-02-15 18:00:00+00:00,44.57086833333333,32.10659
2025-02-15 19:00:00+00:00,41.659212666666676,31.90121
2025-02-15 20:00:00+00:00,39.51171725,32.00096
2025-02-15 21:00:00+00:00,38.48978041666667,34.1923
2025-02-15 22:00:00+00:00,42.052343916666665,38.4567
2025-02-15 23:00:00+00:00,42.07944616666666,41.044346
2025-02-16 00:00:00+00:00,39.09935483333333,40.752357
2025-02-16 01:00:00+00:00,37.56528591666667,38.90384
2025-02-16 02:00:00+00:00,35.25753375,36.634903
2025-02-16 03:00:00+00:00,33.70981166666667,34.87361
2025-02-16 04:00:00+00:00,32.66218725,33.636417
2025-02-16 05:00:00+00:00,30.84023458333333,32.867615
2025-02-16 06:00:00+00:00,28.930709083333333,32.298058
2025-02-16 07:00:00+00:00,27.0180725,27.960037
2025-02-16 08:00:00+00:00,26.372597916666667,27.421635
2025-02-16 09:00:00+00:00,27.137775833333333,26.941128
2025-02-16 10:00:00+00:00,27.23206933333333,27.21455
2025-02-16 11:00:00+00:00,28.822239999999997,28.888008
2025-02-16 12:00:00+00:00,29.553213999999997,30.741257
2025-02-16 13:00:00+00:00,30.616948749999995,31.798203
2025-02-16 14:00:00+00:00,31.653681416666668,33.210663
2025-02-16 15:00:00+00:00,32.253205916666666,34.75381
2025-02-16 16:00:00+00:00,32.681633,34.14796
2025-02-16 17:00:00+00:00,31.434405666666663,32.83144
2025-02-16 18:00:00+00:00,30.020555666666667,32.277615
2025-02-16 19:00:00+00:00,29.09829675,31.97078
2025-02-16 20:00:00+00:00,28.610961750000005,31.970856
2025-02-16 21:00:00+00:00,30.242347083333332,34.203182
2025-02-16 22:00:00+00:00,35.44391708333333,38.37418
2025-02-16 23:00:00+00:00,42.927163166666666,40.408237
2025-02-17 00:00:00+00:00,41.87665275,39.280865
2025-02-17 01:00:00+00:00,39.79327175,37.870934
2025-02-17 02:00:00+00:00,38.27533975,37.0088
2025-02-17 03:00:00+00:00,36.226805250000005,35.372025
2025-02-17 04:00:00+00:00,34.70238175,33.8137
2025-02-17 05:00:00+00:00,35.38279525,32.051918
2025-02-17 06:00:00+00:00,35.581569583333334,30.708366
2025-02-17 07:00:00+00:00,35.09122191666667,34.265537
2025-02-17 08:00:00+00:00,35.876659499999995,33.575005
2025-02-17 09:00:00+00:00,37.48104166666666,34.17646
2025-02-17 10:00:00+00:00,42.0108275,37.374245
2025-02-17 11:00:00+00:00,58.08177666666666,45.510567
2025-02-17 12:00:00+00:00,60.53813241666666,49.141438
2025-02-17 13:00:00+00:00,48.109082666666666,45.465458
2025-02-17 14:00:00+00:00,40.59266283333333,43.122852
2025-02-17 15:00:00+00:00,41.403994000000004,42.83597
2025-02-17 16:00:00+00:00,39.657704083333336,42.46367
2025-02-17 17:00:00+00:00,37.038688416666666,40.525734
2025-02-17 18:00:00+00:00,36.39575558333333,39.28497
2025-02-17 19:00:00+00:00,36.01300583333333,39.048954
2025-02-17 20:00:00+00:00,36.347142416666664,38.783035
2025-02-17 21:00:00+00:00,40.74816191666667,44.11293
2025-02-17 22:00:00+00:00,67.33059691666666,53.335773
2025-02-17 23:00:00+00:00,81.44242975,55.600067
2025-02-18 00:00:00+00:00,68.32605441666666,53.690544
2025-02-18 01:00:00+00:00,64.91150958333334,54.337845
2025-02-18 02:00:00+00:00,61.62128899999999,52.02694
2025-02-18 03:00:00+00:00,56.90376275,47.129322
2025-02-18 04:00:00+00:00,54.17880399999999,43.603893
2025-02-18 05:00:00+00:00,56.06684533333333,42.0689
2025-02-18 06:00:00+00:00,56.33347733333333,40.16787
2025-02-18 07:00:00+00:00,55.37418516666666,55.440258
2025-02-18 08:00:00+00:00,54.97468008333333,56.88988
2025-02-18 09:00:00+00:00,56.35320683333333,63.928043
2025-02-18 10:00:00+00:00,65.53338891666667,73.62344
2025-02-18 11:00:00+00:00,102.18438275,85.93111
2025-02-18 12:00:00+00:00,116.6565615,91.155075
2025-02-18 13:00:00+00:00,72.68091075,79.49568
2025-02-18 14:00:00+00:00,61.201909666666666,66.5167
2025-02-18 15:00:00+00:00,63.139316666666666,61.39029
2025-02-18 16:00:00+00:00,59.79861866666667,57.021996
2025-02-18 17:00:00+00:00,58.76996041666666,52.50012
2025-02-18 18:00:00+00:00,53.80703475000001,48.749424
2025-02-18 19:00:00+00:00,50.31230433333334,46.734623
2025-02-18 20:00:00+00:00,50.34646166666667,45.789295
2025-02-18 21:00:00+00:00,59.08253416666667,52.23386
2025-02-18 22:00:00+00:00,84.24814875,68.30336
2025-02-18 23:00:00+00:00,114.332859,77.99539
2025-02-19 00:00:00+00:00,98.36421625000001,73.18473
2025-02-19 01:00:00+00:00,87.41622108333331,66.10214
2025-02-19 02:00:00+00:00,81.07560791666667,61.052578
2025-02-19 03:00:00+00:00,74.00055791666666,55.82456
2025-02-19 04:00:00+00:00,68.50464266666667,51.69684
2025-02-19 05:00:00+00:00,79.88589,49.767185
2025-02-19 06:00:00+00:00,78.15088875,48.45196
2025-02-19 07:00:00+00:00,74.27436116666667,77.28551
2025-02-19 08:00:00+00:00,75.73076958333333,76.19676
2025-02-19 09:00:00+00:00,69.63263216666667,79.673615
2025-02-19 10:00:00+00:00,73.02582116666666,91.84755
2025-02-19 11:00:00+00:00,124.84204658333334,113.83447
2025-02-19 12:00:00+00:00,142.90493925,116.58777
2025-02-19 13:00:00+00:00,123.49940275,93.9052
2025-02-19 14:00:00+00:00,103.35388749999998,76.79263
2025-02-19 15:00:00+00:00,127.70049,68.49552
2025-02-19 16:00:00+00:00,113.81825274999998,61.823395
2025-02-19 17:00:00+00:00,104.64751341666665,57.08612
2025-02-19 18:00:00+00:00,91.9052525,53.22174
2025-02-19 19:00:00+00:00,84.07244416666667,51.801384
2025-02-19 20:00:00+00:00,80.12233733333333,51.128567
2025-02-19 21:00:00+00:00,90.402376,58.10469
2025-02-19 22:00:00+00:00,102.24387625000001,71.64769
2025-02-19 23:00:00+00:00,144.49119366666667,82.10954
2025-02-20 00:00:00+00:00,129.82660816666666,81.04426
2025-02-20 01:00:00+00:00,117.19890099999998,76.398544
2025-02-20 02:00:00+00:00,108.84450650000001,69.56591
2025-02-20 03:00:00+00:00,93.24716208333332,63.854485
2025-02-20 04:00:00+00:00,89.45748291666666,59.4669
2025-02-20 05:00:00+00:00,89.47340666666666,56.287594
2025-02-20 06:00:00+00:00,84.30419066666667,55.698006
2025-02-20 07:00:00+00:00,79.17105591666667,81.66402
2025-02-20 08:00:00+00:00,75.82503916666667,80.717384
2025-02-20 09:00:00+00:00,78.72147941666667,81.59006
2025-02-20 10:00:00+00:00,89.72183883333334,88.573
2025-02-20 11:00:00+00:00,119.45522799999999,110.17674
2025-02-20 12:00:00+00:00,164.36971416666668,126.824394
2025-02-20 13:00:00+00:00,137.34489291666668,112.09699
2025-02-20 14:00:00+00:00,113.97629316666666,96.4314
2025-02-20 15:00:00+00:00,115.41459666666667,89.100464
2025-02-20 16:00:00+00:00,103.92628733333335,80.61383
2025-02-20 17:00:00+00:00,93.06095291666666,73.07173
2025-02-20 18:00:00+00:00,88.95172391666667,68.56157
2025-02-20 19:00:00+00:00,79.23451216666668,67.49513
2025-02-20 20:00:00+00:00,76.87154608333334,63.4487
2025-02-20 21:00:00+00:00,84.83016975,63.008453
2025-02-20 22:00:00+00:00,110.91468900000001,77.02516
2025-02-20 23:00:00+00:00,126.03343283333335,88.143616
2025-02-21 00:00:00+00:00,127.98470625,86.42752
2025-02-21 01:00:00+00:00,116.53241324999999,83.608734
2025-02-21 02:00:00+00:00,116.91525066666667,75.94742
2025-02-21 03:00:00+00:00,110.78942250000001,66.78851
2025-02-21 04:00:00+00:00,107.65604358333333,61.859665
2025-02-21 05:00:00+00:00,123.71945333333333,59.133034
2025-02-21 06:00:00+00:00,122.33630816666668,57.49334
2025-02-21 07:00:00+00:00,125.67511358333333,117.67575
2025-02-21 08:00:00+00:00,120.66914291666666,116.94324
2025-02-21 09:00:00+00:00,124.52531166666667,116.938255
2025-02-21 10:00:00+00:00,134.71969858333333,127.71365
2025-02-21 11:00:00+00:00,191.17617741666663,163.04622
2025-02-21 12:00:00+00:00,207.87127441666667,188.33156
2025-02-21 13:00:00+00:00,120.19261308333334,168.57167
2025-02-21 14:00:00+00:00,88.32131141666667,142.5413
2025-02-21 15:00:00+00:00,56.41657658333333,128.95636
2025-02-21 16:00:00+00:00,50.58836925,115.02641
2025-02-21 17:00:00+00:00,48.78919366666668,103.45752
2025-02-21 18:00:00+00:00,43.13976591666666,97.977066
2025-02-21 19:00:00+00:00,40.724023833333334,96.681114
2025-02-21 20:00:00+00:00,40.46780883333333,92.71613
2025-02-21 21:00:00+00:00,46.98603583333333,96.95028
2025-02-21 22:00:00+00:00,77.2880575,117.69142
2025-02-21 23:00:00+00:00,91.35242858333334,127.494
2025-02-22 00:00:00+00:00,81.069186,123.54897
2025-02-22 01:00:00+00:00,65.95430958333334,124.6879
2025-02-22 02:00:00+00:00,66.2896845,119.20357
2025-02-22 03:00:00+00:00,62.18739841666667,106.9212
2025-02-22 04:00:00+00:00,57.726501750000004,99.70737
2025-02-22 05:00:00+00:00,57.693253999999996,95.736984
2025-02-22 06:00:00+00:00,55.595802666666664,92.0222
2025-02-22 07:00:00+00:00,55.2838275,54.213123
2025-02-22 08:00:00+00:00,56.291661166666664,54.650166
2025-02-22 09:00:00+00:00,59.971927083333334,53.842762
2025-02-22 10:00:00+00:00,60.53838375,62.79763
2025-02-22 11:00:00+00:00,76.72826441666668,82.675674
2025-02-22 12:00:00+00:00,77.28101666666667,81.89713
2025-02-22 13:00:00+00:00,55.50926808333333,67.63796
2025-02-22 14:00:00+00:00,45.083826833333326,58.112045
2025-02-22 15:00:00+00:00,36.34017541666667,50.767754
2025-02-22 16:00:00+00:00,35.271980250000006,44.064247
2025-02-22 17:00:00+00:00,32.2636025,40.389935
2025-02-22 18:00:00+00:00,30.573725,39.00766
2025-02-22 19:00:00+00:00,29.87796625,38.87493
2025-02-22 20:00:00+00:00,30.346502333333333,38.24209
2025-02-22 21:00:00+00:00,32.447310083333335,43.984776
2025-02-22 22:00:00+00:00,42.24209083333333,53.62841
2025-02-22 23:00:00+00:00,49.87633866666667,55.571365
2025-02-23 00:00:00+00:00,49.173987749999995,54.479225
2025-02-23 01:00:00+00:00,44.258531500000004,52.60827
2025-02-23 02:00:00+00:00,39.7754965,47.068207
2025-02-23 03:00:00+00:00,36.50259225,42.120872
2025-02-23 04:00:00+00:00,34.73587233333333,38.232735
2025-02-23 05:00:00+00:00,38.61494391666667,36.394657
2025-02-23 06:00:00+00:00,36.732222166666666,35.31991
2025-02-23 07:00:00+00:00,36.620257083333335,34.987514
2025-02-23 08:00:00+00:00,39.22557483333333,34.300983
2025-02-23 09:00:00+00:00,42.93871066666666,34.622322
2025-02-23 10:00:00+00:00,44.509883083333335,37.68555
2025-02-23 11:00:00+00:00,46.08196908333334,42.362022
2025-02-23 12:00:00+00:00,46.91832516666667,43.860527
2025-02-23 13:00:00+00:00,34.630790166666664,40.772583
2025-02-23 14:00:00+00:00,31.8510675,37.23133
2025-02-23 15:00:00+00:00,31.232979083333333,35.954784
2025-02-23 16:00:00+00:00,29.83911175,33.88756
2025-02-23 17:00:00+00:00,28.868428750000003,30.480999
2025-02-23 18:00:00+00:00,27.5066325,27.231422
2025-02-23 19:00:00+00:00,27.044596749999997,25.938267
2025-02-23 20:00:00+00:00,27.427539999999997,26.354317
2025-02-23 21:00:00+00:00,29.693901333333333,29.512638
2025-02-23 22:00:00+00:00,40.87541975,36.37798
2025-02-23 23:00:00+00:00,50.96119516666667,40.0401
2025-02-24 00:00:00+00:00,44.14173133333333,38.105133
2025-02-24 01:00:00+00:00,37.713296,35.35439
2025-02-24 02:00:00+00:00,35.140776833333334,33.383743
2025-02-24 03:00:00+00:00,32.71603858333334,32.277588
2025-02-24 04:00:00+00:00,31.479136166666667,31.246841
2025-02-24 05:00:00+00:00,30.411158416666666,29.646645
2025-02-24 06:00:00+00:00,30.047196166666666,27.491302
2025-02-24 07:00:00+00:00,29.7869505,29.47585
2025-02-24 08:00:00+00:00,29.933319166666667,30.930553
2025-02-24 09:00:00+00:00,32.523445583333334,35.20868
2025-02-24 10:00:00+00:00,36.48175716666667,42.270706
2025-02-24 11:00:00+00:00,67.31554025,54.88414
2025-02-24 12:00:00+00:00,59.84687466666667,56.488205
2025-02-24 13:00:00+00:00,36.18633908333334,46.125946
2025-02-24 14:00:00+00:00,34.26640441666667,39.182884
2025-02-24 15:00:00+00:00,32.136902166666665,34.58353
2025-02-24 16:00:00+00:00,31.01472766666667,30.961922
2025-02-24 17:00:00+00:00,30.139304083333332,27.406773
2025-02-24 18:00:00+00:00,29.28418275,25.475899
2025-02-24 19:00:00+00:00,29.081459,24.844345
2025-02-24 20:00:00+00:00,29.794096666666665,25.319168
2025-02-24 21:00:00+00:00,31.426208666666668,36.876217
2025-02-24 22:00:00+00:00,45.18429125,56.850334
2025-02-24 23:00:00+00:00,56.610678166666666,63.037827
2025-02-25 00:00:00+00:00,49.80420883333333,56.90795
2025-02-25 01:00:00+00:00,46.181415416666674,51.21273
2025-02-25 02:00:00+00:00,41.94379391666667,46.015152
2025-02-25 03:00:00+00:00,34.61280858333333,41.01744
2025-02-25 04:00:00+00:00,34.093056833333335,38.341892
2025-02-25 05:00:00+00:00,31.002335833333333,37.00051
2025-02-25 06:00:00+00:00,30.721809250000003,35.374542
2025-02-25 07:00:00+00:00,30.327828333333336,30.406097
2025-02-25 08:00:00+00:00,30.805999083333337,31.48846
2025-02-25 09:00:00+00:00,32.386469749999996,34.34105
2025-02-25 10:00:00+00:00,37.280230249999995,42.819542
2025-02-25 11:00:00+00:00,58.24857633333334,56.38374
2025-02-25 12:00:00+00:00,64.06564791666666,55.292366
2025-02-25 13:00:00+00:00,37.883332333333335,43.362057
2025-02-25 14:00:00+00:00,33.4441885,36.88665
2025-02-25 15:00:00+00:00,32.9933205,32.914135
2025-02-25 16:00:00+00:00,30.473627500000003,29.06351
2025-02-25 17:00:00+00:00,29.227881166666666,26.172256
2025-02-25 18:00:00+00:00,27.550844,24.20654
2025-02-25 19:00:00+00:00,25.791741416666667,23.431042
2025-02-25 20:00:00+00:00,26.10534783333334,23.694504
2025-02-25 21:00:00+00:00,28.22247691666666,29.00475
2025-02-25 22:00:00+00:00,40.4066325,38.371887
2025-02-25 23:00:00+00:00,55.8218565,41.840202
2025-02-26 00:00:00+00:00,50.09701208333333,41.507748
2025-02-26 01:00:00+00:00,42.64626858333333,38.988506
2025-02-26 02:00:00+00:00,36.67403616666667,34.028404
2025-02-26 03:00:00+00:00,32.985037999999996,30.368313
2025-02-26 04:00:00+00:00,29.28236075,28.548283
2025-02-26 05:00:00+00:00,28.202775583333334,27.061523
2025-02-26 06:00:00+00:00,26.63100283333333,26.57391
2025-02-26 07:00:00+00:00,24.87423383333333,27.528042
2025-02-26 08:00:00+00:00,25.112788499999997,27.543488
2025-02-26 09:00:00+00:00,26.388601249999997,27.247276
2025-02-26 10:00:00+00:00,31.675844916666666,31.021362
2025-02-26 11:00:00+00:00,51.879563749999996,39.768948
2025-02-26 12:00:00+00:00,46.53505783333334,40.77633
2025-02-26 13:00:00+00:00,30.49018566666667,35.143665
2025-02-26 14:00:00+00:00,28.139016833333333,31.929981
2025-02-26 15:00:00+00:00,28.9106075,30.266708
2025-02-26 16:00:00+00:00,27.168226416666663,28.372475
2025-02-26 17:00:00+00:00,26.67413025,26.5761
2025-02-26 18:00:00+00:00,25.891335916666666,25.344036
2025-02-26 19:00:00+00:00,24.909784083333335,25.088985
2025-02-26 20:00:00+00:00,25.215180166666666,24.269146
2025-02-26 21:00:00+00:00,26.096354166666668,27.101578
2025-02-26 22:00:00+00:00,37.240386916666665,33.272476
2025-02-26 23:00:00+00:00,44.61520658333333,35.088547
2025-02-27 00:00:00+00:00,35.91549691666667,33.99826
2025-02-27 01:00:00+00:00,33.81381183333333,31.975468
2025-02-27 02:00:00+00:00,29.752961,28.162403
2025-02-27 03:00:00+00:00,26.467383833333333,25.332474
2025-02-27 04:00:00+00:00,25.43084991666667,23.44749
2025-02-27 05:00:00+00:00,25.339679583333332,20.86628
2025-02-27 06:00:00+00:00,25.184998750000002,19.746681
2025-02-27 07:00:00+00:00,24.292946999999998,24.596739
2025-02-27 08:00:00+00:00,24.311537,24.266537
2025-02-27 09:00:00+00:00,24.811330416666667,23.9491
2025-02-27 10:00:00+00:00,26.392471583333332,29.854332
2025-02-27 11:00:00+00:00,35.60943258333334,41.382996
2025-02-27 12:00:00+00:00,40.77247608333334,41.906654
2025-02-27 13:00:00+00:00,37.18305766666666,35.165726
2025-02-27 14:00:00+00:00,35.542976833333334,32.29059
2025-02-27 15:00:00+00:00,34.259550499999996,30.444235
2025-02-27 16:00:00+00:00,30.404160250000004,28.859306
2025-02-27 17:00:00+00:00,29.210908166666666,27.14791
2025-02-27 18:00:00+00:00,27.409047166666667,25.197735
2025-02-27 19:00:00+00:00,26.595065333333334,23.598417
2025-02-27 20:00:00+00:00,26.17100541666667,22.10802
2025-02-27 21:00:00+00:00,27.782892583333336,25.820507
2025-02-27 22:00:00+00:00,34.720071,33.709396
2025-02-27 23:00:00+00:00,47.20216741666667,36.900803
2025-02-28 00:00:00+00:00,46.52010525,37.14142
2025-02-28 01:00:00+00:00,43.918182,36.527073
2025-02-28 02:00:00+00:00,41.92909675,32.534595
2025-02-28 03:00:00+00:00,32.19627908333333,30.049406
2025-02-28 04:00:00+00:00,29.050079,29.112604
2025-02-28 05:00:00+00:00,28.896781563333338,26.561579
2025-02-28 06:00:00+00:00,28.743484126666665,24.426163
2025-02-28 07:00:00+00:00,28.590186689999996,28.335522
2025-03-01 05:00:00+00:00,25.217643083333332,27.884188
2025-03-01 06:00:00+00:00,24.82432658333333,27.597057
2025-03-01 07:00:00+00:00,23.365302999999997,33.284557
2025-03-01 08:00:00+00:00,23.995137,45.863365
2025-03-01 09:00:00+00:00,24.785263250000003,48.712616
2025-03-01 10:00:00+00:00,26.764502750000002,41.72635
2025-03-01 11:00:00+00:00,28.543720250000003,37.257214
2025-03-01 12:00:00+00:00,32.31358975,34.912453
2025-03-01 13:00:00+00:00,27.363517833333336,32.679207
2025-03-01 14:00:00+00:00,26.365481500000005,29.801159
2025-03-01 15:00:00+00:00,27.05692375,28.208616
2025-03-01 16:00:00+00:00,26.231266666666667,27.312294
2025-03-01 17:00:00+00:00,26.011303833333333,27.162508
2025-03-01 18:00:00+00:00,25.988414333333335,32.29989
2025-03-01 19:00:00+00:00,25.938599,40.58684
2025-03-01 20:00:00+00:00,26.514464583333336,43.0903
2025-03-01 21:00:00+00:00,31.213472666666664,45.225555
2025-03-01 22:00:00+00:00,44.65566166666667,48.67161
2025-03-01 23:00:00+00:00,58.97364366666667,46.32694
2025-03-02 00:00:00+00:00,62.622464916666665,41.264927
2025-03-02 01:00:00+00:00,61.30682974999999,37.301674
2025-03-02 02:00:00+00:00,59.43619841666666,33.802486
2025-03-02 03:00:00+00:00,56.58458466666667,31.204891
2025-03-02 04:00:00+00:00,56.15134633333333,51.77693
2025-03-02 05:00:00+00:00,48.00243666666666,45.627293
2025-03-02 06:00:00+00:00,46.1871095,41.5062
2025-03-02 07:00:00+00:00,46.297948166666664,39.872295
2025-03-02 08:00:00+00:00,47.39349033333334,40.834602
2025-03-02 09:00:00+00:00,47.54134283333334,42.789257
2025-03-02 10:00:00+00:00,49.82773075,42.17072
2025-03-02 11:00:00+00:00,69.39640608333333,45.63246
2025-03-02 12:00:00+00:00,69.30157816666666,51.573074
2025-03-02 13:00:00+00:00,43.68348483333333,48.33648
2025-03-02 14:00:00+00:00,36.4489685,39.00459
2025-03-02 15:00:00+00:00,35.5650495,33.043472
2025-03-02 16:00:00+00:00,33.109229,30.186691
2025-03-02 17:00:00+00:00,31.160041666666668,29.421232
2025-03-02 18:00:00+00:00,29.323507250000002,29.38853
2025-03-02 19:00:00+00:00,28.362398416666668,30.347672
2025-03-02 20:00:00+00:00,29.794379666666668,32.264454
2025-03-02 21:00:00+00:00,33.13407525,36.616184
2025-03-02 22:00:00+00:00,50.8370145,49.918358
2025-03-02 23:00:00+00:00,81.16656491666667,64.348526
2025-03-03 00:00:00+00:00,74.78042675,68.069046
2025-03-03 01:00:00+00:00,63.80276733333333,64.50255
2025-03-03 02:00:00+00:00,56.14867366666667,58.145695
2025-03-03 03:00:00+00:00,52.432483166666664,50.534798
2025-03-03 04:00:00+00:00,51.46821025,48.260384
2025-03-03 05:00:00+00:00,53.887577916666665,45.255955
2025-03-03 06:00:00+00:00,52.402836083333334,43.344467
2025-03-03 07:00:00+00:00,49.661224833333335,42.083023
2025-03-03 08:00:00+00:00,50.80458116666668,42.904987
2025-03-03 09:00:00+00:00,48.99542208333333,46.639046
2025-03-03 10:00:00+00:00,53.28482291666667,54.614197
2025-03-03 11:00:00+00:00,112.97315058333334,65.70834
2025-03-03 12:00:00+00:00,107.83029441666667,67.898735
2025-03-03 13:00:00+00:00,48.039355916666665,56.765354
2025-03-03 14:00:00+00:00,39.027810333333335,44.761078
2025-03-03 15:00:00+00:00,37.57276125,38.59429
2025-03-03 16:00:00+00:00,35.35911158333334,34.945583
2025-03-03 17:00:00+00:00,32.89076466666666,32.755688
2025-03-03 18:00:00+00:00,30.925114583333336,31.300568
2025-03-03 19:00:00+00:00,29.640455916666667,30.154318
2025-03-03 20:00:00+00:00,30.20442608333333,29.77515
2025-03-03 21:00:00+00:00,33.23748025,35.207626
2025-03-03 22:00:00+00:00,47.42069466666667,51.977097
2025-03-03 23:00:00+00:00,58.2441225,66.248535
2025-03-04 00:00:00+00:00,50.19629466666667,64.08506
2025-03-04 01:00:00+00:00,46.67828708333334,56.012215
2025-03-04 02:00:00+00:00,48.01600966666666,50.192886
2025-03-04 03:00:00+00:00,43.09007383333333,45.835735
2025-03-04 04:00:00+00:00,38.91581475,40.826733
2025-03-04 05:00:00+00:00,38.62237425,40.41333
2025-03-04 06:00:00+00:00,37.18313641666666,38.509598
2025-03-04 07:00:00+00:00,34.435068666666666,37.73961
2025-03-04 08:00:00+00:00,33.89796258333333,38.935886
2025-03-04 09:00:00+00:00,34.767094416666666,40.423603
2025-03-04 10:00:00+00:00,35.97527658333333,49.76061
2025-03-04 11:00:00+00:00,61.19445066666666,67.954735
2025-03-04 12:00:00+00:00,59.718942500000004,65.88553
2025-03-04 13:00:00+00:00,39.60768791666667,48.3756
2025-03-04 14:00:00+00:00,37.86741083333333,38.190586
2025-03-04 15:00:00+00:00,35.45818825,35.34269
2025-03-04 16:00:00+00:00,32.277856166666666,32.985832
2025-03-04 17:00:00+00:00,30.70307683333333,31.271235
2025-03-04 18:00:00+00:00,30.03241158333333,30.985266
2025-03-04 19:00:00+00:00,27.920326916666667,30.981709
2025-03-04 20:00:00+00:00,28.35873266666667,30.139044
2025-03-04 21:00:00+00:00,29.436292833333336,33.954124
2025-03-04 22:00:00+00:00,34.04940258333333,40.45107
2025-03-04 23:00:00+00:00,39.65413775,44.617867
2025-03-05 00:00:00+00:00,37.688118,49.297256
2025-03-05 01:00:00+00:00,35.885847250000005,49.484993
2025-03-05 02:00:00+00:00,32.060561416666665,44.464115
2025-03-05 03:00:00+00:00,28.009616750000003,41.11237
2025-03-05 04:00:00+00:00,25.266276833333333,26.205431
2025-03-05 05:00:00+00:00,25.30884991666667,25.540352
2025-03-05 06:00:00+00:00,25.279723416666666,24.43772
2025-03-05 07:00:00+00:00,21.732219,23.255203
2025-03-05 08:00:00+00:00,21.525505999999996,23.168797
2025-03-05 09:00:00+00:00,23.06112591666667,23.284739
2025-03-05 10:00:00+00:00,27.195354499999997,26.549953
2025-03-05 11:00:00+00:00,35.29738808333333,35.591015
2025-03-05 12:00:00+00:00,41.161342166666664,39.55819
2025-03-05 13:00:00+00:00,42.11215658333333,34.223045
2025-03-05 14:00:00+00:00,43.00335716666667,29.888657
2025-03-05 15:00:00+00:00,40.872945083333335,27.847042
2025-03-05 16:00:00+00:00,36.87178025,25.69593
2025-03-05 17:00:00+00:00,35.274912,23.7022
2025-03-05 18:00:00+00:00,35.95419808333333,22.094128
2025-03-05 19:00:00+00:00,33.406720916666664,21.64313
2025-03-05 20:00:00+00:00,31.068054833333335,21.81113
2025-03-05 21:00:00+00:00,31.21163341666667,24.11507
2025-03-05 22:00:00+00:00,41.14429075,28.608776
2025-03-05 23:00:00+00:00,47.18770183333333,30.951733
2025-03-06 00:00:00+00:00,46.06990541666666,31.755703
2025-03-06 01:00:00+00:00,42.982322833333335,31.499977
2025-03-06 02:00:00+00:00,38.691424833333336,28.90105
2025-03-06 03:00:00+00:00,33.6618825,26.543325
2025-03-06 04:00:00+00:00,30.01518525,30.273521
2025-03-06 05:00:00+00:00,34.43167475,29.266626
2025-03-06 06:00:00+00:00,33.43737383333333,28.043692
2025-03-06 07:00:00+00:00,32.96032116666667,26.892727
2025-03-06 08:00:00+00:00,32.04835491666667,26.569853
2025-03-06 09:00:00+00:00,34.721462333333335,27.056072
2025-03-06 10:00:00+00:00,37.50678416666667,29.598614
2025-03-06 11:00:00+00:00,55.32925508333333,38.3968
2025-03-06 12:00:00+00:00,61.45411741666667,44.304565
2025-03-06 13:00:00+00:00,48.13401616666667,40.492996
2025-03-06 14:00:00+00:00,39.99936916666667,36.876087
2025-03-06 15:00:00+00:00,42.79626341666667,35.886604
2025-03-06 16:00:00+00:00,40.902638583333335,34.148903
2025-03-06 17:00:00+00:00,38.98588541666667,31.740715
2025-03-06 18:00:00+00:00,38.30726658333334,29.768354
2025-03-06 19:00:00+00:00,37.42745816666667,28.694384
2025-03-06 20:00:00+00:00,35.88248266666667,27.84409
2025-03-06 21:00:00+00:00,38.594977666666665,29.879177
2025-03-06 22:00:00+00:00,47.422497416666666,35.689808
2025-03-06 23:00:00+00:00,68.41105666666667,39.70795
2025-03-07 00:00:00+00:00,76.27695508333333,39.048836
2025-03-07 01:00:00+00:00,65.94807683333333,37.550194
2025-03-07 02:00:00+00:00,56.81782941666666,34.37485
2025-03-07 03:00:00+00:00,51.10144875,31.068981
2025-03-07 04:00:00+00:00,44.31788566666666,47.66005
2025-03-07 05:00:00+00:00,41.89999016666666,45.64138
2025-03-07 06:00:00+00:00,39.57404925,43.23278
2025-03-07 07:00:00+00:00,37.5555485,40.783234
2025-03-07 08:00:00+00:00,37.42512008333333,40.655758
2025-03-07 09:00:00+00:00,39.96261041666667,41.746895
2025-03-07 10:00:00+00:00,47.71859375,50.42741
2025-03-07 11:00:00+00:00,82.98646333333335,69.868095
2025-03-07 12:00:00+00:00,75.74004325,75.081955
2025-03-07 13:00:00+00:00,45.69624208333334,62.051937
2025-03-07 14:00:00+00:00,39.19958066666667,50.833233
2025-03-07 15:00:00+00:00,36.95976375,45.888012
2025-03-07 16:00:00+00:00,35.05452641666667,42.16521
2025-03-07 17:00:00+00:00,33.214474833333334,39.60637
2025-03-07 18:00:00+00:00,32.15225566666667,38.144566
2025-03-07 19:00:00+00:00,32.109349083333335,37.259502
2025-03-07 20:00:00+00:00,33.473155,36.29769
2025-03-07 21:00:00+00:00,37.452515416666664,40.349464
2025-03-07 22:00:00+00:00,51.988291000000004,50.9629
2025-03-07 23:00:00+00:00,61.22319408333333,59.872303
2025-03-08 00:00:00+00:00,49.11444225,63.149445
2025-03-08 01:00:00+00:00,48.33102641666667,58.952953
2025-03-08 02:00:00+00:00,45.93050483333334,51.36806
2025-03-08 03:00:00+00:00,39.222094166666665,46.937103
2025-03-08 04:00:00+00:00,37.12180491666667,37.088436
2025-03-08 05:00:00+00:00,39.68296966666667,35.567425
2025-03-08 06:00:00+00:00,35.43846825,33.741653
2025-03-08 07:00:00+00:00,33.14512091666666,32.16514
2025-03-08 08:00:00+00:00,33.51536041666667,32.761017
2025-03-08 09:00:00+00:00,34.917351333333336,34.956444
2025-03-08 10:00:00+00:00,37.098605,45.188286
2025-03-08 11:00:00+00:00,45.61216775,58.680664
2025-03-08 12:00:00+00:00,44.40246475,56.240616
2025-03-08 13:00:00+00:00,36.14384833333333,44.570168
2025-03-08 14:00:00+00:00,34.041048249999996,36.84961
2025-03-08 15:00:00+00:00,33.171824666666666,32.78676
2025-03-08 16:00:00+00:00,30.425767333333336,29.347095
2025-03-08 17:00:00+00:00,26.446188916666667,27.055834
2025-03-08 18:00:00+00:00,24.633630416666666,26.470531
2025-03-08 19:00:00+00:00,22.827581166666665,26.517872
2025-03-08 20:00:00+00:00,22.293953416666668,26.802118
2025-03-08 21:00:00+00:00,25.428712166666667,34.959934
2025-03-08 22:00:00+00:00,32.94193308333333,47.076992
2025-03-08 23:00:00+00:00,59.142879,51.841614
2025-03-09 00:00:00+00:00,52.585182083333336,50.73749
2025-03-09 01:00:00+00:00,43.53869808333334,47.52248
2025-03-09 02:00:00+00:00,42.571795166666675,42.675865
2025-03-09 03:00:00+00:00,38.957402,39.57756
2025-03-09 04:00:00+00:00,36.85178475,37.226448
2025-03-09 05:00:00+00:00,37.715090499999995,36.30728
2025-03-09 06:00:00+00:00,36.479522333333335,34.735794
2025-03-09 07:00:00+00:00,38.09155616666667,32.926476
2025-03-09 08:00:00+00:00,40.291171999999996,33.267582
2025-03-09 09:00:00+00:00,42.6079755,34.87797
2025-03-09 10:00:00+00:00,53.02535666666666,42.49078
2025-03-09 11:00:00+00:00,59.21122716666667,52.918907
2025-03-09 12:00:00+00:00,46.87346491666667,52.337692
2025-03-09 13:00:00+00:00,35.07411808333333,44.094593
2025-03-09 14:00:00+00:00,32.78826741666666,37.981865
2025-03-09 15:00:00+00:00,28.899239833333333,34.114742
2025-03-09 16:00:00+00:00,26.42867308333333,30.851559
2025-03-09 17:00:00+00:00,24.57826125,28.755424
2025-03-09 18:00:00+00:00,23.624743499999997,27.892109
2025-03-09 19:00:00+00:00,23.007560166666668,27.001266
2025-03-09 20:00:00+00:00,23.67506575,26.136395
2025-03-09 21:00:00+00:00,26.38868408333333,32.491913
2025-03-09 22:00:00+00:00,35.48329316666667,46.416847
2025-03-09 23:00:00+00:00,59.24986008333334,55.76614
2025-03-10 00:00:00+00:00,53.46785641666667,55.379192
2025-03-10 01:00:00+00:00,40.550891916666664,51.52418
2025-03-10 02:00:00+00:00,36.32697091666667,47.551014
2025-03-10 03:00:00+00:00,33.09503058333333,44.607723
2025-03-10 04:00:00+00:00,29.140387666666665,31.734789
2025-03-10 05:00:00+00:00,27.112893666666665,31.681858
2025-03-10 06:00:00+00:00,28.729184083333333,31.278263
2025-03-10 07:00:00+00:00,29.538461416666667,30.479317
2025-03-10 08:00:00+00:00,31.650668250000003,31.968475
2025-03-10 09:00:00+00:00,35.094453666666666,36.441605
2025-03-10 10:00:00+00:00,71.02071883333333,50.51072
2025-03-10 11:00:00+00:00,116.06223958333334,64.56836
2025-03-10 12:00:00+00:00,70.37771041666666,59.59944
2025-03-10 13:00:00+00:00,38.958373,48.586952
2025-03-10 14:00:00+00:00,35.69446466666667,42.44277
2025-03-10 15:00:00+00:00,32.830424916666665,38.2621
2025-03-10 16:00:00+00:00,31.363493166666668,34.500492
2025-03-10 17:00:00+00:00,28.21517575,32.48693
2025-03-10 18:00:00+00:00,26.524567333333334,31.331762
2025-03-10 19:00:00+00:00,25.0598895,29.340544
2025-03-10 20:00:00+00:00,24.167561666666668,28.4325
2025-03-10 21:00:00+00:00,26.36421841666667,36.61808
2025-03-10 22:00:00+00:00,36.84049266666667,51.026146
2025-03-10 23:00:00+00:00,54.19760783333333,57.529785
2025-03-11 00:00:00+00:00,46.075151250000005,54.09658
2025-03-11 01:00:00+00:00,34.596341,47.989033
2025-03-11 02:00:00+00:00,29.98957366666667,42.466793
2025-03-11 03:00:00+00:00,24.6039,38.706482
2025-03-11 04:00:00+00:00,21.749496750000002,23.166378
2025-03-11 05:00:00+00:00,22.766390583333333,22.237225
2025-03-11 06:00:00+00:00,21.880104250000002,20.853834
2025-03-11 07:00:00+00:00,22.076418083333333,20.92519
2025-03-11 08:00:00+00:00,22.137652666666668,22.564455
2025-03-11 09:00:00+00:00,24.453543250000003,27.08944
2025-03-11 10:00:00+00:00,50.67182616666667,43.463062
2025-03-11 11:00:00+00:00,68.50224691666666,57.334496
2025-03-11 12:00:00+00:00,39.861034249999996,47.5036
2025-03-11 13:00:00+00:00,28.07773991666667,35.94973
2025-03-11 14:00:00+00:00,26.8931335,31.28326
2025-03-11 15:00:00+00:00,26.652386916666668,28.689077
2025-03-11 16:00:00+00:00,26.420081416666665,26.502716
2025-03-11 17:00:00+00:00,25.86506441666667,25.282326
2025-03-11 18:00:00+00:00,25.037942,24.294449
2025-03-11 19:00:00+00:00,24.61776625,24.370573
2025-03-11 20:00:00+00:00,25.377576166666667,26.66024
2025-03-11 21:00:00+00:00,27.71643625,32.585518
2025-03-11 22:00:00+00:00,39.57711533333333,37.89706
2025-03-11 23:00:00+00:00,58.070545083333336,40.533386
2025-03-12 00:00:00+00:00,48.69834,41.52902
2025-03-12 01:00:00+00:00,35.23696525,36.315
2025-03-12 02:00:00+00:00,30.20628225,29.263302
2025-03-12 03:00:00+00:00,27.862756416666667,26.421862
2025-03-12 04:00:00+00:00,29.076464333333334,25.631218
2025-03-12 05:00:00+00:00,30.383421249999994,25.046906
2025-03-12 06:00:00+00:00,30.29078425,24.448296
2025-03-12 07:00:00+00:00,31.08811108333333,23.60051
2025-03-12 08:00:00+00:00,33.3791805,23.739067
2025-03-12 09:00:00+00:00,37.429743083333335,27.837965
2025-03-12 10:00:00+00:00,59.92768,40.008675
2025-03-12 11:00:00+00:00,95.00788908333334,45.825623
2025-03-12 12:00:00+00:00,61.26680916666667,39.703976
2025-03-12 13:00:00+00:00,35.68489591666667,34.755363
2025-03-12 14:00:00+00:00,33.848789000000004,32.624825
2025-03-12 15:00:00+00:00,33.60419875,30.104313
2025-03-12 16:00:00+00:00,32.20302408333333,27.759985
2025-03-12 17:00:00+00:00,32.38089566666667,26.251389
2025-03-12 18:00:00+00:00,30.820504416666665,24.786144
2025-03-12 19:00:00+00:00,30.614685250000004,22.764006
2025-03-12 20:00:00+00:00,32.55873866666666,22.299381
2025-03-12 21:00:00+00:00,38.58477416666667,27.395582
2025-03-12 22:00:00+00:00,57.62474716666667,34.999348
2025-03-12 23:00:00+00:00,78.63189416666667,39.325115
2025-03-13 00:00:00+00:00,65.39879241666667,38.57947
2025-03-13 01:00:00+00:00,51.635500583333325,33.515984
2025-03-13 02:00:00+00:00,44.01772616666667,28.625345
2025-03-13 03:00:00+00:00,36.93159775,26.225382
2025-03-13 04:00:00+00:00,33.08978775,33.353046
2025-03-13 05:00:00+00:00,31.323239333333333,31.767313
2025-03-13 06:00:00+00:00,30.4792075,30.187195
2025-03-13 07:00:00+00:00,30.181913750000003,29.189602
2025-03-13 08:00:00+00:00,30.6207235,29.990189
2025-03-13 09:00:00+00:00,33.72088275,34.71398
2025-03-13 10:00:00+00:00,46.91105291666667,53.57426
2025-03-13 11:00:00+00:00,78.225012,65.34712
2025-03-13 12:00:00+00:00,62.10440941666666,53.082733
2025-03-13 13:00:00+00:00,47.51588133333333,40.637596
2025-03-13 14:00:00+00:00,42.838889083333335,34.327805
2025-03-13 15:00:00+00:00,40.88800283333333,30.482841
2025-03-13 16:00:00+00:00,36.96430433333333,27.551487
2025-03-13 17:00:00+00:00,32.804293666666666,25.835236
2025-03-13 18:00:00+00:00,31.878704,24.651165
2025-03-13 19:00:00+00:00,29.775850416666668,23.843372
2025-03-13 20:00:00+00:00,30.625259416666665,23.989521
2025-03-13 21:00:00+00:00,31.536897416666665,30.963827
2025-03-13 22:00:00+00:00,43.22963808333333,41.887974
2025-03-13 23:00:00+00:00,62.802681833333345,49.38007
2025-03-14 00:00:00+00:00,56.24840575,48.038254
2025-03-14 01:00:00+00:00,39.096407666666664,38.88612
2025-03-14 02:00:00+00:00,31.79986225,32.1637
2025-03-14 03:00:00+00:00,29.166793833333333,29.836498
2025-03-14 04:00:00+00:00,24.370677166666663,27.049538
2025-03-14 05:00:00+00:00,23.957936583333336,26.140932
2025-03-14 06:00:00+00:00,23.14453916666666,24.822407
2025-03-14 07:00:00+00:00,22.958309083333333,23.95019
2025-03-14 08:00:00+00:00,24.008221583333338,24.77675
2025-03-14 09:00:00+00:00,26.684529833333333,27.891743
2025-03-14 10:00:00+00:00,42.80832216666667,42.04236
2025-03-14 11:00:00+00:00,68.64462233333333,54.51574
2025-03-14 12:00:00+00:00,54.21273450000001,47.850674
2025-03-14 13:00:00+00:00,38.816059583333335,39.130352
2025-03-14 14:00:00+00:00,35.23497308333334,35.370266
2025-03-14 15:00:00+00:00,30.478852333333332,32.692482
2025-03-14 16:00:00+00:00,27.079364833333337,30.314484
2025-03-14 17:00:00+00:00,27.330273666666667,28.705116
2025-03-14 18:00:00+00:00,26.723043166666667,27.217545
2025-03-14 19:00:00+00:00,26.195870999999997,25.611456
2025-03-14 20:00:00+00:00,26.47063891666667,25.04713
2025-03-14 21:00:00+00:00,29.55231125,31.321
2025-03-14 22:00:00+00:00,41.83140075,42.00535
2025-03-14 23:00:00+00:00,59.14446275,47.92826
2025-03-15 00:00:00+00:00,45.20452241666666,46.43026
2025-03-15 01:00:00+00:00,35.887472,39.28975
2025-03-15 02:00:00+00:00,29.50772875,32.80217
2025-03-15 03:00:00+00:00,26.89504141666667,30.162529
2025-03-15 04:00:00+00:00,23.828107,25.267788
2025-03-15 05:00:00+00:00,23.77663683333333,24.157215
2025-03-15 06:00:00+00:00,21.738945499999996,23.31025
2025-03-15 07:00:00+00:00,21.626052666666666,22.35215
2025-03-15 08:00:00+00:00,20.957540416666667,22.569374
2025-03-15 09:00:00+00:00,20.27260108333333,26.532536
2025-03-15 10:00:00+00:00,22.935933083333335,39.015892
2025-03-15 11:00:00+00:00,28.4333335,47.498703
2025-03-15 12:00:00+00:00,32.13792783333333,42.083515
2025-03-15 13:00:00+00:00,30.564687083333336,34.3393
2025-03-15 14:00:00+00:00,30.01704616666667,30.506216
2025-03-15 15:00:00+00:00,27.990316500000006,27.479006
2025-03-15 16:00:00+00:00,21.766329083333332,25.049717
2025-03-15 17:00:00+00:00,19.889651833333335,23.748661
2025-03-15 18:00:00+00:00,18.513976583333335,22.664001
2025-03-15 19:00:00+00:00,18.5359935,22.328953
2025-03-15 20:00:00+00:00,19.207750416666666,23.264788
2025-03-15 21:00:00+00:00,21.024175500000002,29.792091
2025-03-15 22:00:00+00:00,26.132644583333327,41.575768
2025-03-15 23:00:00+00:00,35.11526083333333,50.061405
2025-03-16 00:00:00+00:00,33.431128,47.021736
2025-03-16 01:00:00+00:00,29.472546166666664,38.524467
2025-03-16 02:00:00+00:00,26.758804500000004,32.78128
2025-03-16 03:00:00+00:00,23.24539283333333,30.189926
2025-03-16 04:00:00+00:00,21.22921475,22.14378
2025-03-16 05:00:00+00:00,22.552364333333333,21.663322
2025-03-16 06:00:00+00:00,21.441937999999997,20.320473
2025-03-16 07:00:00+00:00,19.652677833333332,18.6144
2025-03-16 08:00:00+00:00,19.441203416666667,18.044806
2025-03-16 09:00:00+00:00,20.458701833333336,20.064272
2025-03-16 10:00:00+00:00,20.994229999999998,30.155697
2025-03-16 11:00:00+00:00,20.958415,38.427864
2025-03-16 12:00:00+00:00,24.474221500000002,35.44861
2025-03-16 13:00:00+00:00,26.658540583333334,32.08084
2025-03-16 14:00:00+00:00,28.16920416666667,30.035374
2025-03-16 15:00:00+00:00,28.641663416666663,27.009205
2025-03-16 16:00:00+00:00,27.911457583333334,24.562265
2025-03-16 17:00:00+00:00,26.458442333333334,23.66677
2025-03-16 18:00:00+00:00,25.128776750000004,23.095041
2025-03-16 19:00:00+00:00,25.17005933333333,22.549385
2025-03-16 20:00:00+00:00,26.536180833333333,23.20726
2025-03-16 21:00:00+00:00,29.462140416666667,28.717443
2025-03-16 22:00:00+00:00,36.55151433333334,36.74201
2025-03-16 23:00:00+00:00,57.32186416666667,43.507042
2025-03-17 00:00:00+00:00,56.16359549999999,43.733925
2025-03-17 01:00:00+00:00,45.665121666666664,37.281635
2025-03-17 02:00:00+00:00,40.829091749999996,31.394066
2025-03-17 03:00:00+00:00,33.37041333333334,28.819778
2025-03-17 04:00:00+00:00,32.065057083333336,30.334406
2025-03-17 05:00:00+00:00,30.986017583333332,29.0752
2025-03-17 06:00:00+00:00,29.522428166666664,28.880074
2025-03-17 07:00:00+00:00,29.34461325,28.434803
2025-03-17 08:00:00+00:00,30.162149166666666,29.365114
2025-03-17 09:00:00+00:00,34.52522091666666,36.427685
2025-03-17 10:00:00+00:00,48.52978058333333,55.952698
2025-03-17 11:00:00+00:00,75.00555566666667,68.99071
2025-03-17 12:00:00+00:00,58.108337500000005,64.756714
2025-03-17 13:00:00+00:00,37.362097416666664,59.443485
2025-03-17 14:00:00+00:00,37.435690916666665,54.805645
2025-03-17 15:00:00+00:00,35.032415916666665,48.665928
2025-03-17 16:00:00+00:00,30.6319605,43.45066
2025-03-17 17:00:00+00:00,28.827795166666665,40.048134
2025-03-17 18:00:00+00:00,27.610886833333335,36.712288
2025-03-17 19:00:00+00:00,25.699966249999996,34.56189
2025-03-17 20:00:00+00:00,25.628622333333336,36.064247
2025-03-17 21:00:00+00:00,27.055169333333335,41.597076
2025-03-17 22:00:00+00:00,39.29541775,55.1566
2025-03-17 23:00:00+00:00,61.755144166666675,71.654526
2025-03-18 00:00:00+00:00,49.15266033333333,71.168106
2025-03-18 01:00:00+00:00,37.158376499999996,56.096622
2025-03-18 02:00:00+00:00,32.43930483333333,44.876244
2025-03-18 03:00:00+00:00,28.340624833333333,40.018436
2025-03-18 04:00:00+00:00,28.5233695,25.834732
2025-03-18 05:00:00+00:00,26.210528833333335,24.481886
2025-03-18 06:00:00+00:00,26.353277333333335,23.92438
2025-03-18 07:00:00+00:00,26.18244758333333,23.095562
2025-03-18 08:00:00+00:00,26.795491416666664,24.302782
2025-03-18 09:00:00+00:00,32.323258583333335,31.453274
2025-03-18 10:00:00+00:00,69.17958208333333,49.420547
2025-03-18 11:00:00+00:00,102.34841041666667,59.015038
2025-03-18 12:00:00+00:00,42.404302083333334,49.6254
2025-03-18 13:00:00+00:00,33.30414183333333,40.07223
2025-03-18 14:00:00+00:00,31.479438916666666,34.742847
2025-03-18 15:00:00+00:00,29.234946333333337,30.951567
2025-03-18 16:00:00+00:00,27.05344325,28.223984
2025-03-18 17:00:00+00:00,24.3249015,26.393482
2025-03-18 18:00:00+00:00,22.685586999999995,25.365574
2025-03-18 19:00:00+00:00,21.962975166666666,24.080978
2025-03-18 20:00:00+00:00,21.336708333333334,23.575344
2025-03-18 21:00:00+00:00,24.011174333333333,29.658613
2025-03-18 22:00:00+00:00,43.251347083333336,41.54042
2025-03-18 23:00:00+00:00,55.34412941666667,51.423737
2025-03-19 00:00:00+00:00,46.06760008333333,48.974213
2025-03-19 01:00:00+00:00,35.9204175,38.34516
2025-03-19 02:00:00+00:00,32.06934858333333,31.295925
2025-03-19 03:00:00+00:00,25.505573666666667,28.370474
2025-03-19 04:00:00+00:00,22.395333333333337,23.58081
2025-03-19 05:00:00+00:00,22.769014499999997,22.399334
2025-03-19 06:00:00+00:00,22.32421725,21.045742
2025-03-19 07:00:00+00:00,21.826162583333335,21.23299
2025-03-19 08:00:00+00:00,19.936447666666666,23.044214
2025-03-19 09:00:00+00:00,22.82867758333333,28.866016
2025-03-19 10:00:00+00:00,43.389905333333324,47.956825
2025-03-19 11:00:00+00:00,61.516858250000006,55.97068
2025-03-19 12:00:00+00:00,35.18822975,42.009457
2025-03-19 13:00:00+00:00,24.9666965,31.486736
2025-03-19 14:00:00+00:00,24.216099416666665,26.546879
2025-03-19 15:00:00+00:00,22.638628999999998,23.219942
2025-03-19 16:00:00+00:00,23.24037758333333,20.997946
2025-03-19 17:00:00+00:00,23.881861083333334,19.55084
2025-03-19 18:00:00+00:00,23.190552166666667,18.07519
2025-03-19 19:00:00+00:00,23.347127583333332,16.476685
2025-03-19 20:00:00+00:00,25.13808591666667,17.824646
2025-03-19 21:00:00+00:00,28.365901749999995,24.67949
2025-03-19 22:00:00+00:00,36.55106025,32.394592
2025-03-19 23:00:00+00:00,50.9468115,37.689827
2025-03-20 00:00:00+00:00,47.16354516666666,38.08748
2025-03-20 01:00:00+00:00,34.08956025,31.027527
2025-03-20 02:00:00+00:00,28.557072166666668,25.3344
2025-03-20 03:00:00+00:00,25.516212583333335,23.288532
2025-03-20 04:00:00+00:00,22.597278749999997,22.982574
2025-03-20 05:00:00+00:00,24.689785083333334,22.336235
2025-03-20 06:00:00+00:00,22.099143583333333,21.260376
2025-03-20 07:00:00+00:00,20.724224083333336,20.924728
2025-03-20 08:00:00+00:00,21.532383499999995,21.390865
2025-03-20 09:00:00+00:00,25.099510416666664,25.694618
2025-03-20 10:00:00+00:00,40.0357615,41.779156
2025-03-20 11:00:00+00:00,48.11164766666666,50.249363
2025-03-20 12:00:00+00:00,43.925860666666665,41.7739
2025-03-20 13:00:00+00:00,42.962616749999995,35.643555
2025-03-20 14:00:00+00:00,41.36635916666666,33.220055
2025-03-20 15:00:00+00:00,38.99231758333333,30.755093
2025-03-20 16:00:00+00:00,35.96523258333333,28.541994
2025-03-20 17:00:00+00:00,36.311458916666666,27.480242
2025-03-20 18:00:00+00:00,33.11456833333333,25.970526
2025-03-20 19:00:00+00:00,31.933059666666665,23.696663
2025-03-20 20:00:00+00:00,33.51970691666667,23.936329
2025-03-20 21:00:00+00:00,35.21631366666667,29.799038
2025-03-20 22:00:00+00:00,43.24941433333334,36.646084
2025-03-20 23:00:00+00:00,71.30722241666668,40.66651
2025-03-21 00:00:00+00:00,74.04889233333334,39.772106
2025-03-21 01:00:00+00:00,56.18800708333333,32.55224
2025-03-21 02:00:00+00:00,49.26428041666667,26.772322
2025-03-21 03:00:00+00:00,43.31976541666666,24.42858
2025-03-21 04:00:00+00:00,36.33042008333333,38.30484
2025-03-21 05:00:00+00:00,32.89429575,36.1855
2025-03-21 06:00:00+00:00,31.2178945,33.94046
2025-03-21 07:00:00+00:00,32.14123266666667,32.0975
2025-03-21 08:00:00+00:00,27.255418833333334,31.821762
2025-03-21 09:00:00+00:00,31.345023333333334,38.701973
2025-03-21 10:00:00+00:00,65.90699575000001,60.255074
2025-03-21 11:00:00+00:00,86.64176708333333,69.55081
2025-03-21 12:00:00+00:00,36.95884275,60.899048
2025-03-21 13:00:00+00:00,29.80802475,53.966415
2025-03-21 14:00:00+00:00,27.809907083333332,48.433437
2025-03-21 15:00:00+00:00,23.746474916666667,42.547848
2025-03-21 16:00:00+00:00,22.785999416666666,37.788208
2025-03-21 17:00:00+00:00,20.59740125,34.690056
2025-03-21 18:00:00+00:00,19.708181500000002,31.764088
2025-03-21 19:00:00+00:00,19.081672833333332,28.747923
2025-03-21 20:00:00+00:00,22.02542575,27.47866
2025-03-21 21:00:00+00:00,25.294070916666666,30.128881
2025-03-21 22:00:00+00:00,38.57332241666666,39.129585
2025-03-21 23:00:00+00:00,53.40923158333333,53.688034
2025-03-22 00:00:00+00:00,42.056086666666666,56.327286
2025-03-22 01:00:00+00:00,36.141340916666664,44.71763
2025-03-22 02:00:00+00:00,35.1296245,36.811893
2025-03-22 03:00:00+00:00,29.460137416666665,34.37622
2025-03-22 04:00:00+00:00,28.18885366666667,27.166485
2025-03-22 05:00:00+00:00,29.288465083333335,25.465324
2025-03-22 06:00:00+00:00,28.107395416666666,23.641756
2025-03-22 07:00:00+00:00,28.17936208333333,22.416996
2025-03-22 08:00:00+00:00,29.99819125,22.44234
2025-03-22 09:00:00+00:00,31.01220933333333,27.639866
2025-03-22 10:00:00+00:00,34.009662416666664,42.29313
2025-03-22 11:00:00+00:00,41.46781908333333,45.293354
2025-03-22 12:00:00+00:00,37.09737225,33.84725
2025-03-22 13:00:00+00:00,30.966999166666668,26.708431
2025-03-22 14:00:00+00:00,33.400935583333336,22.905807
2025-03-22 15:00:00+00:00,30.163566083333336,19.596264
2025-03-22 16:00:00+00:00,27.196118333333335,17.414658
2025-03-22 17:00:00+00:00,25.097141500000003,16.700373
2025-03-22 18:00:00+00:00,23.350090416666664,16.034687
2025-03-22 19:00:00+00:00,21.93989991666666,15.385895
2025-03-22 20:00:00+00:00,22.705303083333334,17.257679
2025-03-22 21:00:00+00:00,24.975749833333335,22.025932
2025-03-22 22:00:00+00:00,35.67928808333334,26.305248
2025-03-22 23:00:00+00:00,59.8882695,31.828802
2025-03-23 00:00:00+00:00,53.02135425,34.391685
2025-03-23 01:00:00+00:00,36.73671041666667,29.681007
2025-03-23 02:00:00+00:00,32.61480016666667,25.602688
2025-03-23 03:00:00+00:00,30.330754000000002,24.069424
2025-03-23 04:00:00+00:00,26.76517191666666,28.109766
2025-03-23 05:00:00+00:00,26.818176500000003,27.017342
2025-03-23 06:00:00+00:00,25.024078666666668,25.933098
2025-03-23 07:00:00+00:00,23.44404516666667,24.408829
2025-03-23 08:00:00+00:00,24.116710333333334,23.804962
2025-03-23 09:00:00+00:00,25.87000458333333,28.48424
2025-03-23 10:00:00+00:00,28.91859858333334,39.579865
2025-03-23 11:00:00+00:00,34.728276666666666,42.808628
2025-03-23 12:00:00+00:00,27.9305555,37.95515
2025-03-23 13:00:00+00:00,23.899620666666667,34.33414
2025-03-23 14:00:00+00:00,23.67320475,32.038258
2025-03-23 15:00:00+00:00,22.0338295,29.347342
2025-03-23 16:00:00+00:00,21.627344416666666,26.557693
2025-03-23 17:00:00+00:00,20.749602416666665,25.408329
2025-03-23 18:00:00+00:00,20.15696525,24.182072
2025-03-23 19:00:00+00:00,20.7405095,22.019009
2025-03-23 20:00:00+00:00,23.559099166666662,21.822855
2025-03-23 21:00:00+00:00,27.742416916666667,26.812492
2025-03-23 22:00:00+00:00,33.71113508333333,37.289806
2025-03-23 23:00:00+00:00,37.572543833333334,48.42959
2025-03-24 00:00:00+00:00,38.054300500000004,47.593758
2025-03-24 01:00:00+00:00,32.763328,38.497704
2025-03-24 02:00:00+00:00,28.776165083333336,32.84968
2025-03-24 03:00:00+00:00,27.676312916666667,29.98271
2025-03-24 04:00:00+00:00,26.057047416666663,25.601562
2025-03-24 05:00:00+00:00,26.543048583333334,24.606619
2025-03-24 06:00:00+00:00,26.2606715,23.625885
2025-03-24 07:00:00+00:00,24.423528,23.014744
2025-03-24 08:00:00+00:00,23.819314000000006,22.888721
2025-03-24 09:00:00+00:00,28.645726666666665,28.05186
2025-03-24 10:00:00+00:00,38.355393,40.379158
2025-03-24 11:00:00+00:00,50.563247749999995,43.105583
2025-03-24 12:00:00+00:00,43.57436691666667,36.855873
2025-03-24 13:00:00+00:00,40.755091666666665,33.58587
2025-03-24 14:00:00+00:00,39.67082175,31.61371
2025-03-24 15:00:00+00:00,36.21161125,28.827568
2025-03-24 16:00:00+00:00,33.80917833333333,26.374138
2025-03-24 17:00:00+00:00,29.789097333333334,25.335146
2025-03-24 18:00:00+00:00,26.24758266666667,23.929409
2025-03-24 19:00:00+00:00,25.08827666666667,22.07706
2025-03-24 20:00:00+00:00,24.55268858333333,23.368134
2025-03-24 21:00:00+00:00,27.516133749999998,28.309097
2025-03-24 22:00:00+00:00,32.28867725,36.11094
2025-03-24 23:00:00+00:00,54.48911366666666,44.02653
2025-03-25 00:00:00+00:00,59.72731708333333,42.95245
2025-03-25 01:00:00+00:00,44.88688258333334,35.565144
2025-03-25 02:00:00+00:00,35.33386866666667,31.372692
2025-03-25 03:00:00+00:00,33.77267066666666,29.129421
2025-03-25 04:00:00+00:00,33.257165416666666,31.171211
2025-03-25 05:00:00+00:00,34.78429408333333,28.671112
2025-03-25 06:00:00+00:00,33.21564033333333,27.120687
2025-03-25 07:00:00+00:00,35.30068841666667,26.57029
2025-03-25 08:00:00+00:00,34.69993016666667,27.05226
2025-03-25 09:00:00+00:00,39.375137583333334,33.10815
2025-03-25 10:00:00+00:00,68.50092066666667,52.89911
2025-03-25 11:00:00+00:00,81.73324908333333,58.198925
2025-03-25 12:00:00+00:00,46.235900416666674,46.129658
2025-03-25 13:00:00+00:00,38.74505933333334,40.0492
2025-03-25 14:00:00+00:00,37.61982533333333,36.195126
2025-03-25 15:00:00+00:00,36.471857916666664,30.79075
2025-03-25 16:00:00+00:00,34.881469333333335,27.8601
2025-03-25 17:00:00+00:00,33.01385691666667,26.091833
2025-03-25 18:00:00+00:00,31.909792916666664,24.237816
2025-03-25 19:00:00+00:00,30.976555666666666,22.059864
2025-03-25 20:00:00+00:00,31.033840666666666,22.267366
2025-03-25 21:00:00+00:00,34.42436925,25.110573
2025-03-25 22:00:00+00:00,43.89750258333334,31.388247
2025-03-25 23:00:00+00:00,65.7354265,43.288338
2025-03-26 00:00:00+00:00,67.24786608333334,47.38105
2025-03-26 01:00:00+00:00,53.53035608333334,37.751568
2025-03-26 02:00:00+00:00,43.80723475,31.155949
2025-03-26 03:00:00+00:00,37.65187783333334,30.009493
2025-03-26 04:00:00+00:00,37.58041025,34.053802
2025-03-26 05:00:00+00:00,35.75949008333333,31.49884
2025-03-26 06:00:00+00:00,34.57156616666666,30.435534
2025-03-26 07:00:00+00:00,33.685218166666665,30.024399
2025-03-26 08:00:00+00:00,35.19068266666667,30.431553
2025-03-26 09:00:00+00:00,41.33424075,39.066784
2025-03-26 10:00:00+00:00,64.9280455,58.06864
2025-03-26 11:00:00+00:00,85.36385166666666,59.477875
2025-03-26 12:00:00+00:00,45.73599016666666,46.68849
2025-03-26 13:00:00+00:00,35.27736425,39.31173
2025-03-26 14:00:00+00:00,34.18865183333333,35.15259
2025-03-26 15:00:00+00:00,33.053151750000005,31.620417
2025-03-26 16:00:00+00:00,31.048113666666666,29.47382
2025-03-26 17:00:00+00:00,29.21555475,28.371458
2025-03-26 18:00:00+00:00,29.048006833333336,27.361404
2025-03-26 19:00:00+00:00,28.50079658333333,26.063679
2025-03-26 20:00:00+00:00,29.11450683333333,27.043749
2025-03-26 21:00:00+00:00,30.765584500000006,29.48869
2025-03-26 22:00:00+00:00,47.726173749999994,35.834408
2025-03-26 23:00:00+00:00,82.66329708333333,48.190414
2025-03-27 00:00:00+00:00,69.00441008333333,51.261784
2025-03-27 01:00:00+00:00,55.619933416666676,41.260685
2025-03-27 02:00:00+00:00,48.97043766666667,34.624706
2025-03-27 03:00:00+00:00,42.992200833333335,32.23476
2025-03-27 04:00:00+00:00,38.88981483333333,39.299683
2025-03-27 05:00:00+00:00,38.772412833333334,36.76554
2025-03-27 06:00:00+00:00,37.862616,35.423576
2025-03-27 07:00:00+00:00,36.979707166666664,35.104736
2025-03-27 08:00:00+00:00,36.15980458333333,36.446644
2025-03-27 09:00:00+00:00,43.93362866666667,45.118355
2025-03-27 10:00:00+00:00,86.5683805,66.687386
2025-03-27 11:00:00+00:00,112.586314,68.91885
2025-03-27 12:00:00+00:00,48.978640166666665,53.837196
2025-03-27 13:00:00+00:00,35.495236166666665,44.34046
2025-03-27 14:00:00+00:00,33.588405,37.833885
2025-03-27 15:00:00+00:00,32.82597208333333,32.555637
2025-03-27 16:00:00+00:00,31.07894075,29.796787
2025-03-27 17:00:00+00:00,29.91981216666667,28.306519
2025-03-27 18:00:00+00:00,28.095554333333336,27.202023
2025-03-27 19:00:00+00:00,27.435365833333332,25.924366
2025-03-27 20:00:00+00:00,29.268892833333332,26.952507
2025-03-27 21:00:00+00:00,31.480130249999995,30.920414
2025-03-27 22:00:00+00:00,42.892892749999994,39.481503
2025-03-27 23:00:00+00:00,62.23245758333334,53.264267
2025-03-28 00:00:00+00:00,50.87334358333334,56.019142
2025-03-28 01:00:00+00:00,39.50871166666666,44.795692
2025-03-28 02:00:00+00:00,33.81215733333333,38.221058
2025-03-28 03:00:00+00:00,31.105557083333338,36.767323
2025-03-28 04:00:00+00:00,28.633183166666665,29.142712
2025-03-28 05:00:00+00:00,29.20606475,27.542976
2025-03-28 06:00:00+00:00,27.700322166666666,26.251661
2025-03-28 07:00:00+00:00,26.823711,26.254128
2025-03-28 08:00:00+00:00,27.757461666666668,27.23465
2025-03-28 09:00:00+00:00,31.42370633333333,35.87138
2025-03-28 10:00:00+00:00,45.24702083333333,57.28249
2025-03-28 11:00:00+00:00,58.08671466666666,59.10862
2025-03-28 12:00:00+00:00,43.919958333333334,43.163525
2025-03-28 13:00:00+00:00,39.24434766666666,34.508286
2025-03-28 14:00:00+00:00,34.81971983333333,30.513365
2025-03-28 15:00:00+00:00,33.920119416666665,27.072409
2025-03-28 16:00:00+00:00,30.499947083333335,24.651457
2025-03-28 17:00:00+00:00,29.930415666666665,23.753895
2025-03-28 18:00:00+00:00,27.25182916666667,23.16404
2025-03-28 19:00:00+00:00,26.995603916666667,22.16635
2025-03-28 20:00:00+00:00,26.058619083333337,24.497524
2025-03-28 21:00:00+00:00,27.061000166666666,29.179836
2025-03-28 22:00:00+00:00,30.71246041666667,35.106796
2025-03-28 23:00:00+00:00,35.951347166666665,44.20657
2025-03-29 00:00:00+00:00,34.008751833333335,47.16273
2025-03-29 01:00:00+00:00,30.660711833333334,38.986458
2025-03-29 02:00:00+00:00,27.105104333333333,33.331127
2025-03-29 03:00:00+00:00,24.257281500000005,31.470955
2025-03-29 04:00:00+00:00,25.625848,23.024437
2025-03-29 05:00:00+00:00,24.42943108333333,22.34691
2025-03-29 06:00:00+00:00,22.417052500000004,21.169508
2025-03-29 07:00:00+00:00,22.21428908333333,20.75409
2025-03-29 08:00:00+00:00,22.39567575,20.944191
2025-03-29 09:00:00+00:00,23.591796083333335,24.393677
2025-03-29 10:00:00+00:00,26.86183641666667,36.971195
2025-03-29 11:00:00+00:00,29.710133416666665,42.0051
2025-03-29 12:00:00+00:00,29.89832758333333,35.240906
2025-03-29 13:00:00+00:00,29.27684325,32.15124
2025-03-29 14:00:00+00:00,29.015850999999998,30.735203
2025-03-29 15:00:00+00:00,27.441859333333337,28.363037
2025-03-29 16:00:00+00:00,26.783572583333335,26.50911
2025-03-29 17:00:00+00:00,27.358211083333334,25.687763
2025-03-29 18:00:00+00:00,28.245008916666666,24.148043
2025-03-29 19:00:00+00:00,28.239107666666666,22.499767
2025-03-29 20:00:00+00:00,30.665149583333328,23.503643
2025-03-29 21:00:00+00:00,34.3729145,27.793507
2025-03-29 22:00:00+00:00,41.29907008333333,32.098866
2025-03-29 23:00:00+00:00,53.44734675,38.01347
2025-03-30 00:00:00+00:00,48.76220408333333,41.321064
2025-03-30 01:00:00+00:00,35.57735808333333,36.56156
2025-03-30 02:00:00+00:00,30.677043416666667,31.630917
2025-03-30 03:00:00+00:00,30.310062666666667,29.93177
2025-03-30 04:00:00+00:00,29.615766833333335,29.020844
2025-03-30 05:00:00+00:00,27.548256249999998,28.318039
2025-03-30 06:00:00+00:00,22.793363083333332,27.394815
2025-03-30 07:00:00+00:00,22.460441166666662,26.194706
2025-03-30 08:00:00+00:00,21.254242083333335,25.581226
2025-03-30 09:00:00+00:00,22.382104416666667,29.219023
2025-03-30 10:00:00+00:00,25.321365333333333,37.268627
2025-03-30 11:00:00+00:00,24.901847249999996,39.37356
2025-03-30 12:00:00+00:00,26.90973741666667,35.897167
2025-03-30 13:00:00+00:00,28.182813666666668,32.924118
2025-03-30 14:00:00+00:00,30.485628833333337,30.806707
2025-03-30 15:00:00+00:00,28.450437500000003,28.63396
2025-03-30 16:00:00+00:00,27.97679325,26.556217
2025-03-30 17:00:00+00:00,27.468296249999998,25.679548
2025-03-30 18:00:00+00:00,27.577152749999996,24.469528
2025-03-30 19:00:00+00:00,28.695572749999997,24.207642
2025-03-30 20:00:00+00:00,31.597279416666666,25.487799
2025-03-30 21:00:00+00:00,34.35352341666667,29.256672
2025-03-30 22:00:00+00:00,35.960153166666665,37.847553
2025-03-30 23:00:00+00:00,44.78486616666666,46.679466
2025-03-31 00:00:00+00:00,42.57662200000001,43.85245
2025-03-31 01:00:00+00:00,33.96517583333333,35.290977
2025-03-31 02:00:00+00:00,30.487790750000002,30.068144
2025-03-31 03:00:00+00:00,27.105471333333334,27.6064
2025-03-31 04:00:00+00:00,27.249108796666665,26.393276
2025-03-31 05:00:00+00:00,27.39274626,25.452332
2025-03-31 06:00:00+00:00,27.53638372333333,24.874102
2025-04-01 04:00:00+00:00,30.69640791666667,24.635519
2025-04-01 05:00:00+00:00,28.033420083333336,24.6008
2025-04-01 06:00:00+00:00,26.560111250000002,29.335869
2025-04-01 07:00:00+00:00,26.38070225,39.395245
2025-04-01 08:00:00+00:00,27.094653500000003,40.294014
2025-04-01 09:00:00+00:00,28.224545250000002,36.46959
2025-04-01 10:00:00+00:00,48.327204916666666,37.637737
2025-04-01 11:00:00+00:00,58.212467000000004,38.307396
2025-04-01 12:00:00+00:00,38.045969,34.823845
2025-04-01 13:00:00+00:00,30.642506166666664,32.24065
2025-04-01 14:00:00+00:00,29.908805333333333,31.24305
2025-04-01 15:00:00+00:00,28.819647833333338,29.798437
2025-04-01 16:00:00+00:00,27.698724000000002,28.330582
2025-04-01 17:00:00+00:00,26.494111750000005,29.73521
2025-04-01 18:00:00+00:00,25.521702833333332,32.160355
2025-04-01 19:00:00+00:00,25.018195666666667,35.842632
2025-04-01 20:00:00+00:00,24.20318333333333,43.224068
2025-04-01 21:00:00+00:00,25.592317166666664,44.86562
2025-04-01 22:00:00+00:00,36.07975875,37.09479
2025-04-01 23:00:00+00:00,61.885338499999996,30.29253
2025-04-02 00:00:00+00:00,50.28314633333333,27.35066
2025-04-02 01:00:00+00:00,36.77189716666667,42.143
2025-04-02 02:00:00+00:00,32.29281191666667,34.92389
2025-04-02 03:00:00+00:00,24.900406583333332,32.371166
2025-04-02 04:00:00+00:00,26.38827483333333,30.70106
2025-04-02 05:00:00+00:00,27.326630499999997,29.341713
2025-04-02 06:00:00+00:00,26.586717583333336,28.525248
2025-04-02 07:00:00+00:00,25.298684166666668,29.141846
2025-04-02 08:00:00+00:00,26.977911000000002,29.953787
2025-04-02 09:00:00+00:00,27.87510408333333,32.89409
2025-04-02 10:00:00+00:00,44.71914916666666,45.58536
2025-04-02 11:00:00+00:00,57.84560941666666,51.598885
2025-04-02 12:00:00+00:00,43.097755,43.04625
2025-04-02 13:00:00+00:00,37.60360058333333,35.206696
2025-04-02 14:00:00+00:00,35.519662000000004,29.957594
2025-04-02 15:00:00+00:00,34.07975233333334,26.82201
2025-04-02 16:00:00+00:00,33.63396575,24.686386
2025-04-02 17:00:00+00:00,34.488315916666664,23.778168
2025-04-02 18:00:00+00:00,33.41704191666667,23.547085
2025-04-02 19:00:00+00:00,33.64901841666667,23.897442
2025-04-02 20:00:00+00:00,35.4023125,26.461092
2025-04-02 21:00:00+00:00,39.06429466666667,32.404514
2025-04-02 22:00:00+00:00,45.3276625,37.80669
2025-04-02 23:00:00+00:00,51.53495591666667,42.666927
2025-04-03 00:00:00+00:00,55.5743,45.91342
2025-04-03 01:00:00+00:00,44.864644166666665,45.420647
2025-04-03 02:00:00+00:00,37.013681999999996,39.381214
2025-04-03 03:00:00+00:00,30.799675750000002,35.49783
2025-04-03 04:00:00+00:00,25.80001541666667,33.075344
2025-04-03 05:00:00+00:00,24.688427666666666,31.625511
2025-04-03 06:00:00+00:00,22.786137666666665,31.188519
2025-04-03 07:00:00+00:00,22.817186416666665,32.27112
2025-04-03 08:00:00+00:00,24.3398045,32.346455
2025-04-03 09:00:00+00:00,27.0727625,35.485306
2025-04-03 10:00:00+00:00,35.000508583333335,45.131374
2025-04-03 11:00:00+00:00,44.10884308333333,49.73864
2025-04-03 12:00:00+00:00,43.092586250000004,44.64585
2025-04-03 13:00:00+00:00,43.007322083333335,40.821564
2025-04-03 14:00:00+00:00,39.83604316666666,38.489662
2025-04-03 15:00:00+00:00,40.59492916666667,36.75863
2025-04-03 16:00:00+00:00,39.814508,35.6119
2025-04-03 17:00:00+00:00,40.57689283333334,35.327682
2025-04-03 18:00:00+00:00,39.32156858333333,34.214275
2025-04-03 19:00:00+00:00,39.94918558333333,35.288254
2025-04-03 20:00:00+00:00,41.2060005,41.32004
2025-04-03 21:00:00+00:00,47.038620583333326,44.38807
2025-04-03 22:00:00+00:00,54.284771250000006,43.8059
2025-04-03 23:00:00+00:00,74.74020900000001,46.826694
2025-04-04 00:00:00+00:00,72.01266625,49.049507
2025-04-04 01:00:00+00:00,51.703408083333336,55.068764
2025-04-04 02:00:00+00:00,45.66288125,44.380188
2025-04-04 03:00:00+00:00,38.07946508333333,36.949116
2025-04-04 04:00:00+00:00,34.1649205,32.130882
2025-04-04 05:00:00+00:00,33.874687333333334,28.766138
2025-04-04 06:00:00+00:00,31.311561833333336,26.258602
2025-04-04 07:00:00+00:00,31.08928416666667,25.064814
2025-04-04 08:00:00+00:00,32.12655575,24.275127
2025-04-04 09:00:00+00:00,33.31113,25.528652
2025-04-04 10:00:00+00:00,40.21747875,33.421738
2025-04-04 11:00:00+00:00,48.78093974999999,40.845837
2025-04-04 12:00:00+00:00,46.560466999999996,38.836388
2025-04-04 13:00:00+00:00,46.5764175,35.695084
2025-04-04 14:00:00+00:00,50.20173716666666,35.13787
2025-04-04 15:00:00+00:00,45.987186916666666,34.292004
2025-04-04 16:00:00+00:00,46.71185141666667,33.19762
2025-04-04 17:00:00+00:00,45.62356675,32.768803
2025-04-04 18:00:00+00:00,44.04560433333333,32.91448
2025-04-04 19:00:00+00:00,41.757927583333334,34.49977
2025-04-04 20:00:00+00:00,44.05672933333333,37.080734
2025-04-04 21:00:00+00:00,42.277546083333334,42.478355
2025-04-04 22:00:00+00:00,42.587923583333335,49.783997
2025-04-04 23:00:00+00:00,46.705193333333334,57.2201
2025-04-05 00:00:00+00:00,46.88647591666666,61.594696
2025-04-05 01:00:00+00:00,38.07097516666666,41.329426
2025-04-05 02:00:00+00:00,35.87090941666667,36.28681
2025-04-05 03:00:00+00:00,32.25599583333334,32.976746
2025-04-05 04:00:00+00:00,37.788178583333334,30.788244
2025-04-05 05:00:00+00:00,35.652523583333334,29.592224
2025-04-05 06:00:00+00:00,30.692186583333335,28.571495
2025-04-05 07:00:00+00:00,28.511897666666666,27.846554
2025-04-05 08:00:00+00:00,28.360268416666667,28.395922
2025-04-05 09:00:00+00:00,29.45620975,30.08212
2025-04-05 10:00:00+00:00,30.872608083333333,34.078156
2025-04-05 11:00:00+00:00,33.526194249999996,39.138412
2025-04-05 12:00:00+00:00,39.072024166666665,40.413593
2025-04-05 13:00:00+00:00,38.674875416666666,39.829308
2025-04-05 14:00:00+00:00,40.500524250000005,40.219604
2025-04-05 15:00:00+00:00,41.46674483333333,39.863243
2025-04-05 16:00:00+00:00,38.711723416666665,38.53701
2025-04-05 17:00:00+00:00,36.604913583333335,37.26318
2025-04-05 18:00:00+00:00,35.14143558333333,36.514084
2025-04-05 19:00:00+00:00,35.3010195,36.322884
2025-04-05 20:00:00+00:00,39.27230266666667,36.975304
2025-04-05 21:00:00+00:00,40.144590083333334,39.675663
2025-04-05 22:00:00+00:00,45.48895691666667,42.133095
2025-04-05 23:00:00+00:00,52.84404491666666,43.9501
2025-04-06 00:00:00+00:00,50.467097,45.16843
2025-04-06 01:00:00+00:00,45.5762145,43.2537
2025-04-06 02:00:00+00:00,38.92713066666666,38.259792
2025-04-06 03:00:00+00:00,38.01877891666667,35.38606
2025-04-06 04:00:00+00:00,41.04896225,32.766155
2025-04-06 05:00:00+00:00,38.284106666666666,31.362366
2025-04-06 06:00:00+00:00,31.737233333333332,29.72554
2025-04-06 07:00:00+00:00,31.9046865,28.337643
2025-04-06 08:00:00+00:00,32.068958,26.978756
2025-04-06 09:00:00+00:00,32.120224666666665,27.846737
2025-04-06 10:00:00+00:00,33.53432166666666,33.2189
2025-04-06 11:00:00+00:00,36.32365266666667,38.182854
2025-04-06 12:00:00+00:00,36.769088583333335,38.9792
2025-04-06 13:00:00+00:00,39.96357858333334,38.53225
2025-04-06 14:00:00+00:00,42.53244433333333,38.025463
2025-04-06 15:00:00+00:00,42.55043608333333,37.542923
2025-04-06 16:00:00+00:00,43.49233841666666,37.090508
2025-04-06 17:00:00+00:00,43.214931666666665,36.49305
2025-04-06 18:00:00+00:00,42.77187816666666,36.688934
2025-04-06 19:00:00+00:00,43.34231125,36.913563
2025-04-06 20:00:00+00:00,43.28288075000001,38.080204
2025-04-06 21:00:00+00:00,48.88574366666667,42.02017
2025-04-06 22:00:00+00:00,55.662269,47.79738
2025-04-06 23:00:00+00:00,70.10721141666666,52.28826
2025-04-07 00:00:00+00:00,72.10783158333332,51.536293
2025-04-07 01:00:00+00:00,62.657478000000005,58.202038
2025-04-07 02:00:00+00:00,52.94431733333334,46.459045
2025-04-07 03:00:00+00:00,44.28433700000001,41.834377
2025-04-07 04:00:00+00:00,42.721387416666666,39.197063
2025-04-07 05:00:00+00:00,37.65320883333333,37.580563
2025-04-07 06:00:00+00:00,32.64908308333333,35.685387
2025-04-07 07:00:00+00:00,31.819437166666663,34.11048
2025-04-07 08:00:00+00:00,34.521994416666665,33.672165
2025-04-07 09:00:00+00:00,41.289529083333335,35.157303
2025-04-07 10:00:00+00:00,56.04089325000001,41.085938
2025-04-07 11:00:00+00:00,66.40760966666666,46.405647
2025-04-07 12:00:00+00:00,66.79453158333332,47.159897
2025-04-07 13:00:00+00:00,63.061113416666664,46.313354
2025-04-07 14:00:00+00:00,57.723452083333335,44.88258
2025-04-07 15:00:00+00:00,52.9684875,43.24308
2025-04-07 16:00:00+00:00,47.32731116666667,42.401318
2025-04-07 17:00:00+00:00,44.227744166666675,41.51986
2025-04-07 18:00:00+00:00,45.15080183333334,40.493305
2025-04-07 19:00:00+00:00,44.45628666666667,39.278698
2025-04-07 20:00:00+00:00,45.455182083333334,39.53233
2025-04-07 21:00:00+00:00,44.654783,43.304974
2025-04-07 22:00:00+00:00,52.23309141666667,50.598465
2025-04-07 23:00:00+00:00,72.37152541666667,60.222923
2025-04-08 00:00:00+00:00,89.49210416666666,62.800545
2025-04-08 01:00:00+00:00,72.17036816666666,64.50935
2025-04-08 02:00:00+00:00,62.97118533333333,53.127403
2025-04-08 03:00:00+00:00,54.91941816666667,45.909588
2025-04-08 04:00:00+00:00,45.37764924999999,41.266777
2025-04-08 05:00:00+00:00,42.93329458333332,39.52658
2025-04-08 06:00:00+00:00,42.104651999999994,38.039654
2025-04-08 07:00:00+00:00,43.67080683333333,38.197865
2025-04-08 08:00:00+00:00,45.416813,39.82966
2025-04-08 09:00:00+00:00,56.54461083333333,45.221004
2025-04-08 10:00:00+00:00,104.81364916666666,58.69796
2025-04-08 11:00:00+00:00,112.32032791666666,67.43562
2025-04-08 12:00:00+00:00,61.91943166666667,65.03286
2025-04-08 13:00:00+00:00,47.58849708333333,60.19213
2025-04-08 14:00:00+00:00,43.29999541666666,55.691566
2025-04-08 15:00:00+00:00,40.28283583333333,51.32705
2025-04-08 16:00:00+00:00,37.30111541666667,47.909664
2025-04-08 17:00:00+00:00,35.435864083333335,45.055885
2025-04-08 18:00:00+00:00,33.451371583333334,42.577137
2025-04-08 19:00:00+00:00,32.33492866666666,41.090485
2025-04-08 20:00:00+00:00,32.424968666666665,41.27551
2025-04-08 21:00:00+00:00,36.89438858333333,43.817825
2025-04-08 22:00:00+00:00,50.09034799999999,50.65386
2025-04-08 23:00:00+00:00,91.38749725,63.95236
2025-04-09 00:00:00+00:00,113.16549099999999,71.54539
2025-04-09 01:00:00+00:00,72.61870041666667,76.571465
2025-04-09 02:00:00+00:00,66.54279241666667,62.614456
2025-04-09 03:00:00+00:00,60.04339316666667,52.7541
2025-04-09 04:00:00+00:00,53.55496291666667,46.50948
2025-04-09 05:00:00+00:00,49.69392066666666,43.23165
2025-04-09 06:00:00+00:00,47.48222258333334,39.84677
2025-04-09 07:00:00+00:00,47.086711,39.00847
2025-04-09 08:00:00+00:00,47.52702133333333,42.31989
2025-04-09 09:00:00+00:00,56.47516575000001,54.752724
2025-04-09 10:00:00+00:00,121.04365083333333,79.76158
2025-04-09 11:00:00+00:00,138.25383708333334,85.86212
2025-04-09 12:00:00+00:00,57.16383616666667,70.738396
2025-04-09 13:00:00+00:00,37.972473666666666,57.448757
2025-04-09 14:00:00+00:00,33.341642,49.793907
2025-04-09 15:00:00+00:00,31.932829416666664,44.113125
2025-04-09 16:00:00+00:00,31.2086415,39.76906
2025-04-09 17:00:00+00:00,30.640898000000004,37.216263
2025-04-09 18:00:00+00:00,30.173342416666667,36.025635
2025-04-09 19:00:00+00:00,29.949898,35.004765
2025-04-09 20:00:00+00:00,31.68248558333333,36.35131
2025-04-09 21:00:00+00:00,40.187175,40.668304
2025-04-09 22:00:00+00:00,57.91508658333333,51.13175
2025-04-09 23:00:00+00:00,70.82470425,71.58299
2025-04-10 00:00:00+00:00,69.8087725,82.97899
2025-04-10 01:00:00+00:00,58.526846666666664,57.83788
2025-04-10 02:00:00+00:00,53.077913916666674,52.352566
2025-04-10 03:00:00+00:00,43.483418916666665,47.473736
2025-04-10 04:00:00+00:00,50.119411250000006,44.3533
2025-04-10 05:00:00+00:00,42.411320249999996,42.909046
2025-04-10 06:00:00+00:00,38.13240575,40.92408
2025-04-10 07:00:00+00:00,37.051249750000004,40.115574
2025-04-10 08:00:00+00:00,35.8647775,41.233925
2025-04-10 09:00:00+00:00,39.14788841666667,56.31607
2025-04-10 10:00:00+00:00,58.62215241666666,84.10364
2025-04-10 11:00:00+00:00,84.65645466666668,88.31722
2025-04-10 12:00:00+00:00,57.281603833333335,71.18736
2025-04-10 13:00:00+00:00,59.5006675,58.500973
2025-04-10 14:00:00+00:00,50.748685666666674,50.513687
2025-04-10 15:00:00+00:00,48.630629583333324,45.825527
2025-04-10 16:00:00+00:00,48.96739241666666,42.85741
2025-04-10 17:00:00+00:00,45.10345950000001,41.292778
2025-04-10 18:00:00+00:00,43.17559133333333,40.140106
2025-04-10 19:00:00+00:00,42.666041416666665,38.77401
2025-04-10 20:00:00+00:00,41.47219533333333,43.403133
2025-04-10 21:00:00+00:00,39.433985,52.04596
2025-04-10 22:00:00+00:00,40.0813435,57.716637
2025-04-10 23:00:00+00:00,54.18263216666667,63.25833
2025-04-11 00:00:00+00:00,54.976327,63.0642
2025-04-11 01:00:00+00:00,49.15331325,47.603817
2025-04-11 02:00:00+00:00,43.510357,41.90733
2025-04-11 03:00:00+00:00,38.73457891666667,35.866768
2025-04-11 04:00:00+00:00,38.3636845,32.07969
2025-04-11 05:00:00+00:00,38.739459000000004,31.13296
2025-04-11 06:00:00+00:00,34.57850316666667,28.729507
2025-04-11 07:00:00+00:00,34.3825115,27.021816
2025-04-11 08:00:00+00:00,35.782114666666665,27.386757
2025-04-11 09:00:00+00:00,37.241988666666664,30.24257
2025-04-11 10:00:00+00:00,47.79084091666667,39.060204
2025-04-11 11:00:00+00:00,60.95413766666667,48.37651
2025-04-11 12:00:00+00:00,75.15323841666667,48.97789
2025-04-11 13:00:00+00:00,69.76756725,46.01192
2025-04-11 14:00:00+00:00,61.009848250000005,43.14147
2025-04-11 15:00:00+00:00,57.57503233333333,41.343502
2025-04-11 16:00:00+00:00,55.06294291666666,40.597397
2025-04-11 17:00:00+00:00,53.103446083333324,39.311543
2025-04-11 18:00:00+00:00,49.690474,37.42298
2025-04-11 19:00:00+00:00,46.2294625,35.28884
2025-04-11 20:00:00+00:00,43.34553291666667,34.110523
2025-04-11 21:00:00+00:00,42.197024,34.158867
2025-04-11 22:00:00+00:00,40.768995499999996,36.491264
2025-04-11 23:00:00+00:00,51.40159058333333,42.813602
2025-04-12 00:00:00+00:00,57.753180833333346,46.662575
2025-04-12 01:00:00+00:00,58.44148775,50.60988
2025-04-12 02:00:00+00:00,53.937272916666664,47.37749
2025-04-12 03:00:00+00:00,46.85358241666666,43.40116
2025-04-12 04:00:00+00:00,61.699464750000004,39.46518
2025-04-12 05:00:00+00:00,54.84367158333333,37.52103
2025-04-12 06:00:00+00:00,47.88244841666667,35.392822
2025-04-12 07:00:00+00:00,47.802642999999996,33.870934
2025-04-12 08:00:00+00:00,47.56162125,33.309902
2025-04-12 09:00:00+00:00,51.152056833333326,35.009205
2025-04-12 10:00:00+00:00,53.96864441666667,43.957157
2025-04-12 11:00:00+00:00,58.504885916666666,53.850185
2025-04-12 12:00:00+00:00,53.519366999999995,53.417866
2025-04-12 13:00:00+00:00,49.03554141666667,50.14436
2025-04-12 14:00:00+00:00,48.752602249999995,47.30496
2025-04-12 15:00:00+00:00,45.8128265,43.92229
2025-04-12 16:00:00+00:00,42.19590875000001,40.9335
2025-04-12 17:00:00+00:00,36.545081333333336,38.29847
2025-04-12 18:00:00+00:00,29.257981166666667,36.37493
2025-04-12 19:00:00+00:00,28.69257175,35.05758
2025-04-12 20:00:00+00:00,32.455907,35.061203
2025-04-12 21:00:00+00:00,38.149591916666665,36.20951
2025-04-12 22:00:00+00:00,40.54605633333333,39.555466
2025-04-12 23:00:00+00:00,61.078087999999994,45.980762
2025-04-13 00:00:00+00:00,64.23913958333334,50.948727
2025-04-13 01:00:00+00:00,48.85680358333334,62.709892
2025-04-13 02:00:00+00:00,43.49425324999999,60.905434
2025-04-13 03:00:00+00:00,42.564240500000004,59.11344
2025-04-13 04:00:00+00:00,47.85285391666667,55.95412
2025-04-13 05:00:00+00:00,31.00464033333333,52.62536
2025-04-13 06:00:00+00:00,23.838263333333334,49.256165
2025-04-13 07:00:00+00:00,23.873409499999998,47.344
2025-04-13 08:00:00+00:00,22.727475333333334,45.45088
2025-04-13 09:00:00+00:00,28.87754025,51.97405
2025-04-13 10:00:00+00:00,34.80019608333333,71.07916
2025-04-13 11:00:00+00:00,29.930957666666668,79.00714
2025-04-13 12:00:00+00:00,23.24511708333333,71.81742
2025-04-13 13:00:00+00:00,21.035000166666666,66.1071
2025-04-13 14:00:00+00:00,19.813961000000006,61.201546
2025-04-13 15:00:00+00:00,19.025294083333332,55.113773
2025-04-13 16:00:00+00:00,18.824139833333334,49.392254
2025-04-13 17:00:00+00:00,18.588908500000002,44.85223
2025-04-13 18:00:00+00:00,18.808239583333336,42.37191
2025-04-13 19:00:00+00:00,18.985544083333338,40.000656
2025-04-13 20:00:00+00:00,20.94143916666666,39.307026
2025-04-13 21:00:00+00:00,24.106253499999998,43.266296
2025-04-13 22:00:00+00:00,31.065237,53.19663
2025-04-13 23:00:00+00:00,48.00894066666666,67.18338
2025-04-14 00:00:00+00:00,52.11745425,71.71416
2025-04-14 01:00:00+00:00,40.555610333333334,45.102406
2025-04-14 02:00:00+00:00,36.777693666666664,40.947014
2025-04-14 03:00:00+00:00,33.620845249999995,37.928642
2025-04-14 04:00:00+00:00,30.331826500000002,35.61695
2025-04-14 05:00:00+00:00,28.71716616666667,34.165512
2025-04-14 06:00:00+00:00,25.66913325,32.538383
2025-04-14 07:00:00+00:00,24.637006666666668,31.876402
2025-04-14 08:00:00+00:00,27.122932083333332,31.689081
2025-04-14 09:00:00+00:00,35.34056733333333,40.329998
2025-04-14 10:00:00+00:00,70.03845433333333,57.699577
2025-04-14 11:00:00+00:00,78.54481091666666,60.707344
2025-04-14 12:00:00+00:00,46.84527683333334,54.601215
2025-04-14 13:00:00+00:00,40.86096883333333,50.408558
2025-04-14 14:00:00+00:00,41.177709666666665,44.645115
2025-04-14 15:00:00+00:00,36.763380833333336,40.306263
2025-04-14 16:00:00+00:00,35.78113183333333,37.096565
2025-04-14 17:00:00+00:00,35.15401833333333,34.58562
2025-04-14 18:00:00+00:00,33.56787666666667,32.794533
2025-04-14 19:00:00+00:00,33.21955083333334,31.50577
2025-04-14 20:00:00+00:00,33.87145641666667,33.058605
2025-04-14 21:00:00+00:00,39.722757666666666,38.443348
2025-04-14 22:00:00+00:00,49.46544183333333,47.76238
2025-04-14 23:00:00+00:00,74.16262783333333,62.43113
2025-04-15 00:00:00+00:00,85.92003708333334,66.22562
2025-04-15 01:00:00+00:00,57.328765,64.82016
2025-04-15 02:00:00+00:00,50.01254816666667,54.285393
2025-04-15 03:00:00+00:00,37.71388591666666,48.650066
2025-04-15 04:00:00+00:00,27.92774216666666,44.78803
2025-04-15 05:00:00+00:00,25.179372333333333,42.408516
2025-04-15 06:00:00+00:00,21.58301108333333,40.123028
2025-04-15 07:00:00+00:00,21.480632749999998,39.842598
2025-04-15 08:00:00+00:00,22.450557916666668,42.75688
2025-04-15 09:00:00+00:00,24.436198583333333,57.24152
2025-04-15 10:00:00+00:00,33.3350755,81.94949
2025-04-15 11:00:00+00:00,36.349173,81.80522
2025-04-15 12:00:00+00:00,34.91423391666667,65.988785
2025-04-15 13:00:00+00:00,31.869988250000002,56.191776
2025-04-15 14:00:00+00:00,31.22963625,48.310623
2025-04-15 15:00:00+00:00,30.37125075,42.5052
2025-04-15 16:00:00+00:00,30.515871,39.068092
2025-04-15 17:00:00+00:00,29.05308258333333,36.806282
2025-04-15 18:00:00+00:00,27.72073908333333,36.237778
2025-04-15 19:00:00+00:00,27.186776249999998,35.804756
2025-04-15 20:00:00+00:00,26.727607333333335,38.818768
2025-04-15 21:00:00+00:00,28.861938166666665,46.033466
2025-04-15 22:00:00+00:00,34.976932999999995,56.821854
2025-04-15 23:00:00+00:00,60.271609500000004,75.096146
2025-04-16 00:00:00+00:00,87.74617741666668,82.165115
2025-04-16 01:00:00+00:00,65.46101416666666,61.31922
2025-04-16 02:00:00+00:00,52.36232716666667,47.252373
2025-04-16 03:00:00+00:00,44.314105833333336,37.063953
2025-04-16 04:00:00+00:00,32.82572116666667,31.32498
2025-04-16 05:00:00+00:00,32.12680625,29.481087
2025-04-16 06:00:00+00:00,31.328471250000003,27.727705
2025-04-16 07:00:00+00:00,31.53308366666667,26.550907
2025-04-16 08:00:00+00:00,32.271598,26.156382
2025-04-16 09:00:00+00:00,38.958785999999996,30.939247
2025-04-16 10:00:00+00:00,72.54865275,43.461838
2025-04-16 11:00:00+00:00,67.6204725,48.37081
2025-04-16 12:00:00+00:00,43.89845925,42.632957
2025-04-16 13:00:00+00:00,34.52078641666667,38.14934
2025-04-16 14:00:00+00:00,34.269730333333335,35.658714
2025-04-16 15:00:00+00:00,33.07117891666667,33.196396
2025-04-16 16:00:00+00:00,32.17649433333333,31.38086
2025-04-16 17:00:00+00:00,30.02504066666667,30.110977
2025-04-16 18:00:00+00:00,28.568546583333333,29.102041
2025-04-16 19:00:00+00:00,27.415555083333334,28.413116
2025-04-16 20:00:00+00:00,27.71726825,28.317951
2025-04-16 21:00:00+00:00,30.929022666666665,31.00203
2025-04-16 22:00:00+00:00,38.9323705,39.963642
2025-04-16 23:00:00+00:00,70.18443275,60.557587
2025-04-17 00:00:00+00:00,77.619541,73.58246
2025-04-17 01:00:00+00:00,50.48638233333333,58.24496
2025-04-17 02:00:00+00:00,44.19955133333333,48.78778
2025-04-17 03:00:00+00:00,39.520220916666666,42.91024
2025-04-17 04:00:00+00:00,28.384315999999995,38.85829
2025-04-17 05:00:00+00:00,24.538301416666666,36.011364
2025-04-17 06:00:00+00:00,21.80560375,33.476913
2025-04-17 07:00:00+00:00,22.264883333333334,32.107574
2025-04-17 08:00:00+00:00,25.619221333333332,33.89722
2025-04-17 09:00:00+00:00,24.190763750000002,43.461575
2025-04-17 10:00:00+00:00,59.07843916666667,62.975708
2025-04-17 11:00:00+00:00,49.605239833333336,66.7526
2025-04-17 12:00:00+00:00,29.632923166666668,55.916252
2025-04-17 13:00:00+00:00,24.342410833333332,47.506695
2025-04-17 14:00:00+00:00,23.503827166666667,43.23367
2025-04-17 15:00:00+00:00,22.54712533333333,39.88894
2025-04-17 16:00:00+00:00,21.50244933333333,36.875694
2025-04-17 17:00:00+00:00,21.630910749999995,35.16327
2025-04-17 18:00:00+00:00,21.572768916666664,34.670258
2025-04-17 19:00:00+00:00,21.445957500000002,33.316933
2025-04-17 20:00:00+00:00,23.356001500000005,32.573353
2025-04-17 21:00:00+00:00,26.868176333333334,34.94426
2025-04-17 22:00:00+00:00,32.49456083333333,40.85562
2025-04-17 23:00:00+00:00,39.52717641666667,54.12043
2025-04-18 00:00:00+00:00,40.987349916666666,62.28645
2025-04-18 01:00:00+00:00,33.20114933333333,34.010254
2025-04-18 02:00:00+00:00,28.99100816666667,30.351706
2025-04-18 03:00:00+00:00,24.27286616666666,26.463793
2025-04-18 04:00:00+00:00,21.088597416666666,23.882504
2025-04-18 05:00:00+00:00,24.391439916666666,22.512075
2025-04-18 06:00:00+00:00,23.646229333333338,20.85423
2025-04-18 07:00:00+00:00,23.183837666666665,19.827724
2025-04-18 08:00:00+00:00,24.476560583333338,19.25779
2025-04-18 09:00:00+00:00,25.927815499999998,24.083485
2025-04-18 10:00:00+00:00,34.03398241666667,34.869
2025-04-18 11:00:00+00:00,37.982800833333336,37.041313
2025-04-18 12:00:00+00:00,28.483032750000003,31.94223
2025-04-18 13:00:00+00:00,23.608774916666665,28.932894
2025-04-18 14:00:00+00:00,22.210182333333336,26.514074
2025-04-18 15:00:00+00:00,22.43625316666667,25.057043
2025-04-18 16:00:00+00:00,25.725940833333333,24.509714
2025-04-18 17:00:00+00:00,26.988605083333333,24.315788
2025-04-18 18:00:00+00:00,29.53610541666667,24.366526
2025-04-18 19:00:00+00:00,31.14073775,23.641052
2025-04-18 20:00:00+00:00,31.661005833333334,24.804241
2025-04-18 21:00:00+00:00,36.047091916666666,26.212933
2025-04-18 22:00:00+00:00,45.68227516666667,29.688759
2025-04-18 23:00:00+00:00,64.55068816666666,36.519474
2025-04-19 00:00:00+00:00,60.172011749999996,38.209213
2025-04-19 01:00:00+00:00,46.41696033333333,49.72992
2025-04-19 02:00:00+00:00,40.71864866666667,42.073067
2025-04-19 03:00:00+00:00,32.02674966666667,40.59395
2025-04-19 04:00:00+00:00,28.41571,37.199593
2025-04-19 05:00:00+00:00,25.127917583333335,34.01637
2025-04-19 06:00:00+00:00,22.639490499999997,32.446014
2025-04-19 07:00:00+00:00,23.70300275,31.68673
2025-04-19 08:00:00+00:00,24.251620416666672,30.441002
2025-04-19 09:00:00+00:00,26.094158500000002,35.218487
2025-04-19 10:00:00+00:00,28.553221249999996,44.189014
2025-04-19 11:00:00+00:00,30.18981691666667,44.450684
2025-04-19 12:00:00+00:00,27.708714166666667,40.24509
2025-04-19 13:00:00+00:00,30.096991166666665,37.15075
2025-04-19 14:00:00+00:00,31.30365016666667,34.30172
2025-04-19 15:00:00+00:00,30.90012466666667,32.1
2025-04-19 16:00:00+00:00,30.53948975,31.05174
2025-04-19 17:00:00+00:00,31.296915916666666,29.686083
2025-04-19 18:00:00+00:00,32.786645916666664,28.508364
2025-04-19 19:00:00+00:00,36.79244975,29.46742
2025-04-19 20:00:00+00:00,43.993696166666666,32.834026
2025-04-19 21:00:00+00:00,49.1977405,36.773537
2025-04-19 22:00:00+00:00,59.86366458333333,43.160503
2025-04-19 23:00:00+00:00,77.14494499999999,53.59883
2025-04-20 00:00:00+00:00,77.14980683333333,55.189293
2025-04-20 01:00:00+00:00,52.205693833333335,56.57158
2025-04-20 02:00:00+00:00,47.943746833333336,45.294857
2025-04-20 03:00:00+00:00,39.13392141666667,36.82937
2025-04-20 04:00:00+00:00,36.59634891666666,31.343632
2025-04-20 05:00:00+00:00,31.348373666666664,28.17352
2025-04-20 06:00:00+00:00,25.275736416666668,26.06534
2025-04-20 07:00:00+00:00,22.090751583333333,24.818836
2025-04-20 08:00:00+00:00,20.849678166666664,23.492048
2025-04-20 09:00:00+00:00,18.7494515,28.483154
2025-04-20 10:00:00+00:00,18.91265975,36.910473
2025-04-20 11:00:00+00:00,16.617519583333333,35.53907
2025-04-20 12:00:00+00:00,18.5156385,30.81365
2025-04-20 13:00:00+00:00,17.745774333333333,29.332401
2025-04-20 14:00:00+00:00,17.583232250000002,27.387684
2025-04-20 15:00:00+00:00,18.523460250000003,26.803444
2025-04-20 16:00:00+00:00,18.330333083333333,27.119862
2025-04-20 17:00:00+00:00,20.122151,28.55536
2025-04-20 18:00:00+00:00,21.784218749999997,29.459515
2025-04-20 19:00:00+00:00,24.098409,30.68512
2025-04-20 20:00:00+00:00,28.86767825,34.25112
2025-04-20 21:00:00+00:00,34.031227666666666,38.06404
2025-04-20 22:00:00+00:00,38.30815325,44.812664
2025-04-20 23:00:00+00:00,50.29309733333333,56.7667
2025-04-21 00:00:00+00:00,49.848917166666666,57.773605
2025-04-21 01:00:00+00:00,38.54950083333333,39.73531
2025-04-21 02:00:00+00:00,31.307499500000002,33.08549
2025-04-21 03:00:00+00:00,24.06098233333333,28.992882
2025-04-21 04:00:00+00:00,19.800394583333333,25.117737
2025-04-21 05:00:00+00:00,17.769391833333337,22.455328
2025-04-21 06:00:00+00:00,15.927700166666671,20.2014
2025-04-21 07:00:00+00:00,15.77568075,18.771057
2025-04-21 08:00:00+00:00,16.541353916666665,17.318348
2025-04-21 09:00:00+00:00,18.734409916666667,19.071169
2025-04-21 10:00:00+00:00,28.989649916666664,24.160278
2025-04-21 11:00:00+00:00,33.968976500000004,23.745274
2025-04-21 12:00:00+00:00,31.94555233333334,22.853922
2025-04-21 13:00:00+00:00,32.3836335,23.881485
2025-04-21 14:00:00+00:00,32.57543016666667,23.692715
2025-04-21 15:00:00+00:00,30.62213875,24.108765
2025-04-21 16:00:00+00:00,29.9296585,25.084307
2025-04-21 17:00:00+00:00,29.997738583333334,25.196136
2025-04-21 18:00:00+00:00,31.69295741666667,25.577381
2025-04-21 19:00:00+00:00,30.882131083333334,27.019611
2025-04-21 20:00:00+00:00,32.94289666666666,29.976517
2025-04-21 21:00:00+00:00,40.50892775,33.793537
2025-04-21 22:00:00+00:00,46.19628316666667,39.273083
2025-04-21 23:00:00+00:00,75.95937233333333,49.035408
2025-04-22 00:00:00+00:00,98.146371,52.766445
2025-04-22 01:00:00+00:00,62.847613749999994,63.334328
2025-04-22 02:00:00+00:00,44.999064000000004,46.623894
2025-04-22 03:00:00+00:00,32.742001333333334,37.540295
2025-04-22 04:00:00+00:00,30.887214083333333,31.433825
2025-04-22 05:00:00+00:00,24.330844083333332,28.490068
2025-04-22 06:00:00+00:00,21.961999083333335,26.017548
2025-04-22 07:00:00+00:00,21.57159083333333,24.354668
2025-04-22 08:00:00+00:00,21.991036750000003,24.108006
2025-04-22 09:00:00+00:00,26.512004333333337,28.153181
2025-04-22 10:00:00+00:00,39.33498891666667,38.824436
2025-04-22 11:00:00+00:00,40.145889833333335,41.228004
2025-04-22 12:00:00+00:00,31.659312666666665,37.647
2025-04-22 13:00:00+00:00,28.649248166666666,36.97108
2025-04-22 14:00:00+00:00,28.92171441666666,34.30671
2025-04-22 15:00:00+00:00,28.344370916666662,28.870218
2025-04-22 16:00:00+00:00,28.920552833333332,26.66777
2025-04-22 17:00:00+00:00,29.405412333333334,26.052391
2025-04-22 18:00:00+00:00,30.877567,24.516388
2025-04-22 19:00:00+00:00,32.17295058333333,22.88519
2025-04-22 20:00:00+00:00,32.69708283333333,23.798573
2025-04-22 21:00:00+00:00,37.206565250000004,26.619461
2025-04-22 22:00:00+00:00,52.859428083333334,34.465023
2025-04-22 23:00:00+00:00,80.96239325,54.256943
2025-04-23 00:00:00+00:00,81.49577025,68.66707
2025-04-23 01:00:00+00:00,42.65177858333334,53.14177
2025-04-23 02:00:00+00:00,34.547639583333336,38.154205
2025-04-23 03:00:00+00:00,29.334489750000003,30.096703
2025-04-23 04:00:00+00:00,31.3726355,25.573753
2025-04-23 05:00:00+00:00,28.215803333333334,23.60867
2025-04-23 06:00:00+00:00,25.007755916666667,22.171768
2025-04-23 07:00:00+00:00,25.413336583333336,21.765495
2025-04-23 08:00:00+00:00,27.806013833333335,22.275284
2025-04-23 09:00:00+00:00,29.819171083333334,28.499746
2025-04-23 10:00:00+00:00,43.67799158333333,40.170845
2025-04-23 11:00:00+00:00,44.87980575,40.856346
2025-04-23 12:00:00+00:00,33.06833425,34.791096
2025-04-23 13:00:00+00:00,31.083724583333336,31.855963
2025-04-23 14:00:00+00:00,29.716646,29.155838
2025-04-23 15:00:00+00:00,30.446511583333333,26.246727
2025-04-23 16:00:00+00:00,31.2603075,25.08672
2025-04-23 17:00:00+00:00,32.39961808333334,24.846869
2025-04-23 18:00:00+00:00,33.06308608333333,24.268745
2025-04-23 19:00:00+00:00,34.76066316666667,23.996136
2025-04-23 20:00:00+00:00,37.805655083333335,25.469982
2025-04-23 21:00:00+00:00,46.900273999999996,27.879595
2025-04-23 22:00:00+00:00,63.13464441666667,34.629
2025-04-23 23:00:00+00:00,91.48559024999999,49.747158
2025-04-24 00:00:00+00:00,83.46186583333333,55.218754
2025-04-24 01:00:00+00:00,55.19309658333333,54.73813
2025-04-24 02:00:00+00:00,42.08054625,41.272217
2025-04-24 03:00:00+00:00,35.050770916666664,34.108738
2025-04-24 04:00:00+00:00,28.33309941666667,29.392818
2025-04-24 05:00:00+00:00,25.21189716666667,27.195698
2025-04-24 06:00:00+00:00,22.25726625,25.685528
2025-04-24 07:00:00+00:00,22.3936095,25.170551
2025-04-24 08:00:00+00:00,25.49086275,25.878584
2025-04-24 09:00:00+00:00,29.835585499999997,32.82689
2025-04-24 10:00:00+00:00,41.033361,45.220684
2025-04-24 11:00:00+00:00,38.67432458333334,43.811954
2025-04-24 12:00:00+00:00,29.13402425,36.276054
2025-04-24 13:00:00+00:00,27.073823416666666,32.827377
2025-04-24 14:00:00+00:00,30.186148583333335,30.565617
2025-04-24 15:00:00+00:00,31.228056416666664,28.37314
2025-04-24 16:00:00+00:00,33.01573141666667,27.00677
2025-04-24 17:00:00+00:00,34.2776255,26.596283
2025-04-24 18:00:00+00:00,37.416422583333336,26.500175
2025-04-24 19:00:00+00:00,38.93508766666667,26.354267
2025-04-24 20:00:00+00:00,43.12168808333333,28.015242
2025-04-24 21:00:00+00:00,55.276109416666664,31.93638
2025-04-24 22:00:00+00:00,65.952608,39.128613
2025-04-24 23:00:00+00:00,77.55172091666667,52.18026
2025-04-25 00:00:00+00:00,69.73151841666667,55.327175
2025-04-25 01:00:00+00:00,50.170391333333335,48.213173
2025-04-25 02:00:00+00:00,40.76765666666667,38.285755
2025-04-25 03:00:00+00:00,29.7407475,31.522154
2025-04-25 04:00:00+00:00,31.7242775,26.554604
2025-04-25 05:00:00+00:00,28.142973916666666,23.650604
2025-04-25 06:00:00+00:00,25.985446666666665,21.23566
2025-04-25 07:00:00+00:00,25.041909166666667,19.811947
2025-04-25 08:00:00+00:00,27.273477333333336,19.486313
2025-04-25 09:00:00+00:00,33.278862,24.859198
2025-04-25 10:00:00+00:00,43.92488608333334,33.417007
2025-04-25 11:00:00+00:00,48.21261941666667,32.6471
2025-04-25 12:00:00+00:00,46.74858008333334,28.994732
2025-04-25 13:00:00+00:00,46.454921833333344,28.117027
2025-04-25 14:00:00+00:00,40.5764005,28.240334
2025-04-25 15:00:00+00:00,44.87286383333333,28.498735
2025-04-25 16:00:00+00:00,50.02562716666666,29.0842
2025-04-25 17:00:00+00:00,50.832951666666666,30.14767
2025-04-25 18:00:00+00:00,47.14910416666667,31.454288
2025-04-25 19:00:00+00:00,46.16428008333333,32.401127
2025-04-25 20:00:00+00:00,45.427392166666664,35.453545
2025-04-25 21:00:00+00:00,49.6982285,39.753403
2025-04-25 22:00:00+00:00,45.42420833333334,47.115242
2025-04-25 23:00:00+00:00,49.7309865,56.029533
2025-04-26 00:00:00+00:00,53.86732083333333,55.87104
2025-04-26 01:00:00+00:00,48.65548208333333,43.31253
2025-04-26 02:00:00+00:00,42.80803675000001,36.391113
2025-04-26 03:00:00+00:00,33.4925945,32.265022
2025-04-26 04:00:00+00:00,36.163344583333334,29.664139
2025-04-26 05:00:00+00:00,29.854790249999997,28.911518
2025-04-26 06:00:00+00:00,25.00287025,27.499943
2025-04-26 07:00:00+00:00,22.928559666666665,26.244137
2025-04-26 08:00:00+00:00,23.78682825,26.511711
2025-04-26 09:00:00+00:00,24.297971833333335,29.340088
2025-04-26 10:00:00+00:00,27.397346,33.900566
2025-04-26 11:00:00+00:00,29.384631833333334,35.345955
2025-04-26 12:00:00+00:00,31.164638999999994,34.861797
2025-04-26 13:00:00+00:00,31.7185585,35.03273
2025-04-26 14:00:00+00:00,31.140511833333335,34.65677
2025-04-26 15:00:00+00:00,35.65089325,34.63641
2025-04-26 16:00:00+00:00,29.6688075,34.420963
2025-04-26 17:00:00+00:00,28.928430666666667,33.56247
2025-04-26 18:00:00+00:00,27.73317308333333,32.651073
2025-04-26 19:00:00+00:00,27.364439666666666,31.914137
2025-04-26 20:00:00+00:00,28.62440225,32.886723
2025-04-26 21:00:00+00:00,30.951515166666667,35.23499
2025-04-26 22:00:00+00:00,34.75478316666666,37.96301
2025-04-26 23:00:00+00:00,44.79772849999999,42.91794
2025-04-27 00:00:00+00:00,47.08156533333334,44.517754
2025-04-27 01:00:00+00:00,37.83049916666667,39.231968
2025-04-27 02:00:00+00:00,31.822173333333335,33.866764
2025-04-27 03:00:00+00:00,28.426159833333333,30.620354
2025-04-27 04:00:00+00:00,24.95471175,27.558468
2025-04-27 05:00:00+00:00,22.597263666666667,24.837374
2025-04-27 06:00:00+00:00,22.067003166666666,22.499262
2025-04-27 07:00:00+00:00,21.813748833333335,21.394344
2025-04-27 08:00:00+00:00,20.849205166666668,20.02243
2025-04-27 09:00:00+00:00,24.80067425,19.797375
2025-04-27 10:00:00+00:00,21.209068166666665,22.613354
2025-04-27 11:00:00+00:00,19.231273583333337,23.7388
2025-04-27 12:00:00+00:00,16.2525545,22.919975
2025-04-27 13:00:00+00:00,16.05778766666667,23.019081
2025-04-27 14:00:00+00:00,15.58414525,22.937672
2025-04-27 15:00:00+00:00,15.407152583333334,22.825361
2025-04-27 16:00:00+00:00,13.623642083333335,22.711517
2025-04-27 17:00:00+00:00,14.685038166666669,22.739292
2025-04-27 18:00:00+00:00,15.051064916666666,22.870022
2025-04-27 19:00:00+00:00,14.615432416666666,22.81543
2025-04-27 20:00:00+00:00,15.360221166666667,23.85585
2025-04-27 21:00:00+00:00,19.43147175,27.202589
2025-04-27 22:00:00+00:00,31.687177166666668,33.209743
2025-04-27 23:00:00+00:00,45.047360749999996,41.3154
2025-04-28 00:00:00+00:00,52.55980249999999,44.615982
2025-04-28 01:00:00+00:00,33.32021175,40.71926
2025-04-28 02:00:00+00:00,25.37472633333333,32.0269
2025-04-28 03:00:00+00:00,21.692072000000003,29.556276
2025-04-28 04:00:00+00:00,16.139239500000002,27.451794
2025-04-28 05:00:00+00:00,18.977210666666668,26.243961
2025-04-28 06:00:00+00:00,14.420385000000001,26.05952
2025-04-28 07:00:00+00:00,15.621254250000002,26.462452
2025-04-28 08:00:00+00:00,17.838356500000003,26.406092
2025-04-28 09:00:00+00:00,22.668490333333335,34.681293
2025-04-28 10:00:00+00:00,41.06606133333333,48.264366
2025-04-28 11:00:00+00:00,30.610825416666668,51.203465
2025-04-28 12:00:00+00:00,20.78568275,51.424706
2025-04-28 13:00:00+00:00,20.999741416666666,49.73624
2025-04-28 14:00:00+00:00,21.139765333333333,42.828426
2025-04-28 15:00:00+00:00,21.368678916666667,38.904156
2025-04-28 16:00:00+00:00,20.799420166666668,36.83945
2025-04-28 17:00:00+00:00,21.981838333333332,33.763027
2025-04-28 18:00:00+00:00,22.029934166666667,30.768562
2025-04-28 19:00:00+00:00,22.404726416666666,30.002857
2025-04-28 20:00:00+00:00,26.988556250000002,31.948425
2025-04-28 21:00:00+00:00,31.558140166666664,34.658047
2025-04-28 22:00:00+00:00,45.0648875,47.058846
2025-04-28 23:00:00+00:00,60.62942408333334,65.0057
2025-04-29 00:00:00+00:00,51.52125966666667,65.42724
2025-04-29 01:00:00+00:00,33.53200225,38.135452
2025-04-29 02:00:00+00:00,25.906843416666664,30.62693
2025-04-29 03:00:00+00:00,21.070112499999997,26.89091
2025-04-29 04:00:00+00:00,21.43361425,24.046513
2025-04-29 05:00:00+00:00,20.46211525,21.97609
2025-04-29 06:00:00+00:00,19.372949416666668,21.237093
2025-04-29 07:00:00+00:00,15.995475500000003,21.57363
2025-04-29 08:00:00+00:00,17.961287166666672,22.922928
2025-04-29 09:00:00+00:00,21.51686758333333,33.330555
2025-04-29 10:00:00+00:00,31.542258666666665,46.513172
2025-04-29 11:00:00+00:00,28.442622500000002,43.855633
2025-04-29 12:00:00+00:00,23.26311816666667,36.915688
2025-04-29 13:00:00+00:00,22.922453,34.717873
2025-04-29 14:00:00+00:00,25.335885750000003,32.506733
2025-04-29 15:00:00+00:00,27.152483999999998,30.767895
2025-04-29 16:00:00+00:00,31.6407435,29.503418
2025-04-29 17:00:00+00:00,34.86239125,28.693893
2025-04-29 18:00:00+00:00,36.46404625,28.262926
2025-04-29 19:00:00+00:00,39.633716,28.632383
2025-04-29 20:00:00+00:00,45.650286666666666,31.468634
2025-04-29 21:00:00+00:00,61.30459416666667,35.912975
2025-04-29 22:00:00+00:00,72.5933495,44.303314
2025-04-29 23:00:00+00:00,83.68254216666666,52.660736
2025-04-30 00:00:00+00:00,95.58780125,49.870544
2025-04-30 01:00:00+00:00,58.380300500000004,64.90702
2025-04-30 02:00:00+00:00,46.01611533333334,47.801357
2025-04-30 03:00:00+00:00,37.13173533333333,39.348743
2025-04-30 04:00:00+00:00,36.80787778333333,34.020184
2025-04-30 05:00:00+00:00,36.48402023333333,31.41041
2025-04-30 06:00:00+00:00,36.16016268333333,29.023643
2025-05-01 04:00:00+00:00,29.035296583333334,26.998417
2025-05-01 05:00:00+00:00,28.72895608333333,26.258495
2025-05-01 06:00:00+00:00,25.480170666666666,34.44109
2025-05-01 07:00:00+00:00,24.08760233333333,47.366394
2025-05-01 08:00:00+00:00,23.806622083333338,45.79492
2025-05-01 09:00:00+00:00,29.072335916666674,40.018963
2025-05-01 10:00:00+00:00,39.806067,38.540836
2025-05-01 11:00:00+00:00,33.48484833333333,37.401184
2025-05-01 12:00:00+00:00,29.369790916666666,36.88137
2025-05-01 13:00:00+00:00,29.281510833333332,37.154434
2025-05-01 14:00:00+00:00,30.326426666666663,37.17914
2025-05-01 15:00:00+00:00,31.753464249999997,37.896004
2025-05-01 16:00:00+00:00,32.26701833333333,41.42186
2025-05-01 17:00:00+00:00,37.67523741666667,49.180367
2025-05-01 18:00:00+00:00,35.146103333333336,57.464188
2025-05-01 19:00:00+00:00,35.921550583333335,69.10397
2025-05-01 20:00:00+00:00,47.410641749999996,85.601845
2025-05-01 21:00:00+00:00,50.939770583333335,87.64214
2025-05-01 22:00:00+00:00,58.34606308333332,41.6597
2025-05-01 23:00:00+00:00,72.19816008333333,35.220226
2025-05-02 00:00:00+00:00,70.67107558333333,32.60155
2025-05-02 01:00:00+00:00,56.48401258333333,30.371078
2025-05-02 02:00:00+00:00,38.055253083333334,28.44775
2025-05-02 03:00:00+00:00,34.24125675,27.078266
2025-05-02 04:00:00+00:00,29.27493916666667,26.481825
2025-05-02 05:00:00+00:00,25.461903000000003,25.476444
2025-05-02 06:00:00+00:00,22.88297075,26.40511
2025-05-02 07:00:00+00:00,22.565103583333336,29.019005
2025-05-02 08:00:00+00:00,23.36290141666667,28.95467
2025-05-02 09:00:00+00:00,26.854938833333335,29.158228
2025-05-02 10:00:00+00:00,35.07254775,31.05297
2025-05-02 11:00:00+00:00,42.425940916666676,31.105017
2025-05-02 12:00:00+00:00,33.55350391666666,30.63771
2025-05-02 13:00:00+00:00,30.52460375,31.195553
2025-05-02 14:00:00+00:00,33.360168916666666,31.991661
2025-05-02 15:00:00+00:00,35.74017575,33.148346
2025-05-02 16:00:00+00:00,36.5530435,33.588154
2025-05-02 17:00:00+00:00,38.37403125,35.013237
2025-05-02 18:00:00+00:00,41.81696875,36.528763
2025-05-02 19:00:00+00:00,46.33056641666667,38.08081
2025-05-02 20:00:00+00:00,49.957388083333335,45.013565
2025-05-02 21:00:00+00:00,59.91575791666667,49.782143
2025-05-02 22:00:00+00:00,66.15574375,60.95147
2025-05-02 23:00:00+00:00,70.77549158333333,59.307785
2025-05-03 00:00:00+00:00,63.1490365,55.136887
2025-05-03 01:00:00+00:00,48.190973583333346,46.52157
2025-05-03 02:00:00+00:00,40.265331833333335,37.595226
2025-05-03 03:00:00+00:00,35.63657333333334,32.07466
2025-05-03 04:00:00+00:00,40.96983225,29.606604
2025-05-03 05:00:00+00:00,32.58606416666667,27.56963
2025-05-03 06:00:00+00:00,29.526477083333333,27.193172
2025-05-03 07:00:00+00:00,28.588559916666668,28.062128
2025-05-03 08:00:00+00:00,27.270799166666663,28.664812
2025-05-03 09:00:00+00:00,27.57693275,32.311188
2025-05-03 10:00:00+00:00,27.100494666666666,39.13392
2025-05-03 11:00:00+00:00,25.450295999999998,43.55858
2025-05-03 12:00:00+00:00,28.268595333333334,41.898132
2025-05-03 13:00:00+00:00,29.541912166666666,39.62255
2025-05-03 14:00:00+00:00,30.880568749999995,39.192726
2025-05-03 15:00:00+00:00,31.47674041666667,39.044502
2025-05-03 16:00:00+00:00,32.09861225,39.579548
2025-05-03 17:00:00+00:00,34.63713408333333,39.681065
2025-05-03 18:00:00+00:00,36.70172183333333,40.2437
2025-05-03 19:00:00+00:00,41.51084891666667,44.430115
2025-05-03 20:00:00+00:00,43.35713525,50.622215
2025-05-03 21:00:00+00:00,44.95308049999999,52.227898
2025-05-03 22:00:00+00:00,41.324817583333335,45.64274
2025-05-03 23:00:00+00:00,44.32814200000001,45.43126
2025-05-04 00:00:00+00:00,39.927150250000004,44.409416
2025-05-04 01:00:00+00:00,36.142958416666666,40.270687
2025-05-04 02:00:00+00:00,31.476356499999998,35.689137
2025-05-04 03:00:00+00:00,28.937606583333334,32.713318
2025-05-04 04:00:00+00:00,31.344404833333332,30.438969
2025-05-04 05:00:00+00:00,29.102624083333335,27.616737
2025-05-04 06:00:00+00:00,24.03184691666667,25.807413
2025-05-04 07:00:00+00:00,23.35109208333333,24.104034
2025-05-04 08:00:00+00:00,22.745759500000002,21.799744
2025-05-04 09:00:00+00:00,23.259929,20.990665
2025-05-04 10:00:00+00:00,22.637805666666665,20.550503
2025-05-04 11:00:00+00:00,26.26439091666667,21.325611
2025-05-04 12:00:00+00:00,30.35240466666667,22.634655
2025-05-04 13:00:00+00:00,33.31087541666667,23.203495
2025-05-04 14:00:00+00:00,32.14051333333333,23.832872
2025-05-04 15:00:00+00:00,32.32426091666667,24.721546
2025-05-04 16:00:00+00:00,30.366344083333335,25.284359
2025-05-04 17:00:00+00:00,30.279043333333334,26.107586
2025-05-04 18:00:00+00:00,29.106848916666667,27.008776
2025-05-04 19:00:00+00:00,28.467266416666664,28.854565
2025-05-04 20:00:00+00:00,28.05466291666667,33.158794
2025-05-04 21:00:00+00:00,32.72638975,35.925613
2025-05-04 22:00:00+00:00,34.01965916666666,34.993355
2025-05-04 23:00:00+00:00,40.554381,36.919567
2025-05-05 00:00:00+00:00,46.971199416666664,36.213123
2025-05-05 01:00:00+00:00,38.04372466666667,33.383713
2025-05-05 02:00:00+00:00,31.374493083333338,30.329578
2025-05-05 03:00:00+00:00,27.311205583333333,27.698736
2025-05-05 04:00:00+00:00,28.941529250000006,25.503906
2025-05-05 05:00:00+00:00,27.453553666666668,24.256477
2025-05-05 06:00:00+00:00,26.024355083333333,23.387243
2025-05-05 07:00:00+00:00,27.006091583333333,22.265339
2025-05-05 08:00:00+00:00,30.65233975,20.78051
2025-05-05 09:00:00+00:00,35.85522475,20.691456
2025-05-05 10:00:00+00:00,47.33316158333333,21.759392
2025-05-05 11:00:00+00:00,48.62660616666667,23.653908
2025-05-05 12:00:00+00:00,41.129061666666665,25.545126
2025-05-05 13:00:00+00:00,40.343574249999996,25.530441
2025-05-05 14:00:00+00:00,39.583711083333334,25.164448
2025-05-05 15:00:00+00:00,39.14846583333333,24.655872
2025-05-05 16:00:00+00:00,38.732395583333336,23.592697
2025-05-05 17:00:00+00:00,38.23766391666667,23.136665
2025-05-05 18:00:00+00:00,36.98325766666667,24.16344
2025-05-05 19:00:00+00:00,38.28962683333334,25.824776
2025-05-05 20:00:00+00:00,41.664293916666665,28.485962
2025-05-05 21:00:00+00:00,45.545403,30.22414
2025-05-05 22:00:00+00:00,51.29170166666667,51.194588
2025-05-05 23:00:00+00:00,60.829119999999996,57.980286
2025-05-06 00:00:00+00:00,66.02197408333333,54.91265
2025-05-06 01:00:00+00:00,49.1958875,43.416187
2025-05-06 02:00:00+00:00,39.329579583333334,35.720493
2025-05-06 03:00:00+00:00,34.326931083333335,31.812313
2025-05-06 04:00:00+00:00,30.510659333333333,30.078133
2025-05-06 05:00:00+00:00,27.972738500000002,28.657907
2025-05-06 06:00:00+00:00,25.148111583333332,27.125214
2025-05-06 07:00:00+00:00,24.888993833333334,27.346054
2025-05-06 08:00:00+00:00,26.914094083333335,29.013626
2025-05-06 09:00:00+00:00,37.00997275,32.094803
2025-05-06 10:00:00+00:00,42.90896491666666,37.8277
2025-05-06 11:00:00+00:00,44.39216833333333,39.235947
2025-05-06 12:00:00+00:00,34.81891641666667,35.70025
2025-05-06 13:00:00+00:00,35.32585816666667,33.707546
2025-05-06 14:00:00+00:00,34.76443733333333,32.891598
2025-05-06 15:00:00+00:00,34.14192241666667,32.004246
2025-05-06 16:00:00+00:00,33.64631725,31.735363
2025-05-06 17:00:00+00:00,32.06180833333333,32.07677
2025-05-06 18:00:00+00:00,31.441756333333334,32.095196
2025-05-06 19:00:00+00:00,30.982924833333332,33.21083
2025-05-06 20:00:00+00:00,35.95076558333333,37.388264
2025-05-06 21:00:00+00:00,39.751276833333336,42.753098
2025-05-06 22:00:00+00:00,46.68810091666666,46.244194
2025-05-06 23:00:00+00:00,63.87145225000001,56.17708
2025-05-07 00:00:00+00:00,68.92953183333333,59.717663
2025-05-07 01:00:00+00:00,48.186916249999996,49.16588
2025-05-07 02:00:00+00:00,38.02916975,39.466362
2025-05-07 03:00:00+00:00,30.161541916666668,35.90852
2025-05-07 04:00:00+00:00,29.033245583333333,33.39465
2025-05-07 05:00:00+00:00,27.408373583333333,30.945496
2025-05-07 06:00:00+00:00,23.6301545,29.74772
2025-05-07 07:00:00+00:00,23.62008325,30.775284
2025-05-07 08:00:00+00:00,26.75086208333333,34.373035
2025-05-07 09:00:00+00:00,30.708932166666667,41.36302
2025-05-07 10:00:00+00:00,45.01514433333333,51.2854
2025-05-07 11:00:00+00:00,41.99065875,53.028076
2025-05-07 12:00:00+00:00,30.871975750000004,47.55742
2025-05-07 13:00:00+00:00,31.372756749999994,44.146152
2025-05-07 14:00:00+00:00,32.46281233333333,41.35805
2025-05-07 15:00:00+00:00,32.298220416666666,38.46617
2025-05-07 16:00:00+00:00,32.60909508333334,37.892437
2025-05-07 17:00:00+00:00,34.596019,37.880188
2025-05-07 18:00:00+00:00,35.7835035,38.22578
2025-05-07 19:00:00+00:00,38.25470108333334,41.617474
2025-05-07 20:00:00+00:00,45.997274833333336,47.1243
2025-05-07 21:00:00+00:00,53.743491666666664,49.884754
2025-05-07 22:00:00+00:00,59.16138541666667,59.935944
2025-05-07 23:00:00+00:00,65.77477216666666,67.72885
2025-05-08 00:00:00+00:00,67.76853941666667,62.91586
2025-05-08 01:00:00+00:00,47.03245016666667,48.684025
2025-05-08 02:00:00+00:00,36.90219975,38.55863
2025-05-08 03:00:00+00:00,29.4557345,32.56797
2025-05-08 04:00:00+00:00,24.531758583333332,29.020391
2025-05-08 05:00:00+00:00,21.98542175,26.44339
2025-05-08 06:00:00+00:00,21.256828916666667,24.945843
2025-05-08 07:00:00+00:00,20.774299416666665,23.107403
2025-05-08 08:00:00+00:00,21.842124583333334,22.659613
2025-05-08 09:00:00+00:00,27.8291415,30.3879
2025-05-08 10:00:00+00:00,33.521717333333335,39.51688
2025-05-08 11:00:00+00:00,34.23706925,38.17137
2025-05-08 12:00:00+00:00,32.73220825,35.507442
2025-05-08 13:00:00+00:00,30.334954666666665,35.883144
2025-05-08 14:00:00+00:00,30.534768,36.222603
2025-05-08 15:00:00+00:00,30.932491083333332,36.410027
2025-05-08 16:00:00+00:00,30.518154416666665,37.3286
2025-05-08 17:00:00+00:00,31.678734583333334,38.30594
2025-05-08 18:00:00+00:00,32.04505433333333,38.958645
2025-05-08 19:00:00+00:00,32.04732283333333,41.079987
2025-05-08 20:00:00+00:00,34.931850250000004,46.628555
2025-05-08 21:00:00+00:00,37.51020808333333,50.3427
2025-05-08 22:00:00+00:00,38.54539858333333,40.411663
2025-05-08 23:00:00+00:00,45.64575966666666,44.641636
2025-05-09 00:00:00+00:00,52.29407091666666,43.80207
2025-05-09 01:00:00+00:00,42.31912549999999,35.67207
2025-05-09 02:00:00+00:00,33.504810166666665,29.518497
2025-05-09 03:00:00+00:00,28.97418925,25.73035
2025-05-09 04:00:00+00:00,25.790513750000002,23.52308
2025-05-09 05:00:00+00:00,25.35221183333333,21.68761
2025-05-09 06:00:00+00:00,24.45245841666667,20.344765
2025-05-09 07:00:00+00:00,24.0068955,19.642817
2025-05-09 08:00:00+00:00,25.606804749999995,19.902096
2025-05-09 09:00:00+00:00,29.957498583333333,22.921972
2025-05-09 10:00:00+00:00,37.864177833333336,27.702099
2025-05-09 11:00:00+00:00,40.69907166666667,28.2854
2025-05-09 12:00:00+00:00,38.785284749999995,27.458021
2025-05-09 13:00:00+00:00,38.94914225,28.139206
2025-05-09 14:00:00+00:00,35.067372,28.471054
2025-05-09 15:00:00+00:00,32.17552233333333,28.828735
2025-05-09 16:00:00+00:00,31.711968833333334,29.305405
2025-05-09 17:00:00+00:00,32.25905408333333,29.712688
2025-05-09 18:00:00+00:00,31.127907750000006,30.057846
2025-05-09 19:00:00+00:00,30.250038500000002,31.387772
2025-05-09 20:00:00+00:00,32.40745725,34.037697
2025-05-09 21:00:00+00:00,31.01144475,35.469746
2025-05-09 22:00:00+00:00,33.965634083333335,32.78702
2025-05-09 23:00:00+00:00,38.4521415,38.328663
2025-05-10 00:00:00+00:00,42.577616666666664,41.709377
2025-05-10 01:00:00+00:00,38.44289625,37.239136
2025-05-10 02:00:00+00:00,32.90337958333333,33.103954
2025-05-10 03:00:00+00:00,28.217416416666666,30.909935
2025-05-10 04:00:00+00:00,30.957414666666665,29.144337
2025-05-10 05:00:00+00:00,27.187667333333337,27.272524
2025-05-10 06:00:00+00:00,25.216172916666665,26.225916
2025-05-10 07:00:00+00:00,23.60117925,25.551624
2025-05-10 08:00:00+00:00,24.071491416666667,25.12046
2025-05-10 09:00:00+00:00,27.728739750000003,26.191124
2025-05-10 10:00:00+00:00,26.833433999999997,28.473265
2025-05-10 11:00:00+00:00,23.557633999999997,28.978798
2025-05-10 12:00:00+00:00,22.792394750000003,29.296097
2025-05-10 13:00:00+00:00,22.47282033333333,29.830639
2025-05-10 14:00:00+00:00,22.375575166666664,28.979914
2025-05-10 15:00:00+00:00,22.128030416666665,27.621304
2025-05-10 16:00:00+00:00,21.907854166666667,26.843203
2025-05-10 17:00:00+00:00,21.961915416666667,26.306347
2025-05-10 18:00:00+00:00,21.966730333333334,25.793268
2025-05-10 19:00:00+00:00,22.453981833333337,25.820183
2025-05-10 20:00:00+00:00,22.852022250000005,26.752224
2025-05-10 21:00:00+00:00,23.907247083333335,27.45831
2025-05-10 22:00:00+00:00,30.390835416666665,25.205263
2025-05-10 23:00:00+00:00,39.76778933333333,28.935703
2025-05-11 00:00:00+00:00,36.53751991666667,32.451115
2025-05-11 01:00:00+00:00,31.05608175,30.894909
2025-05-11 02:00:00+00:00,25.840229500000003,28.708223
2025-05-11 03:00:00+00:00,21.353187750000004,27.531973
2025-05-11 04:00:00+00:00,21.087142416666666,25.923412
2025-05-11 05:00:00+00:00,20.00645041666667,24.23967
2025-05-11 06:00:00+00:00,18.80504891666667,23.235
2025-05-11 07:00:00+00:00,18.408638083333333,22.971611
2025-05-11 08:00:00+00:00,18.243650083333332,23.417511
2025-05-11 09:00:00+00:00,19.10482675,24.559612
2025-05-11 10:00:00+00:00,20.067059666666673,26.544043
2025-05-11 11:00:00+00:00,18.720934083333336,26.421507
2025-05-11 12:00:00+00:00,17.824418083333335,24.954865
2025-05-11 13:00:00+00:00,18.541368416666668,24.727308
2025-05-11 14:00:00+00:00,19.167502833333334,24.901848
2025-05-11 15:00:00+00:00,19.049954500000005,25.327375
2025-05-11 16:00:00+00:00,20.693375333333332,25.922188
2025-05-11 17:00:00+00:00,20.909158083333335,25.99619
2025-05-11 18:00:00+00:00,21.851408500000005,26.05872
2025-05-11 19:00:00+00:00,24.111930666666666,26.54272
2025-05-11 20:00:00+00:00,28.370412583333334,27.544535
2025-05-11 21:00:00+00:00,34.20771083333333,28.24189
2025-05-11 22:00:00+00:00,36.15634991666666,38.787533
2025-05-11 23:00:00+00:00,45.6340435,46.383263
2025-05-12 00:00:00+00:00,47.46499683333334,47.001343
2025-05-12 01:00:00+00:00,35.838103749999995,39.468773
2025-05-12 02:00:00+00:00,27.73540291666667,32.4533
2025-05-12 03:00:00+00:00,23.422373583333336,28.140182
2025-05-12 04:00:00+00:00,22.296654333333333,25.08416
2025-05-12 05:00:00+00:00,21.215487166666666,22.727676
2025-05-12 06:00:00+00:00,19.497658583333333,21.643696
2025-05-12 07:00:00+00:00,18.680864750000005,21.565117
2025-05-12 08:00:00+00:00,20.614504999999998,22.669224
2025-05-12 09:00:00+00:00,26.039788416666667,27.659136
2025-05-12 10:00:00+00:00,31.949165333333333,34.98254
2025-05-12 11:00:00+00:00,35.90039791666667,36.59046
2025-05-12 12:00:00+00:00,33.031082833333336,34.895557
2025-05-12 13:00:00+00:00,33.433269083333336,34.021606
2025-05-12 14:00:00+00:00,33.6634585,33.521973
2025-05-12 15:00:00+00:00,33.09114841666666,33.037575
2025-05-12 16:00:00+00:00,35.16499925,33.47031
2025-05-12 17:00:00+00:00,37.117605000000005,34.180656
2025-05-12 18:00:00+00:00,37.52198025,34.886387
2025-05-12 19:00:00+00:00,39.12077816666667,35.917225
2025-05-12 20:00:00+00:00,43.063047833333336,39.109886
2025-05-12 21:00:00+00:00,52.78523874999999,41.85197
2025-05-12 22:00:00+00:00,50.86628508333333,57.829018
2025-05-12 23:00:00+00:00,53.24087708333334,65.0255
2025-05-13 00:00:00+00:00,61.137482500000004,61.48494
2025-05-13 01:00:00+00:00,47.390404333333336,47.50431
2025-05-13 02:00:00+00:00,39.31557633333333,36.913914
2025-05-13 03:00:00+00:00,31.593222333333333,31.201883
2025-05-13 04:00:00+00:00,27.25482166666667,27.797064
2025-05-13 05:00:00+00:00,25.239022000000002,25.253054
2025-05-13 06:00:00+00:00,22.782578916666665,23.44202
2025-05-13 07:00:00+00:00,22.385465999999997,22.709402
2025-05-13 08:00:00+00:00,24.457416249999998,23.376225
2025-05-13 09:00:00+00:00,30.592508083333332,29.699272
2025-05-13 10:00:00+00:00,36.73962516666666,38.820564
2025-05-13 11:00:00+00:00,42.519768500000005,39.264206
2025-05-13 12:00:00+00:00,49.40938225000001,36.32755
2025-05-13 13:00:00+00:00,49.36165316666666,36.334393
2025-05-13 14:00:00+00:00,44.75925466666666,36.364265
2025-05-13 15:00:00+00:00,41.528825833333336,36.242023
2025-05-13 16:00:00+00:00,42.32756333333334,37.202827
2025-05-13 17:00:00+00:00,43.07845475,37.73755
2025-05-13 18:00:00+00:00,40.3487445,38.374638
2025-05-13 19:00:00+00:00,39.691370416666665,39.4885
2025-05-13 20:00:00+00:00,41.61653375,43.52704
2025-05-13 21:00:00+00:00,45.66539541666666,47.34349
2025-05-13 22:00:00+00:00,51.54231758333333,49.090626
2025-05-13 23:00:00+00:00,60.461430916666664,56.653362
2025-05-14 00:00:00+00:00,68.85167866666667,57.895752
2025-05-14 01:00:00+00:00,48.469158416666666,46.71761
2025-05-14 02:00:00+00:00,39.12117333333333,36.915222
2025-05-14 03:00:00+00:00,33.4783995,32.319588
2025-05-14 04:00:00+00:00,26.606605000000002,29.775627
2025-05-14 05:00:00+00:00,23.580471833333338,27.674938
2025-05-14 06:00:00+00:00,22.18361708333333,26.233097
2025-05-14 07:00:00+00:00,21.73356808333334,25.849184
2025-05-14 08:00:00+00:00,22.753654583333333,26.080444
2025-05-14 09:00:00+00:00,29.444097083333332,30.576319
2025-05-14 10:00:00+00:00,35.428804416666665,39.918873
2025-05-14 11:00:00+00:00,36.414825083333334,43.493217
2025-05-14 12:00:00+00:00,35.502359750000004,42.33773
2025-05-14 13:00:00+00:00,34.9509375,42.01913
2025-05-14 14:00:00+00:00,35.48735675,40.574913
2025-05-14 15:00:00+00:00,34.91932091666666,38.734745
2025-05-14 16:00:00+00:00,35.21455041666666,37.997364
2025-05-14 17:00:00+00:00,37.3824275,37.016
2025-05-14 18:00:00+00:00,39.028392583333336,35.806915
2025-05-14 19:00:00+00:00,41.21493891666667,36.04
2025-05-14 20:00:00+00:00,45.46703616666667,39.160656
2025-05-14 21:00:00+00:00,53.4727885,40.981194
2025-05-14 22:00:00+00:00,55.58989466666667,59.597786
2025-05-14 23:00:00+00:00,67.67024825,67.81378
2025-05-15 00:00:00+00:00,70.041129,61.46762
2025-05-15 01:00:00+00:00,51.352512749999995,47.36963
2025-05-15 02:00:00+00:00,38.24304625,37.747253
2025-05-15 03:00:00+00:00,31.852463583333332,32.06041
2025-05-15 04:00:00+00:00,25.2661525,28.335724
2025-05-15 05:00:00+00:00,23.01434625,25.688602
2025-05-15 06:00:00+00:00,21.408618083333334,23.575842
2025-05-15 07:00:00+00:00,20.835774999999998,22.73016
2025-05-15 08:00:00+00:00,21.509318583333336,23.015453
2025-05-15 09:00:00+00:00,25.312730666666663,27.950066
2025-05-15 10:00:00+00:00,32.52391983333333,34.474228
2025-05-15 11:00:00+00:00,32.29752525,35.805885
2025-05-15 12:00:00+00:00,30.039993083333336,34.93113
2025-05-15 13:00:00+00:00,31.165760416666668,35.42803
2025-05-15 14:00:00+00:00,29.87227683333333,36.35867
2025-05-15 15:00:00+00:00,32.169483916666664,37.475475
2025-05-15 16:00:00+00:00,34.94768583333333,39.10019
2025-05-15 17:00:00+00:00,37.48168583333334,39.972767
2025-05-15 18:00:00+00:00,40.86449725,40.95824
2025-05-15 19:00:00+00:00,47.13115400000001,42.61442
2025-05-15 20:00:00+00:00,64.18454083333333,45.64679
2025-05-15 21:00:00+00:00,75.38163475,48.01454
2025-05-15 22:00:00+00:00,84.14158875,82.06476
2025-05-15 23:00:00+00:00,90.16722991666666,86.77063
2025-05-16 00:00:00+00:00,72.91686908333334,77.04913
2025-05-16 01:00:00+00:00,53.79399416666666,59.32454
2025-05-16 02:00:00+00:00,41.519529416666664,45.328808
2025-05-16 03:00:00+00:00,31.43976208333333,36.980686
2025-05-16 04:00:00+00:00,30.1426345,31.879295
2025-05-16 05:00:00+00:00,27.030978166666667,27.613747
2025-05-16 06:00:00+00:00,22.897549083333328,24.096127
2025-05-16 07:00:00+00:00,21.76358808333333,21.948128
2025-05-16 08:00:00+00:00,21.461449416666667,21.489109
2025-05-16 09:00:00+00:00,23.63095375,25.88531
2025-05-16 10:00:00+00:00,28.663524750000004,32.557102
2025-05-16 11:00:00+00:00,32.041208250000004,34.601974
2025-05-16 12:00:00+00:00,31.699466583333333,32.798847
2025-05-16 13:00:00+00:00,32.42846758333334,33.129284
2025-05-16 14:00:00+00:00,33.832897583333335,34.798286
2025-05-16 15:00:00+00:00,35.82397975,36.282925
2025-05-16 16:00:00+00:00,39.331480166666665,37.869415
2025-05-16 17:00:00+00:00,42.602554166666664,39.71799
2025-05-16 18:00:00+00:00,50.031622999999996,41.54953
2025-05-16 19:00:00+00:00,67.72986025,45.90661
2025-05-16 20:00:00+00:00,88.36260108333332,53.24689
2025-05-16 21:00:00+00:00,100.21470875,62.26191
2025-05-16 22:00:00+00:00,85.12860033333334,104.70941
2025-05-16 23:00:00+00:00,87.20008641666666,97.40983
2025-05-17 00:00:00+00:00,66.24061233333333,78.52719
2025-05-17 01:00:00+00:00,50.147355583333336,61.521896
2025-05-17 02:00:00+00:00,40.21349475,48.11994
2025-05-17 03:00:00+00:00,32.17830083333333,38.10421
2025-05-17 04:00:00+00:00,33.507469,31.66085
2025-05-17 05:00:00+00:00,27.739501166666667,27.093315
2025-05-17 06:00:00+00:00,22.86922916666667,24.305393
2025-05-17 07:00:00+00:00,21.90992016666667,21.239294
2025-05-17 08:00:00+00:00,20.386594000000002,19.592968
2025-05-17 09:00:00+00:00,21.262430583333334,20.79066
2025-05-17 10:00:00+00:00,20.05854233333333,23.191164
2025-05-17 11:00:00+00:00,22.045238333333334,26.11158
2025-05-17 12:00:00+00:00,22.769095583333335,26.620724
2025-05-17 13:00:00+00:00,24.783115249999998,27.621588
2025-05-17 14:00:00+00:00,26.956921499999996,30.361101
2025-05-17 15:00:00+00:00,27.83049541666667,33.53174
2025-05-17 16:00:00+00:00,31.732861083333333,36.869392
2025-05-17 17:00:00+00:00,29.574214333333334,40.221043
2025-05-17 18:00:00+00:00,29.798684833333336,44.57679
2025-05-17 19:00:00+00:00,35.675117166666666,51.665447
2025-05-17 20:00:00+00:00,39.4615645,60.67938
2025-05-17 21:00:00+00:00,57.82901350000001,73.13817
2025-05-17 22:00:00+00:00,57.076651,59.94908
2025-05-17 23:00:00+00:00,54.894640583333334,55.573547
2025-05-18 00:00:00+00:00,51.298182583333336,48.929943
2025-05-18 01:00:00+00:00,42.596783333333335,41.850197
2025-05-18 02:00:00+00:00,36.267005000000005,34.850567
2025-05-18 03:00:00+00:00,30.00595583333333,30.013544
2025-05-18 04:00:00+00:00,28.820447166666668,27.471472
2025-05-18 05:00:00+00:00,24.65963825,25.363638
2025-05-18 06:00:00+00:00,22.69609925,23.808748
2025-05-18 07:00:00+00:00,21.792960249999997,22.215748
2025-05-18 08:00:00+00:00,21.802871833333334,20.653587
2025-05-18 09:00:00+00:00,22.138441999999998,20.281342
2025-05-18 10:00:00+00:00,20.528757916666667,21.965723
2025-05-18 11:00:00+00:00,18.695453666666666,23.148636
2025-05-18 12:00:00+00:00,18.013795333333334,22.049065
2025-05-18 13:00:00+00:00,20.02142366666667,22.288622
2025-05-18 14:00:00+00:00,21.259017500000002,23.817932
2025-05-18 15:00:00+00:00,22.270388333333333,25.39976
2025-05-18 16:00:00+00:00,21.699110916666665,26.863438
2025-05-18 17:00:00+00:00,22.690054583333335,28.1125
2025-05-18 18:00:00+00:00,24.05861175,29.538372
2025-05-18 19:00:00+00:00,25.03132533333333,32.35628
2025-05-18 20:00:00+00:00,27.267143833333336,37.52358
2025-05-18 21:00:00+00:00,30.220387249999998,44.28116
2025-05-18 22:00:00+00:00,35.54617366666667,34.713318
2025-05-18 23:00:00+00:00,50.81006558333333,39.871235
2025-05-19 00:00:00+00:00,49.123115000000006,43.02464
2025-05-19 01:00:00+00:00,33.568136,38.08797
2025-05-19 02:00:00+00:00,28.567441583333338,32.55368
2025-05-19 03:00:00+00:00,24.062879416666664,29.115538
2025-05-19 04:00:00+00:00,20.55486591666667,26.08215
2025-05-19 05:00:00+00:00,19.453520750000003,23.370499
2025-05-19 06:00:00+00:00,16.606414916666672,21.710686
2025-05-19 07:00:00+00:00,15.38880775,21.380383
2025-05-19 08:00:00+00:00,15.23196825,22.623264
2025-05-19 09:00:00+00:00,20.141631583333336,25.995731
2025-05-19 10:00:00+00:00,32.28345575,31.703276
2025-05-19 11:00:00+00:00,25.556256583333333,33.39559
2025-05-19 12:00:00+00:00,21.682396083333334,33.345978
2025-05-19 13:00:00+00:00,21.788260249999997,34.61514
2025-05-19 14:00:00+00:00,21.729731333333334,34.302044
2025-05-19 15:00:00+00:00,21.191038083333336,33.51717
2025-05-19 16:00:00+00:00,21.744521250000002,33.743607
2025-05-19 17:00:00+00:00,23.758373333333335,34.04475
2025-05-19 18:00:00+00:00,24.292774249999997,34.545227
2025-05-19 19:00:00+00:00,24.317789416666667,36.34723
2025-05-19 20:00:00+00:00,27.941676333333334,39.584137
2025-05-19 21:00:00+00:00,30.357367416666666,41.29973
2025-05-19 22:00:00+00:00,33.981378166666666,35.60032
2025-05-19 23:00:00+00:00,43.125497083333336,44.114647
2025-05-20 00:00:00+00:00,40.59984216666667,46.96807
2025-05-20 01:00:00+00:00,31.936335,37.93579
2025-05-20 02:00:00+00:00,26.60675691666667,30.337284
2025-05-20 03:00:00+00:00,21.18064075,26.324497
2025-05-20 04:00:00+00:00,20.962086916666667,23.229412
2025-05-20 05:00:00+00:00,19.39339525,20.566635
2025-05-20 06:00:00+00:00,18.18496675,18.566557
2025-05-20 07:00:00+00:00,17.027987916666667,18.55662
2025-05-20 08:00:00+00:00,17.270301416666666,20.87156
2025-05-20 09:00:00+00:00,22.030817250000002,27.468987
2025-05-20 10:00:00+00:00,28.873752083333333,37.794254
2025-05-20 11:00:00+00:00,28.990761083333336,40.297718
2025-05-20 12:00:00+00:00,25.735176416666665,37.851013
2025-05-20 13:00:00+00:00,24.794992166666663,37.25559
2025-05-20 14:00:00+00:00,25.472507500000003,36.667103
2025-05-20 15:00:00+00:00,25.98835,35.85626
2025-05-20 16:00:00+00:00,27.20443275,35.453552
2025-05-20 17:00:00+00:00,28.50741958333333,35.16913
2025-05-20 18:00:00+00:00,30.82772775,35.431023
2025-05-20 19:00:00+00:00,33.36677741666667,36.005833
2025-05-20 20:00:00+00:00,36.71163958333333,38.74337
2025-05-20 21:00:00+00:00,39.900594250000005,40.735733
2025-05-20 22:00:00+00:00,42.98330075000001,44.655556
2025-05-20 23:00:00+00:00,54.44081416666667,52.081905
2025-05-21 00:00:00+00:00,60.493817916666664,50.893448
2025-05-21 01:00:00+00:00,49.97845,40.233734
2025-05-21 02:00:00+00:00,38.199248833333336,33.08772
2025-05-21 03:00:00+00:00,30.561095249999997,28.701115
2025-05-21 04:00:00+00:00,27.858395583333333,25.67189
2025-05-21 05:00:00+00:00,24.070201833333332,22.960451
2025-05-21 06:00:00+00:00,22.29454975,20.765833
2025-05-21 07:00:00+00:00,21.323338166666666,20.189325
2025-05-21 08:00:00+00:00,22.501712666666666,21.159199
2025-05-21 09:00:00+00:00,28.36096075,24.524752
2025-05-21 10:00:00+00:00,35.81402741666667,30.478445
2025-05-21 11:00:00+00:00,38.785978,31.042751
2025-05-21 12:00:00+00:00,37.641067166666666,29.251755
2025-05-21 13:00:00+00:00,37.49318566666667,29.314842
2025-05-21 14:00:00+00:00,37.53109966666667,29.492964
2025-05-21 15:00:00+00:00,34.65748633333333,29.71399
2025-05-21 16:00:00+00:00,30.950356083333332,30.628185
2025-05-21 17:00:00+00:00,30.661564333333335,31.921413
2025-05-21 18:00:00+00:00,29.9238075,33.12212
2025-05-21 19:00:00+00:00,28.808508500000002,35.233795
2025-05-21 20:00:00+00:00,30.34787441666667,39.46279
2025-05-21 21:00:00+00:00,32.07033775,41.70182
2025-05-21 22:00:00+00:00,34.01542583333333,36.328102
2025-05-21 23:00:00+00:00,38.1899995,44.502422
2025-05-22 00:00:00+00:00,45.048450499999994,47.67285
2025-05-22 01:00:00+00:00,38.215964750000005,38.615
2025-05-22 02:00:00+00:00,32.59360825,30.883312
2025-05-22 03:00:00+00:00,27.392253333333336,26.515774
2025-05-22 04:00:00+00:00,22.8421065,23.304468
2025-05-22 05:00:00+00:00,22.760657499999997,21.157076
2025-05-22 06:00:00+00:00,21.36602225,20.201538
2025-05-22 07:00:00+00:00,20.410688750000006,19.438538
2025-05-22 08:00:00+00:00,21.49551308333333,19.732609
2025-05-22 09:00:00+00:00,24.548751916666664,23.08176
2025-05-22 10:00:00+00:00,34.47229733333334,30.074526
2025-05-22 11:00:00+00:00,33.380557583333335,31.773026
2025-05-22 12:00:00+00:00,30.960273666666662,31.430151
2025-05-22 13:00:00+00:00,31.577367499999998,31.93861
2025-05-22 14:00:00+00:00,31.437346583333333,30.17215
2025-05-22 15:00:00+00:00,30.9903735,28.336071
2025-05-22 16:00:00+00:00,29.57011866666667,27.95312
2025-05-22 17:00:00+00:00,29.21843283333333,28.024769
2025-05-22 18:00:00+00:00,27.9399605,28.038155
2025-05-22 19:00:00+00:00,27.272054083333337,28.465021
2025-05-22 20:00:00+00:00,27.979874916666674,31.0752
2025-05-22 21:00:00+00:00,29.663768416666667,33.03287
2025-05-22 22:00:00+00:00,33.215577333333336,32.691322
2025-05-22 23:00:00+00:00,41.770816833333335,38.875134
2025-05-23 00:00:00+00:00,49.30119716666667,42.547882
2025-05-23 01:00:00+00:00,42.41318475,38.21255
2025-05-23 02:00:00+00:00,34.039980416666666,31.97776
2025-05-23 03:00:00+00:00,28.032545416666665,27.06266
2025-05-23 04:00:00+00:00,27.404452916666663,23.860897
2025-05-23 05:00:00+00:00,25.5664805,21.785648
2025-05-23 06:00:00+00:00,24.652521750000002,19.818573
2025-05-23 07:00:00+00:00,24.355280250000003,18.53748
2025-05-23 08:00:00+00:00,25.4095165,18.77776
2025-05-23 09:00:00+00:00,29.503127583333335,20.166027
2025-05-23 10:00:00+00:00,35.57179908333333,24.511688
2025-05-23 11:00:00+00:00,33.39141325,27.645058
2025-05-23 12:00:00+00:00,27.630113166666664,27.427868
2025-05-23 13:00:00+00:00,27.686420416666664,27.419292
2025-05-23 14:00:00+00:00,25.716113500000002,27.406925
2025-05-23 15:00:00+00:00,25.27933125,26.712444
2025-05-23 16:00:00+00:00,24.745534583333335,26.61773
2025-05-23 17:00:00+00:00,23.565447000000002,26.3289
2025-05-23 18:00:00+00:00,22.738781416666665,25.855457
2025-05-23 19:00:00+00:00,23.057363749999997,26.192661
2025-05-23 20:00:00+00:00,23.27375825,28.061913
2025-05-23 21:00:00+00:00,25.40796883333333,30.31508
2025-05-23 22:00:00+00:00,31.313577666666667,28.229261
2025-05-23 23:00:00+00:00,39.02553241666667,33.133453
2025-05-24 00:00:00+00:00,49.91965108333332,37.965588
2025-05-24 01:00:00+00:00,38.27407566666667,35.838078
2025-05-24 02:00:00+00:00,32.10888825,31.98463
2025-05-24 03:00:00+00:00,24.43728,29.156933
2025-05-24 04:00:00+00:00,24.063238916666666,26.82507
2025-05-24 05:00:00+00:00,23.575931999999998,25.24055
2025-05-24 06:00:00+00:00,21.88968683333333,24.088953
2025-05-24 07:00:00+00:00,22.132724333333332,23.157467
2025-05-24 08:00:00+00:00,23.600051583333336,23.13551
2025-05-24 09:00:00+00:00,24.945741916666666,24.091274
2025-05-24 10:00:00+00:00,23.074449666666666,25.424416
2025-05-24 11:00:00+00:00,17.944575583333332,25.277124
2025-05-24 12:00:00+00:00,17.479268416666667,24.50747
2025-05-24 13:00:00+00:00,17.442215,24.25523
2025-05-24 14:00:00+00:00,17.789012666666668,23.325125
2025-05-24 15:00:00+00:00,18.35506375,22.08347
2025-05-24 16:00:00+00:00,18.109362416666666,21.440052
2025-05-24 17:00:00+00:00,16.985317,20.776909
2025-05-24 18:00:00+00:00,16.50444775,20.360022
2025-05-24 19:00:00+00:00,16.956621666666667,20.590248
2025-05-24 20:00:00+00:00,18.262367583333333,21.837105
2025-05-24 21:00:00+00:00,19.164823833333337,23.162388
2025-05-24 22:00:00+00:00,23.27860866666667,21.780495
2025-05-24 23:00:00+00:00,29.405071666666664,28.134317
2025-05-25 00:00:00+00:00,33.724013166666666,32.81127
2025-05-25 01:00:00+00:00,32.102845,30.122906
2025-05-25 02:00:00+00:00,25.71539658333333,27.01558
2025-05-25 03:00:00+00:00,20.518341250000002,25.289948
2025-05-25 04:00:00+00:00,18.252309500000003,23.086533
2025-05-25 05:00:00+00:00,20.208102583333332,21.371607
2025-05-25 06:00:00+00:00,18.458878083333335,20.90549
2025-05-25 07:00:00+00:00,18.016135583333334,20.785334
2025-05-25 08:00:00+00:00,18.11382366666667,21.16257
2025-05-25 09:00:00+00:00,18.42904491666667,22.076796
2025-05-25 10:00:00+00:00,18.081862416666667,23.687435
2025-05-25 11:00:00+00:00,15.508732333333333,23.751604
2025-05-25 12:00:00+00:00,13.789557833333333,22.864618
2025-05-25 13:00:00+00:00,14.920914083333335,22.928452
2025-05-25 14:00:00+00:00,15.802885250000003,23.135418
2025-05-25 15:00:00+00:00,16.56527025,22.962826
2025-05-25 16:00:00+00:00,16.520784666666668,22.679178
2025-05-25 17:00:00+00:00,15.566382666666668,22.247574
2025-05-25 18:00:00+00:00,15.836210083333336,22.31661
2025-05-25 19:00:00+00:00,18.569459833333337,22.921524
2025-05-25 20:00:00+00:00,21.219074833333337,23.809523
2025-05-25 21:00:00+00:00,25.13657625,25.087505
2025-05-25 22:00:00+00:00,25.450514833333333,27.759342
2025-05-25 23:00:00+00:00,31.313985083333336,34.34554
2025-05-26 00:00:00+00:00,40.966844083333335,37.548203
2025-05-26 01:00:00+00:00,30.462489166666668,34.079903
2025-05-26 02:00:00+00:00,25.281741583333332,30.636753
2025-05-26 03:00:00+00:00,20.829095833333334,27.886007
2025-05-26 04:00:00+00:00,15.571763249999998,24.886578
2025-05-26 05:00:00+00:00,16.65360241666667,23.049665
2025-05-26 06:00:00+00:00,15.685567583333334,22.288525
2025-05-26 07:00:00+00:00,14.59821825,21.604004
2025-05-26 08:00:00+00:00,15.035721083333334,21.633432
2025-05-26 09:00:00+00:00,16.025312333333336,25.635
2025-05-26 10:00:00+00:00,15.759728000000004,29.69434
2025-05-26 11:00:00+00:00,15.218166666666667,28.16385
2025-05-26 12:00:00+00:00,14.93011725,25.478006
2025-05-26 13:00:00+00:00,15.402551583333334,24.910488
2025-05-26 14:00:00+00:00,15.525581083333334,24.467197
2025-05-26 15:00:00+00:00,15.692924166666668,24.176714
2025-05-26 16:00:00+00:00,15.692078750000002,24.185509
2025-05-26 17:00:00+00:00,16.0667075,24.312103
2025-05-26 18:00:00+00:00,16.309692083333335,24.909163
2025-05-26 19:00:00+00:00,17.81563916666667,25.796583
2025-05-26 20:00:00+00:00,20.393129583333334,28.191689
2025-05-26 21:00:00+00:00,22.977546583333332,30.398632
2025-05-26 22:00:00+00:00,23.682024916666666,25.101292
2025-05-26 23:00:00+00:00,32.068147833333335,29.484653
2025-05-27 00:00:00+00:00,37.03668558333333,31.587658
2025-05-27 01:00:00+00:00,28.983270666666666,27.067133
2025-05-27 02:00:00+00:00,22.154909416666666,22.472069
2025-05-27 03:00:00+00:00,18.022692333333335,19.64824
2025-05-27 04:00:00+00:00,18.810145833333333,17.181507
2025-05-27 05:00:00+00:00,20.08984141666667,15.236353
2025-05-27 06:00:00+00:00,17.400779916666668,14.36923
2025-05-27 07:00:00+00:00,17.50736166666667,13.957592
2025-05-27 08:00:00+00:00,19.139072166666672,14.549177
2025-05-27 09:00:00+00:00,23.06335,17.532572
2025-05-27 10:00:00+00:00,29.508143750000002,20.945297
2025-05-27 11:00:00+00:00,29.937822249999996,20.364447
2025-05-27 12:00:00+00:00,31.13488775,19.716532
2025-05-27 13:00:00+00:00,30.809532666666666,20.324707
2025-05-27 14:00:00+00:00,31.700710166666667,20.435976
2025-05-27 15:00:00+00:00,30.995350083333335,20.437944
2025-05-27 16:00:00+00:00,31.014211749999998,20.867908
2025-05-27 17:00:00+00:00,32.444571333333336,21.587934
2025-05-27 18:00:00+00:00,32.117016416666665,22.66139
2025-05-27 19:00:00+00:00,33.48177458333333,24.036152
2025-05-27 20:00:00+00:00,35.669420583333334,26.260727
2025-05-27 21:00:00+00:00,40.45794816666667,27.615011
2025-05-27 22:00:00+00:00,37.00468933333333,43.23491
2025-05-27 23:00:00+00:00,40.81266516666667,50.86439
2025-05-28 00:00:00+00:00,49.02450316666667,54.998215
2025-05-28 01:00:00+00:00,38.931756666666665,45.329548
2025-05-28 02:00:00+00:00,31.526522333333332,34.658775
2025-05-28 03:00:00+00:00,24.832854166666667,29.593575
2025-05-28 04:00:00+00:00,21.595080083333333,26.345583
2025-05-28 05:00:00+00:00,21.96692566666667,24.362473
2025-05-28 06:00:00+00:00,20.333227083333338,22.903101
2025-05-28 07:00:00+00:00,19.965663416666672,22.332596
2025-05-28 08:00:00+00:00,21.56999541666667,22.869804
2025-05-28 09:00:00+00:00,22.945325916666665,26.393822
2025-05-28 10:00:00+00:00,31.548166,32.999165
2025-05-28 11:00:00+00:00,37.893948916666666,34.70243
2025-05-28 12:00:00+00:00,38.847557916666666,32.19871
2025-05-28 13:00:00+00:00,36.39752333333333,32.664642
2025-05-28 14:00:00+00:00,35.813313,32.82423
2025-05-28 15:00:00+00:00,34.37799808333333,32.232628
2025-05-28 16:00:00+00:00,33.330238666666666,32.21478
2025-05-28 17:00:00+00:00,33.49554366666667,31.988495
2025-05-28 18:00:00+00:00,31.089772083333333,31.775318
2025-05-28 19:00:00+00:00,30.37196158333333,32.192314
2025-05-28 20:00:00+00:00,31.920972500000005,33.363674
2025-05-28 21:00:00+00:00,33.48292516666667,34.81499
2025-05-28 22:00:00+00:00,32.18158591666667,35.587425
2025-05-28 23:00:00+00:00,37.640872333333334,39.934803
2025-05-29 00:00:00+00:00,45.46063041666667,44.95424
2025-05-29 01:00:00+00:00,41.21500783333333,39.225315
2025-05-29 02:00:00+00:00,31.340332083333333,30.743416
2025-05-29 03:00:00+00:00,26.459885833333335,26.654503
2025-05-29 04:00:00+00:00,24.895057249999997,24.745564
2025-05-29 05:00:00+00:00,24.581608833333334,23.59256
2025-05-29 06:00:00+00:00,22.364116666666664,22.584696
2025-05-29 07:00:00+00:00,21.844574666666666,21.974598
2025-05-29 08:00:00+00:00,23.54183983333333,22.600777
2025-05-29 09:00:00+00:00,29.71361066666667,25.03994
2025-05-29 10:00:00+00:00,35.72946125,31.797361
2025-05-29 11:00:00+00:00,36.6267625,35.267086
2025-05-29 12:00:00+00:00,30.356981166666667,32.835857
2025-05-29 13:00:00+00:00,29.47525908333333,31.542894
2025-05-29 14:00:00+00:00,30.281638083333334,30.564657
2025-05-29 15:00:00+00:00,31.0330735,28.908743
2025-05-29 16:00:00+00:00,30.73991966666667,28.344824
2025-05-29 17:00:00+00:00,31.547313833333334,27.396135
2025-05-29 18:00:00+00:00,32.89238525,26.103823
2025-05-29 19:00:00+00:00,34.55251116666667,25.872591
2025-05-29 20:00:00+00:00,37.885498,27.187477
2025-05-29 21:00:00+00:00,41.760169499999996,28.326904
2025-05-29 22:00:00+00:00,47.662053166666674,43.53024
2025-05-29 23:00:00+00:00,55.06217566666667,48.212612
2025-05-30 00:00:00+00:00,61.978377833333326,51.855457
2025-05-30 01:00:00+00:00,51.92666966666667,44.506096
2025-05-30 02:00:00+00:00,44.4114085,34.11789
2025-05-30 03:00:00+00:00,33.64270758333333,29.063055
2025-05-30 04:00:00+00:00,25.237273499999997,26.894339
2025-05-30 05:00:00+00:00,22.44352491666666,25.448862
2025-05-30 06:00:00+00:00,20.33115808333333,24.002913
2025-05-30 07:00:00+00:00,19.662179416666664,23.431702
2025-05-30 08:00:00+00:00,20.094437833333334,23.915428
2025-05-30 09:00:00+00:00,23.747325333333333,26.039488
2025-05-30 10:00:00+00:00,27.9967245,30.8484
2025-05-30 11:00:00+00:00,30.673638666666665,31.936289
2025-05-30 12:00:00+00:00,33.55033341666667,28.5286
2025-05-30 13:00:00+00:00,32.48115816666667,27.945086
2025-05-30 14:00:00+00:00,31.096594083333333,28.28018
2025-05-30 15:00:00+00:00,27.984185333333333,27.975552
2025-05-30 16:00:00+00:00,29.446810916666667,28.549545
2025-05-30 17:00:00+00:00,27.773362416666668,28.731989
2025-05-30 18:00:00+00:00,29.052444333333334,28.229605
2025-05-30 19:00:00+00:00,28.708491583333327,28.94892
2025-05-30 20:00:00+00:00,31.13525666666667,31.098978
2025-05-30 21:00:00+00:00,31.73325758333333,33.532288
2025-05-30 22:00:00+00:00,30.40609625,34.17385
2025-05-30 23:00:00+00:00,31.54065258333333,38.749676
2025-05-31 00:00:00+00:00,32.817124416666665,42.880463
2025-05-31 01:00:00+00:00,31.736914083333332,37.503616
2025-05-31 02:00:00+00:00,25.588502166666665,30.057058
2025-05-31 03:00:00+00:00,23.145975833333335,25.784653
2025-05-31 04:00:00+00:00,22.855336923333336,23.334124
2025-05-31 05:00:00+00:00,22.564698013333338,21.59948
2025-05-31 06:00:00+00:00,22.274059103333336,20.380844
2025-06-01 04:00:00+00:00,15.880003083333332,19.705933
2025-06-01 05:00:00+00:00,16.552855083333334,19.393818
2025-06-01 06:00:00+00:00,16.134900833333333,19.35993
2025-06-01 07:00:00+00:00,15.801098750000001,21.173273
2025-06-01 08:00:00+00:00,15.67881191666667,22.63937
2025-06-01 09:00:00+00:00,16.18174225,22.709366
2025-06-01 10:00:00+00:00,16.267839833333333,23.320427
2025-06-01 11:00:00+00:00,15.805285249999999,23.052362
2025-06-01 12:00:00+00:00,15.10730425,22.159342
2025-06-01 13:00:00+00:00,15.110569000000002,22.089397
2025-06-01 14:00:00+00:00,15.560666583333335,21.918545
2025-06-01 15:00:00+00:00,15.493754750000003,21.417099
2025-06-01 16:00:00+00:00,15.317854916666667,21.576065
2025-06-01 17:00:00+00:00,15.538394583333334,22.576668
2025-06-01 18:00:00+00:00,15.169396833333332,24.09777
2025-06-01 19:00:00+00:00,16.309073666666666,15.853048
2025-06-01 20:00:00+00:00,16.448149333333333,18.344818
2025-06-01 21:00:00+00:00,19.358600166666665,21.25142
2025-06-01 22:00:00+00:00,24.021150583333334,20.538256
2025-06-01 23:00:00+00:00,27.503119916666666,18.567766
2025-06-02 00:00:00+00:00,34.15203375,17.642136
2025-06-02 01:00:00+00:00,30.776374333333333,16.829777
2025-06-02 02:00:00+00:00,25.42310941666667,15.715787
2025-06-02 03:00:00+00:00,20.312234583333336,14.907227
2025-06-02 04:00:00+00:00,15.1463305,14.142702
2025-06-02 05:00:00+00:00,14.948625166666666,13.592269
2025-06-02 06:00:00+00:00,14.853032166666665,13.207737
2025-06-02 07:00:00+00:00,14.125859333333333,13.827171
2025-06-02 08:00:00+00:00,14.803637416666664,14.363662
2025-06-02 09:00:00+00:00,16.336142916666667,13.8728485
2025-06-02 10:00:00+00:00,21.470179333333334,13.942002
2025-06-02 11:00:00+00:00,19.894867166666668,14.121365
2025-06-02 12:00:00+00:00,18.489792166666664,13.863038
2025-06-02 13:00:00+00:00,17.586485583333335,13.8890705
2025-06-02 14:00:00+00:00,17.452891083333338,14.268556
2025-06-02 15:00:00+00:00,17.6514615,14.3170185
2025-06-02 16:00:00+00:00,18.55176141666667,14.605392
2025-06-02 17:00:00+00:00,20.185305333333336,15.25078
2025-06-02 18:00:00+00:00,20.117158916666668,16.258617
2025-06-02 19:00:00+00:00,21.406879166666666,20.490353
2025-06-02 20:00:00+00:00,24.54129825,24.53919
2025-06-02 21:00:00+00:00,29.079374583333333,29.826195
2025-06-02 22:00:00+00:00,33.803083916666665,32.94649
2025-06-02 23:00:00+00:00,50.883174833333335,34.805485
2025-06-03 00:00:00+00:00,47.61852483333333,34.274208
2025-06-03 01:00:00+00:00,32.64897,30.165943
2025-06-03 02:00:00+00:00,22.413847750000002,25.495255
2025-06-03 03:00:00+00:00,16.866792833333335,22.384962
2025-06-03 04:00:00+00:00,14.772291583333331,20.198296
2025-06-03 05:00:00+00:00,14.343359999999999,18.33904
2025-06-03 06:00:00+00:00,14.179166166666667,17.531178
2025-06-03 07:00:00+00:00,13.676653166666664,17.095669
2025-06-03 08:00:00+00:00,14.56030825,18.153818
2025-06-03 09:00:00+00:00,16.36126108333334,20.574852
2025-06-03 10:00:00+00:00,20.301059583333334,22.939156
2025-06-03 11:00:00+00:00,20.922210916666668,24.513472
2025-06-03 12:00:00+00:00,19.289312666666667,24.717928
2025-06-03 13:00:00+00:00,18.69508975,23.83855
2025-06-03 14:00:00+00:00,18.600881333333334,23.209059
2025-06-03 15:00:00+00:00,20.168228666666668,22.980057
2025-06-03 16:00:00+00:00,21.15128408333333,22.338842
2025-06-03 17:00:00+00:00,23.121701583333333,22.655704
2025-06-03 18:00:00+00:00,25.7181865,24.0233
2025-06-03 19:00:00+00:00,27.740751500000002,27.611643
2025-06-03 20:00:00+00:00,31.44903175,29.826916
2025-06-03 21:00:00+00:00,37.05407491666667,33.675663
2025-06-03 22:00:00+00:00,44.96791483333333,37.510612
2025-06-03 23:00:00+00:00,51.63886658333333,38.15757
2025-06-04 00:00:00+00:00,40.66817325,34.284725
2025-06-04 01:00:00+00:00,32.96263641666667,28.037586
2025-06-04 02:00:00+00:00,26.641339833333333,22.918785
2025-06-04 03:00:00+00:00,22.2524425,19.910557
2025-06-04 04:00:00+00:00,20.680817583333333,17.400976
2025-06-04 05:00:00+00:00,20.788067,15.55811
2025-06-04 06:00:00+00:00,18.24924091666667,14.773413
2025-06-04 07:00:00+00:00,16.093779166666668,14.939678
2025-06-04 08:00:00+00:00,16.58820075,15.563623
2025-06-04 09:00:00+00:00,19.714220500000003,17.571243
2025-06-04 10:00:00+00:00,22.36682466666667,20.777187
2025-06-04 11:00:00+00:00,20.807340416666666,23.036001
2025-06-04 12:00:00+00:00,20.480946,23.702486
2025-06-04 13:00:00+00:00,21.77155833333333,24.594543
2025-06-04 14:00:00+00:00,25.993645166666667,25.989925
2025-06-04 15:00:00+00:00,30.847706666666664,27.478144
2025-06-04 16:00:00+00:00,30.590792750000002,28.69674
2025-06-04 17:00:00+00:00,33.84436325,30.132673
2025-06-04 18:00:00+00:00,36.36464183333333,30.836952
2025-06-04 19:00:00+00:00,38.57061133333333,38.94561
2025-06-04 20:00:00+00:00,43.77675108333333,43.420544
2025-06-04 21:00:00+00:00,57.60245199999999,49.92119
2025-06-04 22:00:00+00:00,67.04108808333334,54.35044
2025-06-04 23:00:00+00:00,60.90273966666667,53.44561
2025-06-05 00:00:00+00:00,50.8018175,46.619904
2025-06-05 01:00:00+00:00,44.709762500000004,37.735603
2025-06-05 02:00:00+00:00,34.566697500000004,31.430988
2025-06-05 03:00:00+00:00,29.781313416666666,27.356411
2025-06-05 04:00:00+00:00,25.308130833333333,23.782555
2025-06-05 05:00:00+00:00,24.160597083333336,21.09098
2025-06-05 06:00:00+00:00,21.32979,19.34771
2025-06-05 07:00:00+00:00,19.733686333333335,18.572048
2025-06-05 08:00:00+00:00,20.028773916666673,18.88533
2025-06-05 09:00:00+00:00,23.295587833333332,20.618748
2025-06-05 10:00:00+00:00,31.07764291666667,22.5378
2025-06-05 11:00:00+00:00,30.79792966666667,24.408596
2025-06-05 12:00:00+00:00,34.80088008333333,25.77688
2025-06-05 13:00:00+00:00,35.45279141666666,27.01837
2025-06-05 14:00:00+00:00,37.537819750000004,28.57152
2025-06-05 15:00:00+00:00,39.24477208333334,30.096258
2025-06-05 16:00:00+00:00,38.2430425,31.011055
2025-06-05 17:00:00+00:00,44.319558916666665,32.979416
2025-06-05 18:00:00+00:00,40.36359375,35.760765
2025-06-05 19:00:00+00:00,44.13949516666667,43.343155
2025-06-05 20:00:00+00:00,50.81280525,46.928856
2025-06-05 21:00:00+00:00,56.82476558333334,57.812103
2025-06-05 22:00:00+00:00,45.097679166666666,67.68944
2025-06-05 23:00:00+00:00,43.89082741666667,63.822605
2025-06-06 00:00:00+00:00,42.85245916666668,52.518135
2025-06-06 01:00:00+00:00,45.09769574999999,43.06665
2025-06-06 02:00:00+00:00,37.152839416666666,36.465363
2025-06-06 03:00:00+00:00,31.33742375,31.902975
2025-06-06 04:00:00+00:00,26.14874675,28.47004
2025-06-06 05:00:00+00:00,24.901190833333334,26.13811
2025-06-06 06:00:00+00:00,22.6881975,24.48943
2025-06-06 07:00:00+00:00,21.845491,22.738655
2025-06-06 08:00:00+00:00,22.101866916666665,23.745724
2025-06-06 09:00:00+00:00,24.788742916666667,27.998129
2025-06-06 10:00:00+00:00,28.151668333333333,33.20517
2025-06-06 11:00:00+00:00,29.73474508333333,37.57403
2025-06-06 12:00:00+00:00,28.96986491666667,37.917194
2025-06-06 13:00:00+00:00,28.900894500000003,35.771748
2025-06-06 14:00:00+00:00,31.812515416666667,35.402084
2025-06-06 15:00:00+00:00,35.41997225,36.481712
2025-06-06 16:00:00+00:00,35.80889825,36.784355
2025-06-06 17:00:00+00:00,38.24660683333334,37.00291
2025-06-06 18:00:00+00:00,38.85816,37.036274
2025-06-06 19:00:00+00:00,42.8678035,40.386955
2025-06-06 20:00:00+00:00,46.474178083333335,44.64155
2025-06-06 21:00:00+00:00,48.176897,47.783356
2025-06-06 22:00:00+00:00,44.45397191666667,46.482697
2025-06-06 23:00:00+00:00,46.008679,43.759403
2025-06-07 00:00:00+00:00,42.465388666666655,41.69074
2025-06-07 01:00:00+00:00,40.495245000000004,38.722553
2025-06-07 02:00:00+00:00,34.026122916666665,34.739475
2025-06-07 03:00:00+00:00,28.04684908333333,30.50687
2025-06-07 04:00:00+00:00,30.264150666666666,27.800745
2025-06-07 05:00:00+00:00,30.827453833333333,25.910786
2025-06-07 06:00:00+00:00,27.005811833333336,24.403788
2025-06-07 07:00:00+00:00,23.591048333333337,23.215862
2025-06-07 08:00:00+00:00,23.328205666666666,23.182049
2025-06-07 09:00:00+00:00,23.30856266666667,24.238604
2025-06-07 10:00:00+00:00,23.086675916666668,25.585657
2025-06-07 11:00:00+00:00,25.407451749999996,26.040493
2025-06-07 12:00:00+00:00,27.54076275,26.23814
2025-06-07 13:00:00+00:00,30.625253583333333,26.458921
2025-06-07 14:00:00+00:00,29.561187750000002,26.630236
2025-06-07 15:00:00+00:00,29.649461416666664,27.835537
2025-06-07 16:00:00+00:00,30.576594,28.331009
2025-06-07 17:00:00+00:00,34.59212766666666,29.134378
2025-06-07 18:00:00+00:00,37.75372216666667,31.296432
2025-06-07 19:00:00+00:00,38.2927585,40.94475
2025-06-07 20:00:00+00:00,40.676798416666664,44.84523
2025-06-07 21:00:00+00:00,54.92839491666667,48.179184
2025-06-07 22:00:00+00:00,48.90879949999999,49.04264
2025-06-07 23:00:00+00:00,50.46812258333333,49.298653
2025-06-08 00:00:00+00:00,44.10025658333333,47.53583
2025-06-08 01:00:00+00:00,40.11095316666667,42.09409
2025-06-08 02:00:00+00:00,34.770127333333335,36.545345
2025-06-08 03:00:00+00:00,29.120088499999998,32.982548
2025-06-08 04:00:00+00:00,26.383347166666667,30.431664
2025-06-08 05:00:00+00:00,23.328406416666667,27.985672
2025-06-08 06:00:00+00:00,20.956663583333334,25.719635
2025-06-08 07:00:00+00:00,17.60169475,23.705856
2025-06-08 08:00:00+00:00,16.79655766666667,22.15406
2025-06-08 09:00:00+00:00,17.357630166666667,21.244709
2025-06-08 10:00:00+00:00,16.267469416666668,20.847103
2025-06-08 11:00:00+00:00,18.102557083333334,20.953438
2025-06-08 12:00:00+00:00,21.43200733333333,21.545218
2025-06-08 13:00:00+00:00,22.89494366666667,22.677057
2025-06-08 14:00:00+00:00,25.045108083333332,23.960857
2025-06-08 15:00:00+00:00,25.726677,25.742971
2025-06-08 16:00:00+00:00,26.356880666666665,27.402475
2025-06-08 17:00:00+00:00,27.694532083333332,29.752172
2025-06-08 18:00:00+00:00,25.567911000000002,32.31127
2025-06-08 19:00:00+00:00,26.58933275,26.897665
2025-06-08 20:00:00+00:00,29.117844583333333,28.84051
2025-06-08 21:00:00+00:00,31.218214833333334,32.674057
2025-06-08 22:00:00+00:00,31.440420333333332,35.802597
2025-06-08 23:00:00+00:00,34.41361233333333,36.104603
2025-06-09 00:00:00+00:00,41.49919416666667,34.591637
2025-06-09 01:00:00+00:00,36.2560475,31.56407
2025-06-09 02:00:00+00:00,31.729261666666666,26.867102
2025-06-09 03:00:00+00:00,25.495521333333333,22.66735
2025-06-09 04:00:00+00:00,17.373261666666668,20.04774
2025-06-09 05:00:00+00:00,15.989299750000002,18.548773
2025-06-09 06:00:00+00:00,13.746841916666666,17.406006
2025-06-09 07:00:00+00:00,13.155424250000001,16.324314
2025-06-09 08:00:00+00:00,14.50428275,16.725735
2025-06-09 09:00:00+00:00,20.098007,19.265614
2025-06-09 10:00:00+00:00,21.535125333333337,21.945202
2025-06-09 11:00:00+00:00,24.837693833333333,24.655392
2025-06-09 12:00:00+00:00,25.150373416666667,26.662619
2025-06-09 13:00:00+00:00,25.004898583333333,27.74275
2025-06-09 14:00:00+00:00,25.050819500000003,28.939571
2025-06-09 15:00:00+00:00,24.812373583333336,29.98693
2025-06-09 16:00:00+00:00,24.177614416666668,30.105263
2025-06-09 17:00:00+00:00,25.631980833333333,30.08271
2025-06-09 18:00:00+00:00,26.74820083333333,30.193003
2025-06-09 19:00:00+00:00,27.511700500000003,26.991438
2025-06-09 20:00:00+00:00,31.56809158333333,28.049042
2025-06-09 21:00:00+00:00,33.19180483333333,29.919628
2025-06-09 22:00:00+00:00,33.44369041666667,33.008396
2025-06-09 23:00:00+00:00,40.78225341666666,36.484783
2025-06-10 00:00:00+00:00,44.219773,37.279083
2025-06-10 01:00:00+00:00,37.792675583333335,33.06803
2025-06-10 02:00:00+00:00,32.299914666666666,27.608458
2025-06-10 03:00:00+00:00,23.22944116666666,23.154036
2025-06-10 04:00:00+00:00,22.186057083333335,20.111427
2025-06-10 05:00:00+00:00,21.464233166666663,18.054829
2025-06-10 06:00:00+00:00,18.623236666666667,16.643703
2025-06-10 07:00:00+00:00,17.899711583333332,16.282364
2025-06-10 08:00:00+00:00,17.9190145,16.720198
2025-06-10 09:00:00+00:00,22.11609191666666,17.897165
2025-06-10 10:00:00+00:00,24.33784633333333,20.874516
2025-06-10 11:00:00+00:00,25.545380166666664,23.333858
2025-06-10 12:00:00+00:00,24.3660015,23.66572
2025-06-10 13:00:00+00:00,25.525419166666666,23.58056
2025-06-10 14:00:00+00:00,25.297918083333332,23.49707
2025-06-10 15:00:00+00:00,26.740420166666663,23.651695
2025-06-10 16:00:00+00:00,27.827193166666664,23.865896
2025-06-10 17:00:00+00:00,29.042396166666666,24.048763
2025-06-10 18:00:00+00:00,30.355136666666667,24.364407
2025-06-10 19:00:00+00:00,32.0482895,31.92276
2025-06-10 20:00:00+00:00,35.27048275,33.51175
2025-06-10 21:00:00+00:00,40.57852425,36.192978
2025-06-10 22:00:00+00:00,45.266823249999995,39.923855
2025-06-10 23:00:00+00:00,50.958198333333335,43.413277
2025-06-11 00:00:00+00:00,45.27859758333333,42.131996
2025-06-11 01:00:00+00:00,37.355904083333336,36.174263
2025-06-11 02:00:00+00:00,28.24789283333333,30.724371
2025-06-11 03:00:00+00:00,23.65400741666667,26.818613
2025-06-11 04:00:00+00:00,18.918141000000002,23.32112
2025-06-11 05:00:00+00:00,15.226817250000002,20.736324
2025-06-11 06:00:00+00:00,13.89565975,18.970154
2025-06-11 07:00:00+00:00,11.96802175,18.057251
2025-06-11 08:00:00+00:00,11.653708,17.80297
2025-06-11 09:00:00+00:00,13.941152416666666,19.287838
2025-06-11 10:00:00+00:00,17.94322225,21.829115
2025-06-11 11:00:00+00:00,18.172901583333335,23.750132
2025-06-11 12:00:00+00:00,17.716801416666666,25.012112
2025-06-11 13:00:00+00:00,20.16969491666667,25.730028
2025-06-11 14:00:00+00:00,23.334328083333332,25.940622
2025-06-11 15:00:00+00:00,24.590843250000002,26.607336
2025-06-11 16:00:00+00:00,27.26648308333333,28.00678
2025-06-11 17:00:00+00:00,31.023373416666672,29.280783
2025-06-11 18:00:00+00:00,34.817988750000005,29.873674
2025-06-11 19:00:00+00:00,40.03857158333333,38.460155
2025-06-11 20:00:00+00:00,47.223009083333324,41.753094
2025-06-11 21:00:00+00:00,66.40277508333334,46.647945
2025-06-11 22:00:00+00:00,70.66479633333334,50.12217
2025-06-11 23:00:00+00:00,69.50166075,49.65571
2025-06-12 00:00:00+00:00,54.62849716666666,44.72912
2025-06-12 01:00:00+00:00,42.737883833333335,37.339912
2025-06-12 02:00:00+00:00,32.51347566666667,30.610128
2025-06-12 03:00:00+00:00,25.288859916666663,25.818727
2025-06-12 04:00:00+00:00,21.745538333333332,21.672
2025-06-12 05:00:00+00:00,19.686713416666667,18.604244
2025-06-12 06:00:00+00:00,17.311741333333337,16.844704
2025-06-12 07:00:00+00:00,16.453025583333332,15.527611
2025-06-12 08:00:00+00:00,16.987056,15.253534
2025-06-12 09:00:00+00:00,19.75504691666667,16.927046
2025-06-12 10:00:00+00:00,23.588678249999997,19.83625
2025-06-12 11:00:00+00:00,22.73828175,22.150055
2025-06-12 12:00:00+00:00,23.001982166666664,23.917267
2025-06-12 13:00:00+00:00,23.895543833333335,26.582035
2025-06-12 14:00:00+00:00,29.288127,29.762218
2025-06-12 15:00:00+00:00,33.87028658333333,32.758392
2025-06-12 16:00:00+00:00,38.80122666666667,35.582016
2025-06-12 17:00:00+00:00,45.89795291666667,38.327595
2025-06-12 18:00:00+00:00,50.170494166666664,40.24487
2025-06-12 19:00:00+00:00,61.30248208333333,57.74295
2025-06-12 20:00:00+00:00,70.112958,68.141655
2025-06-12 21:00:00+00:00,91.48495933333334,82.27215
2025-06-12 22:00:00+00:00,86.46128583333332,84.49955
2025-06-12 23:00:00+00:00,70.11710275,75.00829
2025-06-13 00:00:00+00:00,55.53860266666667,62.500298
2025-06-13 01:00:00+00:00,47.336722333333334,49.207275
2025-06-13 02:00:00+00:00,38.59082516666667,38.708614
2025-06-13 03:00:00+00:00,31.918321416666668,31.776436
2025-06-13 04:00:00+00:00,26.59583016666667,26.785807
2025-06-13 05:00:00+00:00,24.535736583333332,23.11609
2025-06-13 06:00:00+00:00,21.437468166666665,19.894
2025-06-13 07:00:00+00:00,20.47866516666667,17.904408
2025-06-13 08:00:00+00:00,20.046396916666666,18.604073
2025-06-13 09:00:00+00:00,22.648782583333332,21.23651
2025-06-13 10:00:00+00:00,26.62355325,24.438345
2025-06-13 11:00:00+00:00,32.03903341666667,27.13317
2025-06-13 12:00:00+00:00,32.09680316666667,28.297327
2025-06-13 13:00:00+00:00,33.8584035,29.918373
2025-06-13 14:00:00+00:00,36.089117333333334,33.27745
2025-06-13 15:00:00+00:00,41.84010099999999,37.501835
2025-06-13 16:00:00+00:00,41.51014583333333,41.246605
2025-06-13 17:00:00+00:00,44.054343916666674,45.345497
2025-06-13 18:00:00+00:00,47.15711091666666,50.175865
2025-06-13 19:00:00+00:00,45.72872208333334,50.789185
2025-06-13 20:00:00+00:00,50.051187083333325,57.66629
2025-06-13 21:00:00+00:00,50.360556916666674,67.00256
2025-06-13 22:00:00+00:00,43.33420666666667,67.29409
2025-06-13 23:00:00+00:00,41.87761283333334,58.13108
2025-06-14 00:00:00+00:00,41.610221833333334,48.25219
2025-06-14 01:00:00+00:00,40.44441208333333,40.26269
2025-06-14 02:00:00+00:00,33.780678083333335,35.061275
2025-06-14 03:00:00+00:00,28.760081333333336,30.2407
2025-06-14 04:00:00+00:00,32.076220416666665,26.516483
2025-06-14 05:00:00+00:00,28.884444666666663,24.047531
2025-06-14 06:00:00+00:00,23.85023275,21.750519
2025-06-14 07:00:00+00:00,22.910577,19.818108
2025-06-14 08:00:00+00:00,22.57223166666667,19.081408
2025-06-14 09:00:00+00:00,23.225062750000003,20.572514
2025-06-14 10:00:00+00:00,23.046558,23.340862
2025-06-14 11:00:00+00:00,22.710081833333334,25.975443
2025-06-14 12:00:00+00:00,29.103759166666666,28.074825
2025-06-14 13:00:00+00:00,30.70090641666667,29.149288
2025-06-14 14:00:00+00:00,29.840082,31.128063
2025-06-14 15:00:00+00:00,34.44596716666667,33.81896
2025-06-14 16:00:00+00:00,35.86182516666667,35.86791
2025-06-14 17:00:00+00:00,37.63493341666666,37.85085
2025-06-14 18:00:00+00:00,36.668791,40.824295
2025-06-14 19:00:00+00:00,37.90605416666667,38.162754
2025-06-14 20:00:00+00:00,43.75302633333333,40.062923
2025-06-14 21:00:00+00:00,47.85802425000001,41.59272
2025-06-14 22:00:00+00:00,41.31654408333333,40.677887
2025-06-14 23:00:00+00:00,39.72939933333333,39.890324
2025-06-15 00:00:00+00:00,37.112874999999995,39.611332
2025-06-15 01:00:00+00:00,38.95537225,36.93642
2025-06-15 02:00:00+00:00,34.00934083333333,33.583923
2025-06-15 03:00:00+00:00,27.139446083333336,31.248665
2025-06-15 04:00:00+00:00,18.554590833333332,28.438425
2025-06-15 05:00:00+00:00,16.29956725,25.151176
2025-06-15 06:00:00+00:00,15.261393750000002,22.491924
2025-06-15 07:00:00+00:00,14.027462083333333,20.790104
2025-06-15 08:00:00+00:00,14.271069916666667,19.765837
2025-06-15 09:00:00+00:00,14.047658333333333,19.288147
2025-06-15 10:00:00+00:00,13.542723166666667,19.275837
2025-06-15 11:00:00+00:00,14.38761675,20.049835
2025-06-15 12:00:00+00:00,16.083028666666667,21.329311
2025-06-15 13:00:00+00:00,17.00817825,23.27962
2025-06-15 14:00:00+00:00,18.05997575,25.810928
2025-06-15 15:00:00+00:00,20.89017983333333,28.072483
2025-06-15 16:00:00+00:00,22.674925,29.638435
2025-06-15 17:00:00+00:00,23.58283691666667,31.205154
2025-06-15 18:00:00+00:00,25.174447166666667,32.322994
2025-06-15 19:00:00+00:00,26.892851333333333,27.962894
2025-06-15 20:00:00+00:00,30.247948249999997,30.8744
2025-06-15 21:00:00+00:00,32.557692583333335,34.25379
2025-06-15 22:00:00+00:00,34.02829775,34.942448
2025-06-15 23:00:00+00:00,37.78478808333333,33.809906
2025-06-16 00:00:00+00:00,35.531691583333334,32.68844
2025-06-16 01:00:00+00:00,33.96433866666666,29.77802
2025-06-16 02:00:00+00:00,27.31986716666667,25.236868
2025-06-16 03:00:00+00:00,21.629955749999997,21.032885
2025-06-16 04:00:00+00:00,19.025286583333333,17.493906
2025-06-16 05:00:00+00:00,20.215924583333333,14.586975
2025-06-16 06:00:00+00:00,16.441018916666668,12.560848
2025-06-16 07:00:00+00:00,15.3500865,11.678209
2025-06-16 08:00:00+00:00,17.037888499999998,11.370834
2025-06-16 09:00:00+00:00,20.868663833333333,12.313408
2025-06-16 10:00:00+00:00,23.848553083333332,14.791151
2025-06-16 11:00:00+00:00,28.21614091666666,16.085436
2025-06-16 12:00:00+00:00,31.814203916666667,16.331688
2025-06-16 13:00:00+00:00,34.10835683333333,18.058037
2025-06-16 14:00:00+00:00,35.784670166666665,20.61105
2025-06-16 15:00:00+00:00,38.92707225,22.885792
2025-06-16 16:00:00+00:00,46.188456,25.229492
2025-06-16 17:00:00+00:00,47.181247,27.430792
2025-06-16 18:00:00+00:00,50.28562066666666,28.921225
2025-06-16 19:00:00+00:00,50.170129416666676,53.39896
2025-06-16 20:00:00+00:00,55.79739608333333,58.38891
2025-06-16 21:00:00+00:00,60.75334966666667,64.32035
2025-06-16 22:00:00+00:00,59.40840991666666,64.921715
2025-06-16 23:00:00+00:00,61.23461041666667,60.82191
2025-06-17 00:00:00+00:00,60.36129433333334,54.29785
2025-06-17 01:00:00+00:00,54.041128333333326,46.02754
2025-06-17 02:00:00+00:00,44.501431,38.114403
2025-06-17 03:00:00+00:00,31.845157166666663,31.245619
2025-06-17 04:00:00+00:00,21.775663249999997,26.711674
2025-06-17 05:00:00+00:00,19.99553791666667,22.770763
2025-06-17 06:00:00+00:00,16.304643166666672,19.166462
2025-06-17 07:00:00+00:00,15.099803583333333,17.186369
2025-06-17 08:00:00+00:00,15.482722500000001,16.94785
2025-06-17 09:00:00+00:00,20.737199333333336,19.153358
2025-06-17 10:00:00+00:00,26.089385166666666,21.64729
2025-06-17 11:00:00+00:00,26.912353333333332,24.850878
2025-06-17 12:00:00+00:00,29.029867499999998,27.41067
2025-06-17 13:00:00+00:00,29.869310916666667,29.924683
2025-06-17 14:00:00+00:00,30.841765416666664,32.458508
2025-06-17 15:00:00+00:00,33.887210833333334,34.08816
2025-06-17 16:00:00+00:00,34.75014841666667,34.370968
2025-06-17 17:00:00+00:00,40.997602,35.842117
2025-06-17 18:00:00+00:00,45.84001441666667,39.146744
2025-06-17 19:00:00+00:00,49.163133416666675,50.171913
2025-06-17 20:00:00+00:00,54.32294558333333,54.146248
2025-06-17 21:00:00+00:00,60.08720258333333,58.330208
2025-06-17 22:00:00+00:00,56.116970333333335,58.954823
2025-06-17 23:00:00+00:00,53.30140883333333,55.798004
2025-06-18 00:00:00+00:00,48.10095483333333,50.254005
2025-06-18 01:00:00+00:00,43.81772708333333,42.576015
2025-06-18 02:00:00+00:00,32.811601833333334,35.030247
2025-06-18 03:00:00+00:00,28.727615416666666,29.030336
2025-06-18 04:00:00+00:00,29.44359808333333,24.585148
2025-06-18 05:00:00+00:00,26.564453,21.192091
2025-06-18 06:00:00+00:00,23.821489916666664,18.474783
2025-06-18 07:00:00+00:00,22.559001833333337,16.889153
2025-06-18 08:00:00+00:00,23.239298416666667,16.762903
2025-06-18 09:00:00+00:00,25.424746000000003,18.114647
2025-06-18 10:00:00+00:00,30.525409333333332,21.39144
2025-06-18 11:00:00+00:00,30.89325008333333,23.71323
2025-06-18 12:00:00+00:00,31.535792583333333,24.216936
2025-06-18 13:00:00+00:00,31.316464333333332,25.75322
2025-06-18 14:00:00+00:00,33.867871083333334,28.292255
2025-06-18 15:00:00+00:00,34.82598525,31.29106
2025-06-18 16:00:00+00:00,36.54072033333333,34.19751
2025-06-18 17:00:00+00:00,39.87688908333333,37.563385
2025-06-18 18:00:00+00:00,41.693257416666675,40.692017
2025-06-18 19:00:00+00:00,47.254112166666665,44.536655
2025-06-18 20:00:00+00:00,55.80597658333333,49.02823
2025-06-18 21:00:00+00:00,62.73895191666667,52.18566
2025-06-18 22:00:00+00:00,62.681982166666664,50.15832
2025-06-18 23:00:00+00:00,58.68859166666667,45.988663
2025-06-19 00:00:00+00:00,50.429632500000004,41.735767
2025-06-19 01:00:00+00:00,44.06867441666666,36.499916
2025-06-19 02:00:00+00:00,36.81596458333333,31.626705
2025-06-19 03:00:00+00:00,31.792393500000003,27.953032
2025-06-19 04:00:00+00:00,30.809621083333337,25.128788
2025-06-19 05:00:00+00:00,27.798412499999998,22.784336
2025-06-19 06:00:00+00:00,24.700999249999995,21.436352
2025-06-19 07:00:00+00:00,22.887143,20.639675
2025-06-19 08:00:00+00:00,22.83874833333333,20.926304
2025-06-19 09:00:00+00:00,25.429944833333334,22.860767
2025-06-19 10:00:00+00:00,29.226358666666666,25.090868
2025-06-19 11:00:00+00:00,29.807593833333332,27.111626
2025-06-19 12:00:00+00:00,30.57103933333333,28.529148
2025-06-19 13:00:00+00:00,34.324041,30.185337
2025-06-19 14:00:00+00:00,37.30779725,32.033394
2025-06-19 15:00:00+00:00,38.567573833333334,33.687576
2025-06-19 16:00:00+00:00,39.76745758333333,35.009163
2025-06-19 17:00:00+00:00,44.06566541666667,36.6408
2025-06-19 18:00:00+00:00,43.79686375,38.639885
2025-06-19 19:00:00+00:00,48.41830441666667,47.121353
2025-06-19 20:00:00+00:00,58.24101216666667,52.830734
2025-06-19 21:00:00+00:00,67.3053675,59.797676
2025-06-19 22:00:00+00:00,61.570082000000006,59.06391
2025-06-19 23:00:00+00:00,57.07327408333333,54.2823
2025-06-20 00:00:00+00:00,53.62065691666667,49.697914
2025-06-20 01:00:00+00:00,45.76477716666667,43.416386
2025-06-20 02:00:00+00:00,37.82071316666667,36.961227
2025-06-20 03:00:00+00:00,34.17138858333333,32.359882
2025-06-20 04:00:00+00:00,27.174638083333335,29.161608
2025-06-20 05:00:00+00:00,26.050520583333334,26.53936
2025-06-20 06:00:00+00:00,23.284297249999998,24.303337
2025-06-20 07:00:00+00:00,22.436957666666665,22.839043
2025-06-20 08:00:00+00:00,22.267446666666668,22.177185
2025-06-20 09:00:00+00:00,22.559875333333334,23.449013
2025-06-20 10:00:00+00:00,24.049181416666666,27.035507
2025-06-20 11:00:00+00:00,24.300363083333334,29.45229
2025-06-20 12:00:00+00:00,23.79337741666667,29.767105
2025-06-20 13:00:00+00:00,23.983506000000002,31.82998
2025-06-20 14:00:00+00:00,25.718908916666667,34.86449
2025-06-20 15:00:00+00:00,28.886657416666665,36.958637
2025-06-20 16:00:00+00:00,31.634714833333334,38.872517
2025-06-20 17:00:00+00:00,33.75372266666667,40.89821
2025-06-20 18:00:00+00:00,35.89288966666667,42.60728
2025-06-20 19:00:00+00:00,36.310093333333334,37.897358
2025-06-20 20:00:00+00:00,39.382361583333335,42.899567
2025-06-20 21:00:00+00:00,45.967547249999996,47.402485
2025-06-20 22:00:00+00:00,46.86705375,47.485184
2025-06-20 23:00:00+00:00,51.666971916666654,44.50765
2025-06-21 00:00:00+00:00,39.74090391666667,41.35224
2025-06-21 01:00:00+00:00,36.85625525,38.100777
2025-06-21 02:00:00+00:00,32.25849683333333,34.21021
2025-06-21 03:00:00+00:00,27.84953708333333,30.727566
2025-06-21 04:00:00+00:00,22.200682166666667,28.221565
2025-06-21 05:00:00+00:00,21.301092999999998,26.174532
2025-06-21 06:00:00+00:00,19.48425816666667,24.090351
2025-06-21 07:00:00+00:00,18.457378000000002,22.316376
2025-06-21 08:00:00+00:00,17.881609916666665,21.23898
2025-06-21 09:00:00+00:00,17.256119416666667,20.351318
2025-06-21 10:00:00+00:00,17.487389750000006,20.041288
2025-06-21 11:00:00+00:00,17.373740083333335,20.040474
2025-06-21 12:00:00+00:00,19.79730166666667,20.674824
2025-06-21 13:00:00+00:00,21.815317166666667,21.664515
2025-06-21 14:00:00+00:00,26.348244249999993,23.204113
2025-06-21 15:00:00+00:00,30.07241541666667,25.33847
2025-06-21 16:00:00+00:00,32.64526683333333,27.382975
2025-06-21 17:00:00+00:00,34.686915,29.930769
2025-06-21 18:00:00+00:00,37.8738615,32.93108
2025-06-21 19:00:00+00:00,40.33113758333334,41.601746
2025-06-21 20:00:00+00:00,45.687486166666666,45.685173
2025-06-21 21:00:00+00:00,52.2652735,50.553963
2025-06-21 22:00:00+00:00,52.98687283333334,52.467243
2025-06-21 23:00:00+00:00,57.65088633333334,50.052753
2025-06-22 00:00:00+00:00,46.979099666666656,45.33969
2025-06-22 01:00:00+00:00,41.553823083333334,39.75344
2025-06-22 02:00:00+00:00,36.370613166666665,34.021645
2025-06-22 03:00:00+00:00,31.140787833333334,29.170113
2025-06-22 04:00:00+00:00,26.406942583333333,24.921291
2025-06-22 05:00:00+00:00,22.42519575,21.338116
2025-06-22 06:00:00+00:00,21.12344125,18.797318
2025-06-22 07:00:00+00:00,20.404094583333336,16.931412
2025-06-22 08:00:00+00:00,19.36803441666667,15.456543
2025-06-22 09:00:00+00:00,18.532405833333332,14.708879
2025-06-22 10:00:00+00:00,18.781875666666668,15.024155
2025-06-22 11:00:00+00:00,19.010312916666667,16.439928
2025-06-22 12:00:00+00:00,21.279616833333332,18.243792
2025-06-22 13:00:00+00:00,25.180555666666667,21.345127
2025-06-22 14:00:00+00:00,32.62042666666667,25.347551
2025-06-22 15:00:00+00:00,37.49150366666667,28.590757
2025-06-22 16:00:00+00:00,42.113235916666675,31.738255
2025-06-22 17:00:00+00:00,47.50377700000001,35.75674
2025-06-22 18:00:00+00:00,56.725214083333334,38.692028
2025-06-22 19:00:00+00:00,63.349150249999994,63.6401
2025-06-22 20:00:00+00:00,84.74655291666666,71.45708
2025-06-22 21:00:00+00:00,100.71199116666666,81.79732
2025-06-22 22:00:00+00:00,117.17509808333334,83.96312
2025-06-22 23:00:00+00:00,113.95960833333334,76.69479
2025-06-23 00:00:00+00:00,91.69245633333333,65.774635
2025-06-23 01:00:00+00:00,63.72652158333333,54.177822
2025-06-23 02:00:00+00:00,50.49898733333333,44.642754
2025-06-23 03:00:00+00:00,39.67843366666667,37.511993
2025-06-23 04:00:00+00:00,34.176503333333336,32.01886
2025-06-23 05:00:00+00:00,30.343036916666662,27.648003
2025-06-23 06:00:00+00:00,26.912016500000004,23.41952
2025-06-23 07:00:00+00:00,23.762184416666667,21.01381
2025-06-23 08:00:00+00:00,24.307743000000002,20.715641
2025-06-23 09:00:00+00:00,27.335939999999997,21.186573
2025-06-23 10:00:00+00:00,30.774867,23.565514
2025-06-23 11:00:00+00:00,33.275190583333334,27.153183
2025-06-23 12:00:00+00:00,34.903459250000004,29.957561
2025-06-23 13:00:00+00:00,42.80554683333333,33.704517
2025-06-23 14:00:00+00:00,59.938735,38.472694
2025-06-23 15:00:00+00:00,77.884312,43.63001
2025-06-23 16:00:00+00:00,85.557908,48.734997
2025-06-23 17:00:00+00:00,110.99531258333333,53.34075
2025-06-23 18:00:00+00:00,127.17349483333334,57.962624
2025-06-23 19:00:00+00:00,149.79191083333333,159.31993
2025-06-23 20:00:00+00:00,209.84865716666664,184.37424
2025-06-23 21:00:00+00:00,234.13858641666664,199.59328
2025-06-23 22:00:00+00:00,259.89443108333336,190.30298
2025-06-23 23:00:00+00:00,252.11790741666667,160.83832
2025-06-24 00:00:00+00:00,191.34029433333333,125.72548
2025-06-24 01:00:00+00:00,120.34167141666667,93.92204
2025-06-24 02:00:00+00:00,85.64637566666666,69.50761
2025-06-24 03:00:00+00:00,61.23422208333333,52.48556
2025-06-24 04:00:00+00:00,54.51078616666666,42.521286
2025-06-24 05:00:00+00:00,43.71248058333333,36.78591
2025-06-24 06:00:00+00:00,35.71780375,27.7615
2025-06-24 07:00:00+00:00,33.38481291666667,20.5427
2025-06-24 08:00:00+00:00,32.271128166666664,24.027521
2025-06-24 09:00:00+00:00,34.38622708333333,28.461327
2025-06-24 10:00:00+00:00,39.699091,30.598137
2025-06-24 11:00:00+00:00,43.138925416666666,34.610653
2025-06-24 12:00:00+00:00,49.86645491666667,39.031387
2025-06-24 13:00:00+00:00,59.11811541666666,45.6304
2025-06-24 14:00:00+00:00,77.47744433333334,56.410744
2025-06-24 15:00:00+00:00,97.48217749999999,68.079865
2025-06-24 16:00:00+00:00,123.44221974999999,77.82939
2025-06-24 17:00:00+00:00,155.604928,89.09604
2025-06-24 18:00:00+00:00,197.5759705,111.66051
2025-06-24 19:00:00+00:00,244.15623816666667,252.65588
2025-06-24 20:00:00+00:00,314.73707083333335,285.09265
2025-06-24 21:00:00+00:00,375.44656891666665,316.1817
2025-06-24 22:00:00+00:00,381.93290966666666,310.6094
2025-06-24 23:00:00+00:00,384.5988535833333,259.41324
2025-06-25 00:00:00+00:00,248.36178641666666,192.4425
2025-06-25 01:00:00+00:00,136.89713091666667,134.49527
2025-06-25 02:00:00+00:00,77.25446275,96.16004
2025-06-25 03:00:00+00:00,57.95496016666667,72.20401
2025-06-25 04:00:00+00:00,58.38124283333334,56.45252
2025-06-25 05:00:00+00:00,44.28536916666667,46.682747
2025-06-25 06:00:00+00:00,36.0523175,31.268467
2025-06-25 07:00:00+00:00,33.557441833333336,17.414783
2025-06-25 08:00:00+00:00,32.84980266666667,21.38548
2025-06-25 09:00:00+00:00,34.903402,28.240936
2025-06-25 10:00:00+00:00,41.92574341666667,29.482836
2025-06-25 11:00:00+00:00,43.101238249999994,34.175842
2025-06-25 12:00:00+00:00,47.74246608333334,40.30812
2025-06-25 13:00:00+00:00,58.123544,46.773407
2025-06-25 14:00:00+00:00,75.9838155,59.204395
2025-06-25 15:00:00+00:00,91.85495225,76.66632
2025-06-25 16:00:00+00:00,109.18845658333333,92.91841
2025-06-25 17:00:00+00:00,128.7282655,115.103035
2025-06-25 18:00:00+00:00,140.43127541666667,151.32133
2025-06-25 19:00:00+00:00,154.2749905,164.03006
2025-06-25 20:00:00+00:00,195.27727691666666,182.46973
2025-06-25 21:00:00+00:00,231.06530616666666,211.07118
2025-06-25 22:00:00+00:00,231.91442625,224.66812
2025-06-25 23:00:00+00:00,220.46589683333332,202.50534
2025-06-26 00:00:00+00:00,142.98617158333334,150.89519
2025-06-26 01:00:00+00:00,89.73909583333334,106.26608
2025-06-26 02:00:00+00:00,65.78734525,81.10787
2025-06-26 03:00:00+00:00,54.770428083333336,65.76401
2025-06-26 04:00:00+00:00,55.995744916666666,55.628395
2025-06-26 05:00:00+00:00,45.04546883333333,46.86305
2025-06-26 06:00:00+00:00,32.960405333333334,35.898705
2025-06-26 07:00:00+00:00,29.33654816666667,28.76279
2025-06-26 08:00:00+00:00,29.282805166666666,26.593887
2025-06-26 09:00:00+00:00,34.352194583333336,30.32349
2025-06-26 10:00:00+00:00,38.77731058333333,30.569492
2025-06-26 11:00:00+00:00,39.982991750000004,32.99151
2025-06-26 12:00:00+00:00,43.839296166666664,38.824585
2025-06-26 13:00:00+00:00,54.53982741666667,40.298756
2025-06-26 14:00:00+00:00,59.63022741666666,43.233818
2025-06-26 15:00:00+00:00,69.69599275,53.468132
2025-06-26 16:00:00+00:00,75.19951283333333,62.07043
2025-06-26 17:00:00+00:00,80.16969024999999,72.32812
2025-06-26 18:00:00+00:00,87.58005408333334,85.34842
2025-06-26 19:00:00+00:00,94.38410708333333,91.29404
2025-06-26 20:00:00+00:00,109.53745541666666,95.211655
2025-06-26 21:00:00+00:00,110.96716716666667,103.38696
2025-06-26 22:00:00+00:00,111.361837,109.157585
2025-06-26 23:00:00+00:00,111.56821516666665,104.85781
2025-06-27 00:00:00+00:00,81.03696416666666,88.308426
2025-06-27 01:00:00+00:00,67.47602133333334,70.11229
2025-06-27 02:00:00+00:00,54.36994583333333,55.67979
2025-06-27 03:00:00+00:00,50.01526208333333,47.692566
2025-06-27 04:00:00+00:00,40.63960341666667,43.67533
2025-06-27 05:00:00+00:00,35.57480125,38.96549
2025-06-27 06:00:00+00:00,28.672294750000002,29.507504
2025-06-27 07:00:00+00:00,25.82330433333333,24.950191
2025-06-27 08:00:00+00:00,26.316297250000005,24.289207
2025-06-27 09:00:00+00:00,30.495044500000002,26.71857
2025-06-27 10:00:00+00:00,36.03020566666667,28.22609
2025-06-27 11:00:00+00:00,35.322960916666666,29.890999
2025-06-27 12:00:00+00:00,37.96355258333333,31.61015
2025-06-27 13:00:00+00:00,41.96365383333333,31.840714
2025-06-27 14:00:00+00:00,42.91081424999999,35.623043
2025-06-27 15:00:00+00:00,47.92491833333334,44.617455
2025-06-27 16:00:00+00:00,56.76521316666667,50.931175
2025-06-27 17:00:00+00:00,56.247954916666664,54.46318
2025-06-27 18:00:00+00:00,57.39736799999999,56.042374
2025-06-27 19:00:00+00:00,57.02132108333333,63.253166
2025-06-27 20:00:00+00:00,59.268696250000005,67.64865
2025-06-27 21:00:00+00:00,63.28778516666667,73.20573
2025-06-27 22:00:00+00:00,61.11176883333334,75.06862
2025-06-27 23:00:00+00:00,67.611416,74.0224
2025-06-28 00:00:00+00:00,65.2861435,66.01094
2025-06-28 01:00:00+00:00,55.631820250000004,53.236446
2025-06-28 02:00:00+00:00,44.80300916666667,42.526848
2025-06-28 03:00:00+00:00,35.699298166666665,35.40359
2025-06-28 04:00:00+00:00,30.237846916666665,29.691784
2025-06-28 05:00:00+00:00,25.958810083333333,25.57766
2025-06-28 06:00:00+00:00,23.21573233333334,21.038353
2025-06-28 07:00:00+00:00,21.57193725,21.041824
2025-06-28 08:00:00+00:00,21.404715333333332,21.341484
2025-06-28 09:00:00+00:00,21.813286750000003,21.199287
2025-06-28 10:00:00+00:00,21.904348416666668,21.77335
2025-06-28 11:00:00+00:00,21.142835666666667,20.557678
2025-06-28 12:00:00+00:00,23.765416416666667,21.046726
2025-06-28 13:00:00+00:00,28.007812083333334,24.384342
2025-06-28 14:00:00+00:00,31.69000325,26.546043
2025-06-28 15:00:00+00:00,35.72893925,28.257607
2025-06-28 16:00:00+00:00,37.21762625,32.64124
2025-06-28 17:00:00+00:00,37.94098725,37.83112
2025-06-28 18:00:00+00:00,41.09897133333333,39.862595
2025-06-28 19:00:00+00:00,44.21404558333334,42.994484
2025-06-28 20:00:00+00:00,51.09144366666667,48.6651
2025-06-28 21:00:00+00:00,61.62728425,57.483376
2025-06-28 22:00:00+00:00,64.59358991666666,69.1706
2025-06-28 23:00:00+00:00,66.45588158333334,73.14764
2025-06-29 00:00:00+00:00,56.08511975,66.483826
2025-06-29 01:00:00+00:00,47.12349641666666,56.345566
2025-06-29 02:00:00+00:00,38.222119416666665,46.588806
2025-06-29 03:00:00+00:00,33.77713991666666,39.875874
2025-06-29 04:00:00+00:00,32.20777991666667,32.161842
2025-06-29 05:00:00+00:00,29.85959366666667,25.66962
2025-06-29 06:00:00+00:00,25.951620166666668,21.568996
2025-06-29 07:00:00+00:00,23.849630333333334,21.775341
2025-06-29 08:00:00+00:00,22.535909833333335,24.464516
2025-06-29 09:00:00+00:00,22.360128916666667,27.888641
2025-06-29 10:00:00+00:00,21.234786166666666,30.616638
2025-06-29 11:00:00+00:00,19.46910508333334,32.17164
2025-06-29 12:00:00+00:00,21.628363333333336,33.267563
2025-06-29 13:00:00+00:00,27.247781500000002,36.211315
2025-06-29 14:00:00+00:00,31.76248875,39.944252
2025-06-29 15:00:00+00:00,36.43442525,43.170223
2025-06-29 16:00:00+00:00,41.380600083333334,46.34321
2025-06-29 17:00:00+00:00,46.77317858333334,48.940556
2025-06-29 18:00:00+00:00,49.61481375,51.30555
2025-06-29 19:00:00+00:00,58.17515425,52.436264
2025-06-29 20:00:00+00:00,64.72698091666666,62.278286
2025-06-29 21:00:00+00:00,86.87027316666666,72.08049
2025-06-29 22:00:00+00:00,90.58434908333334,78.96826
2025-06-29 23:00:00+00:00,98.01133624999999,81.13266
2025-06-30 00:00:00+00:00,67.72432483333334,71.43616
2025-06-30 01:00:00+00:00,62.77416358333334,58.950096
2025-06-30 02:00:00+00:00,49.8395275,48.62942
2025-06-30 03:00:00+00:00,39.97393816666666,39.16732
2025-06-30 04:00:00+00:00,39.86942181,32.045547
2025-06-30 05:00:00+00:00,39.76490545333333,27.112526
2025-06-30 06:00:00+00:00,39.66038909666666,21.678577
2025-07-01 04:00:00+00:00,37.36102925,18.46484
2025-07-01 05:00:00+00:00,35.3972995,19.948097
2025-07-01 06:00:00+00:00,29.415809166666662,25.390926
2025-07-01 07:00:00+00:00,27.7630175,30.160992
2025-07-01 08:00:00+00:00,29.09934441666667,31.022915
2025-07-01 09:00:00+00:00,33.84199866666667,33.081673
2025-07-01 10:00:00+00:00,38.18765058333333,36.803066
2025-07-01 11:00:00+00:00,37.77045616666667,39.97877
2025-07-01 12:00:00+00:00,40.57998391666667,45.545425
2025-07-01 13:00:00+00:00,43.9845255,48.70166
2025-07-01 14:00:00+00:00,43.02889308333333,50.18477
2025-07-01 15:00:00+00:00,48.69318275,53.0645
2025-07-01 16:00:00+00:00,55.60060324999999,52.21142
2025-07-01 17:00:00+00:00,66.537723,57.431602
2025-07-01 18:00:00+00:00,63.78960433333333,67.66588
2025-07-01 19:00:00+00:00,70.35370741666667,79.29855
2025-07-01 20:00:00+00:00,77.4983505,82.09719
2025-07-01 21:00:00+00:00,73.93787791666666,71.270996
2025-07-01 22:00:00+00:00,68.91783766666667,59.43918
2025-07-01 23:00:00+00:00,65.07452666666667,50.548267
2025-07-02 00:00:00+00:00,59.36372058333334,41.57191
2025-07-02 01:00:00+00:00,48.73255291666666,33.685482
2025-07-02 02:00:00+00:00,39.057524416666666,29.456612
2025-07-02 03:00:00+00:00,35.725791666666666,27.325104
2025-07-02 04:00:00+00:00,37.44994166666667,24.651295
2025-07-02 05:00:00+00:00,31.06511091666667,23.273685
2025-07-02 06:00:00+00:00,26.632588166666665,23.718029
2025-07-02 07:00:00+00:00,25.108609916666666,25.434902
2025-07-02 08:00:00+00:00,25.25042675,26.98273
2025-07-02 09:00:00+00:00,27.535043916666666,32.388157
2025-07-02 10:00:00+00:00,35.7617275,36.930847
2025-07-02 11:00:00+00:00,35.77894625,38.171337
2025-07-02 12:00:00+00:00,36.20100491666667,40.067814
2025-07-02 13:00:00+00:00,38.057316666666665,42.738464
2025-07-02 14:00:00+00:00,39.70526783333333,44.487106
2025-07-02 15:00:00+00:00,43.31021191666667,46.39451
2025-07-02 16:00:00+00:00,48.433205750000006,43.835445
2025-07-02 17:00:00+00:00,54.09265416666667,49.4851
2025-07-02 18:00:00+00:00,57.06763858333333,54.796528
2025-07-02 19:00:00+00:00,60.54160975,57.38868
2025-07-02 20:00:00+00:00,69.933894,58.606148
2025-07-02 21:00:00+00:00,76.538749,58.018883
2025-07-02 22:00:00+00:00,87.26837741666667,53.526127
2025-07-02 23:00:00+00:00,91.15577208333333,48.18421
2025-07-03 00:00:00+00:00,73.73330108333333,42.085217
2025-07-03 01:00:00+00:00,59.27724141666667,34.596916
2025-07-03 02:00:00+00:00,47.638632166666675,30.599228
2025-07-03 03:00:00+00:00,41.72138608333334,25.854397
2025-07-03 04:00:00+00:00,34.0130045,21.201302
2025-07-03 05:00:00+00:00,29.448478499999997,18.842056
2025-07-03 06:00:00+00:00,25.91622458333333,17.732006
2025-07-03 07:00:00+00:00,24.02015883333333,16.85997
2025-07-03 08:00:00+00:00,23.738957999999997,14.958817
2025-07-03 09:00:00+00:00,25.808205083333334,18.61721
2025-07-03 10:00:00+00:00,27.699792666666667,25.890629
2025-07-03 11:00:00+00:00,28.13453583333333,30.687649
2025-07-03 12:00:00+00:00,29.485928,32.366295
2025-07-03 13:00:00+00:00,33.54638033333333,35.30214
2025-07-03 14:00:00+00:00,37.24836775,39.300243
2025-07-03 15:00:00+00:00,42.098846833333326,42.837822
2025-07-03 16:00:00+00:00,51.62488091666666,44.60451
2025-07-03 17:00:00+00:00,54.31934125,49.27989
2025-07-03 18:00:00+00:00,60.10456941666667,55.473953
2025-07-03 19:00:00+00:00,62.51338575,64.12678
2025-07-03 20:00:00+00:00,72.17257516666668,73.14528
2025-07-03 21:00:00+00:00,92.94789341666666,78.593506
2025-07-03 22:00:00+00:00,91.38133958333333,80.52113
2025-07-03 23:00:00+00:00,95.67265908333333,76.9617
2025-07-04 00:00:00+00:00,69.25111033333333,65.343414
2025-07-04 01:00:00+00:00,54.18139708333333,51.993156
2025-07-04 02:00:00+00:00,47.680597166666665,41.884075
2025-07-04 03:00:00+00:00,41.02244116666667,34.023293
2025-07-04 04:00:00+00:00,32.61369475,27.985851
2025-07-04 05:00:00+00:00,26.42201425,24.143284
2025-07-04 06:00:00+00:00,22.97596791666667,22.973827
2025-07-04 07:00:00+00:00,21.904742,20.89209
2025-07-04 08:00:00+00:00,21.013891916666665,19.112087
2025-07-04 09:00:00+00:00,20.93601908333333,21.6602
2025-07-04 10:00:00+00:00,21.736544499999994,26.730957
2025-07-04 11:00:00+00:00,20.506296666666668,30.398289
2025-07-04 12:00:00+00:00,20.499190333333335,33.673912
2025-07-04 13:00:00+00:00,26.509769583333334,36.140945
2025-07-04 14:00:00+00:00,27.66264333333334,39.469673
2025-07-04 15:00:00+00:00,32.50796,43.269646
2025-07-04 16:00:00+00:00,35.32479241666666,36.788322
2025-07-04 17:00:00+00:00,36.666202750000004,40.50275
2025-07-04 18:00:00+00:00,40.25469433333333,44.50808
2025-07-04 19:00:00+00:00,45.543370583333335,50.492134
2025-07-04 20:00:00+00:00,52.26986575,59.637688
2025-07-04 21:00:00+00:00,62.13816558333334,70.00268
2025-07-04 22:00:00+00:00,66.09936866666666,73.394264
2025-07-04 23:00:00+00:00,68.78583941666666,66.83624
2025-07-05 00:00:00+00:00,52.85801833333334,55.73431
2025-07-05 01:00:00+00:00,42.12701616666667,46.076817
2025-07-05 02:00:00+00:00,38.96681483333333,38.96406
2025-07-05 03:00:00+00:00,32.896013583333335,33.217415
2025-07-05 04:00:00+00:00,24.912701333333334,28.71707
2025-07-05 05:00:00+00:00,22.548571416666665,25.561855
2025-07-05 06:00:00+00:00,20.815094333333334,23.188877
2025-07-05 07:00:00+00:00,18.8837965,20.535822
2025-07-05 08:00:00+00:00,17.95989558333333,18.335575
2025-07-05 09:00:00+00:00,18.54020875,18.485905
2025-07-05 10:00:00+00:00,18.16708191666667,20.124197
2025-07-05 11:00:00+00:00,18.25003825,22.256714
2025-07-05 12:00:00+00:00,19.439688,25.240997
2025-07-05 13:00:00+00:00,22.347756666666665,27.288898
2025-07-05 14:00:00+00:00,26.377709833333334,29.403055
2025-07-05 15:00:00+00:00,33.490809,32.119865
2025-07-05 16:00:00+00:00,37.8963035,38.25866
2025-07-05 17:00:00+00:00,43.61770508333334,42.69394
2025-07-05 18:00:00+00:00,46.06063775000001,47.190247
2025-07-05 19:00:00+00:00,49.10260508333334,52.364037
2025-07-05 20:00:00+00:00,60.13131741666666,60.32409
2025-07-05 21:00:00+00:00,70.34941016666666,69.70507
2025-07-05 22:00:00+00:00,80.28084875,75.77432
2025-07-05 23:00:00+00:00,84.67323808333333,71.66871
2025-07-06 00:00:00+00:00,64.38893033333333,60.77883
2025-07-06 01:00:00+00:00,49.74324291666667,50.263714
2025-07-06 02:00:00+00:00,42.844434166666666,41.99633
2025-07-06 03:00:00+00:00,34.274443416666664,35.064377
2025-07-06 04:00:00+00:00,29.02179666666667,29.935093
2025-07-06 05:00:00+00:00,26.055029583333333,25.625639
2025-07-06 06:00:00+00:00,22.447303916666666,22.21882
2025-07-06 07:00:00+00:00,22.216600083333333,20.268581
2025-07-06 08:00:00+00:00,21.196094250000005,19.604792
2025-07-06 09:00:00+00:00,21.26386,19.639385
2025-07-06 10:00:00+00:00,20.348430916666672,21.329256
2025-07-06 11:00:00+00:00,19.722896583333338,23.788368
2025-07-06 12:00:00+00:00,21.993780416666667,27.127195
2025-07-06 13:00:00+00:00,28.140839,29.975567
2025-07-06 14:00:00+00:00,34.56523441666666,33.3673
2025-07-06 15:00:00+00:00,37.87338858333333,37.429604
2025-07-06 16:00:00+00:00,43.736437333333335,44.27486
2025-07-06 17:00:00+00:00,50.246915083333334,49.319077
2025-07-06 18:00:00+00:00,50.05235158333334,55.114395
2025-07-06 19:00:00+00:00,54.367240583333334,62.36873
2025-07-06 20:00:00+00:00,64.67393783333334,71.60883
2025-07-06 21:00:00+00:00,86.36035275,83.683304
2025-07-06 22:00:00+00:00,93.25777375,92.3192
2025-07-06 23:00:00+00:00,99.31724483333333,87.04344
2025-07-07 00:00:00+00:00,67.29181083333333,71.15204
2025-07-07 01:00:00+00:00,58.75117641666665,56.934452
2025-07-07 02:00:00+00:00,51.13496966666668,47.49391
2025-07-07 03:00:00+00:00,40.55550041666667,39.891693
2025-07-07 04:00:00+00:00,37.403472666666666,33.788067
2025-07-07 05:00:00+00:00,32.1752745,29.300444
2025-07-07 06:00:00+00:00,28.40571216666666,26.277847
2025-07-07 07:00:00+00:00,26.541042083333334,23.418806
2025-07-07 08:00:00+00:00,27.139966583333337,22.052101
2025-07-07 09:00:00+00:00,30.775398416666665,21.968054
2025-07-07 10:00:00+00:00,35.373785250000005,23.1372
2025-07-07 11:00:00+00:00,37.63940683333333,25.518274
2025-07-07 12:00:00+00:00,40.90743316666667,29.537525
2025-07-07 13:00:00+00:00,43.64705141666667,32.64955
2025-07-07 14:00:00+00:00,45.198817749999996,36.718998
2025-07-07 15:00:00+00:00,54.28035683333333,41.49599
2025-07-07 16:00:00+00:00,58.888296249999996,61.33491
2025-07-07 17:00:00+00:00,62.274880583333335,66.53514
2025-07-07 18:00:00+00:00,62.66672066666666,75.42569
2025-07-07 19:00:00+00:00,67.31522108333333,84.92859
2025-07-07 20:00:00+00:00,73.35122691666668,97.39047
2025-07-07 21:00:00+00:00,80.32980858333333,114.67812
2025-07-07 22:00:00+00:00,76.51239941666667,122.65058
2025-07-07 23:00:00+00:00,73.71273816666667,110.25542
2025-07-08 00:00:00+00:00,69.83304075,88.511154
2025-07-08 01:00:00+00:00,56.12067525,71.57039
2025-07-08 02:00:00+00:00,42.151572916666666,59.705864
2025-07-08 03:00:00+00:00,35.81144525,50.746822
2025-07-08 04:00:00+00:00,36.68849375,44.150017
2025-07-08 05:00:00+00:00,32.216513666666664,38.860176
2025-07-08 06:00:00+00:00,28.690274749999997,34.524174
2025-07-08 07:00:00+00:00,26.997948250000004,30.448078
2025-07-08 08:00:00+00:00,27.42635,29.485762
2025-07-08 09:00:00+00:00,31.285458833333333,31.180527
2025-07-08 10:00:00+00:00,35.12207075,33.916504
2025-07-08 11:00:00+00:00,36.1075045,37.256725
2025-07-08 12:00:00+00:00,35.69029841666667,40.41226
2025-07-08 13:00:00+00:00,44.19984241666667,43.75362
2025-07-08 14:00:00+00:00,44.735914666666666,48.813686
2025-07-08 15:00:00+00:00,53.70522883333334,53.03133
2025-07-08 16:00:00+00:00,61.18637941666666,59.28756
2025-07-08 17:00:00+00:00,72.04244866666666,64.90839
2025-07-08 18:00:00+00:00,78.13839825000001,71.51411
2025-07-08 19:00:00+00:00,82.75590058333334,77.23407
2025-07-08 20:00:00+00:00,100.76709941666667,82.49884
2025-07-08 21:00:00+00:00,113.84750383333333,88.34415
2025-07-08 22:00:00+00:00,103.10751483333333,91.48838
2025-07-08 23:00:00+00:00,100.368309,84.74723
2025-07-09 00:00:00+00:00,81.58363208333334,71.0856
2025-07-09 01:00:00+00:00,65.88992341666666,59.900517
2025-07-09 02:00:00+00:00,55.607942083333334,50.874092
2025-07-09 03:00:00+00:00,42.512020916666664,44.10293
2025-07-09 04:00:00+00:00,38.58252591666667,39.05566
2025-07-09 05:00:00+00:00,32.69488575,34.48326
2025-07-09 06:00:00+00:00,28.352659083333332,31.12591
2025-07-09 07:00:00+00:00,27.045535333333333,28.72119
2025-07-09 08:00:00+00:00,27.48142491666667,29.002644
2025-07-09 09:00:00+00:00,31.142629916666664,31.551363
2025-07-09 10:00:00+00:00,34.170761,34.136715
2025-07-09 11:00:00+00:00,35.63364516666667,36.30843
2025-07-09 12:00:00+00:00,39.50744366666667,39.037052
2025-07-09 13:00:00+00:00,42.43916591666667,42.606426
2025-07-09 14:00:00+00:00,46.249079583333334,47.73237
2025-07-09 15:00:00+00:00,52.17448475,51.737263
2025-07-09 16:00:00+00:00,64.34315124999999,58.944244
2025-07-09 17:00:00+00:00,64.55131908333333,66.04342
2025-07-09 18:00:00+00:00,68.09259416666667,74.40367
2025-07-09 19:00:00+00:00,74.56504925,83.03128
2025-07-09 20:00:00+00:00,91.55813366666666,92.82618
2025-07-09 21:00:00+00:00,95.22469774999999,102.76517
2025-07-09 22:00:00+00:00,79.28103958333334,102.53969
2025-07-09 23:00:00+00:00,80.30312175,88.729675
2025-07-10 00:00:00+00:00,72.09409,72.47812
2025-07-10 01:00:00+00:00,62.48829333333333,60.800247
2025-07-10 02:00:00+00:00,48.303055,51.487633
2025-07-10 03:00:00+00:00,39.76366841666667,44.925617
2025-07-10 04:00:00+00:00,38.78640141666667,39.57624
2025-07-10 05:00:00+00:00,33.88970741666667,35.13237
2025-07-10 06:00:00+00:00,30.152553083333334,31.555836
2025-07-10 07:00:00+00:00,27.745288000000002,28.648184
2025-07-10 08:00:00+00:00,27.45961791666667,28.625498
2025-07-10 09:00:00+00:00,32.05497075,29.900335
2025-07-10 10:00:00+00:00,35.85959341666666,31.49606
2025-07-10 11:00:00+00:00,36.738949,33.913853
2025-07-10 12:00:00+00:00,38.60750291666667,37.190834
2025-07-10 13:00:00+00:00,40.12149766666667,40.22806
2025-07-10 14:00:00+00:00,42.190541583333335,45.613518
2025-07-10 15:00:00+00:00,47.91341675,51.06623
2025-07-10 16:00:00+00:00,51.90046158333333,52.342617
2025-07-10 17:00:00+00:00,60.13566741666667,56.301094
2025-07-10 18:00:00+00:00,59.94325799999999,60.617203
2025-07-10 19:00:00+00:00,65.67992516666668,65.44705
2025-07-10 20:00:00+00:00,79.26174533333334,73.356415
2025-07-10 21:00:00+00:00,84.1126965,80.58267
2025-07-10 22:00:00+00:00,70.61959783333333,79.734375
2025-07-10 23:00:00+00:00,75.83535166666667,71.88786
2025-07-11 00:00:00+00:00,71.40712675,62.60335
2025-07-11 01:00:00+00:00,61.72835658333333,54.232384
2025-07-11 02:00:00+00:00,52.72105216666666,46.553497
2025-07-11 03:00:00+00:00,44.62456425,40.40851
2025-07-11 04:00:00+00:00,33.373824166666665,36.29121
2025-07-11 05:00:00+00:00,27.08653775,32.505943
2025-07-11 06:00:00+00:00,23.13165066666667,28.891527
2025-07-11 07:00:00+00:00,22.296068583333334,26.238997
2025-07-11 08:00:00+00:00,22.14111133333333,24.69319
2025-07-11 09:00:00+00:00,25.077793999999997,24.459332
2025-07-11 10:00:00+00:00,27.592585416666665,25.543661
2025-07-11 11:00:00+00:00,29.418727750000002,26.962854
2025-07-11 12:00:00+00:00,30.283687666666662,28.647564
2025-07-11 13:00:00+00:00,35.602955,30.914633
2025-07-11 14:00:00+00:00,40.55488925,34.813496
2025-07-11 15:00:00+00:00,47.28220158333334,38.62449
2025-07-11 16:00:00+00:00,54.56232691666667,52.555313
2025-07-11 17:00:00+00:00,56.21023241666666,57.63784
2025-07-11 18:00:00+00:00,59.1225085,63.14423
2025-07-11 19:00:00+00:00,67.03536816666666,68.34688
2025-07-11 20:00:00+00:00,77.97341866666666,74.4597
2025-07-11 21:00:00+00:00,91.25484341666667,79.019455
2025-07-11 22:00:00+00:00,88.29452033333332,78.28157
2025-07-11 23:00:00+00:00,90.12801775,72.88192
2025-07-12 00:00:00+00:00,74.42072666666667,64.54823
2025-07-12 01:00:00+00:00,57.592209249999996,54.94065
2025-07-12 02:00:00+00:00,48.54825808333334,46.402863
2025-07-12 03:00:00+00:00,40.47043883333333,39.64654
2025-07-12 04:00:00+00:00,45.22293533333334,34.20314
2025-07-12 05:00:00+00:00,38.15554758333334,29.49186
2025-07-12 06:00:00+00:00,31.378364499999996,25.67982
2025-07-12 07:00:00+00:00,29.99988158333333,22.444183
2025-07-12 08:00:00+00:00,28.576689916666666,20.360489
2025-07-12 09:00:00+00:00,29.031194,20.4269
2025-07-12 10:00:00+00:00,28.326819333333333,22.037924
2025-07-12 11:00:00+00:00,26.414916333333334,23.877281
2025-07-12 12:00:00+00:00,31.718815250000002,27.031837
2025-07-12 13:00:00+00:00,38.23952283333333,31.301805
2025-07-12 14:00:00+00:00,40.531129666666665,36.676575
2025-07-12 15:00:00+00:00,45.5894375,41.454456
2025-07-12 16:00:00+00:00,53.67554916666666,50.59626
2025-07-12 17:00:00+00:00,54.51898758333333,55.50176
2025-07-12 18:00:00+00:00,57.97476116666667,60.133385
2025-07-12 19:00:00+00:00,61.744388750000006,66.03083
2025-07-12 20:00:00+00:00,70.94993183333334,75.25374
2025-07-12 21:00:00+00:00,78.61563108333333,84.35622
2025-07-12 22:00:00+00:00,77.0470995,88.00192
2025-07-12 23:00:00+00:00,88.58210108333331,83.270966
2025-07-13 00:00:00+00:00,74.15793458333333,71.550514
2025-07-13 01:00:00+00:00,63.91331175,59.756878
2025-07-13 02:00:00+00:00,56.13646816666667,50.77155
2025-07-13 03:00:00+00:00,46.85612424999999,44.442375
2025-07-13 04:00:00+00:00,38.08982641666667,40.15957
2025-07-13 05:00:00+00:00,31.7321615,36.210712
2025-07-13 06:00:00+00:00,28.425085166666662,32.767235
2025-07-13 07:00:00+00:00,26.28241583333333,30.158173
2025-07-13 08:00:00+00:00,25.278645333333333,28.384329
2025-07-13 09:00:00+00:00,26.037120583333333,28.086866
2025-07-13 10:00:00+00:00,23.659745999999995,28.985458
2025-07-13 11:00:00+00:00,22.784202166666674,30.447197
2025-07-13 12:00:00+00:00,24.326333083333335,33.6055
2025-07-13 13:00:00+00:00,29.490620083333337,36.730392
2025-07-13 14:00:00+00:00,33.24623675,40.70132
2025-07-13 15:00:00+00:00,36.94084766666666,45.23174
2025-07-13 16:00:00+00:00,41.00743608333333,41.853645
2025-07-13 17:00:00+00:00,44.55094383333333,44.772846
2025-07-13 18:00:00+00:00,44.48601525,48.632336
2025-07-13 19:00:00+00:00,47.159996166666666,54.329983
2025-07-13 20:00:00+00:00,52.972926083333334,62.006035
2025-07-13 21:00:00+00:00,63.467013166666675,69.3121
2025-07-13 22:00:00+00:00,66.24912166666667,73.93654
2025-07-13 23:00:00+00:00,71.15953408333333,73.61581
2025-07-14 00:00:00+00:00,65.523893,68.93847
2025-07-14 01:00:00+00:00,51.706450499999995,60.33973
2025-07-14 02:00:00+00:00,45.943277333333334,51.49855
2025-07-14 03:00:00+00:00,38.35655141666667,43.894257
2025-07-14 04:00:00+00:00,39.926001,38.018448
2025-07-14 05:00:00+00:00,33.69035483333334,32.751602
2025-07-14 06:00:00+00:00,27.191311833333334,28.857023
2025-07-14 07:00:00+00:00,26.3426645,26.912539
2025-07-14 08:00:00+00:00,28.962608916666667,26.14494
2025-07-14 09:00:00+00:00,33.94832491666667,26.329388
2025-07-14 10:00:00+00:00,37.72333341666667,28.177803
2025-07-14 11:00:00+00:00,40.94861975,30.478281
2025-07-14 12:00:00+00:00,41.295267583333334,33.95054
2025-07-14 13:00:00+00:00,47.29051608333333,37.672073
2025-07-14 14:00:00+00:00,52.956413999999995,40.21043
2025-07-14 15:00:00+00:00,57.29621208333333,42.98877
2025-07-14 16:00:00+00:00,64.94591391666667,63.59397
2025-07-14 17:00:00+00:00,64.3102415,68.85878
2025-07-14 18:00:00+00:00,72.10465133333334,75.4942
2025-07-14 19:00:00+00:00,83.57134208333333,82.333176
2025-07-14 20:00:00+00:00,98.99646200000001,91.553604
2025-07-14 21:00:00+00:00,106.33564908333334,99.39531
2025-07-14 22:00:00+00:00,97.79490166666666,103.00035
2025-07-14 23:00:00+00:00,93.89102291666666,100.21426
2025-07-15 00:00:00+00:00,80.30893908333333,86.290634
2025-07-15 01:00:00+00:00,65.66518599999999,68.84978
2025-07-15 02:00:00+00:00,49.698178333333345,55.56283
2025-07-15 03:00:00+00:00,42.33545425,46.989025
2025-07-15 04:00:00+00:00,39.82512141666667,41.004436
2025-07-15 05:00:00+00:00,31.94058791666667,35.233116
2025-07-15 06:00:00+00:00,28.590912083333333,31.309559
2025-07-15 07:00:00+00:00,26.171723083333337,28.964586
2025-07-15 08:00:00+00:00,25.222196999999998,29.669086
2025-07-15 09:00:00+00:00,30.167631083333333,32.841454
2025-07-15 10:00:00+00:00,37.370436833333336,36.609344
2025-07-15 11:00:00+00:00,38.048647583333334,39.058426
2025-07-15 12:00:00+00:00,38.826373,41.93573
2025-07-15 13:00:00+00:00,41.55570083333333,45.795517
2025-07-15 14:00:00+00:00,47.23470258333333,50.085545
2025-07-15 15:00:00+00:00,61.588247249999995,53.131325
2025-07-15 16:00:00+00:00,66.26690833333333,69.45618
2025-07-15 17:00:00+00:00,75.35468458333334,76.65038
2025-07-15 18:00:00+00:00,85.03515933333334,86.57508
2025-07-15 19:00:00+00:00,99.86873366666667,99.469055
2025-07-15 20:00:00+00:00,115.48383775,113.276535
2025-07-15 21:00:00+00:00,137.551245,118.841095
2025-07-15 22:00:00+00:00,127.92552925,112.96362
2025-07-15 23:00:00+00:00,127.49450608333332,99.753525
2025-07-16 00:00:00+00:00,98.03249883333334,84.84833
2025-07-16 01:00:00+00:00,79.03543258333333,71.12932
2025-07-16 02:00:00+00:00,63.272412333333335,59.871468
2025-07-16 03:00:00+00:00,51.39303525,52.401318
2025-07-16 04:00:00+00:00,51.889956833333336,46.751686
2025-07-16 05:00:00+00:00,38.32519358333334,41.14782
2025-07-16 06:00:00+00:00,32.47884616666666,35.83041
2025-07-16 07:00:00+00:00,29.46401175,32.547626
2025-07-16 08:00:00+00:00,30.429627333333332,32.459755
2025-07-16 09:00:00+00:00,34.75240333333333,35.0337
2025-07-16 10:00:00+00:00,38.262710416666664,37.577713
2025-07-16 11:00:00+00:00,41.39346150000001,39.79052
2025-07-16 12:00:00+00:00,43.90333583333332,44.162266
2025-07-16 13:00:00+00:00,52.66208574999999,49.405567
2025-07-16 14:00:00+00:00,55.27286433333333,56.273197
2025-07-16 15:00:00+00:00,68.13014891666667,63.439186
2025-07-16 16:00:00+00:00,76.56910458333333,76.808105
2025-07-16 17:00:00+00:00,80.57456641666667,86.4373
2025-07-16 18:00:00+00:00,90.77505283333333,99.58468
2025-07-16 19:00:00+00:00,101.26285125,115.970825
2025-07-16 20:00:00+00:00,118.18338016666667,134.72705
2025-07-16 21:00:00+00:00,123.97485058333332,145.58403
2025-07-16 22:00:00+00:00,111.673025,140.70949
2025-07-16 23:00:00+00:00,114.14626991666667,124.06143
2025-07-17 00:00:00+00:00,101.41368741666665,102.26365
2025-07-17 01:00:00+00:00,82.87199658333334,82.60629
2025-07-17 02:00:00+00:00,58.721356750000005,67.5448
2025-07-17 03:00:00+00:00,49.473504,58.33048
2025-07-17 04:00:00+00:00,41.516167333333335,51.866325
2025-07-17 05:00:00+00:00,34.282960583333335,45.643047
2025-07-17 06:00:00+00:00,29.845731583333333,39.56751
2025-07-17 07:00:00+00:00,29.067350666666666,35.328293
2025-07-17 08:00:00+00:00,28.829044,34.369354
2025-07-17 09:00:00+00:00,31.416042583333333,37.457222
2025-07-17 10:00:00+00:00,34.99506658333333,40.313835
2025-07-17 11:00:00+00:00,35.81530083333333,41.115883
2025-07-17 12:00:00+00:00,38.128867750000005,44.442215
2025-07-17 13:00:00+00:00,43.83487683333333,49.49705
2025-07-17 14:00:00+00:00,48.200827249999996,57.11959
2025-07-17 15:00:00+00:00,58.38250566666667,65.70102
2025-07-17 16:00:00+00:00,66.13182683333334,65.15195
2025-07-17 17:00:00+00:00,83.32545775,71.36873
2025-07-17 18:00:00+00:00,94.02573666666666,78.375946
2025-07-17 19:00:00+00:00,107.06609591666667,85.73608
2025-07-17 20:00:00+00:00,123.27368958333334,93.19845
2025-07-17 21:00:00+00:00,135.60929875,97.90207
2025-07-17 22:00:00+00:00,136.52591833333335,96.47182
2025-07-17 23:00:00+00:00,116.13906491666667,90.56868
2025-07-18 00:00:00+00:00,79.255178,80.689896
2025-07-18 01:00:00+00:00,62.99800116666667,67.82836
2025-07-18 02:00:00+00:00,48.750487250000006,55.78233
2025-07-18 03:00:00+00:00,43.178005750000004,47.430138
2025-07-18 04:00:00+00:00,46.771590833333335,41.234177
2025-07-18 05:00:00+00:00,39.041524083333336,35.54564
2025-07-18 06:00:00+00:00,32.574409583333335,31.22207
2025-07-18 07:00:00+00:00,30.52909108333333,28.323895
2025-07-18 08:00:00+00:00,30.306773500000002,27.333344
2025-07-18 09:00:00+00:00,33.78006533333333,28.268051
2025-07-18 10:00:00+00:00,38.477036166666664,30.96571
2025-07-18 11:00:00+00:00,37.16524183333333,34.246986
2025-07-18 12:00:00+00:00,36.77427708333334,38.970222
2025-07-18 13:00:00+00:00,40.75842508333333,44.51867
2025-07-18 14:00:00+00:00,40.697417916666666,51.2804
2025-07-18 15:00:00+00:00,43.86803125,56.565998
2025-07-18 16:00:00+00:00,54.018586166666665,48.891808
2025-07-18 17:00:00+00:00,55.105488083333334,52.669548
2025-07-18 18:00:00+00:00,57.56298316666667,56.650475
2025-07-18 19:00:00+00:00,63.87592983333334,61.73161
2025-07-18 20:00:00+00:00,77.87383883333332,69.45639
2025-07-18 21:00:00+00:00,79.3321805,77.062645
2025-07-18 22:00:00+00:00,63.141121999999996,78.0122
2025-07-18 23:00:00+00:00,64.97447725,69.87524
2025-07-19 00:00:00+00:00,60.72626433333334,57.826363
2025-07-19 01:00:00+00:00,53.021686166666655,48.83214
2025-07-19 02:00:00+00:00,44.71120958333333,43.151527
2025-07-19 03:00:00+00:00,37.42053408333333,39.194817
2025-07-19 04:00:00+00:00,35.08958608333334,35.739204
2025-07-19 05:00:00+00:00,31.738509750000002,32.56485
2025-07-19 06:00:00+00:00,25.756688083333334,30.75488
2025-07-19 07:00:00+00:00,23.26379125,27.770142
2025-07-19 08:00:00+00:00,23.079800416666668,25.665297
2025-07-19 09:00:00+00:00,25.334447833333332,26.676302
2025-07-19 10:00:00+00:00,24.65434575,27.414833
2025-07-19 11:00:00+00:00,24.376035333333334,27.991611
2025-07-19 12:00:00+00:00,27.705801583333336,29.44336
2025-07-19 13:00:00+00:00,32.55193925,31.408405
2025-07-19 14:00:00+00:00,35.12488033333333,34.57441
2025-07-19 15:00:00+00:00,40.7873505,37.545574
2025-07-19 16:00:00+00:00,45.97317966666666,44.00023
2025-07-19 17:00:00+00:00,48.541880000000006,47.272945
2025-07-19 18:00:00+00:00,50.69997383333333,50.631313
2025-07-19 19:00:00+00:00,57.150942250000014,54.447666
2025-07-19 20:00:00+00:00,70.24072291666667,59.748074
2025-07-19 21:00:00+00:00,80.34498466666666,65.38406
2025-07-19 22:00:00+00:00,85.83032091666666,67.33268
2025-07-19 23:00:00+00:00,83.0293695,63.90539
2025-07-20 00:00:00+00:00,71.11624833333333,57.62037
2025-07-20 01:00:00+00:00,60.63934708333333,50.517376
2025-07-20 02:00:00+00:00,53.372564833333335,43.647434
2025-07-20 03:00:00+00:00,44.43346,37.56582
2025-07-20 04:00:00+00:00,34.434861250000004,32.30864
2025-07-20 05:00:00+00:00,31.244735916666663,27.878023
2025-07-20 06:00:00+00:00,27.010906083333335,24.069492
2025-07-20 07:00:00+00:00,24.859688,20.903477
2025-07-20 08:00:00+00:00,25.435343,18.810509
2025-07-20 09:00:00+00:00,25.628341666666667,18.226566
2025-07-20 10:00:00+00:00,24.803120916666668,19.16463
2025-07-20 11:00:00+00:00,23.275661333333332,20.30819
2025-07-20 12:00:00+00:00,25.73834725,22.487812
2025-07-20 13:00:00+00:00,31.359190666666667,26.412722
2025-07-20 14:00:00+00:00,34.99243,30.895103
2025-07-20 15:00:00+00:00,42.402419083333335,35.39277
2025-07-20 16:00:00+00:00,47.40001566666667,49.134876
2025-07-20 17:00:00+00:00,51.39259016666667,54.896584
2025-07-20 18:00:00+00:00,55.28631733333333,62.63936
2025-07-20 19:00:00+00:00,60.692423416666664,70.8439
2025-07-20 20:00:00+00:00,73.85031525,81.688705
2025-07-20 21:00:00+00:00,87.908875,92.41403
2025-07-20 22:00:00+00:00,88.7426105,96.10243
2025-07-20 23:00:00+00:00,89.83970233333334,91.11333
2025-07-21 00:00:00+00:00,74.53226591666667,79.089
2025-07-21 01:00:00+00:00,60.08888083333333,65.277466
2025-07-21 02:00:00+00:00,46.505374749999994,53.56135
2025-07-21 03:00:00+00:00,40.18464458333333,43.66337
2025-07-21 04:00:00+00:00,32.47604933333333,36.872864
2025-07-21 05:00:00+00:00,29.340436166666667,31.248184
2025-07-21 06:00:00+00:00,23.760459999999995,27.429302
2025-07-21 07:00:00+00:00,23.268253083333335,26.468542
2025-07-21 08:00:00+00:00,24.022241833333332,27.78356
2025-07-21 09:00:00+00:00,27.208845499999995,30.704782
2025-07-21 10:00:00+00:00,31.80375358333333,34.07961
2025-07-21 11:00:00+00:00,31.30043541666667,36.27442
2025-07-21 12:00:00+00:00,32.31596716666667,39.8985
2025-07-21 13:00:00+00:00,34.937019416666665,45.025803
2025-07-21 14:00:00+00:00,36.270674750000005,49.90162
2025-07-21 15:00:00+00:00,41.066937083333336,54.684273
2025-07-21 16:00:00+00:00,45.56504533333334,46.193146
2025-07-21 17:00:00+00:00,48.68891008333333,49.476475
2025-07-21 18:00:00+00:00,52.80713166666666,53.580887
2025-07-21 19:00:00+00:00,54.65324225,59.077847
2025-07-21 20:00:00+00:00,62.15645933333334,69.17104
2025-07-21 21:00:00+00:00,68.80378883333333,80.59312
2025-07-21 22:00:00+00:00,67.61205191666666,83.46748
2025-07-21 23:00:00+00:00,64.25472,76.755424
2025-07-22 00:00:00+00:00,54.35993691666667,64.99565
2025-07-22 01:00:00+00:00,45.152675916666674,53.627262
2025-07-22 02:00:00+00:00,36.96926083333333,44.606033
2025-07-22 03:00:00+00:00,29.91353383333333,37.122414
2025-07-22 04:00:00+00:00,24.23599333333333,32.53409
2025-07-22 05:00:00+00:00,23.377778333333335,28.803823
2025-07-22 06:00:00+00:00,22.106988416666667,25.727669
2025-07-22 07:00:00+00:00,21.217875916666667,24.191956
2025-07-22 08:00:00+00:00,21.3011575,24.502514
2025-07-22 09:00:00+00:00,22.252124499999997,26.828417
2025-07-22 10:00:00+00:00,25.593126,30.421946
2025-07-22 11:00:00+00:00,25.740596000000004,31.957901
2025-07-22 12:00:00+00:00,23.987122416666665,33.36329
2025-07-22 13:00:00+00:00,24.430018666666665,36.251198
2025-07-22 14:00:00+00:00,27.498666749999998,39.811882
2025-07-22 15:00:00+00:00,30.910387416666666,42.94006
2025-07-22 16:00:00+00:00,35.26333208333333,33.846954
2025-07-22 17:00:00+00:00,39.095305333333336,35.88652
2025-07-22 18:00:00+00:00,42.188485,39.320568
2025-07-22 19:00:00+00:00,44.36296083333334,43.876858
2025-07-22 20:00:00+00:00,50.641894416666666,49.069633
2025-07-22 21:00:00+00:00,57.61764616666667,53.420746
2025-07-22 22:00:00+00:00,63.81868166666666,54.074833
2025-07-22 23:00:00+00:00,74.98836924999999,50.706665
2025-07-23 00:00:00+00:00,63.615778416666664,45.45899
2025-07-23 01:00:00+00:00,47.5667585,39.95684
2025-07-23 02:00:00+00:00,39.252542999999996,33.988403
2025-07-23 03:00:00+00:00,33.330660083333335,28.134825
2025-07-23 04:00:00+00:00,28.185987833333332,24.05771
2025-07-23 05:00:00+00:00,25.184302333333335,20.304363
2025-07-23 06:00:00+00:00,22.383848333333333,18.163158
2025-07-23 07:00:00+00:00,21.064327666666667,16.757442
2025-07-23 08:00:00+00:00,20.804394833333333,16.34
2025-07-23 09:00:00+00:00,22.11457341666667,17.467957
2025-07-23 10:00:00+00:00,25.864914833333334,19.133602
2025-07-23 11:00:00+00:00,26.824830666666667,20.591675
2025-07-23 12:00:00+00:00,27.363249,22.353563
2025-07-23 13:00:00+00:00,29.349835833333337,24.948883
2025-07-23 14:00:00+00:00,32.95322158333334,27.342487
2025-07-23 15:00:00+00:00,37.39468625,29.62013
2025-07-23 16:00:00+00:00,42.64164066666667,43.535946
2025-07-23 17:00:00+00:00,47.259299166666665,50.012794
2025-07-23 18:00:00+00:00,49.84722875,55.00762
2025-07-23 19:00:00+00:00,59.790635333333334,61.150948
2025-07-23 20:00:00+00:00,70.68502358333333,70.5344
2025-07-23 21:00:00+00:00,88.20587866666666,80.726364
2025-07-23 22:00:00+00:00,90.41519375,87.88649
2025-07-23 23:00:00+00:00,91.49811633333331,86.52214
2025-07-24 00:00:00+00:00,68.94836808333334,75.43327
2025-07-24 01:00:00+00:00,51.32967833333334,60.59975
2025-07-24 02:00:00+00:00,41.31765966666667,49.418964
2025-07-24 03:00:00+00:00,37.913611833333334,41.33981
2025-07-24 04:00:00+00:00,31.953567500000002,35.081787
2025-07-24 05:00:00+00:00,27.909754333333336,28.694275
2025-07-24 06:00:00+00:00,25.618813083333336,24.872665
2025-07-24 07:00:00+00:00,24.1114685,23.478111
2025-07-24 08:00:00+00:00,23.80834975,23.701351
2025-07-24 09:00:00+00:00,25.307614499999996,24.15513
2025-07-24 10:00:00+00:00,28.0498295,25.344797
2025-07-24 11:00:00+00:00,30.027275583333335,26.9027
2025-07-24 12:00:00+00:00,31.260546416666667,29.799414
2025-07-24 13:00:00+00:00,36.226901500000004,32.686424
2025-07-24 14:00:00+00:00,43.43276758333333,36.374603
2025-07-24 15:00:00+00:00,50.357474249999996,41.339966
2025-07-24 16:00:00+00:00,65.01014866666667,57.677887
2025-07-24 17:00:00+00:00,76.23792458333334,63.612865
2025-07-24 18:00:00+00:00,79.29440266666667,71.851
2025-07-24 19:00:00+00:00,89.25247608333332,82.693855
2025-07-24 20:00:00+00:00,111.26500725,95.657455
2025-07-24 21:00:00+00:00,144.01840125,107.57873
2025-07-24 22:00:00+00:00,167.59372199999999,110.07402
2025-07-24 23:00:00+00:00,188.80935525,98.48964
2025-07-25 00:00:00+00:00,121.75235883333335,80.21118
2025-07-25 01:00:00+00:00,76.38002166666666,64.7704
2025-07-25 02:00:00+00:00,58.535971499999995,53.213596
2025-07-25 03:00:00+00:00,47.90647166666667,45.485474
2025-07-25 04:00:00+00:00,36.46255083333333,40.44258
2025-07-25 05:00:00+00:00,32.987822083333334,35.73153
2025-07-25 06:00:00+00:00,28.401336750000002,31.819832
2025-07-25 07:00:00+00:00,27.530082416666666,29.18934
2025-07-25 08:00:00+00:00,27.205919416666664,28.774813
2025-07-25 09:00:00+00:00,29.000519166666667,29.18643
2025-07-25 10:00:00+00:00,34.158389166666666,30.35555
2025-07-25 11:00:00+00:00,34.05192341666667,32.303574
2025-07-25 12:00:00+00:00,35.34684925,35.429302
2025-07-25 13:00:00+00:00,44.5146835,38.918236
2025-07-25 14:00:00+00:00,49.62308016666666,44.206924
2025-07-25 15:00:00+00:00,58.163688916666665,50.19884
2025-07-25 16:00:00+00:00,78.35408,67.74336
2025-07-25 17:00:00+00:00,87.38546083333334,81.60344
2025-07-25 18:00:00+00:00,101.77106808333333,95.55466
2025-07-25 19:00:00+00:00,118.91269983333335,110.8246
2025-07-25 20:00:00+00:00,154.7048495,128.7451
2025-07-25 21:00:00+00:00,166.86801608333334,152.00156
2025-07-25 22:00:00+00:00,188.6585589166667,168.33698
2025-07-25 23:00:00+00:00,177.84885591666665,157.0893
2025-07-26 00:00:00+00:00,95.76944708333333,120.48453
2025-07-26 01:00:00+00:00,75.27861866666667,87.9087
2025-07-26 02:00:00+00:00,59.182262333333334,68.26457
2025-07-26 03:00:00+00:00,48.71120341666666,57.346916
2025-07-26 04:00:00+00:00,39.09202633333333,48.015785
2025-07-26 05:00:00+00:00,35.826970249999995,40.6539
2025-07-26 06:00:00+00:00,30.84624041666667,36.610306
2025-07-26 07:00:00+00:00,26.218451666666667,33.035236
2025-07-26 08:00:00+00:00,25.58573183333333,32.214455
2025-07-26 09:00:00+00:00,25.96679416666667,33.279064
2025-07-26 10:00:00+00:00,26.096571,34.624138
2025-07-26 11:00:00+00:00,26.18203825,36.60589
2025-07-26 12:00:00+00:00,30.13462808333334,42.223743
2025-07-26 13:00:00+00:00,32.844503833333334,46.590004
2025-07-26 14:00:00+00:00,35.74686341666666,53.333805
2025-07-26 15:00:00+00:00,38.30730125,61.796566
2025-07-26 16:00:00+00:00,46.543897750000006,44.224747
2025-07-26 17:00:00+00:00,51.93130341666667,50.07321
2025-07-26 18:00:00+00:00,55.22964841666666,55.69261
2025-07-26 19:00:00+00:00,58.20223283333333,62.26597
2025-07-26 20:00:00+00:00,74.27366658333334,70.907074
2025-07-26 21:00:00+00:00,71.69590883333333,81.52235
2025-07-26 22:00:00+00:00,69.84256016666667,86.79138
2025-07-26 23:00:00+00:00,71.20745808333334,76.42851
2025-07-27 00:00:00+00:00,63.10909316666667,58.075653
2025-07-27 01:00:00+00:00,53.318373666666666,45.429924
2025-07-27 02:00:00+00:00,41.76497391666667,38.067413
2025-07-27 03:00:00+00:00,35.66060825,32.050606
2025-07-27 04:00:00+00:00,32.22895475,26.61269
2025-07-27 05:00:00+00:00,30.836745166666667,22.823734
2025-07-27 06:00:00+00:00,25.926377416666668,21.235477
2025-07-27 07:00:00+00:00,23.85340833333333,18.60334
2025-07-27 08:00:00+00:00,22.558367416666666,17.943535
2025-07-27 09:00:00+00:00,23.88779383333333,18.422268
2025-07-27 10:00:00+00:00,22.98912766666666,17.981895
2025-07-27 11:00:00+00:00,25.072351416666667,19.301779
2025-07-27 12:00:00+00:00,26.524824,21.981995
2025-07-27 13:00:00+00:00,32.239910916666666,23.137047
2025-07-27 14:00:00+00:00,34.95439675,26.494537
2025-07-27 15:00:00+00:00,41.05697975,30.64022
2025-07-27 16:00:00+00:00,52.25455375000001,44.256943
2025-07-27 17:00:00+00:00,60.159745750000006,47.966946
2025-07-27 18:00:00+00:00,65.19575350000001,51.471542
2025-07-27 19:00:00+00:00,69.9662515,56.17366
2025-07-27 20:00:00+00:00,82.96588775,61.39273
2025-07-27 21:00:00+00:00,86.23564941666666,67.40849
2025-07-27 22:00:00+00:00,94.37723116666666,73.71559
2025-07-27 23:00:00+00:00,101.88462216666667,71.60513
2025-07-28 00:00:00+00:00,83.94314841666666,63.3111
2025-07-28 01:00:00+00:00,66.771246,55.514637
2025-07-28 02:00:00+00:00,56.837998666666664,47.677494
2025-07-28 03:00:00+00:00,42.71467825,40.605556
2025-07-28 04:00:00+00:00,38.09231875,34.04517
2025-07-28 05:00:00+00:00,32.17377608333333,28.721985
2025-07-28 06:00:00+00:00,28.617377083333334,25.825974
2025-07-28 07:00:00+00:00,26.287811,23.222946
2025-07-28 08:00:00+00:00,27.876063833333333,21.748737
2025-07-28 09:00:00+00:00,30.788393666666668,22.080181
2025-07-28 10:00:00+00:00,35.89518541666666,22.622084
2025-07-28 11:00:00+00:00,36.19246308333333,23.829782
2025-07-28 12:00:00+00:00,39.68123991666667,23.819258
2025-07-28 13:00:00+00:00,48.433032,25.873877
2025-07-28 14:00:00+00:00,47.38992391666667,29.909964
2025-07-28 15:00:00+00:00,59.97865008333333,33.538383
2025-07-28 16:00:00+00:00,79.21079725,67.35074
2025-07-28 17:00:00+00:00,105.37756375,73.977875
2025-07-28 18:00:00+00:00,113.12592233333334,80.611305
2025-07-28 19:00:00+00:00,144.73297575,86.84494
2025-07-28 20:00:00+00:00,185.33445191666667,93.88843
2025-07-28 21:00:00+00:00,231.28717200000003,105.79158
2025-07-28 22:00:00+00:00,309.41923575,118.782166
2025-07-28 23:00:00+00:00,329.87915216666664,114.57449
2025-07-29 00:00:00+00:00,199.16760175,92.98057
2025-07-29 01:00:00+00:00,106.29107949999998,73.57477
2025-07-29 02:00:00+00:00,74.82726741666666,60.76499
2025-07-29 03:00:00+00:00,63.55751983333334,50.921513
2025-07-29 04:00:00+00:00,46.31182691666667,42.645973
2025-07-29 05:00:00+00:00,35.26473008333333,37.196114
2025-07-29 06:00:00+00:00,30.85240758333333,33.39344
2025-07-29 07:00:00+00:00,28.423310583333333,28.552746
2025-07-29 08:00:00+00:00,28.145920333333336,25.815048
2025-07-29 09:00:00+00:00,31.009106666666668,26.313635
2025-07-29 10:00:00+00:00,35.85109116666667,27.33399
2025-07-29 11:00:00+00:00,38.17625075,28.607195
2025-07-29 12:00:00+00:00,43.10174633333333,32.539642
2025-07-29 13:00:00+00:00,52.833112666666665,36.522842
2025-07-29 14:00:00+00:00,61.091243416666664,42.686485
2025-07-29 15:00:00+00:00,79.69251483333333,49.870567
2025-07-29 16:00:00+00:00,109.16574299999999,97.23772
2025-07-29 17:00:00+00:00,140.19662375,122.9435
2025-07-29 18:00:00+00:00,195.71190449999997,150.31963
2025-07-29 19:00:00+00:00,271.0545931666666,182.48486
2025-07-29 20:00:00+00:00,391.3010631666667,218.04585
2025-07-29 21:00:00+00:00,489.3005471666667,263.2464
2025-07-29 22:00:00+00:00,502.64608116666665,294.4602
2025-07-29 23:00:00+00:00,481.74147516666665,268.02518
2025-07-30 00:00:00+00:00,286.32265725,198.23102
2025-07-30 01:00:00+00:00,136.68644516666666,139.8146
2025-07-30 02:00:00+00:00,76.13117483333333,103.897766
2025-07-30 03:00:00+00:00,63.78317241666667,85.3553
2025-07-30 04:00:00+00:00,51.860415499999995,68.71901
2025-07-30 05:00:00+00:00,36.58371008333334,56.253963
2025-07-30 06:00:00+00:00,30.552211333333332,49.093754
2025-07-30 07:00:00+00:00,27.668916916666667,42.232338
2025-07-30 08:00:00+00:00,27.614071083333332,40.391407
2025-07-30 09:00:00+00:00,30.13463716666666,42.5084
2025-07-30 10:00:00+00:00,33.61017458333333,42.240444
2025-07-30 11:00:00+00:00,34.700847583333335,42.630726
2025-07-30 12:00:00+00:00,37.545612,49.602726
2025-07-30 13:00:00+00:00,52.2649925,55.262268
2025-07-30 14:00:00+00:00,55.899656666666665,66.483734
2025-07-30 15:00:00+00:00,68.63673091666666,81.99014
2025-07-30 16:00:00+00:00,79.802956,85.56975
2025-07-30 17:00:00+00:00,100.19942558333332,114.10408
2025-07-30 18:00:00+00:00,109.33831875,153.57874
2025-07-30 19:00:00+00:00,119.87139333333332,192.97563
2025-07-30 20:00:00+00:00,150.61849183333334,242.13551
2025-07-30 21:00:00+00:00,164.13622191666667,301.03436
2025-07-30 22:00:00+00:00,175.6162613333333,306.51825
2025-07-30 23:00:00+00:00,163.60792858333335,241.87209
2025-07-31 00:00:00+00:00,90.64297616666666,166.56062
2025-07-31 01:00:00+00:00,70.06422866666666,114.91235
2025-07-31 02:00:00+00:00,52.49730033333333,79.13625
2025-07-31 03:00:00+00:00,39.972133416666665,55.877434
2025-07-31 04:00:00+00:00,39.66184285333333,36.98973
2025-07-31 05:00:00+00:00,39.35155229,24.542358
2025-07-31 06:00:00+00:00,39.04126172666667,19.006126
2025-08-01 04:00:00+00:00,32.21486933333333,14.734272
2025-08-01 05:00:00+00:00,29.442763666666668,20.160229
2025-08-01 06:00:00+00:00,25.41104675,24.342327
2025-08-01 07:00:00+00:00,23.61673775,22.432774
2025-08-01 08:00:00+00:00,23.57529808333333,22.056728
2025-08-01 09:00:00+00:00,29.025617166666667,25.516731
2025-08-01 10:00:00+00:00,33.12141833333333,28.461647
2025-08-01 11:00:00+00:00,32.519080583333334,43.826256
2025-08-01 12:00:00+00:00,32.614088833333334,61.372482
2025-08-01 13:00:00+00:00,31.885458749999998,32.409832
2025-08-01 14:00:00+00:00,29.31548666666667,33.85224
2025-08-01 15:00:00+00:00,30.077033166666666,33.225063
2025-08-01 16:00:00+00:00,31.3100745,37.635216
2025-08-01 17:00:00+00:00,34.04529433333334,45.628876
2025-08-01 18:00:00+00:00,37.41536983333334,54.56024
2025-08-01 19:00:00+00:00,37.86061483333334,67.595375
2025-08-01 20:00:00+00:00,40.841707416666665,63.58195
2025-08-01 21:00:00+00:00,46.96974,47.698475
2025-08-01 22:00:00+00:00,41.76830983333333,38.309574
2025-08-01 23:00:00+00:00,43.246974666666674,28.610714
2025-08-02 00:00:00+00:00,42.676769583333325,19.774822
2025-08-02 01:00:00+00:00,35.30726541666667,13.218628
2025-08-02 02:00:00+00:00,30.840395583333333,8.318405
2025-08-02 03:00:00+00:00,23.81166866666667,7.600868
2025-08-02 04:00:00+00:00,23.68237591666667,5.790489
2025-08-02 05:00:00+00:00,22.221862083333335,6.2999344
2025-08-02 06:00:00+00:00,19.735733000000003,8.806435
2025-08-02 07:00:00+00:00,18.638519666666667,7.7766724
2025-08-02 08:00:00+00:00,18.30827233333333,8.742432
2025-08-02 09:00:00+00:00,19.639882750000005,6.624298
2025-08-02 10:00:00+00:00,19.80327825,4.1828995
2025-08-02 11:00:00+00:00,18.015866083333336,1.7034531
2025-08-02 12:00:00+00:00,17.750488166666667,1.6941986
2025-08-02 13:00:00+00:00,18.99273983333334,16.985893
2025-08-02 14:00:00+00:00,19.146024833333335,17.979198
2025-08-02 15:00:00+00:00,20.289740416666667,17.111698
2025-08-02 16:00:00+00:00,21.740116749999995,18.962315
2025-08-02 17:00:00+00:00,23.178403250000002,20.104702
2025-08-02 18:00:00+00:00,24.56789883333333,29.703423
2025-08-02 19:00:00+00:00,28.180546333333336,45.224915
2025-08-02 20:00:00+00:00,31.341809916666666,51.537064
2025-08-02 21:00:00+00:00,35.93030708333333,49.201565
2025-08-02 22:00:00+00:00,38.45183141666667,46.066742
2025-08-02 23:00:00+00:00,39.973368,44.44545
2025-08-03 00:00:00+00:00,35.30280508333333,42.217415
2025-08-03 01:00:00+00:00,31.75137666666667,36.91744
2025-08-03 02:00:00+00:00,28.9625265,30.391846
2025-08-03 03:00:00+00:00,23.49550075,28.08994
2025-08-03 04:00:00+00:00,20.08649541666667,24.626442
2025-08-03 05:00:00+00:00,18.166522583333336,18.80777
2025-08-03 06:00:00+00:00,17.861750583333333,16.29393
2025-08-03 07:00:00+00:00,16.955198333333335,14.176605
2025-08-03 08:00:00+00:00,16.621518666666667,11.510571
2025-08-03 09:00:00+00:00,16.7817045,4.8469925
2025-08-03 10:00:00+00:00,16.253037,4.9494247
2025-08-03 11:00:00+00:00,15.411910916666665,5.5306854
2025-08-03 12:00:00+00:00,15.6640325,7.2578278
2025-08-03 13:00:00+00:00,16.812025000000002,18.970543
2025-08-03 14:00:00+00:00,17.671888333333335,16.925804
2025-08-03 15:00:00+00:00,18.614568333333334,26.170307
2025-08-03 16:00:00+00:00,20.743331166666668,31.593243
2025-08-03 17:00:00+00:00,23.85509,35.561623
2025-08-03 18:00:00+00:00,27.153207750000004,46.504276
2025-08-03 19:00:00+00:00,29.540561583333332,57.772102
2025-08-03 20:00:00+00:00,34.715191583333336,58.99931
2025-08-03 21:00:00+00:00,39.13098591666667,53.544918
2025-08-03 22:00:00+00:00,42.965075250000005,56.58907
2025-08-03 23:00:00+00:00,44.71649991666667,53.845585
2025-08-04 00:00:00+00:00,38.470507000000005,43.458412
2025-08-04 01:00:00+00:00,34.883865166666666,38.421528
2025-08-04 02:00:00+00:00,31.380770166666665,38.382538
2025-08-04 03:00:00+00:00,25.469991583333336,36.806995
2025-08-04 04:00:00+00:00,21.90490816666667,33.57101
2025-08-04 05:00:00+00:00,21.66912933333333,27.692822
2025-08-04 06:00:00+00:00,18.46141908333334,22.985443
2025-08-04 07:00:00+00:00,17.852543583333333,15.391666
2025-08-04 08:00:00+00:00,18.20011725,9.62767
2025-08-04 09:00:00+00:00,21.92548041666667,9.284412
2025-08-04 10:00:00+00:00,25.893127333333336,10.500175
2025-08-04 11:00:00+00:00,23.24137908333333,15.398537
2025-08-04 12:00:00+00:00,22.57282175,24.699612
2025-08-04 13:00:00+00:00,23.9568475,22.302128
2025-08-04 14:00:00+00:00,28.71654,21.26268
2025-08-04 15:00:00+00:00,31.29534508333333,24.863583
2025-08-04 16:00:00+00:00,34.653886416666666,27.017685
2025-08-04 17:00:00+00:00,38.39303208333333,29.691166
2025-08-04 18:00:00+00:00,42.4787295,38.017906
2025-08-04 19:00:00+00:00,45.516371416666665,49.982697
2025-08-04 20:00:00+00:00,52.67655558333333,57.026363
2025-08-04 21:00:00+00:00,71.25739791666666,57.05085
2025-08-04 22:00:00+00:00,69.86214425,54.53574
2025-08-04 23:00:00+00:00,71.54246491666667,50.24406
2025-08-05 00:00:00+00:00,55.71776566666667,42.50288
2025-08-05 01:00:00+00:00,43.21438774999999,37.037125
2025-08-05 02:00:00+00:00,38.289469000000004,33.000004
2025-08-05 03:00:00+00:00,30.97014525,32.321438
2025-08-05 04:00:00+00:00,30.87181725,26.776932
2025-08-05 05:00:00+00:00,26.99355758333333,22.344627
2025-08-05 06:00:00+00:00,23.163578583333333,23.740467
2025-08-05 07:00:00+00:00,21.186941083333334,23.090729
2025-08-05 08:00:00+00:00,21.5786785,21.672298
2025-08-05 09:00:00+00:00,25.767583000000002,21.345772
2025-08-05 10:00:00+00:00,31.119532250000002,21.556576
2025-08-05 11:00:00+00:00,30.486989416666663,22.624893
2025-08-05 12:00:00+00:00,30.79010633333333,23.181747
2025-08-05 13:00:00+00:00,31.376918833333335,32.482986
2025-08-05 14:00:00+00:00,33.860873000000005,31.281273
2025-08-05 15:00:00+00:00,36.73089875,31.136944
2025-08-05 16:00:00+00:00,40.77189225,35.490868
2025-08-05 17:00:00+00:00,46.561244249999994,42.46814
2025-08-05 18:00:00+00:00,51.407969916666666,48.931995
2025-08-05 19:00:00+00:00,50.36026316666667,58.027145
2025-08-05 20:00:00+00:00,58.60203475000001,65.77452
2025-08-05 21:00:00+00:00,67.56981791666666,70.159
2025-08-05 22:00:00+00:00,60.86344258333333,72.39538
2025-08-05 23:00:00+00:00,63.164004250000005,68.387634
2025-08-06 00:00:00+00:00,55.81582841666667,54.42661
2025-08-06 01:00:00+00:00,47.93595358333334,44.373882
2025-08-06 02:00:00+00:00,39.25894283333333,37.870857
2025-08-06 03:00:00+00:00,34.74950741666667,34.34307
2025-08-06 04:00:00+00:00,29.550214083333334,28.806637
2025-08-06 05:00:00+00:00,25.64901,24.26907
2025-08-06 06:00:00+00:00,22.223488666666668,23.130852
2025-08-06 07:00:00+00:00,21.31536025,23.399704
2025-08-06 08:00:00+00:00,21.920328,27.296085
2025-08-06 09:00:00+00:00,24.824626916666663,28.448269
2025-08-06 10:00:00+00:00,31.832765666666667,25.86428
2025-08-06 11:00:00+00:00,31.388738666666665,21.904343
2025-08-06 12:00:00+00:00,31.905484416666667,23.738579
2025-08-06 13:00:00+00:00,32.612538666666666,32.53286
2025-08-06 14:00:00+00:00,34.85730366666667,40.987698
2025-08-06 15:00:00+00:00,37.4339635,41.337128
2025-08-06 16:00:00+00:00,39.9419075,45.510624
2025-08-06 17:00:00+00:00,44.77124233333333,54.641224
2025-08-06 18:00:00+00:00,46.160843,61.669594
2025-08-06 19:00:00+00:00,47.44155100000001,71.77759
2025-08-06 20:00:00+00:00,52.025713499999995,78.60618
2025-08-06 21:00:00+00:00,59.75584933333334,76.04968
2025-08-06 22:00:00+00:00,56.32628358333333,74.59319
2025-08-06 23:00:00+00:00,64.95774658333333,71.6316
2025-08-07 00:00:00+00:00,60.171985416666665,54.08072
2025-08-07 01:00:00+00:00,47.744791666666664,36.326553
2025-08-07 02:00:00+00:00,39.9514495,29.633345
2025-08-07 03:00:00+00:00,33.49860266666666,26.459518
2025-08-07 04:00:00+00:00,31.844783583333335,20.975311
2025-08-07 05:00:00+00:00,27.747421833333334,16.931854
2025-08-07 06:00:00+00:00,24.106072166666667,16.268116
2025-08-07 07:00:00+00:00,22.652870583333335,17.002743
2025-08-07 08:00:00+00:00,23.03317008333333,17.342266
2025-08-07 09:00:00+00:00,26.980368249999998,21.218899
2025-08-07 10:00:00+00:00,33.965313083333335,23.858091
2025-08-07 11:00:00+00:00,33.52518716666667,24.765762
2025-08-07 12:00:00+00:00,32.181075416666665,30.433222
2025-08-07 13:00:00+00:00,34.104300083333335,33.429302
2025-08-07 14:00:00+00:00,36.83181441666667,37.086605
2025-08-07 15:00:00+00:00,42.07343666666667,38.95836
2025-08-07 16:00:00+00:00,47.85251433333334,42.047485
2025-08-07 17:00:00+00:00,49.627633249999995,45.72547
2025-08-07 18:00:00+00:00,52.214131833333326,49.211758
2025-08-07 19:00:00+00:00,55.59801241666667,55.551735
2025-08-07 20:00:00+00:00,62.382416666666664,62.258854
2025-08-07 21:00:00+00:00,67.41903841666667,65.08555
2025-08-07 22:00:00+00:00,66.44821141666667,66.29717
2025-08-07 23:00:00+00:00,71.25762233333333,64.02903
2025-08-08 00:00:00+00:00,56.69708283333333,54.71222
2025-08-08 01:00:00+00:00,47.564137249999995,44.84571
2025-08-08 02:00:00+00:00,40.468285,38.951393
2025-08-08 03:00:00+00:00,35.82503125,35.175484
2025-08-08 04:00:00+00:00,30.548935083333333,30.537567
2025-08-08 05:00:00+00:00,27.417190583333333,26.420855
2025-08-08 06:00:00+00:00,23.676832750000006,24.153912
2025-08-08 07:00:00+00:00,21.83415433333333,22.852314
2025-08-08 08:00:00+00:00,22.49871625,22.187866
2025-08-08 09:00:00+00:00,23.809035666666663,25.274769
2025-08-08 10:00:00+00:00,30.013347999999997,28.402336
2025-08-08 11:00:00+00:00,30.84887416666667,29.049706
2025-08-08 12:00:00+00:00,30.649158916666664,31.07879
2025-08-08 13:00:00+00:00,32.1958535,32.91863
2025-08-08 14:00:00+00:00,35.22097566666667,35.76277
2025-08-08 15:00:00+00:00,40.3396575,39.411766
2025-08-08 16:00:00+00:00,45.45728191666666,42.782158
2025-08-08 17:00:00+00:00,46.279968833333335,45.457153
2025-08-08 18:00:00+00:00,48.401709000000004,48.01513
2025-08-08 19:00:00+00:00,53.30623333333333,50.93847
2025-08-08 20:00:00+00:00,62.45824858333333,55.590054
2025-08-08 21:00:00+00:00,65.32178625,60.771416
2025-08-08 22:00:00+00:00,66.9174865,62.282745
2025-08-08 23:00:00+00:00,69.94552358333333,58.633186
2025-08-09 00:00:00+00:00,55.06188075,51.522564
2025-08-09 01:00:00+00:00,42.24884608333333,44.239475
2025-08-09 02:00:00+00:00,38.33919975,38.607468
2025-08-09 03:00:00+00:00,32.03908966666666,34.341312
2025-08-09 04:00:00+00:00,28.7675005,31.124708
2025-08-09 05:00:00+00:00,25.391543416666668,28.82767
2025-08-09 06:00:00+00:00,22.929733583333334,26.559202
2025-08-09 07:00:00+00:00,21.22640575,24.227057
2025-08-09 08:00:00+00:00,21.235426666666665,22.585838
2025-08-09 09:00:00+00:00,21.69759566666667,22.514841
2025-08-09 10:00:00+00:00,21.431959666666668,23.946777
2025-08-09 11:00:00+00:00,20.224389833333333,24.887917
2025-08-09 12:00:00+00:00,20.147846333333334,25.92008
2025-08-09 13:00:00+00:00,23.38655758333333,22.188955
2025-08-09 14:00:00+00:00,28.97872916666667,24.278332
2025-08-09 15:00:00+00:00,33.656250416666666,27.455164
2025-08-09 16:00:00+00:00,37.41322533333334,30.04309
2025-08-09 17:00:00+00:00,41.069845916666665,31.850496
2025-08-09 18:00:00+00:00,43.959026833333326,34.06201
2025-08-09 19:00:00+00:00,47.3115535,37.484863
2025-08-09 20:00:00+00:00,50.626603249999995,41.512188
2025-08-09 21:00:00+00:00,59.07398525,44.73339
2025-08-09 22:00:00+00:00,71.36536308333334,47.542534
2025-08-09 23:00:00+00:00,79.02250158333334,48.220875
2025-08-10 00:00:00+00:00,60.78813408333334,44.016777
2025-08-10 01:00:00+00:00,43.01444683333333,37.66411
2025-08-10 02:00:00+00:00,39.29016708333334,32.59031
2025-08-10 03:00:00+00:00,32.02558108333333,28.651676
2025-08-10 04:00:00+00:00,25.131348083333336,25.470703
2025-08-10 05:00:00+00:00,22.702888166666668,23.009844
2025-08-10 06:00:00+00:00,21.4370425,20.962606
2025-08-10 07:00:00+00:00,20.305467583333336,18.982363
2025-08-10 08:00:00+00:00,18.99585916666667,18.020315
2025-08-10 09:00:00+00:00,18.438663833333337,18.140831
2025-08-10 10:00:00+00:00,18.536162833333336,18.98589
2025-08-10 11:00:00+00:00,18.427357583333333,19.134243
2025-08-10 12:00:00+00:00,18.454336333333334,19.510654
2025-08-10 13:00:00+00:00,20.049667083333333,21.792791
2025-08-10 14:00:00+00:00,22.426556666666666,25.03806
2025-08-10 15:00:00+00:00,29.904817916666673,30.134869
2025-08-10 16:00:00+00:00,34.4044595,34.41279
2025-08-10 17:00:00+00:00,36.75723141666666,37.63082
2025-08-10 18:00:00+00:00,38.04154425,40.887413
2025-08-10 19:00:00+00:00,41.769118999999996,45.82552
2025-08-10 20:00:00+00:00,45.56060558333333,51.54606
2025-08-10 21:00:00+00:00,56.42351991666667,58.026836
2025-08-10 22:00:00+00:00,65.839763,66.04912
2025-08-10 23:00:00+00:00,74.27481108333333,66.07832
2025-08-11 00:00:00+00:00,59.039898916666665,56.106384
2025-08-11 01:00:00+00:00,42.9530725,45.925102
2025-08-11 02:00:00+00:00,37.916765833333336,38.314323
2025-08-11 03:00:00+00:00,32.549722833333334,32.360573
2025-08-11 04:00:00+00:00,29.491029666666666,27.857697
2025-08-11 05:00:00+00:00,27.233770000000003,24.281395
2025-08-11 06:00:00+00:00,23.693965083333335,21.856913
2025-08-11 07:00:00+00:00,22.744024999999997,19.847553
2025-08-11 08:00:00+00:00,22.721258749999997,19.772928
2025-08-11 09:00:00+00:00,25.60205825,21.728996
2025-08-11 10:00:00+00:00,30.631826750000002,23.69971
2025-08-11 11:00:00+00:00,32.247998,25.071117
2025-08-11 12:00:00+00:00,32.06708091666667,26.534502
2025-08-11 13:00:00+00:00,34.27051075,34.464684
2025-08-11 14:00:00+00:00,38.249242083333336,37.23396
2025-08-11 15:00:00+00:00,47.618751083333336,41.625366
2025-08-11 16:00:00+00:00,55.033557916666666,45.164074
2025-08-11 17:00:00+00:00,58.82090383333334,47.796932
2025-08-11 18:00:00+00:00,61.353328,50.190403
2025-08-11 19:00:00+00:00,63.82850691666667,53.98951
2025-08-11 20:00:00+00:00,73.38913508333333,58.238976
2025-08-11 21:00:00+00:00,83.41252124999998,64.84619
2025-08-11 22:00:00+00:00,95.02726108333333,73.66858
2025-08-11 23:00:00+00:00,98.83865566666667,73.02411
2025-08-12 00:00:00+00:00,69.1534725,60.55816
2025-08-12 01:00:00+00:00,56.31726141666667,48.59772
2025-08-12 02:00:00+00:00,45.693196416666666,40.574383
2025-08-12 03:00:00+00:00,36.338984583333335,34.797005
2025-08-12 04:00:00+00:00,33.72951725,30.426197
2025-08-12 05:00:00+00:00,29.665724416666666,27.437012
2025-08-12 06:00:00+00:00,25.702812249999997,25.205286
2025-08-12 07:00:00+00:00,24.126785833333333,23.176327
2025-08-12 08:00:00+00:00,24.446687416666666,23.31039
2025-08-12 09:00:00+00:00,27.522606166666666,25.794157
2025-08-12 10:00:00+00:00,33.45698041666667,29.443686
2025-08-12 11:00:00+00:00,37.265421583333335,32.337776
2025-08-12 12:00:00+00:00,35.08668225,34.741302
2025-08-12 13:00:00+00:00,40.18629133333334,37.750954
2025-08-12 14:00:00+00:00,43.0165105,40.354893
2025-08-12 15:00:00+00:00,53.19197033333333,45.467213
2025-08-12 16:00:00+00:00,60.75594541666667,50.82004
2025-08-12 17:00:00+00:00,61.705949333333336,54.461853
2025-08-12 18:00:00+00:00,66.20991866666667,58.416954
2025-08-12 19:00:00+00:00,70.85279616666666,62.132607
2025-08-12 20:00:00+00:00,82.34652308333334,66.19789
2025-08-12 21:00:00+00:00,100.48295050000002,74.351685
2025-08-12 22:00:00+00:00,110.12964616666665,82.00897
2025-08-12 23:00:00+00:00,105.53021691666666,76.94541
2025-08-13 00:00:00+00:00,72.52666775,62.234627
2025-08-13 01:00:00+00:00,58.92404558333334,50.042274
2025-08-13 02:00:00+00:00,48.9140435,42.09955
2025-08-13 03:00:00+00:00,41.665125499999995,36.210228
2025-08-13 04:00:00+00:00,37.22327883333333,31.79612
2025-08-13 05:00:00+00:00,32.072860666666664,29.148945
2025-08-13 06:00:00+00:00,28.257311000000005,26.636488
2025-08-13 07:00:00+00:00,26.68892008333333,24.05544
2025-08-13 08:00:00+00:00,26.548525749999996,23.686596
2025-08-13 09:00:00+00:00,31.801536916666667,26.16566
2025-08-13 10:00:00+00:00,38.192777,30.2981
2025-08-13 11:00:00+00:00,40.10421341666667,33.008045
2025-08-13 12:00:00+00:00,40.945525583333335,34.9867
2025-08-13 13:00:00+00:00,44.617432666666666,44.96612
2025-08-13 14:00:00+00:00,48.608443083333334,48.571545
2025-08-13 15:00:00+00:00,52.481861083333335,54.79245
2025-08-13 16:00:00+00:00,58.88003774999999,61.144028
2025-08-13 17:00:00+00:00,64.93329125,65.07415
2025-08-13 18:00:00+00:00,62.852841250000004,69.47132
2025-08-13 19:00:00+00:00,67.16147391666667,73.80919
2025-08-13 20:00:00+00:00,68.88234508333333,78.9513
2025-08-13 21:00:00+00:00,72.39925191666667,90.80786
2025-08-13 22:00:00+00:00,68.36336333333334,100.4217
2025-08-13 23:00:00+00:00,66.56467066666667,91.12682
2025-08-14 00:00:00+00:00,55.23271041666666,71.93396
2025-08-14 01:00:00+00:00,49.128980500000004,57.086143
2025-08-14 02:00:00+00:00,39.8341275,47.608246
2025-08-14 03:00:00+00:00,36.073606833333336,41.009556
2025-08-14 04:00:00+00:00,31.108825083333333,36.424046
2025-08-14 05:00:00+00:00,27.964198,32.95348
2025-08-14 06:00:00+00:00,25.010799083333335,30.007092
2025-08-14 07:00:00+00:00,23.044335583333332,27.09925
2025-08-14 08:00:00+00:00,23.605355,27.7063
2025-08-14 09:00:00+00:00,26.679577583333337,31.644547
2025-08-14 10:00:00+00:00,34.647726666666664,37.820366
2025-08-14 11:00:00+00:00,35.83801641666667,41.349808
2025-08-14 12:00:00+00:00,33.47297175,42.161613
2025-08-14 13:00:00+00:00,34.22547675,35.62425
2025-08-14 14:00:00+00:00,36.58270958333333,37.479153
2025-08-14 15:00:00+00:00,42.67422241666667,40.5626
2025-08-14 16:00:00+00:00,44.897089666666666,43.872257
2025-08-14 17:00:00+00:00,55.56046008333334,46.334404
2025-08-14 18:00:00+00:00,60.81363558333334,48.859844
2025-08-14 19:00:00+00:00,68.99591591666668,50.788162
2025-08-14 20:00:00+00:00,77.978803,53.10411
2025-08-14 21:00:00+00:00,84.66546683333333,57.674526
2025-08-14 22:00:00+00:00,88.19441841666666,59.954765
2025-08-14 23:00:00+00:00,88.05835474999999,57.541824
2025-08-15 00:00:00+00:00,63.48799775000001,51.69
2025-08-15 01:00:00+00:00,52.630843999999996,45.039524
2025-08-15 02:00:00+00:00,40.65548833333333,38.7737
2025-08-15 03:00:00+00:00,33.8527335,33.621483
2025-08-15 04:00:00+00:00,31.426609416666665,29.611525
2025-08-15 05:00:00+00:00,28.470909500000005,26.648865
2025-08-15 06:00:00+00:00,25.23008308333333,24.072952
2025-08-15 07:00:00+00:00,23.64871408333333,22.14464
2025-08-15 08:00:00+00:00,23.84288425,22.298817
2025-08-15 09:00:00+00:00,25.424679750000003,23.57695
2025-08-15 10:00:00+00:00,34.186425416666665,26.050589
2025-08-15 11:00:00+00:00,34.67121291666667,29.088577
2025-08-15 12:00:00+00:00,32.84653591666667,30.606274
2025-08-15 13:00:00+00:00,35.660263083333334,35.318607
2025-08-15 14:00:00+00:00,42.06210516666667,39.17307
2025-08-15 15:00:00+00:00,49.68362849999999,44.130253
2025-08-15 16:00:00+00:00,57.871206666666666,49.037086
2025-08-15 17:00:00+00:00,68.08907141666667,52.90544
2025-08-15 18:00:00+00:00,71.03991541666666,56.637867
2025-08-15 19:00:00+00:00,84.40244391666667,62.219894
2025-08-15 20:00:00+00:00,104.37587741666665,69.59569
2025-08-15 21:00:00+00:00,106.11910133333333,78.28181
2025-08-15 22:00:00+00:00,102.28461325,82.44295
2025-08-15 23:00:00+00:00,97.31536458333333,74.64758
2025-08-16 00:00:00+00:00,76.39280116666667,60.95365
2025-08-16 01:00:00+00:00,65.56665516666666,50.02726
2025-08-16 02:00:00+00:00,54.58327391666666,42.506256
2025-08-16 03:00:00+00:00,43.43322816666668,36.323643
2025-08-16 04:00:00+00:00,34.0737375,31.796684
2025-08-16 05:00:00+00:00,31.008591916666663,29.107483
2025-08-16 06:00:00+00:00,24.75775916666667,26.842924
2025-08-16 07:00:00+00:00,22.710281416666664,24.118181
2025-08-16 08:00:00+00:00,21.466094416666667,23.268442
2025-08-16 09:00:00+00:00,22.88520025,24.48369
2025-08-16 10:00:00+00:00,23.616431916666667,25.935072
2025-08-16 11:00:00+00:00,23.603725999999998,26.642366
2025-08-16 12:00:00+00:00,24.139410583333333,27.922716
2025-08-16 13:00:00+00:00,29.384013916666664,28.993065
2025-08-16 14:00:00+00:00,35.057492333333336,34.783802
2025-08-16 15:00:00+00:00,42.450622,42.21696
2025-08-16 16:00:00+00:00,46.83140083333333,49.61358
2025-08-16 17:00:00+00:00,50.9965585,56.402283
2025-08-16 18:00:00+00:00,54.64710083333333,63.929756
2025-08-16 19:00:00+00:00,56.95084791666667,74.111084
2025-08-16 20:00:00+00:00,64.86754025,84.58511
2025-08-16 21:00:00+00:00,71.24042208333334,92.7755
2025-08-16 22:00:00+00:00,86.95009233333333,93.91114
2025-08-16 23:00:00+00:00,72.99608566666667,85.11211
2025-08-17 00:00:00+00:00,57.675814583333334,71.72945
2025-08-17 01:00:00+00:00,50.94089208333333,59.72444
2025-08-17 02:00:00+00:00,42.084596499999996,50.671814
2025-08-17 03:00:00+00:00,38.1973585,43.86512
2025-08-17 04:00:00+00:00,33.678413,37.722637
2025-08-17 05:00:00+00:00,30.8091785,32.50279
2025-08-17 06:00:00+00:00,26.6714515,28.454844
2025-08-17 07:00:00+00:00,23.845848666666672,24.822563
2025-08-17 08:00:00+00:00,22.766136583333335,22.619307
2025-08-17 09:00:00+00:00,23.121630083333333,21.575357
2025-08-17 10:00:00+00:00,24.099488249999997,21.832142
2025-08-17 11:00:00+00:00,24.084989250000003,22.50829
2025-08-17 12:00:00+00:00,24.556133666666668,25.13813
2025-08-17 13:00:00+00:00,30.150728749999995,28.875854
2025-08-17 14:00:00+00:00,35.454013833333335,32.91215
2025-08-17 15:00:00+00:00,42.77410591666666,39.71154
2025-08-17 16:00:00+00:00,47.13429441666667,45.30238
2025-08-17 17:00:00+00:00,51.52134233333333,48.98231
2025-08-17 18:00:00+00:00,57.933022916666665,52.466446
2025-08-17 19:00:00+00:00,63.151177,56.93548
2025-08-17 20:00:00+00:00,72.67706633333333,62.252197
2025-08-17 21:00:00+00:00,89.78953091666665,69.07243
2025-08-17 22:00:00+00:00,95.44548341666668,74.189095
2025-08-17 23:00:00+00:00,96.04730491666668,70.996414
2025-08-18 00:00:00+00:00,64.62812466666666,61.57629
2025-08-18 01:00:00+00:00,52.43398233333333,51.88237
2025-08-18 02:00:00+00:00,45.4048465,43.923084
2025-08-18 03:00:00+00:00,40.43417675,37.47619
2025-08-18 04:00:00+00:00,34.40335766666667,31.942497
2025-08-18 05:00:00+00:00,29.116455833333337,27.458628
2025-08-18 06:00:00+00:00,25.076626,24.6412
2025-08-18 07:00:00+00:00,23.963820833333333,22.549685
2025-08-18 08:00:00+00:00,24.431457666666663,22.469725
2025-08-18 09:00:00+00:00,30.045310666666666,23.470257
2025-08-18 10:00:00+00:00,35.23571425,26.149723
2025-08-18 11:00:00+00:00,36.54108566666667,30.144104
2025-08-18 12:00:00+00:00,34.959459333333335,32.879013
2025-08-18 13:00:00+00:00,35.674485499999996,39.829567
2025-08-18 14:00:00+00:00,37.02787433333334,45.16429
2025-08-18 15:00:00+00:00,40.721955083333334,52.422684
2025-08-18 16:00:00+00:00,45.972262416666666,59.900326
2025-08-18 17:00:00+00:00,52.89278016666666,65.96886
2025-08-18 18:00:00+00:00,57.64565291666667,71.10982
2025-08-18 19:00:00+00:00,62.05774466666667,76.53722
2025-08-18 20:00:00+00:00,65.64771533333334,84.58256
2025-08-18 21:00:00+00:00,66.57155133333333,97.522484
2025-08-18 22:00:00+00:00,69.97618491666667,103.13863
2025-08-18 23:00:00+00:00,72.90800466666667,90.14653
2025-08-19 00:00:00+00:00,66.43767916666667,71.0929
2025-08-19 01:00:00+00:00,50.96684308333334,58.03922
2025-08-19 02:00:00+00:00,38.872095333333334,48.471214
2025-08-19 03:00:00+00:00,32.6966175,40.73494
2025-08-19 04:00:00+00:00,28.386769333333337,34.709465
2025-08-19 05:00:00+00:00,25.492762583333334,30.808912
2025-08-19 06:00:00+00:00,23.2422825,27.518131
2025-08-19 07:00:00+00:00,22.108641083333332,24.294325
2025-08-19 08:00:00+00:00,22.897288083333333,24.587366
2025-08-19 09:00:00+00:00,26.033666083333333,27.310066
2025-08-19 10:00:00+00:00,34.52459708333333,30.74068
2025-08-19 11:00:00+00:00,35.64713316666667,34.322754
2025-08-19 12:00:00+00:00,33.52927008333334,37.257484
2025-08-19 13:00:00+00:00,34.42962933333333,36.00501
2025-08-19 14:00:00+00:00,35.62872108333334,37.579857
2025-08-19 15:00:00+00:00,39.01806466666667,40.28254
2025-08-19 16:00:00+00:00,42.82875108333334,43.547413
2025-08-19 17:00:00+00:00,50.918359083333335,46.369816
2025-08-19 18:00:00+00:00,53.685637750000005,49.24911
2025-08-19 19:00:00+00:00,57.84879091666667,52.243164
2025-08-19 20:00:00+00:00,61.799487666666664,55.002213
2025-08-19 21:00:00+00:00,63.09221683333334,58.531982
2025-08-19 22:00:00+00:00,61.92589650000001,61.268967
2025-08-19 23:00:00+00:00,69.45064608333333,59.625755
2025-08-20 00:00:00+00:00,60.495961750000006,52.11009
2025-08-20 01:00:00+00:00,50.833915,43.992317
2025-08-20 02:00:00+00:00,40.91401166666667,37.09302
2025-08-20 03:00:00+00:00,32.774593583333335,31.295618
2025-08-20 04:00:00+00:00,29.63194508333333,26.64887
2025-08-20 05:00:00+00:00,28.3935125,23.877909
2025-08-20 06:00:00+00:00,24.46607358333334,21.853256
2025-08-20 07:00:00+00:00,23.3333135,21.025467
2025-08-20 08:00:00+00:00,23.67995041666667,21.878906
2025-08-20 09:00:00+00:00,29.249754166666666,24.417946
2025-08-20 10:00:00+00:00,37.50256875,28.329187
2025-08-20 11:00:00+00:00,37.2254965,31.743984
2025-08-20 12:00:00+00:00,36.72037233333333,33.612698
2025-08-20 13:00:00+00:00,37.24904466666667,39.100037
2025-08-20 14:00:00+00:00,34.7945105,42.05596
2025-08-20 15:00:00+00:00,37.339197,46.48796
2025-08-20 16:00:00+00:00,40.658264333333335,51.112442
2025-08-20 17:00:00+00:00,46.00429416666666,54.567863
2025-08-20 18:00:00+00:00,47.91725883333334,58.258728
2025-08-20 19:00:00+00:00,50.79032575,63.20729
2025-08-20 20:00:00+00:00,51.916360166666664,69.72727
2025-08-20 21:00:00+00:00,54.76880175000001,75.69534
2025-08-20 22:00:00+00:00,51.9655905,78.03922
2025-08-20 23:00:00+00:00,54.69574175,73.91434
2025-08-21 00:00:00+00:00,52.108059749999995,63.97753
2025-08-21 01:00:00+00:00,45.88729141666667,53.512203
2025-08-21 02:00:00+00:00,36.6315275,45.047585
2025-08-21 03:00:00+00:00,31.382329333333335,38.44724
2025-08-21 04:00:00+00:00,27.344040333333336,33.143517
2025-08-21 05:00:00+00:00,24.762446333333333,29.337275
2025-08-21 06:00:00+00:00,22.345923166666665,26.437702
2025-08-21 07:00:00+00:00,21.51209425,24.11051
2025-08-21 08:00:00+00:00,21.7919455,24.331726
2025-08-21 09:00:00+00:00,24.708366583333333,27.895247
2025-08-21 10:00:00+00:00,30.009527583333334,31.912064
2025-08-21 11:00:00+00:00,32.9508755,33.68934
2025-08-21 12:00:00+00:00,31.42949575,34.936077
2025-08-21 13:00:00+00:00,31.465666083333332,32.446625
2025-08-21 14:00:00+00:00,31.51221241666667,33.26514
2025-08-21 15:00:00+00:00,33.551100416666664,34.08831
2025-08-21 16:00:00+00:00,34.417659416666666,35.565735
2025-08-21 17:00:00+00:00,36.76123116666667,37.43153
2025-08-21 18:00:00+00:00,37.63424358333334,39.486744
2025-08-21 19:00:00+00:00,39.341588,42.167828
2025-08-21 20:00:00+00:00,40.265592416666664,45.99712
2025-08-21 21:00:00+00:00,42.160582749999996,49.49796
2025-08-21 22:00:00+00:00,43.282395666666666,50.512943
2025-08-21 23:00:00+00:00,45.691545,49.70715
2025-08-22 00:00:00+00:00,43.212703583333344,45.57437
2025-08-22 01:00:00+00:00,36.55520875,39.073357
2025-08-22 02:00:00+00:00,30.7510375,32.779057
2025-08-22 03:00:00+00:00,26.25672891666666,28.42387
2025-08-22 04:00:00+00:00,22.15738675,24.762066
2025-08-22 05:00:00+00:00,21.63727516666667,21.863829
2025-08-22 06:00:00+00:00,19.16665691666667,19.869377
2025-08-22 07:00:00+00:00,17.18440191666667,18.769144
2025-08-22 08:00:00+00:00,17.527159416666667,19.323168
2025-08-22 09:00:00+00:00,21.094433916666667,21.75419
2025-08-22 10:00:00+00:00,26.383374583333335,25.326687
2025-08-22 11:00:00+00:00,25.182602916666667,29.39247
2025-08-22 12:00:00+00:00,22.316463166666665,31.88459
2025-08-22 13:00:00+00:00,23.493538,23.1513
2025-08-22 14:00:00+00:00,24.608333916666666,24.169497
2025-08-22 15:00:00+00:00,27.4069885,24.939703
2025-08-22 16:00:00+00:00,30.37897,25.855978
2025-08-22 17:00:00+00:00,33.76219008333333,26.41383
2025-08-22 18:00:00+00:00,36.02161675,27.569817
2025-08-22 19:00:00+00:00,38.360020999999996,29.76248
2025-08-22 20:00:00+00:00,41.4155755,32.3588
2025-08-22 21:00:00+00:00,48.27827083333333,35.14918
2025-08-22 22:00:00+00:00,51.63206400000001,37.08341
2025-08-22 23:00:00+00:00,50.08254966666667,38.58889
2025-08-23 00:00:00+00:00,42.13602225,37.08271
2025-08-23 01:00:00+00:00,37.692789749999996,32.42889
2025-08-23 02:00:00+00:00,33.71407225,27.39391
2025-08-23 03:00:00+00:00,26.344754416666664,23.222439
2025-08-23 04:00:00+00:00,24.4691345,20.058168
2025-08-23 05:00:00+00:00,20.70363425,17.686771
2025-08-23 06:00:00+00:00,19.410430250000005,15.967062
2025-08-23 07:00:00+00:00,18.31609975,14.535135
2025-08-23 08:00:00+00:00,17.362882250000006,13.612852
2025-08-23 09:00:00+00:00,17.280861583333333,13.575132
2025-08-23 10:00:00+00:00,18.6408885,15.029856
2025-08-23 11:00:00+00:00,17.312699,17.179646
2025-08-23 12:00:00+00:00,16.882654249999998,18.817032
2025-08-23 13:00:00+00:00,18.160474083333334,18.604437
2025-08-23 14:00:00+00:00,21.888754416666664,21.1763
2025-08-23 15:00:00+00:00,24.106258916666665,24.189262
2025-08-23 16:00:00+00:00,26.64044183333333,27.458668
2025-08-23 17:00:00+00:00,29.79368325,30.440332
2025-08-23 18:00:00+00:00,31.08127325,33.05342
2025-08-23 19:00:00+00:00,34.69064241666667,37.13964
2025-08-23 20:00:00+00:00,36.618281583333335,42.95395
2025-08-23 21:00:00+00:00,41.58346316666667,48.58869
2025-08-23 22:00:00+00:00,45.82948124999999,51.299633
2025-08-23 23:00:00+00:00,41.27417933333333,49.037025
2025-08-24 00:00:00+00:00,36.13388991666667,44.03797
2025-08-24 01:00:00+00:00,31.90738291666667,38.91697
2025-08-24 02:00:00+00:00,28.644747833333337,33.770836
2025-08-24 03:00:00+00:00,24.420386500000003,28.909657
2025-08-24 04:00:00+00:00,22.531499416666666,24.828701
2025-08-24 05:00:00+00:00,21.671602833333335,22.185455
2025-08-24 06:00:00+00:00,19.76848266666667,20.018158
2025-08-24 07:00:00+00:00,17.749606000000004,17.85715
2025-08-24 08:00:00+00:00,16.518387083333337,16.389406
2025-08-24 09:00:00+00:00,16.048477333333338,16.324076
2025-08-24 10:00:00+00:00,16.019652666666666,17.060205
2025-08-24 11:00:00+00:00,16.044713500000004,17.908298
2025-08-24 12:00:00+00:00,15.978921083333336,19.15079
2025-08-24 13:00:00+00:00,18.98263425,18.195242
2025-08-24 14:00:00+00:00,21.947472250000004,20.393213
2025-08-24 15:00:00+00:00,23.259301833333335,22.89058
2025-08-24 16:00:00+00:00,23.937790749999998,25.770874
2025-08-24 17:00:00+00:00,26.971517500000004,28.512102
2025-08-24 18:00:00+00:00,28.380591999999996,30.802813
2025-08-24 19:00:00+00:00,30.018829333333333,34.339554
2025-08-24 20:00:00+00:00,32.763309666666665,38.502052
2025-08-24 21:00:00+00:00,34.54208883333333,42.325436
2025-08-24 22:00:00+00:00,39.21528575,44.71241
2025-08-24 23:00:00+00:00,44.81018233333333,43.968445
2025-08-25 00:00:00+00:00,42.15826175,39.921227
2025-08-25 01:00:00+00:00,31.819253166666662,34.90593
2025-08-25 02:00:00+00:00,28.393379083333333,30.157223
2025-08-25 03:00:00+00:00,24.446135916666666,25.996105
2025-08-25 04:00:00+00:00,22.510217416666663,22.291023
2025-08-25 05:00:00+00:00,21.50087916666667,20.041073
2025-08-25 06:00:00+00:00,19.43152416666667,18.444422
2025-08-25 07:00:00+00:00,17.35097641666667,17.118988
2025-08-25 08:00:00+00:00,18.586910333333336,16.58139
2025-08-25 09:00:00+00:00,21.67719925,16.851849
2025-08-25 10:00:00+00:00,29.796259000000003,17.777555
2025-08-25 11:00:00+00:00,26.9046645,19.258184
2025-08-25 12:00:00+00:00,23.20600433333333,21.200481
2025-08-25 13:00:00+00:00,23.55355675,24.518032
2025-08-25 14:00:00+00:00,23.586923666666667,26.133251
2025-08-25 15:00:00+00:00,24.514412250000003,27.997974
2025-08-25 16:00:00+00:00,25.628788416666666,30.051174
2025-08-25 17:00:00+00:00,28.37536775,31.958694
2025-08-25 18:00:00+00:00,28.490397750000003,33.517788
2025-08-25 19:00:00+00:00,30.28243158333333,36.156425
2025-08-25 20:00:00+00:00,32.840231083333336,39.73689
2025-08-25 21:00:00+00:00,35.81033058333333,42.86611
2025-08-25 22:00:00+00:00,37.90300683333333,46.730415
2025-08-25 23:00:00+00:00,38.12577483333333,47.6409
2025-08-26 00:00:00+00:00,35.94909975,42.467705
2025-08-26 01:00:00+00:00,32.89527158333333,35.50763
2025-08-26 02:00:00+00:00,25.665584083333332,29.998432
2025-08-26 03:00:00+00:00,21.791888749999995,25.986538
2025-08-26 04:00:00+00:00,19.945768666666666,22.731804
2025-08-26 05:00:00+00:00,19.634673000000003,20.437332
2025-08-26 06:00:00+00:00,17.736551583333334,19.182032
2025-08-26 07:00:00+00:00,16.693759583333335,18.337706
2025-08-26 08:00:00+00:00,16.66223816666667,18.909317
2025-08-26 09:00:00+00:00,20.066190000000002,21.44971
2025-08-26 10:00:00+00:00,26.704534083333332,23.824625
2025-08-26 11:00:00+00:00,26.66185391666667,24.5512
2025-08-26 12:00:00+00:00,22.4908295,25.494059
2025-08-26 13:00:00+00:00,20.425638083333332,23.240276
2025-08-26 14:00:00+00:00,21.581416499999996,23.478703
2025-08-26 15:00:00+00:00,21.24883916666667,24.024872
2025-08-26 16:00:00+00:00,22.117232833333333,25.15653
2025-08-26 17:00:00+00:00,23.591818,26.148964
2025-08-26 18:00:00+00:00,24.606688166666668,27.22021
2025-08-26 19:00:00+00:00,26.163335416666666,28.804205
2025-08-26 20:00:00+00:00,27.97446066666667,30.958885
2025-08-26 21:00:00+00:00,32.36747741666667,33.187542
2025-08-26 22:00:00+00:00,37.59459008333334,34.28039
2025-08-26 23:00:00+00:00,39.14825008333333,34.093334
2025-08-27 00:00:00+00:00,36.75411183333333,31.18954
2025-08-27 01:00:00+00:00,31.46280858333333,27.275894
2025-08-27 02:00:00+00:00,26.188070333333332,23.659504
2025-08-27 03:00:00+00:00,21.614623499999997,20.764069
2025-08-27 04:00:00+00:00,18.64711133333333,18.64915
2025-08-27 05:00:00+00:00,18.58447575,17.155025
2025-08-27 06:00:00+00:00,16.77696375,16.106552
2025-08-27 07:00:00+00:00,16.03228175,15.66345
2025-08-27 08:00:00+00:00,16.03841216666667,16.573984
2025-08-27 09:00:00+00:00,17.286087416666664,18.976456
2025-08-27 10:00:00+00:00,21.985528916666667,22.010174
2025-08-27 11:00:00+00:00,22.034242083333336,23.226276
2025-08-27 12:00:00+00:00,17.23364016666667,23.099733
2025-08-27 13:00:00+00:00,15.920983749999998,17.93155
2025-08-27 14:00:00+00:00,16.010723500000005,18.346489
2025-08-27 15:00:00+00:00,16.83231483333333,19.255476
2025-08-27 16:00:00+00:00,17.19782333333334,20.47079
2025-08-27 17:00:00+00:00,18.374890750000002,21.228691
2025-08-27 18:00:00+00:00,19.79530666666667,22.239717
2025-08-27 19:00:00+00:00,22.069123916666666,23.951714
2025-08-27 20:00:00+00:00,24.17621216666667,26.09359
2025-08-27 21:00:00+00:00,27.60785258333334,28.494152
2025-08-27 22:00:00+00:00,35.34275458333334,31.193293
2025-08-27 23:00:00+00:00,40.572628333333334,32.756683
2025-08-28 00:00:00+00:00,34.652242916666665,30.41085
2025-08-28 01:00:00+00:00,27.33107133333333,26.348925
2025-08-28 02:00:00+00:00,24.851241666666667,22.819218
2025-08-28 03:00:00+00:00,19.988178916666666,19.807379
2025-08-28 04:00:00+00:00,17.585507833333335,17.622707
2025-08-28 05:00:00+00:00,16.98804158333333,15.999542
2025-08-28 06:00:00+00:00,15.305216333333334,14.958718
2025-08-28 07:00:00+00:00,14.30151875,14.271315
2025-08-28 08:00:00+00:00,14.696881166666666,14.295308
2025-08-28 09:00:00+00:00,16.7163235,15.715709
2025-08-28 10:00:00+00:00,21.059244666666668,17.387466
2025-08-28 11:00:00+00:00,22.00540033333333,17.971317
2025-08-28 12:00:00+00:00,20.512549916666668,18.195515
2025-08-28 13:00:00+00:00,19.514909833333338,20.755089
2025-08-28 14:00:00+00:00,19.930692,21.18364
2025-08-28 15:00:00+00:00,20.923804083333334,22.054432
2025-08-28 16:00:00+00:00,23.18178983333334,23.056927
2025-08-28 17:00:00+00:00,27.125912333333332,23.631226
2025-08-28 18:00:00+00:00,27.319548666666662,24.452559
2025-08-28 19:00:00+00:00,27.37933658333333,26.272951
2025-08-28 20:00:00+00:00,30.66728516666667,29.14528
2025-08-28 21:00:00+00:00,31.535495166666667,32.52427
2025-08-28 22:00:00+00:00,37.064016333333335,36.673454
2025-08-28 23:00:00+00:00,41.440443833333326,38.52414
2025-08-29 00:00:00+00:00,37.011201666666665,34.687996
2025-08-29 01:00:00+00:00,30.73700825,29.398315
2025-08-29 02:00:00+00:00,26.3445385,25.292416
2025-08-29 03:00:00+00:00,20.142625083333332,21.92714
2025-08-29 04:00:00+00:00,19.963230916666667,19.547937
2025-08-29 05:00:00+00:00,19.729363833333334,17.835234
2025-08-29 06:00:00+00:00,16.839779500000002,16.629116
2025-08-29 07:00:00+00:00,15.872889583333336,15.722284
2025-08-29 08:00:00+00:00,16.89289025,15.458047
2025-08-29 09:00:00+00:00,19.51586041666667,17.219822
2025-08-29 10:00:00+00:00,27.470198166666666,19.862593
2025-08-29 11:00:00+00:00,26.652636333333334,20.997032
2025-08-29 12:00:00+00:00,19.875607750000004,20.994326
2025-08-29 13:00:00+00:00,20.133084916666665,19.832733
2025-08-29 14:00:00+00:00,21.33039775,19.748407
2025-08-29 15:00:00+00:00,21.925356249999997,20.295853
2025-08-29 16:00:00+00:00,22.422545416666665,21.284252
2025-08-29 17:00:00+00:00,24.544107916666665,22.071224
2025-08-29 18:00:00+00:00,25.924808833333337,22.855715
2025-08-29 19:00:00+00:00,26.167516333333335,24.350824
2025-08-29 20:00:00+00:00,27.53659491666667,26.61985
2025-08-29 21:00:00+00:00,29.245199666666668,28.741238
2025-08-29 22:00:00+00:00,37.986622833333335,31.865044
2025-08-29 23:00:00+00:00,41.79956558333333,33.18511
2025-08-30 00:00:00+00:00,33.84213675,29.868238
2025-08-30 01:00:00+00:00,26.904253916666665,26.118748
2025-08-30 02:00:00+00:00,23.732267833333335,23.443197
2025-08-30 03:00:00+00:00,17.788748083333335,20.951662
2025-08-30 04:00:00+00:00,18.36374725,19.062004
2025-08-30 05:00:00+00:00,19.034622583333334,18.123518
2025-08-30 06:00:00+00:00,16.590876500000004,17.226582
2025-08-30 07:00:00+00:00,15.646527999999998,16.169018
2025-08-30 08:00:00+00:00,15.200490416666668,15.944438
2025-08-30 09:00:00+00:00,16.238706500000003,17.963675
2025-08-30 10:00:00+00:00,16.95249916666667,20.048773
2025-08-30 11:00:00+00:00,16.435646000000002,19.169073
2025-08-30 12:00:00+00:00,14.457693749999999,17.658846
2025-08-30 13:00:00+00:00,13.3327735,14.894453
2025-08-30 14:00:00+00:00,14.560148750000002,15.2465
2025-08-30 15:00:00+00:00,14.73789025,16.21006
2025-08-30 16:00:00+00:00,15.157270416666668,17.384329
2025-08-30 17:00:00+00:00,15.332215750000001,18.360754
2025-08-30 18:00:00+00:00,16.476776833333332,19.241499
2025-08-30 19:00:00+00:00,19.366845083333335,20.596064
2025-08-30 20:00:00+00:00,23.30686,21.90709
2025-08-30 21:00:00+00:00,25.64873558333333,23.722992
2025-08-30 22:00:00+00:00,33.6558335,28.094166
2025-08-30 23:00:00+00:00,41.67228683333333,30.209461
2025-08-31 00:00:00+00:00,29.9000995,27.09888
2025-08-31 01:00:00+00:00,23.95457716666667,23.583036
2025-08-31 02:00:00+00:00,22.019455833333332,21.269142
2025-08-31 03:00:00+00:00,17.18526075,19.321486
2025-08-31 04:00:00+00:00,17.085056903333335,17.726414
2025-08-31 05:00:00+00:00,16.984853056666672,16.688782
2025-08-31 06:00:00+00:00,16.884649210000006,15.906808
2025-09-01 04:00:00+00:00,14.680164583333337,15.041908
2025-09-01 05:00:00+00:00,15.404692083333332,14.427149
2025-09-01 06:00:00+00:00,13.965618916666665,14.93032
2025-09-01 07:00:00+00:00,13.759583333333335,14.877102
2025-09-01 08:00:00+00:00,13.283539750000003,14.579324
2025-09-01 09:00:00+00:00,14.560531166666665,14.821345
2025-09-01 10:00:00+00:00,16.893400583333335,15.881979
2025-09-01 11:00:00+00:00,14.740184999999999,16.883148
2025-09-01 12:00:00+00:00,12.059030833333331,18.221434
2025-09-01 13:00:00+00:00,12.439825500000001,19.793594
2025-09-01 14:00:00+00:00,15.089491833333332,21.055256
2025-09-01 15:00:00+00:00,16.16088316666667,22.511679
2025-09-01 16:00:00+00:00,18.34436116666667,25.073288
2025-09-01 17:00:00+00:00,19.590153083333337,27.903484
2025-09-01 18:00:00+00:00,22.030681916666666,31.72083
2025-09-01 19:00:00+00:00,24.089789,37.66664
2025-09-01 20:00:00+00:00,29.49316991666667,40.21753
2025-09-01 21:00:00+00:00,33.26225375,35.932163
2025-09-01 22:00:00+00:00,43.22285233333333,29.79289
2025-09-01 23:00:00+00:00,51.69285166666667,25.291536
2025-09-02 00:00:00+00:00,43.043703416666666,22.009932
2025-09-02 01:00:00+00:00,32.235016333333334,19.738249
2025-09-02 02:00:00+00:00,27.258803083333333,18.238777
2025-09-02 03:00:00+00:00,21.698741250000005,17.410742
2025-09-02 04:00:00+00:00,20.7907425,16.66879
2025-09-02 05:00:00+00:00,19.488635166666665,16.878178
2025-09-02 06:00:00+00:00,17.4491605,18.332846
2025-09-02 07:00:00+00:00,16.502361666666673,19.542866
2025-09-02 08:00:00+00:00,17.904961833333335,20.376062
2025-09-02 09:00:00+00:00,21.763718000000004,20.978752
2025-09-02 10:00:00+00:00,34.66682683333333,21.957764
2025-09-02 11:00:00+00:00,32.1208965,22.913553
2025-09-02 12:00:00+00:00,22.7232595,21.435144
2025-09-02 13:00:00+00:00,22.07848416666667,20.363087
2025-09-02 14:00:00+00:00,23.800838916666667,20.751167
2025-09-02 15:00:00+00:00,25.663347250000005,21.768063
2025-09-02 16:00:00+00:00,28.310224916666666,23.152657
2025-09-02 17:00:00+00:00,31.947845416666667,25.207714
2025-09-02 18:00:00+00:00,33.72604283333333,27.234192
2025-09-02 19:00:00+00:00,32.611354999999996,29.991985
2025-09-02 20:00:00+00:00,33.837903250000004,35.164997
2025-09-02 21:00:00+00:00,41.47158266666667,41.04934
2025-09-02 22:00:00+00:00,52.459868166666666,45.344055
2025-09-02 23:00:00+00:00,63.5918685,45.01892
2025-09-03 00:00:00+00:00,50.40230333333333,39.313107
2025-09-03 01:00:00+00:00,34.96203875,31.883078
2025-09-03 02:00:00+00:00,31.98320191666667,26.86672
2025-09-03 03:00:00+00:00,24.879922583333336,23.341585
2025-09-03 04:00:00+00:00,21.171616916666668,21.18983
2025-09-03 05:00:00+00:00,19.846552499999998,19.955967
2025-09-03 06:00:00+00:00,16.78798625,18.597363
2025-09-03 07:00:00+00:00,15.434623833333335,18.264124
2025-09-03 08:00:00+00:00,16.099012083333335,19.081509
2025-09-03 09:00:00+00:00,19.463549,19.991365
2025-09-03 10:00:00+00:00,25.754595666666663,24.66385
2025-09-03 11:00:00+00:00,26.5229325,24.346325
2025-09-03 12:00:00+00:00,19.384645166666672,21.749187
2025-09-03 13:00:00+00:00,18.208015916666668,20.57337
2025-09-03 14:00:00+00:00,19.515959166666665,20.893698
2025-09-03 15:00:00+00:00,20.29139208333333,21.834164
2025-09-03 16:00:00+00:00,21.86911025,22.593443
2025-09-03 17:00:00+00:00,24.81168908333333,23.723448
2025-09-03 18:00:00+00:00,25.578245166666665,24.852789
2025-09-03 19:00:00+00:00,26.689496833333333,26.213856
2025-09-03 20:00:00+00:00,28.246955500000002,28.560162
2025-09-03 21:00:00+00:00,33.214521,33.33354
2025-09-03 22:00:00+00:00,41.48883741666667,40.549927
2025-09-03 23:00:00+00:00,48.75303783333333,43.659157
2025-09-04 00:00:00+00:00,39.634984333333335,37.23359
2025-09-04 01:00:00+00:00,33.142578416666666,28.852833
2025-09-04 02:00:00+00:00,28.830253166666665,24.498383
2025-09-04 03:00:00+00:00,22.970140833333332,21.167719
2025-09-04 04:00:00+00:00,20.714015833333335,18.59769
2025-09-04 05:00:00+00:00,20.646127583333335,16.886154
2025-09-04 06:00:00+00:00,18.00997058333333,15.936574
2025-09-04 07:00:00+00:00,17.39017916666667,15.015461
2025-09-04 08:00:00+00:00,17.992490916666668,14.226504
2025-09-04 09:00:00+00:00,21.01169025,17.076525
2025-09-04 10:00:00+00:00,30.402446583333333,25.70207
2025-09-04 11:00:00+00:00,31.922351250000002,25.593914
2025-09-04 12:00:00+00:00,23.499013916666666,22.61736
2025-09-04 13:00:00+00:00,23.155701833333335,21.198162
2025-09-04 14:00:00+00:00,23.282127583333335,21.280565
2025-09-04 15:00:00+00:00,23.943247833333334,22.405197
2025-09-04 16:00:00+00:00,26.349586416666668,23.522871
2025-09-04 17:00:00+00:00,27.673666083333334,24.292189
2025-09-04 18:00:00+00:00,27.41497791666667,24.867966
2025-09-04 19:00:00+00:00,27.415195583333333,26.686749
2025-09-04 20:00:00+00:00,30.020918166666664,29.9356
2025-09-04 21:00:00+00:00,34.15816566666667,34.13306
2025-09-04 22:00:00+00:00,41.33711425,39.781925
2025-09-04 23:00:00+00:00,55.50869216666666,42.75643
2025-09-05 00:00:00+00:00,46.7719165,37.548088
2025-09-05 01:00:00+00:00,33.399432749999995,30.187016
2025-09-05 02:00:00+00:00,27.430027166666665,25.951618
2025-09-05 03:00:00+00:00,22.834982999999998,22.736609
2025-09-05 04:00:00+00:00,19.896096,20.046604
2025-09-05 05:00:00+00:00,16.71609716666667,18.676977
2025-09-05 06:00:00+00:00,15.079604166666666,18.044033
2025-09-05 07:00:00+00:00,13.963585916666666,17.889688
2025-09-05 08:00:00+00:00,13.263222416666666,18.439802
2025-09-05 09:00:00+00:00,15.474341166666667,21.190258
2025-09-05 10:00:00+00:00,23.032860083333333,21.546608
2025-09-05 11:00:00+00:00,25.071273500000004,23.751362
2025-09-05 12:00:00+00:00,21.290586,21.364576
2025-09-05 13:00:00+00:00,19.896660416666666,20.84925
2025-09-05 14:00:00+00:00,21.468428083333333,21.068703
2025-09-05 15:00:00+00:00,23.401746583333335,21.872412
2025-09-05 16:00:00+00:00,25.967893083333333,23.199884
2025-09-05 17:00:00+00:00,27.954208416666663,24.387117
2025-09-05 18:00:00+00:00,29.787765999999998,25.18756
2025-09-05 19:00:00+00:00,33.534950083333335,26.025618
2025-09-05 20:00:00+00:00,37.69300258333333,27.240541
2025-09-05 21:00:00+00:00,50.306461500000005,31.182484
2025-09-05 22:00:00+00:00,63.588045916666665,38.11068
2025-09-05 23:00:00+00:00,64.17058116666666,43.77391
2025-09-06 00:00:00+00:00,48.173895333333334,39.813446
2025-09-06 01:00:00+00:00,38.38163316666667,30.664177
2025-09-06 02:00:00+00:00,33.59998841666667,25.54347
2025-09-06 03:00:00+00:00,27.12151475,22.0143
2025-09-06 04:00:00+00:00,35.10377675,18.852175
2025-09-06 05:00:00+00:00,32.72828425,16.766388
2025-09-06 06:00:00+00:00,27.911536833333336,15.028548
2025-09-06 07:00:00+00:00,25.717681,13.626133
2025-09-06 08:00:00+00:00,25.471650833333328,12.85811
2025-09-06 09:00:00+00:00,26.322287,15.212692
2025-09-06 10:00:00+00:00,26.5664075,30.025673
2025-09-06 11:00:00+00:00,26.28523858333334,30.895798
2025-09-06 12:00:00+00:00,26.23730491666667,28.887482
2025-09-06 13:00:00+00:00,27.962260166666667,27.135933
2025-09-06 14:00:00+00:00,27.347239833333333,27.207148
2025-09-06 15:00:00+00:00,28.92317608333333,28.347729
2025-09-06 16:00:00+00:00,29.435540083333333,29.028587
2025-09-06 17:00:00+00:00,31.184104166666668,30.009853
2025-09-06 18:00:00+00:00,33.0710795,31.571255
2025-09-06 19:00:00+00:00,33.31192133333333,34.726402
2025-09-06 20:00:00+00:00,32.723718,40.133503
2025-09-06 21:00:00+00:00,35.052481666666665,50.90509
2025-09-06 22:00:00+00:00,38.78823333333333,59.63987
2025-09-06 23:00:00+00:00,45.85642491666667,58.210403
2025-09-07 00:00:00+00:00,39.8285125,49.58573
2025-09-07 01:00:00+00:00,32.57881616666666,42.07438
2025-09-07 02:00:00+00:00,28.700417666666667,37.45134
2025-09-07 03:00:00+00:00,25.591905416666663,33.513783
2025-09-07 04:00:00+00:00,25.365902916666666,30.73171
2025-09-07 05:00:00+00:00,23.673145333333334,29.443901
2025-09-07 06:00:00+00:00,20.743756999999995,28.96011
2025-09-07 07:00:00+00:00,19.399545416666665,27.745913
2025-09-07 08:00:00+00:00,18.586684583333337,26.574713
2025-09-07 09:00:00+00:00,19.062622666666666,26.296545
2025-09-07 10:00:00+00:00,19.126322166666665,19.222048
2025-09-07 11:00:00+00:00,19.0036585,19.510473
2025-09-07 12:00:00+00:00,19.2278235,19.83288
2025-09-07 13:00:00+00:00,18.864222000000005,19.91903
2025-09-07 14:00:00+00:00,19.108395083333335,20.44019
2025-09-07 15:00:00+00:00,18.650951833333338,21.737333
2025-09-07 16:00:00+00:00,18.433198333333333,22.938416
2025-09-07 17:00:00+00:00,18.251233750000004,23.675709
2025-09-07 18:00:00+00:00,18.223325750000004,24.286688
2025-09-07 19:00:00+00:00,18.897357166666666,25.008615
2025-09-07 20:00:00+00:00,21.441495750000005,25.941917
2025-09-07 21:00:00+00:00,24.923596500000006,28.479568
2025-09-07 22:00:00+00:00,33.138645333333336,32.736168
2025-09-07 23:00:00+00:00,44.49417416666666,34.427902
2025-09-08 00:00:00+00:00,39.085977416666665,32.160244
2025-09-08 01:00:00+00:00,27.07856525,28.594372
2025-09-08 02:00:00+00:00,25.8926385,25.761005
2025-09-08 03:00:00+00:00,20.853452,23.104319
2025-09-08 04:00:00+00:00,20.086770333333334,20.926567
2025-09-08 05:00:00+00:00,19.453663083333335,19.376266
2025-09-08 06:00:00+00:00,17.729495750000005,18.04039
2025-09-08 07:00:00+00:00,17.19042125,16.642096
2025-09-08 08:00:00+00:00,17.973080333333336,16.134571
2025-09-08 09:00:00+00:00,23.164040583333332,16.663963
2025-09-08 10:00:00+00:00,39.51635266666667,25.824024
2025-09-08 11:00:00+00:00,36.429434416666666,25.820772
2025-09-08 12:00:00+00:00,21.895289416666667,24.304886
2025-09-08 13:00:00+00:00,19.853969250000002,22.627886
2025-09-08 14:00:00+00:00,20.935747583333335,20.722933
2025-09-08 15:00:00+00:00,20.961179,20.268957
2025-09-08 16:00:00+00:00,21.876143666666668,20.668163
2025-09-08 17:00:00+00:00,22.569507833333333,21.04702
2025-09-08 18:00:00+00:00,21.981234166666667,21.191044
2025-09-08 19:00:00+00:00,22.453844583333336,22.951973
2025-09-08 20:00:00+00:00,25.953001499999996,25.765924
2025-09-08 21:00:00+00:00,31.756592,30.666142
2025-09-08 22:00:00+00:00,44.463208083333335,40.558754
2025-09-08 23:00:00+00:00,58.13081116666667,46.582596
2025-09-09 00:00:00+00:00,45.91790516666667,40.207684
2025-09-09 01:00:00+00:00,34.599789333333334,32.04466
2025-09-09 02:00:00+00:00,30.71560033333333,28.354855
2025-09-09 03:00:00+00:00,23.133376249999998,25.704205
2025-09-09 04:00:00+00:00,18.697939583333337,22.5772
2025-09-09 05:00:00+00:00,17.312913249999998,19.950653
2025-09-09 06:00:00+00:00,15.266646416666665,17.951881
2025-09-09 07:00:00+00:00,14.917081166666668,16.839901
2025-09-09 08:00:00+00:00,15.630442583333336,18.74955
2025-09-09 09:00:00+00:00,18.893387416666666,23.86108
2025-09-09 10:00:00+00:00,32.614748666666664,28.296486
2025-09-09 11:00:00+00:00,32.53206075,27.522053
2025-09-09 12:00:00+00:00,20.205853166666667,23.44543
2025-09-09 13:00:00+00:00,18.480553250000003,21.923964
2025-09-09 14:00:00+00:00,21.820911666666664,20.940907
2025-09-09 15:00:00+00:00,21.965716583333332,20.82306
2025-09-09 16:00:00+00:00,23.536151416666662,21.267488
2025-09-09 17:00:00+00:00,25.9543505,21.50103
2025-09-09 18:00:00+00:00,26.3440785,21.859985
2025-09-09 19:00:00+00:00,27.385472833333335,21.723713
2025-09-09 20:00:00+00:00,31.012389083333332,22.93455
2025-09-09 21:00:00+00:00,35.1546565,28.283594
2025-09-09 22:00:00+00:00,53.660507083333336,37.609226
2025-09-09 23:00:00+00:00,61.115596000000004,43.793663
2025-09-10 00:00:00+00:00,48.613286499999994,38.975143
2025-09-10 01:00:00+00:00,36.46906491666667,29.48636
2025-09-10 02:00:00+00:00,30.186304250000003,24.443745
2025-09-10 03:00:00+00:00,23.68816925,21.12033
2025-09-10 04:00:00+00:00,21.0619145,18.1853
2025-09-10 05:00:00+00:00,22.326441250000002,16.389532
2025-09-10 06:00:00+00:00,20.22259316666667,15.346096
2025-09-10 07:00:00+00:00,19.493660916666666,14.475192
2025-09-10 08:00:00+00:00,20.53695625,13.95601
2025-09-10 09:00:00+00:00,27.518572000000002,18.965069
2025-09-10 10:00:00+00:00,37.81634258333333,38.325066
2025-09-10 11:00:00+00:00,43.46450158333334,36.561882
2025-09-10 12:00:00+00:00,32.17629275,31.026592
2025-09-10 13:00:00+00:00,29.59211925,28.624523
2025-09-10 14:00:00+00:00,31.45593608333333,27.035732
2025-09-10 15:00:00+00:00,30.754388333333335,26.876799
2025-09-10 16:00:00+00:00,30.133698000000003,27.125942
2025-09-10 17:00:00+00:00,35.84057525,26.691824
2025-09-10 18:00:00+00:00,36.211793416666666,27.022114
2025-09-10 19:00:00+00:00,38.274803416666664,28.026062
2025-09-10 20:00:00+00:00,38.97180508333333,30.651049
2025-09-10 21:00:00+00:00,44.66000483333334,37.567318
2025-09-10 22:00:00+00:00,53.94759358333334,48.190994
2025-09-10 23:00:00+00:00,65.2688905,53.44579
2025-09-11 00:00:00+00:00,54.81346183333333,45.469437
2025-09-11 01:00:00+00:00,41.01042433333333,35.01291
2025-09-11 02:00:00+00:00,34.676762583333335,29.476013
2025-09-11 03:00:00+00:00,29.7995825,25.435562
2025-09-11 04:00:00+00:00,25.49585833333333,22.671349
2025-09-11 05:00:00+00:00,22.132810000000003,21.366318
2025-09-11 06:00:00+00:00,20.326701416666666,19.877348
2025-09-11 07:00:00+00:00,19.18098466666667,18.74709
2025-09-11 08:00:00+00:00,19.936710583333333,19.582096
2025-09-11 09:00:00+00:00,24.98136583333333,27.188997
2025-09-11 10:00:00+00:00,34.429974666666666,35.217724
2025-09-11 11:00:00+00:00,34.43964225,34.354523
2025-09-11 12:00:00+00:00,26.607686333333334,30.067793
2025-09-11 13:00:00+00:00,22.23530458333333,28.26739
2025-09-11 14:00:00+00:00,25.040673416666667,27.408878
2025-09-11 15:00:00+00:00,26.038215416666663,27.814903
2025-09-11 16:00:00+00:00,28.088011750000007,28.221981
2025-09-11 17:00:00+00:00,32.32167316666666,28.254002
2025-09-11 18:00:00+00:00,34.70640383333333,28.768711
2025-09-11 19:00:00+00:00,37.38240391666667,29.3411
2025-09-11 20:00:00+00:00,41.77694933333334,31.335827
2025-09-11 21:00:00+00:00,55.04633041666667,36.505123
2025-09-11 22:00:00+00:00,63.52623500000001,44.671814
2025-09-11 23:00:00+00:00,61.91382008333333,49.481926
2025-09-12 00:00:00+00:00,44.83130524999999,44.23698
2025-09-12 01:00:00+00:00,35.053902666666666,34.78148
2025-09-12 02:00:00+00:00,32.16086766666667,29.160997
2025-09-12 03:00:00+00:00,26.77334575,25.012794
2025-09-12 04:00:00+00:00,24.2158645,22.16708
2025-09-12 05:00:00+00:00,21.239743166666663,20.236885
2025-09-12 06:00:00+00:00,19.126906916666666,18.634514
2025-09-12 07:00:00+00:00,18.114919416666666,18.298246
2025-09-12 08:00:00+00:00,18.868376083333334,19.221485
2025-09-12 09:00:00+00:00,22.823638999999996,24.04452
2025-09-12 10:00:00+00:00,29.541281666666666,28.621073
2025-09-12 11:00:00+00:00,31.189535833333334,28.810677
2025-09-12 12:00:00+00:00,22.60123516666667,25.700226
2025-09-12 13:00:00+00:00,20.3576235,24.179134
2025-09-12 14:00:00+00:00,24.855883666666667,24.133205
2025-09-12 15:00:00+00:00,27.979331833333333,25.006376
2025-09-12 16:00:00+00:00,31.315390083333334,26.244495
2025-09-12 17:00:00+00:00,37.5319515,26.986004
2025-09-12 18:00:00+00:00,39.199108583333334,27.863955
2025-09-12 19:00:00+00:00,40.387543666666666,29.802467
2025-09-12 20:00:00+00:00,44.479975333333336,34.012974
2025-09-12 21:00:00+00:00,54.68811333333332,42.501316
2025-09-12 22:00:00+00:00,73.18054416666666,50.697823
2025-09-12 23:00:00+00:00,71.20295266666666,49.392082
2025-09-13 00:00:00+00:00,47.601138166666665,40.793938
2025-09-13 01:00:00+00:00,37.66508675,33.61561
2025-09-13 02:00:00+00:00,33.824614333333336,29.655115
2025-09-13 03:00:00+00:00,27.421929916666667,26.202045
2025-09-13 04:00:00+00:00,24.20163375,23.325323
2025-09-13 05:00:00+00:00,22.09204166666667,21.420382
2025-09-13 06:00:00+00:00,20.131979333333334,19.566391
2025-09-13 07:00:00+00:00,18.158477333333337,18.2626
2025-09-13 08:00:00+00:00,17.749144916666673,19.091274
2025-09-13 09:00:00+00:00,19.382777250000004,22.557476
2025-09-13 10:00:00+00:00,20.859010333333334,23.511063
2025-09-13 11:00:00+00:00,20.331514583333334,24.92542
2025-09-13 12:00:00+00:00,17.904340500000004,24.348003
2025-09-13 13:00:00+00:00,17.239401250000004,24.67033
2025-09-13 14:00:00+00:00,20.18701075,26.02799
2025-09-13 15:00:00+00:00,22.9830195,27.850441
2025-09-13 16:00:00+00:00,25.621116916666665,29.837275
2025-09-13 17:00:00+00:00,28.334918583333334,31.225956
2025-09-13 18:00:00+00:00,31.929097833333334,32.908855
2025-09-13 19:00:00+00:00,33.937170333333334,35.00011
2025-09-13 20:00:00+00:00,38.60058708333333,38.447784
2025-09-13 21:00:00+00:00,44.47777391666667,46.255257
2025-09-13 22:00:00+00:00,57.22122791666666,54.727386
2025-09-13 23:00:00+00:00,51.84843383333333,53.328266
2025-09-14 00:00:00+00:00,38.78306991666667,44.33384
2025-09-14 01:00:00+00:00,33.96868858333334,36.416115
2025-09-14 02:00:00+00:00,30.417822166666667,31.46529
2025-09-14 03:00:00+00:00,26.75803783333333,27.363998
2025-09-14 04:00:00+00:00,21.50932125,24.274584
2025-09-14 05:00:00+00:00,20.805801583333334,22.56465
2025-09-14 06:00:00+00:00,18.756100999999997,20.830738
2025-09-14 07:00:00+00:00,17.547038333333333,18.634712
2025-09-14 08:00:00+00:00,16.801500666666666,17.615616
2025-09-14 09:00:00+00:00,16.23556675,19.818161
2025-09-14 10:00:00+00:00,17.58864016666667,17.646576
2025-09-14 11:00:00+00:00,17.580795750000004,17.120483
2025-09-14 12:00:00+00:00,16.2752835,16.54832
2025-09-14 13:00:00+00:00,17.046618750000004,16.548023
2025-09-14 14:00:00+00:00,19.723249083333332,17.264038
2025-09-14 15:00:00+00:00,23.169449083333333,18.969986
2025-09-14 16:00:00+00:00,27.015954333333337,20.51233
2025-09-14 17:00:00+00:00,31.810074999999994,21.655443
2025-09-14 18:00:00+00:00,36.15292258333333,22.886833
2025-09-14 19:00:00+00:00,38.616925583333334,25.027637
2025-09-14 20:00:00+00:00,40.488705583333335,28.4505
2025-09-14 21:00:00+00:00,50.84111683333333,33.78164
2025-09-14 22:00:00+00:00,68.61983516666668,39.4442
2025-09-14 23:00:00+00:00,60.1044775,38.913757
2025-09-15 00:00:00+00:00,42.58333483333333,33.411358
2025-09-15 01:00:00+00:00,35.793905333333335,28.40804
2025-09-15 02:00:00+00:00,29.617755333333335,24.844374
2025-09-15 03:00:00+00:00,26.830325416666668,21.80198
2025-09-15 04:00:00+00:00,25.225453500000004,19.037354
2025-09-15 05:00:00+00:00,20.73122425,17.192265
2025-09-15 06:00:00+00:00,18.356873583333332,15.68538
2025-09-15 07:00:00+00:00,17.98395675,14.777024
2025-09-15 08:00:00+00:00,18.74392883333333,15.519374
2025-09-15 09:00:00+00:00,22.220248416666664,17.146729
2025-09-15 10:00:00+00:00,35.28247925,26.590847
2025-09-15 11:00:00+00:00,35.062649416666666,26.12991
2025-09-15 12:00:00+00:00,29.855356999999998,24.690998
2025-09-15 13:00:00+00:00,31.092522666666667,25.144318
2025-09-15 14:00:00+00:00,33.221336666666666,26.272583
2025-09-15 15:00:00+00:00,36.29873775,28.723959
2025-09-15 16:00:00+00:00,41.248013500000006,30.934973
2025-09-15 17:00:00+00:00,49.185170666666664,32.62924
2025-09-15 18:00:00+00:00,50.410315833333335,34.782932
2025-09-15 19:00:00+00:00,55.113132,37.520607
2025-09-15 20:00:00+00:00,65.84373716666667,42.355007
2025-09-15 21:00:00+00:00,98.92675358333334,52.527622
2025-09-15 22:00:00+00:00,98.82208758333333,61.026466
2025-09-15 23:00:00+00:00,75.16829666666666,56.332405
2025-09-16 00:00:00+00:00,55.14683341666667,45.491226
2025-09-16 01:00:00+00:00,42.52240075000001,37.82953
2025-09-16 02:00:00+00:00,37.87863025,32.930195
2025-09-16 03:00:00+00:00,31.16021966666667,28.624056
2025-09-16 04:00:00+00:00,26.441167250000003,25.009285
2025-09-16 05:00:00+00:00,22.378251583333334,23.21544
2025-09-16 06:00:00+00:00,19.444560583333335,21.558712
2025-09-16 07:00:00+00:00,18.87538125,19.955225
2025-09-16 08:00:00+00:00,19.943564750000004,20.734793
2025-09-16 09:00:00+00:00,24.100332166666668,24.009071
2025-09-16 10:00:00+00:00,34.635139833333334,32.268288
2025-09-16 11:00:00+00:00,38.69906641666667,34.309944
2025-09-16 12:00:00+00:00,33.893753833333335,30.951372
2025-09-16 13:00:00+00:00,33.603650083333335,30.457733
2025-09-16 14:00:00+00:00,35.28150416666667,32.998196
2025-09-16 15:00:00+00:00,36.02525408333333,35.237633
2025-09-16 16:00:00+00:00,39.2289645,36.83412
2025-09-16 17:00:00+00:00,43.50149291666667,38.464718
2025-09-16 18:00:00+00:00,46.66715725,40.228
2025-09-16 19:00:00+00:00,51.3309205,43.046654
2025-09-16 20:00:00+00:00,55.292164250000006,50.85942
2025-09-16 21:00:00+00:00,67.68769716666667,67.176186
2025-09-16 22:00:00+00:00,68.77915416666666,73.016754
2025-09-16 23:00:00+00:00,70.82219358333333,58.984962
2025-09-17 00:00:00+00:00,53.13902433333333,44.552986
2025-09-17 01:00:00+00:00,44.17830083333334,37.25896
2025-09-17 02:00:00+00:00,37.56767691666666,32.13722
2025-09-17 03:00:00+00:00,30.54522025,27.460957
2025-09-17 04:00:00+00:00,27.381534833333333,23.869265
2025-09-17 05:00:00+00:00,24.278395666666665,22.087029
2025-09-17 06:00:00+00:00,22.089984666666663,20.214304
2025-09-17 07:00:00+00:00,21.2247135,18.615715
2025-09-17 08:00:00+00:00,21.50208683333333,19.904625
2025-09-17 09:00:00+00:00,25.184457750000004,24.245296
2025-09-17 10:00:00+00:00,36.090921333333334,31.585135
2025-09-17 11:00:00+00:00,39.88679966666667,35.015564
2025-09-17 12:00:00+00:00,32.688358,35.06661
2025-09-17 13:00:00+00:00,31.189030416666665,34.451794
2025-09-17 14:00:00+00:00,31.952264,35.749577
2025-09-17 15:00:00+00:00,35.96463691666667,38.030273
2025-09-17 16:00:00+00:00,38.775064416666666,39.473938
2025-09-17 17:00:00+00:00,43.90006175,41.060356
2025-09-17 18:00:00+00:00,46.148807166666664,43.600224
2025-09-17 19:00:00+00:00,49.09794083333333,46.23901
2025-09-17 20:00:00+00:00,52.86129491666668,50.728703
2025-09-17 21:00:00+00:00,59.76995466666666,60.50733
2025-09-17 22:00:00+00:00,69.94521608333334,68.59147
2025-09-17 23:00:00+00:00,78.074667,62.488888
2025-09-18 00:00:00+00:00,54.79648266666667,50.100945
2025-09-18 01:00:00+00:00,45.92356216666667,42.031116
2025-09-18 02:00:00+00:00,39.793517666666666,35.892998
2025-09-18 03:00:00+00:00,32.865815000000005,30.335407
2025-09-18 04:00:00+00:00,28.43033391666667,26.72691
2025-09-18 05:00:00+00:00,24.546311833333338,25.068012
2025-09-18 06:00:00+00:00,21.705111249999998,23.370266
2025-09-18 07:00:00+00:00,20.690070499999997,21.7724
2025-09-18 08:00:00+00:00,21.131213166666665,22.283775
2025-09-18 09:00:00+00:00,26.288218,24.747398
2025-09-18 10:00:00+00:00,38.08992116666666,34.919014
2025-09-18 11:00:00+00:00,40.617802833333336,37.367702
2025-09-18 12:00:00+00:00,31.203421583333334,32.820026
2025-09-18 13:00:00+00:00,27.73084775,30.639404
2025-09-18 14:00:00+00:00,28.6195405,31.722076
2025-09-18 15:00:00+00:00,34.56592441666667,33.154552
2025-09-18 16:00:00+00:00,38.976857083333336,34.77428
2025-09-18 17:00:00+00:00,45.02562966666667,36.22633
2025-09-18 18:00:00+00:00,49.12968808333333,37.737408
2025-09-18 19:00:00+00:00,51.42989633333334,40.21534
2025-09-18 20:00:00+00:00,56.15904866666667,45.036057
2025-09-18 21:00:00+00:00,91.27664066666667,56.25963
2025-09-18 22:00:00+00:00,97.61294574999998,65.20578
2025-09-18 23:00:00+00:00,83.70176925,59.87294
2025-09-19 00:00:00+00:00,58.358593083333346,48.582542
2025-09-19 01:00:00+00:00,47.065543416666664,40.36275
2025-09-19 02:00:00+00:00,40.22897525,34.897766
2025-09-19 03:00:00+00:00,30.634433333333337,29.855173
2025-09-19 04:00:00+00:00,32.2783645,25.668163
2025-09-19 05:00:00+00:00,26.199669166666666,23.20974
2025-09-19 06:00:00+00:00,24.248990000000003,20.930618
2025-09-19 07:00:00+00:00,23.46339783333333,18.904491
2025-09-19 08:00:00+00:00,24.147471083333333,20.28469
2025-09-19 09:00:00+00:00,32.20262375,25.725986
2025-09-19 10:00:00+00:00,40.63542575,41.55291
2025-09-19 11:00:00+00:00,42.450707333333334,43.87813
2025-09-19 12:00:00+00:00,32.06532166666667,38.053753
2025-09-19 13:00:00+00:00,30.61090025,35.710667
2025-09-19 14:00:00+00:00,34.20581833333333,36.427002
2025-09-19 15:00:00+00:00,38.879738833333334,37.587296
2025-09-19 16:00:00+00:00,44.895154749999996,38.833683
2025-09-19 17:00:00+00:00,49.1209015,39.73631
2025-09-19 18:00:00+00:00,49.026904333333334,41.145702
2025-09-19 19:00:00+00:00,55.19326783333333,44.771626
2025-09-19 20:00:00+00:00,62.55355825,55.62474
2025-09-19 21:00:00+00:00,84.3346115,76.3038
2025-09-19 22:00:00+00:00,97.31919525,83.14286
2025-09-19 23:00:00+00:00,73.91070291666666,67.756775
2025-09-20 00:00:00+00:00,50.67861775,52.61849
2025-09-20 01:00:00+00:00,43.90959883333333,45.576633
2025-09-20 02:00:00+00:00,38.98866133333333,40.384453
2025-09-20 03:00:00+00:00,33.08692258333333,35.172276
2025-09-20 04:00:00+00:00,34.41286366666667,31.265322
2025-09-20 05:00:00+00:00,30.884419416666663,29.44888
2025-09-20 06:00:00+00:00,26.95280525,27.816183
2025-09-20 07:00:00+00:00,25.12675158333333,25.900425
2025-09-20 08:00:00+00:00,24.65028458333333,26.915045
2025-09-20 09:00:00+00:00,25.790016499999997,31.567055
2025-09-20 10:00:00+00:00,28.55032466666667,28.997543
2025-09-20 11:00:00+00:00,29.833728249999997,30.624344
2025-09-20 12:00:00+00:00,25.545012083333333,30.713514
2025-09-20 13:00:00+00:00,25.16817941666666,31.957113
2025-09-20 14:00:00+00:00,27.737204083333335,34.419304
2025-09-20 15:00:00+00:00,31.78455775,37.50504
2025-09-20 16:00:00+00:00,36.84287283333333,39.831238
2025-09-20 17:00:00+00:00,39.49287783333333,41.428307
2025-09-20 18:00:00+00:00,42.06686899999999,42.822765
2025-09-20 19:00:00+00:00,43.442083583333336,45.852547
2025-09-20 20:00:00+00:00,48.06508650000001,53.094143
2025-09-20 21:00:00+00:00,58.25388241666668,68.34877
2025-09-20 22:00:00+00:00,67.70334933333334,73.82497
2025-09-20 23:00:00+00:00,57.568523583333324,62.94393
2025-09-21 00:00:00+00:00,48.81040316666667,51.744553
2025-09-21 01:00:00+00:00,42.96614708333333,45.37996
2025-09-21 02:00:00+00:00,40.19657541666667,39.93048
2025-09-21 03:00:00+00:00,34.223068000000005,35.364952
2025-09-21 04:00:00+00:00,30.227608166666666,31.518274
2025-09-21 05:00:00+00:00,26.131391249999997,28.707115
2025-09-21 06:00:00+00:00,23.38029391666667,26.288862
2025-09-21 07:00:00+00:00,20.618154999999998,25.494713
2025-09-21 08:00:00+00:00,20.195016500000005,25.910685
2025-09-21 09:00:00+00:00,21.60891358333333,24.93294
2025-09-21 10:00:00+00:00,24.316362166666664,24.21613
2025-09-21 11:00:00+00:00,26.662531416666667,25.604824
2025-09-21 12:00:00+00:00,24.875613416666667,24.619247
2025-09-21 13:00:00+00:00,24.763675666666668,24.851023
2025-09-21 14:00:00+00:00,27.68132975,26.930508
2025-09-21 15:00:00+00:00,30.08052616666667,29.258986
2025-09-21 16:00:00+00:00,32.36957341666667,31.263084
2025-09-21 17:00:00+00:00,34.38444416666667,33.99593
2025-09-21 18:00:00+00:00,36.46969141666667,36.24981
2025-09-21 19:00:00+00:00,37.897245500000004,38.783104
2025-09-21 20:00:00+00:00,43.324458,45.812546
2025-09-21 21:00:00+00:00,50.12662041666667,59.518143
2025-09-21 22:00:00+00:00,68.6152625,66.57748
2025-09-21 23:00:00+00:00,74.51527191666666,59.09871
2025-09-22 00:00:00+00:00,51.11795233333333,50.02839
2025-09-22 01:00:00+00:00,45.23337125,44.072906
2025-09-22 02:00:00+00:00,39.286235166666664,38.322212
2025-09-22 03:00:00+00:00,33.79396933333333,33.30865
2025-09-22 04:00:00+00:00,30.317303749999997,28.83554
2025-09-22 05:00:00+00:00,25.543019,25.45671
2025-09-22 06:00:00+00:00,22.552853916666667,22.380161
2025-09-22 07:00:00+00:00,22.230628999999997,20.537842
2025-09-22 08:00:00+00:00,24.771580333333333,21.894753
2025-09-22 09:00:00+00:00,36.96106841666667,24.023317
2025-09-22 10:00:00+00:00,50.198018999999995,44.17932
2025-09-22 11:00:00+00:00,55.80543625000001,49.021336
2025-09-22 12:00:00+00:00,42.292670666666666,45.099705
2025-09-22 13:00:00+00:00,36.447958416666665,43.07179
2025-09-22 14:00:00+00:00,38.590326,43.24321
2025-09-22 15:00:00+00:00,43.368444833333335,44.3656
2025-09-22 16:00:00+00:00,47.79607225,45.41061
2025-09-22 17:00:00+00:00,54.240792666666664,46.282192
2025-09-22 18:00:00+00:00,52.63593658333334,47.730053
2025-09-22 19:00:00+00:00,52.29629258333334,50.7353
2025-09-22 20:00:00+00:00,55.654,59.093113
2025-09-22 21:00:00+00:00,74.0567965,75.91675
2025-09-22 22:00:00+00:00,92.9236975,86.6733
2025-09-22 23:00:00+00:00,84.57038516666665,78.73308
2025-09-23 00:00:00+00:00,61.04151108333334,62.749947
2025-09-23 01:00:00+00:00,53.80788133333333,51.616287
2025-09-23 02:00:00+00:00,48.35637249999999,44.202583
2025-09-23 03:00:00+00:00,39.344501916666665,37.891945
2025-09-23 04:00:00+00:00,36.344775166666665,32.481384
2025-09-23 05:00:00+00:00,31.669608916666665,28.98132
2025-09-23 06:00:00+00:00,26.99889933333333,25.556099
2025-09-23 07:00:00+00:00,25.276906666666665,23.967527
2025-09-23 08:00:00+00:00,28.548970666666666,28.483507
2025-09-23 09:00:00+00:00,34.75755358333333,35.500317
2025-09-23 10:00:00+00:00,56.26456616666666,45.650215
2025-09-23 11:00:00+00:00,62.762154833333334,50.036213
2025-09-23 12:00:00+00:00,46.46724658333333,45.31611
2025-09-23 13:00:00+00:00,43.12580991666667,41.437542
2025-09-23 14:00:00+00:00,45.259020333333325,41.674328
2025-09-23 15:00:00+00:00,50.21250066666667,42.5781
2025-09-23 16:00:00+00:00,58.68271358333333,42.99326
2025-09-23 17:00:00+00:00,61.96854941666666,43.523663
2025-09-23 18:00:00+00:00,62.50923574999999,44.527546
2025-09-23 19:00:00+00:00,66.34866083333334,45.89734
2025-09-23 20:00:00+00:00,72.79611150000001,50.04591
2025-09-23 21:00:00+00:00,102.13397124999999,65.05976
2025-09-23 22:00:00+00:00,115.65540308333334,76.527695
2025-09-23 23:00:00+00:00,101.49729925000001,68.019844
2025-09-24 00:00:00+00:00,67.27783000000001,54.303238
2025-09-24 01:00:00+00:00,59.08997208333333,46.36564
2025-09-24 02:00:00+00:00,48.55279225,40.89979
2025-09-24 03:00:00+00:00,40.915638333333334,35.47425
2025-09-24 04:00:00+00:00,31.805896166666667,31.46649
2025-09-24 05:00:00+00:00,26.051810083333333,29.491188
2025-09-24 06:00:00+00:00,24.0868155,27.23934
2025-09-24 07:00:00+00:00,23.018883416666668,25.274452
2025-09-24 08:00:00+00:00,24.39759583333333,27.649761
2025-09-24 09:00:00+00:00,28.431244250000002,33.47465
2025-09-24 10:00:00+00:00,39.283944166666664,40.582363
2025-09-24 11:00:00+00:00,40.36819775,45.329636
2025-09-24 12:00:00+00:00,36.34073591666667,41.387615
2025-09-24 13:00:00+00:00,36.48851891666667,39.389633
2025-09-24 14:00:00+00:00,38.40522083333334,40.944008
2025-09-24 15:00:00+00:00,38.87361775,42.66622
2025-09-24 16:00:00+00:00,44.243647333333335,43.832474
2025-09-24 17:00:00+00:00,48.4513905,45.658165
2025-09-24 18:00:00+00:00,49.81641475000001,47.86288
2025-09-24 19:00:00+00:00,49.95198258333334,50.09238
2025-09-24 20:00:00+00:00,50.707892750000006,57.638054
2025-09-24 21:00:00+00:00,64.22411091666666,78.21973
2025-09-24 22:00:00+00:00,68.03980833333334,87.33565
2025-09-24 23:00:00+00:00,72.16719525,71.27472
2025-09-25 00:00:00+00:00,52.03080708333333,55.247322
2025-09-25 01:00:00+00:00,43.765106833333334,46.927067
2025-09-25 02:00:00+00:00,35.146888,40.479218
2025-09-25 03:00:00+00:00,31.500680166666665,34.075485
2025-09-25 04:00:00+00:00,37.65786283333333,29.38203
2025-09-25 05:00:00+00:00,35.28748408333333,27.088753
2025-09-25 06:00:00+00:00,32.01817666666667,24.257122
2025-09-25 07:00:00+00:00,30.304154249999996,21.736677
2025-09-25 08:00:00+00:00,31.606289916666668,23.306736
2025-09-25 09:00:00+00:00,40.500851583333336,28.39713
2025-09-25 10:00:00+00:00,52.06679725,49.69335
2025-09-25 11:00:00+00:00,59.85357958333333,55.76077
2025-09-25 12:00:00+00:00,57.89939325,51.60323
2025-09-25 13:00:00+00:00,54.04536316666667,48.312805
2025-09-25 14:00:00+00:00,48.83587158333332,48.748398
2025-09-25 15:00:00+00:00,52.67126575,49.916065
2025-09-25 16:00:00+00:00,53.41426108333334,50.118282
2025-09-25 17:00:00+00:00,56.977287999999994,50.97715
2025-09-25 18:00:00+00:00,57.711390916666666,52.796757
2025-09-25 19:00:00+00:00,60.336499333333336,55.18854
2025-09-25 20:00:00+00:00,60.66624483333334,61.16179
2025-09-25 21:00:00+00:00,76.979905,77.56433
2025-09-25 22:00:00+00:00,81.69048108333334,88.53584
2025-09-25 23:00:00+00:00,92.15283383333333,79.04503
2025-09-26 00:00:00+00:00,71.2697535,64.195564
2025-09-26 01:00:00+00:00,60.13114291666667,55.49167
2025-09-26 02:00:00+00:00,52.437370249999994,48.83438
2025-09-26 03:00:00+00:00,44.489416500000004,42.709732
2025-09-26 04:00:00+00:00,41.09409433333334,38.078102
2025-09-26 05:00:00+00:00,34.4124045,35.523468
2025-09-26 06:00:00+00:00,30.54301375,33.36826
2025-09-26 07:00:00+00:00,27.965238916666667,32.933613
2025-09-26 08:00:00+00:00,30.235567583333335,37.153816
2025-09-26 09:00:00+00:00,38.5470585,40.991474
2025-09-26 10:00:00+00:00,57.904494916666664,48.137222
2025-09-26 11:00:00+00:00,59.20634741666667,51.999676
2025-09-26 12:00:00+00:00,52.458599166666666,47.808876
2025-09-26 13:00:00+00:00,45.459232750000005,42.800644
2025-09-26 14:00:00+00:00,43.27125733333333,41.504196
2025-09-26 15:00:00+00:00,44.63930966666666,40.92057
2025-09-26 16:00:00+00:00,49.58178541666666,40.73799
2025-09-26 17:00:00+00:00,52.22474033333333,40.513103
2025-09-26 18:00:00+00:00,54.42396733333334,40.878853
2025-09-26 19:00:00+00:00,55.634462000000006,41.87791
2025-09-26 20:00:00+00:00,61.25072216666666,45.97609
2025-09-26 21:00:00+00:00,75.590796,59.02169
2025-09-26 22:00:00+00:00,92.95693783333333,70.03232
2025-09-26 23:00:00+00:00,82.25018608333333,64.28685
2025-09-27 00:00:00+00:00,59.78453966666667,52.897694
2025-09-27 01:00:00+00:00,53.05006591666666,45.958233
2025-09-27 02:00:00+00:00,45.042869,41.299103
2025-09-27 03:00:00+00:00,37.52487858333333,37.058502
2025-09-27 04:00:00+00:00,37.42941458333333,33.429813
2025-09-27 05:00:00+00:00,29.925155333333333,31.124195
2025-09-27 06:00:00+00:00,25.731593750000002,28.942442
2025-09-27 07:00:00+00:00,23.9871045,27.380709
2025-09-27 08:00:00+00:00,23.551476166666664,29.798298
2025-09-27 09:00:00+00:00,25.62652891666667,35.052338
2025-09-27 10:00:00+00:00,29.674784916666667,32.101723
2025-09-27 11:00:00+00:00,35.67979275,35.46107
2025-09-27 12:00:00+00:00,34.718987750000004,34.677055
2025-09-27 13:00:00+00:00,34.541519083333334,33.80597
2025-09-27 14:00:00+00:00,33.67874175,34.49788
2025-09-27 15:00:00+00:00,35.7533865,35.583977
2025-09-27 16:00:00+00:00,38.406716333333335,36.404305
2025-09-27 17:00:00+00:00,41.093050416666664,37.236214
2025-09-27 18:00:00+00:00,42.60148375,37.762775
2025-09-27 19:00:00+00:00,44.47603608333334,39.013203
2025-09-27 20:00:00+00:00,47.14172033333333,44.11695
2025-09-27 21:00:00+00:00,56.77548416666666,56.325787
2025-09-27 22:00:00+00:00,69.31849916666667,64.50316
2025-09-27 23:00:00+00:00,73.65161041666667,58.94337
2025-09-28 00:00:00+00:00,58.711980000000004,49.472786
2025-09-28 01:00:00+00:00,45.190386916666654,42.5022
2025-09-28 02:00:00+00:00,38.977633250000004,37.0715
2025-09-28 03:00:00+00:00,36.7259225,32.29386
2025-09-28 04:00:00+00:00,29.24672766666667,28.647165
2025-09-28 05:00:00+00:00,24.87691975,26.460493
2025-09-28 06:00:00+00:00,22.033094083333335,24.098988
2025-09-28 07:00:00+00:00,20.29089625,22.234564
2025-09-28 08:00:00+00:00,19.668082333333334,22.8222
2025-09-28 09:00:00+00:00,20.72886,25.445671
2025-09-28 10:00:00+00:00,23.414181916666667,24.683054
2025-09-28 11:00:00+00:00,25.802108083333334,29.85789
2025-09-28 12:00:00+00:00,24.873179083333333,33.25647
2025-09-28 13:00:00+00:00,22.671713,34.43521
2025-09-28 14:00:00+00:00,25.610363833333334,35.911446
2025-09-28 15:00:00+00:00,30.944190833333334,37.682266
2025-09-28 16:00:00+00:00,36.05000483333333,38.86121
2025-09-28 17:00:00+00:00,37.57424283333334,40.47208
2025-09-28 18:00:00+00:00,39.001566833333335,41.958454
2025-09-28 19:00:00+00:00,43.5324185,44.30549
2025-09-28 20:00:00+00:00,50.296710499999996,49.099552
2025-09-28 21:00:00+00:00,73.78391883333333,62.672234
2025-09-28 22:00:00+00:00,110.56766041666667,76.3408
2025-09-28 23:00:00+00:00,82.71298366666666,71.81139
2025-09-29 00:00:00+00:00,53.04499358333334,58.71534
2025-09-29 01:00:00+00:00,42.18371066666666,49.37749
2025-09-29 02:00:00+00:00,36.452267166666665,42.10775
2025-09-29 03:00:00+00:00,34.374664333333335,35.254246
2025-09-29 04:00:00+00:00,25.966610333333335,29.208742
2025-09-29 05:00:00+00:00,23.373628083333333,26.051826
2025-09-29 06:00:00+00:00,21.3906515,23.718353
2025-09-29 07:00:00+00:00,20.321329250000005,21.662523
2025-09-29 08:00:00+00:00,22.05866825,22.725853
2025-09-29 09:00:00+00:00,29.856939583333332,25.634348
2025-09-29 10:00:00+00:00,43.14332325,36.948742
2025-09-29 11:00:00+00:00,52.066978,42.367977
2025-09-29 12:00:00+00:00,38.027471416666664,42.146866
2025-09-29 13:00:00+00:00,32.51702041666667,41.78853
2025-09-29 14:00:00+00:00,34.900761583333335,42.737427
2025-09-29 15:00:00+00:00,42.14594325,44.864635
2025-09-29 16:00:00+00:00,48.86465258333334,45.85157
2025-09-29 17:00:00+00:00,56.07006608333333,46.78178
2025-09-29 18:00:00+00:00,61.38882625,48.274326
2025-09-29 19:00:00+00:00,62.585316666666664,51.201275
2025-09-29 20:00:00+00:00,75.71941691666667,60.79461
2025-09-29 21:00:00+00:00,105.90786658333333,84.56949
2025-09-29 22:00:00+00:00,127.0068435,96.97534
2025-09-29 23:00:00+00:00,101.12386933333333,79.75535
2025-09-30 00:00:00+00:00,70.32826233333333,58.199223
2025-09-30 01:00:00+00:00,48.908800750000005,47.937992
2025-09-30 02:00:00+00:00,40.186970333333335,40.94281
2025-09-30 03:00:00+00:00,32.096331666666664,34.171566
2025-09-30 04:00:00+00:00,31.98900759333333,29.063715
2025-09-30 05:00:00+00:00,31.88168352,26.574224
2025-09-30 06:00:00+00:00,31.774359446666665,23.936941
2025-10-01 04:00:00+00:00,29.413229833333332,22.109753
2025-10-01 05:00:00+00:00,24.103874083333334,26.194876
2025-10-01 06:00:00+00:00,21.80132875,31.494244
2025-10-01 07:00:00+00:00,21.139703166666663,30.1921
2025-10-01 08:00:00+00:00,22.416368166666672,37.57586
2025-10-01 09:00:00+00:00,28.627903416666665,37.585808
2025-10-01 10:00:00+00:00,41.85535808333334,38.26883
2025-10-01 11:00:00+00:00,47.53402358333333,42.120388
2025-10-01 12:00:00+00:00,32.7134135,45.28183
2025-10-01 13:00:00+00:00,27.044578166666664,47.701088
2025-10-01 14:00:00+00:00,27.58603475,50.93165
2025-10-01 15:00:00+00:00,29.780984083333333,53.87026
2025-10-01 16:00:00+00:00,32.4832065,56.919548
2025-10-01 17:00:00+00:00,35.677072583333334,67.33411
2025-10-01 18:00:00+00:00,35.41249116666666,88.87774
2025-10-01 19:00:00+00:00,35.64539725,98.545334
2025-10-01 20:00:00+00:00,36.83433058333333,82.72712
2025-10-01 21:00:00+00:00,49.38996658333334,63.50078
2025-10-01 22:00:00+00:00,84.03175833333334,52.926605
2025-10-01 23:00:00+00:00,79.23858975,45.590645
2025-10-02 00:00:00+00:00,45.727627583333344,38.25013
2025-10-02 01:00:00+00:00,37.45655766666667,32.48806
2025-10-02 02:00:00+00:00,32.44207025,30.578642
2025-10-02 03:00:00+00:00,29.5181975,29.135103
2025-10-02 04:00:00+00:00,26.340152999999997,26.342594
2025-10-02 05:00:00+00:00,24.072719250000002,24.543797
2025-10-02 06:00:00+00:00,22.042413333333332,25.307053
2025-10-02 07:00:00+00:00,22.133311583333334,22.40729
2025-10-02 08:00:00+00:00,23.346759083333335,24.516106
2025-10-02 09:00:00+00:00,28.959610583333333,33.566597
2025-10-02 10:00:00+00:00,44.882294333333334,44.751915
2025-10-02 11:00:00+00:00,52.79045125,49.524536
2025-10-02 12:00:00+00:00,31.251915583333332,44.67034
2025-10-02 13:00:00+00:00,26.159193166666668,39.29154
2025-10-02 14:00:00+00:00,28.173420916666668,37.08166
2025-10-02 15:00:00+00:00,31.832187750000003,36.96662
2025-10-02 16:00:00+00:00,34.57717591666667,37.448242
2025-10-02 17:00:00+00:00,39.034667750000004,40.528065
2025-10-02 18:00:00+00:00,40.99441566666667,46.17966
2025-10-02 19:00:00+00:00,43.543027083333335,52.01534
2025-10-02 20:00:00+00:00,45.74234941666666,60.065765
2025-10-02 21:00:00+00:00,64.53408416666667,71.703094
2025-10-02 22:00:00+00:00,103.74821658333335,76.94823
2025-10-02 23:00:00+00:00,103.49723891666666,72.14424
2025-10-03 00:00:00+00:00,63.59266425,61.277966
2025-10-03 01:00:00+00:00,49.11259183333333,48.27172
2025-10-03 02:00:00+00:00,41.48893475,38.885063
2025-10-03 03:00:00+00:00,34.637678333333334,33.053856
2025-10-03 04:00:00+00:00,30.24414333333333,29.562515
2025-10-03 05:00:00+00:00,26.656653833333333,27.737215
2025-10-03 06:00:00+00:00,23.751458666666668,26.318195
2025-10-03 07:00:00+00:00,23.171669,24.017841
2025-10-03 08:00:00+00:00,25.035851750000003,26.386698
2025-10-03 09:00:00+00:00,32.913412666666666,37.547157
2025-10-03 10:00:00+00:00,49.35271133333333,48.350124
2025-10-03 11:00:00+00:00,57.71982125,52.99792
2025-10-03 12:00:00+00:00,38.739942416666665,50.673668
2025-10-03 13:00:00+00:00,29.94397225,44.42764
2025-10-03 14:00:00+00:00,30.81266008333333,39.827938
2025-10-03 15:00:00+00:00,35.60183941666667,37.61845
2025-10-03 16:00:00+00:00,37.27573666666667,37.47662
2025-10-03 17:00:00+00:00,42.19320891666667,38.93865
2025-10-03 18:00:00+00:00,43.90522208333334,40.927
2025-10-03 19:00:00+00:00,50.424428583333345,41.71754
2025-10-03 20:00:00+00:00,53.3184225,49.733864
2025-10-03 21:00:00+00:00,79.90860108333334,69.57747
2025-10-03 22:00:00+00:00,119.52819608333334,85.55736
2025-10-03 23:00:00+00:00,103.58849158333334,80.67995
2025-10-04 00:00:00+00:00,54.241055916666674,61.8657
2025-10-04 01:00:00+00:00,45.232652333333334,46.534805
2025-10-04 02:00:00+00:00,38.79525308333333,37.75956
2025-10-04 03:00:00+00:00,34.13844266666667,32.39648
2025-10-04 04:00:00+00:00,36.62243841666666,29.388546
2025-10-04 05:00:00+00:00,28.693575,28.19772
2025-10-04 06:00:00+00:00,24.829792583333333,26.379505
2025-10-04 07:00:00+00:00,22.547978333333337,23.825851
2025-10-04 08:00:00+00:00,23.26141475,24.747421
2025-10-04 09:00:00+00:00,25.072792416666672,29.292812
2025-10-04 10:00:00+00:00,28.734698166666664,32.614033
2025-10-04 11:00:00+00:00,34.962643166666666,35.480625
2025-10-04 12:00:00+00:00,25.561946583333334,33.896576
2025-10-04 13:00:00+00:00,23.133321499999994,29.12851
2025-10-04 14:00:00+00:00,24.969282250000003,27.451149
2025-10-04 15:00:00+00:00,28.922009916666664,26.465014
2025-10-04 16:00:00+00:00,32.16692716666667,26.730877
2025-10-04 17:00:00+00:00,35.03851683333333,28.531612
2025-10-04 18:00:00+00:00,39.217767083333335,29.46495
2025-10-04 19:00:00+00:00,43.215452666666664,29.98268
2025-10-04 20:00:00+00:00,50.623733833333326,37.451584
2025-10-04 21:00:00+00:00,79.53149808333333,55.9555
2025-10-04 22:00:00+00:00,118.43287866666667,69.82851
2025-10-04 23:00:00+00:00,89.41057366666666,65.036194
2025-10-05 00:00:00+00:00,52.36456958333333,50.846283
2025-10-05 01:00:00+00:00,40.71878225,39.947712
2025-10-05 02:00:00+00:00,37.74596258333333,33.42724
2025-10-05 03:00:00+00:00,30.195421,29.793583
2025-10-05 04:00:00+00:00,29.48320066666666,27.493343
2025-10-05 05:00:00+00:00,25.157352166666673,25.655087
2025-10-05 06:00:00+00:00,21.646010833333335,23.671179
2025-10-05 07:00:00+00:00,19.534787166666668,20.079157
2025-10-05 08:00:00+00:00,18.549429,21.584291
2025-10-05 09:00:00+00:00,20.256454416666667,26.498138
2025-10-05 10:00:00+00:00,25.268798166666667,30.376665
2025-10-05 11:00:00+00:00,27.51987241666667,33.752373
2025-10-05 12:00:00+00:00,22.761644333333333,33.641537
2025-10-05 13:00:00+00:00,20.216874083333337,30.366642
2025-10-05 14:00:00+00:00,22.286517333333336,29.37807
2025-10-05 15:00:00+00:00,25.616236333333333,29.779572
2025-10-05 16:00:00+00:00,28.916798416666662,30.57671
2025-10-05 17:00:00+00:00,34.5086845,32.140465
2025-10-05 18:00:00+00:00,37.00272883333333,34.97323
2025-10-05 19:00:00+00:00,41.360343416666666,37.694717
2025-10-05 20:00:00+00:00,48.49220716666667,48.833637
2025-10-05 21:00:00+00:00,85.95820258333333,71.731476
2025-10-05 22:00:00+00:00,123.95845983333334,87.74717
2025-10-05 23:00:00+00:00,85.42475166666668,77.505295
2025-10-06 00:00:00+00:00,48.652728833333335,55.393272
2025-10-06 01:00:00+00:00,40.37142083333333,41.85283
2025-10-06 02:00:00+00:00,34.59784533333333,35.309155
2025-10-06 03:00:00+00:00,30.56612925,30.500587
2025-10-06 04:00:00+00:00,24.63606475,27.330343
2025-10-06 05:00:00+00:00,21.140253083333334,24.680765
2025-10-06 06:00:00+00:00,19.63514791666667,22.090199
2025-10-06 07:00:00+00:00,19.951161416666668,18.569315
2025-10-06 08:00:00+00:00,21.98993858333333,19.301233
2025-10-06 09:00:00+00:00,28.688596416666666,21.364895
2025-10-06 10:00:00+00:00,39.45095275,25.029602
2025-10-06 11:00:00+00:00,56.056641750000004,29.684887
2025-10-06 12:00:00+00:00,38.23522491666667,30.843552
2025-10-06 13:00:00+00:00,33.404462,28.79764
2025-10-06 14:00:00+00:00,33.903775833333334,31.36459
2025-10-06 15:00:00+00:00,40.13026116666666,34.059635
2025-10-06 16:00:00+00:00,45.09170066666666,37.203697
2025-10-06 17:00:00+00:00,54.02734025,41.51678
2025-10-06 18:00:00+00:00,59.78695266666667,46.041466
2025-10-06 19:00:00+00:00,73.02277333333333,49.053547
2025-10-06 20:00:00+00:00,96.61849566666666,60.1129
2025-10-06 21:00:00+00:00,143.61983133333334,82.311935
2025-10-06 22:00:00+00:00,196.95144466666665,95.48029
2025-10-06 23:00:00+00:00,144.40241041666667,80.8861
2025-10-07 00:00:00+00:00,90.04202666666667,57.457993
2025-10-07 01:00:00+00:00,56.27953708333333,45.388027
2025-10-07 02:00:00+00:00,44.85022841666665,38.26364
2025-10-07 03:00:00+00:00,36.17114541666667,30.94178
2025-10-07 04:00:00+00:00,36.510730083333335,25.751091
2025-10-07 05:00:00+00:00,32.23002575,23.129238
2025-10-07 06:00:00+00:00,29.91939975,21.743801
2025-10-07 07:00:00+00:00,28.863038666666668,31.968582
2025-10-07 08:00:00+00:00,30.962477666666665,35.066616
2025-10-07 09:00:00+00:00,34.90303316666667,42.398724
2025-10-07 10:00:00+00:00,50.77892608333334,46.786858
2025-10-07 11:00:00+00:00,62.26992108333334,47.348507
2025-10-07 12:00:00+00:00,46.65351833333333,44.01896
2025-10-07 13:00:00+00:00,41.38662941666667,39.50105
2025-10-07 14:00:00+00:00,41.085287666666666,41.660316
2025-10-07 15:00:00+00:00,44.05356850000001,44.482204
2025-10-07 16:00:00+00:00,46.705738,46.359867
2025-10-07 17:00:00+00:00,50.98360416666666,49.95112
2025-10-07 18:00:00+00:00,52.7588,55.48384
2025-10-07 19:00:00+00:00,54.09441641666666,60.7297
2025-10-07 20:00:00+00:00,65.48485624999999,83.2478
2025-10-07 21:00:00+00:00,82.06254733333334,120.873375
2025-10-07 22:00:00+00:00,109.12751366666667,132.68979
2025-10-07 23:00:00+00:00,109.37711408333332,106.42411
2025-10-08 00:00:00+00:00,74.02837233333334,75.43613
2025-10-08 01:00:00+00:00,55.11987133333333,59.221527
2025-10-08 02:00:00+00:00,46.60479241666667,48.99182
2025-10-08 03:00:00+00:00,39.50756508333333,40.883
2025-10-08 04:00:00+00:00,39.49907508333333,37.050083
2025-10-08 05:00:00+00:00,33.01241008333333,34.59638
2025-10-08 06:00:00+00:00,28.562526666666667,32.251778
2025-10-08 07:00:00+00:00,26.797788333333333,28.865614
2025-10-08 08:00:00+00:00,28.072767083333332,30.086924
2025-10-08 09:00:00+00:00,32.772899833333334,35.01038
2025-10-08 10:00:00+00:00,46.24859016666666,43.189503
2025-10-08 11:00:00+00:00,62.363115666666666,49.240494
2025-10-08 12:00:00+00:00,50.54630233333334,43.961937
2025-10-08 13:00:00+00:00,43.98454133333333,37.369793
2025-10-08 14:00:00+00:00,39.8395515,35.0895
2025-10-08 15:00:00+00:00,37.25293625,32.81131
2025-10-08 16:00:00+00:00,37.894024083333335,32.277657
2025-10-08 17:00:00+00:00,37.45704166666667,32.34532
2025-10-08 18:00:00+00:00,35.596178916666666,32.63712
2025-10-08 19:00:00+00:00,34.21894925,32.6587
2025-10-08 20:00:00+00:00,36.054193,38.067734
2025-10-08 21:00:00+00:00,51.56056166666667,57.60748
2025-10-08 22:00:00+00:00,84.12401966666665,75.77973
2025-10-08 23:00:00+00:00,64.58132049999999,69.30434
2025-10-09 00:00:00+00:00,40.95824983333333,50.510803
2025-10-09 01:00:00+00:00,34.26929175,40.50934
2025-10-09 02:00:00+00:00,32.598388916666664,34.70336
2025-10-09 03:00:00+00:00,30.486830833333332,28.222464
2025-10-09 04:00:00+00:00,31.922072083333337,24.572542
2025-10-09 05:00:00+00:00,27.183546833333335,22.899675
2025-10-09 06:00:00+00:00,26.018334416666665,20.8777
2025-10-09 07:00:00+00:00,24.99120541666667,26.674114
2025-10-09 08:00:00+00:00,25.96469633333333,30.097103
2025-10-09 09:00:00+00:00,29.515578416666667,35.28742
2025-10-09 10:00:00+00:00,48.55779841666667,43.29726
2025-10-09 11:00:00+00:00,61.17096825,52.267784
2025-10-09 12:00:00+00:00,36.2554085,48.35926
2025-10-09 13:00:00+00:00,26.473794,40.107117
2025-10-09 14:00:00+00:00,28.22383108333333,36.98483
2025-10-09 15:00:00+00:00,30.089802416666668,34.80056
2025-10-09 16:00:00+00:00,29.854862999999998,33.044163
2025-10-09 17:00:00+00:00,28.99467475,32.576702
2025-10-09 18:00:00+00:00,28.185098916666664,32.530437
2025-10-09 19:00:00+00:00,29.04391141666667,32.341568
2025-10-09 20:00:00+00:00,31.214405333333332,38.343517
2025-10-09 21:00:00+00:00,52.92731191666667,59.2941
2025-10-09 22:00:00+00:00,99.28286975,76.33176
2025-10-09 23:00:00+00:00,92.05083558333332,69.243805
2025-10-10 00:00:00+00:00,56.479279166666664,54.269524
2025-10-10 01:00:00+00:00,46.15997591666667,46.790703
2025-10-10 02:00:00+00:00,41.36263816666666,41.702354
2025-10-10 03:00:00+00:00,35.47415616666667,35.997425
2025-10-10 04:00:00+00:00,29.372949666666663,31.880905
2025-10-10 05:00:00+00:00,25.02367933333333,30.02391
2025-10-10 06:00:00+00:00,23.293567,28.480871
2025-10-10 07:00:00+00:00,24.34752475,23.874716
2025-10-10 08:00:00+00:00,26.007487833333332,28.523117
2025-10-10 09:00:00+00:00,30.078621166666665,38.82919
2025-10-10 10:00:00+00:00,49.355063916666666,52.184223
2025-10-10 11:00:00+00:00,65.17374891666667,59.74264
2025-10-10 12:00:00+00:00,38.561922,50.02995
2025-10-10 13:00:00+00:00,30.505771000000003,38.909985
2025-10-10 14:00:00+00:00,30.506775166666667,34.12118
2025-10-10 15:00:00+00:00,30.332780333333336,30.017776
2025-10-10 16:00:00+00:00,30.220495083333333,28.195475
2025-10-10 17:00:00+00:00,29.82175641666667,26.491821
2025-10-10 18:00:00+00:00,29.60252716666667,25.719383
2025-10-10 19:00:00+00:00,29.23509991666667,24.860767
2025-10-10 20:00:00+00:00,32.38448125,32.27523
2025-10-10 21:00:00+00:00,43.42301791666667,59.12542
2025-10-10 22:00:00+00:00,62.11480458333333,83.303314
2025-10-10 23:00:00+00:00,57.92250533333333,76.84362
2025-10-11 00:00:00+00:00,40.848179583333334,56.28119
2025-10-11 01:00:00+00:00,39.15140383333333,44.623337
2025-10-11 02:00:00+00:00,37.48546833333334,39.395473
2025-10-11 03:00:00+00:00,31.957132666666666,34.086975
2025-10-11 04:00:00+00:00,42.9305665,30.578209
2025-10-11 05:00:00+00:00,35.42350416666667,29.145779
2025-10-11 06:00:00+00:00,29.75925725,27.667234
2025-10-11 07:00:00+00:00,28.751746249999993,29.69017
2025-10-11 08:00:00+00:00,30.43598108333333,31.722454
2025-10-11 09:00:00+00:00,32.347220916666664,33.895096
2025-10-11 10:00:00+00:00,37.303500166666666,39.177532
2025-10-11 11:00:00+00:00,46.12531258333335,44.737316
2025-10-11 12:00:00+00:00,46.64174883333334,40.44489
2025-10-11 13:00:00+00:00,39.787515416666665,31.988926
2025-10-11 14:00:00+00:00,35.37147958333333,27.719482
2025-10-11 15:00:00+00:00,34.923471416666665,24.414055
2025-10-11 16:00:00+00:00,36.57777491666666,21.357197
2025-10-11 17:00:00+00:00,36.58845,19.217093
2025-10-11 18:00:00+00:00,35.560729,17.902979
2025-10-11 19:00:00+00:00,37.56018591666667,16.615091
2025-10-11 20:00:00+00:00,40.22938283333333,21.351557
2025-10-11 21:00:00+00:00,52.31796083333333,37.541164
2025-10-11 22:00:00+00:00,70.22406858333333,50.903027
2025-10-11 23:00:00+00:00,67.5936495,49.560047
2025-10-12 00:00:00+00:00,47.13025033333333,41.579754
2025-10-12 01:00:00+00:00,40.15969725,35.75478
2025-10-12 02:00:00+00:00,39.09640258333334,31.191277
2025-10-12 03:00:00+00:00,32.780342499999996,27.768576
2025-10-12 04:00:00+00:00,38.53712958333333,25.409184
2025-10-12 05:00:00+00:00,34.494396583333334,23.23345
2025-10-12 06:00:00+00:00,25.80710175,21.365276
2025-10-12 07:00:00+00:00,25.288734083333335,26.14102
2025-10-12 08:00:00+00:00,25.70918491666667,28.601604
2025-10-12 09:00:00+00:00,26.528012249999996,34.07866
2025-10-12 10:00:00+00:00,30.371548833333335,41.018826
2025-10-12 11:00:00+00:00,34.434545416666666,47.163303
2025-10-12 12:00:00+00:00,36.24422325,43.96204
2025-10-12 13:00:00+00:00,35.739106416666665,37.26021
2025-10-12 14:00:00+00:00,40.987935416666666,34.594894
2025-10-12 15:00:00+00:00,43.23629091666667,33.224068
2025-10-12 16:00:00+00:00,39.47672983333333,32.17602
2025-10-12 17:00:00+00:00,40.92103216666667,31.597622
2025-10-12 18:00:00+00:00,40.882907749999994,31.324392
2025-10-12 19:00:00+00:00,44.036324083333334,30.855995
2025-10-12 20:00:00+00:00,46.57280791666667,38.056267
2025-10-12 21:00:00+00:00,57.388754166666665,60.69851
2025-10-12 22:00:00+00:00,79.91946116666666,78.71358
2025-10-12 23:00:00+00:00,82.89614583333334,73.77856
2025-10-13 00:00:00+00:00,53.91535158333335,59.56912
2025-10-13 01:00:00+00:00,45.1496785,49.46856
2025-10-13 02:00:00+00:00,41.922220583333335,42.550243
2025-10-13 03:00:00+00:00,36.90126,37.261734
2025-10-13 04:00:00+00:00,32.80354016666667,32.636772
2025-10-13 05:00:00+00:00,27.409505666666664,29.71816
2025-10-13 06:00:00+00:00,25.83998558333333,27.81358
2025-10-13 07:00:00+00:00,25.95908475,25.397783
2025-10-13 08:00:00+00:00,28.65059791666667,29.209654
2025-10-13 09:00:00+00:00,32.196062833333336,36.11221
2025-10-13 10:00:00+00:00,48.757938583333335,47.63851
2025-10-13 11:00:00+00:00,58.91943933333334,57.269585
2025-10-13 12:00:00+00:00,52.565428999999995,54.965763
2025-10-13 13:00:00+00:00,46.23666324999999,48.516903
2025-10-13 14:00:00+00:00,44.99031291666665,46.247795
2025-10-13 15:00:00+00:00,47.46166425000001,43.88632
2025-10-13 16:00:00+00:00,46.236213416666665,41.75419
2025-10-13 17:00:00+00:00,49.67081291666667,39.306126
2025-10-13 18:00:00+00:00,49.17286991666666,38.445686
2025-10-13 19:00:00+00:00,49.960540333333334,38.036003
2025-10-13 20:00:00+00:00,56.509556583333335,47.17056
2025-10-13 21:00:00+00:00,75.74544350000001,75.02818
2025-10-13 22:00:00+00:00,124.74423025,96.295815
2025-10-13 23:00:00+00:00,129.77430708333335,85.56128
2025-10-14 00:00:00+00:00,70.06831675,63.852077
2025-10-14 01:00:00+00:00,53.531541583333336,50.97495
2025-10-14 02:00:00+00:00,48.343056999999995,43.654556
2025-10-14 03:00:00+00:00,44.05062108333333,36.91706
2025-10-14 04:00:00+00:00,34.46044083333333,32.85872
2025-10-14 05:00:00+00:00,29.711545833333332,30.8698
2025-10-14 06:00:00+00:00,25.59306375,28.785173
2025-10-14 07:00:00+00:00,25.26051683333333,25.677998
2025-10-14 08:00:00+00:00,28.495476166666666,28.127846
2025-10-14 09:00:00+00:00,32.424293416666664,34.799255
2025-10-14 10:00:00+00:00,50.84061691666667,44.59047
2025-10-14 11:00:00+00:00,73.30417116666666,57.21502
2025-10-14 12:00:00+00:00,53.04541816666667,57.603523
2025-10-14 13:00:00+00:00,38.92586566666667,47.451244
2025-10-14 14:00:00+00:00,39.70915825,42.214275
2025-10-14 15:00:00+00:00,38.37351616666667,39.50036
2025-10-14 16:00:00+00:00,39.852908750000005,37.907745
2025-10-14 17:00:00+00:00,40.21692958333333,36.00919
2025-10-14 18:00:00+00:00,40.34909175,35.21672
2025-10-14 19:00:00+00:00,39.75294175,33.712494
2025-10-14 20:00:00+00:00,45.72095216666667,38.0384
2025-10-14 21:00:00+00:00,65.14483433333334,60.34604
2025-10-14 22:00:00+00:00,101.89396825000001,84.52472
2025-10-14 23:00:00+00:00,94.67027833333333,77.62393
2025-10-15 00:00:00+00:00,50.23063691666667,53.673622
2025-10-15 01:00:00+00:00,43.98466283333333,40.00529
2025-10-15 02:00:00+00:00,37.738353249999996,34.808475
2025-10-15 03:00:00+00:00,33.5312445,29.6781
2025-10-15 04:00:00+00:00,33.13653033333333,26.754288
2025-10-15 05:00:00+00:00,31.202987249999996,25.56441
2025-10-15 06:00:00+00:00,28.002507333333327,24.081242
2025-10-15 07:00:00+00:00,28.144653333333334,27.851316
2025-10-15 08:00:00+00:00,30.81519341666667,29.059364
2025-10-15 09:00:00+00:00,34.54895741666667,33.10991
2025-10-15 10:00:00+00:00,56.41521508333333,42.98915
2025-10-15 11:00:00+00:00,74.9400965,52.751595
2025-10-15 12:00:00+00:00,45.512303333333335,47.13585
2025-10-15 13:00:00+00:00,33.450921,38.04662
2025-10-15 14:00:00+00:00,32.47656608333333,34.11009
2025-10-15 15:00:00+00:00,36.6042245,31.294323
2025-10-15 16:00:00+00:00,37.75838508333333,30.222233
2025-10-15 17:00:00+00:00,38.2456915,29.07006
2025-10-15 18:00:00+00:00,37.248453000000005,28.267971
2025-10-15 19:00:00+00:00,37.29738525,27.022606
2025-10-15 20:00:00+00:00,40.43547566666667,29.964737
2025-10-15 21:00:00+00:00,61.4695635,47.31433
2025-10-15 22:00:00+00:00,91.93684408333333,66.18895
2025-10-15 23:00:00+00:00,84.39928716666665,61.58555
2025-10-16 00:00:00+00:00,55.006100333333336,43.831448
2025-10-16 01:00:00+00:00,41.49731166666667,34.70375
2025-10-16 02:00:00+00:00,37.89062475,32.23962
2025-10-16 03:00:00+00:00,33.956937,29.278893
2025-10-16 04:00:00+00:00,31.659452916666666,27.692719
2025-10-16 05:00:00+00:00,28.274219833333333,26.958656
2025-10-16 06:00:00+00:00,26.930660333333332,25.385601
2025-10-16 07:00:00+00:00,26.7707075,26.709904
2025-10-16 08:00:00+00:00,28.092337583333332,28.146599
2025-10-16 09:00:00+00:00,32.765605666666666,32.871605
2025-10-16 10:00:00+00:00,54.55856433333334,44.55372
2025-10-16 11:00:00+00:00,77.88216625,53.86283
2025-10-16 12:00:00+00:00,40.32595991666667,44.90098
2025-10-16 13:00:00+00:00,26.81304366666667,34.7796
2025-10-16 14:00:00+00:00,27.19553825,31.487518
2025-10-16 15:00:00+00:00,27.640119583333334,28.59682
2025-10-16 16:00:00+00:00,28.849279,27.66849
2025-10-16 17:00:00+00:00,29.0400455,27.513119
2025-10-16 18:00:00+00:00,28.60329708333333,26.677713
2025-10-16 19:00:00+00:00,28.79434175,25.37811
2025-10-16 20:00:00+00:00,29.754556249999997,28.428196
2025-10-16 21:00:00+00:00,46.994704500000005,46.482235
2025-10-16 22:00:00+00:00,71.47337666666667,64.62575
2025-10-16 23:00:00+00:00,64.76598125,60.37272
2025-10-17 00:00:00+00:00,43.22640924999999,45.874275
2025-10-17 01:00:00+00:00,36.98472725,38.436184
2025-10-17 02:00:00+00:00,34.5910365,35.05989
2025-10-17 03:00:00+00:00,30.52915683333333,30.870846
2025-10-17 04:00:00+00:00,32.70749891666667,28.54937
2025-10-17 05:00:00+00:00,29.57979075,27.70359
2025-10-17 06:00:00+00:00,27.399396749999998,26.13683
2025-10-17 07:00:00+00:00,26.4350385,26.88342
2025-10-17 08:00:00+00:00,28.70081325,27.753384
2025-10-17 09:00:00+00:00,36.70026583333333,31.728188
2025-10-17 10:00:00+00:00,61.35384825,43.724266
2025-10-17 11:00:00+00:00,92.15213441666667,50.84713
2025-10-17 12:00:00+00:00,48.213569500000006,40.344994
2025-10-17 13:00:00+00:00,29.51833975,31.637875
2025-10-17 14:00:00+00:00,29.515988749999998,28.84247
2025-10-17 15:00:00+00:00,29.47377891666666,25.382524
2025-10-17 16:00:00+00:00,29.959670999999997,24.338371
2025-10-17 17:00:00+00:00,29.758373416666668,24.392134
2025-10-17 18:00:00+00:00,29.435878499999998,24.307024
2025-10-17 19:00:00+00:00,30.24085775,23.552895
2025-10-17 20:00:00+00:00,33.50881125,26.383606
2025-10-17 21:00:00+00:00,52.38752575,40.304314
2025-10-17 22:00:00+00:00,66.65672666666667,54.340958
2025-10-17 23:00:00+00:00,55.08798241666667,51.663834
2025-10-18 00:00:00+00:00,40.146791916666665,42.218967
2025-10-18 01:00:00+00:00,36.94860308333333,37.146317
2025-10-18 02:00:00+00:00,34.41959008333333,34.44923
2025-10-18 03:00:00+00:00,30.63532475,31.752398
2025-10-18 04:00:00+00:00,33.05449458333333,30.410969
2025-10-18 05:00:00+00:00,30.45420708333333,29.831955
2025-10-18 06:00:00+00:00,26.088144166666662,28.561607
2025-10-18 07:00:00+00:00,25.993959999999998,25.052029
2025-10-18 08:00:00+00:00,26.859026166666663,26.70511
2025-10-18 09:00:00+00:00,29.50273675,30.079922
2025-10-18 10:00:00+00:00,33.54489375,42.76125
2025-10-18 11:00:00+00:00,40.16834866666667,53.051937
2025-10-18 12:00:00+00:00,36.198504666666665,44.245052
2025-10-18 13:00:00+00:00,27.856846166666667,35.2154
2025-10-18 14:00:00+00:00,27.798606333333336,32.341095
2025-10-18 15:00:00+00:00,28.461271916666664,29.30691
2025-10-18 16:00:00+00:00,31.441648749999995,27.818584
2025-10-18 17:00:00+00:00,32.07842725,27.254128
2025-10-18 18:00:00+00:00,31.93405725,26.564644
2025-10-18 19:00:00+00:00,34.99795216666667,25.585728
2025-10-18 20:00:00+00:00,44.47994308333333,29.259653
2025-10-18 21:00:00+00:00,67.06764958333333,42.781494
2025-10-18 22:00:00+00:00,83.33501041666666,51.897865
2025-10-18 23:00:00+00:00,63.29352333333333,47.478516
2025-10-19 00:00:00+00:00,42.77091166666667,40.902485
2025-10-19 01:00:00+00:00,43.54883391666666,36.579803
2025-10-19 02:00:00+00:00,37.443786333333335,32.569656
2025-10-19 03:00:00+00:00,32.72843966666667,28.696775
2025-10-19 04:00:00+00:00,31.88701275,26.330011
2025-10-19 05:00:00+00:00,27.00064391666666,25.014334
2025-10-19 06:00:00+00:00,24.692368416666667,23.851496
2025-10-19 07:00:00+00:00,22.944504416666664,24.522795
2025-10-19 08:00:00+00:00,22.87376083333334,25.91103
2025-10-19 09:00:00+00:00,22.401417833333337,28.99098
2025-10-19 10:00:00+00:00,24.40302358333333,37.203682
2025-10-19 11:00:00+00:00,28.75404466666667,43.50109
2025-10-19 12:00:00+00:00,25.617604583333332,37.987125
2025-10-19 13:00:00+00:00,23.848243999999998,32.899265
2025-10-19 14:00:00+00:00,24.33940216666667,32.403854
2025-10-19 15:00:00+00:00,24.944882333333332,31.244839
2025-10-19 16:00:00+00:00,25.948957916666668,30.444386
2025-10-19 17:00:00+00:00,26.28012075,30.586521
2025-10-19 18:00:00+00:00,25.9992745,31.02522
2025-10-19 19:00:00+00:00,27.233077750000007,32.12561
2025-10-19 20:00:00+00:00,34.17736775,41.796555
2025-10-19 21:00:00+00:00,44.09448533333333,63.468124
2025-10-19 22:00:00+00:00,61.35971849999999,75.35496
2025-10-19 23:00:00+00:00,66.02068258333334,65.51434
2025-10-20 00:00:00+00:00,47.42355525,49.84777
2025-10-20 01:00:00+00:00,39.67764433333333,41.040016
2025-10-20 02:00:00+00:00,36.07605175,36.12904
2025-10-20 03:00:00+00:00,29.576881166666663,31.281868
2025-10-20 04:00:00+00:00,27.471458916666666,28.506721
2025-10-20 05:00:00+00:00,24.672648499999998,26.702509
2025-10-20 06:00:00+00:00,23.583574,24.699205
2025-10-20 07:00:00+00:00,23.347828250000003,23.686258
2025-10-20 08:00:00+00:00,26.079069833333335,27.111132
2025-10-20 09:00:00+00:00,30.79622516666667,33.236507
2025-10-20 10:00:00+00:00,53.82060091666667,47.62366
2025-10-20 11:00:00+00:00,86.5729525,59.27154
2025-10-20 12:00:00+00:00,51.05451324999999,52.055748
2025-10-20 13:00:00+00:00,33.75828833333333,42.606472
2025-10-20 14:00:00+00:00,31.174339500000002,39.97311
2025-10-20 15:00:00+00:00,30.874397583333334,36.87806
2025-10-20 16:00:00+00:00,28.83470416666667,35.01078
2025-10-20 17:00:00+00:00,27.885865333333335,33.337326
2025-10-20 18:00:00+00:00,27.61517958333333,32.871193
2025-10-20 19:00:00+00:00,26.676273499999997,33.00098
2025-10-20 20:00:00+00:00,31.62487458333333,40.65598
2025-10-20 21:00:00+00:00,50.8726435,65.990074
2025-10-20 22:00:00+00:00,74.713196,83.33255
2025-10-20 23:00:00+00:00,69.50424741666667,73.768616
2025-10-21 00:00:00+00:00,49.56253658333333,57.71078
2025-10-21 01:00:00+00:00,37.97441825,49.03795
2025-10-21 02:00:00+00:00,33.94009783333333,42.34241
2025-10-21 03:00:00+00:00,30.57610875,35.202614
2025-10-21 04:00:00+00:00,30.449161,31.145357
2025-10-21 05:00:00+00:00,25.871771249999995,29.803425
2025-10-21 06:00:00+00:00,24.37169516666667,27.919361
2025-10-21 07:00:00+00:00,24.830460166666665,24.960163
2025-10-21 08:00:00+00:00,26.399772666666667,26.928621
2025-10-21 09:00:00+00:00,30.466245583333333,31.279692
2025-10-21 10:00:00+00:00,58.85126508333334,46.50659
2025-10-21 11:00:00+00:00,82.26235675000001,57.23513
2025-10-21 12:00:00+00:00,49.47433383333334,43.226265
2025-10-21 13:00:00+00:00,26.905612583333333,29.562119
2025-10-21 14:00:00+00:00,28.261979999999998,24.613117
2025-10-21 15:00:00+00:00,26.734488499999998,21.449867
2025-10-21 16:00:00+00:00,26.10365941666667,19.574598
2025-10-21 17:00:00+00:00,26.171093583333334,18.544746
2025-10-21 18:00:00+00:00,26.00639683333333,17.623827
2025-10-21 19:00:00+00:00,25.77185883333333,16.55174
2025-10-21 20:00:00+00:00,31.904937,21.421957
2025-10-21 21:00:00+00:00,51.28249091666667,39.069153
2025-10-21 22:00:00+00:00,64.84243500000001,49.903534
2025-10-21 23:00:00+00:00,64.61074158333334,44.197197
2025-10-22 00:00:00+00:00,49.373525333333326,35.356762
2025-10-22 01:00:00+00:00,41.77391383333333,31.033287
2025-10-22 02:00:00+00:00,34.684521249999996,28.51655
2025-10-22 03:00:00+00:00,29.70749425,25.419106
2025-10-22 04:00:00+00:00,30.010676,23.431614
2025-10-22 05:00:00+00:00,26.023581333333336,22.195435
2025-10-22 06:00:00+00:00,23.63122033333333,20.568077
2025-10-22 07:00:00+00:00,23.435300416666664,23.116243
2025-10-22 08:00:00+00:00,26.153770333333334,24.50509
2025-10-22 09:00:00+00:00,35.8301845,27.5532
2025-10-22 10:00:00+00:00,55.802328083333336,44.460358
2025-10-22 11:00:00+00:00,73.81599108333333,55.991936
2025-10-22 12:00:00+00:00,49.12598558333334,40.631393
2025-10-22 13:00:00+00:00,27.929209333333333,27.813667
2025-10-22 14:00:00+00:00,30.011370583333328,23.698227
2025-10-22 15:00:00+00:00,29.947219583333332,20.814262
2025-10-22 16:00:00+00:00,29.897717500000002,19.307726
2025-10-22 17:00:00+00:00,30.01876058333333,18.506388
2025-10-22 18:00:00+00:00,29.10539866666667,17.670218
2025-10-22 19:00:00+00:00,28.858085916666667,16.54707
2025-10-22 20:00:00+00:00,30.909303249999997,21.877775
2025-10-22 21:00:00+00:00,47.8906335,39.521267
2025-10-22 22:00:00+00:00,78.71649883333333,48.241417
2025-10-22 23:00:00+00:00,87.47767066666667,43.207436
2025-10-23 00:00:00+00:00,58.894230666666665,36.635513
2025-10-23 01:00:00+00:00,44.41049075,32.208035
2025-10-23 02:00:00+00:00,40.23016875,28.385029
2025-10-23 03:00:00+00:00,35.28211666666667,24.337427
2025-10-23 04:00:00+00:00,37.67015275,22.103834
2025-10-23 05:00:00+00:00,36.591493166666666,21.008589
2025-10-23 06:00:00+00:00,35.06542725,19.052446
2025-10-23 07:00:00+00:00,35.36029325,35.427933
2025-10-23 08:00:00+00:00,38.39877558333333,37.819603
2025-10-23 09:00:00+00:00,53.80599691666666,44.509804
2025-10-23 10:00:00+00:00,87.06337416666668,63.345634
2025-10-23 11:00:00+00:00,127.48298249999999,72.01604
2025-10-23 12:00:00+00:00,73.69681125,54.69079
2025-10-23 13:00:00+00:00,51.19079075,39.30919
2025-10-23 14:00:00+00:00,41.898047,33.315884
2025-10-23 15:00:00+00:00,41.37345916666667,28.581074
2025-10-23 16:00:00+00:00,40.859549916666666,25.730738
2025-10-23 17:00:00+00:00,40.10562733333334,24.55103
2025-10-23 18:00:00+00:00,38.65950608333333,23.447737
2025-10-23 19:00:00+00:00,38.43958925,21.413174
2025-10-23 20:00:00+00:00,42.596910083333334,25.957401
2025-10-23 21:00:00+00:00,61.91338516666667,44.159237
2025-10-23 22:00:00+00:00,94.97579758333335,57.36035
2025-10-23 23:00:00+00:00,111.29180633333334,56.58817
2025-10-24 00:00:00+00:00,78.22069083333334,48.452515
2025-10-24 01:00:00+00:00,67.45650816666667,40.58942
2025-10-24 02:00:00+00:00,62.620126416666665,35.45274
2025-10-24 03:00:00+00:00,58.216986999999996,32.277615
2025-10-24 04:00:00+00:00,45.15059325000001,30.388931
2025-10-24 05:00:00+00:00,39.59878,29.220875
2025-10-24 06:00:00+00:00,38.06283691666667,27.470625
2025-10-24 07:00:00+00:00,37.72399266666667,36.366146
2025-10-24 08:00:00+00:00,41.557914916666675,37.616226
2025-10-24 09:00:00+00:00,51.67784508333333,44.252277
2025-10-24 10:00:00+00:00,97.83156891666665,71.313736
2025-10-24 11:00:00+00:00,148.56574766666668,87.56883
2025-10-24 12:00:00+00:00,77.89979858333334,67.52564
2025-10-24 13:00:00+00:00,47.38588266666667,49.58207
2025-10-24 14:00:00+00:00,39.83984933333333,42.274563
2025-10-24 15:00:00+00:00,39.435136416666666,37.150517
2025-10-24 16:00:00+00:00,38.35369633333333,33.901024
2025-10-24 17:00:00+00:00,37.89861008333333,31.647581
2025-10-24 18:00:00+00:00,35.974455999999996,29.708412
2025-10-24 19:00:00+00:00,35.288943249999996,27.3731
2025-10-24 20:00:00+00:00,36.75767975,31.102985
2025-10-24 21:00:00+00:00,49.67583075,49.488785
2025-10-24 22:00:00+00:00,74.98235841666667,62.485245
2025-10-24 23:00:00+00:00,77.71973125,61.37209
2025-10-25 00:00:00+00:00,57.483767583333325,53.85192
2025-10-25 01:00:00+00:00,50.87973725,46.72938
2025-10-25 02:00:00+00:00,47.21175208333333,41.76264
2025-10-25 03:00:00+00:00,40.966995833333335,37.394295
2025-10-25 04:00:00+00:00,53.781286083333335,33.75876
2025-10-25 05:00:00+00:00,47.39547041666667,31.50499
2025-10-25 06:00:00+00:00,44.819068,28.693836
2025-10-25 07:00:00+00:00,44.02083475,42.02677
2025-10-25 08:00:00+00:00,44.63137025,43.00216
2025-10-25 09:00:00+00:00,44.84413441666666,47.46667
2025-10-25 10:00:00+00:00,56.41901525,70.512
2025-10-25 11:00:00+00:00,97.01835716666666,85.38896
2025-10-25 12:00:00+00:00,68.46010708333334,67.19142
2025-10-25 13:00:00+00:00,44.99489341666666,50.686096
2025-10-25 14:00:00+00:00,43.338960500000006,43.009945
2025-10-25 15:00:00+00:00,39.41426525,37.59784
2025-10-25 16:00:00+00:00,39.16188225,34.36271
2025-10-25 17:00:00+00:00,37.39346508333333,33.22019
2025-10-25 18:00:00+00:00,36.70281133333334,31.379982
2025-10-25 19:00:00+00:00,37.45396791666666,29.784294
2025-10-25 20:00:00+00:00,40.16928108333333,35.73558
2025-10-25 21:00:00+00:00,48.951379,54.75432
2025-10-25 22:00:00+00:00,66.70094350000001,64.75136
2025-10-25 23:00:00+00:00,67.69965916666666,62.365593
2025-10-26 00:00:00+00:00,56.25056683333333,57.229202
2025-10-26 01:00:00+00:00,49.179243750000005,51.990704
2025-10-26 02:00:00+00:00,46.18660608333334,47.41029
2025-10-26 03:00:00+00:00,41.91881733333333,43.977
2025-10-26 04:00:00+00:00,41.334179416666665,40.314655
2025-10-26 05:00:00+00:00,38.233834,37.51383
2025-10-26 06:00:00+00:00,34.15405725,34.74444
2025-10-26 07:00:00+00:00,32.253101916666665,32.37686
2025-10-26 08:00:00+00:00,34.94694358333333,33.128708
2025-10-26 09:00:00+00:00,34.492356666666666,34.958054
2025-10-26 10:00:00+00:00,41.52194074999999,50.564594
2025-10-26 11:00:00+00:00,54.22139833333333,64.179405
2025-10-26 12:00:00+00:00,53.13511625,53.72792
2025-10-26 13:00:00+00:00,35.89406266666666,42.607147
2025-10-26 14:00:00+00:00,32.639258000000005,37.792137
2025-10-26 15:00:00+00:00,30.722019083333333,33.635967
2025-10-26 16:00:00+00:00,30.628327083333332,31.318205
2025-10-26 17:00:00+00:00,29.334063583333332,30.29207
2025-10-26 18:00:00+00:00,29.298355250000004,29.308586
2025-10-26 19:00:00+00:00,30.257866833333335,27.8794
2025-10-26 20:00:00+00:00,34.51553233333333,31.548027
2025-10-26 21:00:00+00:00,42.866808000000006,46.677425
2025-10-26 22:00:00+00:00,65.11324241666667,58.838375
2025-10-26 23:00:00+00:00,63.951816416666674,59.264126
2025-10-27 00:00:00+00:00,51.03105766666667,52.92884
2025-10-27 01:00:00+00:00,40.646872333333334,45.13951
2025-10-27 02:00:00+00:00,39.83573833333333,39.63247
2025-10-27 03:00:00+00:00,34.84177125,35.632637
2025-10-27 04:00:00+00:00,32.11752258333333,32.377453
2025-10-27 05:00:00+00:00,31.079243916666666,30.547009
2025-10-27 06:00:00+00:00,30.116957083333332,28.33791
2025-10-27 07:00:00+00:00,30.159251583333333,30.079159
2025-10-27 08:00:00+00:00,31.77071525,32.769287
2025-10-27 09:00:00+00:00,38.138519,38.823353
2025-10-27 10:00:00+00:00,55.214563333333324,58.57795
2025-10-27 11:00:00+00:00,85.87038466666667,72.8463
2025-10-27 12:00:00+00:00,65.31571058333333,59.93644
2025-10-27 13:00:00+00:00,42.71694033333334,47.86229
2025-10-27 14:00:00+00:00,38.792221250000004,43.847153
2025-10-27 15:00:00+00:00,41.933639083333325,39.370125
2025-10-27 16:00:00+00:00,37.765840250000004,36.81362
2025-10-27 17:00:00+00:00,37.609953,35.38997
2025-10-27 18:00:00+00:00,37.055399083333334,34.892555
2025-10-27 19:00:00+00:00,37.30880558333333,34.269833
2025-10-27 20:00:00+00:00,42.62664158333333,40.44568
2025-10-27 21:00:00+00:00,57.427502583333336,60.998215
2025-10-27 22:00:00+00:00,78.45832583333333,75.61528
2025-10-27 23:00:00+00:00,77.69866158333333,71.685104
2025-10-28 00:00:00+00:00,55.34312366666666,60.89454
2025-10-28 01:00:00+00:00,44.34583325,52.52455
2025-10-28 02:00:00+00:00,41.98574875,46.26966
2025-10-28 03:00:00+00:00,36.51665283333333,40.688744
2025-10-28 04:00:00+00:00,34.75847891666667,36.749035
2025-10-28 05:00:00+00:00,32.70515508333333,34.622635
2025-10-28 06:00:00+00:00,31.0822615,32.09381
2025-10-28 07:00:00+00:00,31.740859249999996,30.323938
2025-10-28 08:00:00+00:00,34.45860366666667,32.490273
2025-10-28 09:00:00+00:00,40.739605833333336,36.918606
2025-10-28 10:00:00+00:00,56.71278783333332,55.011547
2025-10-28 11:00:00+00:00,98.82616233333333,70.397064
2025-10-28 12:00:00+00:00,72.21169541666667,56.83226
2025-10-28 13:00:00+00:00,56.938890166666674,42.8224
2025-10-28 14:00:00+00:00,47.41697391666667,38.23323
2025-10-28 15:00:00+00:00,44.480575249999994,33.714462
2025-10-28 16:00:00+00:00,44.81941441666667,30.854849
2025-10-28 17:00:00+00:00,42.221105666666666,28.910116
2025-10-28 18:00:00+00:00,40.67501775,28.194582
2025-10-28 19:00:00+00:00,40.66210075,27.30791
2025-10-28 20:00:00+00:00,43.770823,31.092287
2025-10-28 21:00:00+00:00,54.87835333333334,48.67276
2025-10-28 22:00:00+00:00,88.45365274999999,62.76924
2025-10-28 23:00:00+00:00,78.8970895,57.448444
2025-10-29 00:00:00+00:00,54.34567941666666,46.780617
2025-10-29 01:00:00+00:00,45.29096058333334,40.345936
2025-10-29 02:00:00+00:00,40.835833916666665,36.295372
2025-10-29 03:00:00+00:00,37.89014366666667,32.51464
2025-10-29 04:00:00+00:00,34.042832833333335,30.19968
2025-10-29 05:00:00+00:00,31.919042583333333,28.879581
2025-10-29 06:00:00+00:00,29.442074,26.782637
2025-10-29 07:00:00+00:00,28.67853875,28.268517
2025-10-29 08:00:00+00:00,31.240718166666664,30.187714
2025-10-29 09:00:00+00:00,34.06451358333333,34.209213
2025-10-29 10:00:00+00:00,56.424114083333336,52.90896
2025-10-29 11:00:00+00:00,81.70824125,70.45517
2025-10-29 12:00:00+00:00,71.88965424999999,56.650913
2025-10-29 13:00:00+00:00,53.22460408333333,40.852543
2025-10-29 14:00:00+00:00,46.34064675,34.961388
2025-10-29 15:00:00+00:00,44.88631675,30.382872
2025-10-29 16:00:00+00:00,41.61188716666667,27.525309
2025-10-29 17:00:00+00:00,43.913081000000005,25.614454
2025-10-29 18:00:00+00:00,41.849707083333335,24.568964
2025-10-29 19:00:00+00:00,43.003600500000005,22.896572
2025-10-29 20:00:00+00:00,49.0189495,26.390999
2025-10-29 21:00:00+00:00,56.739180833333336,45.327896
2025-10-29 22:00:00+00:00,73.585315,62.28042
2025-10-29 23:00:00+00:00,69.62667241666666,59.53518
2025-10-30 00:00:00+00:00,52.87013316666667,48.7372
2025-10-30 01:00:00+00:00,46.56375375,40.605507
2025-10-30 02:00:00+00:00,42.80072766666667,35.7694
2025-10-30 03:00:00+00:00,39.25211016666667,31.86063
2025-10-30 04:00:00+00:00,40.03755575,29.407597
2025-10-30 05:00:00+00:00,37.23559891666667,28.231379
2025-10-30 06:00:00+00:00,34.44029691666666,26.020243
2025-10-30 07:00:00+00:00,34.41092725,34.38797
2025-10-30 08:00:00+00:00,36.514471,36.67515
2025-10-30 09:00:00+00:00,44.45580883333332,40.77723
2025-10-30 10:00:00+00:00,63.93313383333333,61.808937
2025-10-30 11:00:00+00:00,79.33485175,80.781784
2025-10-30 12:00:00+00:00,78.28106533333333,65.349365
2025-10-30 13:00:00+00:00,72.037194,48.60863
2025-10-30 14:00:00+00:00,67.27948983333333,42.675552
2025-10-30 15:00:00+00:00,63.49601983333333,38.3652
2025-10-30 16:00:00+00:00,57.270697,35.18733
2025-10-30 17:00:00+00:00,53.685261416666656,33.00901
2025-10-30 18:00:00+00:00,44.81452408333333,32.1728
2025-10-30 19:00:00+00:00,42.85898366666667,30.941881
2025-10-30 20:00:00+00:00,47.39993983333332,34.474667
2025-10-30 21:00:00+00:00,62.97956083333333,53.170033
2025-10-30 22:00:00+00:00,80.39935891666666,67.14389
2025-10-30 23:00:00+00:00,79.87294924999999,63.251358
2025-10-31 00:00:00+00:00,59.606926666666666,53.982285
2025-10-31 01:00:00+00:00,51.84767408333334,48.081394
2025-10-31 02:00:00+00:00,46.116850666666664,43.73292
2025-10-31 03:00:00+00:00,41.620772333333335,39.061443
2025-10-31 04:00:00+00:00,41.71609066333333,36.03213
2025-10-31 05:00:00+00:00,41.811408993333345,34.603447
2025-10-31 06:00:00+00:00,41.906727323333335,31.912672
2025-11-01 04:00:00+00:00,44.00373058333333,41.786892
2025-11-01 05:00:00+00:00,39.78816616666666,44.15211
2025-11-01 06:00:00+00:00,37.182309249999996,50.351646
2025-11-01 07:00:00+00:00,38.18841008333333,68.71512
2025-11-01 08:00:00+00:00,38.320201583333336,85.84808
2025-11-01 09:00:00+00:00,39.390629583333336,77.72273
2025-11-01 10:00:00+00:00,49.46599274999999,63.909782
2025-11-01 11:00:00+00:00,79.35433075,57.089035
2025-11-01 12:00:00+00:00,73.54405166666668,52.166706
2025-11-01 13:00:00+00:00,40.22393925,48.633305
2025-11-01 14:00:00+00:00,35.164234416666666,45.157673
2025-11-01 15:00:00+00:00,34.61034708333333,42.611336
2025-11-01 16:00:00+00:00,31.99305475,40.36664
2025-11-01 17:00:00+00:00,29.6740105,42.534424
2025-11-01 18:00:00+00:00,29.71757091666667,58.66341
2025-11-01 19:00:00+00:00,31.6715595,73.36984
2025-11-01 20:00:00+00:00,43.47896525,69.58776
2025-11-01 21:00:00+00:00,68.47673658333333,59.87853
2025-11-01 22:00:00+00:00,86.82715866666666,54.860985
2025-11-01 23:00:00+00:00,78.16178941666666,51.047474
2025-11-02 00:00:00+00:00,64.25082091666667,46.702015
2025-11-02 01:00:00+00:00,63.368320250000004,43.70878
2025-11-02 02:00:00+00:00,61.20865558333334,42.113747
2025-11-02 03:00:00+00:00,52.27204591666666,39.99038
2025-11-02 04:00:00+00:00,45.47544908333333,49.38562
2025-11-02 05:00:00+00:00,41.12552083333333,46.345623
2025-11-02 06:00:00+00:00,37.203586333333334,44.88887
2025-11-02 07:00:00+00:00,39.55128916666667,45.413956
2025-11-02 08:00:00+00:00,39.42149175,49.404625
2025-11-02 09:00:00+00:00,39.37171133333333,52.6535
2025-11-02 10:00:00+00:00,39.90289425,57.911358
2025-11-02 11:00:00+00:00,52.40329408333332,70.21285
2025-11-02 12:00:00+00:00,63.50979075,69.531044
2025-11-02 13:00:00+00:00,47.099991249999995,53.52453
2025-11-02 14:00:00+00:00,38.33099091666667,41.408
2025-11-02 15:00:00+00:00,36.820111583333336,37.0716
2025-11-02 16:00:00+00:00,35.197826666666664,34.287716
2025-11-02 17:00:00+00:00,34.390651416666664,33.208958
2025-11-02 18:00:00+00:00,33.77038408333333,33.495014
2025-11-02 19:00:00+00:00,35.13608516666667,36.396282
2025-11-02 20:00:00+00:00,38.402861333333334,41.91445
2025-11-02 21:00:00+00:00,55.305506,54.48285
2025-11-02 22:00:00+00:00,76.49531016666667,69.83035
2025-11-02 23:00:00+00:00,74.35946625,69.29423
2025-11-03 00:00:00+00:00,68.7328045,58.355637
2025-11-03 01:00:00+00:00,54.066848083333326,52.23841
2025-11-03 02:00:00+00:00,45.55890633333333,47.889393
2025-11-03 03:00:00+00:00,39.07278433333334,43.599216
2025-11-03 04:00:00+00:00,37.71901233333333,37.800068
2025-11-03 05:00:00+00:00,35.34164483333333,35.521507
2025-11-03 06:00:00+00:00,30.818971583333337,34.444057
2025-11-03 07:00:00+00:00,29.177405416666673,34.54823
2025-11-03 08:00:00+00:00,28.734415916666666,39.478836
2025-11-03 09:00:00+00:00,31.177348999999996,45.784016
2025-11-03 10:00:00+00:00,41.13563724999999,56.82329
2025-11-03 11:00:00+00:00,60.834746083333336,70.17287
2025-11-03 12:00:00+00:00,86.24344774999999,68.156654
2025-11-03 13:00:00+00:00,52.48223333333333,57.07445
2025-11-03 14:00:00+00:00,42.25765125,50.5042
2025-11-03 15:00:00+00:00,37.48243875,46.428032
2025-11-03 16:00:00+00:00,36.991642250000005,42.793026
2025-11-03 17:00:00+00:00,36.21904975,41.83432
2025-11-03 18:00:00+00:00,35.03726966666667,43.18138
2025-11-03 19:00:00+00:00,34.39205991666667,45.506676
2025-11-03 20:00:00+00:00,36.447251,50.808857
2025-11-03 21:00:00+00:00,50.95929966666668,67.03369
2025-11-03 22:00:00+00:00,86.05992825,85.815315
2025-11-03 23:00:00+00:00,83.83501791666667,83.87927
2025-11-04 00:00:00+00:00,70.53862325,66.49619
2025-11-04 01:00:00+00:00,58.38589558333334,54.780273
2025-11-04 02:00:00+00:00,48.33138791666667,47.991306
2025-11-04 03:00:00+00:00,44.832027000000004,42.35138
2025-11-04 04:00:00+00:00,39.280827583333334,41.975693
2025-11-04 05:00:00+00:00,37.827391999999996,39.70768
2025-11-04 06:00:00+00:00,35.71598241666667,36.78248
2025-11-04 07:00:00+00:00,35.293646083333336,34.81521
2025-11-04 08:00:00+00:00,36.92102191666667,39.195744
2025-11-04 09:00:00+00:00,39.69839841666666,45.805073
2025-11-04 10:00:00+00:00,45.94311291666667,60.464005
2025-11-04 11:00:00+00:00,83.6503095,84.32403
2025-11-04 12:00:00+00:00,79.88025675,89.107834
2025-11-04 13:00:00+00:00,41.02198983333333,70.415146
2025-11-04 14:00:00+00:00,34.56069433333333,56.777832
2025-11-04 15:00:00+00:00,35.59502258333333,51.57903
2025-11-04 16:00:00+00:00,31.400179416666663,47.65134
2025-11-04 17:00:00+00:00,29.9649365,45.974537
2025-11-04 18:00:00+00:00,28.419287666666662,46.026127
2025-11-04 19:00:00+00:00,28.7236715,47.54376
2025-11-04 20:00:00+00:00,34.999384,51.57857
2025-11-04 21:00:00+00:00,48.19250241666666,68.02387
2025-11-04 22:00:00+00:00,76.16892591666667,93.92843
2025-11-04 23:00:00+00:00,62.98297333333333,97.79915
2025-11-05 00:00:00+00:00,50.26941333333334,81.45474
2025-11-05 01:00:00+00:00,41.427504,70.65702
2025-11-05 02:00:00+00:00,37.60014683333333,62.2116
2025-11-05 03:00:00+00:00,36.697529333333335,54.914547
2025-11-05 04:00:00+00:00,32.779394,35.055798
2025-11-05 05:00:00+00:00,31.295677166666668,34.21856
2025-11-05 06:00:00+00:00,28.270506166666667,32.729885
2025-11-05 07:00:00+00:00,26.319653666666667,31.726097
2025-11-05 08:00:00+00:00,27.576392583333337,36.00318
2025-11-05 09:00:00+00:00,29.700804333333334,41.14483
2025-11-05 10:00:00+00:00,33.7841225,56.05312
2025-11-05 11:00:00+00:00,58.61347908333334,76.24408
2025-11-05 12:00:00+00:00,53.667958750000004,72.50481
2025-11-05 13:00:00+00:00,32.26633425,54.028145
2025-11-05 14:00:00+00:00,27.301728833333332,44.97729
2025-11-05 15:00:00+00:00,29.282070750000006,41.387913
2025-11-05 16:00:00+00:00,29.205102333333333,38.440228
2025-11-05 17:00:00+00:00,29.451641499999997,37.260902
2025-11-05 18:00:00+00:00,29.260796166666665,38.03505
2025-11-05 19:00:00+00:00,29.429348333333333,38.63782
2025-11-05 20:00:00+00:00,34.67634066666667,42.539413
2025-11-05 21:00:00+00:00,55.64125933333333,61.931015
2025-11-05 22:00:00+00:00,78.7982955,82.58217
2025-11-05 23:00:00+00:00,65.72467458333334,79.01663
2025-11-06 00:00:00+00:00,59.62626741666667,67.19597
2025-11-06 01:00:00+00:00,49.5528235,61.678997
2025-11-06 02:00:00+00:00,46.09589033333333,55.37534
2025-11-06 03:00:00+00:00,41.224647583333336,49.447933
2025-11-06 04:00:00+00:00,35.763008750000004,38.441326
2025-11-06 05:00:00+00:00,35.704385333333335,36.745644
2025-11-06 06:00:00+00:00,33.07011858333333,34.851555
2025-11-06 07:00:00+00:00,32.534732166666664,33.8412
2025-11-06 08:00:00+00:00,33.952318749999996,35.702614
2025-11-06 09:00:00+00:00,35.860526916666664,39.317535
2025-11-06 10:00:00+00:00,40.60515866666667,50.34162
2025-11-06 11:00:00+00:00,72.64150041666666,66.28407
2025-11-06 12:00:00+00:00,78.86240683333334,64.958664
2025-11-06 13:00:00+00:00,42.1885975,51.25452
2025-11-06 14:00:00+00:00,33.99536716666667,43.83866
2025-11-06 15:00:00+00:00,34.761218,40.246807
2025-11-06 16:00:00+00:00,34.05352025,37.3128
2025-11-06 17:00:00+00:00,32.969871166666664,35.24833
2025-11-06 18:00:00+00:00,32.571914166666666,34.131687
2025-11-06 19:00:00+00:00,31.696520166666673,33.059807
2025-11-06 20:00:00+00:00,36.68784708333333,34.7135
2025-11-06 21:00:00+00:00,55.76188391666667,50.420788
2025-11-06 22:00:00+00:00,78.62714133333334,67.49963
2025-11-06 23:00:00+00:00,71.296397,63.93686
2025-11-07 00:00:00+00:00,63.26992208333333,54.484303
2025-11-07 01:00:00+00:00,56.65450933333333,50.47916
2025-11-07 02:00:00+00:00,50.61212750000001,44.617886
2025-11-07 03:00:00+00:00,44.62116333333333,39.31289
2025-11-07 04:00:00+00:00,37.66192183333333,40.92731
2025-11-07 05:00:00+00:00,35.61057975,38.78609
2025-11-07 06:00:00+00:00,32.32835025,37.041046
2025-11-07 07:00:00+00:00,29.734842583333332,35.848606
2025-11-07 08:00:00+00:00,30.34068775,35.862267
2025-11-07 09:00:00+00:00,33.28365375,37.104195
2025-11-07 10:00:00+00:00,38.108939916666664,46.621452
2025-11-07 11:00:00+00:00,65.78065766666667,66.32173
2025-11-07 12:00:00+00:00,67.39280766666667,66.754974
2025-11-07 13:00:00+00:00,40.998847166666664,50.619682
2025-11-07 14:00:00+00:00,38.746330416666666,40.796844
2025-11-07 15:00:00+00:00,39.45610925,37.038776
2025-11-07 16:00:00+00:00,37.9627425,34.24438
2025-11-07 17:00:00+00:00,38.08364875,32.198364
2025-11-07 18:00:00+00:00,38.1121555,31.144043
2025-11-07 19:00:00+00:00,37.82318333333333,30.670311
2025-11-07 20:00:00+00:00,37.669397,32.251698
2025-11-07 21:00:00+00:00,50.86135108333334,44.54361
2025-11-07 22:00:00+00:00,68.87171675,60.767044
2025-11-07 23:00:00+00:00,55.412796250000014,59.765915
2025-11-08 00:00:00+00:00,47.01016575,52.090874
2025-11-08 01:00:00+00:00,44.753729,48.120026
2025-11-08 02:00:00+00:00,45.17424625,44.093033
2025-11-08 03:00:00+00:00,39.07764675,39.97123
2025-11-08 04:00:00+00:00,37.00978108333333,34.469757
2025-11-08 05:00:00+00:00,48.64972408333334,32.73195
2025-11-08 06:00:00+00:00,43.997920666666666,30.781796
2025-11-08 07:00:00+00:00,39.80847658333333,29.18385
2025-11-08 08:00:00+00:00,40.08164775,29.522898
2025-11-08 09:00:00+00:00,40.73466741666667,31.27953
2025-11-08 10:00:00+00:00,44.50739475000001,37.531406
2025-11-08 11:00:00+00:00,53.23230558333333,49.797897
2025-11-08 12:00:00+00:00,57.280360916666666,51.395123
2025-11-08 13:00:00+00:00,44.6845925,41.836037
2025-11-08 14:00:00+00:00,42.49011816666667,36.46787
2025-11-08 15:00:00+00:00,41.51425125000001,33.716515
2025-11-08 16:00:00+00:00,39.07783491666667,30.5985
2025-11-08 17:00:00+00:00,38.73448583333333,28.44917
2025-11-08 18:00:00+00:00,38.04233191666667,27.668812
2025-11-08 19:00:00+00:00,39.01875475,28.546606
2025-11-08 20:00:00+00:00,44.24263058333333,32.01159
2025-11-08 21:00:00+00:00,65.948764,45.986073
2025-11-08 22:00:00+00:00,81.43538108333333,60.694286
2025-11-08 23:00:00+00:00,72.37109758333334,56.22637
2025-11-09 00:00:00+00:00,62.94897841666667,48.536167
2025-11-09 01:00:00+00:00,59.29932825,47.939827
2025-11-09 02:00:00+00:00,53.985229583333336,43.998463
2025-11-09 03:00:00+00:00,45.86182358333333,38.836864
2025-11-09 04:00:00+00:00,42.00810808333333,42.890984
2025-11-09 05:00:00+00:00,36.760749249999996,41.219837
2025-11-09 06:00:00+00:00,32.386831666666666,39.164673
2025-11-09 07:00:00+00:00,29.336634,37.12609
2025-11-09 08:00:00+00:00,28.267979916666665,37.111603
2025-11-09 09:00:00+00:00,28.48347691666666,37.21778
2025-11-09 10:00:00+00:00,29.700004000000003,41.91225
2025-11-09 11:00:00+00:00,34.241158416666664,56.715515
2025-11-09 12:00:00+00:00,37.96335775,59.517242
2025-11-09 13:00:00+00:00,38.597374,47.99058
2025-11-09 14:00:00+00:00,39.10680466666667,42.32889
2025-11-09 15:00:00+00:00,37.38606633333333,40.38274
2025-11-09 16:00:00+00:00,38.5641265,37.48509
2025-11-09 17:00:00+00:00,39.14051008333333,35.595627
2025-11-09 18:00:00+00:00,37.4071225,35.131065
2025-11-09 19:00:00+00:00,37.09995983333334,35.62825
2025-11-09 20:00:00+00:00,40.021082416666665,39.16568
2025-11-09 21:00:00+00:00,50.741321166666665,55.53418
2025-11-09 22:00:00+00:00,68.14585433333333,74.71097
2025-11-09 23:00:00+00:00,63.59789866666667,70.63812
2025-11-10 00:00:00+00:00,58.38742241666666,59.51706
2025-11-10 01:00:00+00:00,55.621802083333336,56.096012
2025-11-10 02:00:00+00:00,48.77435616666667,50.70959
2025-11-10 03:00:00+00:00,42.98964683333333,44.299953
2025-11-10 04:00:00+00:00,38.64703633333333,38.273994
2025-11-10 05:00:00+00:00,35.70885916666666,36.565845
2025-11-10 06:00:00+00:00,33.089539083333335,34.934883
2025-11-10 07:00:00+00:00,30.902374166666664,32.982677
2025-11-10 08:00:00+00:00,33.155568083333335,34.328484
2025-11-10 09:00:00+00:00,38.13251075,35.749615
2025-11-10 10:00:00+00:00,43.99776591666667,43.758507
2025-11-10 11:00:00+00:00,66.01408483333334,61.357445
2025-11-10 12:00:00+00:00,77.72532983333333,66.00867
2025-11-10 13:00:00+00:00,62.87436883333333,57.09218
2025-11-10 14:00:00+00:00,55.189440749999996,51.936443
2025-11-10 15:00:00+00:00,54.96951008333334,49.8443
2025-11-10 16:00:00+00:00,51.028268499999996,46.54382
2025-11-10 17:00:00+00:00,53.775453666666664,43.72124
2025-11-10 18:00:00+00:00,50.20735549999999,42.092903
2025-11-10 19:00:00+00:00,46.30938975,40.372864
2025-11-10 20:00:00+00:00,50.23358433333333,42.40809
2025-11-10 21:00:00+00:00,69.84082191666667,58.659855
2025-11-10 22:00:00+00:00,116.05912533333331,78.84837
2025-11-10 23:00:00+00:00,112.88867333333333,76.26854
2025-11-11 00:00:00+00:00,104.33775958333332,66.73714
2025-11-11 01:00:00+00:00,84.4844675,62.72912
2025-11-11 02:00:00+00:00,67.41283583333333,55.729862
2025-11-11 03:00:00+00:00,62.88765708333333,47.737328
2025-11-11 04:00:00+00:00,59.36816124999999,55.604954
2025-11-11 05:00:00+00:00,54.81309458333334,51.489193
2025-11-11 06:00:00+00:00,50.0556905,48.276962
2025-11-11 07:00:00+00:00,45.49223791666666,45.49856
2025-11-11 08:00:00+00:00,45.36314991666667,46.233624
2025-11-11 09:00:00+00:00,52.273250999999995,50.51925
2025-11-11 10:00:00+00:00,66.41726275,61.67924
2025-11-11 11:00:00+00:00,123.51043491666667,83.063255
2025-11-11 12:00:00+00:00,142.09475858333334,90.01615
2025-11-11 13:00:00+00:00,69.983198,74.14666
2025-11-11 14:00:00+00:00,56.38070325,60.2697
2025-11-11 15:00:00+00:00,53.9266595,53.52685
2025-11-11 16:00:00+00:00,47.69474508333334,47.714386
2025-11-11 17:00:00+00:00,41.582194666666666,44.155266
2025-11-11 18:00:00+00:00,41.373709166666664,42.267002
2025-11-11 19:00:00+00:00,40.339469,40.808273
2025-11-11 20:00:00+00:00,50.36083899999999,41.33341
2025-11-11 21:00:00+00:00,74.51180883333333,56.871418
2025-11-11 22:00:00+00:00,110.00043941666667,87.84721
2025-11-11 23:00:00+00:00,99.62882866666668,94.50002
2025-11-12 00:00:00+00:00,86.82842749999999,78.73773
2025-11-12 01:00:00+00:00,78.08417633333333,69.07547
2025-11-12 02:00:00+00:00,66.51227408333334,62.27493
2025-11-12 03:00:00+00:00,58.15485433333333,54.783234
2025-11-12 04:00:00+00:00,54.917946,52.708023
2025-11-12 05:00:00+00:00,45.88871641666666,49.853973
2025-11-12 06:00:00+00:00,38.60725766666667,45.468754
2025-11-12 07:00:00+00:00,37.08256433333333,41.771683
2025-11-12 08:00:00+00:00,36.607193083333335,41.502426
2025-11-12 09:00:00+00:00,39.436135416666666,44.646885
2025-11-12 10:00:00+00:00,45.70176291666667,61.337646
2025-11-12 11:00:00+00:00,84.20363241666666,90.942245
2025-11-12 12:00:00+00:00,91.93074758333334,89.44652
2025-11-12 13:00:00+00:00,47.308469583333334,63.60924
2025-11-12 14:00:00+00:00,38.16887608333334,48.470577
2025-11-12 15:00:00+00:00,37.88596916666667,42.91448
2025-11-12 16:00:00+00:00,33.456775416666666,38.40464
2025-11-12 17:00:00+00:00,32.4518835,35.293915
2025-11-12 18:00:00+00:00,30.81725708333333,33.81266
2025-11-12 19:00:00+00:00,29.690974083333334,33.720413
2025-11-12 20:00:00+00:00,33.6869965,37.37388
2025-11-12 21:00:00+00:00,53.6693845,56.59049
2025-11-12 22:00:00+00:00,80.34946916666667,78.65122
2025-11-12 23:00:00+00:00,64.56607916666667,75.48861
2025-11-13 00:00:00+00:00,54.24408283333332,66.17638
2025-11-13 01:00:00+00:00,47.763365,62.52765
2025-11-13 02:00:00+00:00,44.673307083333334,55.82993
2025-11-13 03:00:00+00:00,41.22543816666668,48.850784
2025-11-13 04:00:00+00:00,41.22738208333333,38.807243
2025-11-13 05:00:00+00:00,37.897218083333335,37.06019
2025-11-13 06:00:00+00:00,35.0427805,34.916122
2025-11-13 07:00:00+00:00,34.67398825,32.930542
2025-11-13 08:00:00+00:00,35.87670791666667,34.644905
2025-11-13 09:00:00+00:00,37.081342916666664,37.801704
2025-11-13 10:00:00+00:00,42.74916250000001,49.061905
2025-11-13 11:00:00+00:00,67.76816366666667,69.33066
2025-11-13 12:00:00+00:00,80.41868191666667,70.897606
2025-11-13 13:00:00+00:00,45.81134883333333,55.696144
2025-11-13 14:00:00+00:00,37.179369,47.889256
2025-11-13 15:00:00+00:00,42.06103916666667,43.92376
2025-11-13 16:00:00+00:00,39.83717733333334,40.271103
2025-11-13 17:00:00+00:00,36.366051,38.090904
2025-11-13 18:00:00+00:00,34.24315225,36.46863
2025-11-13 19:00:00+00:00,33.39111391666667,35.547108
2025-11-13 20:00:00+00:00,39.62118183333333,38.321304
2025-11-13 21:00:00+00:00,59.63829883333333,55.979633
2025-11-13 22:00:00+00:00,77.66051508333334,75.81366
2025-11-13 23:00:00+00:00,69.87179716666667,70.8766
2025-11-14 00:00:00+00:00,64.50780341666666,60.41294
2025-11-14 01:00:00+00:00,55.8261745,57.247154
2025-11-14 02:00:00+00:00,50.57631583333333,51.04767
2025-11-14 03:00:00+00:00,44.947230166666664,44.066986
2025-11-14 04:00:00+00:00,42.04345858333333,41.844025
2025-11-14 05:00:00+00:00,38.9990465,40.357647
2025-11-14 06:00:00+00:00,38.152247583333335,38.788033
2025-11-14 07:00:00+00:00,35.011946333333334,37.548428
2025-11-14 08:00:00+00:00,35.36618925,38.330524
2025-11-14 09:00:00+00:00,40.09878283333333,40.081036
2025-11-14 10:00:00+00:00,47.679365499999996,48.035263
2025-11-14 11:00:00+00:00,76.79681983333333,64.67261
2025-11-14 12:00:00+00:00,89.12830225,66.80053
2025-11-14 13:00:00+00:00,47.54618316666667,54.149178
2025-11-14 14:00:00+00:00,39.76546175,46.7298
2025-11-14 15:00:00+00:00,41.518799666666666,43.181263
2025-11-14 16:00:00+00:00,42.08846341666666,39.34857
2025-11-14 17:00:00+00:00,40.209793166666664,36.0398
2025-11-14 18:00:00+00:00,37.22002083333333,34.035698
2025-11-14 19:00:00+00:00,38.110964,33.003777
2025-11-14 20:00:00+00:00,46.40201425,34.770542
2025-11-14 21:00:00+00:00,63.43567783333332,48.955452
2025-11-14 22:00:00+00:00,76.49242641666667,66.35042
2025-11-14 23:00:00+00:00,58.68685416666667,62.227592
2025-11-15 00:00:00+00:00,50.961871333333335,52.723885
2025-11-15 01:00:00+00:00,51.53122583333334,50.77328
2025-11-15 02:00:00+00:00,46.11873,46.693542
2025-11-15 03:00:00+00:00,39.56736625,41.390045
2025-11-15 04:00:00+00:00,38.54617116666667,35.220108
2025-11-15 05:00:00+00:00,29.647518999999996,33.490456
2025-11-15 06:00:00+00:00,25.279336583333333,31.158163
2025-11-15 07:00:00+00:00,22.889722250000002,29.345734
2025-11-15 08:00:00+00:00,21.642235,29.267061
2025-11-15 09:00:00+00:00,23.147390333333334,30.319023
2025-11-15 10:00:00+00:00,23.969036333333335,35.06241
2025-11-15 11:00:00+00:00,28.12706516666667,46.125572
2025-11-15 12:00:00+00:00,30.815648749999998,47.911964
2025-11-15 13:00:00+00:00,26.85560325,38.70233
2025-11-15 14:00:00+00:00,25.084696583333336,33.55951
2025-11-15 15:00:00+00:00,26.174764999999997,30.993109
2025-11-15 16:00:00+00:00,26.937101333333334,28.061502
2025-11-15 17:00:00+00:00,26.081982833333335,25.607233
2025-11-15 18:00:00+00:00,25.304019583333332,24.309652
2025-11-15 19:00:00+00:00,25.594345416666666,24.874924
2025-11-15 20:00:00+00:00,27.250961833333335,28.303532
2025-11-15 21:00:00+00:00,32.92419758333333,40.622513
2025-11-15 22:00:00+00:00,39.591773249999996,52.113544
2025-11-15 23:00:00+00:00,33.47947191666667,46.56627
2025-11-16 00:00:00+00:00,31.383048416666668,38.916145
2025-11-16 01:00:00+00:00,30.314688,39.471146
2025-11-16 02:00:00+00:00,27.746193833333333,36.86444
2025-11-16 03:00:00+00:00,26.413087916666665,32.322945
2025-11-16 04:00:00+00:00,24.361998999999997,24.437857
2025-11-16 05:00:00+00:00,25.64225325,23.140839
2025-11-16 06:00:00+00:00,25.951542500000002,21.557016
2025-11-16 07:00:00+00:00,24.157902333333336,19.80913
2025-11-16 08:00:00+00:00,24.01396325,19.140652
2025-11-16 09:00:00+00:00,24.686124500000002,19.31049
2025-11-16 10:00:00+00:00,26.639749333333334,21.520864
2025-11-16 11:00:00+00:00,29.40862175,26.4383
2025-11-16 12:00:00+00:00,32.100192666666665,28.965233
2025-11-16 13:00:00+00:00,26.192299833333337,28.683643
2025-11-16 14:00:00+00:00,25.707745833333334,29.333138
2025-11-16 15:00:00+00:00,25.074817,30.582254
2025-11-16 16:00:00+00:00,25.024318583333333,30.49091
2025-11-16 17:00:00+00:00,24.800188250000005,29.75645
2025-11-16 18:00:00+00:00,24.200446166666666,29.067554
2025-11-16 19:00:00+00:00,25.087808083333332,29.081503
2025-11-16 20:00:00+00:00,27.434459750000002,32.05972
2025-11-16 21:00:00+00:00,41.33329908333334,41.412422
2025-11-16 22:00:00+00:00,56.44850458333334,50.51072
2025-11-16 23:00:00+00:00,59.22519533333334,49.082928
2025-11-17 00:00:00+00:00,52.4354825,45.272324
2025-11-17 01:00:00+00:00,48.819450749999994,43.58675
2025-11-17 02:00:00+00:00,44.16228908333332,38.19959
2025-11-17 03:00:00+00:00,43.08010525,32.218452
2025-11-17 04:00:00+00:00,38.311563416666665,40.78639
2025-11-17 05:00:00+00:00,36.463723916666666,38.189373
2025-11-17 06:00:00+00:00,35.09895025,36.953033
2025-11-17 07:00:00+00:00,34.85228583333333,36.543472
2025-11-17 08:00:00+00:00,37.03239083333333,39.661766
2025-11-17 09:00:00+00:00,39.06376125,41.450047
2025-11-17 10:00:00+00:00,48.951590333333336,48.77982
2025-11-17 11:00:00+00:00,83.46328291666666,67.13051
2025-11-17 12:00:00+00:00,76.81091825,70.30169
2025-11-17 13:00:00+00:00,38.565793500000005,56.665165
2025-11-17 14:00:00+00:00,33.108741916666666,48.75913
2025-11-17 15:00:00+00:00,34.2357995,46.21578
2025-11-17 16:00:00+00:00,34.4100475,43.338062
2025-11-17 17:00:00+00:00,32.202568750000005,40.88061
2025-11-17 18:00:00+00:00,29.691869250000003,39.480827
2025-11-17 19:00:00+00:00,29.49271908333333,38.020123
2025-11-17 20:00:00+00:00,34.2787435,40.39114
2025-11-17 21:00:00+00:00,50.36239941666667,58.697216
2025-11-17 22:00:00+00:00,77.24136675,83.09856
2025-11-17 23:00:00+00:00,67.69761633333333,82.4057
2025-11-18 00:00:00+00:00,60.657307083333336,70.27903
2025-11-18 01:00:00+00:00,53.15433775,65.42977
2025-11-18 02:00:00+00:00,48.795957416666674,57.505894
2025-11-18 03:00:00+00:00,46.03456125,48.28146
2025-11-18 04:00:00+00:00,41.772671083333336,40.932766
2025-11-18 05:00:00+00:00,50.087623416666666,38.854465
2025-11-18 06:00:00+00:00,47.89929325,36.017353
2025-11-18 07:00:00+00:00,44.13686116666667,34.094612
2025-11-18 08:00:00+00:00,42.91891041666668,34.324936
2025-11-18 09:00:00+00:00,45.65800575,36.040287
2025-11-18 10:00:00+00:00,54.72111025,46.304417
2025-11-18 11:00:00+00:00,100.73742016666667,63.018333
2025-11-18 12:00:00+00:00,106.33700633333335,59.226143
2025-11-18 13:00:00+00:00,60.15990358333334,44.089924
2025-11-18 14:00:00+00:00,56.340449666666665,35.99079
2025-11-18 15:00:00+00:00,56.276904,32.064945
2025-11-18 16:00:00+00:00,54.73043941666666,28.493248
2025-11-18 17:00:00+00:00,55.548126833333335,25.70294
2025-11-18 18:00:00+00:00,56.73646866666666,24.289503
2025-11-18 19:00:00+00:00,55.35145283333333,24.121529
2025-11-18 20:00:00+00:00,58.463581166666664,27.762348
2025-11-18 21:00:00+00:00,75.59980175,42.631012
2025-11-18 22:00:00+00:00,97.73487225000001,55.791317
2025-11-18 23:00:00+00:00,85.34086333333332,49.96068
2025-11-19 00:00:00+00:00,74.60173933333333,42.562424
2025-11-19 01:00:00+00:00,69.80077391666667,42.670128
2025-11-19 02:00:00+00:00,62.41350158333334,40.548603
2025-11-19 03:00:00+00:00,55.49133225,36.546215
2025-11-19 04:00:00+00:00,53.30626858333333,52.74499
2025-11-19 05:00:00+00:00,51.260696249999995,50.86802
2025-11-19 06:00:00+00:00,48.47587550000001,48.249855
2025-11-19 07:00:00+00:00,41.13672291666666,47.104572
2025-11-19 08:00:00+00:00,40.358607666666664,48.38884
2025-11-19 09:00:00+00:00,42.43367266666666,51.380787
2025-11-19 10:00:00+00:00,48.86950450000001,64.87385
2025-11-19 11:00:00+00:00,84.96275874999998,87.60127
2025-11-19 12:00:00+00:00,90.70508375000001,84.40988
2025-11-19 13:00:00+00:00,67.5207985,65.07908
2025-11-19 14:00:00+00:00,58.24380391666668,54.360115
2025-11-19 15:00:00+00:00,55.93639858333333,49.43163
2025-11-19 16:00:00+00:00,52.394071000000004,45.095356
2025-11-19 17:00:00+00:00,47.57759225,41.69087
2025-11-19 18:00:00+00:00,48.29133775,39.792526
2025-11-19 19:00:00+00:00,47.85875866666667,39.641113
2025-11-19 20:00:00+00:00,51.13347100000001,44.00476
2025-11-19 21:00:00+00:00,67.39467891666668,60.60209
2025-11-19 22:00:00+00:00,90.01784408333333,74.44532
2025-11-19 23:00:00+00:00,80.85297725,66.835335
2025-11-20 00:00:00+00:00,70.55477183333333,58.539246
2025-11-20 01:00:00+00:00,65.36614250000001,55.84468
2025-11-20 02:00:00+00:00,57.6914185,50.91345
2025-11-20 03:00:00+00:00,51.49904066666667,45.763596
2025-11-20 04:00:00+00:00,50.12945083333333,48.76673
2025-11-20 05:00:00+00:00,55.16028908333333,47.091057
2025-11-20 06:00:00+00:00,48.13470375,44.864613
2025-11-20 07:00:00+00:00,42.66148425,42.981785
2025-11-20 08:00:00+00:00,42.007804416666666,42.89147
2025-11-20 09:00:00+00:00,42.745530083333335,44.356594
2025-11-20 10:00:00+00:00,49.81007133333333,54.945618
2025-11-20 11:00:00+00:00,87.09702708333333,77.11507
2025-11-20 12:00:00+00:00,109.12612766666666,77.505325
2025-11-20 13:00:00+00:00,76.41047516666667,60.409935
2025-11-20 14:00:00+00:00,72.6302895,51.864845
2025-11-20 15:00:00+00:00,68.29589166666666,48.43808
2025-11-20 16:00:00+00:00,59.17842625,43.98007
2025-11-20 17:00:00+00:00,56.81330283333333,41.058598
2025-11-20 18:00:00+00:00,55.796911333333334,39.528736
2025-11-20 19:00:00+00:00,55.6048655,38.64895
2025-11-20 20:00:00+00:00,58.692489333333334,40.597042
2025-11-20 21:00:00+00:00,66.95401833333334,54.98755
2025-11-20 22:00:00+00:00,82.25043674999999,70.41488
2025-11-20 23:00:00+00:00,70.72457858333333,65.44511
2025-11-21 00:00:00+00:00,61.08698808333333,58.47383
2025-11-21 01:00:00+00:00,59.375010583333335,57.315876
2025-11-21 02:00:00+00:00,56.22157233333333,51.785152
2025-11-21 03:00:00+00:00,52.510608749999996,45.044727
2025-11-21 04:00:00+00:00,45.419132499999996,47.689503
2025-11-21 05:00:00+00:00,44.10008758333334,46.07801
2025-11-21 06:00:00+00:00,39.48932225,42.93031
2025-11-21 07:00:00+00:00,35.32011275,40.50982
2025-11-21 08:00:00+00:00,34.16549091666666,39.39432
2025-11-21 09:00:00+00:00,36.22369891666667,39.9936
2025-11-21 10:00:00+00:00,40.22693,44.389538
2025-11-21 11:00:00+00:00,59.7424615,57.76873
2025-11-21 12:00:00+00:00,70.83990874999999,64.341324
2025-11-21 13:00:00+00:00,72.17722991666666,56.70074
2025-11-21 14:00:00+00:00,73.44741416666666,50.663654
2025-11-21 15:00:00+00:00,72.91351391666667,47.520226
2025-11-21 16:00:00+00:00,66.817351,43.375977
2025-11-21 17:00:00+00:00,63.89271708333333,40.05154
2025-11-21 18:00:00+00:00,58.777436416666674,37.828384
2025-11-21 19:00:00+00:00,57.17353483333333,36.983875
2025-11-21 20:00:00+00:00,53.06542708333333,38.202705
2025-11-21 21:00:00+00:00,56.852504083333336,45.30757
2025-11-21 22:00:00+00:00,64.86873091666666,54.372894
2025-11-21 23:00:00+00:00,56.63450508333333,50.966427
2025-11-22 00:00:00+00:00,50.91333791666667,45.176533
2025-11-22 01:00:00+00:00,50.365570166666664,46.08829
2025-11-22 02:00:00+00:00,45.18507283333333,44.601994
2025-11-22 03:00:00+00:00,43.08297425,40.98973
2025-11-22 04:00:00+00:00,36.33016025,39.51117
2025-11-22 05:00:00+00:00,38.56344091666667,36.829376
2025-11-22 06:00:00+00:00,35.85122975,34.953056
2025-11-22 07:00:00+00:00,31.701537083333335,33.227222
2025-11-22 08:00:00+00:00,30.964444083333333,32.27761
2025-11-22 09:00:00+00:00,31.09203466666667,32.70765
2025-11-22 10:00:00+00:00,31.78081425,34.18727
2025-11-22 11:00:00+00:00,34.960831750000004,39.473335
2025-11-22 12:00:00+00:00,37.3810565,45.815037
2025-11-22 13:00:00+00:00,42.232390333333335,46.356102
2025-11-22 14:00:00+00:00,43.4674935,46.284267
2025-11-22 15:00:00+00:00,41.91953766666666,46.759605
2025-11-22 16:00:00+00:00,38.389551,44.973244
2025-11-22 17:00:00+00:00,36.46658675,42.799526
2025-11-22 18:00:00+00:00,32.962211833333335,41.488846
2025-11-22 19:00:00+00:00,32.378739583333335,41.60904
2025-11-22 20:00:00+00:00,35.354893499999996,42.66336
2025-11-22 21:00:00+00:00,46.55398675000001,47.82564
2025-11-22 22:00:00+00:00,55.58122825000001,55.588818
2025-11-22 23:00:00+00:00,48.06840541666667,55.902615
2025-11-23 00:00:00+00:00,45.204951,52.58863
2025-11-23 01:00:00+00:00,44.150191333333325,52.536808
2025-11-23 02:00:00+00:00,40.536758,49.57116
2025-11-23 03:00:00+00:00,36.926869333333336,43.987503
2025-11-23 04:00:00+00:00,34.159834249999996,35.126312
2025-11-23 05:00:00+00:00,29.4487835,33.238754
2025-11-23 06:00:00+00:00,27.075507416666667,32.373543
2025-11-23 07:00:00+00:00,26.22084433333333,31.274487
2025-11-23 08:00:00+00:00,27.11042833333333,30.472515
2025-11-23 09:00:00+00:00,28.070595333333333,30.946232
2025-11-23 10:00:00+00:00,29.85990008333333,32.74608
2025-11-23 11:00:00+00:00,34.56535233333333,35.89462
2025-11-23 12:00:00+00:00,38.984575666666665,37.77514
2025-11-23 13:00:00+00:00,33.28226083333333,37.26313
2025-11-23 14:00:00+00:00,28.76343866666667,36.907394
2025-11-23 15:00:00+00:00,28.95584633333333,36.49082
2025-11-23 16:00:00+00:00,30.66570283333333,34.872204
2025-11-23 17:00:00+00:00,29.480235583333336,32.9229
2025-11-23 18:00:00+00:00,27.792518166666667,32.213905
2025-11-23 19:00:00+00:00,27.70383358333334,32.9705
2025-11-23 20:00:00+00:00,30.523506499999996,35.384037
2025-11-23 21:00:00+00:00,42.187704999999994,43.713264
2025-11-23 22:00:00+00:00,58.325839916666666,55.551113
2025-11-23 23:00:00+00:00,48.55570125,57.849983
2025-11-24 00:00:00+00:00,46.79303491666668,54.71778
2025-11-24 01:00:00+00:00,46.42086841666667,52.72701
2025-11-24 02:00:00+00:00,42.39841966666666,47.82272
2025-11-24 03:00:00+00:00,38.15437175,41.562256
2025-11-24 04:00:00+00:00,34.507045,35.972668
2025-11-24 05:00:00+00:00,32.82278075,34.775
2025-11-24 06:00:00+00:00,32.16023783333333,34.093796
2025-11-24 07:00:00+00:00,30.928866000000003,33.697056
2025-11-24 08:00:00+00:00,30.403706583333328,37.011135
2025-11-24 09:00:00+00:00,29.764405999999997,41.630905
2025-11-24 10:00:00+00:00,38.870827999999996,54.734154
2025-11-24 11:00:00+00:00,61.88405850000001,74.23709
2025-11-24 12:00:00+00:00,80.2934005,75.46481
2025-11-24 13:00:00+00:00,42.71332075,65.6648
2025-11-24 14:00:00+00:00,35.23008025,60.099617
2025-11-24 15:00:00+00:00,35.34720575,56.6899
2025-11-24 16:00:00+00:00,35.11323225,52.471706
2025-11-24 17:00:00+00:00,34.85747,48.97246
2025-11-24 18:00:00+00:00,35.00489541666666,47.138252
2025-11-24 19:00:00+00:00,36.1344585,45.847633
2025-11-24 20:00:00+00:00,37.80351016666667,49.562767
2025-11-24 21:00:00+00:00,47.23410775,65.582466
2025-11-24 22:00:00+00:00,61.60906799999999,79.24852
2025-11-24 23:00:00+00:00,56.65520791666666,74.294815
2025-11-25 00:00:00+00:00,46.985899333333336,67.406815
2025-11-25 01:00:00+00:00,46.23935924999999,63.31999
2025-11-25 02:00:00+00:00,42.372015833333336,54.913628
2025-11-25 03:00:00+00:00,39.32400991666667,46.40658
2025-11-25 04:00:00+00:00,38.5266485,36.73709
2025-11-25 05:00:00+00:00,34.68423833333333,35.186363
2025-11-25 06:00:00+00:00,32.71902958333333,33.56116
2025-11-25 07:00:00+00:00,31.71643233333333,32.135162
2025-11-25 08:00:00+00:00,32.179470333333335,33.4825
2025-11-25 09:00:00+00:00,33.3502045,35.640633
2025-11-25 10:00:00+00:00,35.54137075,43.67298
2025-11-25 11:00:00+00:00,46.218971833333335,59.462006
2025-11-25 12:00:00+00:00,47.15336949999999,62.348946
2025-11-25 13:00:00+00:00,49.1305525,51.585842
2025-11-25 14:00:00+00:00,48.30080908333333,45.291687
2025-11-25 15:00:00+00:00,49.528272249999986,42.203022
2025-11-25 16:00:00+00:00,48.17877166666666,39.320705
2025-11-25 17:00:00+00:00,46.65975258333333,37.236073
2025-11-25 18:00:00+00:00,45.34948216666667,35.944736
2025-11-25 19:00:00+00:00,40.875502583333336,36.26192
2025-11-25 20:00:00+00:00,40.772217000000005,38.99763
2025-11-25 21:00:00+00:00,45.78495125,49.046333
2025-11-25 22:00:00+00:00,49.839256166666665,59.795876
2025-11-25 23:00:00+00:00,43.19781866666668,55.90239
2025-11-26 00:00:00+00:00,40.50311008333333,48.64381
2025-11-26 01:00:00+00:00,38.00987883333333,46.759644
2025-11-26 02:00:00+00:00,35.49263466666667,42.988174
2025-11-26 03:00:00+00:00,30.551190083333335,38.679394
2025-11-26 04:00:00+00:00,27.224496333333335,28.556255
2025-11-26 05:00:00+00:00,24.84667908333333,27.90624
2025-11-26 06:00:00+00:00,23.642803,27.283281
2025-11-26 07:00:00+00:00,22.486421333333336,26.29908
2025-11-26 08:00:00+00:00,22.182677583333334,26.602385
2025-11-26 09:00:00+00:00,22.634677333333332,27.121048
2025-11-26 10:00:00+00:00,23.768088249999998,31.415928
2025-11-26 11:00:00+00:00,30.616232999999998,40.574474
2025-11-26 12:00:00+00:00,34.10794391666666,44.1137
2025-11-26 13:00:00+00:00,32.750769166666664,42.743988
2025-11-26 14:00:00+00:00,31.168139999999998,43.990494
2025-11-26 15:00:00+00:00,31.911229666666667,45.323997
2025-11-26 16:00:00+00:00,31.360245416666668,44.909317
2025-11-26 17:00:00+00:00,30.12065675,44.27641
2025-11-26 18:00:00+00:00,30.147534,43.610695
2025-11-26 19:00:00+00:00,28.503287583333332,43.006397
2025-11-26 20:00:00+00:00,30.012192166666665,44.061333
2025-11-26 21:00:00+00:00,35.51204741666667,50.289154
2025-11-26 22:00:00+00:00,40.178525666666665,55.980263
2025-11-26 23:00:00+00:00,37.96370241666667,51.992157
2025-11-27 00:00:00+00:00,35.964274583333335,47.001976
2025-11-27 01:00:00+00:00,35.36964916666667,45.180817
2025-11-27 02:00:00+00:00,31.654244833333337,41.271664
2025-11-27 03:00:00+00:00,29.812210583333336,37.143982
2025-11-27 04:00:00+00:00,29.361720666666667,26.870502
2025-11-27 05:00:00+00:00,27.414595,26.523336
2025-11-27 06:00:00+00:00,26.624473,24.943106
2025-11-27 07:00:00+00:00,26.300332166666664,23.141066
2025-11-27 08:00:00+00:00,25.696834083333332,22.17588
2025-11-27 09:00:00+00:00,26.179342750000004,22.277134
2025-11-27 10:00:00+00:00,26.582169750000002,24.629246
2025-11-27 11:00:00+00:00,29.426871666666667,29.554852
2025-11-27 12:00:00+00:00,33.735038833333334,32.472733
2025-11-27 13:00:00+00:00,29.1880115,32.273907
2025-11-27 14:00:00+00:00,28.93241925,32.038242
2025-11-27 15:00:00+00:00,29.360301833333335,32.0306
2025-11-27 16:00:00+00:00,29.60197525,31.541584
2025-11-27 17:00:00+00:00,28.64419366666667,30.313793
2025-11-27 18:00:00+00:00,27.92806566666667,29.015327
2025-11-27 19:00:00+00:00,27.69823741666667,28.692623
2025-11-27 20:00:00+00:00,28.695415999999998,29.95321
2025-11-27 21:00:00+00:00,37.24770066666667,34.198597
2025-11-27 22:00:00+00:00,43.06654633333333,38.557007
2025-11-27 23:00:00+00:00,44.153509500000006,38.454853
2025-11-28 00:00:00+00:00,43.35538150000001,36.944
2025-11-28 01:00:00+00:00,41.72725391666667,36.525246
2025-11-28 02:00:00+00:00,40.965877166666665,34.645805
2025-11-28 03:00:00+00:00,39.932966,33.009407
2025-11-28 04:00:00+00:00,35.844664333333334,37.509605
2025-11-28 05:00:00+00:00,33.95019333333334,36.301846
2025-11-28 06:00:00+00:00,33.60419783333333,35.063984
2025-11-28 07:00:00+00:00,33.05519183333333,34.401108
2025-11-28 08:00:00+00:00,33.81064733333333,35.28109
2025-11-28 09:00:00+00:00,35.27648516666667,36.455486
2025-11-28 10:00:00+00:00,38.18458758333333,38.96334
2025-11-28 11:00:00+00:00,42.52584641666667,45.357807
2025-11-28 12:00:00+00:00,55.29161341666668,48.883762
2025-11-28 13:00:00+00:00,39.6463825,45.860504
2025-11-28 14:00:00+00:00,34.89863941666667,43.15467
2025-11-28 15:00:00+00:00,36.33601183333334,41.678585
2025-11-28 16:00:00+00:00,36.92001533333333,40.296566
2025-11-28 17:00:00+00:00,35.30374725,39.07713
2025-11-28 18:00:00+00:00,35.321512750000004,37.94411
2025-11-28 19:00:00+00:00,33.24348258333333,37.202385
2025-11-28 20:00:00+00:00,37.116331583333334,38.9902
2025-11-28 21:00:00+00:00,51.05912824999999,45.325294
2025-11-28 22:00:00+00:00,64.47652975,52.288216
2025-11-28 23:00:00+00:00,62.85994266666666,50.732437
2025-11-29 00:00:00+00:00,62.90170891666667,46.879772
2025-11-29 01:00:00+00:00,61.330915250000004,45.859
2025-11-29 02:00:00+00:00,61.01094958333334,43.79732
2025-11-29 03:00:00+00:00,57.42930825,40.616882
2025-11-29 04:00:00+00:00,48.2671635,52.53029
2025-11-29 05:00:00+00:00,47.160476166666655,49.18923
2025-11-29 06:00:00+00:00,43.68648091666666,46.529823
2025-11-29 07:00:00+00:00,40.60247533333333,44.71397
2025-11-29 08:00:00+00:00,41.135815083333334,45.207363
2025-11-29 09:00:00+00:00,40.569363333333335,46.230312
2025-11-29 10:00:00+00:00,39.21219725,48.995163
2025-11-29 11:00:00+00:00,44.47646841666666,58.76133
2025-11-29 12:00:00+00:00,48.634572416666664,63.436142
2025-11-29 13:00:00+00:00,39.35219416666667,55.94344
2025-11-29 14:00:00+00:00,34.291054833333334,48.455105
2025-11-29 15:00:00+00:00,34.10513091666667,44.931854
2025-11-29 16:00:00+00:00,32.79405491666667,41.666286
2025-11-29 17:00:00+00:00,32.538716083333334,39.734055
2025-11-29 18:00:00+00:00,31.188898,38.949356
2025-11-29 19:00:00+00:00,29.39600083333333,39.07879
2025-11-29 20:00:00+00:00,33.86371308333333,41.480152
2025-11-29 21:00:00+00:00,40.78204658333333,51.401505
2025-11-29 22:00:00+00:00,44.586233083333326,64.13835
2025-11-29 23:00:00+00:00,42.7418755,64.24999
2025-11-30 00:00:00+00:00,42.33419883333333,59.35537
2025-11-30 01:00:00+00:00,40.00971275,58.507202
2025-11-30 02:00:00+00:00,37.77734458333334,54.906418
2025-11-30 03:00:00+00:00,35.51966066666667,49.12829
2025-11-30 04:00:00+00:00,33.85741291666667,34.215195
2025-11-30 05:00:00+00:00,34.245467516666665,33.059074
2025-11-30 06:00:00+00:00,34.63352211666667,31.477716
2025-11-30 07:00:00+00:00,35.021576716666665,30.543238
2025-12-01 05:00:00+00:00,43.55877791666666,30.942858
2025-12-01 06:00:00+00:00,43.74982666666667,31.547523
2025-12-01 07:00:00+00:00,42.08647333333333,33.39923
2025-12-01 08:00:00+00:00,44.767912,37.21715
2025-12-01 09:00:00+00:00,45.7500215,37.733315
2025-12-01 10:00:00+00:00,52.86183716666667,34.02146
2025-12-01 11:00:00+00:00,67.05459725,31.309809
2025-12-01 12:00:00+00:00,105.39438833333334,29.863884
2025-12-01 13:00:00+00:00,68.09802866666666,28.565815
2025-12-01 14:00:00+00:00,50.223328,27.692379
2025-12-01 15:00:00+00:00,57.638975416666675,27.383717
2025-12-01 16:00:00+00:00,53.324132416666664,27.685114
2025-12-01 17:00:00+00:00,51.42065475000001,29.003143
2025-12-01 18:00:00+00:00,49.388709750000004,34.044918
2025-12-01 19:00:00+00:00,51.76531374999999,39.167904
2025-12-01 20:00:00+00:00,54.2164205,38.62861
2025-12-01 21:00:00+00:00,68.86574383333333,37.250355
2025-12-01 22:00:00+00:00,86.95034191666667,37.334534
2025-12-01 23:00:00+00:00,85.60758083333333,35.27119
2025-12-02 00:00:00+00:00,79.86426283333334,32.268642
2025-12-02 01:00:00+00:00,75.01878275,69.75731
2025-12-02 02:00:00+00:00,69.18193675,63.97541
2025-12-02 03:00:00+00:00,62.67088275,57.8556
2025-12-02 04:00:00+00:00,55.81285733333333,53.59733
2025-12-02 05:00:00+00:00,46.649177166666675,51.3044
2025-12-02 06:00:00+00:00,42.48990541666666,49.597225
2025-12-02 07:00:00+00:00,39.44840466666667,49.748257
2025-12-02 08:00:00+00:00,39.03737733333333,54.27757
2025-12-02 09:00:00+00:00,39.26405891666666,58.78076
2025-12-02 10:00:00+00:00,42.09128533333334,63.903477
2025-12-02 11:00:00+00:00,57.891809666666674,72.29938
2025-12-02 12:00:00+00:00,72.71368391666667,77.828865
2025-12-02 13:00:00+00:00,80.51779141666667,67.48101
2025-12-02 14:00:00+00:00,88.09074441666668,53.28051
2025-12-02 15:00:00+00:00,80.469391,49.244915
2025-12-02 16:00:00+00:00,74.92864975,46.55822
2025-12-02 17:00:00+00:00,66.4517445,43.51229
2025-12-02 18:00:00+00:00,61.624916333333346,42.980667
2025-12-02 19:00:00+00:00,58.21600233333334,45.183823
2025-12-02 20:00:00+00:00,60.38202391666667,48.915123
2025-12-02 21:00:00+00:00,68.52629191666666,55.321716
2025-12-02 22:00:00+00:00,98.42472933333333,63.909664
2025-12-02 23:00:00+00:00,89.50240458333333,65.08099
2025-12-03 00:00:00+00:00,75.59999958333333,61.590675
2025-12-03 01:00:00+00:00,67.80452041666666,69.15842
2025-12-03 02:00:00+00:00,59.959767416666665,62.454826
2025-12-03 03:00:00+00:00,55.81028766666666,56.408085
2025-12-03 04:00:00+00:00,47.24757025000001,51.374973
2025-12-03 05:00:00+00:00,45.971847833333335,47.578888
2025-12-03 06:00:00+00:00,43.22615808333333,44.58829
2025-12-03 07:00:00+00:00,41.8866135,42.501175
2025-12-03 08:00:00+00:00,43.026848083333334,41.272076
2025-12-03 09:00:00+00:00,43.74918625,42.843945
2025-12-03 10:00:00+00:00,46.89650525,46.977745
2025-12-03 11:00:00+00:00,69.20935975,58.003593
2025-12-03 12:00:00+00:00,95.37350275,69.801285
2025-12-03 13:00:00+00:00,58.838590583333335,69.164444
2025-12-03 14:00:00+00:00,47.88061308333334,63.026657
2025-12-03 15:00:00+00:00,44.74306525,59.879723
2025-12-03 16:00:00+00:00,42.435858583333335,57.075996
2025-12-03 17:00:00+00:00,40.226439166666665,53.580467
2025-12-03 18:00:00+00:00,39.22038708333333,50.74619
2025-12-03 19:00:00+00:00,39.71496575,50.06038
2025-12-03 20:00:00+00:00,46.97553816666667,51.084965
2025-12-03 21:00:00+00:00,57.802154249999994,58.71215
2025-12-03 22:00:00+00:00,80.15921841666666,72.43594
2025-12-03 23:00:00+00:00,81.14942475,73.583145
2025-12-04 00:00:00+00:00,71.80763966666667,61.287186
2025-12-04 01:00:00+00:00,64.98533058333334,65.94975
2025-12-04 02:00:00+00:00,60.99223833333333,60.03906
2025-12-04 03:00:00+00:00,50.4889555,54.271545
2025-12-04 04:00:00+00:00,51.11006716666666,50.530014
2025-12-04 05:00:00+00:00,53.32765666666666,49.06053
2025-12-04 06:00:00+00:00,48.844207333333344,47.582157
2025-12-04 07:00:00+00:00,48.08593116666666,45.54734
2025-12-04 08:00:00+00:00,48.30646358333333,45.84182
2025-12-04 09:00:00+00:00,49.71510241666667,48.212776
2025-12-04 10:00:00+00:00,51.23542583333333,55.590626
2025-12-04 11:00:00+00:00,72.718546,72.22969
2025-12-04 12:00:00+00:00,110.89077083333332,79.08676
2025-12-04 13:00:00+00:00,80.80860633333333,66.759605
2025-12-04 14:00:00+00:00,58.017093499999994,53.861946
2025-12-04 15:00:00+00:00,64.60741366666666,49.01639
2025-12-04 16:00:00+00:00,61.09908049999999,45.076225
2025-12-04 17:00:00+00:00,57.42295775,41.44395
2025-12-04 18:00:00+00:00,53.249038750000004,39.41446
2025-12-04 19:00:00+00:00,51.57525883333333,39.440144
2025-12-04 20:00:00+00:00,58.30948116666667,41.680126
2025-12-04 21:00:00+00:00,68.45922524999999,52.830635
2025-12-04 22:00:00+00:00,93.55662533333333,71.41387
2025-12-04 23:00:00+00:00,89.91839391666667,75.96053
2025-12-05 00:00:00+00:00,88.58014750000001,69.22185
2025-12-05 01:00:00+00:00,83.10908741666668,82.94641
2025-12-05 02:00:00+00:00,81.96206425,75.3103
2025-12-05 03:00:00+00:00,68.71234666666668,67.082016
2025-12-05 04:00:00+00:00,63.71839858333333,61.737213
2025-12-05 05:00:00+00:00,55.388973666666665,59.748417
2025-12-05 06:00:00+00:00,48.564157,56.56526
2025-12-05 07:00:00+00:00,47.77819708333333,52.846924
2025-12-05 08:00:00+00:00,45.856923333333334,53.125587
2025-12-05 09:00:00+00:00,48.354286,56.4858
2025-12-05 10:00:00+00:00,47.274709333333334,65.45878
2025-12-05 11:00:00+00:00,70.38991875,89.86978
2025-12-05 12:00:00+00:00,92.68953566666664,107.47934
2025-12-05 13:00:00+00:00,73.96100816666667,93.52616
2025-12-05 14:00:00+00:00,69.49872975000001,74.69666
2025-12-05 15:00:00+00:00,78.287742,68.96231
2025-12-05 16:00:00+00:00,75.67895766666668,64.56439
2025-12-05 17:00:00+00:00,71.6485275,59.890743
2025-12-05 18:00:00+00:00,65.14008708333334,57.838238
2025-12-05 19:00:00+00:00,60.73256941666667,57.16445
2025-12-05 20:00:00+00:00,61.8704605,58.42265
2025-12-05 21:00:00+00:00,71.67109183333334,70.739136
2025-12-05 22:00:00+00:00,86.40152825,92.59582
2025-12-05 23:00:00+00:00,77.70229466666667,97.013794
2025-12-06 00:00:00+00:00,74.99977533333333,86.33603
2025-12-06 01:00:00+00:00,69.42251516666667,75.77721
2025-12-06 02:00:00+00:00,66.58611125,70.87469
2025-12-06 03:00:00+00:00,55.41895041666667,62.184937
2025-12-06 04:00:00+00:00,48.75748008333333,56.879105
2025-12-06 05:00:00+00:00,51.310116166666674,53.899784
2025-12-06 06:00:00+00:00,44.38820775,51.30241
2025-12-06 07:00:00+00:00,44.618588249999995,47.615017
2025-12-06 08:00:00+00:00,43.54013908333334,45.960163
2025-12-06 09:00:00+00:00,44.935944416666665,45.880386
2025-12-06 10:00:00+00:00,44.94736091666667,48.354744
2025-12-06 11:00:00+00:00,52.751975249999994,61.862473
2025-12-06 12:00:00+00:00,60.793835916666666,73.17266
2025-12-06 13:00:00+00:00,63.17186883333333,66.25678
2025-12-06 14:00:00+00:00,57.46147675,58.714672
2025-12-06 15:00:00+00:00,59.22695783333333,57.07162
2025-12-06 16:00:00+00:00,53.42292866666668,53.298225
2025-12-06 17:00:00+00:00,50.81292416666667,49.55813
2025-12-06 18:00:00+00:00,49.36018866666666,47.675926
2025-12-06 19:00:00+00:00,49.03095841666667,47.15556
2025-12-06 20:00:00+00:00,50.59312800000001,47.801155
2025-12-06 21:00:00+00:00,60.71712475,56.375107
2025-12-06 22:00:00+00:00,68.22188925,74.58702
2025-12-06 23:00:00+00:00,67.35463800000001,79.40652
2025-12-07 00:00:00+00:00,66.06496366666667,71.52976
2025-12-07 01:00:00+00:00,66.86324058333334,63.262325
2025-12-07 02:00:00+00:00,66.046897,58.080635
2025-12-07 03:00:00+00:00,57.837218,52.565983
2025-12-07 04:00:00+00:00,51.813809416666665,49.05257
2025-12-07 05:00:00+00:00,57.739052333333326,47.613808
2025-12-07 06:00:00+00:00,51.592038,45.65675
2025-12-07 07:00:00+00:00,47.73831058333333,43.32182
2025-12-07 08:00:00+00:00,47.353289666666655,42.515278
2025-12-07 09:00:00+00:00,47.31273233333334,42.18663
2025-12-07 10:00:00+00:00,48.00493441666666,44.82381
2025-12-07 11:00:00+00:00,52.73816958333333,53.288822
2025-12-07 12:00:00+00:00,60.12334741666667,56.988598
2025-12-07 13:00:00+00:00,54.79385725000001,51.9657
2025-12-07 14:00:00+00:00,49.77458033333334,48.939964
2025-12-07 15:00:00+00:00,49.887317583333335,49.12447
2025-12-07 16:00:00+00:00,50.72772275,47.938904
2025-12-07 17:00:00+00:00,50.07996283333333,46.653057
2025-12-07 18:00:00+00:00,48.629723250000005,46.202744
2025-12-07 19:00:00+00:00,49.697161333333334,45.762833
2025-12-07 20:00:00+00:00,51.37965808333333,46.398758
2025-12-07 21:00:00+00:00,56.81626291666666,53.567356
2025-12-07 22:00:00+00:00,71.99493208333332,64.30169
2025-12-07 23:00:00+00:00,69.16081225,66.39367
2025-12-08 00:00:00+00:00,68.68146625,62.857784
2025-12-08 01:00:00+00:00,66.75014758333333,69.83931
2025-12-08 02:00:00+00:00,61.05706183333333,66.79876
2025-12-08 03:00:00+00:00,54.04545858333334,57.64004
2025-12-08 04:00:00+00:00,50.62334716666667,53.2758
2025-12-08 05:00:00+00:00,49.57634449999999,51.81169
2025-12-08 06:00:00+00:00,47.13553766666667,49.968376
2025-12-08 07:00:00+00:00,46.22283225000001,48.402225
2025-12-08 08:00:00+00:00,46.71983883333334,48.37251
2025-12-08 09:00:00+00:00,47.657107249999996,50.175102
2025-12-08 10:00:00+00:00,54.65666291666667,57.228764
2025-12-08 11:00:00+00:00,64.69612783333334,74.543846
2025-12-08 12:00:00+00:00,86.03086458333333,87.80747
2025-12-08 13:00:00+00:00,81.01286075,81.10505
2025-12-08 14:00:00+00:00,75.86466766666666,71.198524
2025-12-08 15:00:00+00:00,77.64856958333333,68.32527
2025-12-08 16:00:00+00:00,77.33220666666666,65.05587
2025-12-08 17:00:00+00:00,66.53242916666666,61.20091
2025-12-08 18:00:00+00:00,67.88545983333334,59.11053
2025-12-08 19:00:00+00:00,63.67281225000001,58.387154
2025-12-08 20:00:00+00:00,72.17841433333334,60.097637
2025-12-08 21:00:00+00:00,87.74110200000001,69.1455
2025-12-08 22:00:00+00:00,116.35034366666666,85.07867
2025-12-08 23:00:00+00:00,108.361944,89.38435
2025-12-09 00:00:00+00:00,95.74147599999999,83.3204
2025-12-09 01:00:00+00:00,83.04386691666666,91.326256
2025-12-09 02:00:00+00:00,79.63302533333334,84.40366
2025-12-09 03:00:00+00:00,71.73246766666666,73.06352
2025-12-09 04:00:00+00:00,61.59031458333333,65.84606
2025-12-09 05:00:00+00:00,99.79904083333334,62.36376
2025-12-09 06:00:00+00:00,82.64504000000001,59.22206
2025-12-09 07:00:00+00:00,79.04232075,55.825916
2025-12-09 08:00:00+00:00,77.19457066666666,56.62636
2025-12-09 09:00:00+00:00,81.81211958333334,58.419403
2025-12-09 10:00:00+00:00,88.01627191666667,66.39208
2025-12-09 11:00:00+00:00,125.13628116666668,85.461754
2025-12-09 12:00:00+00:00,165.36168691666668,97.1022
2025-12-09 13:00:00+00:00,95.36738866666667,88.46267
2025-12-09 14:00:00+00:00,78.93942700000001,78.76176
2025-12-09 15:00:00+00:00,71.08293625,75.216835
2025-12-09 16:00:00+00:00,69.15258641666667,69.49487
2025-12-09 17:00:00+00:00,60.871473583333334,64.017235
2025-12-09 18:00:00+00:00,57.69059575,60.641872
2025-12-09 19:00:00+00:00,55.114129083333324,58.567505
2025-12-09 20:00:00+00:00,60.21386783333333,58.925724
2025-12-09 21:00:00+00:00,91.89317708333333,70.72297
2025-12-09 22:00:00+00:00,107.76375758333332,91.245026
2025-12-09 23:00:00+00:00,83.93279916666667,92.19506
2025-12-10 00:00:00+00:00,84.38450275000001,80.48043
2025-12-10 01:00:00+00:00,80.34485633333334,82.633156
2025-12-10 02:00:00+00:00,67.27078175,76.95906
2025-12-10 03:00:00+00:00,63.9532835,71.670204
2025-12-10 04:00:00+00:00,56.49202950000001,68.45121
2025-12-10 05:00:00+00:00,54.77829925,67.315575
2025-12-10 06:00:00+00:00,47.82407458333333,65.88749
2025-12-10 07:00:00+00:00,45.528967083333335,62.9004
2025-12-10 08:00:00+00:00,41.796947083333336,63.51608
2025-12-10 09:00:00+00:00,43.64340574999999,64.95483
2025-12-10 10:00:00+00:00,47.25215416666666,73.5391
2025-12-10 11:00:00+00:00,69.40734116666665,91.80907
2025-12-10 12:00:00+00:00,77.24900975,93.38064
2025-12-10 13:00:00+00:00,69.43485666666668,74.61956
2025-12-10 14:00:00+00:00,66.32109175000001,60.175026
2025-12-10 15:00:00+00:00,58.79225866666666,54.926678
2025-12-10 16:00:00+00:00,53.70655766666667,50.904827
2025-12-10 17:00:00+00:00,56.15550166666667,48.858604
2025-12-10 18:00:00+00:00,52.46687966666667,47.575436
2025-12-10 19:00:00+00:00,50.97730858333333,47.15246
2025-12-10 20:00:00+00:00,54.41623308333333,49.707195
2025-12-10 21:00:00+00:00,67.64123241666667,58.974144
2025-12-10 22:00:00+00:00,81.46384458333334,68.1133
2025-12-10 23:00:00+00:00,73.49971216666667,67.41496
2025-12-11 00:00:00+00:00,74.49882825,65.390335
2025-12-11 01:00:00+00:00,60.10850166666666,70.13382
2025-12-11 02:00:00+00:00,58.29012375,60.75267
2025-12-11 03:00:00+00:00,47.650952749999995,53.483925
2025-12-11 04:00:00+00:00,42.54486225,49.424255
2025-12-11 05:00:00+00:00,42.96045675,48.606907
2025-12-11 06:00:00+00:00,41.40682316666667,47.067184
2025-12-11 07:00:00+00:00,42.006881166666666,45.519722
2025-12-11 08:00:00+00:00,43.22443858333333,46.064507
2025-12-11 09:00:00+00:00,46.96884191666666,48.396225
2025-12-11 10:00:00+00:00,48.611867999999994,56.901592
2025-12-11 11:00:00+00:00,74.21988466666666,75.81647
2025-12-11 12:00:00+00:00,99.78210250000001,83.55098
2025-12-11 13:00:00+00:00,69.72512025,75.02114
2025-12-11 14:00:00+00:00,53.21610533333333,68.16947
2025-12-11 15:00:00+00:00,57.326981749999995,66.30382
2025-12-11 16:00:00+00:00,54.60587591666666,62.65789
2025-12-11 17:00:00+00:00,53.477819666666676,58.351288
2025-12-11 18:00:00+00:00,54.40504558333333,56.053436
2025-12-11 19:00:00+00:00,54.254161999999994,55.387405
2025-12-11 20:00:00+00:00,58.25072916666667,56.55667
2025-12-11 21:00:00+00:00,92.23318808333333,67.56134
2025-12-11 22:00:00+00:00,112.75972100000001,84.24516
2025-12-11 23:00:00+00:00,94.24740225,87.48217
2025-12-12 00:00:00+00:00,102.3567015,80.79547
2025-12-12 01:00:00+00:00,95.31219133333333,96.96617
2025-12-12 02:00:00+00:00,87.44153999999999,87.29305
2025-12-12 03:00:00+00:00,84.12438908333334,75.79239
2025-12-12 04:00:00+00:00,71.2972135,69.26105
2025-12-12 05:00:00+00:00,60.802141166666665,67.323654
2025-12-12 06:00:00+00:00,54.04617616666667,64.91632
2025-12-12 07:00:00+00:00,49.431714,62.241173
2025-12-12 08:00:00+00:00,48.37616399999999,63.78458
2025-12-12 09:00:00+00:00,52.116848000000005,65.81895
2025-12-12 10:00:00+00:00,59.54009633333334,77.442825
2025-12-12 11:00:00+00:00,77.48546591666667,103.381874
2025-12-12 12:00:00+00:00,103.57256558333336,112.086075
2025-12-12 13:00:00+00:00,96.144807,94.06438
2025-12-12 14:00:00+00:00,77.69170858333332,77.902596
2025-12-12 15:00:00+00:00,72.47014391666666,72.43972
2025-12-12 16:00:00+00:00,64.13033575,67.21528
2025-12-12 17:00:00+00:00,56.55338591666666,63.329185
2025-12-12 18:00:00+00:00,54.217048333333345,61.03968
2025-12-12 19:00:00+00:00,57.684671083333335,59.881096
2025-12-12 20:00:00+00:00,56.20416275,63.758984
2025-12-12 21:00:00+00:00,79.31601733333333,81.14972
2025-12-12 22:00:00+00:00,86.39680833333333,101.99086
2025-12-12 23:00:00+00:00,83.80751625,101.365814
2025-12-13 00:00:00+00:00,82.74003666666667,93.539604
2025-12-13 01:00:00+00:00,73.74799025,80.89816
2025-12-13 02:00:00+00:00,63.589375499999996,74.16482
2025-12-13 03:00:00+00:00,52.227215666666666,68.97604
2025-12-13 04:00:00+00:00,48.269505,64.68886
2025-12-13 05:00:00+00:00,47.03198208333333,62.234062
2025-12-13 06:00:00+00:00,42.670773249999996,60.049175
2025-12-13 07:00:00+00:00,41.89789283333334,57.50991
2025-12-13 08:00:00+00:00,42.3346205,55.99325
2025-12-13 09:00:00+00:00,42.73522,55.482914
2025-12-13 10:00:00+00:00,44.85070975,61.8412
2025-12-13 11:00:00+00:00,48.227482499999994,79.02016
2025-12-13 12:00:00+00:00,57.66191024999999,86.9445
2025-12-13 13:00:00+00:00,52.832940916666665,78.365524
2025-12-13 14:00:00+00:00,45.23348491666667,69.85287
2025-12-13 15:00:00+00:00,47.338618916666675,65.46233
2025-12-13 16:00:00+00:00,45.087039833333336,61.18764
2025-12-13 17:00:00+00:00,45.53025658333333,57.761547
2025-12-13 18:00:00+00:00,44.59423825,55.24096
2025-12-13 19:00:00+00:00,42.97324375,52.990997
2025-12-13 20:00:00+00:00,47.11781725,52.827553
2025-12-13 21:00:00+00:00,53.12873541666667,61.58918
2025-12-13 22:00:00+00:00,64.25532208333333,76.49409
2025-12-13 23:00:00+00:00,59.46921308333334,79.96512
2025-12-14 00:00:00+00:00,57.148013500000005,75.5131
2025-12-14 01:00:00+00:00,54.751399916666664,53.601013
2025-12-14 02:00:00+00:00,50.93111325,48.43308
2025-12-14 03:00:00+00:00,47.30634641666666,43.57106
2025-12-14 04:00:00+00:00,44.36232591666666,40.449722
2025-12-14 05:00:00+00:00,44.26842775,39.673035
2025-12-14 06:00:00+00:00,44.440730916666666,37.67674
2025-12-14 07:00:00+00:00,43.219398333333345,35.740486
2025-12-14 08:00:00+00:00,42.38140266666666,36.32115
2025-12-14 09:00:00+00:00,42.47125125,35.92751
2025-12-14 10:00:00+00:00,45.251547499999994,38.664474
2025-12-14 11:00:00+00:00,49.080679666666676,46.449707
2025-12-14 12:00:00+00:00,56.4270165,48.53713
2025-12-14 13:00:00+00:00,58.658407833333335,46.419693
2025-12-14 14:00:00+00:00,53.59159066666666,46.245766
2025-12-14 15:00:00+00:00,54.40322575,46.689972
2025-12-14 16:00:00+00:00,54.9227415,45.60897
2025-12-14 17:00:00+00:00,56.61415249999999,44.27382
2025-12-14 18:00:00+00:00,59.45891825,43.92644
2025-12-14 19:00:00+00:00,62.36549158333333,44.016777
2025-12-14 20:00:00+00:00,70.0485485,46.46163
2025-12-14 21:00:00+00:00,104.30974466666667,56.78455
2025-12-14 22:00:00+00:00,144.49741516666668,68.11181
2025-12-14 23:00:00+00:00,138.2269385,69.20274
2025-12-15 00:00:00+00:00,129.9698335,65.03348
2025-12-15 01:00:00+00:00,132.35075358333333,121.74251
2025-12-15 02:00:00+00:00,123.3385465,104.54443
2025-12-15 03:00:00+00:00,103.30648183333334,87.21552
2025-12-15 04:00:00+00:00,104.85870866666667,75.88306
2025-12-15 05:00:00+00:00,105.90520966666666,71.68937
2025-12-15 06:00:00+00:00,97.01225566666666,69.20802
2025-12-15 07:00:00+00:00,93.93730983333334,66.125885
2025-12-15 08:00:00+00:00,94.89160058333331,67.90583
2025-12-15 09:00:00+00:00,100.69841200000002,72.872665
2025-12-15 10:00:00+00:00,108.63691866666667,86.16724
2025-12-15 11:00:00+00:00,144.81236416666667,105.65578
2025-12-15 12:00:00+00:00,192.27760308333333,113.65771
2025-12-15 13:00:00+00:00,117.31172283333335,99.42921
2025-12-15 14:00:00+00:00,92.29523466666666,83.05831
2025-12-15 15:00:00+00:00,92.73337241666667,77.31897
2025-12-15 16:00:00+00:00,85.10357508333334,73.21247
2025-12-15 17:00:00+00:00,79.72600033333333,68.66171
2025-12-15 18:00:00+00:00,76.72458916666666,67.86326
2025-12-15 19:00:00+00:00,77.22899191666666,70.98958
2025-12-15 20:00:00+00:00,80.17839500000001,79.78366
2025-12-15 21:00:00+00:00,106.24554033333334,104.97737
2025-12-15 22:00:00+00:00,136.68874233333335,134.72302
2025-12-15 23:00:00+00:00,124.55273725,134.68597
2025-12-16 00:00:00+00:00,123.73284908333333,120.43167
2025-12-16 01:00:00+00:00,120.35545808333335,120.27978
2025-12-16 02:00:00+00:00,112.7470535,111.9469
2025-12-16 03:00:00+00:00,100.60548125000001,100.11322
2025-12-16 04:00:00+00:00,98.88099308333332,90.46753
2025-12-16 05:00:00+00:00,107.95121533333334,84.87974
2025-12-16 06:00:00+00:00,91.02736075,81.07008
2025-12-16 07:00:00+00:00,84.95674625,75.5092
2025-12-16 08:00:00+00:00,86.620875,75.1126
2025-12-16 09:00:00+00:00,98.9454945,76.16606
2025-12-16 10:00:00+00:00,105.2342115,86.961975
2025-12-16 11:00:00+00:00,137.3312615,109.7167
2025-12-16 12:00:00+00:00,194.54843025000002,112.83122
2025-12-16 13:00:00+00:00,119.60462875,89.513306
2025-12-16 14:00:00+00:00,72.1961105,70.75409
2025-12-16 15:00:00+00:00,58.66627033333333,65.67111
2025-12-16 16:00:00+00:00,52.542295249999995,60.690956
2025-12-16 17:00:00+00:00,47.978955500000005,56.820953
2025-12-16 18:00:00+00:00,44.6151915,54.797287
2025-12-16 19:00:00+00:00,43.92289483333334,54.621216
2025-12-16 20:00:00+00:00,47.92795041666667,56.723015
2025-12-16 21:00:00+00:00,67.170278,68.604965
2025-12-16 22:00:00+00:00,92.11632125,84.90788
2025-12-16 23:00:00+00:00,79.01348666666667,87.773865
2025-12-17 00:00:00+00:00,74.57606525,86.18888
2025-12-17 01:00:00+00:00,68.21923266666666,74.46796
2025-12-17 02:00:00+00:00,62.062506750000004,70.499016
2025-12-17 03:00:00+00:00,55.76637416666667,66.54856
2025-12-17 04:00:00+00:00,52.69142200000002,63.083237
2025-12-17 05:00:00+00:00,54.22859891666666,61.058792
2025-12-17 06:00:00+00:00,46.77067916666667,58.390747
2025-12-17 07:00:00+00:00,46.37998425,55.575684
2025-12-17 08:00:00+00:00,47.07505891666667,55.357635
2025-12-17 09:00:00+00:00,50.531193,54.645058
2025-12-17 10:00:00+00:00,55.13688016666667,62.53106
2025-12-17 11:00:00+00:00,71.49459758333333,81.71474
2025-12-17 12:00:00+00:00,91.17417683333333,85.88054
2025-12-17 13:00:00+00:00,63.92163291666666,69.35262
2025-12-17 14:00:00+00:00,54.80661816666667,54.08339
2025-12-17 15:00:00+00:00,46.334512499999995,46.57026
2025-12-17 16:00:00+00:00,43.35511091666667,42.198563
2025-12-17 17:00:00+00:00,40.59346683333333,40.588554
2025-12-17 18:00:00+00:00,39.644652916666665,39.388153
2025-12-17 19:00:00+00:00,37.42588908333334,37.687386
2025-12-17 20:00:00+00:00,39.249513416666666,39.43064
2025-12-17 21:00:00+00:00,47.969683333333336,48.05937
2025-12-17 22:00:00+00:00,58.96548383333334,57.732224
2025-12-17 23:00:00+00:00,49.77421124999999,60.293762
2025-12-18 00:00:00+00:00,48.76242216666665,59.808674
2025-12-18 01:00:00+00:00,49.36154725,48.546326
2025-12-18 02:00:00+00:00,43.88369791666668,44.72999
2025-12-18 03:00:00+00:00,38.94902941666667,41.345528
2025-12-18 04:00:00+00:00,35.850504083333334,39.98629
2025-12-18 05:00:00+00:00,36.24000358333333,40.14956
2025-12-18 06:00:00+00:00,33.345435333333334,38.406357
2025-12-18 07:00:00+00:00,31.923541583333332,37.15332
2025-12-18 08:00:00+00:00,31.326070333333334,38.428143
2025-12-18 09:00:00+00:00,31.424950499999998,39.90113
2025-12-18 10:00:00+00:00,36.52988075,48.02702
2025-12-18 11:00:00+00:00,53.487761250000005,62.66248
2025-12-18 12:00:00+00:00,65.90843991666667,65.82058
2025-12-18 13:00:00+00:00,45.057878916666674,57.89824
2025-12-18 14:00:00+00:00,35.355132250000004,50.82762
2025-12-18 15:00:00+00:00,34.012696,47.16639
2025-12-18 16:00:00+00:00,32.310810249999996,44.14279
2025-12-18 17:00:00+00:00,31.047799666666666,41.56208
2025-12-18 18:00:00+00:00,32.54551983333334,40.11528
2025-12-18 19:00:00+00:00,32.354957666666664,38.796177
2025-12-18 20:00:00+00:00,34.980897666666664,41.55948
2025-12-18 21:00:00+00:00,38.80521591666667,50.222557
2025-12-18 22:00:00+00:00,48.4826625,59.876865
2025-12-18 23:00:00+00:00,43.64292541666666,62.8752
2025-12-19 00:00:00+00:00,41.391901166666656,60.82021
2025-12-19 01:00:00+00:00,37.737700833333335,40.458992
2025-12-19 02:00:00+00:00,33.25448241666667,39.367874
2025-12-19 03:00:00+00:00,31.85583575,37.442688
2025-12-19 04:00:00+00:00,29.680085916666666,35.82877
2025-12-19 05:00:00+00:00,28.146181083333335,34.621685
2025-12-19 06:00:00+00:00,26.1536715,32.007362
2025-12-19 07:00:00+00:00,25.136595999999997,30.214233
2025-12-19 08:00:00+00:00,24.553856916666664,30.099789
2025-12-19 09:00:00+00:00,26.45938741666667,30.290901
2025-12-19 10:00:00+00:00,30.38111825,35.7085
2025-12-19 11:00:00+00:00,35.41959375,47.858315
2025-12-19 12:00:00+00:00,45.475022833333334,51.931507
2025-12-19 13:00:00+00:00,40.736798416666666,46.4325
2025-12-19 14:00:00+00:00,36.89692683333333,42.189262
2025-12-19 15:00:00+00:00,36.97770283333333,40.14921
2025-12-19 16:00:00+00:00,34.819401166666665,38.09694
2025-12-19 17:00:00+00:00,33.5005145,37.34971
2025-12-19 18:00:00+00:00,33.618698333333334,37.529984
2025-12-19 19:00:00+00:00,33.056812916666665,36.43435
2025-12-19 20:00:00+00:00,35.341921416666665,37.073685
2025-12-19 21:00:00+00:00,51.28548325,42.748478
2025-12-19 22:00:00+00:00,66.93312058333333,46.560997
2025-12-19 23:00:00+00:00,59.990677500000004,46.63019
2025-12-20 00:00:00+00:00,54.849426166666674,47.03718
2025-12-20 01:00:00+00:00,53.235712,51.303635
2025-12-20 02:00:00+00:00,51.1063105,46.50865
2025-12-20 03:00:00+00:00,48.44037975,41.697685
2025-12-20 04:00:00+00:00,42.267592,38.134865
2025-12-20 05:00:00+00:00,39.52516541666667,36.520607
2025-12-20 06:00:00+00:00,37.74164733333333,34.924126
2025-12-20 07:00:00+00:00,37.15370733333334,33.505024
2025-12-20 08:00:00+00:00,36.8727875,33.838398
2025-12-20 09:00:00+00:00,38.06686558333333,34.14229
2025-12-20 10:00:00+00:00,41.473285999999995,39.84619
2025-12-20 11:00:00+00:00,46.74048558333333,50.163353
2025-12-20 12:00:00+00:00,60.52864941666667,50.6168
2025-12-20 13:00:00+00:00,43.14573416666667,45.609356
2025-12-20 14:00:00+00:00,34.4492525,43.457897
2025-12-20 15:00:00+00:00,31.438453,41.648117
2025-12-20 16:00:00+00:00,30.294247916666666,37.836555
2025-12-20 17:00:00+00:00,29.103573333333333,34.220318
2025-12-20 18:00:00+00:00,27.98175975,32.020744
2025-12-20 19:00:00+00:00,27.35729566666667,31.818684
2025-12-20 20:00:00+00:00,29.66804766666667,33.949593
2025-12-20 21:00:00+00:00,34.9141395,42.1477
2025-12-20 22:00:00+00:00,43.75928233333334,51.765358
2025-12-20 23:00:00+00:00,43.53264708333333,53.272995
2025-12-21 00:00:00+00:00,39.65159025,50.621895
2025-12-21 01:00:00+00:00,39.504810416666665,38.352554
2025-12-21 02:00:00+00:00,38.109827833333334,35.53029
2025-12-21 03:00:00+00:00,35.4859515,32.390083
2025-12-21 04:00:00+00:00,32.20254983333333,30.343103
2025-12-21 05:00:00+00:00,30.767761250000003,29.133545
2025-12-21 06:00:00+00:00,29.49948833333333,27.225967
2025-12-21 07:00:00+00:00,29.398346916666668,26.846123
2025-12-21 08:00:00+00:00,29.648689583333333,28.076866
2025-12-21 09:00:00+00:00,30.060444,28.500546
2025-12-21 10:00:00+00:00,30.820244833333334,31.809013
2025-12-21 11:00:00+00:00,34.29899091666667,39.184807
2025-12-21 12:00:00+00:00,38.99736075,38.994072
2025-12-21 13:00:00+00:00,36.403739083333335,32.498886
2025-12-21 14:00:00+00:00,28.176644333333332,27.214325
2025-12-21 15:00:00+00:00,28.327789750000004,24.048477
2025-12-21 16:00:00+00:00,28.342706083333336,21.2682
2025-12-21 17:00:00+00:00,27.768068083333333,19.64399
2025-12-21 18:00:00+00:00,27.691568416666666,19.85542
2025-12-21 19:00:00+00:00,27.6427715,20.713928
2025-12-21 20:00:00+00:00,28.03259375,23.320885
2025-12-21 21:00:00+00:00,36.837952916666666,32.110992
2025-12-21 22:00:00+00:00,49.35163033333333,41.579872
2025-12-21 23:00:00+00:00,46.16570325,42.37119
2025-12-22 00:00:00+00:00,46.383081000000004,40.308975
2025-12-22 01:00:00+00:00,46.01094208333333,43.921417
2025-12-22 02:00:00+00:00,41.863382333333334,42.164062
2025-12-22 03:00:00+00:00,41.89892475,38.722088
2025-12-22 04:00:00+00:00,37.79390925,37.20235
2025-12-22 05:00:00+00:00,35.69725275,36.74559
2025-12-22 06:00:00+00:00,34.151697500000004,35.071476
2025-12-22 07:00:00+00:00,31.83207891666666,34.702488
2025-12-22 08:00:00+00:00,32.48308733333333,36.483772
2025-12-22 09:00:00+00:00,32.814099,36.15679
2025-12-22 10:00:00+00:00,37.5916185,38.12312
2025-12-22 11:00:00+00:00,55.02963408333333,44.832726
2025-12-22 12:00:00+00:00,82.21305666666667,46.872498
2025-12-22 13:00:00+00:00,48.99598583333333,42.40219
2025-12-22 14:00:00+00:00,37.70748808333334,38.726925
2025-12-22 15:00:00+00:00,36.82875991666666,37.20222
2025-12-22 16:00:00+00:00,37.413184666666666,34.89408
2025-12-22 17:00:00+00:00,34.692086583333335,32.176018
2025-12-22 18:00:00+00:00,34.35257116666667,32.042007
2025-12-22 19:00:00+00:00,34.49214525,32.59194
2025-12-22 20:00:00+00:00,36.889999583333335,35.60266
2025-12-22 21:00:00+00:00,45.89182958333333,43.51336
2025-12-22 22:00:00+00:00,53.18232616666667,50.98028
2025-12-22 23:00:00+00:00,46.48365724999999,51.883266
2025-12-23 00:00:00+00:00,46.41110616666666,50.782944
2025-12-23 01:00:00+00:00,46.272549999999995,45.24215
2025-12-23 02:00:00+00:00,43.32171941666667,43.73908
2025-12-23 03:00:00+00:00,38.60710508333333,39.300793
2025-12-23 04:00:00+00:00,32.660847499999996,36.749874
2025-12-23 05:00:00+00:00,32.34555133333333,36.145393
2025-12-23 06:00:00+00:00,31.086393083333338,34.62854
2025-12-23 07:00:00+00:00,28.62684075,34.254395
2025-12-23 08:00:00+00:00,28.084251666666663,36.277405
2025-12-23 09:00:00+00:00,29.001500083333337,36.318726
2025-12-23 10:00:00+00:00,30.058392666666666,39.06481
2025-12-23 11:00:00+00:00,38.19479875,50.03736
2025-12-23 12:00:00+00:00,43.57703808333332,55.35697
2025-12-23 13:00:00+00:00,43.12737175,46.80314
2025-12-23 14:00:00+00:00,48.8525725,38.808662
2025-12-23 15:00:00+00:00,44.67704908333334,35.70051
2025-12-23 16:00:00+00:00,43.430465,32.03619
2025-12-23 17:00:00+00:00,38.81761533333333,29.249933
2025-12-23 18:00:00+00:00,35.774392999999996,28.36139
2025-12-23 19:00:00+00:00,32.304413583333336,27.440662
2025-12-23 20:00:00+00:00,33.16887633333334,29.406527
2025-12-23 21:00:00+00:00,39.169765,36.599564
2025-12-23 22:00:00+00:00,42.723595249999995,45.031364
2025-12-23 23:00:00+00:00,38.437682833333334,45.94867
2025-12-24 00:00:00+00:00,37.049914,43.89198
2025-12-24 01:00:00+00:00,35.93930075,38.651497
2025-12-24 02:00:00+00:00,34.627651666666665,35.88426
2025-12-24 03:00:00+00:00,32.819518583333334,31.832657
2025-12-24 04:00:00+00:00,28.829999750000002,29.668842
2025-12-24 05:00:00+00:00,28.80779791666667,28.54049
2025-12-24 06:00:00+00:00,27.13810058333333,27.288391
2025-12-24 07:00:00+00:00,26.491672333333327,25.824104
2025-12-24 08:00:00+00:00,26.253259833333335,25.614613
2025-12-24 09:00:00+00:00,26.91186575,25.498653
2025-12-24 10:00:00+00:00,28.4851755,27.36697
2025-12-24 11:00:00+00:00,33.50587791666667,33.80505
2025-12-24 12:00:00+00:00,37.43874541666667,38.375122
2025-12-24 13:00:00+00:00,32.858980833333334,37.07066
2025-12-24 14:00:00+00:00,28.16873783333334,35.99323
2025-12-24 15:00:00+00:00,28.89467541666667,36.444347
2025-12-24 16:00:00+00:00,29.053466333333333,35.262856
2025-12-24 17:00:00+00:00,28.87860233333333,33.54445
2025-12-24 18:00:00+00:00,29.038936083333336,32.459934
2025-12-24 19:00:00+00:00,29.616118166666666,31.834011
2025-12-24 20:00:00+00:00,33.322673583333334,32.057922
2025-12-24 21:00:00+00:00,38.003238083333336,34.963158
2025-12-24 22:00:00+00:00,43.91672625000001,37.68412
2025-12-24 23:00:00+00:00,40.174393,36.15678
2025-12-25 00:00:00+00:00,39.029138249999995,35.436146
2025-12-25 01:00:00+00:00,37.70232475,37.851597
2025-12-25 02:00:00+00:00,37.83260241666667,35.81013
2025-12-25 03:00:00+00:00,36.092969333333336,32.759037
2025-12-25 04:00:00+00:00,31.621223,30.747688
2025-12-25 05:00:00+00:00,27.691694916666666,30.18369
2025-12-25 06:00:00+00:00,26.50016925,29.449617
2025-12-25 07:00:00+00:00,24.34916975,28.337166
2025-12-25 08:00:00+00:00,23.593014083333333,28.238358
2025-12-25 09:00:00+00:00,23.078993250000003,28.432255
2025-12-25 10:00:00+00:00,23.147119416666666,30.879372
2025-12-25 11:00:00+00:00,22.66009258333333,37.805416
2025-12-25 12:00:00+00:00,25.16786408333333,40.876472
2025-12-25 13:00:00+00:00,27.37419583333333,37.296776
2025-12-25 14:00:00+00:00,25.97179975,34.025803
2025-12-25 15:00:00+00:00,30.490961749999997,32.925392
2025-12-25 16:00:00+00:00,29.461626166666665,32.125103
2025-12-25 17:00:00+00:00,27.650195416666666,31.72948
2025-12-25 18:00:00+00:00,27.20403525,32.12214
2025-12-25 19:00:00+00:00,26.253808916666667,32.405563
2025-12-25 20:00:00+00:00,26.53124875,33.56126
2025-12-25 21:00:00+00:00,28.706622083333336,39.98479
2025-12-25 22:00:00+00:00,30.034920416666665,47.747326
2025-12-25 23:00:00+00:00,29.247756916666663,46.879898
2025-12-26 00:00:00+00:00,28.579203250000003,41.978664
2025-12-26 01:00:00+00:00,28.863575999999995,29.331617
2025-12-26 02:00:00+00:00,28.592274500000002,28.009216
2025-12-26 03:00:00+00:00,27.722637500000005,25.531807
2025-12-26 04:00:00+00:00,25.554027916666666,23.518192
2025-12-26 05:00:00+00:00,20.80832725,21.920177
2025-12-26 06:00:00+00:00,20.107852,20.516726
2025-12-26 07:00:00+00:00,19.201734333333334,19.613146
2025-12-26 08:00:00+00:00,18.904345083333332,19.321846
2025-12-26 09:00:00+00:00,17.531247750000002,19.223413
2025-12-26 10:00:00+00:00,21.229768166666666,20.088531
2025-12-26 11:00:00+00:00,25.653272833333332,22.413002
2025-12-26 12:00:00+00:00,31.210838916666663,24.048195
2025-12-26 13:00:00+00:00,30.984142416666668,24.559824
2025-12-26 14:00:00+00:00,34.25855791666667,25.491352
2025-12-26 15:00:00+00:00,34.785248083333336,25.815601
2025-12-26 16:00:00+00:00,34.51212866666666,25.380215
2025-12-26 17:00:00+00:00,34.14030833333333,25.096832
2025-12-26 18:00:00+00:00,36.719809,25.125935
2025-12-26 19:00:00+00:00,33.519684166666664,24.724384
2025-12-26 20:00:00+00:00,35.938484083333336,24.814823
2025-12-26 21:00:00+00:00,40.754401,26.384884
2025-12-26 22:00:00+00:00,45.50325575,28.570183
2025-12-26 23:00:00+00:00,40.221027,29.683117
2025-12-27 00:00:00+00:00,39.36353066666667,30.566818
2025-12-27 01:00:00+00:00,37.69645716666667,38.71112
2025-12-27 02:00:00+00:00,39.915142333333336,39.038975
2025-12-27 03:00:00+00:00,37.534092333333334,35.534782
2025-12-27 04:00:00+00:00,35.30088058333333,31.002735
2025-12-27 05:00:00+00:00,33.906579,28.979515
2025-12-27 06:00:00+00:00,32.12856658333333,27.289291
2025-12-27 07:00:00+00:00,30.325330833333332,25.480597
2025-12-27 08:00:00+00:00,29.403618583333337,24.730915
2025-12-27 09:00:00+00:00,29.62504275,24.350563
2025-12-27 10:00:00+00:00,29.218357999999995,25.57438
2025-12-27 11:00:00+00:00,31.158133583333335,29.477524
2025-12-27 12:00:00+00:00,34.07029683333334,32.168037
2025-12-27 13:00:00+00:00,33.60259083333333,32.415348
2025-12-27 14:00:00+00:00,31.311238833333334,32.87
2025-12-27 15:00:00+00:00,31.497079083333333,33.376156
2025-12-27 16:00:00+00:00,32.92629791666667,32.49273
2025-12-27 17:00:00+00:00,31.844920749999996,31.129879
2025-12-27 18:00:00+00:00,29.478534249999996,30.782312
2025-12-27 19:00:00+00:00,28.744269083333332,30.820274
2025-12-27 20:00:00+00:00,29.62350425,31.438784
2025-12-27 21:00:00+00:00,32.92265891666667,35.109367
2025-12-27 22:00:00+00:00,35.930366916666664,39.891605
2025-12-27 23:00:00+00:00,33.02349808333333,39.6762
2025-12-28 00:00:00+00:00,31.394169083333335,36.94687
2025-12-28 01:00:00+00:00,30.659612499999998,32.53884
2025-12-28 02:00:00+00:00,31.896700833333327,33.089928
2025-12-28 03:00:00+00:00,31.360690083333335,31.245853
2025-12-28 04:00:00+00:00,29.499555166666667,28.62202
2025-12-28 05:00:00+00:00,29.926905333333334,27.34285
2025-12-28 06:00:00+00:00,28.79002691666667,26.521362
2025-12-28 07:00:00+00:00,27.300199083333336,25.665981
2025-12-28 08:00:00+00:00,27.197092833333333,24.97202
2025-12-28 09:00:00+00:00,26.399589833333334,24.752983
2025-12-28 10:00:00+00:00,26.818640000000002,25.404306
2025-12-28 11:00:00+00:00,28.365926833333333,26.765997
2025-12-28 12:00:00+00:00,31.481477249999998,27.877254
2025-12-28 13:00:00+00:00,34.47826141666667,28.047112
2025-12-28 14:00:00+00:00,32.97242175,28.184149
2025-12-28 15:00:00+00:00,32.20053975,28.291304
2025-12-28 16:00:00+00:00,30.630688583333335,27.767231
2025-12-28 17:00:00+00:00,29.596124333333336,27.040087
2025-12-28 18:00:00+00:00,29.710423333333335,26.910994
2025-12-28 19:00:00+00:00,27.89610383333333,27.2164
2025-12-28 20:00:00+00:00,26.675452083333333,27.743116
2025-12-28 21:00:00+00:00,28.967769333333333,29.01396
2025-12-28 22:00:00+00:00,34.55299383333333,30.877504
2025-12-28 23:00:00+00:00,31.82022333333333,31.383623
2025-12-29 00:00:00+00:00,29.384487416666666,31.123985
2025-12-29 01:00:00+00:00,28.494163500000003,29.685383
2025-12-29 02:00:00+00:00,27.78321475,28.871897
2025-12-29 03:00:00+00:00,26.302476416666664,27.46404
2025-12-29 04:00:00+00:00,24.508713333333333,26.146915
2025-12-29 05:00:00+00:00,23.671327333333334,25.0732
2025-12-29 06:00:00+00:00,22.44319908333334,24.242085
2025-12-29 07:00:00+00:00,22.254414916666665,23.79235
2025-12-29 08:00:00+00:00,22.245779666666664,23.535404
2025-12-29 09:00:00+00:00,22.164167000000003,23.037216
2025-12-29 10:00:00+00:00,23.147076916666666,24.537678
2025-12-29 11:00:00+00:00,26.951745416666668,28.98901
2025-12-29 12:00:00+00:00,30.23400183333333,32.132366
2025-12-29 13:00:00+00:00,29.176811083333334,31.874313
2025-12-29 14:00:00+00:00,29.85517358333334,31.830265
2025-12-29 15:00:00+00:00,30.611979833333336,32.440926
2025-12-29 16:00:00+00:00,29.315136749999997,32.038624
2025-12-29 17:00:00+00:00,28.81854675,31.121609
2025-12-29 18:00:00+00:00,28.787113583333333,30.791782
2025-12-29 19:00:00+00:00,27.920108166666665,30.218115
2025-12-29 20:00:00+00:00,30.3210255,29.9549
2025-12-29 21:00:00+00:00,38.46990066666667,31.392313
2025-12-29 22:00:00+00:00,48.27215383333333,33.36991
2025-12-29 23:00:00+00:00,46.127150916666665,32.888275
2025-12-30 00:00:00+00:00,44.68392225000001,31.827614
2025-12-30 01:00:00+00:00,44.403841916666664,43.337887
2025-12-30 02:00:00+00:00,43.182778666666664,40.79425
2025-12-30 03:00:00+00:00,38.148347083333334,35.528168
2025-12-30 04:00:00+00:00,34.18682716666667,32.27582
2025-12-30 05:00:00+00:00,38.929211,30.612896
2025-12-30 06:00:00+00:00,38.46700533333333,29.300365
2025-12-30 07:00:00+00:00,36.639000333333335,28.040827
2025-12-30 08:00:00+00:00,37.83054966666666,28.293297
2025-12-30 09:00:00+00:00,36.686309,29.469603
2025-12-30 10:00:00+00:00,44.98264391666667,32.399967
2025-12-30 11:00:00+00:00,56.53976683333333,37.3909
2025-12-30 12:00:00+00:00,75.99357658333334,41.55236
2025-12-30 13:00:00+00:00,59.763385916666664,41.308662
2025-12-30 14:00:00+00:00,46.489838416666665,39.24578
2025-12-30 15:00:00+00:00,51.29422808333334,37.97547
2025-12-30 16:00:00+00:00,46.08772341666667,36.831596
2025-12-30 17:00:00+00:00,42.76084016666667,36.416656
2025-12-30 18:00:00+00:00,42.422540500000004,36.60395
2025-12-30 19:00:00+00:00,41.63068766666667,37.13877
2025-12-30 20:00:00+00:00,43.17408833333333,38.96156
2025-12-30 21:00:00+00:00,59.693292500000005,44.7264
2025-12-30 22:00:00+00:00,73.05274116666666,51.863335
2025-12-30 23:00:00+00:00,65.5012805,51.466415
2025-12-31 00:00:00+00:00,63.80384433333333,47.21579
