datetime_utc,predicted
2024-01-01 00:00:00+00:00,30.004358624092525
2024-01-01 01:00:00+00:00,31.27115407761639
2024-01-01 02:00:00+00:00,30.96860441327332
2024-01-01 03:00:00+00:00,30.75692071575756
2024-01-01 04:00:00+00:00,30.423712653871345
2024-01-01 05:00:00+00:00,29.56652757159107
2024-01-01 06:00:00+00:00,25.294154670051352
2024-01-01 07:00:00+00:00,18.768251116626757
2024-01-01 08:00:00+00:00,34.187120962373854
2024-01-01 09:00:00+00:00,46.03205631359223
2024-01-01 10:00:00+00:00,44.048250088353164
2024-01-01 11:00:00+00:00,40.66962129932566
2024-01-01 12:00:00+00:00,40.657862354255705
2024-01-01 13:00:00+00:00,36.57165931798783
2024-01-01 14:00:00+00:00,34.18745664855193
2024-01-01 15:00:00+00:00,33.5684400432148
2024-01-01 16:00:00+00:00,30.49105547832911
2024-01-01 17:00:00+00:00,29.31066705429322
2024-01-01 18:00:00+00:00,29.22692532014706
2024-01-01 19:00:00+00:00,27.86954751282933
2024-01-01 20:00:00+00:00,26.12781826476625
2024-01-01 21:00:00+00:00,24.093838600835706
2024-01-01 22:00:00+00:00,25.663980598552502
2024-01-01 23:00:00+00:00,26.196526986864825
2024-01-02 00:00:00+00:00,27.46064539619642
2024-01-02 01:00:00+00:00,28.607202959127527
2024-01-02 02:00:00+00:00,28.363902302419277
2024-01-02 03:00:00+00:00,28.44653273631347
2024-01-02 04:00:00+00:00,28.47570088476112
2024-01-02 05:00:00+00:00,28.45246511298012
2024-01-02 06:00:00+00:00,24.424895814333304
2024-01-02 07:00:00+00:00,20.914021237897504
2024-01-02 08:00:00+00:00,29.424339454444265
2024-01-02 09:00:00+00:00,33.877893569045305
2024-01-02 10:00:00+00:00,33.87888309027596
2024-01-02 11:00:00+00:00,34.03958180449795
2024-01-02 12:00:00+00:00,34.04251865460136
2024-01-02 13:00:00+00:00,33.911362016764095
2024-01-02 14:00:00+00:00,31.446590957030914
2024-01-02 15:00:00+00:00,29.59322331851018
2024-01-02 16:00:00+00:00,28.100593116397476
2024-01-02 17:00:00+00:00,24.512972006795174
2024-01-02 18:00:00+00:00,25.874280780526085
2024-01-02 19:00:00+00:00,27.538245873634793
2024-01-02 20:00:00+00:00,29.43524306133725
2024-01-02 21:00:00+00:00,29.565210203543632
2024-01-02 22:00:00+00:00,29.626551657351857
2024-01-02 23:00:00+00:00,29.300977900324515
2024-01-03 00:00:00+00:00,27.994633439145183
2024-01-03 01:00:00+00:00,27.106895241153104
2024-01-03 02:00:00+00:00,32.1345372285902
2024-01-03 03:00:00+00:00,36.3140488796932
2024-01-03 04:00:00+00:00,40.41394835690149
2024-01-03 05:00:00+00:00,43.7036437736795
2024-01-03 06:00:00+00:00,32.596079631429355
2024-01-03 07:00:00+00:00,20.72221802491852
2024-01-03 08:00:00+00:00,30.319852207212442
2024-01-03 09:00:00+00:00,40.42391068145602
2024-01-03 10:00:00+00:00,39.01184313734838
2024-01-03 11:00:00+00:00,37.22325479847624
2024-01-03 12:00:00+00:00,34.81340766897362
2024-01-03 13:00:00+00:00,33.4004213910458
2024-01-03 14:00:00+00:00,32.02231848127169
2024-01-03 15:00:00+00:00,29.74817557514359
2024-01-03 16:00:00+00:00,27.90889557332544
2024-01-03 17:00:00+00:00,24.06597880517819
2024-01-03 18:00:00+00:00,25.986526059792038
2024-01-03 19:00:00+00:00,26.151137141539735
2024-01-03 20:00:00+00:00,26.147089186930543
2024-01-03 21:00:00+00:00,26.621961797155276
2024-01-03 22:00:00+00:00,27.000483401047322
2024-01-03 23:00:00+00:00,27.12817926223672
2024-01-04 00:00:00+00:00,27.474433549706234
2024-01-04 01:00:00+00:00,27.749795865598497
2024-01-04 02:00:00+00:00,34.01012671751235
2024-01-04 03:00:00+00:00,38.964264763449656
2024-01-04 04:00:00+00:00,37.84809557540045
2024-01-04 05:00:00+00:00,38.970408756199966
2024-01-04 06:00:00+00:00,30.28139556916662
2024-01-04 07:00:00+00:00,23.883432894036755
2024-01-04 08:00:00+00:00,32.93735295135776
2024-01-04 09:00:00+00:00,49.52074316989134
2024-01-04 10:00:00+00:00,44.49987768216585
2024-01-04 11:00:00+00:00,43.70349004888767
2024-01-04 12:00:00+00:00,37.28720630672963
2024-01-04 13:00:00+00:00,34.782172862215035
2024-01-04 14:00:00+00:00,34.43421071075069
2024-01-04 15:00:00+00:00,31.411631162163292
2024-01-04 16:00:00+00:00,28.16725933971329
2024-01-04 17:00:00+00:00,26.70716589521925
2024-01-04 18:00:00+00:00,27.830983745167433
2024-01-04 19:00:00+00:00,28.193802812376724
2024-01-04 20:00:00+00:00,27.511541632743477
2024-01-04 21:00:00+00:00,27.771316638406876
2024-01-04 22:00:00+00:00,28.595657170990197
2024-01-04 23:00:00+00:00,28.510876306386482
2024-01-05 00:00:00+00:00,27.318543990929893
2024-01-05 01:00:00+00:00,26.94151875982301
2024-01-05 02:00:00+00:00,29.343362807451975
2024-01-05 03:00:00+00:00,29.844253760620525
2024-01-05 04:00:00+00:00,30.047999764503917
2024-01-05 05:00:00+00:00,29.392731039974016
2024-01-05 06:00:00+00:00,28.567801521803247
2024-01-05 07:00:00+00:00,18.769668840969672
2024-01-05 08:00:00+00:00,28.859424320215275
2024-01-05 09:00:00+00:00,35.20436176471098
2024-01-05 10:00:00+00:00,37.06218022642819
2024-01-05 11:00:00+00:00,40.41115464428375
2024-01-05 12:00:00+00:00,40.125611945533365
2024-01-05 13:00:00+00:00,41.062657562728475
2024-01-05 14:00:00+00:00,38.97524522327414
2024-01-05 15:00:00+00:00,30.539533412003593
2024-01-05 16:00:00+00:00,29.658321847435946
2024-01-05 17:00:00+00:00,25.05452987193946
2024-01-05 18:00:00+00:00,28.461895949640656
2024-01-05 19:00:00+00:00,28.94212278408923
2024-01-05 20:00:00+00:00,29.34866827040268
2024-01-05 21:00:00+00:00,29.978021121627773
2024-01-05 22:00:00+00:00,29.416789260607697
2024-01-05 23:00:00+00:00,28.800798512014847
2024-01-06 00:00:00+00:00,26.885189162289148
2024-01-06 01:00:00+00:00,25.751084704556774
2024-01-06 02:00:00+00:00,27.113966181600844
2024-01-06 03:00:00+00:00,28.66643851457515
2024-01-06 04:00:00+00:00,28.675495235900325
2024-01-06 05:00:00+00:00,35.23469546016959
2024-01-06 06:00:00+00:00,25.396827700142214
2024-01-06 07:00:00+00:00,18.42688964600089
2024-01-06 08:00:00+00:00,28.722404791712773
2024-01-06 09:00:00+00:00,40.8668150267105
2024-01-06 10:00:00+00:00,42.21040483881864
2024-01-06 11:00:00+00:00,40.10834323226299
2024-01-06 12:00:00+00:00,39.47249278093307
2024-01-06 13:00:00+00:00,38.062247451347936
2024-01-06 14:00:00+00:00,35.34304563643342
2024-01-06 15:00:00+00:00,31.911302141666415
2024-01-06 16:00:00+00:00,29.631238942552073
2024-01-06 17:00:00+00:00,26.53137120525661
2024-01-06 18:00:00+00:00,25.88997219195631
2024-01-06 19:00:00+00:00,26.46294788887617
2024-01-06 20:00:00+00:00,26.13348429769903
2024-01-06 21:00:00+00:00,25.230215576629355
2024-01-06 22:00:00+00:00,27.261391091891145
2024-01-06 23:00:00+00:00,28.432966423572303
2024-01-07 00:00:00+00:00,30.60970270369334
2024-01-07 01:00:00+00:00,32.242996860797966
2024-01-07 02:00:00+00:00,32.79759820239148
2024-01-07 03:00:00+00:00,31.894014051614214
2024-01-07 04:00:00+00:00,28.7795939044274
2024-01-07 05:00:00+00:00,28.24534217946732
2024-01-07 06:00:00+00:00,26.62828828155704
2024-01-07 07:00:00+00:00,24.752242609213642
2024-01-07 08:00:00+00:00,56.426996965365994
2024-01-07 09:00:00+00:00,56.922155425353104
2024-01-07 10:00:00+00:00,59.27811838960424
2024-01-07 11:00:00+00:00,58.394527162118244
2024-01-07 12:00:00+00:00,50.40361537618573
2024-01-07 13:00:00+00:00,39.10126616818168
2024-01-07 14:00:00+00:00,36.63482634408307
2024-01-07 15:00:00+00:00,32.751041142352186
2024-01-07 16:00:00+00:00,28.249058315842817
2024-01-07 17:00:00+00:00,23.421662077375252
2024-01-07 18:00:00+00:00,22.97822011013496
2024-01-07 19:00:00+00:00,22.76374292456248
2024-01-07 20:00:00+00:00,22.857419995791716
2024-01-07 21:00:00+00:00,22.9111215426478
2024-01-07 22:00:00+00:00,25.66499982275073
2024-01-07 23:00:00+00:00,26.16464040000045
2024-01-08 00:00:00+00:00,27.529967916057984
2024-01-08 01:00:00+00:00,27.912573209953806
2024-01-08 02:00:00+00:00,28.66650298739016
2024-01-08 03:00:00+00:00,28.692446459622545
2024-01-08 04:00:00+00:00,28.5044837462422
2024-01-08 05:00:00+00:00,27.435371862872955
2024-01-08 06:00:00+00:00,26.080841786879468
2024-01-08 07:00:00+00:00,24.90558832330664
2024-01-08 08:00:00+00:00,49.25645540503663
2024-01-08 09:00:00+00:00,39.9280330259019
2024-01-08 10:00:00+00:00,43.51434354711555
2024-01-08 11:00:00+00:00,41.60771712452754
2024-01-08 12:00:00+00:00,48.98310939562642
2024-01-08 13:00:00+00:00,43.27675916797051
2024-01-08 14:00:00+00:00,35.89278443988715
2024-01-08 15:00:00+00:00,35.141698677799745
2024-01-08 16:00:00+00:00,32.20207133732577
2024-01-08 17:00:00+00:00,27.805508464813368
2024-01-08 18:00:00+00:00,27.992068194652354
2024-01-08 19:00:00+00:00,26.876391035500674
2024-01-08 20:00:00+00:00,27.289768802922318
2024-01-08 21:00:00+00:00,25.448396154082662
2024-01-08 22:00:00+00:00,27.430851604811263
2024-01-08 23:00:00+00:00,26.88946829523121
2024-01-09 00:00:00+00:00,27.244671961654422
2024-01-09 01:00:00+00:00,27.640786033512253
2024-01-09 02:00:00+00:00,28.4914271264854
2024-01-09 03:00:00+00:00,29.19674475163389
2024-01-09 04:00:00+00:00,30.706342117845296
2024-01-09 05:00:00+00:00,30.743758011600722
2024-01-09 06:00:00+00:00,22.356399868648783
2024-01-09 07:00:00+00:00,17.681476746028988
2024-01-09 08:00:00+00:00,23.89005073899952
2024-01-09 09:00:00+00:00,39.20148888549209
2024-01-09 10:00:00+00:00,36.3521416308232
2024-01-09 11:00:00+00:00,36.90685173581829
2024-01-09 12:00:00+00:00,39.18886673588157
2024-01-09 13:00:00+00:00,39.08708438870473
2024-01-09 14:00:00+00:00,36.890964572942636
2024-01-09 15:00:00+00:00,33.65485295863526
2024-01-09 16:00:00+00:00,31.346871636931645
2024-01-09 17:00:00+00:00,28.946384096166977
2024-01-09 18:00:00+00:00,28.27104257990368
2024-01-09 19:00:00+00:00,27.258512407024547
2024-01-09 20:00:00+00:00,24.918839435120134
2024-01-09 21:00:00+00:00,22.900165651019755
2024-01-09 22:00:00+00:00,27.536392946001307
2024-01-09 23:00:00+00:00,28.9141989540995
2024-01-10 00:00:00+00:00,30.756684752451477
2024-01-10 01:00:00+00:00,31.39848745028546
2024-01-10 02:00:00+00:00,31.545684345223158
2024-01-10 03:00:00+00:00,30.893544620272127
2024-01-10 04:00:00+00:00,30.13883115238371
2024-01-10 05:00:00+00:00,29.426743696997505
2024-01-10 06:00:00+00:00,26.25269292575711
2024-01-10 07:00:00+00:00,23.042190874428094
2024-01-10 08:00:00+00:00,32.53442250372695
2024-01-10 09:00:00+00:00,52.23432987962678
2024-01-10 10:00:00+00:00,51.79670142951184
2024-01-10 11:00:00+00:00,49.752194960903154
2024-01-10 12:00:00+00:00,48.56189428406412
2024-01-10 13:00:00+00:00,39.29390779600206
2024-01-10 14:00:00+00:00,38.18072090704397
2024-01-10 15:00:00+00:00,35.547459921106885
2024-01-10 16:00:00+00:00,32.967628547937984
2024-01-10 17:00:00+00:00,29.564131657935192
2024-01-10 18:00:00+00:00,27.91680465103184
2024-01-10 19:00:00+00:00,26.758805957508073
2024-01-10 20:00:00+00:00,25.895860529348607
2024-01-10 21:00:00+00:00,24.25726664050152
2024-01-10 22:00:00+00:00,25.36880733180741
2024-01-10 23:00:00+00:00,25.348493974805518
2024-01-11 00:00:00+00:00,24.87302768395186
2024-01-11 01:00:00+00:00,24.157579490313978
2024-01-11 02:00:00+00:00,29.349464389905805
2024-01-11 03:00:00+00:00,33.70351624588171
2024-01-11 04:00:00+00:00,36.018243328086314
2024-01-11 05:00:00+00:00,38.60820718533713
2024-01-11 06:00:00+00:00,30.671878421266324
2024-01-11 07:00:00+00:00,21.735122545889062
2024-01-11 08:00:00+00:00,30.11530129740349
2024-01-11 09:00:00+00:00,43.99955224775653
2024-01-11 10:00:00+00:00,49.236985816233016
2024-01-11 11:00:00+00:00,55.133560670889075
2024-01-11 12:00:00+00:00,74.85062057092254
2024-01-11 13:00:00+00:00,54.56204056469372
2024-01-11 14:00:00+00:00,46.76285682054792
2024-01-11 15:00:00+00:00,41.497186676230264
2024-01-11 16:00:00+00:00,36.83344962557273
2024-01-11 17:00:00+00:00,31.828556822902055
2024-01-11 18:00:00+00:00,29.193906600894824
2024-01-11 19:00:00+00:00,26.97664011719663
2024-01-11 20:00:00+00:00,26.035108768898983
2024-01-11 21:00:00+00:00,22.0641445699332
2024-01-11 22:00:00+00:00,23.56270059436905
2024-01-11 23:00:00+00:00,23.278582432659878
2024-01-12 00:00:00+00:00,23.40085434978046
2024-01-12 01:00:00+00:00,23.22313802067631
2024-01-12 02:00:00+00:00,26.345347566528343
2024-01-12 03:00:00+00:00,28.61868276548522
2024-01-12 04:00:00+00:00,29.23083038407307
2024-01-12 05:00:00+00:00,30.558776339131423
2024-01-12 06:00:00+00:00,24.923727528664397
2024-01-12 07:00:00+00:00,20.417075771865242
2024-01-12 08:00:00+00:00,28.85285876013466
2024-01-12 09:00:00+00:00,37.4014801855066
2024-01-12 10:00:00+00:00,39.48912598757181
2024-01-12 11:00:00+00:00,35.492581886414
2024-01-12 12:00:00+00:00,31.896583388286505
2024-01-12 13:00:00+00:00,32.44418667058997
2024-01-12 14:00:00+00:00,33.688527768928864
2024-01-12 15:00:00+00:00,36.74671203731449
2024-01-12 16:00:00+00:00,37.185104965728655
2024-01-12 17:00:00+00:00,29.81881737368479
2024-01-12 18:00:00+00:00,28.635229993533628
2024-01-12 19:00:00+00:00,28.181335210140915
2024-01-12 20:00:00+00:00,26.450108168785782
2024-01-12 21:00:00+00:00,25.4935589626378
2024-01-12 22:00:00+00:00,25.12109793888599
2024-01-12 23:00:00+00:00,26.12024658643147
2024-01-13 00:00:00+00:00,27.083692567835662
2024-01-13 01:00:00+00:00,26.88738202249541
2024-01-13 02:00:00+00:00,28.52350608275045
2024-01-13 03:00:00+00:00,29.035359672289587
2024-01-13 04:00:00+00:00,29.8310985218721
2024-01-13 05:00:00+00:00,31.289425261278815
2024-01-13 06:00:00+00:00,24.265589484697095
2024-01-13 07:00:00+00:00,21.709642732930075
2024-01-13 08:00:00+00:00,32.047875857378514
2024-01-13 09:00:00+00:00,41.654521807618536
2024-01-13 10:00:00+00:00,41.2808631001218
2024-01-13 11:00:00+00:00,39.156272806954924
2024-01-13 12:00:00+00:00,43.554303678878114
2024-01-13 13:00:00+00:00,43.13997702425491
2024-01-13 14:00:00+00:00,39.39728156775115
2024-01-13 15:00:00+00:00,37.14793795310881
2024-01-13 16:00:00+00:00,33.03103257697291
2024-01-13 17:00:00+00:00,30.208549564583976
2024-01-13 18:00:00+00:00,29.500496000798314
2024-01-13 19:00:00+00:00,29.486152467103516
2024-01-13 20:00:00+00:00,29.928806246684744
2024-01-13 21:00:00+00:00,29.45584120990487
2024-01-13 22:00:00+00:00,27.996927132031658
2024-01-13 23:00:00+00:00,25.655771859673724
2024-01-14 00:00:00+00:00,24.44104802480298
2024-01-14 01:00:00+00:00,22.35864326442653
2024-01-14 02:00:00+00:00,28.474982874878936
2024-01-14 03:00:00+00:00,31.58255470297749
2024-01-14 04:00:00+00:00,34.746370026089394
2024-01-14 05:00:00+00:00,36.67130880389204
2024-01-14 06:00:00+00:00,29.983220669420145
2024-01-14 07:00:00+00:00,16.370547688762134
2024-01-14 08:00:00+00:00,33.04950305531286
2024-01-14 09:00:00+00:00,44.221641586759
2024-01-14 10:00:00+00:00,47.14290234687027
2024-01-14 11:00:00+00:00,47.48921251743499
2024-01-14 12:00:00+00:00,53.88324520822245
2024-01-14 13:00:00+00:00,52.878761213056556
2024-01-14 14:00:00+00:00,45.04293578942286
2024-01-14 15:00:00+00:00,40.47793594647996
2024-01-14 16:00:00+00:00,33.32896970979396
2024-01-14 17:00:00+00:00,29.01536865642189
2024-01-14 18:00:00+00:00,31.11146153254988
2024-01-14 19:00:00+00:00,30.715558847739185
2024-01-14 20:00:00+00:00,30.772492391209223
2024-01-14 21:00:00+00:00,29.7325273003544
2024-01-14 22:00:00+00:00,29.344720145384283
2024-01-14 23:00:00+00:00,27.433829346495838
2024-01-15 00:00:00+00:00,27.03365710957881
2024-01-15 01:00:00+00:00,25.305218369676407
2024-01-15 02:00:00+00:00,26.15686452907434
2024-01-15 03:00:00+00:00,27.459821283910344
2024-01-15 04:00:00+00:00,28.185192316673408
2024-01-15 05:00:00+00:00,28.741108350951954
2024-01-15 06:00:00+00:00,29.27072833206769
2024-01-15 07:00:00+00:00,28.475462506330373
2024-01-15 08:00:00+00:00,38.46260649261544
2024-01-15 09:00:00+00:00,46.11384778524044
2024-01-15 10:00:00+00:00,50.782009794368435
2024-01-15 11:00:00+00:00,49.30118441178044
2024-01-15 12:00:00+00:00,45.08674957454479
2024-01-15 13:00:00+00:00,43.105589417766325
2024-01-15 14:00:00+00:00,42.10214686514165
2024-01-15 15:00:00+00:00,35.68170459998268
2024-01-15 16:00:00+00:00,35.18731608735262
2024-01-15 17:00:00+00:00,34.24006521634194
2024-01-15 18:00:00+00:00,33.381314999142944
2024-01-15 19:00:00+00:00,31.4749450074722
2024-01-15 20:00:00+00:00,31.3612976752
2024-01-15 21:00:00+00:00,30.506507858653556
2024-01-15 22:00:00+00:00,29.417833411549125
2024-01-15 23:00:00+00:00,26.699070629191404
2024-01-16 00:00:00+00:00,25.860662151812875
2024-01-16 01:00:00+00:00,24.70605311378898
2024-01-16 02:00:00+00:00,24.84288612904383
2024-01-16 03:00:00+00:00,26.734935267726886
2024-01-16 04:00:00+00:00,26.875693026828877
2024-01-16 05:00:00+00:00,26.20572575049736
2024-01-16 06:00:00+00:00,47.311180197468225
2024-01-16 07:00:00+00:00,88.69501797943784
2024-01-16 08:00:00+00:00,52.01083606717313
2024-01-16 09:00:00+00:00,41.74224968860794
2024-01-16 10:00:00+00:00,40.637354188741895
2024-01-16 11:00:00+00:00,38.92657253220409
2024-01-16 12:00:00+00:00,37.458913722900775
2024-01-16 13:00:00+00:00,36.25686347961742
2024-01-16 14:00:00+00:00,34.96393596025854
2024-01-16 15:00:00+00:00,34.38747201441931
2024-01-16 16:00:00+00:00,31.977872324483457
2024-01-16 17:00:00+00:00,30.37974529934361
2024-01-16 18:00:00+00:00,30.945561838537614
2024-01-16 19:00:00+00:00,31.642975794427137
2024-01-16 20:00:00+00:00,30.829877388255724
2024-01-16 21:00:00+00:00,30.579590577332404
2024-01-16 22:00:00+00:00,30.880491705385175
2024-01-16 23:00:00+00:00,31.19385703628238
2024-01-17 00:00:00+00:00,29.097439929223075
2024-01-17 01:00:00+00:00,29.099634068541846
2024-01-17 02:00:00+00:00,29.245577990349503
2024-01-17 03:00:00+00:00,28.77166248369619
2024-01-17 04:00:00+00:00,28.39074479361467
2024-01-17 05:00:00+00:00,26.037136489281586
2024-01-17 06:00:00+00:00,46.32899400412307
2024-01-17 07:00:00+00:00,64.48775686839299
2024-01-17 08:00:00+00:00,35.42202085071786
2024-01-17 09:00:00+00:00,32.21324345746186
2024-01-17 10:00:00+00:00,34.66275087489759
2024-01-17 11:00:00+00:00,38.757867412368036
2024-01-17 12:00:00+00:00,40.787790245255096
2024-01-17 13:00:00+00:00,37.63957244220403
2024-01-17 14:00:00+00:00,39.793676678895466
2024-01-17 15:00:00+00:00,34.83580757260445
2024-01-17 16:00:00+00:00,32.12414647847179
2024-01-17 17:00:00+00:00,27.649170925051003
2024-01-17 18:00:00+00:00,27.84457738255542
2024-01-17 19:00:00+00:00,28.57283695623616
2024-01-17 20:00:00+00:00,29.4755553522376
2024-01-17 21:00:00+00:00,29.762726385201738
2024-01-17 22:00:00+00:00,29.32453942152386
2024-01-17 23:00:00+00:00,28.76882616137614
2024-01-18 00:00:00+00:00,29.906921405422672
2024-01-18 01:00:00+00:00,29.83585795577173
2024-01-18 02:00:00+00:00,27.288373094347023
2024-01-18 03:00:00+00:00,26.190941477350442
2024-01-18 04:00:00+00:00,24.668619835511958
2024-01-18 05:00:00+00:00,22.066660851424725
2024-01-18 06:00:00+00:00,38.87247726089341
2024-01-18 07:00:00+00:00,44.80482395294579
2024-01-18 08:00:00+00:00,42.06273636135072
2024-01-18 09:00:00+00:00,51.50112873301611
2024-01-18 10:00:00+00:00,47.989954476844666
2024-01-18 11:00:00+00:00,44.665037616877385
2024-01-18 12:00:00+00:00,37.32140468329123
2024-01-18 13:00:00+00:00,31.694957833850136
2024-01-18 14:00:00+00:00,31.314149700641057
2024-01-18 15:00:00+00:00,30.613319824134702
2024-01-18 16:00:00+00:00,29.336236528097736
2024-01-18 17:00:00+00:00,26.334710410739966
2024-01-18 18:00:00+00:00,26.132512681784814
2024-01-18 19:00:00+00:00,26.729353183819665
2024-01-18 20:00:00+00:00,26.598040298623072
2024-01-18 21:00:00+00:00,26.929279227881693
2024-01-18 22:00:00+00:00,33.3927236745122
2024-01-18 23:00:00+00:00,42.27221947138335
2024-01-19 00:00:00+00:00,46.42273601655845
2024-01-19 01:00:00+00:00,76.08638158941457
2024-01-19 02:00:00+00:00,46.01488849922047
2024-01-19 03:00:00+00:00,42.18316389864351
2024-01-19 04:00:00+00:00,30.4883792114004
2024-01-19 05:00:00+00:00,28.001469362302597
2024-01-19 06:00:00+00:00,30.06229856528668
2024-01-19 07:00:00+00:00,24.782155565072934
2024-01-19 08:00:00+00:00,36.73254355745535
2024-01-19 09:00:00+00:00,35.717995633103165
2024-01-19 10:00:00+00:00,36.91917913753094
2024-01-19 11:00:00+00:00,36.32782516274569
2024-01-19 12:00:00+00:00,37.214430953699626
2024-01-19 13:00:00+00:00,37.02917286328112
2024-01-19 14:00:00+00:00,34.19409481697356
2024-01-19 15:00:00+00:00,31.856568498072374
2024-01-19 16:00:00+00:00,30.533317022883068
2024-01-19 17:00:00+00:00,28.52156264497622
2024-01-19 18:00:00+00:00,28.739359734737366
2024-01-19 19:00:00+00:00,29.02425089029488
2024-01-19 20:00:00+00:00,28.501891469157542
2024-01-19 21:00:00+00:00,27.576340498398668
2024-01-19 22:00:00+00:00,28.300502372857864
2024-01-19 23:00:00+00:00,28.651451909244273
2024-01-20 00:00:00+00:00,29.621620831671564
2024-01-20 01:00:00+00:00,28.658633084453037
2024-01-20 02:00:00+00:00,28.526207704948177
2024-01-20 03:00:00+00:00,27.775683357127136
2024-01-20 04:00:00+00:00,26.5363884601043
2024-01-20 05:00:00+00:00,25.95290843147525
2024-01-20 06:00:00+00:00,22.951290551136385
2024-01-20 07:00:00+00:00,22.038359310647845
2024-01-20 08:00:00+00:00,37.101828272788694
2024-01-20 09:00:00+00:00,33.88238399225475
2024-01-20 10:00:00+00:00,42.74060943957598
2024-01-20 11:00:00+00:00,38.655790239126446
2024-01-20 12:00:00+00:00,39.736380796214284
2024-01-20 13:00:00+00:00,37.27419664439341
2024-01-20 14:00:00+00:00,35.72420548554413
2024-01-20 15:00:00+00:00,33.16195110946645
2024-01-20 16:00:00+00:00,31.389691011976943
2024-01-20 17:00:00+00:00,27.867730712950802
2024-01-20 18:00:00+00:00,26.83402339272937
2024-01-20 19:00:00+00:00,27.237738415102456
2024-01-20 20:00:00+00:00,26.64723652800609
2024-01-20 21:00:00+00:00,26.33355595021998
2024-01-20 22:00:00+00:00,27.872784017470167
2024-01-20 23:00:00+00:00,29.9699831741029
2024-01-21 00:00:00+00:00,32.530069769202846
2024-01-21 01:00:00+00:00,34.273475924248906
2024-01-21 02:00:00+00:00,36.795686175878494
2024-01-21 03:00:00+00:00,33.28528410650333
2024-01-21 04:00:00+00:00,32.1798256086397
2024-01-21 05:00:00+00:00,30.009115328382173
2024-01-21 06:00:00+00:00,33.52613611811675
2024-01-21 07:00:00+00:00,30.38144440679749
2024-01-21 08:00:00+00:00,39.03488703442886
2024-01-21 09:00:00+00:00,51.62729155599356
2024-01-21 10:00:00+00:00,48.368281299619895
2024-01-21 11:00:00+00:00,41.649403705176354
2024-01-21 12:00:00+00:00,36.776812619220415
2024-01-21 13:00:00+00:00,29.266133876732678
2024-01-21 14:00:00+00:00,29.235343695630135
2024-01-21 15:00:00+00:00,29.233189164677427
2024-01-21 16:00:00+00:00,29.519617576908146
2024-01-21 17:00:00+00:00,28.871174667160084
2024-01-21 18:00:00+00:00,27.64908549087879
2024-01-21 19:00:00+00:00,26.840569302138356
2024-01-21 20:00:00+00:00,24.550937414784684
2024-01-21 21:00:00+00:00,22.726617799056857
2024-01-21 22:00:00+00:00,27.702221921657326
2024-01-21 23:00:00+00:00,30.62191507193272
2024-01-22 00:00:00+00:00,34.53406008574911
2024-01-22 01:00:00+00:00,41.858917892154594
2024-01-22 02:00:00+00:00,43.30962320763555
2024-01-22 03:00:00+00:00,47.42377986060692
2024-01-22 04:00:00+00:00,44.968284313141574
2024-01-22 05:00:00+00:00,39.40870984890764
2024-01-22 06:00:00+00:00,44.55812100464099
2024-01-22 07:00:00+00:00,19.52898760030471
2024-01-22 08:00:00+00:00,28.37619146717826
2024-01-22 09:00:00+00:00,36.51745956364056
2024-01-22 10:00:00+00:00,44.310940640637625
2024-01-22 11:00:00+00:00,44.598161232977766
2024-01-22 12:00:00+00:00,51.124592340001335
2024-01-22 13:00:00+00:00,52.546929595941236
2024-01-22 14:00:00+00:00,48.44951982977938
2024-01-22 15:00:00+00:00,42.26322008016048
2024-01-22 16:00:00+00:00,33.99111704989576
2024-01-22 17:00:00+00:00,25.56933012923787
2024-01-22 18:00:00+00:00,24.933802552648622
2024-01-22 19:00:00+00:00,24.696127799200887
2024-01-22 20:00:00+00:00,23.53886929027839
2024-01-22 21:00:00+00:00,22.84308289434993
2024-01-22 22:00:00+00:00,24.77863878411761
2024-01-22 23:00:00+00:00,26.392761135840303
2024-01-23 00:00:00+00:00,27.502958786186007
2024-01-23 01:00:00+00:00,28.36577107796979
2024-01-23 02:00:00+00:00,42.30468466760775
2024-01-23 03:00:00+00:00,46.18289892295651
2024-01-23 04:00:00+00:00,48.12338687899552
2024-01-23 05:00:00+00:00,41.35536927521066
2024-01-23 06:00:00+00:00,63.86908058593916
2024-01-23 07:00:00+00:00,18.445044255534885
2024-01-23 08:00:00+00:00,29.85942113527183
2024-01-23 09:00:00+00:00,42.13022129383987
2024-01-23 10:00:00+00:00,41.840942280299224
2024-01-23 11:00:00+00:00,41.836931686474955
2024-01-23 12:00:00+00:00,35.384653719503895
2024-01-23 13:00:00+00:00,34.6382193878466
2024-01-23 14:00:00+00:00,29.97166940301033
2024-01-23 15:00:00+00:00,29.82774353801755
2024-01-23 16:00:00+00:00,29.273009607249058
2024-01-23 17:00:00+00:00,25.4941819685679
2024-01-23 18:00:00+00:00,25.44011983908024
2024-01-23 19:00:00+00:00,26.12845982443533
2024-01-23 20:00:00+00:00,25.930643314990395
2024-01-23 21:00:00+00:00,26.51520293973584
2024-01-23 22:00:00+00:00,27.87633465683592
2024-01-23 23:00:00+00:00,29.211431413481087
2024-01-24 00:00:00+00:00,29.23549137417134
2024-01-24 01:00:00+00:00,29.116009393560745
2024-01-24 02:00:00+00:00,33.56754558835962
2024-01-24 03:00:00+00:00,33.48511609942262
2024-01-24 04:00:00+00:00,33.26743901086928
2024-01-24 05:00:00+00:00,36.769146645040436
2024-01-24 06:00:00+00:00,31.73918680411034
2024-01-24 07:00:00+00:00,22.06514103560029
2024-01-24 08:00:00+00:00,25.914347608357623
2024-01-24 09:00:00+00:00,26.12000354821705
2024-01-24 10:00:00+00:00,27.59179009649195
2024-01-24 11:00:00+00:00,28.77240528487126
2024-01-24 12:00:00+00:00,29.381267049327462
2024-01-24 13:00:00+00:00,28.816700064487595
2024-01-24 14:00:00+00:00,28.2452529539488
2024-01-24 15:00:00+00:00,28.89450029673697
2024-01-24 16:00:00+00:00,27.85997915633856
2024-01-24 17:00:00+00:00,25.72510056529092
2024-01-24 18:00:00+00:00,26.638817173806547
2024-01-24 19:00:00+00:00,26.08606614230012
2024-01-24 20:00:00+00:00,25.21546316863819
2024-01-24 21:00:00+00:00,25.812143875498773
2024-01-24 22:00:00+00:00,26.781580383577754
2024-01-24 23:00:00+00:00,27.23204306843996
2024-01-25 00:00:00+00:00,29.969320352061164
2024-01-25 01:00:00+00:00,30.440689320182443
2024-01-25 02:00:00+00:00,32.06183474818608
2024-01-25 03:00:00+00:00,36.883814241278145
2024-01-25 04:00:00+00:00,39.44855688894605
2024-01-25 05:00:00+00:00,45.46014806068688
2024-01-25 06:00:00+00:00,36.379752202225774
2024-01-25 07:00:00+00:00,24.73887141161
2024-01-25 08:00:00+00:00,29.511184873917394
2024-01-25 09:00:00+00:00,32.581836217374075
2024-01-25 10:00:00+00:00,31.929902526809006
2024-01-25 11:00:00+00:00,31.299265428583155
2024-01-25 12:00:00+00:00,31.0716835231318
2024-01-25 13:00:00+00:00,30.956257555725745
2024-01-25 14:00:00+00:00,28.088017655877547
2024-01-25 15:00:00+00:00,27.257231840138267
2024-01-25 16:00:00+00:00,24.876118033820457
2024-01-25 17:00:00+00:00,21.620201728086453
2024-01-25 18:00:00+00:00,21.416512497228975
2024-01-25 19:00:00+00:00,21.56810542658457
2024-01-25 20:00:00+00:00,21.962945391210724
2024-01-25 21:00:00+00:00,22.884210446368805
2024-01-25 22:00:00+00:00,25.795016790316225
2024-01-25 23:00:00+00:00,27.807981975760253
2024-01-26 00:00:00+00:00,29.193382882055285
2024-01-26 01:00:00+00:00,30.806263190912812
2024-01-26 02:00:00+00:00,38.65829107350039
2024-01-26 03:00:00+00:00,52.695141999626344
2024-01-26 04:00:00+00:00,65.77145704468914
2024-01-26 05:00:00+00:00,69.13194875436788
2024-01-26 06:00:00+00:00,67.99472949266018
2024-01-26 07:00:00+00:00,21.500891757924744
2024-01-26 08:00:00+00:00,25.162232888375033
2024-01-26 09:00:00+00:00,26.5542001100509
2024-01-26 10:00:00+00:00,25.47299350460727
2024-01-26 11:00:00+00:00,24.016327112107604
2024-01-26 12:00:00+00:00,23.594778118372243
2024-01-26 13:00:00+00:00,23.63503618505645
2024-01-26 14:00:00+00:00,27.219491777588225
2024-01-26 15:00:00+00:00,30.891356962827363
2024-01-26 16:00:00+00:00,32.333705167528514
2024-01-26 17:00:00+00:00,30.596594612601603
2024-01-26 18:00:00+00:00,31.89485870886175
2024-01-26 19:00:00+00:00,30.674109252766765
2024-01-26 20:00:00+00:00,26.193450279910724
2024-01-26 21:00:00+00:00,22.326723308034058
2024-01-26 22:00:00+00:00,22.111107488051054
2024-01-26 23:00:00+00:00,22.649574666640877
2024-01-27 00:00:00+00:00,23.363978196259637
2024-01-27 01:00:00+00:00,25.341378925697853
2024-01-27 02:00:00+00:00,29.748707545466253
2024-01-27 03:00:00+00:00,33.66159206892814
2024-01-27 04:00:00+00:00,37.78937524402005
2024-01-27 05:00:00+00:00,36.98949916305414
2024-01-27 06:00:00+00:00,28.29184230078595
2024-01-27 07:00:00+00:00,18.240513251422968
2024-01-27 08:00:00+00:00,29.950347251685045
2024-01-27 09:00:00+00:00,44.65071822933507
2024-01-27 10:00:00+00:00,31.3286218143542
2024-01-27 11:00:00+00:00,31.461018341642472
2024-01-27 12:00:00+00:00,31.073623116467324
2024-01-27 13:00:00+00:00,29.80825190237044
2024-01-27 14:00:00+00:00,29.979423005766446
2024-01-27 15:00:00+00:00,31.11564473646265
2024-01-27 16:00:00+00:00,30.360363750942675
2024-01-27 17:00:00+00:00,28.017295633655603
2024-01-27 18:00:00+00:00,28.810833943636666
2024-01-27 19:00:00+00:00,27.535635770296206
2024-01-27 20:00:00+00:00,26.99483813840775
2024-01-27 21:00:00+00:00,24.058014949997613
2024-01-27 22:00:00+00:00,26.893130610202967
2024-01-27 23:00:00+00:00,28.1193002157646
2024-01-28 00:00:00+00:00,29.261713910144206
2024-01-28 01:00:00+00:00,30.507415122905368
2024-01-28 02:00:00+00:00,33.76943228013859
2024-01-28 03:00:00+00:00,36.83417897149175
2024-01-28 04:00:00+00:00,39.60202598417849
2024-01-28 05:00:00+00:00,52.56083387984488
2024-01-28 06:00:00+00:00,31.650320239662914
2024-01-28 07:00:00+00:00,22.814159238807733
2024-01-28 08:00:00+00:00,27.4647740500987
2024-01-28 09:00:00+00:00,31.594325875117775
2024-01-28 10:00:00+00:00,29.257887400599355
2024-01-28 11:00:00+00:00,28.03413715574976
2024-01-28 12:00:00+00:00,26.14837262343158
2024-01-28 13:00:00+00:00,23.497517676554786
2024-01-28 14:00:00+00:00,27.965807244759382
2024-01-28 15:00:00+00:00,30.977342746803025
2024-01-28 16:00:00+00:00,31.337493548973164
2024-01-28 17:00:00+00:00,31.512500353770946
2024-01-28 18:00:00+00:00,30.413972273065113
2024-01-28 19:00:00+00:00,29.566886123339287
2024-01-28 20:00:00+00:00,27.847743998151593
2024-01-28 21:00:00+00:00,23.038535273089778
2024-01-28 22:00:00+00:00,26.65913719189095
2024-01-28 23:00:00+00:00,26.856932034942627
2024-01-29 00:00:00+00:00,27.799676803750874
2024-01-29 01:00:00+00:00,28.23069329586496
2024-01-29 02:00:00+00:00,35.23086289029874
2024-01-29 03:00:00+00:00,43.21210193153266
2024-01-29 04:00:00+00:00,48.23050245880582
2024-01-29 05:00:00+00:00,77.1792479597615
2024-01-29 06:00:00+00:00,45.70725735762785
2024-01-29 07:00:00+00:00,26.539797419833167
2024-01-29 08:00:00+00:00,32.243711389212514
2024-01-29 09:00:00+00:00,31.655597033265387
2024-01-29 10:00:00+00:00,31.262255294235402
2024-01-29 11:00:00+00:00,30.584916292666403
2024-01-29 12:00:00+00:00,28.519976952989133
2024-01-29 13:00:00+00:00,27.130223412055607
2024-01-29 14:00:00+00:00,31.970427279237207
2024-01-29 15:00:00+00:00,36.63903589223934
2024-01-29 16:00:00+00:00,41.73557200933101
2024-01-29 17:00:00+00:00,46.47533796896142
2024-01-29 18:00:00+00:00,40.32585116731958
2024-01-29 19:00:00+00:00,32.64977170020457
2024-01-29 20:00:00+00:00,27.56028807749137
2024-01-29 21:00:00+00:00,18.728110095077277
2024-01-29 22:00:00+00:00,19.696783605306475
2024-01-29 23:00:00+00:00,20.11742714182174
2024-01-30 00:00:00+00:00,22.123913586380674
2024-01-30 01:00:00+00:00,23.619020260334338
2024-01-30 02:00:00+00:00,31.217485406143787
2024-01-30 03:00:00+00:00,35.62766110339239
2024-01-30 04:00:00+00:00,43.36991676948572
2024-01-30 05:00:00+00:00,42.25848391856784
2024-01-30 06:00:00+00:00,35.72631824019057
2024-01-30 07:00:00+00:00,17.50599468262811
2024-01-30 08:00:00+00:00,33.56618359767244
2024-01-30 09:00:00+00:00,50.25601466369944
2024-01-30 10:00:00+00:00,37.56183573601286
2024-01-30 11:00:00+00:00,33.465702873117465
2024-01-30 12:00:00+00:00,28.161393172132275
2024-01-30 13:00:00+00:00,23.80908935019568
2024-01-30 14:00:00+00:00,25.708484743601275
2024-01-30 15:00:00+00:00,27.913086848716343
2024-01-30 16:00:00+00:00,29.31799067167453
2024-01-30 17:00:00+00:00,30.83402872102994
2024-01-30 18:00:00+00:00,30.008895319262926
2024-01-30 19:00:00+00:00,31.289851772427927
2024-01-30 20:00:00+00:00,30.276836258526377
2024-01-30 21:00:00+00:00,27.977878067694363
2024-01-30 22:00:00+00:00,28.43168499565003
2024-01-30 23:00:00+00:00,26.90912294906894
2024-01-31 00:00:00+00:00,25.35828610670078
2024-01-31 01:00:00+00:00,23.5606131736495
2024-01-31 02:00:00+00:00,26.318057847673927
2024-01-31 03:00:00+00:00,29.073630479436723
2024-01-31 04:00:00+00:00,31.475993665758708
2024-01-31 05:00:00+00:00,33.23720144967939
2024-01-31 06:00:00+00:00,29.38844573734087
2024-01-31 07:00:00+00:00,19.99167235746946
2024-01-31 08:00:00+00:00,28.23275446994391
2024-01-31 09:00:00+00:00,32.36955014822636
2024-01-31 10:00:00+00:00,32.950379181690174
2024-01-31 11:00:00+00:00,33.57291042192503
2024-01-31 12:00:00+00:00,31.026673196706685
2024-01-31 13:00:00+00:00,29.110351470014002
2024-01-31 14:00:00+00:00,31.38450872635018
2024-01-31 15:00:00+00:00,29.585864694319078
2024-01-31 16:00:00+00:00,25.694029057595085
2024-01-31 17:00:00+00:00,24.558105269227756
2024-01-31 18:00:00+00:00,25.87197193886826
2024-01-31 19:00:00+00:00,29.221251766848752
2024-01-31 20:00:00+00:00,30.540465493572942
2024-01-31 21:00:00+00:00,26.637442977394432
2024-01-31 22:00:00+00:00,27.147983806966234
2024-01-31 23:00:00+00:00,26.661151213828305
2024-02-01 00:00:00+00:00,27.14509145674658
2024-02-01 01:00:00+00:00,25.11269740271622
2024-02-01 02:00:00+00:00,30.516798465634526
2024-02-01 03:00:00+00:00,39.264828029637464
2024-02-01 04:00:00+00:00,39.10550226058305
2024-02-01 05:00:00+00:00,37.13399899240979
2024-02-01 06:00:00+00:00,30.478516752869734
2024-02-01 07:00:00+00:00,19.59988500835933
2024-02-01 08:00:00+00:00,29.06301160030057
2024-02-01 09:00:00+00:00,35.38099969992182
2024-02-01 10:00:00+00:00,34.02486130408896
2024-02-01 11:00:00+00:00,33.10186273434701
2024-02-01 12:00:00+00:00,32.65807163318476
2024-02-01 13:00:00+00:00,30.179923004534125
2024-02-01 14:00:00+00:00,30.524295130861347
2024-02-01 15:00:00+00:00,28.91289657247816
2024-02-01 16:00:00+00:00,24.969972237736513
2024-02-01 17:00:00+00:00,20.905411957304935
2024-02-01 18:00:00+00:00,25.59867296683325
2024-02-01 19:00:00+00:00,31.515345965104835
2024-02-01 20:00:00+00:00,32.56363782032436
2024-02-01 21:00:00+00:00,29.847710919007714
2024-02-01 22:00:00+00:00,28.664567576390116
2024-02-01 23:00:00+00:00,27.49525256126176
2024-02-02 00:00:00+00:00,26.550752575107243
2024-02-02 01:00:00+00:00,24.390998271349503
2024-02-02 02:00:00+00:00,27.623779199091775
2024-02-02 03:00:00+00:00,29.779914717618716
2024-02-02 04:00:00+00:00,31.599712405402045
2024-02-02 05:00:00+00:00,32.357904606554186
2024-02-02 06:00:00+00:00,23.695652105378834
2024-02-02 07:00:00+00:00,12.037682794698965
2024-02-02 08:00:00+00:00,29.83166860498109
2024-02-02 09:00:00+00:00,43.03509182225645
2024-02-02 10:00:00+00:00,42.81901685669985
2024-02-02 11:00:00+00:00,40.96769105300548
2024-02-02 12:00:00+00:00,38.4676234743146
2024-02-02 13:00:00+00:00,29.482902971561728
2024-02-02 14:00:00+00:00,30.651113798516622
2024-02-02 15:00:00+00:00,31.39705084003843
2024-02-02 16:00:00+00:00,28.573001403917264
2024-02-02 17:00:00+00:00,26.0671524348583
2024-02-02 18:00:00+00:00,31.629298099257312
2024-02-02 19:00:00+00:00,35.8008894638822
2024-02-02 20:00:00+00:00,44.21559675443558
2024-02-02 21:00:00+00:00,52.567141794648016
2024-02-02 22:00:00+00:00,43.988165434174824
2024-02-02 23:00:00+00:00,31.801931531276033
2024-02-03 00:00:00+00:00,27.647856855594142
2024-02-03 01:00:00+00:00,19.907643028080525
2024-02-03 02:00:00+00:00,22.987155057214427
2024-02-03 03:00:00+00:00,26.39064701987169
2024-02-03 04:00:00+00:00,27.89557958952203
2024-02-03 05:00:00+00:00,30.560211965825044
2024-02-03 06:00:00+00:00,24.24253001819285
2024-02-03 07:00:00+00:00,15.719069168383966
2024-02-03 08:00:00+00:00,25.2102133656392
2024-02-03 09:00:00+00:00,32.93813004805629
2024-02-03 10:00:00+00:00,33.98042126329983
2024-02-03 11:00:00+00:00,35.759274594279916
2024-02-03 12:00:00+00:00,36.404862496245194
2024-02-03 13:00:00+00:00,37.7886773504866
2024-02-03 14:00:00+00:00,36.11296648053966
2024-02-03 15:00:00+00:00,30.098019213773615
2024-02-03 16:00:00+00:00,25.684942357595297
2024-02-03 17:00:00+00:00,19.938124300729598
2024-02-03 18:00:00+00:00,22.60291673330534
2024-02-03 19:00:00+00:00,24.750642502125878
2024-02-03 20:00:00+00:00,26.808717602400502
2024-02-03 21:00:00+00:00,28.066923714294386
2024-02-03 22:00:00+00:00,29.587601207047452
2024-02-03 23:00:00+00:00,29.826820594169853
2024-02-04 00:00:00+00:00,28.550966718683984
2024-02-04 01:00:00+00:00,26.81322636710596
2024-02-04 02:00:00+00:00,28.128897553688454
2024-02-04 03:00:00+00:00,27.179526571981146
2024-02-04 04:00:00+00:00,25.110792572464515
2024-02-04 05:00:00+00:00,24.60090217153349
2024-02-04 06:00:00+00:00,20.307735149666208
2024-02-04 07:00:00+00:00,15.733611582276914
2024-02-04 08:00:00+00:00,23.308593906138878
2024-02-04 09:00:00+00:00,28.504469110360695
2024-02-04 10:00:00+00:00,29.93039264244725
2024-02-04 11:00:00+00:00,29.024969564215038
2024-02-04 12:00:00+00:00,29.618137123730087
2024-02-04 13:00:00+00:00,31.505819718599312
2024-02-04 14:00:00+00:00,28.162212781923028
2024-02-04 15:00:00+00:00,26.69283555750946
2024-02-04 16:00:00+00:00,23.917654875921933
2024-02-04 17:00:00+00:00,20.646593399355154
2024-02-04 18:00:00+00:00,22.532864590164632
2024-02-04 19:00:00+00:00,21.730414390887166
2024-02-04 20:00:00+00:00,21.95003924450064
2024-02-04 21:00:00+00:00,21.243440585205597
2024-02-04 22:00:00+00:00,23.934355530522446
2024-02-04 23:00:00+00:00,26.181130012344926
2024-02-05 00:00:00+00:00,27.892460222287053
2024-02-05 01:00:00+00:00,27.78227159225437
2024-02-05 02:00:00+00:00,28.580971901901965
2024-02-05 03:00:00+00:00,29.199657502722886
2024-02-05 04:00:00+00:00,29.595649385984146
2024-02-05 05:00:00+00:00,29.21928924470514
2024-02-05 06:00:00+00:00,21.265411264605337
2024-02-05 07:00:00+00:00,15.514772793314012
2024-02-05 08:00:00+00:00,26.831241940645807
2024-02-05 09:00:00+00:00,36.32594124535076
2024-02-05 10:00:00+00:00,37.31738301478231
2024-02-05 11:00:00+00:00,37.684584693996904
2024-02-05 12:00:00+00:00,37.382009076262385
2024-02-05 13:00:00+00:00,37.92007883324656
2024-02-05 14:00:00+00:00,35.24960429292438
2024-02-05 15:00:00+00:00,32.56002578693959
2024-02-05 16:00:00+00:00,28.25959437496138
2024-02-05 17:00:00+00:00,24.612266730512808
2024-02-05 18:00:00+00:00,24.242312296505492
2024-02-05 19:00:00+00:00,23.27863050613106
2024-02-05 20:00:00+00:00,21.132041866187887
2024-02-05 21:00:00+00:00,21.151837544378303
2024-02-05 22:00:00+00:00,26.41609042649834
2024-02-05 23:00:00+00:00,35.62318790986943
2024-02-06 00:00:00+00:00,37.8366465662114
2024-02-06 01:00:00+00:00,39.93438581282556
2024-02-06 02:00:00+00:00,29.55409604970148
2024-02-06 03:00:00+00:00,30.16245333447228
2024-02-06 04:00:00+00:00,31.78162398255372
2024-02-06 05:00:00+00:00,29.618765983327226
2024-02-06 06:00:00+00:00,20.40771199559463
2024-02-06 07:00:00+00:00,14.637855174825097
2024-02-06 08:00:00+00:00,19.657521926910718
2024-02-06 09:00:00+00:00,23.29387047985195
2024-02-06 10:00:00+00:00,28.10238214490049
2024-02-06 11:00:00+00:00,29.904766416994544
2024-02-06 12:00:00+00:00,32.51234817636297
2024-02-06 13:00:00+00:00,36.081439072114144
2024-02-06 14:00:00+00:00,35.401671803144694
2024-02-06 15:00:00+00:00,32.31223054222401
2024-02-06 16:00:00+00:00,29.270877929972208
2024-02-06 17:00:00+00:00,24.2544288073189
2024-02-06 18:00:00+00:00,24.137550237902854
2024-02-06 19:00:00+00:00,25.36079785169731
2024-02-06 20:00:00+00:00,24.74506400557541
2024-02-06 21:00:00+00:00,23.80161008276877
2024-02-06 22:00:00+00:00,33.19775397838353
2024-02-06 23:00:00+00:00,33.984311161117944
2024-02-07 00:00:00+00:00,49.65581471414106
2024-02-07 01:00:00+00:00,46.2427418322289
2024-02-07 02:00:00+00:00,42.774840324627526
2024-02-07 03:00:00+00:00,40.65649964030812
2024-02-07 04:00:00+00:00,28.029036905422846
2024-02-07 05:00:00+00:00,22.441639130072073
2024-02-07 06:00:00+00:00,20.518971302586895
2024-02-07 07:00:00+00:00,18.92346562087243
2024-02-07 08:00:00+00:00,20.214849915254558
2024-02-07 09:00:00+00:00,22.62653394679585
2024-02-07 10:00:00+00:00,25.370521417604106
2024-02-07 11:00:00+00:00,27.085901023321004
2024-02-07 12:00:00+00:00,28.340545702357886
2024-02-07 13:00:00+00:00,28.39892819080883
2024-02-07 14:00:00+00:00,29.66159913248219
2024-02-07 15:00:00+00:00,28.471758336429524
2024-02-07 16:00:00+00:00,26.800886351594123
2024-02-07 17:00:00+00:00,25.483334660087586
2024-02-07 18:00:00+00:00,24.33761951233978
2024-02-07 19:00:00+00:00,23.222699663118668
2024-02-07 20:00:00+00:00,19.703847161103752
2024-02-07 21:00:00+00:00,17.164493677373713
2024-02-07 22:00:00+00:00,20.16022141156142
2024-02-07 23:00:00+00:00,25.261167137235724
2024-02-08 00:00:00+00:00,27.09896929544298
2024-02-08 01:00:00+00:00,28.39927660775995
2024-02-08 02:00:00+00:00,28.686762615078425
2024-02-08 03:00:00+00:00,28.721558516654415
2024-02-08 04:00:00+00:00,30.45775056633538
2024-02-08 05:00:00+00:00,30.172519428472075
2024-02-08 06:00:00+00:00,20.17233698351769
2024-02-08 07:00:00+00:00,14.349521259792818
2024-02-08 08:00:00+00:00,21.01569491244111
2024-02-08 09:00:00+00:00,24.322900192024765
2024-02-08 10:00:00+00:00,24.717600768805625
2024-02-08 11:00:00+00:00,23.922259648961326
2024-02-08 12:00:00+00:00,24.498232285415085
2024-02-08 13:00:00+00:00,24.54525073528536
2024-02-08 14:00:00+00:00,25.116037443824162
2024-02-08 15:00:00+00:00,25.750210784952674
2024-02-08 16:00:00+00:00,25.94659492007877
2024-02-08 17:00:00+00:00,25.729752260680385
2024-02-08 18:00:00+00:00,24.042834030228494
2024-02-08 19:00:00+00:00,22.50678182695943
2024-02-08 20:00:00+00:00,21.229506453400578
2024-02-08 21:00:00+00:00,18.623962918382745
2024-02-08 22:00:00+00:00,22.762873173481715
2024-02-08 23:00:00+00:00,23.14817132603509
2024-02-09 00:00:00+00:00,22.79715631968724
2024-02-09 01:00:00+00:00,20.909605619988522
2024-02-09 02:00:00+00:00,24.55466593050409
2024-02-09 03:00:00+00:00,29.073600396377184
2024-02-09 04:00:00+00:00,30.84999203724466
2024-02-09 05:00:00+00:00,31.39494481491238
2024-02-09 06:00:00+00:00,22.29150247204401
2024-02-09 07:00:00+00:00,11.747114773410447
2024-02-09 08:00:00+00:00,17.871581190473584
2024-02-09 09:00:00+00:00,22.56829325412331
2024-02-09 10:00:00+00:00,27.10970041022876
2024-02-09 11:00:00+00:00,29.4058630913427
2024-02-09 12:00:00+00:00,31.190557884350746
2024-02-09 13:00:00+00:00,32.76498490473828
2024-02-09 14:00:00+00:00,29.373953637588905
2024-02-09 15:00:00+00:00,29.91076744072642
2024-02-09 16:00:00+00:00,27.949233547069692
2024-02-09 17:00:00+00:00,26.001303331622548
2024-02-09 18:00:00+00:00,25.17933006066622
2024-02-09 19:00:00+00:00,24.77250038757159
2024-02-09 20:00:00+00:00,23.492564662736424
2024-02-09 21:00:00+00:00,21.56780887613854
2024-02-09 22:00:00+00:00,21.172936844198865
2024-02-09 23:00:00+00:00,21.215702064856867
2024-02-10 00:00:00+00:00,19.904738153176925
2024-02-10 01:00:00+00:00,19.069705504822714
2024-02-10 02:00:00+00:00,30.228458453516442
2024-02-10 03:00:00+00:00,48.69542365279798
2024-02-10 04:00:00+00:00,54.670689963109496
2024-02-10 05:00:00+00:00,42.73954991845191
2024-02-10 06:00:00+00:00,27.650863908570788
2024-02-10 07:00:00+00:00,14.159661101914995
2024-02-10 08:00:00+00:00,20.20149735127678
2024-02-10 09:00:00+00:00,22.720463948509938
2024-02-10 10:00:00+00:00,22.221251775839313
2024-02-10 11:00:00+00:00,23.27553649365425
2024-02-10 12:00:00+00:00,22.656783876561214
2024-02-10 13:00:00+00:00,22.003864252168935
2024-02-10 14:00:00+00:00,23.53162473760067
2024-02-10 15:00:00+00:00,25.87525469295749
2024-02-10 16:00:00+00:00,27.16750739085316
2024-02-10 17:00:00+00:00,28.070628473454107
2024-02-10 18:00:00+00:00,27.16419958618907
2024-02-10 19:00:00+00:00,26.216413899815947
2024-02-10 20:00:00+00:00,24.240963700705958
2024-02-10 21:00:00+00:00,22.87031439013704
2024-02-10 22:00:00+00:00,23.780683489166822
2024-02-10 23:00:00+00:00,23.925747131365323
2024-02-11 00:00:00+00:00,24.866915647075903
2024-02-11 01:00:00+00:00,24.717783635515307
2024-02-11 02:00:00+00:00,42.227174282770015
2024-02-11 03:00:00+00:00,36.29217015683387
2024-02-11 04:00:00+00:00,45.659454452332895
2024-02-11 05:00:00+00:00,41.992023732402544
2024-02-11 06:00:00+00:00,47.94707922310718
2024-02-11 07:00:00+00:00,16.4530503514432
2024-02-11 08:00:00+00:00,18.27054897483619
2024-02-11 09:00:00+00:00,21.01045669493905
2024-02-11 10:00:00+00:00,21.868263970854258
2024-02-11 11:00:00+00:00,21.602925329043998
2024-02-11 12:00:00+00:00,21.748347763552317
2024-02-11 13:00:00+00:00,21.246416166012843
2024-02-11 14:00:00+00:00,22.19150301926843
2024-02-11 15:00:00+00:00,23.202316067885494
2024-02-11 16:00:00+00:00,23.20717755663886
2024-02-11 17:00:00+00:00,23.573494509503384
2024-02-11 18:00:00+00:00,25.106427313856873
2024-02-11 19:00:00+00:00,25.565396320855914
2024-02-11 20:00:00+00:00,25.137877188007092
2024-02-11 21:00:00+00:00,24.827899802068515
2024-02-11 22:00:00+00:00,23.73007560097737
2024-02-11 23:00:00+00:00,21.095871590701073
2024-02-12 00:00:00+00:00,18.74819948878831
2024-02-12 01:00:00+00:00,18.010400794715633
2024-02-12 02:00:00+00:00,25.682797308302348
2024-02-12 03:00:00+00:00,27.617424574245153
2024-02-12 04:00:00+00:00,28.056993522353704
2024-02-12 05:00:00+00:00,34.70247482745104
2024-02-12 06:00:00+00:00,29.567312394957703
2024-02-12 07:00:00+00:00,16.225560342316136
2024-02-12 08:00:00+00:00,19.179506095881052
2024-02-12 09:00:00+00:00,21.366362960327994
2024-02-12 10:00:00+00:00,22.9922533417506
2024-02-12 11:00:00+00:00,23.450298225519024
2024-02-12 12:00:00+00:00,24.05186264790724
2024-02-12 13:00:00+00:00,34.03065077069192
2024-02-12 14:00:00+00:00,33.545280296341744
2024-02-12 15:00:00+00:00,23.285329090510313
2024-02-12 16:00:00+00:00,22.60389308212241
2024-02-12 17:00:00+00:00,22.571572593139585
2024-02-12 18:00:00+00:00,23.26304045636834
2024-02-12 19:00:00+00:00,23.148014640268116
2024-02-12 20:00:00+00:00,23.540339149684062
2024-02-12 21:00:00+00:00,23.32120595071067
2024-02-12 22:00:00+00:00,22.285963284674487
2024-02-12 23:00:00+00:00,21.47758506894234
2024-02-13 00:00:00+00:00,20.309438007127238
2024-02-13 01:00:00+00:00,18.183887466797984
2024-02-13 02:00:00+00:00,21.629765707145907
2024-02-13 03:00:00+00:00,21.755717112265174
2024-02-13 04:00:00+00:00,22.34942193359971
2024-02-13 05:00:00+00:00,23.299290587514278
2024-02-13 06:00:00+00:00,22.48330222919709
2024-02-13 07:00:00+00:00,16.070367212360164
2024-02-13 08:00:00+00:00,21.255385010986387
2024-02-13 09:00:00+00:00,26.942727379779523
2024-02-13 10:00:00+00:00,25.93265995009322
2024-02-13 11:00:00+00:00,25.96499713499205
2024-02-13 12:00:00+00:00,25.191495351484388
2024-02-13 13:00:00+00:00,24.62985277861332
2024-02-13 14:00:00+00:00,25.748393171215465
2024-02-13 15:00:00+00:00,25.820338601821454
2024-02-13 16:00:00+00:00,26.220886556057813
2024-02-13 17:00:00+00:00,25.558360521762687
2024-02-13 18:00:00+00:00,25.735971971399433
2024-02-13 19:00:00+00:00,25.295027755587107
2024-02-13 20:00:00+00:00,25.405883225683844
2024-02-13 21:00:00+00:00,25.555552313584176
2024-02-13 22:00:00+00:00,25.564209391494707
2024-02-13 23:00:00+00:00,25.143727100623405
2024-02-14 00:00:00+00:00,24.718185939415452
2024-02-14 01:00:00+00:00,24.693260130578874
2024-02-14 02:00:00+00:00,24.61202903647812
2024-02-14 03:00:00+00:00,23.065288984929836
2024-02-14 04:00:00+00:00,21.806418893063388
2024-02-14 05:00:00+00:00,21.451126722568066
2024-02-14 06:00:00+00:00,20.382097028495103
2024-02-14 07:00:00+00:00,18.417447305176104
2024-02-14 08:00:00+00:00,42.775697278886796
2024-02-14 09:00:00+00:00,108.3999312723648
2024-02-14 10:00:00+00:00,74.61250803510879
2024-02-14 11:00:00+00:00,60.32274864635232
2024-02-14 12:00:00+00:00,39.93601710327996
2024-02-14 13:00:00+00:00,24.16907283159431
2024-02-14 14:00:00+00:00,22.48272887267383
2024-02-14 15:00:00+00:00,21.443997516580808
2024-02-14 16:00:00+00:00,20.12110210350346
2024-02-14 17:00:00+00:00,18.636051291794683
2024-02-14 18:00:00+00:00,22.01462270210446
2024-02-14 19:00:00+00:00,24.04302287551049
2024-02-14 20:00:00+00:00,26.192173795994282
2024-02-14 21:00:00+00:00,27.213850149064207
2024-02-14 22:00:00+00:00,26.980723892049983
2024-02-14 23:00:00+00:00,26.927955497077146
2024-02-15 00:00:00+00:00,24.45118878242508
2024-02-15 01:00:00+00:00,23.11453363416587
2024-02-15 02:00:00+00:00,26.3615906408603
2024-02-15 03:00:00+00:00,28.670442905870733
2024-02-15 04:00:00+00:00,30.384144149071734
2024-02-15 05:00:00+00:00,31.550684663665532
2024-02-15 06:00:00+00:00,20.814766767303286
2024-02-15 07:00:00+00:00,13.552603541727494
2024-02-15 08:00:00+00:00,67.83519613038516
2024-02-15 09:00:00+00:00,125.64814783032801
2024-02-15 10:00:00+00:00,100.1439766207316
2024-02-15 11:00:00+00:00,70.15583644199815
2024-02-15 12:00:00+00:00,34.155930183382665
2024-02-15 13:00:00+00:00,23.135586483162555
2024-02-15 14:00:00+00:00,21.90220795630161
2024-02-15 15:00:00+00:00,21.723683936472053
2024-02-15 16:00:00+00:00,20.553354398165258
2024-02-15 17:00:00+00:00,19.20777800809169
2024-02-15 18:00:00+00:00,20.573271062440092
2024-02-15 19:00:00+00:00,20.863039040108713
2024-02-15 20:00:00+00:00,21.71221153508031
2024-02-15 21:00:00+00:00,22.076553942822134
2024-02-15 22:00:00+00:00,23.95613561686361
2024-02-15 23:00:00+00:00,25.472536585332463
2024-02-16 00:00:00+00:00,26.819943079548686
2024-02-16 01:00:00+00:00,26.409265446552883
2024-02-16 02:00:00+00:00,26.381718438336932
2024-02-16 03:00:00+00:00,25.904001079062787
2024-02-16 04:00:00+00:00,25.312318147605858
2024-02-16 05:00:00+00:00,23.959038812829345
2024-02-16 06:00:00+00:00,17.23798725904385
2024-02-16 07:00:00+00:00,11.671950294266695
2024-02-16 08:00:00+00:00,27.996319343202398
2024-02-16 09:00:00+00:00,31.777234178460166
2024-02-16 10:00:00+00:00,30.974217812554247
2024-02-16 11:00:00+00:00,27.536285475577543
2024-02-16 12:00:00+00:00,27.283904045592518
2024-02-16 13:00:00+00:00,23.128815136977675
2024-02-16 14:00:00+00:00,22.042798939871314
2024-02-16 15:00:00+00:00,22.059141522821918
2024-02-16 16:00:00+00:00,21.701008676674263
2024-02-16 17:00:00+00:00,18.94730787293527
2024-02-16 18:00:00+00:00,20.1136016387902
2024-02-16 19:00:00+00:00,20.99811541365448
2024-02-16 20:00:00+00:00,21.935085895738503
2024-02-16 21:00:00+00:00,21.656335888885604
2024-02-16 22:00:00+00:00,22.42483288942282
2024-02-16 23:00:00+00:00,22.424538787302076
2024-02-17 00:00:00+00:00,22.600487572020036
2024-02-17 01:00:00+00:00,23.183967536846843
2024-02-17 02:00:00+00:00,23.447960011604177
2024-02-17 03:00:00+00:00,24.610280858360284
2024-02-17 04:00:00+00:00,25.01036338147604
2024-02-17 05:00:00+00:00,24.53831214803835
2024-02-17 06:00:00+00:00,16.08320185328678
2024-02-17 07:00:00+00:00,12.876203476027111
2024-02-17 08:00:00+00:00,17.625697443152358
2024-02-17 09:00:00+00:00,29.14647591485541
2024-02-17 10:00:00+00:00,22.566576163985406
2024-02-17 11:00:00+00:00,28.257692753431307
2024-02-17 12:00:00+00:00,35.11865148598061
2024-02-17 13:00:00+00:00,31.89675752814486
2024-02-17 14:00:00+00:00,29.84261913918486
2024-02-17 15:00:00+00:00,25.581777221164483
2024-02-17 16:00:00+00:00,22.834722350823657
2024-02-17 17:00:00+00:00,18.885336671327515
2024-02-17 18:00:00+00:00,20.2494232871651
2024-02-17 19:00:00+00:00,22.004148807382144
2024-02-17 20:00:00+00:00,23.89286689997652
2024-02-17 21:00:00+00:00,24.490370445027526
2024-02-17 22:00:00+00:00,24.886382449188446
2024-02-17 23:00:00+00:00,26.17610127299054
2024-02-18 00:00:00+00:00,26.8699438750075
2024-02-18 01:00:00+00:00,27.10202770070421
2024-02-18 02:00:00+00:00,28.344629450520472
2024-02-18 03:00:00+00:00,29.899478479651073
2024-02-18 04:00:00+00:00,29.937663473862735
2024-02-18 05:00:00+00:00,31.206215943614804
2024-02-18 06:00:00+00:00,21.308108445415566
2024-02-18 07:00:00+00:00,14.441858176913899
2024-02-18 08:00:00+00:00,21.7134965392635
2024-02-18 09:00:00+00:00,23.580484127346775
2024-02-18 10:00:00+00:00,96.86583671585313
2024-02-18 11:00:00+00:00,95.99884752012429
2024-02-18 12:00:00+00:00,79.16008399836055
2024-02-18 13:00:00+00:00,132.3924897357264
2024-02-18 14:00:00+00:00,129.03924347245885
2024-02-18 15:00:00+00:00,94.78586659712518
2024-02-18 16:00:00+00:00,62.3648958864379
2024-02-18 17:00:00+00:00,18.65759389253583
2024-02-18 18:00:00+00:00,19.088026246905123
2024-02-18 19:00:00+00:00,18.06912200192536
2024-02-18 20:00:00+00:00,17.502287346909256
2024-02-18 21:00:00+00:00,17.14886669629173
2024-02-18 22:00:00+00:00,21.365476050500245
2024-02-18 23:00:00+00:00,22.745064715096074
2024-02-19 00:00:00+00:00,24.82474028249463
2024-02-19 01:00:00+00:00,26.325163359663915
2024-02-19 02:00:00+00:00,27.958021395612715
2024-02-19 03:00:00+00:00,31.60934938139208
2024-02-19 04:00:00+00:00,39.886505200937194
2024-02-19 05:00:00+00:00,39.63399459413959
2024-02-19 06:00:00+00:00,36.79328906819807
2024-02-19 07:00:00+00:00,20.28881602566688
2024-02-19 08:00:00+00:00,27.03316292060573
2024-02-19 09:00:00+00:00,30.461002725374726
2024-02-19 10:00:00+00:00,81.01004755646446
2024-02-19 11:00:00+00:00,96.97470473200978
2024-02-19 12:00:00+00:00,243.03474047444735
2024-02-19 13:00:00+00:00,440.49830128686517
2024-02-19 14:00:00+00:00,233.42445142454392
2024-02-19 15:00:00+00:00,147.64463713606787
2024-02-19 16:00:00+00:00,108.36255482365664
2024-02-19 17:00:00+00:00,19.083025684635523
2024-02-19 18:00:00+00:00,17.88471024226964
2024-02-19 19:00:00+00:00,17.665697299312978
2024-02-19 20:00:00+00:00,17.666141506777716
2024-02-19 21:00:00+00:00,17.18233244644298
2024-02-19 22:00:00+00:00,18.338922274282464
2024-02-19 23:00:00+00:00,19.82989979736897
2024-02-20 00:00:00+00:00,20.785295162396547
2024-02-20 01:00:00+00:00,22.320624990829142
2024-02-20 02:00:00+00:00,25.852605746349397
2024-02-20 03:00:00+00:00,27.646507583562933
2024-02-20 04:00:00+00:00,27.43383670097579
2024-02-20 05:00:00+00:00,28.353816901275735
2024-02-20 06:00:00+00:00,21.12902194854201
2024-02-20 07:00:00+00:00,13.969020149964411
2024-02-20 08:00:00+00:00,18.430297130886185
2024-02-20 09:00:00+00:00,22.441535686087104
2024-02-20 10:00:00+00:00,31.367945352461533
2024-02-20 11:00:00+00:00,30.02252828790865
2024-02-20 12:00:00+00:00,33.57723353688082
2024-02-20 13:00:00+00:00,54.49201020166954
2024-02-20 14:00:00+00:00,32.92011271321542
2024-02-20 15:00:00+00:00,24.573201351925796
2024-02-20 16:00:00+00:00,23.084361222551227
2024-02-20 17:00:00+00:00,18.698916362944466
2024-02-20 18:00:00+00:00,18.202768622434185
2024-02-20 19:00:00+00:00,18.60953461632639
2024-02-20 20:00:00+00:00,18.009104177928094
2024-02-20 21:00:00+00:00,16.705922756517
2024-02-20 22:00:00+00:00,19.175332628851347
2024-02-20 23:00:00+00:00,21.375054771261894
2024-02-21 00:00:00+00:00,21.65067262161337
2024-02-21 01:00:00+00:00,22.883602656829062
2024-02-21 02:00:00+00:00,24.201424043971784
2024-02-21 03:00:00+00:00,25.195981127882263
2024-02-21 04:00:00+00:00,25.369665032848538
2024-02-21 05:00:00+00:00,25.30313858793981
2024-02-21 06:00:00+00:00,19.051268123969056
2024-02-21 07:00:00+00:00,12.189939153108659
2024-02-21 08:00:00+00:00,16.285488087747705
2024-02-21 09:00:00+00:00,23.42780002815819
2024-02-21 10:00:00+00:00,20.89314257953906
2024-02-21 11:00:00+00:00,20.695619910857797
2024-02-21 12:00:00+00:00,20.06380876791693
2024-02-21 13:00:00+00:00,47.531958176232095
2024-02-21 14:00:00+00:00,40.592552692258096
2024-02-21 15:00:00+00:00,32.60765896429829
2024-02-21 16:00:00+00:00,27.280547226242415
2024-02-21 17:00:00+00:00,24.446911092374485
2024-02-21 18:00:00+00:00,23.84507522261988
2024-02-21 19:00:00+00:00,21.936374970409506
2024-02-21 20:00:00+00:00,18.810422159694134
2024-02-21 21:00:00+00:00,16.91404311654411
2024-02-21 22:00:00+00:00,17.857234995505532
2024-02-21 23:00:00+00:00,19.927525885887672
2024-02-22 00:00:00+00:00,22.476224300910374
2024-02-22 01:00:00+00:00,24.341663417443428
2024-02-22 02:00:00+00:00,25.39066848922114
2024-02-22 03:00:00+00:00,27.393136098469885
2024-02-22 04:00:00+00:00,29.83970969794859
2024-02-22 05:00:00+00:00,30.944629467088333
2024-02-22 06:00:00+00:00,22.219523002955434
2024-02-22 07:00:00+00:00,14.871151981645458
2024-02-22 08:00:00+00:00,19.42596774058934
2024-02-22 09:00:00+00:00,26.501485672790295
2024-02-22 10:00:00+00:00,24.17580315172263
2024-02-22 11:00:00+00:00,23.852676584514168
2024-02-22 12:00:00+00:00,23.179809015011994
2024-02-22 13:00:00+00:00,24.295784593934876
2024-02-22 14:00:00+00:00,82.00839758602915
2024-02-22 15:00:00+00:00,125.60520120089205
2024-02-22 16:00:00+00:00,106.76276181178348
2024-02-22 17:00:00+00:00,129.63309827940165
2024-02-22 18:00:00+00:00,96.27742476989167
2024-02-22 19:00:00+00:00,78.47463978059453
2024-02-22 20:00:00+00:00,35.63389211498538
2024-02-22 21:00:00+00:00,17.545497922607005
2024-02-22 22:00:00+00:00,17.25897786750653
2024-02-22 23:00:00+00:00,18.218681239093378
2024-02-23 00:00:00+00:00,17.678134362442435
2024-02-23 01:00:00+00:00,18.896543236055425
2024-02-23 02:00:00+00:00,22.986205601327637
2024-02-23 03:00:00+00:00,24.72743308651644
2024-02-23 04:00:00+00:00,28.05918813825927
2024-02-23 05:00:00+00:00,29.500505033191388
2024-02-23 06:00:00+00:00,20.773643586373215
2024-02-23 07:00:00+00:00,11.680598228353746
2024-02-23 08:00:00+00:00,19.273652093534427
2024-02-23 09:00:00+00:00,30.35082527821927
2024-02-23 10:00:00+00:00,41.95540892974353
2024-02-23 11:00:00+00:00,43.88404635304278
2024-02-23 12:00:00+00:00,46.58632603598631
2024-02-23 13:00:00+00:00,46.533554816746374
2024-02-23 14:00:00+00:00,72.48436202271667
2024-02-23 15:00:00+00:00,57.96957302114844
2024-02-23 16:00:00+00:00,111.41798931626498
2024-02-23 17:00:00+00:00,170.38188589597692
2024-02-23 18:00:00+00:00,135.82805448363507
2024-02-23 19:00:00+00:00,94.2988958698464
2024-02-23 20:00:00+00:00,64.25596401679903
2024-02-23 21:00:00+00:00,18.726912428180523
2024-02-23 22:00:00+00:00,18.083745599353726
2024-02-23 23:00:00+00:00,18.492353304101947
2024-02-24 00:00:00+00:00,18.245625576615968
2024-02-24 01:00:00+00:00,19.919462748396406
2024-02-24 02:00:00+00:00,21.141264880154456
2024-02-24 03:00:00+00:00,24.950698558944264
2024-02-24 04:00:00+00:00,27.776009123903417
2024-02-24 05:00:00+00:00,28.298581250391145
2024-02-24 06:00:00+00:00,20.040892976392062
2024-02-24 07:00:00+00:00,14.274793024423259
2024-02-24 08:00:00+00:00,18.77751452646793
2024-02-24 09:00:00+00:00,25.89543403612131
2024-02-24 10:00:00+00:00,25.722685871788652
2024-02-24 11:00:00+00:00,25.518824076268835
2024-02-24 12:00:00+00:00,26.06989224508709
2024-02-24 13:00:00+00:00,28.181077591054315
2024-02-24 14:00:00+00:00,27.33579568037144
2024-02-24 15:00:00+00:00,22.523040764099733
2024-02-24 16:00:00+00:00,26.7011634894228
2024-02-24 17:00:00+00:00,30.742497761867664
2024-02-24 18:00:00+00:00,31.784977082594803
2024-02-24 19:00:00+00:00,28.73877218630464
2024-02-24 20:00:00+00:00,29.07530475087091
2024-02-24 21:00:00+00:00,17.06668479383621
2024-02-24 22:00:00+00:00,17.292659106870282
2024-02-24 23:00:00+00:00,17.635592998528193
2024-02-25 00:00:00+00:00,18.11106360792918
2024-02-25 01:00:00+00:00,18.173757680523003
2024-02-25 02:00:00+00:00,20.959382548427914
2024-02-25 03:00:00+00:00,21.714188571344653
2024-02-25 04:00:00+00:00,24.82287077279318
2024-02-25 05:00:00+00:00,26.481740325667676
2024-02-25 06:00:00+00:00,20.677401522822176
2024-02-25 07:00:00+00:00,15.697246992172165
2024-02-25 08:00:00+00:00,17.641307677023967
2024-02-25 09:00:00+00:00,21.082448900122902
2024-02-25 10:00:00+00:00,23.80805080842278
2024-02-25 11:00:00+00:00,25.190885078033386
2024-02-25 12:00:00+00:00,34.963176432504454
2024-02-25 13:00:00+00:00,34.858215283738936
2024-02-25 14:00:00+00:00,24.91629617543822
2024-02-25 15:00:00+00:00,23.271351918030547
2024-02-25 16:00:00+00:00,19.196668156772535
2024-02-25 17:00:00+00:00,27.525845165647304
2024-02-25 18:00:00+00:00,19.118226925531133
2024-02-25 19:00:00+00:00,21.60072548528506
2024-02-25 20:00:00+00:00,26.32229064788285
2024-02-25 21:00:00+00:00,24.744240296696425
2024-02-25 22:00:00+00:00,23.890567834610295
2024-02-25 23:00:00+00:00,22.160943153659193
2024-02-26 00:00:00+00:00,19.61435864123655
2024-02-26 01:00:00+00:00,17.602667483895306
2024-02-26 02:00:00+00:00,20.260678473676233
2024-02-26 03:00:00+00:00,23.53972771875842
2024-02-26 04:00:00+00:00,26.195690610893774
2024-02-26 05:00:00+00:00,27.731637617953783
2024-02-26 06:00:00+00:00,18.488611141051962
2024-02-26 07:00:00+00:00,11.492196010805797
2024-02-26 08:00:00+00:00,17.640036370740294
2024-02-26 09:00:00+00:00,25.58375791631427
2024-02-26 10:00:00+00:00,25.882064158302914
2024-02-26 11:00:00+00:00,27.969353487532693
2024-02-26 12:00:00+00:00,28.29840339996797
2024-02-26 13:00:00+00:00,29.604243937167762
2024-02-26 14:00:00+00:00,27.994280559667985
2024-02-26 15:00:00+00:00,23.878368334580273
2024-02-26 16:00:00+00:00,22.571582677584217
2024-02-26 17:00:00+00:00,21.594098049923872
2024-02-26 18:00:00+00:00,59.3947553644707
2024-02-26 19:00:00+00:00,67.97777200218992
2024-02-26 20:00:00+00:00,99.54169784265821
2024-02-26 21:00:00+00:00,76.18520247031309
2024-02-26 22:00:00+00:00,47.916232241726135
2024-02-26 23:00:00+00:00,32.54861754770374
2024-02-27 00:00:00+00:00,29.04434149091975
2024-02-27 01:00:00+00:00,17.83591041467996
2024-02-27 02:00:00+00:00,19.875296658123148
2024-02-27 03:00:00+00:00,20.809971220827908
2024-02-27 04:00:00+00:00,21.965783277993513
2024-02-27 05:00:00+00:00,20.710561473172863
2024-02-27 06:00:00+00:00,16.73026329815145
2024-02-27 07:00:00+00:00,13.735168284969053
2024-02-27 08:00:00+00:00,19.76977081242386
2024-02-27 09:00:00+00:00,26.290342536427552
2024-02-27 10:00:00+00:00,27.873681988784504
2024-02-27 11:00:00+00:00,27.814670313972456
2024-02-27 12:00:00+00:00,27.88869157898003
2024-02-27 13:00:00+00:00,28.06785877260081
2024-02-27 14:00:00+00:00,29.039301589326246
2024-02-27 15:00:00+00:00,27.893172098077564
2024-02-27 16:00:00+00:00,26.08485873665432
2024-02-27 17:00:00+00:00,24.742216598333414
2024-02-27 18:00:00+00:00,31.315443852829453
2024-02-27 19:00:00+00:00,28.538692867632044
2024-02-27 20:00:00+00:00,28.066972902469864
2024-02-27 21:00:00+00:00,51.398734239634095
2024-02-27 22:00:00+00:00,35.79250262845566
2024-02-27 23:00:00+00:00,28.803709350358062
2024-02-28 00:00:00+00:00,26.56255224208568
2024-02-28 01:00:00+00:00,19.18989976529725
2024-02-28 02:00:00+00:00,19.728219501930575
2024-02-28 03:00:00+00:00,20.047960454850326
2024-02-28 04:00:00+00:00,22.19916038707531
2024-02-28 05:00:00+00:00,22.87577348315735
2024-02-28 06:00:00+00:00,18.789065659513238
2024-02-28 07:00:00+00:00,14.01855799961798
2024-02-28 08:00:00+00:00,20.24705829183785
2024-02-28 09:00:00+00:00,23.35523816602847
2024-02-28 10:00:00+00:00,26.172016326172358
2024-02-28 11:00:00+00:00,28.413661738849882
2024-02-28 12:00:00+00:00,29.154857204434794
2024-02-28 13:00:00+00:00,28.163680125503884
2024-02-28 14:00:00+00:00,26.769956279031902
2024-02-28 15:00:00+00:00,25.163959566364596
2024-02-28 16:00:00+00:00,21.759305429222174
2024-02-28 17:00:00+00:00,18.67667479589055
2024-02-28 18:00:00+00:00,20.5219623169304
2024-02-28 19:00:00+00:00,22.199259355935517
2024-02-28 20:00:00+00:00,22.67700691451855
2024-02-28 21:00:00+00:00,25.745310373360688
2024-02-28 22:00:00+00:00,21.368281559382815
2024-02-28 23:00:00+00:00,21.407570591893126
2024-02-29 00:00:00+00:00,21.11464881948998
2024-02-29 01:00:00+00:00,18.616245666182373
2024-02-29 02:00:00+00:00,20.04766911862489
2024-02-29 03:00:00+00:00,21.257861839135707
2024-02-29 04:00:00+00:00,21.727982808736108
2024-02-29 05:00:00+00:00,22.23572450818394
2024-02-29 06:00:00+00:00,15.900172060141708
2024-02-29 07:00:00+00:00,14.185965311721596
2024-02-29 08:00:00+00:00,18.31760178426243
2024-02-29 09:00:00+00:00,23.478235807587403
2024-02-29 10:00:00+00:00,23.885040260826692
2024-02-29 11:00:00+00:00,25.27921555681283
2024-02-29 12:00:00+00:00,25.03696559649635
2024-02-29 13:00:00+00:00,24.88985932984525
2024-02-29 14:00:00+00:00,24.57175407590237
2024-02-29 15:00:00+00:00,24.43034511110701
2024-02-29 16:00:00+00:00,23.31114023377982
2024-02-29 17:00:00+00:00,21.704635267744916
2024-02-29 18:00:00+00:00,20.85165946939265
2024-02-29 19:00:00+00:00,19.462218949296403
2024-02-29 20:00:00+00:00,19.10239803369441
2024-02-29 21:00:00+00:00,18.39503476726289
2024-02-29 22:00:00+00:00,21.295173324728935
2024-02-29 23:00:00+00:00,23.434777286958045
2024-03-01 00:00:00+00:00,26.53518933389965
2024-03-01 01:00:00+00:00,25.60390342957458
2024-03-01 02:00:00+00:00,24.797856609985075
2024-03-01 03:00:00+00:00,24.084106478226122
2024-03-01 04:00:00+00:00,22.529942247360047
2024-03-01 05:00:00+00:00,20.6530756868232
2024-03-01 06:00:00+00:00,17.993808200337014
2024-03-01 07:00:00+00:00,16.54702328944605
2024-03-01 08:00:00+00:00,18.763310871380725
2024-03-01 09:00:00+00:00,25.206655183697553
2024-03-01 10:00:00+00:00,23.4481906359108
2024-03-01 11:00:00+00:00,24.26333441737325
2024-03-01 12:00:00+00:00,24.997027985302374
2024-03-01 13:00:00+00:00,25.11000849204549
2024-03-01 14:00:00+00:00,24.916344121681565
2024-03-01 15:00:00+00:00,24.617851943041526
2024-03-01 16:00:00+00:00,23.30639907564621
2024-03-01 17:00:00+00:00,23.246669951510714
2024-03-01 18:00:00+00:00,21.39109965021477
2024-03-01 19:00:00+00:00,20.356482335284205
2024-03-01 20:00:00+00:00,20.06979400275576
2024-03-01 21:00:00+00:00,20.750138138917347
2024-03-01 22:00:00+00:00,36.37871240887371
2024-03-01 23:00:00+00:00,44.71915352168715
2024-03-02 00:00:00+00:00,51.31016646936348
2024-03-02 01:00:00+00:00,40.58016362091682
2024-03-02 02:00:00+00:00,34.36037568102273
2024-03-02 03:00:00+00:00,31.485282489180392
2024-03-02 04:00:00+00:00,24.739498030356025
2024-03-02 05:00:00+00:00,21.35415252531012
2024-03-02 06:00:00+00:00,17.084225804102886
2024-03-02 07:00:00+00:00,13.239455555066545
2024-03-02 08:00:00+00:00,15.781712947009877
2024-03-02 09:00:00+00:00,18.993721946898347
2024-03-02 10:00:00+00:00,22.340343995767153
2024-03-02 11:00:00+00:00,24.73941938499308
2024-03-02 12:00:00+00:00,27.04624723093379
2024-03-02 13:00:00+00:00,29.555454673292335
2024-03-02 14:00:00+00:00,28.615838518383732
2024-03-02 15:00:00+00:00,28.389166423914833
2024-03-02 16:00:00+00:00,26.365605416314278
2024-03-02 17:00:00+00:00,24.506918633303364
2024-03-02 18:00:00+00:00,24.22023123801912
2024-03-02 19:00:00+00:00,23.149270064173002
2024-03-02 20:00:00+00:00,20.993693309074093
2024-03-02 21:00:00+00:00,19.67506235519554
2024-03-02 22:00:00+00:00,26.33849775793672
2024-03-02 23:00:00+00:00,30.9346302788581
2024-03-03 00:00:00+00:00,32.31117867290376
2024-03-03 01:00:00+00:00,34.81097792331872
2024-03-03 02:00:00+00:00,33.774948098511516
2024-03-03 03:00:00+00:00,26.912699334171045
2024-03-03 04:00:00+00:00,26.170103570760936
2024-03-03 05:00:00+00:00,24.65258296353301
2024-03-03 06:00:00+00:00,17.327460880593016
2024-03-03 07:00:00+00:00,14.879161594625641
2024-03-03 08:00:00+00:00,17.064424969848194
2024-03-03 09:00:00+00:00,21.16853218296503
2024-03-03 10:00:00+00:00,22.388636945090994
2024-03-03 11:00:00+00:00,23.29199737251137
2024-03-03 12:00:00+00:00,23.60777057108381
2024-03-03 13:00:00+00:00,23.901741966376786
2024-03-03 14:00:00+00:00,23.751853581018427
2024-03-03 15:00:00+00:00,23.195189419628143
2024-03-03 16:00:00+00:00,22.340482065371933
2024-03-03 17:00:00+00:00,20.909866970144243
2024-03-03 18:00:00+00:00,21.1159980982268
2024-03-03 19:00:00+00:00,19.775098414453076
2024-03-03 20:00:00+00:00,18.68671264966067
2024-03-03 21:00:00+00:00,17.007577352700494
2024-03-03 22:00:00+00:00,19.54102416612255
2024-03-03 23:00:00+00:00,20.733134032094533
2024-03-04 00:00:00+00:00,20.716171914011234
2024-03-04 01:00:00+00:00,19.890926165433402
2024-03-04 02:00:00+00:00,20.309381350985586
2024-03-04 03:00:00+00:00,21.57695978234743
2024-03-04 04:00:00+00:00,21.14466844567045
2024-03-04 05:00:00+00:00,21.340700162527817
2024-03-04 06:00:00+00:00,18.115592450635784
2024-03-04 07:00:00+00:00,13.644632092779112
2024-03-04 08:00:00+00:00,16.175761552266717
2024-03-04 09:00:00+00:00,21.44958976744689
2024-03-04 10:00:00+00:00,22.03696782387327
2024-03-04 11:00:00+00:00,22.99737298509617
2024-03-04 12:00:00+00:00,23.79538668622872
2024-03-04 13:00:00+00:00,23.945202715486786
2024-03-04 14:00:00+00:00,23.74517313426139
2024-03-04 15:00:00+00:00,23.27886790208259
2024-03-04 16:00:00+00:00,22.023102198578304
2024-03-04 17:00:00+00:00,18.670292709020593
2024-03-04 18:00:00+00:00,17.819825854145893
2024-03-04 19:00:00+00:00,17.895909699346326
2024-03-04 20:00:00+00:00,17.69607689030256
2024-03-04 21:00:00+00:00,17.735378391258124
2024-03-04 22:00:00+00:00,17.959337249991247
2024-03-04 23:00:00+00:00,19.74750674831832
2024-03-05 00:00:00+00:00,19.12019007756918
2024-03-05 01:00:00+00:00,19.06808485780128
2024-03-05 02:00:00+00:00,20.761716002534477
2024-03-05 03:00:00+00:00,24.523631610035938
2024-03-05 04:00:00+00:00,27.753978200167463
2024-03-05 05:00:00+00:00,27.354694001484607
2024-03-05 06:00:00+00:00,19.973020601854312
2024-03-05 07:00:00+00:00,11.468025021313398
2024-03-05 08:00:00+00:00,15.639830899596378
2024-03-05 09:00:00+00:00,19.506526553358643
2024-03-05 10:00:00+00:00,21.397936837355825
2024-03-05 11:00:00+00:00,22.970222629982175
2024-03-05 12:00:00+00:00,22.766124621705316
2024-03-05 13:00:00+00:00,23.994265833761684
2024-03-05 14:00:00+00:00,22.865226758215616
2024-03-05 15:00:00+00:00,23.125388346824614
2024-03-05 16:00:00+00:00,21.41227340208402
2024-03-05 17:00:00+00:00,21.05839725595445
2024-03-05 18:00:00+00:00,21.145657577540998
2024-03-05 19:00:00+00:00,21.519765294650263
2024-03-05 20:00:00+00:00,21.69119076879041
2024-03-05 21:00:00+00:00,21.068313120817276
2024-03-05 22:00:00+00:00,21.35315008709442
2024-03-05 23:00:00+00:00,21.392237180174007
2024-03-06 00:00:00+00:00,21.336445874984854
2024-03-06 01:00:00+00:00,21.250005571484866
2024-03-06 02:00:00+00:00,27.91302653020468
2024-03-06 03:00:00+00:00,32.60338435861864
2024-03-06 04:00:00+00:00,35.867985290510795
2024-03-06 05:00:00+00:00,27.438057158107767
2024-03-06 06:00:00+00:00,21.83664106652189
2024-03-06 07:00:00+00:00,14.168635964324542
2024-03-06 08:00:00+00:00,16.105493107981626
2024-03-06 09:00:00+00:00,19.483148644917332
2024-03-06 10:00:00+00:00,19.409092111315804
2024-03-06 11:00:00+00:00,19.619060207127614
2024-03-06 12:00:00+00:00,19.967361343319766
2024-03-06 13:00:00+00:00,20.332765482281552
2024-03-06 14:00:00+00:00,20.475393369285946
2024-03-06 15:00:00+00:00,20.32143305172438
2024-03-06 16:00:00+00:00,19.679548483595394
2024-03-06 17:00:00+00:00,18.78183363718705
2024-03-06 18:00:00+00:00,20.39855392347864
2024-03-06 19:00:00+00:00,21.761732865621614
2024-03-06 20:00:00+00:00,21.834019278930985
2024-03-06 21:00:00+00:00,22.07949713334292
2024-03-06 22:00:00+00:00,21.153532067150067
2024-03-06 23:00:00+00:00,20.501180486542292
2024-03-07 00:00:00+00:00,20.253590127695166
2024-03-07 01:00:00+00:00,19.308401075546158
2024-03-07 02:00:00+00:00,22.92933243681971
2024-03-07 03:00:00+00:00,23.219303907401105
2024-03-07 04:00:00+00:00,30.709313381775935
2024-03-07 05:00:00+00:00,30.571623967825456
2024-03-07 06:00:00+00:00,23.360382432983506
2024-03-07 07:00:00+00:00,17.28205542415756
2024-03-07 08:00:00+00:00,20.674565695357813
2024-03-07 09:00:00+00:00,23.054571033696497
2024-03-07 10:00:00+00:00,22.82892380896277
2024-03-07 11:00:00+00:00,21.677502406611133
2024-03-07 12:00:00+00:00,21.31205726538855
2024-03-07 13:00:00+00:00,21.29430268139442
2024-03-07 14:00:00+00:00,20.858046754110042
2024-03-07 15:00:00+00:00,19.34316473597617
2024-03-07 16:00:00+00:00,19.414231889912863
2024-03-07 17:00:00+00:00,17.81944839882701
2024-03-07 18:00:00+00:00,18.27778102420288
2024-03-07 19:00:00+00:00,18.963869165813122
2024-03-07 20:00:00+00:00,18.68163721765669
2024-03-07 21:00:00+00:00,18.634780449274157
2024-03-07 22:00:00+00:00,17.59950119708679
2024-03-07 23:00:00+00:00,17.199440985110996
2024-03-08 00:00:00+00:00,17.052659109708877
2024-03-08 01:00:00+00:00,17.735195697134056
2024-03-08 02:00:00+00:00,20.08380118236839
2024-03-08 03:00:00+00:00,20.857542031948856
2024-03-08 04:00:00+00:00,20.55471519652795
2024-03-08 05:00:00+00:00,21.008885113175538
2024-03-08 06:00:00+00:00,18.776702368207445
2024-03-08 07:00:00+00:00,15.414194974646838
2024-03-08 08:00:00+00:00,16.379116237788956
2024-03-08 09:00:00+00:00,19.387271820518826
2024-03-08 10:00:00+00:00,19.982158983048123
2024-03-08 11:00:00+00:00,20.704041608843994
2024-03-08 12:00:00+00:00,21.232843376616533
2024-03-08 13:00:00+00:00,21.297671568217933
2024-03-08 14:00:00+00:00,21.396215600998378
2024-03-08 15:00:00+00:00,20.778960160900198
2024-03-08 16:00:00+00:00,19.54400963063024
2024-03-08 17:00:00+00:00,19.2123395901948
2024-03-08 18:00:00+00:00,19.56540327629653
2024-03-08 19:00:00+00:00,19.836170644968515
2024-03-08 20:00:00+00:00,19.237580373158565
2024-03-08 21:00:00+00:00,17.354563279136972
2024-03-08 22:00:00+00:00,18.283496763216185
2024-03-08 23:00:00+00:00,18.001512420293373
2024-03-09 00:00:00+00:00,18.193837780845115
2024-03-09 01:00:00+00:00,19.231898287711896
2024-03-09 02:00:00+00:00,19.66749756537848
2024-03-09 03:00:00+00:00,19.844964264725974
2024-03-09 04:00:00+00:00,20.02953392709975
2024-03-09 05:00:00+00:00,20.657830708038787
2024-03-09 06:00:00+00:00,21.4615312770661
2024-03-09 07:00:00+00:00,21.0461356835057
2024-03-09 08:00:00+00:00,22.35612650183546
2024-03-09 09:00:00+00:00,23.656619937033028
2024-03-09 10:00:00+00:00,23.022805736383596
2024-03-09 11:00:00+00:00,22.87637159295233
2024-03-09 12:00:00+00:00,20.7333242018455
2024-03-09 13:00:00+00:00,18.86128638931322
2024-03-09 14:00:00+00:00,18.844402766333157
2024-03-09 15:00:00+00:00,18.91325938981754
2024-03-09 16:00:00+00:00,18.279508184756516
2024-03-09 17:00:00+00:00,16.325605840926944
2024-03-09 18:00:00+00:00,19.01954755478385
2024-03-09 19:00:00+00:00,20.781271520134293
2024-03-09 20:00:00+00:00,20.822016739314588
2024-03-09 21:00:00+00:00,20.795762200261233
2024-03-09 22:00:00+00:00,21.157501161548517
2024-03-09 23:00:00+00:00,20.71840352630758
2024-03-10 00:00:00+00:00,21.246247430166278
2024-03-10 01:00:00+00:00,21.53174143285529
2024-03-10 02:00:00+00:00,23.085578125006077
2024-03-10 03:00:00+00:00,24.54378165044302
2024-03-10 04:00:00+00:00,25.30003276109407
2024-03-10 05:00:00+00:00,25.90727615255537
2024-03-10 06:00:00+00:00,20.228854649234982
2024-03-10 07:00:00+00:00,17.19470470072306
2024-03-10 08:00:00+00:00,22.968561457353324
2024-03-10 09:00:00+00:00,30.297002580358697
2024-03-10 10:00:00+00:00,26.16260988762386
2024-03-10 11:00:00+00:00,24.979066520946756
2024-03-10 12:00:00+00:00,22.74863784589518
2024-03-10 13:00:00+00:00,20.901403228466858
2024-03-10 14:00:00+00:00,19.396457717263406
2024-03-10 15:00:00+00:00,18.381906836795483
2024-03-10 16:00:00+00:00,16.666433577202852
2024-03-10 17:00:00+00:00,14.806233822861122
2024-03-10 18:00:00+00:00,16.537065371711094
2024-03-10 19:00:00+00:00,16.584155580813974
2024-03-10 20:00:00+00:00,16.900993082255596
2024-03-10 21:00:00+00:00,17.578315214548503
2024-03-10 22:00:00+00:00,19.00039173683176
2024-03-10 23:00:00+00:00,19.789242598922513
2024-03-11 00:00:00+00:00,19.987973298730573
2024-03-11 01:00:00+00:00,22.09317187826319
2024-03-11 02:00:00+00:00,21.865957450696424
2024-03-11 03:00:00+00:00,22.15688490328425
2024-03-11 04:00:00+00:00,22.1389452535817
2024-03-11 05:00:00+00:00,21.925802424420013
2024-03-11 06:00:00+00:00,20.8159341386495
2024-03-11 07:00:00+00:00,21.435499906995574
2024-03-11 08:00:00+00:00,22.52687409894605
2024-03-11 09:00:00+00:00,23.144727231304984
2024-03-11 10:00:00+00:00,22.18383801745686
2024-03-11 11:00:00+00:00,22.37096947637747
2024-03-11 12:00:00+00:00,21.473074906111563
2024-03-11 13:00:00+00:00,21.345462780718666
2024-03-11 14:00:00+00:00,19.889670449822194
2024-03-11 15:00:00+00:00,17.944592203678997
2024-03-11 16:00:00+00:00,16.597760510192934
2024-03-11 17:00:00+00:00,16.89743764471521
2024-03-11 18:00:00+00:00,16.389665637812026
2024-03-11 19:00:00+00:00,16.499196679628717
2024-03-11 20:00:00+00:00,17.10247054851685
2024-03-11 21:00:00+00:00,16.93031662524296
2024-03-11 22:00:00+00:00,17.801077331163526
2024-03-11 23:00:00+00:00,17.893393660826757
2024-03-12 00:00:00+00:00,17.92622974072458
2024-03-12 01:00:00+00:00,18.570063979876704
2024-03-12 02:00:00+00:00,20.614903160403035
2024-03-12 03:00:00+00:00,20.963544590420966
2024-03-12 04:00:00+00:00,21.60450226650596
2024-03-12 05:00:00+00:00,19.564416639401358
2024-03-12 06:00:00+00:00,17.60889508971952
2024-03-12 07:00:00+00:00,16.388181972193212
2024-03-12 08:00:00+00:00,19.510921080897223
2024-03-12 09:00:00+00:00,20.716905256576872
2024-03-12 10:00:00+00:00,20.926334224125384
2024-03-12 11:00:00+00:00,19.35091579558778
2024-03-12 12:00:00+00:00,18.515979950207786
2024-03-12 13:00:00+00:00,17.435049880338084
2024-03-12 14:00:00+00:00,17.009316922106805
2024-03-12 15:00:00+00:00,16.172697975362915
2024-03-12 16:00:00+00:00,17.330861027347613
2024-03-12 17:00:00+00:00,16.899870299857422
2024-03-12 18:00:00+00:00,17.312203946892353
2024-03-12 19:00:00+00:00,17.525705743951157
2024-03-12 20:00:00+00:00,17.83171479667221
2024-03-12 21:00:00+00:00,18.10794019268391
2024-03-12 22:00:00+00:00,18.35791237793965
2024-03-12 23:00:00+00:00,18.578173691381128
2024-03-13 00:00:00+00:00,18.818206508245446
2024-03-13 01:00:00+00:00,18.907173745215957
2024-03-13 02:00:00+00:00,20.27889986686589
2024-03-13 03:00:00+00:00,21.70017793419835
2024-03-13 04:00:00+00:00,24.255284126177298
2024-03-13 05:00:00+00:00,18.858109352288025
2024-03-13 06:00:00+00:00,11.816550152730008
2024-03-13 07:00:00+00:00,14.676796122178125
2024-03-13 08:00:00+00:00,23.946319669742277
2024-03-13 09:00:00+00:00,25.574061678723588
2024-03-13 10:00:00+00:00,26.621202568180703
2024-03-13 11:00:00+00:00,27.852612128307833
2024-03-13 12:00:00+00:00,29.257918319846826
2024-03-13 13:00:00+00:00,25.83854091006124
2024-03-13 14:00:00+00:00,22.695995855751114
2024-03-13 15:00:00+00:00,20.814934444036954
2024-03-13 16:00:00+00:00,18.20531213700999
2024-03-13 17:00:00+00:00,17.670179068575134
2024-03-13 18:00:00+00:00,16.60999926210359
2024-03-13 19:00:00+00:00,15.458972472293725
2024-03-13 20:00:00+00:00,14.705491234780027
2024-03-13 21:00:00+00:00,14.50053433227968
2024-03-13 22:00:00+00:00,17.200939769296554
2024-03-13 23:00:00+00:00,20.15227538531273
2024-03-14 00:00:00+00:00,20.73114451514697
2024-03-14 01:00:00+00:00,20.92540893896497
2024-03-14 02:00:00+00:00,22.61364090138956
2024-03-14 03:00:00+00:00,24.44367853392112
2024-03-14 04:00:00+00:00,25.567075056267832
2024-03-14 05:00:00+00:00,21.35320778753482
2024-03-14 06:00:00+00:00,16.8409806931497
2024-03-14 07:00:00+00:00,19.912399607328968
2024-03-14 08:00:00+00:00,24.373956926417602
2024-03-14 09:00:00+00:00,27.44721121019544
2024-03-14 10:00:00+00:00,29.918698698151694
2024-03-14 11:00:00+00:00,31.55281733670286
2024-03-14 12:00:00+00:00,31.994680318277496
2024-03-14 13:00:00+00:00,28.554769880219133
2024-03-14 14:00:00+00:00,26.126303253573727
2024-03-14 15:00:00+00:00,20.78494601277572
2024-03-14 16:00:00+00:00,17.528476499064247
2024-03-14 17:00:00+00:00,17.32740548438797
2024-03-14 18:00:00+00:00,16.29733239319357
2024-03-14 19:00:00+00:00,15.566748695538411
2024-03-14 20:00:00+00:00,14.209211222245367
2024-03-14 21:00:00+00:00,14.804619145842652
2024-03-14 22:00:00+00:00,17.14380307522771
2024-03-14 23:00:00+00:00,17.961994012822927
2024-03-15 00:00:00+00:00,19.079535295581902
2024-03-15 01:00:00+00:00,20.27055504598081
2024-03-15 02:00:00+00:00,23.12165829452635
2024-03-15 03:00:00+00:00,24.912838896798053
2024-03-15 04:00:00+00:00,26.456387218152692
2024-03-15 05:00:00+00:00,22.291210731364476
2024-03-15 06:00:00+00:00,17.258986932093233
2024-03-15 07:00:00+00:00,19.175059830598297
2024-03-15 08:00:00+00:00,21.96903906494394
2024-03-15 09:00:00+00:00,22.021115541246335
2024-03-15 10:00:00+00:00,23.21921598456012
2024-03-15 11:00:00+00:00,23.472432911533538
2024-03-15 12:00:00+00:00,24.164770418436404
2024-03-15 13:00:00+00:00,23.098097540365135
2024-03-15 14:00:00+00:00,21.683698354095917
2024-03-15 15:00:00+00:00,20.59356138676669
2024-03-15 16:00:00+00:00,17.61761546655297
2024-03-15 17:00:00+00:00,16.980304337611585
2024-03-15 18:00:00+00:00,17.230903553557404
2024-03-15 19:00:00+00:00,16.838998961613854
2024-03-15 20:00:00+00:00,16.465781615525934
2024-03-15 21:00:00+00:00,16.0973542379584
2024-03-15 22:00:00+00:00,16.74704829978928
2024-03-15 23:00:00+00:00,17.453345698439783
2024-03-16 00:00:00+00:00,17.751737489574257
2024-03-16 01:00:00+00:00,19.079295968324047
2024-03-16 02:00:00+00:00,19.95103745898346
2024-03-16 03:00:00+00:00,21.398709829287768
2024-03-16 04:00:00+00:00,22.457661210950967
2024-03-16 05:00:00+00:00,17.51129662760212
2024-03-16 06:00:00+00:00,14.277393753747406
2024-03-16 07:00:00+00:00,16.148629988999435
2024-03-16 08:00:00+00:00,23.116955691879188
2024-03-16 09:00:00+00:00,22.34886746853598
2024-03-16 10:00:00+00:00,21.388218400436315
2024-03-16 11:00:00+00:00,20.99785966464051
2024-03-16 12:00:00+00:00,22.086015757050987
2024-03-16 13:00:00+00:00,20.144424924728433
2024-03-16 14:00:00+00:00,20.135370044099293
2024-03-16 15:00:00+00:00,18.431361261255105
2024-03-16 16:00:00+00:00,14.640812539453334
2024-03-16 17:00:00+00:00,14.961616783219121
2024-03-16 18:00:00+00:00,15.137113982224104
2024-03-16 19:00:00+00:00,15.599183048234911
2024-03-16 20:00:00+00:00,15.90660391735617
2024-03-16 21:00:00+00:00,16.222628967157252
2024-03-16 22:00:00+00:00,16.568357530585782
2024-03-16 23:00:00+00:00,16.544477955743528
2024-03-17 00:00:00+00:00,18.025090521489968
2024-03-17 01:00:00+00:00,19.161658947938783
2024-03-17 02:00:00+00:00,20.345159203696287
2024-03-17 03:00:00+00:00,20.251668131214732
2024-03-17 04:00:00+00:00,20.894271700329067
2024-03-17 05:00:00+00:00,20.921033812763543
2024-03-17 06:00:00+00:00,18.949985837387896
2024-03-17 07:00:00+00:00,18.729654742201845
2024-03-17 08:00:00+00:00,18.73261519613229
2024-03-17 09:00:00+00:00,20.11962392883181
2024-03-17 10:00:00+00:00,21.46242949612829
2024-03-17 11:00:00+00:00,21.695490022958147
2024-03-17 12:00:00+00:00,21.972167012576463
2024-03-17 13:00:00+00:00,22.334946152382525
2024-03-17 14:00:00+00:00,22.173321428138312
2024-03-17 15:00:00+00:00,21.99813674231767
2024-03-17 16:00:00+00:00,19.828130372495846
2024-03-17 17:00:00+00:00,19.155077244572283
2024-03-17 18:00:00+00:00,17.90665022239854
2024-03-17 19:00:00+00:00,16.89340547657179
2024-03-17 20:00:00+00:00,16.557611986854788
2024-03-17 21:00:00+00:00,16.347778640845533
2024-03-17 22:00:00+00:00,15.89974487954218
2024-03-17 23:00:00+00:00,15.739371165365307
2024-03-18 00:00:00+00:00,15.219393794762496
2024-03-18 01:00:00+00:00,17.745381202930723
2024-03-18 02:00:00+00:00,20.298081029967918
2024-03-18 03:00:00+00:00,21.880089843828152
2024-03-18 04:00:00+00:00,24.08840822090283
2024-03-18 05:00:00+00:00,25.770086500096507
2024-03-18 06:00:00+00:00,23.01745878158136
2024-03-18 07:00:00+00:00,23.35054476624563
2024-03-18 08:00:00+00:00,19.08016888737276
2024-03-18 09:00:00+00:00,21.620564299773335
2024-03-18 10:00:00+00:00,23.992454477009908
2024-03-18 11:00:00+00:00,24.200751165290026
2024-03-18 12:00:00+00:00,24.959945828117284
2024-03-18 13:00:00+00:00,25.932937005721968
2024-03-18 14:00:00+00:00,25.796873613631114
2024-03-18 15:00:00+00:00,24.906657195457026
2024-03-18 16:00:00+00:00,21.503566774979728
2024-03-18 17:00:00+00:00,21.153209927149756
2024-03-18 18:00:00+00:00,19.900185507108247
2024-03-18 19:00:00+00:00,18.2407092077527
2024-03-18 20:00:00+00:00,16.542779997188624
2024-03-18 21:00:00+00:00,15.988506634694657
2024-03-18 22:00:00+00:00,15.560670519846193
2024-03-18 23:00:00+00:00,15.280746088802994
2024-03-19 00:00:00+00:00,14.999774538999787
2024-03-19 01:00:00+00:00,16.530120297595673
2024-03-19 02:00:00+00:00,18.769561297493826
2024-03-19 03:00:00+00:00,20.47648863413824
2024-03-19 04:00:00+00:00,22.439620757043386
2024-03-19 05:00:00+00:00,20.769762574056326
2024-03-19 06:00:00+00:00,20.966182887328884
2024-03-19 07:00:00+00:00,21.410633402129616
2024-03-19 08:00:00+00:00,23.19502113756823
2024-03-19 09:00:00+00:00,22.807850571242845
2024-03-19 10:00:00+00:00,22.188248516480765
2024-03-19 11:00:00+00:00,21.56860665780524
2024-03-19 12:00:00+00:00,20.636349159375428
2024-03-19 13:00:00+00:00,21.418430714406924
2024-03-19 14:00:00+00:00,21.180649541069087
2024-03-19 15:00:00+00:00,20.631298213433123
2024-03-19 16:00:00+00:00,20.56983902983582
2024-03-19 17:00:00+00:00,20.20599337051678
2024-03-19 18:00:00+00:00,18.721940067675046
2024-03-19 19:00:00+00:00,18.11171914216652
2024-03-19 20:00:00+00:00,16.77151176878434
2024-03-19 21:00:00+00:00,16.311631126167043
2024-03-19 22:00:00+00:00,16.214688146567106
2024-03-19 23:00:00+00:00,16.123006335611336
2024-03-20 00:00:00+00:00,16.679378649968232
2024-03-20 01:00:00+00:00,16.845303558784376
2024-03-20 02:00:00+00:00,18.48515595746188
2024-03-20 03:00:00+00:00,19.86775361670237
2024-03-20 04:00:00+00:00,20.504617965177435
2024-03-20 05:00:00+00:00,22.07375935185789
2024-03-20 06:00:00+00:00,23.88016265731077
2024-03-20 07:00:00+00:00,22.067034635497166
2024-03-20 08:00:00+00:00,20.577490747633526
2024-03-20 09:00:00+00:00,22.29622490207099
2024-03-20 10:00:00+00:00,23.65130459770536
2024-03-20 11:00:00+00:00,24.926187866081424
2024-03-20 12:00:00+00:00,25.119282741787927
2024-03-20 13:00:00+00:00,24.702267261329165
2024-03-20 14:00:00+00:00,22.69447920206884
2024-03-20 15:00:00+00:00,20.657195073590817
2024-03-20 16:00:00+00:00,19.194996629266655
2024-03-20 17:00:00+00:00,17.018856456175254
2024-03-20 18:00:00+00:00,15.035873015897671
2024-03-20 19:00:00+00:00,13.676024079938168
2024-03-20 20:00:00+00:00,12.374460929353774
2024-03-20 21:00:00+00:00,12.478112155517476
2024-03-20 22:00:00+00:00,14.09005400242619
2024-03-20 23:00:00+00:00,14.88743717341011
2024-03-21 00:00:00+00:00,15.896569699050646
2024-03-21 01:00:00+00:00,17.27617675659071
2024-03-21 02:00:00+00:00,18.048220637811603
2024-03-21 03:00:00+00:00,20.316279745146872
2024-03-21 04:00:00+00:00,21.618572781478246
2024-03-21 05:00:00+00:00,19.355996753930338
2024-03-21 06:00:00+00:00,15.566818083582264
2024-03-21 07:00:00+00:00,19.106916523130216
2024-03-21 08:00:00+00:00,22.055137286569167
2024-03-21 09:00:00+00:00,21.916535203228577
2024-03-21 10:00:00+00:00,22.300346992769377
2024-03-21 11:00:00+00:00,22.748801283458246
2024-03-21 12:00:00+00:00,22.966548550365445
2024-03-21 13:00:00+00:00,22.05401038442347
2024-03-21 14:00:00+00:00,20.88648354350702
2024-03-21 15:00:00+00:00,20.36195086377574
2024-03-21 16:00:00+00:00,19.223383236962412
2024-03-21 17:00:00+00:00,19.64861974429771
2024-03-21 18:00:00+00:00,19.817470711740636
2024-03-21 19:00:00+00:00,19.548106480438495
2024-03-21 20:00:00+00:00,19.05660590662146
2024-03-21 21:00:00+00:00,18.534957275681617
2024-03-21 22:00:00+00:00,18.02376154137028
2024-03-21 23:00:00+00:00,17.696284378984824
2024-03-22 00:00:00+00:00,17.496680479684155
2024-03-22 01:00:00+00:00,17.574234603356974
2024-03-22 02:00:00+00:00,18.2944414292247
2024-03-22 03:00:00+00:00,19.47306277442701
2024-03-22 04:00:00+00:00,19.450670050438358
2024-03-22 05:00:00+00:00,18.90390810263945
2024-03-22 06:00:00+00:00,19.457149828999853
2024-03-22 07:00:00+00:00,21.895273670864192
2024-03-22 08:00:00+00:00,25.056461076688915
2024-03-22 09:00:00+00:00,24.595986024383944
2024-03-22 10:00:00+00:00,24.68555977915104
2024-03-22 11:00:00+00:00,24.131049090246027
2024-03-22 12:00:00+00:00,23.396195365108195
2024-03-22 13:00:00+00:00,22.525568476798856
2024-03-22 14:00:00+00:00,22.418207242212212
2024-03-22 15:00:00+00:00,21.948365166001402
2024-03-22 16:00:00+00:00,20.22456061016643
2024-03-22 17:00:00+00:00,21.35991399862835
2024-03-22 18:00:00+00:00,22.805972328224506
2024-03-22 19:00:00+00:00,21.599327020382884
2024-03-22 20:00:00+00:00,20.614779280597567
2024-03-22 21:00:00+00:00,20.200839001500558
2024-03-22 22:00:00+00:00,19.700440909209895
2024-03-22 23:00:00+00:00,17.79543006562186
2024-03-23 00:00:00+00:00,16.50732079491293
2024-03-23 01:00:00+00:00,16.303462267461317
2024-03-23 02:00:00+00:00,16.42168085687387
2024-03-23 03:00:00+00:00,17.128967274397063
2024-03-23 04:00:00+00:00,17.633347329803133
2024-03-23 05:00:00+00:00,23.520024499894262
2024-03-23 06:00:00+00:00,27.334600312055922
2024-03-23 07:00:00+00:00,24.156919452575014
2024-03-23 08:00:00+00:00,22.54359187655339
2024-03-23 09:00:00+00:00,23.713618547156873
2024-03-23 10:00:00+00:00,25.23981760143076
2024-03-23 11:00:00+00:00,26.179604831748875
2024-03-23 12:00:00+00:00,25.944399494959463
2024-03-23 13:00:00+00:00,24.56734722997289
2024-03-23 14:00:00+00:00,22.71221497646411
2024-03-23 15:00:00+00:00,19.88233041012428
2024-03-23 16:00:00+00:00,18.13567682870599
2024-03-23 17:00:00+00:00,19.07832768824623
2024-03-23 18:00:00+00:00,19.576715799537087
2024-03-23 19:00:00+00:00,19.786255014313298
2024-03-23 20:00:00+00:00,20.61044980969169
2024-03-23 21:00:00+00:00,19.683056940962338
2024-03-23 22:00:00+00:00,19.414351591467607
2024-03-23 23:00:00+00:00,18.825232654247085
2024-03-24 00:00:00+00:00,16.884690008950447
2024-03-24 01:00:00+00:00,17.283504907235343
2024-03-24 02:00:00+00:00,17.86308852350282
2024-03-24 03:00:00+00:00,18.756987885830647
2024-03-24 04:00:00+00:00,19.665022949699875
2024-03-24 05:00:00+00:00,16.92331183220566
2024-03-24 06:00:00+00:00,16.470576972581444
2024-03-24 07:00:00+00:00,19.860832648227788
2024-03-24 08:00:00+00:00,22.76744511318624
2024-03-24 09:00:00+00:00,22.77081945124823
2024-03-24 10:00:00+00:00,22.3537904506048
2024-03-24 11:00:00+00:00,22.544646985176897
2024-03-24 12:00:00+00:00,22.27248586805467
2024-03-24 13:00:00+00:00,21.948312300987517
2024-03-24 14:00:00+00:00,21.34414160925643
2024-03-24 15:00:00+00:00,20.446772865045563
2024-03-24 16:00:00+00:00,19.60481740502042
2024-03-24 17:00:00+00:00,18.52692820660506
2024-03-24 18:00:00+00:00,17.970460885450596
2024-03-24 19:00:00+00:00,18.241253356653782
2024-03-24 20:00:00+00:00,17.547004310575005
2024-03-24 21:00:00+00:00,16.868533986033256
2024-03-24 22:00:00+00:00,16.623241956890077
2024-03-24 23:00:00+00:00,14.509026024188502
2024-03-25 00:00:00+00:00,13.546788715845175
2024-03-25 01:00:00+00:00,15.476602087349363
2024-03-25 02:00:00+00:00,18.62681825316236
2024-03-25 03:00:00+00:00,20.215094865244417
2024-03-25 04:00:00+00:00,22.879214893381157
2024-03-25 05:00:00+00:00,17.663405011960638
2024-03-25 06:00:00+00:00,13.26254561590242
2024-03-25 07:00:00+00:00,17.003666096228738
2024-03-25 08:00:00+00:00,22.624598241058933
2024-03-25 09:00:00+00:00,23.17933865728357
2024-03-25 10:00:00+00:00,22.512540362409293
2024-03-25 11:00:00+00:00,21.984326409072448
2024-03-25 12:00:00+00:00,21.94987927705087
2024-03-25 13:00:00+00:00,21.246491851311603
2024-03-25 14:00:00+00:00,20.375300318059185
2024-03-25 15:00:00+00:00,19.510290977351985
2024-03-25 16:00:00+00:00,18.821423978581432
2024-03-25 17:00:00+00:00,19.73381171568854
2024-03-25 18:00:00+00:00,19.599164679182437
2024-03-25 19:00:00+00:00,19.382925849625945
2024-03-25 20:00:00+00:00,18.51721319205284
2024-03-25 21:00:00+00:00,19.922940905973622
2024-03-25 22:00:00+00:00,20.58868143787761
2024-03-25 23:00:00+00:00,20.837213828736953
2024-03-26 00:00:00+00:00,20.6370013227743
2024-03-26 01:00:00+00:00,21.71993110906833
2024-03-26 02:00:00+00:00,21.65828432267088
2024-03-26 03:00:00+00:00,22.2959365096012
2024-03-26 04:00:00+00:00,22.20785890887476
2024-03-26 05:00:00+00:00,19.60635814292164
2024-03-26 06:00:00+00:00,15.645691486991431
2024-03-26 07:00:00+00:00,18.648038821068564
2024-03-26 08:00:00+00:00,22.315060394342705
2024-03-26 09:00:00+00:00,23.35600445212002
2024-03-26 10:00:00+00:00,24.482526937080408
2024-03-26 11:00:00+00:00,24.35768257849318
2024-03-26 12:00:00+00:00,24.99013462841342
2024-03-26 13:00:00+00:00,24.679141180720002
2024-03-26 14:00:00+00:00,22.667935476769394
2024-03-26 15:00:00+00:00,20.761102067172907
2024-03-26 16:00:00+00:00,18.976572382298563
2024-03-26 17:00:00+00:00,19.532075591676666
2024-03-26 18:00:00+00:00,19.633491433045776
2024-03-26 19:00:00+00:00,18.61892481970059
2024-03-26 20:00:00+00:00,18.386672724196384
2024-03-26 21:00:00+00:00,20.900019894034187
2024-03-26 22:00:00+00:00,23.403542202353144
2024-03-26 23:00:00+00:00,23.46713826833804
2024-03-27 00:00:00+00:00,21.896860733591506
2024-03-27 01:00:00+00:00,21.617646193561228
2024-03-27 02:00:00+00:00,22.02867522194122
2024-03-27 03:00:00+00:00,20.817677609495956
2024-03-27 04:00:00+00:00,19.048458099587492
2024-03-27 05:00:00+00:00,19.259122046992555
2024-03-27 06:00:00+00:00,17.082416555333108
2024-03-27 07:00:00+00:00,18.930075178780683
2024-03-27 08:00:00+00:00,21.76661465413115
2024-03-27 09:00:00+00:00,22.984981055400162
2024-03-27 10:00:00+00:00,23.425812662009733
2024-03-27 11:00:00+00:00,23.097863708166397
2024-03-27 12:00:00+00:00,22.80271349664397
2024-03-27 13:00:00+00:00,22.37212277972951
2024-03-27 14:00:00+00:00,21.644432449455675
2024-03-27 15:00:00+00:00,21.194935763044437
2024-03-27 16:00:00+00:00,19.29515572622074
2024-03-27 17:00:00+00:00,19.11948059619454
2024-03-27 18:00:00+00:00,18.274083272641573
2024-03-27 19:00:00+00:00,18.29717478529029
2024-03-27 20:00:00+00:00,18.980132212073855
2024-03-27 21:00:00+00:00,19.581062616196967
2024-03-27 22:00:00+00:00,20.119493407197762
2024-03-27 23:00:00+00:00,21.075544943740237
2024-03-28 00:00:00+00:00,21.472361969263478
2024-03-28 01:00:00+00:00,22.231441015977758
2024-03-28 02:00:00+00:00,22.166313589324034
2024-03-28 03:00:00+00:00,22.129769054011017
2024-03-28 04:00:00+00:00,21.683754378978506
2024-03-28 05:00:00+00:00,19.14980282573453
2024-03-28 06:00:00+00:00,17.611702775707137
2024-03-28 07:00:00+00:00,18.24627345957163
2024-03-28 08:00:00+00:00,19.506638117661126
2024-03-28 09:00:00+00:00,20.345321438543618
2024-03-28 10:00:00+00:00,21.045189090567916
2024-03-28 11:00:00+00:00,21.803479855932068
2024-03-28 12:00:00+00:00,21.70972578376473
2024-03-28 13:00:00+00:00,20.63985902003601
2024-03-28 14:00:00+00:00,19.117269682063387
2024-03-28 15:00:00+00:00,18.32630115326286
2024-03-28 16:00:00+00:00,15.214299850460028
2024-03-28 17:00:00+00:00,16.758021567647035
2024-03-28 18:00:00+00:00,16.5141865103766
2024-03-28 19:00:00+00:00,16.46948238789956
2024-03-28 20:00:00+00:00,17.254800829051685
2024-03-28 21:00:00+00:00,17.393401708322457
2024-03-28 22:00:00+00:00,18.320311537868964
2024-03-28 23:00:00+00:00,18.590013166200535
2024-03-29 00:00:00+00:00,18.789526282500386
2024-03-29 01:00:00+00:00,18.191220614895197
2024-03-29 02:00:00+00:00,18.63892062369409
2024-03-29 03:00:00+00:00,18.203632832261405
2024-03-29 04:00:00+00:00,17.309873235492788
2024-03-29 05:00:00+00:00,19.711969747385783
2024-03-29 06:00:00+00:00,19.44495282519805
2024-03-29 07:00:00+00:00,21.28176644098374
2024-03-29 08:00:00+00:00,21.111117515083297
2024-03-29 09:00:00+00:00,21.628557874187983
2024-03-29 10:00:00+00:00,21.761747086155193
2024-03-29 11:00:00+00:00,21.907654362518574
2024-03-29 12:00:00+00:00,21.3323638094481
2024-03-29 13:00:00+00:00,20.307389227913824
2024-03-29 14:00:00+00:00,19.412079275842
2024-03-29 15:00:00+00:00,18.14945294609517
2024-03-29 16:00:00+00:00,17.752779147745024
2024-03-29 17:00:00+00:00,17.91366244788332
2024-03-29 18:00:00+00:00,18.142434281327542
2024-03-29 19:00:00+00:00,17.72489499489726
2024-03-29 20:00:00+00:00,17.710804691702187
2024-03-29 21:00:00+00:00,18.936978907526246
2024-03-29 22:00:00+00:00,19.39521228486047
2024-03-29 23:00:00+00:00,19.446652939215873
2024-03-30 00:00:00+00:00,18.28982056582632
2024-03-30 01:00:00+00:00,20.760429282537352
2024-03-30 02:00:00+00:00,23.778930358167592
2024-03-30 03:00:00+00:00,25.50132876771475
2024-03-30 04:00:00+00:00,23.91654782361654
2024-03-30 05:00:00+00:00,20.767104630831902
2024-03-30 06:00:00+00:00,18.940827391323175
2024-03-30 07:00:00+00:00,19.521654719813107
2024-03-30 08:00:00+00:00,25.96240560567997
2024-03-30 09:00:00+00:00,25.298107836718277
2024-03-30 10:00:00+00:00,25.177045777022276
2024-03-30 11:00:00+00:00,24.450355870837587
2024-03-30 12:00:00+00:00,23.91723257005121
2024-03-30 13:00:00+00:00,23.910565849063858
2024-03-30 14:00:00+00:00,23.85635524641678
2024-03-30 15:00:00+00:00,23.530100460044117
2024-03-30 16:00:00+00:00,22.193715124896045
2024-03-30 17:00:00+00:00,21.927177995130865
2024-03-30 18:00:00+00:00,21.48094056395894
2024-03-30 19:00:00+00:00,20.887592873133404
2024-03-30 20:00:00+00:00,20.208320561116434
2024-03-30 21:00:00+00:00,20.09206172094394
2024-03-30 22:00:00+00:00,20.027689668251902
2024-03-30 23:00:00+00:00,20.208704969924533
2024-03-31 00:00:00+00:00,20.832024024963605
2024-03-31 01:00:00+00:00,26.165392625809858
2024-03-31 02:00:00+00:00,30.157408648906713
2024-03-31 03:00:00+00:00,30.293000866495724
2024-03-31 04:00:00+00:00,30.905728796363714
2024-03-31 05:00:00+00:00,25.701892059704157
2024-03-31 06:00:00+00:00,18.361757284385153
2024-03-31 07:00:00+00:00,20.79566933400941
2024-03-31 08:00:00+00:00,22.97873953334598
2024-03-31 09:00:00+00:00,23.22169610730485
2024-03-31 10:00:00+00:00,22.11099986704163
2024-03-31 11:00:00+00:00,22.388922997352765
2024-03-31 12:00:00+00:00,20.3161265930255
2024-03-31 13:00:00+00:00,20.16686551059753
2024-03-31 14:00:00+00:00,20.11722409133438
2024-03-31 15:00:00+00:00,19.297944291212065
2024-03-31 16:00:00+00:00,18.779675160471758
2024-03-31 17:00:00+00:00,18.477807698249073
2024-03-31 18:00:00+00:00,19.178795633876504
2024-03-31 19:00:00+00:00,18.47448496704081
2024-03-31 20:00:00+00:00,18.11629808183392
2024-03-31 21:00:00+00:00,17.409532113991244
2024-03-31 22:00:00+00:00,18.206262211460984
2024-03-31 23:00:00+00:00,18.160106325535196
2024-04-01 00:00:00+00:00,20.502596510863885
2024-04-01 01:00:00+00:00,21.420140715530305
2024-04-01 02:00:00+00:00,25.730988770211315
2024-04-01 03:00:00+00:00,31.546157779613253
2024-04-01 04:00:00+00:00,34.62503274664637
2024-04-01 05:00:00+00:00,24.91724876883149
2024-04-01 06:00:00+00:00,19.780369689764008
2024-04-01 07:00:00+00:00,21.5600110427643
2024-04-01 08:00:00+00:00,23.9782736859161
2024-04-01 09:00:00+00:00,23.132237756642123
2024-04-01 10:00:00+00:00,22.358200266510096
2024-04-01 11:00:00+00:00,21.803923583019373
2024-04-01 12:00:00+00:00,21.53022573201482
2024-04-01 13:00:00+00:00,20.949544107699033
2024-04-01 14:00:00+00:00,20.944172029016414
2024-04-01 15:00:00+00:00,21.01342827243812
2024-04-01 16:00:00+00:00,20.581610381497253
2024-04-01 17:00:00+00:00,19.870561714394643
2024-04-01 18:00:00+00:00,18.846688852393058
2024-04-01 19:00:00+00:00,17.07627509374747
2024-04-01 20:00:00+00:00,14.877667012433344
2024-04-01 21:00:00+00:00,16.18706845710882
2024-04-01 22:00:00+00:00,16.29085913570002
2024-04-01 23:00:00+00:00,16.888384101885762
2024-04-02 00:00:00+00:00,18.569908004044752
2024-04-02 01:00:00+00:00,19.289905360766276
2024-04-02 02:00:00+00:00,20.04357265530802
2024-04-02 03:00:00+00:00,20.31071690635752
2024-04-02 04:00:00+00:00,21.09135226881464
2024-04-02 05:00:00+00:00,18.554706025666363
2024-04-02 06:00:00+00:00,15.97450737406234
2024-04-02 07:00:00+00:00,17.466799780375457
2024-04-02 08:00:00+00:00,21.61578187125324
2024-04-02 09:00:00+00:00,22.020568814444292
2024-04-02 10:00:00+00:00,22.183073962790257
2024-04-02 11:00:00+00:00,22.262200236297783
2024-04-02 12:00:00+00:00,22.16458813836501
2024-04-02 13:00:00+00:00,22.00218563814204
2024-04-02 14:00:00+00:00,21.20341973802069
2024-04-02 15:00:00+00:00,19.89230245118676
2024-04-02 16:00:00+00:00,18.744685681880895
2024-04-02 17:00:00+00:00,18.259974707975868
2024-04-02 18:00:00+00:00,18.701828300693524
2024-04-02 19:00:00+00:00,18.19791914380257
2024-04-02 20:00:00+00:00,18.75013504496685
2024-04-02 21:00:00+00:00,18.421746072328897
2024-04-02 22:00:00+00:00,18.28862947663057
2024-04-02 23:00:00+00:00,18.142539184483713
2024-04-03 00:00:00+00:00,18.742761311782786
2024-04-03 01:00:00+00:00,19.718106546039962
2024-04-03 02:00:00+00:00,20.230712069493645
2024-04-03 03:00:00+00:00,20.470559411875538
2024-04-03 04:00:00+00:00,21.131009549786935
2024-04-03 05:00:00+00:00,17.92248273426802
2024-04-03 06:00:00+00:00,12.98518047905525
2024-04-03 07:00:00+00:00,19.08224938856804
2024-04-03 08:00:00+00:00,26.315656369165264
2024-04-03 09:00:00+00:00,25.220143645556252
2024-04-03 10:00:00+00:00,21.440875663393115
2024-04-03 11:00:00+00:00,21.110815696892367
2024-04-03 12:00:00+00:00,21.64746693755803
2024-04-03 13:00:00+00:00,21.927196690699837
2024-04-03 14:00:00+00:00,21.541446665219357
2024-04-03 15:00:00+00:00,20.34599120452514
2024-04-03 16:00:00+00:00,18.992214701641647
2024-04-03 17:00:00+00:00,18.684879501215665
2024-04-03 18:00:00+00:00,19.416799007658405
2024-04-03 19:00:00+00:00,19.82873087085171
2024-04-03 20:00:00+00:00,20.298904977718966
2024-04-03 21:00:00+00:00,20.2718709224642
2024-04-03 22:00:00+00:00,20.801045836266784
2024-04-03 23:00:00+00:00,20.43427935610175
2024-04-04 00:00:00+00:00,20.900266263416036
2024-04-04 01:00:00+00:00,20.846396087015066
2024-04-04 02:00:00+00:00,22.0617546924381
2024-04-04 03:00:00+00:00,21.962999390786337
2024-04-04 04:00:00+00:00,22.540012408090146
2024-04-04 05:00:00+00:00,22.766787332699888
2024-04-04 06:00:00+00:00,19.69013076687603
2024-04-04 07:00:00+00:00,21.528022858947924
2024-04-04 08:00:00+00:00,30.942916596356625
2024-04-04 09:00:00+00:00,27.45330245809214
2024-04-04 10:00:00+00:00,23.78789383639255
2024-04-04 11:00:00+00:00,22.54278967209272
2024-04-04 12:00:00+00:00,20.370744592061065
2024-04-04 13:00:00+00:00,19.720754436928356
2024-04-04 14:00:00+00:00,19.24766346500724
2024-04-04 15:00:00+00:00,19.189367949706806
2024-04-04 16:00:00+00:00,18.228327629616427
2024-04-04 17:00:00+00:00,19.027622630528295
2024-04-04 18:00:00+00:00,18.82993555149485
2024-04-04 19:00:00+00:00,18.365934229757237
2024-04-04 20:00:00+00:00,18.415200138075416
2024-04-04 21:00:00+00:00,18.410490485744173
2024-04-04 22:00:00+00:00,19.097930817352857
2024-04-04 23:00:00+00:00,18.462033543889962
2024-04-05 00:00:00+00:00,18.942759232269363
2024-04-05 01:00:00+00:00,20.251704769191246
2024-04-05 02:00:00+00:00,20.508208427587544
2024-04-05 03:00:00+00:00,20.91822801112824
2024-04-05 04:00:00+00:00,21.000747342950824
2024-04-05 05:00:00+00:00,21.09990044525465
2024-04-05 06:00:00+00:00,19.757622975523233
2024-04-05 07:00:00+00:00,25.694820448188022
2024-04-05 08:00:00+00:00,43.62172566355025
2024-04-05 09:00:00+00:00,41.947342261929535
2024-04-05 10:00:00+00:00,33.35820681907769
2024-04-05 11:00:00+00:00,27.048144868817978
2024-04-05 12:00:00+00:00,22.65566711897821
2024-04-05 13:00:00+00:00,21.227716925586744
2024-04-05 14:00:00+00:00,19.724691507114482
2024-04-05 15:00:00+00:00,18.629124394630637
2024-04-05 16:00:00+00:00,17.297674935783764
2024-04-05 17:00:00+00:00,17.823392473853126
2024-04-05 18:00:00+00:00,18.316035281233095
2024-04-05 19:00:00+00:00,19.13650669952266
2024-04-05 20:00:00+00:00,19.85645376573795
2024-04-05 21:00:00+00:00,19.424738575665323
2024-04-05 22:00:00+00:00,18.620076531827554
2024-04-05 23:00:00+00:00,17.933403021855334
2024-04-06 00:00:00+00:00,15.98634465890431
2024-04-06 01:00:00+00:00,17.46063122291403
2024-04-06 02:00:00+00:00,17.53930862408354
2024-04-06 03:00:00+00:00,18.64123072902414
2024-04-06 04:00:00+00:00,20.168283815081242
2024-04-06 05:00:00+00:00,15.135801833928767
2024-04-06 06:00:00+00:00,14.361868709286856
2024-04-06 07:00:00+00:00,18.61793558182378
2024-04-06 08:00:00+00:00,21.683867292203715
2024-04-06 09:00:00+00:00,22.14877340253597
2024-04-06 10:00:00+00:00,21.44967478736608
2024-04-06 11:00:00+00:00,21.933045047689788
2024-04-06 12:00:00+00:00,19.90094446961246
2024-04-06 13:00:00+00:00,20.34546126985628
2024-04-06 14:00:00+00:00,20.373379791162982
2024-04-06 15:00:00+00:00,19.63037591131
2024-04-06 16:00:00+00:00,17.710259236213066
2024-04-06 17:00:00+00:00,17.81974167196595
2024-04-06 18:00:00+00:00,19.267996604173774
2024-04-06 19:00:00+00:00,19.06819556707239
2024-04-06 20:00:00+00:00,19.140815705578905
2024-04-06 21:00:00+00:00,19.01469487562635
2024-04-06 22:00:00+00:00,19.556605781733495
2024-04-06 23:00:00+00:00,18.91184400132511
2024-04-07 00:00:00+00:00,19.863497233825164
2024-04-07 01:00:00+00:00,20.536838788812688
2024-04-07 02:00:00+00:00,20.97654599005052
2024-04-07 03:00:00+00:00,21.859273328836807
2024-04-07 04:00:00+00:00,21.840838959024108
2024-04-07 05:00:00+00:00,17.180027007363112
2024-04-07 06:00:00+00:00,16.626537125604308
2024-04-07 07:00:00+00:00,17.246351037407262
2024-04-07 08:00:00+00:00,23.48133717420282
2024-04-07 09:00:00+00:00,26.111832641181014
2024-04-07 10:00:00+00:00,28.772534346208396
2024-04-07 11:00:00+00:00,30.67601887737305
2024-04-07 12:00:00+00:00,24.671734681652097
2024-04-07 13:00:00+00:00,23.559952670971363
2024-04-07 14:00:00+00:00,22.301949517339587
2024-04-07 15:00:00+00:00,21.802849397018324
2024-04-07 16:00:00+00:00,19.26687794648897
2024-04-07 17:00:00+00:00,18.608033765046354
2024-04-07 18:00:00+00:00,17.96251853372735
2024-04-07 19:00:00+00:00,17.477217662690578
2024-04-07 20:00:00+00:00,17.329872380508682
2024-04-07 21:00:00+00:00,18.435345381086833
2024-04-07 22:00:00+00:00,19.667942071282233
2024-04-07 23:00:00+00:00,20.720715257435817
2024-04-08 00:00:00+00:00,21.022775330667276
2024-04-08 01:00:00+00:00,22.57258117709283
2024-04-08 02:00:00+00:00,23.529699610791347
2024-04-08 03:00:00+00:00,24.258060782500074
2024-04-08 04:00:00+00:00,24.32764756869063
2024-04-08 05:00:00+00:00,20.556387753123147
2024-04-08 06:00:00+00:00,16.12662641106088
2024-04-08 07:00:00+00:00,21.776177393498752
2024-04-08 08:00:00+00:00,26.381325219050623
2024-04-08 09:00:00+00:00,29.360643211372395
2024-04-08 10:00:00+00:00,32.90308167204404
2024-04-08 11:00:00+00:00,40.76286102271108
2024-04-08 12:00:00+00:00,29.92605002150491
2024-04-08 13:00:00+00:00,25.471176900226197
2024-04-08 14:00:00+00:00,22.138590698191976
2024-04-08 15:00:00+00:00,21.569424909908093
2024-04-08 16:00:00+00:00,17.55834957099171
2024-04-08 17:00:00+00:00,17.197374488976617
2024-04-08 18:00:00+00:00,17.015873344870332
2024-04-08 19:00:00+00:00,16.92321509156097
2024-04-08 20:00:00+00:00,17.816470681297307
2024-04-08 21:00:00+00:00,17.975124611336987
2024-04-08 22:00:00+00:00,18.695839194949716
2024-04-08 23:00:00+00:00,17.862779203114304
2024-04-09 00:00:00+00:00,17.682014581209238
2024-04-09 01:00:00+00:00,19.174402895499778
2024-04-09 02:00:00+00:00,20.548134421300194
2024-04-09 03:00:00+00:00,21.81163392303469
2024-04-09 04:00:00+00:00,23.201733675872248
2024-04-09 05:00:00+00:00,17.271784088910252
2024-04-09 06:00:00+00:00,15.155666004770438
2024-04-09 07:00:00+00:00,19.825778892670183
2024-04-09 08:00:00+00:00,22.465305417067256
2024-04-09 09:00:00+00:00,32.65403859392056
2024-04-09 10:00:00+00:00,43.02875425012581
2024-04-09 11:00:00+00:00,60.28038009249404
2024-04-09 12:00:00+00:00,72.49140101180059
2024-04-09 13:00:00+00:00,62.87611866553217
2024-04-09 14:00:00+00:00,51.04885202723439
2024-04-09 15:00:00+00:00,25.119804726310836
2024-04-09 16:00:00+00:00,17.563214199865023
2024-04-09 17:00:00+00:00,17.027430015504763
2024-04-09 18:00:00+00:00,17.16109913141127
2024-04-09 19:00:00+00:00,17.727989194149366
2024-04-09 20:00:00+00:00,17.432520237244713
2024-04-09 21:00:00+00:00,18.12903137586931
2024-04-09 22:00:00+00:00,18.259318810338588
2024-04-09 23:00:00+00:00,19.34786705605796
2024-04-10 00:00:00+00:00,19.714130934437094
2024-04-10 01:00:00+00:00,20.08155085061587
2024-04-10 02:00:00+00:00,20.06873816799023
2024-04-10 03:00:00+00:00,20.60862841655218
2024-04-10 04:00:00+00:00,20.866282336036708
2024-04-10 05:00:00+00:00,16.89675608507554
2024-04-10 06:00:00+00:00,15.867617365268304
2024-04-10 07:00:00+00:00,17.44730204289393
2024-04-10 08:00:00+00:00,21.561820028417173
2024-04-10 09:00:00+00:00,21.719597824998843
2024-04-10 10:00:00+00:00,22.338387054675778
2024-04-10 11:00:00+00:00,22.81970142219648
2024-04-10 12:00:00+00:00,22.065829436804698
2024-04-10 13:00:00+00:00,21.925755826035754
2024-04-10 14:00:00+00:00,21.251452402330468
2024-04-10 15:00:00+00:00,20.44794216103062
2024-04-10 16:00:00+00:00,17.94559837626596
2024-04-10 17:00:00+00:00,16.930586476053975
2024-04-10 18:00:00+00:00,16.20814278063942
2024-04-10 19:00:00+00:00,15.907533890475804
2024-04-10 20:00:00+00:00,16.17612047371751
2024-04-10 21:00:00+00:00,15.871723879130663
2024-04-10 22:00:00+00:00,17.64271121148668
2024-04-10 23:00:00+00:00,18.502512499133363
2024-04-11 00:00:00+00:00,19.027971585193235
2024-04-11 01:00:00+00:00,20.252287632259918
2024-04-11 02:00:00+00:00,21.12208760619052
2024-04-11 03:00:00+00:00,22.111261631669063
2024-04-11 04:00:00+00:00,23.918558613986722
2024-04-11 05:00:00+00:00,21.756051344950503
2024-04-11 06:00:00+00:00,20.164244529079642
2024-04-11 07:00:00+00:00,20.82859010998173
2024-04-11 08:00:00+00:00,21.050143200619534
2024-04-11 09:00:00+00:00,21.911373562259907
2024-04-11 10:00:00+00:00,28.213311605380657
2024-04-11 11:00:00+00:00,28.358897330493
2024-04-11 12:00:00+00:00,28.889915192346045
2024-04-11 13:00:00+00:00,24.14253053403169
2024-04-11 14:00:00+00:00,27.099767501846767
2024-04-11 15:00:00+00:00,27.43546115246636
2024-04-11 16:00:00+00:00,25.429043573869055
2024-04-11 17:00:00+00:00,23.573142863748185
2024-04-11 18:00:00+00:00,20.570550098097783
2024-04-11 19:00:00+00:00,18.57945526165907
2024-04-11 20:00:00+00:00,16.985938309678982
2024-04-11 21:00:00+00:00,17.4674130873812
2024-04-11 22:00:00+00:00,17.365255531444518
2024-04-11 23:00:00+00:00,17.632118073107286
2024-04-12 00:00:00+00:00,17.699319119940466
2024-04-12 01:00:00+00:00,19.915166399446054
2024-04-12 02:00:00+00:00,21.78002767788522
2024-04-12 03:00:00+00:00,23.446148208374847
2024-04-12 04:00:00+00:00,24.64619584572997
2024-04-12 05:00:00+00:00,21.34406148108602
2024-04-12 06:00:00+00:00,20.23071542323772
2024-04-12 07:00:00+00:00,21.94167739458653
2024-04-12 08:00:00+00:00,24.008064849738407
2024-04-12 09:00:00+00:00,24.305091454915445
2024-04-12 10:00:00+00:00,24.612714358853943
2024-04-12 11:00:00+00:00,24.865355970758284
2024-04-12 12:00:00+00:00,24.820678440576597
2024-04-12 13:00:00+00:00,26.899159601225893
2024-04-12 14:00:00+00:00,28.2879548664272
2024-04-12 15:00:00+00:00,28.932071612499996
2024-04-12 16:00:00+00:00,22.262536035735142
2024-04-12 17:00:00+00:00,22.530586166491858
2024-04-12 18:00:00+00:00,22.06498850357813
2024-04-12 19:00:00+00:00,19.48317625476647
2024-04-12 20:00:00+00:00,16.73957039556832
2024-04-12 21:00:00+00:00,16.750630431500216
2024-04-12 22:00:00+00:00,16.68339350069067
2024-04-12 23:00:00+00:00,16.87449564113124
2024-04-13 00:00:00+00:00,18.325221488922047
2024-04-13 01:00:00+00:00,19.353215890911912
2024-04-13 02:00:00+00:00,20.49364258388128
2024-04-13 03:00:00+00:00,21.41385343171279
2024-04-13 04:00:00+00:00,23.059179015074605
2024-04-13 05:00:00+00:00,18.577002871438385
2024-04-13 06:00:00+00:00,13.894683992708126
2024-04-13 07:00:00+00:00,18.13186841305825
2024-04-13 08:00:00+00:00,22.352280957140977
2024-04-13 09:00:00+00:00,23.23620331462335
2024-04-13 10:00:00+00:00,23.47315523524632
2024-04-13 11:00:00+00:00,23.744908232064315
2024-04-13 12:00:00+00:00,23.683939093713693
2024-04-13 13:00:00+00:00,25.713673654644943
2024-04-13 14:00:00+00:00,27.975460981173185
2024-04-13 15:00:00+00:00,67.05080721176378
2024-04-13 16:00:00+00:00,56.845627060528344
2024-04-13 17:00:00+00:00,27.42666719413073
2024-04-13 18:00:00+00:00,25.239011171537914
2024-04-13 19:00:00+00:00,23.361471588725145
2024-04-13 20:00:00+00:00,16.90509250744618
2024-04-13 21:00:00+00:00,16.762816713738104
2024-04-13 22:00:00+00:00,17.15601816273424
2024-04-13 23:00:00+00:00,18.577362022840653
2024-04-14 00:00:00+00:00,18.84195447766408
2024-04-14 01:00:00+00:00,20.165834139681063
2024-04-14 02:00:00+00:00,21.26292675377704
2024-04-14 03:00:00+00:00,22.55331751747755
2024-04-14 04:00:00+00:00,25.08218986929227
2024-04-14 05:00:00+00:00,19.9044544608774
2024-04-14 06:00:00+00:00,17.213581575986268
2024-04-14 07:00:00+00:00,17.68601691912651
2024-04-14 08:00:00+00:00,22.644630081018274
2024-04-14 09:00:00+00:00,22.1208615086443
2024-04-14 10:00:00+00:00,22.70429199706533
2024-04-14 11:00:00+00:00,24.009466681784815
2024-04-14 12:00:00+00:00,24.853339381660426
2024-04-14 13:00:00+00:00,23.762305811891245
2024-04-14 14:00:00+00:00,22.473710327415247
2024-04-14 15:00:00+00:00,21.708739165962566
2024-04-14 16:00:00+00:00,20.709039026336775
2024-04-14 17:00:00+00:00,20.206987685559955
2024-04-14 18:00:00+00:00,20.198740395524492
2024-04-14 19:00:00+00:00,18.6624164802717
2024-04-14 20:00:00+00:00,16.84591396450358
2024-04-14 21:00:00+00:00,16.452748067192744
2024-04-14 22:00:00+00:00,16.428954028821245
2024-04-14 23:00:00+00:00,16.54870387755496
2024-04-15 00:00:00+00:00,17.243258748184296
2024-04-15 01:00:00+00:00,18.89237701447481
2024-04-15 02:00:00+00:00,20.19613213210184
2024-04-15 03:00:00+00:00,21.369756810579922
2024-04-15 04:00:00+00:00,23.860529409427354
2024-04-15 05:00:00+00:00,17.534404161869055
2024-04-15 06:00:00+00:00,16.653529081734295
2024-04-15 07:00:00+00:00,19.29199704239146
2024-04-15 08:00:00+00:00,25.164301089189696
2024-04-15 09:00:00+00:00,24.106873490856238
2024-04-15 10:00:00+00:00,23.137382804286162
2024-04-15 11:00:00+00:00,22.981529007170483
2024-04-15 12:00:00+00:00,22.744583045337418
2024-04-15 13:00:00+00:00,22.12204023976548
2024-04-15 14:00:00+00:00,21.678161495624327
2024-04-15 15:00:00+00:00,20.899270208518146
2024-04-15 16:00:00+00:00,19.83624967718997
2024-04-15 17:00:00+00:00,20.821716832444768
2024-04-15 18:00:00+00:00,22.562940849678526
2024-04-15 19:00:00+00:00,24.578020407662294
2024-04-15 20:00:00+00:00,23.43040691373202
2024-04-15 21:00:00+00:00,22.065245149300853
2024-04-15 22:00:00+00:00,20.14931131544745
2024-04-15 23:00:00+00:00,17.943910202039792
2024-04-16 00:00:00+00:00,16.139853597351962
2024-04-16 01:00:00+00:00,18.333920021551098
2024-04-16 02:00:00+00:00,20.292319706892677
2024-04-16 03:00:00+00:00,22.4297748117213
2024-04-16 04:00:00+00:00,24.439354236264354
2024-04-16 05:00:00+00:00,15.382234436844668
2024-04-16 06:00:00+00:00,12.742651333537859
2024-04-16 07:00:00+00:00,19.880435918056154
2024-04-16 08:00:00+00:00,26.678766610029093
2024-04-16 09:00:00+00:00,26.46094040069216
2024-04-16 10:00:00+00:00,26.426212261259643
2024-04-16 11:00:00+00:00,26.25469005115271
2024-04-16 12:00:00+00:00,25.74286092132767
2024-04-16 13:00:00+00:00,25.15687526529552
2024-04-16 14:00:00+00:00,24.025489854839577
2024-04-16 15:00:00+00:00,23.318357085104676
2024-04-16 16:00:00+00:00,21.97999631087939
2024-04-16 17:00:00+00:00,23.18133824725221
2024-04-16 18:00:00+00:00,24.331172766584842
2024-04-16 19:00:00+00:00,25.517484639003293
2024-04-16 20:00:00+00:00,21.015210510559893
2024-04-16 21:00:00+00:00,21.312205660654964
2024-04-16 22:00:00+00:00,21.181624120671895
2024-04-16 23:00:00+00:00,19.33654285599685
2024-04-17 00:00:00+00:00,17.08087974679447
2024-04-17 01:00:00+00:00,18.41875737316143
2024-04-17 02:00:00+00:00,19.375080363368458
2024-04-17 03:00:00+00:00,20.7456573204694
2024-04-17 04:00:00+00:00,22.225958221855276
2024-04-17 05:00:00+00:00,17.481403020726727
2024-04-17 06:00:00+00:00,16.214139410949414
2024-04-17 07:00:00+00:00,19.45274823332914
2024-04-17 08:00:00+00:00,24.382853423072458
2024-04-17 09:00:00+00:00,24.767333805291944
2024-04-17 10:00:00+00:00,25.553473553810548
2024-04-17 11:00:00+00:00,26.181486554785355
2024-04-17 12:00:00+00:00,26.57790184836508
2024-04-17 13:00:00+00:00,25.613929456448297
2024-04-17 14:00:00+00:00,23.599389313253788
2024-04-17 15:00:00+00:00,21.914606632524734
2024-04-17 16:00:00+00:00,21.37614326185847
2024-04-17 17:00:00+00:00,21.925759125464356
2024-04-17 18:00:00+00:00,22.95032336860506
2024-04-17 19:00:00+00:00,28.22516349741099
2024-04-17 20:00:00+00:00,35.854068521879476
2024-04-17 21:00:00+00:00,24.19553300742429
2024-04-17 22:00:00+00:00,21.680073524334237
2024-04-17 23:00:00+00:00,21.40827413927974
2024-04-18 00:00:00+00:00,16.26714582473584
2024-04-18 01:00:00+00:00,16.806154427823326
2024-04-18 02:00:00+00:00,18.597620759491434
2024-04-18 03:00:00+00:00,19.358056518701144
2024-04-18 04:00:00+00:00,20.797061150479927
2024-04-18 05:00:00+00:00,18.657425076034837
2024-04-18 06:00:00+00:00,19.60561749106261
2024-04-18 07:00:00+00:00,21.701745369597273
2024-04-18 08:00:00+00:00,26.82958479090517
2024-04-18 09:00:00+00:00,26.3613608336187
2024-04-18 10:00:00+00:00,23.632989493749495
2024-04-18 11:00:00+00:00,22.011526212799097
2024-04-18 12:00:00+00:00,20.030332300659012
2024-04-18 13:00:00+00:00,19.360290398834366
2024-04-18 14:00:00+00:00,18.444230997306956
2024-04-18 15:00:00+00:00,17.06621092014083
2024-04-18 16:00:00+00:00,16.141127381734073
2024-04-18 17:00:00+00:00,17.706129206070095
2024-04-18 18:00:00+00:00,18.930715194872857
2024-04-18 19:00:00+00:00,18.327162787371268
2024-04-18 20:00:00+00:00,19.37595002474599
2024-04-18 21:00:00+00:00,19.36496113733005
2024-04-18 22:00:00+00:00,19.064775306226
2024-04-18 23:00:00+00:00,17.980751971068038
2024-04-19 00:00:00+00:00,17.9386885786954
2024-04-19 01:00:00+00:00,17.44041272526053
2024-04-19 02:00:00+00:00,18.369188631071484
2024-04-19 03:00:00+00:00,18.865206697127903
2024-04-19 04:00:00+00:00,18.969418638022063
2024-04-19 05:00:00+00:00,14.392762006769283
2024-04-19 06:00:00+00:00,13.65568534562885
2024-04-19 07:00:00+00:00,16.86219254872958
2024-04-19 08:00:00+00:00,22.78344257029993
2024-04-19 09:00:00+00:00,22.83103586263061
2024-04-19 10:00:00+00:00,23.192391467127724
2024-04-19 11:00:00+00:00,22.69241021098692
2024-04-19 12:00:00+00:00,22.964642988139815
2024-04-19 13:00:00+00:00,20.7659720924085
2024-04-19 14:00:00+00:00,19.117107435407995
2024-04-19 15:00:00+00:00,17.26476931401357
2024-04-19 16:00:00+00:00,16.663039506828497
2024-04-19 17:00:00+00:00,16.972120865512167
2024-04-19 18:00:00+00:00,17.15526763854201
2024-04-19 19:00:00+00:00,17.538573498787947
2024-04-19 20:00:00+00:00,18.466409577528427
2024-04-19 21:00:00+00:00,20.46302765437111
2024-04-19 22:00:00+00:00,21.525745150780633
2024-04-19 23:00:00+00:00,22.470212904107335
2024-04-20 00:00:00+00:00,22.152340731722347
2024-04-20 01:00:00+00:00,21.693005081282724
2024-04-20 02:00:00+00:00,20.295004989618896
2024-04-20 03:00:00+00:00,19.510772507995313
2024-04-20 04:00:00+00:00,19.40525655529796
2024-04-20 05:00:00+00:00,13.630775410646597
2024-04-20 06:00:00+00:00,13.679039254802825
2024-04-20 07:00:00+00:00,17.081369365969575
2024-04-20 08:00:00+00:00,23.016854023213856
2024-04-20 09:00:00+00:00,24.437599476211243
2024-04-20 10:00:00+00:00,25.027566034132153
2024-04-20 11:00:00+00:00,25.085306320237716
2024-04-20 12:00:00+00:00,26.097925147545425
2024-04-20 13:00:00+00:00,25.02545132874497
2024-04-20 14:00:00+00:00,24.516751204554975
2024-04-20 15:00:00+00:00,23.352191512631958
2024-04-20 16:00:00+00:00,21.203881957855792
2024-04-20 17:00:00+00:00,20.88236111810211
2024-04-20 18:00:00+00:00,20.77540054550549
2024-04-20 19:00:00+00:00,20.872468762615377
2024-04-20 20:00:00+00:00,21.056146030371956
2024-04-20 21:00:00+00:00,23.761106641430832
2024-04-20 22:00:00+00:00,26.202892280179345
2024-04-20 23:00:00+00:00,27.448635154797927
2024-04-21 00:00:00+00:00,22.5944548681418
2024-04-21 01:00:00+00:00,21.83527072562861
2024-04-21 02:00:00+00:00,22.628718075092156
2024-04-21 03:00:00+00:00,21.7914221720594
2024-04-21 04:00:00+00:00,21.55620089787595
2024-04-21 05:00:00+00:00,22.002128245131036
2024-04-21 06:00:00+00:00,21.61864289146635
2024-04-21 07:00:00+00:00,24.116707639065524
2024-04-21 08:00:00+00:00,25.62578261593476
2024-04-21 09:00:00+00:00,25.675814124426047
2024-04-21 10:00:00+00:00,26.06109883313411
2024-04-21 11:00:00+00:00,24.548146775734057
2024-04-21 12:00:00+00:00,22.184855395756596
2024-04-21 13:00:00+00:00,22.265264058533425
2024-04-21 14:00:00+00:00,23.38534801378469
2024-04-21 15:00:00+00:00,22.58005901650427
2024-04-21 16:00:00+00:00,20.438722024752117
2024-04-21 17:00:00+00:00,19.95026387494221
2024-04-21 18:00:00+00:00,18.84003769969497
2024-04-21 19:00:00+00:00,17.855104423905694
2024-04-21 20:00:00+00:00,16.86373093718907
2024-04-21 21:00:00+00:00,21.254208150791378
2024-04-21 22:00:00+00:00,22.063166318671822
2024-04-21 23:00:00+00:00,29.313930880707336
2024-04-22 00:00:00+00:00,32.19576680777875
2024-04-22 01:00:00+00:00,29.540949405612285
2024-04-22 02:00:00+00:00,22.99770854016391
2024-04-22 03:00:00+00:00,22.223183447070976
2024-04-22 04:00:00+00:00,19.10671013423185
2024-04-22 05:00:00+00:00,18.57208086953366
2024-04-22 06:00:00+00:00,18.175715737288996
2024-04-22 07:00:00+00:00,21.104040489331034
2024-04-22 08:00:00+00:00,24.13344859059017
2024-04-22 09:00:00+00:00,25.25474210087852
2024-04-22 10:00:00+00:00,25.88628385315793
2024-04-22 11:00:00+00:00,25.880533477291944
2024-04-22 12:00:00+00:00,26.211978573865647
2024-04-22 13:00:00+00:00,24.902511166357172
2024-04-22 14:00:00+00:00,22.311825177354972
2024-04-22 15:00:00+00:00,19.03868274426366
2024-04-22 16:00:00+00:00,15.775113763133891
2024-04-22 17:00:00+00:00,15.871574150080798
2024-04-22 18:00:00+00:00,15.686225031274416
2024-04-22 19:00:00+00:00,15.277388941345503
2024-04-22 20:00:00+00:00,14.909063677305548
2024-04-22 21:00:00+00:00,16.83300878120663
2024-04-22 22:00:00+00:00,17.960452256667164
2024-04-22 23:00:00+00:00,19.445831935321745
2024-04-23 00:00:00+00:00,19.878206828815493
2024-04-23 01:00:00+00:00,19.943117113122305
2024-04-23 02:00:00+00:00,20.202956347336848
2024-04-23 03:00:00+00:00,20.7943980369215
2024-04-23 04:00:00+00:00,20.290160657795916
2024-04-23 05:00:00+00:00,20.746892111786263
2024-04-23 06:00:00+00:00,20.73300142312946
2024-04-23 07:00:00+00:00,18.49913971612781
2024-04-23 08:00:00+00:00,19.798487606017552
2024-04-23 09:00:00+00:00,20.891451393781807
2024-04-23 10:00:00+00:00,21.88865408327688
2024-04-23 11:00:00+00:00,23.518565852306967
2024-04-23 12:00:00+00:00,25.51265485716111
2024-04-23 13:00:00+00:00,24.889233430533046
2024-04-23 14:00:00+00:00,23.979515099327156
2024-04-23 15:00:00+00:00,23.111878539566888
2024-04-23 16:00:00+00:00,21.68374429874209
2024-04-23 17:00:00+00:00,19.95631906712806
2024-04-23 18:00:00+00:00,18.231790395838065
2024-04-23 19:00:00+00:00,16.537583517732706
2024-04-23 20:00:00+00:00,16.260377247814162
2024-04-23 21:00:00+00:00,17.48443858914354
2024-04-23 22:00:00+00:00,17.457983312126576
2024-04-23 23:00:00+00:00,18.01463321723332
2024-04-24 00:00:00+00:00,18.586822502224422
2024-04-24 01:00:00+00:00,20.887664175231983
2024-04-24 02:00:00+00:00,22.40085174315935
2024-04-24 03:00:00+00:00,24.98434970391532
2024-04-24 04:00:00+00:00,25.460724049087826
2024-04-24 05:00:00+00:00,20.66667306094713
2024-04-24 06:00:00+00:00,19.189167390303876
2024-04-24 07:00:00+00:00,18.782051587684492
2024-04-24 08:00:00+00:00,20.88354086662635
2024-04-24 09:00:00+00:00,21.93830596864868
2024-04-24 10:00:00+00:00,24.454700913383284
2024-04-24 11:00:00+00:00,26.95938341104015
2024-04-24 12:00:00+00:00,27.674063360797103
2024-04-24 13:00:00+00:00,27.711256975674136
2024-04-24 14:00:00+00:00,26.878004291719712
2024-04-24 15:00:00+00:00,25.818796461573804
2024-04-24 16:00:00+00:00,24.737811251094
2024-04-24 17:00:00+00:00,23.44228793760572
2024-04-24 18:00:00+00:00,22.67104764657211
2024-04-24 19:00:00+00:00,20.1467802015499
2024-04-24 20:00:00+00:00,17.019698052722894
2024-04-24 21:00:00+00:00,19.171715690417294
2024-04-24 22:00:00+00:00,19.89812038996962
2024-04-24 23:00:00+00:00,20.90494786179339
2024-04-25 00:00:00+00:00,21.370163827201914
2024-04-25 01:00:00+00:00,24.832243963084554
2024-04-25 02:00:00+00:00,27.399280477254145
2024-04-25 03:00:00+00:00,30.508049756205832
2024-04-25 04:00:00+00:00,24.225240163263095
2024-04-25 05:00:00+00:00,24.468892567476665
2024-04-25 06:00:00+00:00,18.363551415570896
2024-04-25 07:00:00+00:00,25.0260039525801
2024-04-25 08:00:00+00:00,30.103709115849288
2024-04-25 09:00:00+00:00,29.383650807112073
2024-04-25 10:00:00+00:00,28.934751833511434
2024-04-25 11:00:00+00:00,28.499241000338976
2024-04-25 12:00:00+00:00,28.58019453762964
2024-04-25 13:00:00+00:00,26.611531511858544
2024-04-25 14:00:00+00:00,24.833270485041552
2024-04-25 15:00:00+00:00,22.45124329376788
2024-04-25 16:00:00+00:00,20.596867585665848
2024-04-25 17:00:00+00:00,20.225987486515102
2024-04-25 18:00:00+00:00,19.80552451204342
2024-04-25 19:00:00+00:00,18.908327644633392
2024-04-25 20:00:00+00:00,16.984179858203376
2024-04-25 21:00:00+00:00,16.692363099644822
2024-04-25 22:00:00+00:00,16.525009930778868
2024-04-25 23:00:00+00:00,16.83376251776483
2024-04-26 00:00:00+00:00,17.12054370458664
2024-04-26 01:00:00+00:00,21.44874635679677
2024-04-26 02:00:00+00:00,21.73238338597745
2024-04-26 03:00:00+00:00,26.203710773932265
2024-04-26 04:00:00+00:00,34.692058018138034
2024-04-26 05:00:00+00:00,24.933895413713056
2024-04-26 06:00:00+00:00,16.34162753263889
2024-04-26 07:00:00+00:00,19.024355635638045
2024-04-26 08:00:00+00:00,21.95478386787008
2024-04-26 09:00:00+00:00,23.12507908831788
2024-04-26 10:00:00+00:00,24.361053847719703
2024-04-26 11:00:00+00:00,26.27793786939401
2024-04-26 12:00:00+00:00,27.39841795039227
2024-04-26 13:00:00+00:00,26.92337139907215
2024-04-26 14:00:00+00:00,25.069490398893265
2024-04-26 15:00:00+00:00,22.835239456172687
2024-04-26 16:00:00+00:00,21.69946378558388
2024-04-26 17:00:00+00:00,20.075287660154153
2024-04-26 18:00:00+00:00,18.6581265699235
2024-04-26 19:00:00+00:00,16.806334819061743
2024-04-26 20:00:00+00:00,15.261891741095244
2024-04-26 21:00:00+00:00,15.321564738398195
2024-04-26 22:00:00+00:00,14.723328535289198
2024-04-26 23:00:00+00:00,14.74667455416777
2024-04-27 00:00:00+00:00,14.685180521994997
2024-04-27 01:00:00+00:00,16.925878283844227
2024-04-27 02:00:00+00:00,19.311364707420363
2024-04-27 03:00:00+00:00,20.618114681539293
2024-04-27 04:00:00+00:00,22.019042180583426
2024-04-27 05:00:00+00:00,16.267191603944617
2024-04-27 06:00:00+00:00,13.401889930336166
2024-04-27 07:00:00+00:00,20.79371354218465
2024-04-27 08:00:00+00:00,22.621638827840947
2024-04-27 09:00:00+00:00,23.80602624189111
2024-04-27 10:00:00+00:00,24.413912574738692
2024-04-27 11:00:00+00:00,22.27805000040628
2024-04-27 12:00:00+00:00,21.813890350739303
2024-04-27 13:00:00+00:00,21.65453377275813
2024-04-27 14:00:00+00:00,21.54412531951367
2024-04-27 15:00:00+00:00,20.677349321943314
2024-04-27 16:00:00+00:00,19.994077819251114
2024-04-27 17:00:00+00:00,20.393798870348316
2024-04-27 18:00:00+00:00,20.773041541781478
2024-04-27 19:00:00+00:00,19.829775949596897
2024-04-27 20:00:00+00:00,20.424920731279027
2024-04-27 21:00:00+00:00,18.546211536606354
2024-04-27 22:00:00+00:00,17.03177797169094
2024-04-27 23:00:00+00:00,15.236589728860638
2024-04-28 00:00:00+00:00,15.781613218584921
2024-04-28 01:00:00+00:00,17.790123798152482
2024-04-28 02:00:00+00:00,18.029933277572887
2024-04-28 03:00:00+00:00,18.929183772752623
2024-04-28 04:00:00+00:00,20.918812562708936
2024-04-28 05:00:00+00:00,17.293353591200592
2024-04-28 06:00:00+00:00,13.313438110905759
2024-04-28 07:00:00+00:00,17.33721641817888
2024-04-28 08:00:00+00:00,23.254369361332117
2024-04-28 09:00:00+00:00,24.059065107413023
2024-04-28 10:00:00+00:00,24.064260595867637
2024-04-28 11:00:00+00:00,22.700322017318005
2024-04-28 12:00:00+00:00,21.927853886167128
2024-04-28 13:00:00+00:00,21.27918209121684
2024-04-28 14:00:00+00:00,21.328822200077994
2024-04-28 15:00:00+00:00,21.370747620380413
2024-04-28 16:00:00+00:00,21.488994176295794
2024-04-28 17:00:00+00:00,21.719774924819326
2024-04-28 18:00:00+00:00,22.09615764905652
2024-04-28 19:00:00+00:00,21.868947884843756
2024-04-28 20:00:00+00:00,21.692548333370265
2024-04-28 21:00:00+00:00,21.21363049003636
2024-04-28 22:00:00+00:00,20.28434644969895
2024-04-28 23:00:00+00:00,18.590179500192423
2024-04-29 00:00:00+00:00,16.39578883235825
2024-04-29 01:00:00+00:00,19.210519985725313
2024-04-29 02:00:00+00:00,20.530525022292537
2024-04-29 03:00:00+00:00,21.389394139456467
2024-04-29 04:00:00+00:00,22.16029250268831
2024-04-29 05:00:00+00:00,20.365415097863877
2024-04-29 06:00:00+00:00,16.655205766625166
2024-04-29 07:00:00+00:00,19.635661990505813
2024-04-29 08:00:00+00:00,23.28213298353947
2024-04-29 09:00:00+00:00,25.613307779403026
2024-04-29 10:00:00+00:00,27.384042623842138
2024-04-29 11:00:00+00:00,29.174442745593577
2024-04-29 12:00:00+00:00,30.954301247090594
2024-04-29 13:00:00+00:00,27.9019242590656
2024-04-29 14:00:00+00:00,25.56867376826142
2024-04-29 15:00:00+00:00,22.567124647197428
2024-04-29 16:00:00+00:00,19.294369756561334
2024-04-29 17:00:00+00:00,18.997053177883476
2024-04-29 18:00:00+00:00,18.307667972945048
2024-04-29 19:00:00+00:00,18.1962041241425
2024-04-29 20:00:00+00:00,18.40481321390173
2024-04-29 21:00:00+00:00,18.500725290931673
2024-04-29 22:00:00+00:00,18.207269013488453
2024-04-29 23:00:00+00:00,17.483600888641735
2024-04-30 00:00:00+00:00,16.505683858783314
2024-04-30 01:00:00+00:00,16.768490731163357
2024-04-30 02:00:00+00:00,17.48430676126968
2024-04-30 03:00:00+00:00,18.509422685231005
2024-04-30 04:00:00+00:00,18.56774416926092
2024-04-30 05:00:00+00:00,17.586522032793614
2024-04-30 06:00:00+00:00,16.790662670707096
2024-04-30 07:00:00+00:00,20.336706779771916
2024-04-30 08:00:00+00:00,21.917055048043835
2024-04-30 09:00:00+00:00,22.43833589237302
2024-04-30 10:00:00+00:00,22.975122017374616
2024-04-30 11:00:00+00:00,21.69915798136735
2024-04-30 12:00:00+00:00,21.80242732056893
2024-04-30 13:00:00+00:00,21.49428200825615
2024-04-30 14:00:00+00:00,21.496316787620604
2024-04-30 15:00:00+00:00,21.604438060750095
2024-04-30 16:00:00+00:00,21.40670182315616
2024-04-30 17:00:00+00:00,20.34511187069933
2024-04-30 18:00:00+00:00,20.223932808744806
2024-04-30 19:00:00+00:00,20.48270259484249
2024-04-30 20:00:00+00:00,19.015715955637173
2024-04-30 21:00:00+00:00,17.54452774406135
2024-04-30 22:00:00+00:00,16.86903100115177
2024-04-30 23:00:00+00:00,16.556863516155698
2024-05-01 00:00:00+00:00,13.847438033292569
2024-05-01 01:00:00+00:00,15.113770222080952
2024-05-01 02:00:00+00:00,15.4461355112817
2024-05-01 03:00:00+00:00,16.59359632852518
2024-05-01 04:00:00+00:00,17.159753399682128
2024-05-01 05:00:00+00:00,13.912934299544245
2024-05-01 06:00:00+00:00,14.315675400174856
2024-05-01 07:00:00+00:00,16.771754267277363
2024-05-01 08:00:00+00:00,20.863438931718964
2024-05-01 09:00:00+00:00,22.921778913160274
2024-05-01 10:00:00+00:00,24.02796069012964
2024-05-01 11:00:00+00:00,23.554260063625335
2024-05-01 12:00:00+00:00,24.121711062802348
2024-05-01 13:00:00+00:00,24.220286380263925
2024-05-01 14:00:00+00:00,22.445445854128103
2024-05-01 15:00:00+00:00,19.025104486216264
2024-05-01 16:00:00+00:00,14.90702199661774
2024-05-01 17:00:00+00:00,15.638956185710708
2024-05-01 18:00:00+00:00,16.769665409259648
2024-05-01 19:00:00+00:00,17.160509735727544
2024-05-01 20:00:00+00:00,18.3391357341066
2024-05-01 21:00:00+00:00,18.42538467957305
2024-05-01 22:00:00+00:00,18.440051335940975
2024-05-01 23:00:00+00:00,19.36744583698319
2024-05-02 00:00:00+00:00,19.859087831421256
2024-05-02 01:00:00+00:00,18.878528041549163
2024-05-02 02:00:00+00:00,18.121191478073055
2024-05-02 03:00:00+00:00,16.285120071759447
2024-05-02 04:00:00+00:00,15.182492897791551
2024-05-02 05:00:00+00:00,14.304679560774801
2024-05-02 06:00:00+00:00,13.082221127973924
2024-05-02 07:00:00+00:00,17.51587495499284
2024-05-02 08:00:00+00:00,22.522214364409486
2024-05-02 09:00:00+00:00,22.33753766075458
2024-05-02 10:00:00+00:00,23.084042055719955
2024-05-02 11:00:00+00:00,22.574835504853475
2024-05-02 12:00:00+00:00,22.186490406521393
2024-05-02 13:00:00+00:00,22.592826763140213
2024-05-02 14:00:00+00:00,19.007506808966337
2024-05-02 15:00:00+00:00,16.768633862927786
2024-05-02 16:00:00+00:00,15.246468989530767
2024-05-02 17:00:00+00:00,15.64556832923369
2024-05-02 18:00:00+00:00,16.24477008085168
2024-05-02 19:00:00+00:00,16.63416949502771
2024-05-02 20:00:00+00:00,17.34433404977377
2024-05-02 21:00:00+00:00,18.306487388915127
2024-05-02 22:00:00+00:00,19.535399074331398
2024-05-02 23:00:00+00:00,19.82345428361776
2024-05-03 00:00:00+00:00,21.629423377438307
2024-05-03 01:00:00+00:00,20.982540408467333
2024-05-03 02:00:00+00:00,19.699389046811465
2024-05-03 03:00:00+00:00,19.164510001833477
2024-05-03 04:00:00+00:00,18.591925534748643
2024-05-03 05:00:00+00:00,16.709403934668284
2024-05-03 06:00:00+00:00,15.69664108655313
2024-05-03 07:00:00+00:00,17.938026637190113
2024-05-03 08:00:00+00:00,20.46956103774481
2024-05-03 09:00:00+00:00,20.937203914497815
2024-05-03 10:00:00+00:00,22.53562017715493
2024-05-03 11:00:00+00:00,23.029480350937614
2024-05-03 12:00:00+00:00,23.27029439385061
2024-05-03 13:00:00+00:00,22.38681202920953
2024-05-03 14:00:00+00:00,22.78872726850619
2024-05-03 15:00:00+00:00,22.346137753777775
2024-05-03 16:00:00+00:00,21.594552885714947
2024-05-03 17:00:00+00:00,20.316339395366814
2024-05-03 18:00:00+00:00,18.60562158175941
2024-05-03 19:00:00+00:00,17.011939476904125
2024-05-03 20:00:00+00:00,15.686798847082148
2024-05-03 21:00:00+00:00,16.325160964216796
2024-05-03 22:00:00+00:00,16.863634033783782
2024-05-03 23:00:00+00:00,16.907689022763645
2024-05-04 00:00:00+00:00,16.870460057079523
2024-05-04 01:00:00+00:00,18.01303790922212
2024-05-04 02:00:00+00:00,18.942258378621304
2024-05-04 03:00:00+00:00,19.423778570682344
2024-05-04 04:00:00+00:00,20.344114500297028
2024-05-04 05:00:00+00:00,19.549373751801397
2024-05-04 06:00:00+00:00,18.471925623613465
2024-05-04 07:00:00+00:00,20.75344060403203
2024-05-04 08:00:00+00:00,22.353700769184133
2024-05-04 09:00:00+00:00,22.412855100674392
2024-05-04 10:00:00+00:00,22.45130831201376
2024-05-04 11:00:00+00:00,21.459124740905242
2024-05-04 12:00:00+00:00,21.332577642024066
2024-05-04 13:00:00+00:00,21.401442225135394
2024-05-04 14:00:00+00:00,20.70991553384918
2024-05-04 15:00:00+00:00,17.909547915515105
2024-05-04 16:00:00+00:00,16.876955872357264
2024-05-04 17:00:00+00:00,17.337477176755137
2024-05-04 18:00:00+00:00,17.63838494040245
2024-05-04 19:00:00+00:00,17.352232843182346
2024-05-04 20:00:00+00:00,17.069897746574046
2024-05-04 21:00:00+00:00,17.773490697216502
2024-05-04 22:00:00+00:00,18.716704690638217
2024-05-04 23:00:00+00:00,18.382879074840233
2024-05-05 00:00:00+00:00,18.347573879876272
2024-05-05 01:00:00+00:00,18.07240596526391
2024-05-05 02:00:00+00:00,18.086949867724538
2024-05-05 03:00:00+00:00,18.01067713199815
2024-05-05 04:00:00+00:00,17.507200493541422
2024-05-05 05:00:00+00:00,16.605174093115906
2024-05-05 06:00:00+00:00,15.340480528886523
2024-05-05 07:00:00+00:00,16.931710670598733
2024-05-05 08:00:00+00:00,19.0467010647376
2024-05-05 09:00:00+00:00,20.473970503284825
2024-05-05 10:00:00+00:00,21.190965171488518
2024-05-05 11:00:00+00:00,22.157620519025787
2024-05-05 12:00:00+00:00,22.516082940239997
2024-05-05 13:00:00+00:00,21.8229838060024
2024-05-05 14:00:00+00:00,19.91374880449574
2024-05-05 15:00:00+00:00,18.4624771180788
2024-05-05 16:00:00+00:00,17.261231130326745
2024-05-05 17:00:00+00:00,16.469834958282696
2024-05-05 18:00:00+00:00,15.536004503774265
2024-05-05 19:00:00+00:00,14.302984655917706
2024-05-05 20:00:00+00:00,14.03165885639862
2024-05-05 21:00:00+00:00,14.441596814375703
2024-05-05 22:00:00+00:00,15.12735103351095
2024-05-05 23:00:00+00:00,15.239137116779938
2024-05-06 00:00:00+00:00,16.497711872222677
2024-05-06 01:00:00+00:00,18.71760756339122
2024-05-06 02:00:00+00:00,18.94999052119372
2024-05-06 03:00:00+00:00,21.076344928739328
2024-05-06 04:00:00+00:00,20.949459486718457
2024-05-06 05:00:00+00:00,20.672319357621383
2024-05-06 06:00:00+00:00,18.95572064783883
2024-05-06 07:00:00+00:00,17.26248452153834
2024-05-06 08:00:00+00:00,15.750676920419311
2024-05-06 09:00:00+00:00,16.99774455851579
2024-05-06 10:00:00+00:00,19.720466876625995
2024-05-06 11:00:00+00:00,20.841680366117416
2024-05-06 12:00:00+00:00,22.972219181391633
2024-05-06 13:00:00+00:00,21.654492896145115
2024-05-06 14:00:00+00:00,20.72778721329631
2024-05-06 15:00:00+00:00,20.53419797696651
2024-05-06 16:00:00+00:00,18.374861722456707
2024-05-06 17:00:00+00:00,16.47761968867826
2024-05-06 18:00:00+00:00,15.3870859534553
2024-05-06 19:00:00+00:00,14.458771551715385
2024-05-06 20:00:00+00:00,14.028683329754331
2024-05-06 21:00:00+00:00,14.25981150945835
2024-05-06 22:00:00+00:00,14.62288021389874
2024-05-06 23:00:00+00:00,14.778926203735233
2024-05-07 00:00:00+00:00,15.591780980285295
2024-05-07 01:00:00+00:00,16.054295424330242
2024-05-07 02:00:00+00:00,18.495098046032638
2024-05-07 03:00:00+00:00,21.377843865275405
2024-05-07 04:00:00+00:00,22.53340328383305
2024-05-07 05:00:00+00:00,17.350005742864447
2024-05-07 06:00:00+00:00,13.124894125162465
2024-05-07 07:00:00+00:00,16.785652425172824
2024-05-07 08:00:00+00:00,22.942539641527624
2024-05-07 09:00:00+00:00,22.3996097124486
2024-05-07 10:00:00+00:00,22.100677278616075
2024-05-07 11:00:00+00:00,22.142621355225693
2024-05-07 12:00:00+00:00,20.97870490598724
2024-05-07 13:00:00+00:00,20.912402885541304
2024-05-07 14:00:00+00:00,21.22245114705252
2024-05-07 15:00:00+00:00,21.217330884433082
2024-05-07 16:00:00+00:00,20.93841420947597
2024-05-07 17:00:00+00:00,19.580298848595188
2024-05-07 18:00:00+00:00,19.733403075488624
2024-05-07 19:00:00+00:00,19.038663891520333
2024-05-07 20:00:00+00:00,18.443725922834815
2024-05-07 21:00:00+00:00,17.653683744975524
2024-05-07 22:00:00+00:00,17.081309004895864
2024-05-07 23:00:00+00:00,16.295817266698688
2024-05-08 00:00:00+00:00,15.898842802502013
2024-05-08 01:00:00+00:00,17.340792173275712
2024-05-08 02:00:00+00:00,17.928324970761707
2024-05-08 03:00:00+00:00,19.285329824439216
2024-05-08 04:00:00+00:00,20.325793267417378
2024-05-08 05:00:00+00:00,17.286486005100084
2024-05-08 06:00:00+00:00,14.257325368046187
2024-05-08 07:00:00+00:00,20.76729009224016
2024-05-08 08:00:00+00:00,22.32372670957383
2024-05-08 09:00:00+00:00,22.912309810146475
2024-05-08 10:00:00+00:00,23.41856798766906
2024-05-08 11:00:00+00:00,23.446997634043324
2024-05-08 12:00:00+00:00,22.599045783287462
2024-05-08 13:00:00+00:00,21.960681777136628
2024-05-08 14:00:00+00:00,20.636184779859228
2024-05-08 15:00:00+00:00,20.109289502869046
2024-05-08 16:00:00+00:00,17.554502761188914
2024-05-08 17:00:00+00:00,16.723986818215888
2024-05-08 18:00:00+00:00,15.876457657513644
2024-05-08 19:00:00+00:00,15.138346153964768
2024-05-08 20:00:00+00:00,15.28128080225068
2024-05-08 21:00:00+00:00,15.555252113993888
2024-05-08 22:00:00+00:00,15.998375058221143
2024-05-08 23:00:00+00:00,16.27907940164882
2024-05-09 00:00:00+00:00,16.73011072023202
2024-05-09 01:00:00+00:00,17.831073056429464
2024-05-09 02:00:00+00:00,19.340323105135045
2024-05-09 03:00:00+00:00,20.22464414679823
2024-05-09 04:00:00+00:00,20.296739606886675
2024-05-09 05:00:00+00:00,17.71520197757809
2024-05-09 06:00:00+00:00,12.65579528600382
2024-05-09 07:00:00+00:00,16.563775300242323
2024-05-09 08:00:00+00:00,22.30319030723946
2024-05-09 09:00:00+00:00,21.597300016329797
2024-05-09 10:00:00+00:00,19.879768611350077
2024-05-09 11:00:00+00:00,20.441675688898997
2024-05-09 12:00:00+00:00,19.02109775440413
2024-05-09 13:00:00+00:00,18.687631301651145
2024-05-09 14:00:00+00:00,19.54859988215115
2024-05-09 15:00:00+00:00,17.98959208929245
2024-05-09 16:00:00+00:00,18.66814659586254
2024-05-09 17:00:00+00:00,17.650018043684305
2024-05-09 18:00:00+00:00,17.150889285680574
2024-05-09 19:00:00+00:00,17.95338737902035
2024-05-09 20:00:00+00:00,17.58643695548398
2024-05-09 21:00:00+00:00,17.13108648284287
2024-05-09 22:00:00+00:00,15.767373130594333
2024-05-09 23:00:00+00:00,14.943955757904128
2024-05-10 00:00:00+00:00,13.39725194643113
2024-05-10 01:00:00+00:00,15.087425942319816
2024-05-10 02:00:00+00:00,15.986530376687243
2024-05-10 03:00:00+00:00,18.165358733466398
2024-05-10 04:00:00+00:00,19.2924516131111
2024-05-10 05:00:00+00:00,15.505437882595833
2024-05-10 06:00:00+00:00,14.14599902553512
2024-05-10 07:00:00+00:00,19.38263592746384
2024-05-10 08:00:00+00:00,24.21916864108088
2024-05-10 09:00:00+00:00,22.087728301706807
2024-05-10 10:00:00+00:00,19.9961321406837
2024-05-10 11:00:00+00:00,16.49978632265607
2024-05-10 12:00:00+00:00,14.67464844099032
2024-05-10 13:00:00+00:00,14.829347563289284
2024-05-10 14:00:00+00:00,16.167621503195807
2024-05-10 15:00:00+00:00,17.3131094833872
2024-05-10 16:00:00+00:00,19.123713938669006
2024-05-10 17:00:00+00:00,18.00910326534633
2024-05-10 18:00:00+00:00,17.440625959818508
2024-05-10 19:00:00+00:00,17.251471756671595
2024-05-10 20:00:00+00:00,16.533556249299412
2024-05-10 21:00:00+00:00,15.910746609746155
2024-05-10 22:00:00+00:00,14.59888017353125
2024-05-10 23:00:00+00:00,13.99997230348556
2024-05-11 00:00:00+00:00,14.31326158469544
2024-05-11 01:00:00+00:00,14.962760560871082
2024-05-11 02:00:00+00:00,16.329675619696857
2024-05-11 03:00:00+00:00,17.17540062189022
2024-05-11 04:00:00+00:00,18.572810390723735
2024-05-11 05:00:00+00:00,15.091275617201138
2024-05-11 06:00:00+00:00,12.510459322187192
2024-05-11 07:00:00+00:00,16.899475105250705
2024-05-11 08:00:00+00:00,20.25193186372261
2024-05-11 09:00:00+00:00,21.340667953145367
2024-05-11 10:00:00+00:00,21.98890027767977
2024-05-11 11:00:00+00:00,22.685173976703606
2024-05-11 12:00:00+00:00,22.36482379552006
2024-05-11 13:00:00+00:00,20.817223040162535
2024-05-11 14:00:00+00:00,18.565227410550065
2024-05-11 15:00:00+00:00,17.34628684836185
2024-05-11 16:00:00+00:00,16.713244392486995
2024-05-11 17:00:00+00:00,17.63866972376608
2024-05-11 18:00:00+00:00,19.358859048337095
2024-05-11 19:00:00+00:00,19.545244263314707
2024-05-11 20:00:00+00:00,19.925287240437402
2024-05-11 21:00:00+00:00,19.695935173361754
2024-05-11 22:00:00+00:00,18.091521633085193
2024-05-11 23:00:00+00:00,18.619603162591613
2024-05-12 00:00:00+00:00,17.562243284163927
2024-05-12 01:00:00+00:00,18.533718492910857
2024-05-12 02:00:00+00:00,18.549623692222124
2024-05-12 03:00:00+00:00,19.20135276332415
2024-05-12 04:00:00+00:00,19.70326753910023
2024-05-12 05:00:00+00:00,19.575418322033897
2024-05-12 06:00:00+00:00,19.962767938809822
2024-05-12 07:00:00+00:00,20.18343770767914
2024-05-12 08:00:00+00:00,22.73069341940641
2024-05-12 09:00:00+00:00,23.81176630005739
2024-05-12 10:00:00+00:00,23.713190311607924
2024-05-12 11:00:00+00:00,23.097216618745314
2024-05-12 12:00:00+00:00,22.988425251123935
2024-05-12 13:00:00+00:00,22.526381618704647
2024-05-12 14:00:00+00:00,21.093747407009754
2024-05-12 15:00:00+00:00,20.35450970190448
2024-05-12 16:00:00+00:00,16.736848180630222
2024-05-12 17:00:00+00:00,15.943760957414835
2024-05-12 18:00:00+00:00,16.16890511148032
2024-05-12 19:00:00+00:00,15.950890220218177
2024-05-12 20:00:00+00:00,16.11335038158258
2024-05-12 21:00:00+00:00,15.715094617857236
2024-05-12 22:00:00+00:00,15.120291969457803
2024-05-12 23:00:00+00:00,14.830607255903267
2024-05-13 00:00:00+00:00,14.730001736544956
2024-05-13 01:00:00+00:00,16.037482927247932
2024-05-13 02:00:00+00:00,17.014296941456408
2024-05-13 03:00:00+00:00,17.948121452971005
2024-05-13 04:00:00+00:00,19.00618548377609
2024-05-13 05:00:00+00:00,18.03896955327044
2024-05-13 06:00:00+00:00,16.244107601570313
2024-05-13 07:00:00+00:00,18.195577742503083
2024-05-13 08:00:00+00:00,20.45723129721977
2024-05-13 09:00:00+00:00,19.52498813431896
2024-05-13 10:00:00+00:00,19.49086854477212
2024-05-13 11:00:00+00:00,20.0051419522417
2024-05-13 12:00:00+00:00,20.809845403672576
2024-05-13 13:00:00+00:00,18.780937442348087
2024-05-13 14:00:00+00:00,17.737548622162752
2024-05-13 15:00:00+00:00,15.440142022170738
2024-05-13 16:00:00+00:00,15.030734739149521
2024-05-13 17:00:00+00:00,14.952951544667043
2024-05-13 18:00:00+00:00,15.358960209819
2024-05-13 19:00:00+00:00,16.647333592615944
2024-05-13 20:00:00+00:00,18.077997469002383
2024-05-13 21:00:00+00:00,17.890145584311995
2024-05-13 22:00:00+00:00,17.043113107041382
2024-05-13 23:00:00+00:00,16.75280707095535
2024-05-14 00:00:00+00:00,15.951497335363646
2024-05-14 01:00:00+00:00,15.937295006879948
2024-05-14 02:00:00+00:00,15.863232817733769
2024-05-14 03:00:00+00:00,16.636943720211395
2024-05-14 04:00:00+00:00,16.962652483748194
2024-05-14 05:00:00+00:00,17.31033167301439
2024-05-14 06:00:00+00:00,19.651786068793385
2024-05-14 07:00:00+00:00,18.453192624459383
2024-05-14 08:00:00+00:00,19.572098103890166
2024-05-14 09:00:00+00:00,20.172651790940613
2024-05-14 10:00:00+00:00,20.899623700160724
2024-05-14 11:00:00+00:00,21.466647779656807
2024-05-14 12:00:00+00:00,21.9548737062529
2024-05-14 13:00:00+00:00,20.780965917872134
2024-05-14 14:00:00+00:00,17.71286785276649
2024-05-14 15:00:00+00:00,14.173947361650384
2024-05-14 16:00:00+00:00,12.484705127091337
2024-05-14 17:00:00+00:00,12.695626305473953
2024-05-14 18:00:00+00:00,13.2025332950124
2024-05-14 19:00:00+00:00,14.642213387084617
2024-05-14 20:00:00+00:00,16.522756411572164
2024-05-14 21:00:00+00:00,16.039017203182134
2024-05-14 22:00:00+00:00,16.27047186116159
2024-05-14 23:00:00+00:00,16.549388428953424
2024-05-15 00:00:00+00:00,15.603040390339556
2024-05-15 01:00:00+00:00,16.058701778408473
2024-05-15 02:00:00+00:00,16.17673876030562
2024-05-15 03:00:00+00:00,16.116828015500804
2024-05-15 04:00:00+00:00,16.20642136862236
2024-05-15 05:00:00+00:00,19.760979315751143
2024-05-15 06:00:00+00:00,24.505091904403482
2024-05-15 07:00:00+00:00,24.9018931973976
2024-05-15 08:00:00+00:00,25.571461730594297
2024-05-15 09:00:00+00:00,24.834300917977934
2024-05-15 10:00:00+00:00,24.578753663334574
2024-05-15 11:00:00+00:00,23.75059914637001
2024-05-15 12:00:00+00:00,22.31559423713704
2024-05-15 13:00:00+00:00,22.03069059776302
2024-05-15 14:00:00+00:00,21.152617988839975
2024-05-15 15:00:00+00:00,20.141560098482273
2024-05-15 16:00:00+00:00,19.143268348913686
2024-05-15 17:00:00+00:00,17.95911464092057
2024-05-15 18:00:00+00:00,16.954786699149917
2024-05-15 19:00:00+00:00,16.551341682732446
2024-05-15 20:00:00+00:00,15.653789189109542
2024-05-15 21:00:00+00:00,17.295571082064946
2024-05-15 22:00:00+00:00,18.63390211764588
2024-05-15 23:00:00+00:00,20.520435463278243
2024-05-16 00:00:00+00:00,21.17964938156103
2024-05-16 01:00:00+00:00,20.3940045056999
2024-05-16 02:00:00+00:00,20.725622864202663
2024-05-16 03:00:00+00:00,19.726000323201035
2024-05-16 04:00:00+00:00,20.068082627476997
2024-05-16 05:00:00+00:00,16.273066884032577
2024-05-16 06:00:00+00:00,13.607019137728965
2024-05-16 07:00:00+00:00,18.600378444566672
2024-05-16 08:00:00+00:00,23.586748634550947
2024-05-16 09:00:00+00:00,23.66527725997123
2024-05-16 10:00:00+00:00,22.375863303089115
2024-05-16 11:00:00+00:00,20.988271837681918
2024-05-16 12:00:00+00:00,20.151916830363255
2024-05-16 13:00:00+00:00,21.181512696711405
2024-05-16 14:00:00+00:00,18.980739064620042
2024-05-16 15:00:00+00:00,20.02369168029243
2024-05-16 16:00:00+00:00,19.933109509362716
2024-05-16 17:00:00+00:00,19.12522153113779
2024-05-16 18:00:00+00:00,18.004504229729562
2024-05-16 19:00:00+00:00,17.500681382385988
2024-05-16 20:00:00+00:00,17.100409336457687
2024-05-16 21:00:00+00:00,17.170377073707233
2024-05-16 22:00:00+00:00,17.793698704418055
2024-05-16 23:00:00+00:00,17.421843209826324
2024-05-17 00:00:00+00:00,17.658570949234843
2024-05-17 01:00:00+00:00,17.12591539527816
2024-05-17 02:00:00+00:00,17.498077125993678
2024-05-17 03:00:00+00:00,18.088436147632112
2024-05-17 04:00:00+00:00,18.38515589903064
2024-05-17 05:00:00+00:00,18.700779010372507
2024-05-17 06:00:00+00:00,18.241873119198985
2024-05-17 07:00:00+00:00,19.91814126735074
2024-05-17 08:00:00+00:00,21.02331573516192
2024-05-17 09:00:00+00:00,20.72641065318407
2024-05-17 10:00:00+00:00,20.028422715582128
2024-05-17 11:00:00+00:00,18.92100037984378
2024-05-17 12:00:00+00:00,18.45815789294677
2024-05-17 13:00:00+00:00,17.93873697037335
2024-05-17 14:00:00+00:00,17.307603263356658
2024-05-17 15:00:00+00:00,17.494145022764698
2024-05-17 16:00:00+00:00,17.292866760274745
2024-05-17 17:00:00+00:00,15.807246631822178
2024-05-17 18:00:00+00:00,15.167860487794322
2024-05-17 19:00:00+00:00,14.589383353226278
2024-05-17 20:00:00+00:00,14.286737759051464
2024-05-17 21:00:00+00:00,14.105416148682059
2024-05-17 22:00:00+00:00,15.578065023240635
2024-05-17 23:00:00+00:00,17.478724871772457
2024-05-18 00:00:00+00:00,18.792241663283683
2024-05-18 01:00:00+00:00,19.720063202143947
2024-05-18 02:00:00+00:00,19.911355393480093
2024-05-18 03:00:00+00:00,20.228718632865597
2024-05-18 04:00:00+00:00,20.176137564357035
2024-05-18 05:00:00+00:00,22.284092494612178
2024-05-18 06:00:00+00:00,23.10611263168441
2024-05-18 07:00:00+00:00,22.30858698986926
2024-05-18 08:00:00+00:00,20.46411305172618
2024-05-18 09:00:00+00:00,20.533668874813955
2024-05-18 10:00:00+00:00,20.56500818781622
2024-05-18 11:00:00+00:00,20.327195136247433
2024-05-18 12:00:00+00:00,19.128314817178133
2024-05-18 13:00:00+00:00,18.773855443540214
2024-05-18 14:00:00+00:00,18.428310661536187
2024-05-18 15:00:00+00:00,19.553925796673422
2024-05-18 16:00:00+00:00,18.935870013624854
2024-05-18 17:00:00+00:00,16.500905172619056
2024-05-18 18:00:00+00:00,14.257326367855338
2024-05-18 19:00:00+00:00,12.249018552186193
2024-05-18 20:00:00+00:00,11.573417604214189
2024-05-18 21:00:00+00:00,12.663534274958234
2024-05-18 22:00:00+00:00,13.750453311752635
2024-05-18 23:00:00+00:00,15.42687909985858
2024-05-19 00:00:00+00:00,16.70357031053008
2024-05-19 01:00:00+00:00,18.41578545036896
2024-05-19 02:00:00+00:00,20.47580881423549
2024-05-19 03:00:00+00:00,21.72708357993233
2024-05-19 04:00:00+00:00,23.206514074343527
2024-05-19 05:00:00+00:00,18.640375533851515
2024-05-19 06:00:00+00:00,14.798537792864574
2024-05-19 07:00:00+00:00,18.023073249029963
2024-05-19 08:00:00+00:00,22.39502681549072
2024-05-19 09:00:00+00:00,23.115187143405404
2024-05-19 10:00:00+00:00,22.916180256104003
2024-05-19 11:00:00+00:00,22.70854745968907
2024-05-19 12:00:00+00:00,23.013036771235186
2024-05-19 13:00:00+00:00,21.24218390636125
2024-05-19 14:00:00+00:00,19.302753413773647
2024-05-19 15:00:00+00:00,17.476396837856203
2024-05-19 16:00:00+00:00,15.806124063983447
2024-05-19 17:00:00+00:00,15.778971173291616
2024-05-19 18:00:00+00:00,16.671256634095176
2024-05-19 19:00:00+00:00,16.71545720802148
2024-05-19 20:00:00+00:00,17.62386963229097
2024-05-19 21:00:00+00:00,16.579641138049954
2024-05-19 22:00:00+00:00,16.373817759421545
2024-05-19 23:00:00+00:00,15.587234720875031
2024-05-20 00:00:00+00:00,15.531138002431742
2024-05-20 01:00:00+00:00,21.747860679686408
2024-05-20 02:00:00+00:00,25.54438191167564
2024-05-20 03:00:00+00:00,27.575265541118483
2024-05-20 04:00:00+00:00,39.12996109551833
2024-05-20 05:00:00+00:00,24.046428587083675
2024-05-20 06:00:00+00:00,12.80497049800322
2024-05-20 07:00:00+00:00,17.522146180125464
2024-05-20 08:00:00+00:00,21.449102686944595
2024-05-20 09:00:00+00:00,21.79428281154439
2024-05-20 10:00:00+00:00,21.22332863976452
2024-05-20 11:00:00+00:00,19.553184042548686
2024-05-20 12:00:00+00:00,18.69483003815173
2024-05-20 13:00:00+00:00,18.809583613800434
2024-05-20 14:00:00+00:00,17.71680254882027
2024-05-20 15:00:00+00:00,17.2007262175267
2024-05-20 16:00:00+00:00,16.296120067608534
2024-05-20 17:00:00+00:00,17.910078618770267
2024-05-20 18:00:00+00:00,18.46835615511763
2024-05-20 19:00:00+00:00,18.921148350448984
2024-05-20 20:00:00+00:00,20.702498359735642
2024-05-20 21:00:00+00:00,19.30732576996157
2024-05-20 22:00:00+00:00,18.112453185244135
2024-05-20 23:00:00+00:00,16.82172286877807
2024-05-21 00:00:00+00:00,15.983246380389545
2024-05-21 01:00:00+00:00,17.858585854258134
2024-05-21 02:00:00+00:00,22.22393000759944
2024-05-21 03:00:00+00:00,22.420341407594325
2024-05-21 04:00:00+00:00,24.252739175039206
2024-05-21 05:00:00+00:00,18.208109656830807
2024-05-21 06:00:00+00:00,14.570377514789705
2024-05-21 07:00:00+00:00,19.278023752507377
2024-05-21 08:00:00+00:00,23.18685602322481
2024-05-21 09:00:00+00:00,22.81406024645643
2024-05-21 10:00:00+00:00,21.626023623680943
2024-05-21 11:00:00+00:00,20.205822541077293
2024-05-21 12:00:00+00:00,18.495827482881673
2024-05-21 13:00:00+00:00,17.15239349735903
2024-05-21 14:00:00+00:00,16.759162925212685
2024-05-21 15:00:00+00:00,15.59534030071736
2024-05-21 16:00:00+00:00,14.694459215835586
2024-05-21 17:00:00+00:00,14.62020929497066
2024-05-21 18:00:00+00:00,15.09976042472286
2024-05-21 19:00:00+00:00,15.477392838277954
2024-05-21 20:00:00+00:00,16.393571583867196
2024-05-21 21:00:00+00:00,15.038430317109434
2024-05-21 22:00:00+00:00,14.681655432024215
2024-05-21 23:00:00+00:00,14.329140101975604
2024-05-22 00:00:00+00:00,13.668060169699782
2024-05-22 01:00:00+00:00,15.579416474199771
2024-05-22 02:00:00+00:00,18.877008975518216
2024-05-22 03:00:00+00:00,20.925020310680026
2024-05-22 04:00:00+00:00,24.05739239721303
2024-05-22 05:00:00+00:00,18.145324805900287
2024-05-22 06:00:00+00:00,13.42051038745048
2024-05-22 07:00:00+00:00,20.506551987930024
2024-05-22 08:00:00+00:00,27.788602465412534
2024-05-22 09:00:00+00:00,25.557620955406986
2024-05-22 10:00:00+00:00,24.175899270182715
2024-05-22 11:00:00+00:00,22.857709551210633
2024-05-22 12:00:00+00:00,20.111802522140476
2024-05-22 13:00:00+00:00,19.17534713678593
2024-05-22 14:00:00+00:00,18.289159007805413
2024-05-22 15:00:00+00:00,16.383648471305328
2024-05-22 16:00:00+00:00,15.903913387904797
2024-05-22 17:00:00+00:00,17.083686306024255
2024-05-22 18:00:00+00:00,17.331898000573638
2024-05-22 19:00:00+00:00,19.270361079716956
2024-05-22 20:00:00+00:00,19.54961054383886
2024-05-22 21:00:00+00:00,17.980125513260468
2024-05-22 22:00:00+00:00,16.164521704025898
2024-05-22 23:00:00+00:00,14.242819029036937
2024-05-23 00:00:00+00:00,13.850680495386488
2024-05-23 01:00:00+00:00,16.154473624126993
2024-05-23 02:00:00+00:00,15.939868672861023
2024-05-23 03:00:00+00:00,16.480981150779886
2024-05-23 04:00:00+00:00,17.59921626486084
2024-05-23 05:00:00+00:00,18.497298009880172
2024-05-23 06:00:00+00:00,18.986768715439457
2024-05-23 07:00:00+00:00,23.039379225245874
2024-05-23 08:00:00+00:00,26.67426154911513
2024-05-23 09:00:00+00:00,26.184919910783425
2024-05-23 10:00:00+00:00,23.38694266596406
2024-05-23 11:00:00+00:00,21.99451453006352
2024-05-23 12:00:00+00:00,18.153064197769663
2024-05-23 13:00:00+00:00,18.01827796211605
2024-05-23 14:00:00+00:00,17.414240888669337
2024-05-23 15:00:00+00:00,17.365813917232355
2024-05-23 16:00:00+00:00,17.9928244903148
2024-05-23 17:00:00+00:00,17.798320950722918
2024-05-23 18:00:00+00:00,16.57052368675164
2024-05-23 19:00:00+00:00,16.25926760500253
2024-05-23 20:00:00+00:00,16.337501631466218
2024-05-23 21:00:00+00:00,15.631121521132428
2024-05-23 22:00:00+00:00,16.146405425837116
2024-05-23 23:00:00+00:00,16.127387248867944
2024-05-24 00:00:00+00:00,16.095282765327788
2024-05-24 01:00:00+00:00,16.687846467769045
2024-05-24 02:00:00+00:00,18.03378263673591
2024-05-24 03:00:00+00:00,19.20000405717679
2024-05-24 04:00:00+00:00,20.246173937478193
2024-05-24 05:00:00+00:00,17.867862241451316
2024-05-24 06:00:00+00:00,18.021239552290353
2024-05-24 07:00:00+00:00,29.35866202530649
2024-05-24 08:00:00+00:00,46.31512873496755
2024-05-24 09:00:00+00:00,30.539371021584085
2024-05-24 10:00:00+00:00,25.209555657972857
2024-05-24 11:00:00+00:00,22.906146089312003
2024-05-24 12:00:00+00:00,19.49500211198006
2024-05-24 13:00:00+00:00,18.8671079524663
2024-05-24 14:00:00+00:00,17.353350633160186
2024-05-24 15:00:00+00:00,17.153587473428868
2024-05-24 16:00:00+00:00,16.90064738898734
2024-05-24 17:00:00+00:00,17.04297749029167
2024-05-24 18:00:00+00:00,16.743878228515126
2024-05-24 19:00:00+00:00,16.74871063044988
2024-05-24 20:00:00+00:00,16.5464631314534
2024-05-24 21:00:00+00:00,17.16223743935269
2024-05-24 22:00:00+00:00,18.271559706899122
2024-05-24 23:00:00+00:00,19.778720675260864
2024-05-25 00:00:00+00:00,20.501452200986375
2024-05-25 01:00:00+00:00,19.320191209837027
2024-05-25 02:00:00+00:00,18.376345510798878
2024-05-25 03:00:00+00:00,18.71993376391752
2024-05-25 04:00:00+00:00,19.41710287191093
2024-05-25 05:00:00+00:00,17.917624636505874
2024-05-25 06:00:00+00:00,17.145414636569914
2024-05-25 07:00:00+00:00,20.855363365705863
2024-05-25 08:00:00+00:00,24.743843656285065
2024-05-25 09:00:00+00:00,24.963737202676448
2024-05-25 10:00:00+00:00,23.451853760395203
2024-05-25 11:00:00+00:00,22.73402717908068
2024-05-25 12:00:00+00:00,21.623733700203687
2024-05-25 13:00:00+00:00,19.516372474343623
2024-05-25 14:00:00+00:00,17.94367722527478
2024-05-25 15:00:00+00:00,17.82135092216162
2024-05-25 16:00:00+00:00,17.697254261073514
2024-05-25 17:00:00+00:00,16.978888843389576
2024-05-25 18:00:00+00:00,16.310602658252467
2024-05-25 19:00:00+00:00,15.597829277997995
2024-05-25 20:00:00+00:00,14.986477369735038
2024-05-25 21:00:00+00:00,13.92342296492744
2024-05-25 22:00:00+00:00,15.142288457095606
2024-05-25 23:00:00+00:00,15.357434357616096
2024-05-26 00:00:00+00:00,15.325277504382182
2024-05-26 01:00:00+00:00,13.761131897687678
2024-05-26 02:00:00+00:00,13.58208397791609
2024-05-26 03:00:00+00:00,13.74584143223426
2024-05-26 04:00:00+00:00,13.788017601768304
2024-05-26 05:00:00+00:00,15.388600640362695
2024-05-26 06:00:00+00:00,19.75378960581268
2024-05-26 07:00:00+00:00,23.298829805304475
2024-05-26 08:00:00+00:00,24.831575629222602
2024-05-26 09:00:00+00:00,25.52041203017641
2024-05-26 10:00:00+00:00,24.967039189099822
2024-05-26 11:00:00+00:00,23.95930109594132
2024-05-26 12:00:00+00:00,21.611957507140172
2024-05-26 13:00:00+00:00,20.99059156927889
2024-05-26 14:00:00+00:00,19.902685408884068
2024-05-26 15:00:00+00:00,18.52711150814684
2024-05-26 16:00:00+00:00,19.184742616538102
2024-05-26 17:00:00+00:00,18.140857167825615
2024-05-26 18:00:00+00:00,17.26084355626856
2024-05-26 19:00:00+00:00,16.976432700818503
2024-05-26 20:00:00+00:00,16.897439099279303
2024-05-26 21:00:00+00:00,17.20366433432963
2024-05-26 22:00:00+00:00,17.083408163963956
2024-05-26 23:00:00+00:00,17.610845486571016
2024-05-27 00:00:00+00:00,18.01511391731137
2024-05-27 01:00:00+00:00,17.112766804387313
2024-05-27 02:00:00+00:00,16.079746670875817
2024-05-27 03:00:00+00:00,15.321356893666213
2024-05-27 04:00:00+00:00,14.454300522161137
2024-05-27 05:00:00+00:00,15.825411128340587
2024-05-27 06:00:00+00:00,17.138440425368557
2024-05-27 07:00:00+00:00,18.78202909917859
2024-05-27 08:00:00+00:00,19.05255277807268
2024-05-27 09:00:00+00:00,22.17096335855344
2024-05-27 10:00:00+00:00,25.19281904310871
2024-05-27 11:00:00+00:00,25.923710173806704
2024-05-27 12:00:00+00:00,24.96295484287067
2024-05-27 13:00:00+00:00,23.60681760152948
2024-05-27 14:00:00+00:00,22.460453807970126
2024-05-27 15:00:00+00:00,20.557202655144433
2024-05-27 16:00:00+00:00,18.787641994751134
2024-05-27 17:00:00+00:00,18.437328397190047
2024-05-27 18:00:00+00:00,18.33667246366029
2024-05-27 19:00:00+00:00,18.133912956255628
2024-05-27 20:00:00+00:00,18.091127891927023
2024-05-27 21:00:00+00:00,17.318910707841727
2024-05-27 22:00:00+00:00,17.078213342031017
2024-05-27 23:00:00+00:00,16.457032166007856
2024-05-28 00:00:00+00:00,16.456489625056623
2024-05-28 01:00:00+00:00,16.378881527136485
2024-05-28 02:00:00+00:00,16.68805624331492
2024-05-28 03:00:00+00:00,16.43910796383732
2024-05-28 04:00:00+00:00,16.981995533014814
2024-05-28 05:00:00+00:00,20.141260579983662
2024-05-28 06:00:00+00:00,23.74861963052331
2024-05-28 07:00:00+00:00,26.31940861525312
2024-05-28 08:00:00+00:00,29.085805487686557
2024-05-28 09:00:00+00:00,29.045614945411998
2024-05-28 10:00:00+00:00,28.845020988701314
2024-05-28 11:00:00+00:00,28.025526157318335
2024-05-28 12:00:00+00:00,28.095108002211987
2024-05-28 13:00:00+00:00,26.65487484229684
2024-05-28 14:00:00+00:00,24.978791866350107
2024-05-28 15:00:00+00:00,21.77738008495301
2024-05-28 16:00:00+00:00,16.864069285738278
2024-05-28 17:00:00+00:00,17.054476487562013
2024-05-28 18:00:00+00:00,16.494794290719014
2024-05-28 19:00:00+00:00,16.518745495150206
2024-05-28 20:00:00+00:00,16.35778660644948
2024-05-28 21:00:00+00:00,16.09611404085033
2024-05-28 22:00:00+00:00,16.339258430757504
2024-05-28 23:00:00+00:00,16.182074001013568
2024-05-29 00:00:00+00:00,16.001596270062766
2024-05-29 01:00:00+00:00,17.03134961893283
2024-05-29 02:00:00+00:00,18.73998509382381
2024-05-29 03:00:00+00:00,20.163692457396056
2024-05-29 04:00:00+00:00,21.269661736240796
2024-05-29 05:00:00+00:00,19.240546833501448
2024-05-29 06:00:00+00:00,16.592141345792264
2024-05-29 07:00:00+00:00,21.14219761649504
2024-05-29 08:00:00+00:00,24.69798128380705
2024-05-29 09:00:00+00:00,23.729786902870075
2024-05-29 10:00:00+00:00,24.026137781327243
2024-05-29 11:00:00+00:00,23.871796754383254
2024-05-29 12:00:00+00:00,22.962360284455574
2024-05-29 13:00:00+00:00,21.814149584674738
2024-05-29 14:00:00+00:00,20.76953759436941
2024-05-29 15:00:00+00:00,19.048712312573606
2024-05-29 16:00:00+00:00,17.580855998978915
2024-05-29 17:00:00+00:00,16.245892834947384
2024-05-29 18:00:00+00:00,16.095786245362085
2024-05-29 19:00:00+00:00,16.925244347402987
2024-05-29 20:00:00+00:00,16.245372530434263
2024-05-29 21:00:00+00:00,15.294148299471704
2024-05-29 22:00:00+00:00,15.31475577206822
2024-05-29 23:00:00+00:00,14.047344570675772
2024-05-30 00:00:00+00:00,14.167488109169934
2024-05-30 01:00:00+00:00,13.939828376517898
2024-05-30 02:00:00+00:00,14.338180093964759
2024-05-30 03:00:00+00:00,15.446710287790946
2024-05-30 04:00:00+00:00,16.09120552408741
2024-05-30 05:00:00+00:00,17.036503591780356
2024-05-30 06:00:00+00:00,15.759678825156065
2024-05-30 07:00:00+00:00,16.82110244021929
2024-05-30 08:00:00+00:00,18.33117729240858
2024-05-30 09:00:00+00:00,19.7637690870937
2024-05-30 10:00:00+00:00,22.206580853827322
2024-05-30 11:00:00+00:00,24.474635027337207
2024-05-30 12:00:00+00:00,27.695086926363004
2024-05-30 13:00:00+00:00,25.51313128229056
2024-05-30 14:00:00+00:00,23.991296985211573
2024-05-30 15:00:00+00:00,21.82210017256074
2024-05-30 16:00:00+00:00,17.819561381493294
2024-05-30 17:00:00+00:00,17.597529388897488
2024-05-30 18:00:00+00:00,17.775339207094145
2024-05-30 19:00:00+00:00,17.72788299996121
2024-05-30 20:00:00+00:00,17.778039703141836
2024-05-30 21:00:00+00:00,17.327893888340846
2024-05-30 22:00:00+00:00,16.180652791791882
2024-05-30 23:00:00+00:00,15.472828293722596
2024-05-31 00:00:00+00:00,15.977214823828938
2024-05-31 01:00:00+00:00,16.82986303960863
2024-05-31 02:00:00+00:00,17.672858968339394
2024-05-31 03:00:00+00:00,19.03450378296499
2024-05-31 04:00:00+00:00,20.124009693286336
2024-05-31 05:00:00+00:00,20.390723560983254
2024-05-31 06:00:00+00:00,17.908024706802745
2024-05-31 07:00:00+00:00,17.62043291201225
2024-05-31 08:00:00+00:00,18.263054507406085
2024-05-31 09:00:00+00:00,18.31794430815653
2024-05-31 10:00:00+00:00,18.305708354693657
2024-05-31 11:00:00+00:00,18.434528603570055
2024-05-31 12:00:00+00:00,18.112256095403495
2024-05-31 13:00:00+00:00,18.62348864311222
2024-05-31 14:00:00+00:00,17.60902503017823
2024-05-31 15:00:00+00:00,17.53605066541752
2024-05-31 16:00:00+00:00,16.036913635858575
2024-05-31 17:00:00+00:00,16.87022424445147
2024-05-31 18:00:00+00:00,17.43589159453179
2024-05-31 19:00:00+00:00,17.409382788032
2024-05-31 20:00:00+00:00,17.976962115588005
2024-05-31 21:00:00+00:00,16.576491557141257
2024-05-31 22:00:00+00:00,16.912874924621057
2024-05-31 23:00:00+00:00,16.793084249556934
2024-06-01 00:00:00+00:00,16.362024237243276
2024-06-01 01:00:00+00:00,16.496503094083916
2024-06-01 02:00:00+00:00,17.090741257660948
2024-06-01 03:00:00+00:00,19.47109391392263
2024-06-01 04:00:00+00:00,19.193832571428363
2024-06-01 05:00:00+00:00,18.620695598532254
2024-06-01 06:00:00+00:00,15.39630736355876
2024-06-01 07:00:00+00:00,19.768667757629334
2024-06-01 08:00:00+00:00,23.036533280546053
2024-06-01 09:00:00+00:00,24.530695553588508
2024-06-01 10:00:00+00:00,27.35522867142322
2024-06-01 11:00:00+00:00,28.621430686004615
2024-06-01 12:00:00+00:00,28.497150904324062
2024-06-01 13:00:00+00:00,25.350249435829813
2024-06-01 14:00:00+00:00,22.742191939999266
2024-06-01 15:00:00+00:00,23.779117407742625
2024-06-01 16:00:00+00:00,20.642224382951884
2024-06-01 17:00:00+00:00,18.781770038956772
2024-06-01 18:00:00+00:00,17.87520612326497
2024-06-01 19:00:00+00:00,16.496895400991907
2024-06-01 20:00:00+00:00,14.842847032864666
2024-06-01 21:00:00+00:00,14.403826024135915
2024-06-01 22:00:00+00:00,14.453003579389797
2024-06-01 23:00:00+00:00,14.576438076689648
2024-06-02 00:00:00+00:00,14.248903841150918
2024-06-02 01:00:00+00:00,16.186412295677496
2024-06-02 02:00:00+00:00,16.137348901192418
2024-06-02 03:00:00+00:00,16.822187870849827
2024-06-02 04:00:00+00:00,17.26366512855669
2024-06-02 05:00:00+00:00,17.99716355469825
2024-06-02 06:00:00+00:00,17.946357761266587
2024-06-02 07:00:00+00:00,22.016369168309716
2024-06-02 08:00:00+00:00,23.70968506617352
2024-06-02 09:00:00+00:00,24.01477884609036
2024-06-02 10:00:00+00:00,27.440337172877257
2024-06-02 11:00:00+00:00,31.325467018779946
2024-06-02 12:00:00+00:00,31.615934373676943
2024-06-02 13:00:00+00:00,28.98823636549318
2024-06-02 14:00:00+00:00,24.763510706025837
2024-06-02 15:00:00+00:00,20.131139173746742
2024-06-02 16:00:00+00:00,15.6555451752541
2024-06-02 17:00:00+00:00,15.442663810688698
2024-06-02 18:00:00+00:00,15.369756736341127
2024-06-02 19:00:00+00:00,15.72528195984619
2024-06-02 20:00:00+00:00,15.79064129789301
2024-06-02 21:00:00+00:00,15.453064305549894
2024-06-02 22:00:00+00:00,15.229289502566612
2024-06-02 23:00:00+00:00,16.240255112873644
2024-06-03 00:00:00+00:00,16.58321770245142
2024-06-03 01:00:00+00:00,16.29105742409241
2024-06-03 02:00:00+00:00,16.460888617496853
2024-06-03 03:00:00+00:00,16.41817379881254
2024-06-03 04:00:00+00:00,17.129177761482953
2024-06-03 05:00:00+00:00,15.058855589379384
2024-06-03 06:00:00+00:00,14.548154730769236
2024-06-03 07:00:00+00:00,16.352595901205643
2024-06-03 08:00:00+00:00,16.82968341592774
2024-06-03 09:00:00+00:00,17.98147279474639
2024-06-03 10:00:00+00:00,18.119073308581243
2024-06-03 11:00:00+00:00,18.667110844648303
2024-06-03 12:00:00+00:00,19.966984332624765
2024-06-03 13:00:00+00:00,19.858430070496713
2024-06-03 14:00:00+00:00,18.855043443505277
2024-06-03 15:00:00+00:00,18.732552433104498
2024-06-03 16:00:00+00:00,19.0247003035872
2024-06-03 17:00:00+00:00,18.55610395444008
2024-06-03 18:00:00+00:00,17.59141855927491
2024-06-03 19:00:00+00:00,17.50863369818641
2024-06-03 20:00:00+00:00,16.095076330568755
2024-06-03 21:00:00+00:00,17.220441659807165
2024-06-03 22:00:00+00:00,17.12829179008802
2024-06-03 23:00:00+00:00,17.008112903841802
2024-06-04 00:00:00+00:00,16.967330913619552
2024-06-04 01:00:00+00:00,16.927871159239878
2024-06-04 02:00:00+00:00,17.076084540189726
2024-06-04 03:00:00+00:00,18.23722437704954
2024-06-04 04:00:00+00:00,18.891409103970698
2024-06-04 05:00:00+00:00,16.793421824828982
2024-06-04 06:00:00+00:00,14.849992950893084
2024-06-04 07:00:00+00:00,20.296770621450545
2024-06-04 08:00:00+00:00,24.161920609535862
2024-06-04 09:00:00+00:00,25.174252261141792
2024-06-04 10:00:00+00:00,25.410055318029183
2024-06-04 11:00:00+00:00,25.396785618113455
2024-06-04 12:00:00+00:00,25.652928642692352
2024-06-04 13:00:00+00:00,23.86768482556805
2024-06-04 14:00:00+00:00,20.681989275619525
2024-06-04 15:00:00+00:00,20.14785408751219
2024-06-04 16:00:00+00:00,17.026930245684383
2024-06-04 17:00:00+00:00,16.68532218118929
2024-06-04 18:00:00+00:00,15.163093836171404
2024-06-04 19:00:00+00:00,14.410991630246983
2024-06-04 20:00:00+00:00,14.460168155835797
2024-06-04 21:00:00+00:00,15.596444784664822
2024-06-04 22:00:00+00:00,16.77701389576594
2024-06-04 23:00:00+00:00,17.418851797765964
2024-06-05 00:00:00+00:00,18.056126589488414
2024-06-05 01:00:00+00:00,18.040453867672067
2024-06-05 02:00:00+00:00,17.727500860403183
2024-06-05 03:00:00+00:00,17.56331113731974
2024-06-05 04:00:00+00:00,17.166918680423915
2024-06-05 05:00:00+00:00,17.184379280787542
2024-06-05 06:00:00+00:00,18.213581452689944
2024-06-05 07:00:00+00:00,20.13344309702908
2024-06-05 08:00:00+00:00,20.892634018048692
2024-06-05 09:00:00+00:00,23.603689860516667
2024-06-05 10:00:00+00:00,25.68105388356058
2024-06-05 11:00:00+00:00,26.97649260605349
2024-06-05 12:00:00+00:00,28.300632469098023
2024-06-05 13:00:00+00:00,26.963133025839905
2024-06-05 14:00:00+00:00,26.473336259954717
2024-06-05 15:00:00+00:00,24.0682509560038
2024-06-05 16:00:00+00:00,22.78254894770017
2024-06-05 17:00:00+00:00,21.895460007943935
2024-06-05 18:00:00+00:00,21.25570602526911
2024-06-05 19:00:00+00:00,21.156460336738675
2024-06-05 20:00:00+00:00,19.640479331158105
2024-06-05 21:00:00+00:00,18.88651106533231
2024-06-05 22:00:00+00:00,17.461898216393017
2024-06-05 23:00:00+00:00,16.218766139909
2024-06-06 00:00:00+00:00,15.088656990724923
2024-06-06 01:00:00+00:00,14.643162162177807
2024-06-06 02:00:00+00:00,15.200357309766895
2024-06-06 03:00:00+00:00,15.389177754007072
2024-06-06 04:00:00+00:00,16.050740624869615
2024-06-06 05:00:00+00:00,16.529064687591312
2024-06-06 06:00:00+00:00,17.077874716658314
2024-06-06 07:00:00+00:00,20.019303195019845
2024-06-06 08:00:00+00:00,22.9854879407073
2024-06-06 09:00:00+00:00,24.511273500292816
2024-06-06 10:00:00+00:00,24.936357412128427
2024-06-06 11:00:00+00:00,34.61796012044131
2024-06-06 12:00:00+00:00,92.00605266002464
2024-06-06 13:00:00+00:00,79.43954690703364
2024-06-06 14:00:00+00:00,29.83085169920248
2024-06-06 15:00:00+00:00,28.63416269773573
2024-06-06 16:00:00+00:00,27.470864706174787
2024-06-06 17:00:00+00:00,21.574720228109605
2024-06-06 18:00:00+00:00,17.639484236961042
2024-06-06 19:00:00+00:00,16.13121053994451
2024-06-06 20:00:00+00:00,14.140037277214912
2024-06-06 21:00:00+00:00,15.121654111088144
2024-06-06 22:00:00+00:00,14.914203384295398
2024-06-06 23:00:00+00:00,15.821803213530215
2024-06-07 00:00:00+00:00,16.695454851519642
2024-06-07 01:00:00+00:00,16.587660128996642
2024-06-07 02:00:00+00:00,16.79369119301396
2024-06-07 03:00:00+00:00,17.55306924451033
2024-06-07 04:00:00+00:00,17.41742777974746
2024-06-07 05:00:00+00:00,16.0003781174882
2024-06-07 06:00:00+00:00,16.641297937609156
2024-06-07 07:00:00+00:00,17.36187015924516
2024-06-07 08:00:00+00:00,18.98014635201904
2024-06-07 09:00:00+00:00,20.716404863955276
2024-06-07 10:00:00+00:00,21.229590060386837
2024-06-07 11:00:00+00:00,21.420335823198762
2024-06-07 12:00:00+00:00,22.333544965241575
2024-06-07 13:00:00+00:00,20.063918643752864
2024-06-07 14:00:00+00:00,18.525659996712953
2024-06-07 15:00:00+00:00,17.656073340184722
2024-06-07 16:00:00+00:00,15.527865516366035
2024-06-07 17:00:00+00:00,16.53269713656538
2024-06-07 18:00:00+00:00,17.030674010887438
2024-06-07 19:00:00+00:00,17.8071706309941
2024-06-07 20:00:00+00:00,17.98037236931562
2024-06-07 21:00:00+00:00,17.528892153506447
2024-06-07 22:00:00+00:00,17.545465585736242
2024-06-07 23:00:00+00:00,15.910650913482302
2024-06-08 00:00:00+00:00,16.232835114428994
2024-06-08 01:00:00+00:00,16.19626441886989
2024-06-08 02:00:00+00:00,17.559688753583348
2024-06-08 03:00:00+00:00,17.84299759980226
2024-06-08 04:00:00+00:00,17.519772590352968
2024-06-08 05:00:00+00:00,15.789056885535947
2024-06-08 06:00:00+00:00,15.511038057818691
2024-06-08 07:00:00+00:00,18.846655227737735
2024-06-08 08:00:00+00:00,22.679539065760945
2024-06-08 09:00:00+00:00,28.743187357931962
2024-06-08 10:00:00+00:00,29.779865385585392
2024-06-08 11:00:00+00:00,30.863794046933215
2024-06-08 12:00:00+00:00,29.05955228043549
2024-06-08 13:00:00+00:00,27.412929841386624
2024-06-08 14:00:00+00:00,24.421415832067897
2024-06-08 15:00:00+00:00,21.736838991141028
2024-06-08 16:00:00+00:00,20.364270245485983
2024-06-08 17:00:00+00:00,18.865780643144447
2024-06-08 18:00:00+00:00,18.486744070650698
2024-06-08 19:00:00+00:00,17.592727205082596
2024-06-08 20:00:00+00:00,17.06657380640847
2024-06-08 21:00:00+00:00,15.96163225214795
2024-06-08 22:00:00+00:00,15.286497778012954
2024-06-08 23:00:00+00:00,14.47194471189729
2024-06-09 00:00:00+00:00,14.406124284962463
2024-06-09 01:00:00+00:00,15.087464980970884
2024-06-09 02:00:00+00:00,15.990876579195387
2024-06-09 03:00:00+00:00,17.045008614613845
2024-06-09 04:00:00+00:00,17.90583129414837
2024-06-09 05:00:00+00:00,14.363564248356113
2024-06-09 06:00:00+00:00,13.796342103815551
2024-06-09 07:00:00+00:00,18.118542807273194
2024-06-09 08:00:00+00:00,23.999651561761876
2024-06-09 09:00:00+00:00,25.18313426825562
2024-06-09 10:00:00+00:00,26.365261497628055
2024-06-09 11:00:00+00:00,27.815371387850632
2024-06-09 12:00:00+00:00,29.2375566764799
2024-06-09 13:00:00+00:00,27.560574672552555
2024-06-09 14:00:00+00:00,26.289289740601458
2024-06-09 15:00:00+00:00,25.233062198264232
2024-06-09 16:00:00+00:00,24.420427312270977
2024-06-09 17:00:00+00:00,23.522367238607764
2024-06-09 18:00:00+00:00,22.433235157064324
2024-06-09 19:00:00+00:00,21.730003454416554
2024-06-09 20:00:00+00:00,21.676253500878897
2024-06-09 21:00:00+00:00,21.58372844664196
2024-06-09 22:00:00+00:00,21.03756642698101
2024-06-09 23:00:00+00:00,20.362840610840568
2024-06-10 00:00:00+00:00,20.145185232730277
2024-06-10 01:00:00+00:00,18.29745362646483
2024-06-10 02:00:00+00:00,17.118563788924476
2024-06-10 03:00:00+00:00,15.99448896146832
2024-06-10 04:00:00+00:00,14.684039880243034
2024-06-10 05:00:00+00:00,15.955120486358187
2024-06-10 06:00:00+00:00,15.829096476416517
2024-06-10 07:00:00+00:00,17.88582406441708
2024-06-10 08:00:00+00:00,19.7884130212113
2024-06-10 09:00:00+00:00,23.348413167904713
2024-06-10 10:00:00+00:00,25.21595127802639
2024-06-10 11:00:00+00:00,26.810394690164888
2024-06-10 12:00:00+00:00,28.65821653402508
2024-06-10 13:00:00+00:00,25.48209969337017
2024-06-10 14:00:00+00:00,24.556834559071685
2024-06-10 15:00:00+00:00,23.656670107544173
2024-06-10 16:00:00+00:00,23.47207413471173
2024-06-10 17:00:00+00:00,23.78632493665912
2024-06-10 18:00:00+00:00,23.00599165063505
2024-06-10 19:00:00+00:00,21.755670707260936
2024-06-10 20:00:00+00:00,20.098578537980902
2024-06-10 21:00:00+00:00,18.388194218845978
2024-06-10 22:00:00+00:00,17.107316038691984
2024-06-10 23:00:00+00:00,15.509986746950192
2024-06-11 00:00:00+00:00,14.310380775952524
2024-06-11 01:00:00+00:00,14.417019943719701
2024-06-11 02:00:00+00:00,14.753742989240987
2024-06-11 03:00:00+00:00,16.439136781970284
2024-06-11 04:00:00+00:00,17.327601349161146
2024-06-11 05:00:00+00:00,17.036274508821684
2024-06-11 06:00:00+00:00,18.87168713288661
2024-06-11 07:00:00+00:00,19.598911578702754
2024-06-11 08:00:00+00:00,22.75305318189405
2024-06-11 09:00:00+00:00,23.417113080725482
2024-06-11 10:00:00+00:00,24.087302282400735
2024-06-11 11:00:00+00:00,24.071114941741257
2024-06-11 12:00:00+00:00,23.842273755041308
2024-06-11 13:00:00+00:00,23.18197342349432
2024-06-11 14:00:00+00:00,22.923851288386587
2024-06-11 15:00:00+00:00,20.970062219821617
2024-06-11 16:00:00+00:00,20.397359830847044
2024-06-11 17:00:00+00:00,19.341058045670998
2024-06-11 18:00:00+00:00,17.709958103197255
2024-06-11 19:00:00+00:00,15.539808678380135
2024-06-11 20:00:00+00:00,14.438958917208618
2024-06-11 21:00:00+00:00,14.631276748207787
2024-06-11 22:00:00+00:00,15.49480015563828
2024-06-11 23:00:00+00:00,17.286386401883846
2024-06-12 00:00:00+00:00,17.659920756772845
2024-06-12 01:00:00+00:00,17.420647087929375
2024-06-12 02:00:00+00:00,17.06706169525173
2024-06-12 03:00:00+00:00,17.475028214914378
2024-06-12 04:00:00+00:00,16.238033086509546
2024-06-12 05:00:00+00:00,19.069889367618842
2024-06-12 06:00:00+00:00,21.762046215389763
2024-06-12 07:00:00+00:00,19.827809256962233
2024-06-12 08:00:00+00:00,19.766600293273626
2024-06-12 09:00:00+00:00,23.974560288900626
2024-06-12 10:00:00+00:00,26.550443661662186
2024-06-12 11:00:00+00:00,30.360959261197053
2024-06-12 12:00:00+00:00,31.322227067547804
2024-06-12 13:00:00+00:00,30.54817016077023
2024-06-12 14:00:00+00:00,29.523614418367607
2024-06-12 15:00:00+00:00,26.444746464094752
2024-06-12 16:00:00+00:00,25.063441578407605
2024-06-12 17:00:00+00:00,23.66388868041606
2024-06-12 18:00:00+00:00,21.340655370488744
2024-06-12 19:00:00+00:00,20.560135333161178
2024-06-12 20:00:00+00:00,17.46134149155158
2024-06-12 21:00:00+00:00,17.328589683441557
2024-06-12 22:00:00+00:00,17.131748994651133
2024-06-12 23:00:00+00:00,16.8048770388051
2024-06-13 00:00:00+00:00,16.05921030663068
2024-06-13 01:00:00+00:00,14.94804897302776
2024-06-13 02:00:00+00:00,15.577614956441439
2024-06-13 03:00:00+00:00,15.366289766066872
2024-06-13 04:00:00+00:00,15.233753882060288
2024-06-13 05:00:00+00:00,18.515929336326465
2024-06-13 06:00:00+00:00,22.089033521512295
2024-06-13 07:00:00+00:00,21.09893949052331
2024-06-13 08:00:00+00:00,19.427755810302838
2024-06-13 09:00:00+00:00,25.292522333236185
2024-06-13 10:00:00+00:00,29.959761980873637
2024-06-13 11:00:00+00:00,33.28025736241489
2024-06-13 12:00:00+00:00,36.766432759436384
2024-06-13 13:00:00+00:00,33.07380119733792
2024-06-13 14:00:00+00:00,30.23367567077934
2024-06-13 15:00:00+00:00,27.03909374405304
2024-06-13 16:00:00+00:00,24.685898849270075
2024-06-13 17:00:00+00:00,23.49774956940707
2024-06-13 18:00:00+00:00,23.23343190131477
2024-06-13 19:00:00+00:00,22.51080640377963
2024-06-13 20:00:00+00:00,20.085383142125504
2024-06-13 21:00:00+00:00,20.2693992018059
2024-06-13 22:00:00+00:00,20.5984608635627
2024-06-13 23:00:00+00:00,20.22279988181548
2024-06-14 00:00:00+00:00,21.23648286870911
2024-06-14 01:00:00+00:00,21.085832542445974
2024-06-14 02:00:00+00:00,20.792979336194417
2024-06-14 03:00:00+00:00,19.955318351631195
2024-06-14 04:00:00+00:00,20.078248461638847
2024-06-14 05:00:00+00:00,19.52544495924
2024-06-14 06:00:00+00:00,19.50776170282673
2024-06-14 07:00:00+00:00,19.35886070093983
2024-06-14 08:00:00+00:00,19.951524736959232
2024-06-14 09:00:00+00:00,22.361564960348858
2024-06-14 10:00:00+00:00,26.261177284751643
2024-06-14 11:00:00+00:00,27.822000556688263
2024-06-14 12:00:00+00:00,28.54828044013876
2024-06-14 13:00:00+00:00,28.32368266452399
2024-06-14 14:00:00+00:00,27.937449321690895
2024-06-14 15:00:00+00:00,26.913052635242945
2024-06-14 16:00:00+00:00,26.8903235751839
2024-06-14 17:00:00+00:00,23.713500681201182
2024-06-14 18:00:00+00:00,22.66338638684462
2024-06-14 19:00:00+00:00,22.31341153198977
2024-06-14 20:00:00+00:00,21.799733410282983
2024-06-14 21:00:00+00:00,20.817362211309533
2024-06-14 22:00:00+00:00,20.741120921913573
2024-06-14 23:00:00+00:00,19.674534286280515
2024-06-15 00:00:00+00:00,18.79914533421644
2024-06-15 01:00:00+00:00,18.111339751325882
2024-06-15 02:00:00+00:00,17.624742169930535
2024-06-15 03:00:00+00:00,16.61779043528082
2024-06-15 04:00:00+00:00,15.435633809796533
2024-06-15 05:00:00+00:00,18.836170815672077
2024-06-15 06:00:00+00:00,20.786454893106008
2024-06-15 07:00:00+00:00,21.00196707331118
2024-06-15 08:00:00+00:00,21.305457897587708
2024-06-15 09:00:00+00:00,24.346195908048635
2024-06-15 10:00:00+00:00,26.770130636320594
2024-06-15 11:00:00+00:00,29.7095170242007
2024-06-15 12:00:00+00:00,31.523248662047717
2024-06-15 13:00:00+00:00,28.53212899962222
2024-06-15 14:00:00+00:00,25.222094869206884
2024-06-15 15:00:00+00:00,22.634325644941722
2024-06-15 16:00:00+00:00,18.972958157071904
2024-06-15 17:00:00+00:00,19.091976787097078
2024-06-15 18:00:00+00:00,18.662322588732227
2024-06-15 19:00:00+00:00,19.323062063654966
2024-06-15 20:00:00+00:00,20.274578632691316
2024-06-15 21:00:00+00:00,17.934831436657195
2024-06-15 22:00:00+00:00,17.01465944033919
2024-06-15 23:00:00+00:00,15.120010393467798
2024-06-16 00:00:00+00:00,14.619223637238075
2024-06-16 01:00:00+00:00,14.629911689158627
2024-06-16 02:00:00+00:00,15.40510241844574
2024-06-16 03:00:00+00:00,17.149822940049088
2024-06-16 04:00:00+00:00,17.77161378256217
2024-06-16 05:00:00+00:00,18.78043252081388
2024-06-16 06:00:00+00:00,22.350142888786596
2024-06-16 07:00:00+00:00,22.164157757220927
2024-06-16 08:00:00+00:00,22.191998284866084
2024-06-16 09:00:00+00:00,23.797406400385036
2024-06-16 10:00:00+00:00,25.02709209372755
2024-06-16 11:00:00+00:00,25.929870130915578
2024-06-16 12:00:00+00:00,26.131874735080448
2024-06-16 13:00:00+00:00,25.52185685976951
2024-06-16 14:00:00+00:00,25.586576509644487
2024-06-16 15:00:00+00:00,24.271451477906336
2024-06-16 16:00:00+00:00,23.844883400751115
2024-06-16 17:00:00+00:00,23.470548230652064
2024-06-16 18:00:00+00:00,23.775180622072728
2024-06-16 19:00:00+00:00,23.465125590747217
2024-06-16 20:00:00+00:00,23.419361573863682
2024-06-16 21:00:00+00:00,21.327725834754332
2024-06-16 22:00:00+00:00,19.403116298793286
2024-06-16 23:00:00+00:00,17.778310994041334
2024-06-17 00:00:00+00:00,17.054640823156873
2024-06-17 01:00:00+00:00,17.043767260447147
2024-06-17 02:00:00+00:00,17.06321167513094
2024-06-17 03:00:00+00:00,17.37578400374431
2024-06-17 04:00:00+00:00,17.150659795779248
2024-06-17 05:00:00+00:00,16.324233637575286
2024-06-17 06:00:00+00:00,16.919748029147232
2024-06-17 07:00:00+00:00,17.84349398730873
2024-06-17 08:00:00+00:00,18.963945608841993
2024-06-17 09:00:00+00:00,21.30219526656265
2024-06-17 10:00:00+00:00,23.545549330238124
2024-06-17 11:00:00+00:00,25.393781200115875
2024-06-17 12:00:00+00:00,27.749542139374554
2024-06-17 13:00:00+00:00,29.348405585661247
2024-06-17 14:00:00+00:00,28.374067569632505
2024-06-17 15:00:00+00:00,28.142773508897143
2024-06-17 16:00:00+00:00,27.5885223790624
2024-06-17 17:00:00+00:00,26.986414953165035
2024-06-17 18:00:00+00:00,25.61400014825004
2024-06-17 19:00:00+00:00,24.294212340382103
2024-06-17 20:00:00+00:00,20.57193770340839
2024-06-17 21:00:00+00:00,20.088718796765416
2024-06-17 22:00:00+00:00,19.34930455813402
2024-06-17 23:00:00+00:00,18.585159663063894
2024-06-18 00:00:00+00:00,18.720117935881856
2024-06-18 01:00:00+00:00,19.099763143611806
2024-06-18 02:00:00+00:00,20.263816604672375
2024-06-18 03:00:00+00:00,20.19780955841849
2024-06-18 04:00:00+00:00,21.107344927806533
2024-06-18 05:00:00+00:00,17.98189625057685
2024-06-18 06:00:00+00:00,15.561112522138405
2024-06-18 07:00:00+00:00,18.733210060730084
2024-06-18 08:00:00+00:00,21.98529987693484
2024-06-18 09:00:00+00:00,24.34190449008575
2024-06-18 10:00:00+00:00,26.23723596143454
2024-06-18 11:00:00+00:00,29.101195318879295
2024-06-18 12:00:00+00:00,30.630777520176
2024-06-18 13:00:00+00:00,29.20409250656216
2024-06-18 14:00:00+00:00,25.719464995092235
2024-06-18 15:00:00+00:00,23.45156503729881
2024-06-18 16:00:00+00:00,21.794551231645976
2024-06-18 17:00:00+00:00,22.644574132862253
2024-06-18 18:00:00+00:00,23.337285956515405
2024-06-18 19:00:00+00:00,23.439524511615996
2024-06-18 20:00:00+00:00,24.66411845556649
2024-06-18 21:00:00+00:00,22.670364594018544
2024-06-18 22:00:00+00:00,22.003632009828337
2024-06-18 23:00:00+00:00,21.05989194819041
2024-06-19 00:00:00+00:00,20.039333767269532
2024-06-19 01:00:00+00:00,20.05936336823613
2024-06-19 02:00:00+00:00,19.054787191203594
2024-06-19 03:00:00+00:00,17.83766657446385
2024-06-19 04:00:00+00:00,18.1122616035731
2024-06-19 05:00:00+00:00,18.194922405921577
2024-06-19 06:00:00+00:00,17.491372956980634
2024-06-19 07:00:00+00:00,20.03995906595119
2024-06-19 08:00:00+00:00,21.32127439311577
2024-06-19 09:00:00+00:00,22.977193823518775
2024-06-19 10:00:00+00:00,24.433638400031327
2024-06-19 11:00:00+00:00,26.543096154453075
2024-06-19 12:00:00+00:00,27.91458947635074
2024-06-19 13:00:00+00:00,27.83122618019253
2024-06-19 14:00:00+00:00,26.286761881712756
2024-06-19 15:00:00+00:00,25.772388564180226
2024-06-19 16:00:00+00:00,24.449068690278803
2024-06-19 17:00:00+00:00,22.72095947168657
2024-06-19 18:00:00+00:00,20.4245140608829
2024-06-19 19:00:00+00:00,19.260834125511582
2024-06-19 20:00:00+00:00,17.726239921722783
2024-06-19 21:00:00+00:00,16.920818729347136
2024-06-19 22:00:00+00:00,17.138730151328687
2024-06-19 23:00:00+00:00,17.20605819056037
2024-06-20 00:00:00+00:00,18.37846164528859
2024-06-20 01:00:00+00:00,16.950601261567144
2024-06-20 02:00:00+00:00,16.41993174528856
2024-06-20 03:00:00+00:00,14.81920099529366
2024-06-20 04:00:00+00:00,14.4341190361213
2024-06-20 05:00:00+00:00,15.038809578484084
2024-06-20 06:00:00+00:00,15.503874538830926
2024-06-20 07:00:00+00:00,16.62204685712755
2024-06-20 08:00:00+00:00,17.62384552211128
2024-06-20 09:00:00+00:00,19.712153239446668
2024-06-20 10:00:00+00:00,22.772150257439478
2024-06-20 11:00:00+00:00,23.661263729478716
2024-06-20 12:00:00+00:00,24.516059752073687
2024-06-20 13:00:00+00:00,25.28237421556328
2024-06-20 14:00:00+00:00,23.51794152632263
2024-06-20 15:00:00+00:00,22.502154392173345
2024-06-20 16:00:00+00:00,21.486600904039413
2024-06-20 17:00:00+00:00,20.043724328941096
2024-06-20 18:00:00+00:00,19.953212153009634
2024-06-20 19:00:00+00:00,20.110632356453667
2024-06-20 20:00:00+00:00,18.565420106067602
2024-06-20 21:00:00+00:00,18.738778817697057
2024-06-20 22:00:00+00:00,19.097616997591818
2024-06-20 23:00:00+00:00,19.870001151564402
2024-06-21 00:00:00+00:00,20.50488915315461
2024-06-21 01:00:00+00:00,19.126942553765428
2024-06-21 02:00:00+00:00,18.437510636532853
2024-06-21 03:00:00+00:00,17.779484110432783
2024-06-21 04:00:00+00:00,17.447904549530534
2024-06-21 05:00:00+00:00,16.48244326252723
2024-06-21 06:00:00+00:00,18.58125013590859
2024-06-21 07:00:00+00:00,18.267143834597455
2024-06-21 08:00:00+00:00,19.798981572002308
2024-06-21 09:00:00+00:00,21.12885427483345
2024-06-21 10:00:00+00:00,21.274457672435926
2024-06-21 11:00:00+00:00,20.695617327220212
2024-06-21 12:00:00+00:00,20.68809161604493
2024-06-21 13:00:00+00:00,22.276656698873904
2024-06-21 14:00:00+00:00,21.961690715988063
2024-06-21 15:00:00+00:00,23.169326964667295
2024-06-21 16:00:00+00:00,23.861775716840363
2024-06-21 17:00:00+00:00,24.047837625831928
2024-06-21 18:00:00+00:00,24.286728239396076
2024-06-21 19:00:00+00:00,24.3159738853069
2024-06-21 20:00:00+00:00,25.37830285654277
2024-06-21 21:00:00+00:00,24.614224441503932
2024-06-21 22:00:00+00:00,24.19364517714176
2024-06-21 23:00:00+00:00,22.03825535319797
2024-06-22 00:00:00+00:00,19.659298998713982
2024-06-22 01:00:00+00:00,19.152306594402074
2024-06-22 02:00:00+00:00,18.296733571603582
2024-06-22 03:00:00+00:00,18.926788402925915
2024-06-22 04:00:00+00:00,18.52178536656201
2024-06-22 05:00:00+00:00,18.760422527990503
2024-06-22 06:00:00+00:00,20.156763734413335
2024-06-22 07:00:00+00:00,19.64215497504923
2024-06-22 08:00:00+00:00,20.652721657456564
2024-06-22 09:00:00+00:00,22.226363432136687
2024-06-22 10:00:00+00:00,23.411817772686547
2024-06-22 11:00:00+00:00,24.17892814122372
2024-06-22 12:00:00+00:00,24.402925855244064
2024-06-22 13:00:00+00:00,24.239674551283894
2024-06-22 14:00:00+00:00,23.561790440104822
2024-06-22 15:00:00+00:00,23.803173311250344
2024-06-22 16:00:00+00:00,23.637588955860007
2024-06-22 17:00:00+00:00,21.917419973653292
2024-06-22 18:00:00+00:00,21.160995238470672
2024-06-22 19:00:00+00:00,19.873991468839915
2024-06-22 20:00:00+00:00,19.43978092208268
2024-06-22 21:00:00+00:00,19.691003055739177
2024-06-22 22:00:00+00:00,21.078443723474752
2024-06-22 23:00:00+00:00,21.721317125307817
2024-06-23 00:00:00+00:00,22.38389086500439
2024-06-23 01:00:00+00:00,20.703219885380328
2024-06-23 02:00:00+00:00,20.483695322763815
2024-06-23 03:00:00+00:00,20.003971877242567
2024-06-23 04:00:00+00:00,18.78292755151067
2024-06-23 05:00:00+00:00,17.885884308653118
2024-06-23 06:00:00+00:00,16.836959746757184
2024-06-23 07:00:00+00:00,17.69966465409099
2024-06-23 08:00:00+00:00,19.772350054872035
2024-06-23 09:00:00+00:00,21.35608613507102
2024-06-23 10:00:00+00:00,21.588172325486195
2024-06-23 11:00:00+00:00,21.805740445331008
2024-06-23 12:00:00+00:00,22.456598158598098
2024-06-23 13:00:00+00:00,22.743051368276124
2024-06-23 14:00:00+00:00,23.00383195513783
2024-06-23 15:00:00+00:00,23.540889208762504
2024-06-23 16:00:00+00:00,23.963855188727695
2024-06-23 17:00:00+00:00,23.860044486583085
2024-06-23 18:00:00+00:00,23.745591807284274
2024-06-23 19:00:00+00:00,24.075125525837745
2024-06-23 20:00:00+00:00,22.918882022278247
2024-06-23 21:00:00+00:00,20.90186616961959
2024-06-23 22:00:00+00:00,19.22433289912235
2024-06-23 23:00:00+00:00,18.412942011498746
2024-06-24 00:00:00+00:00,16.950351315828257
2024-06-24 01:00:00+00:00,16.474536929232546
2024-06-24 02:00:00+00:00,17.087848129290634
2024-06-24 03:00:00+00:00,17.594575975689384
2024-06-24 04:00:00+00:00,19.41821152722561
2024-06-24 05:00:00+00:00,18.598812403580396
2024-06-24 06:00:00+00:00,19.468583065389044
2024-06-24 07:00:00+00:00,18.367977172836515
2024-06-24 08:00:00+00:00,16.29232441612632
2024-06-24 09:00:00+00:00,17.885494258363114
2024-06-24 10:00:00+00:00,18.550418775904834
2024-06-24 11:00:00+00:00,20.092213664452977
2024-06-24 12:00:00+00:00,20.42151036979325
2024-06-24 13:00:00+00:00,20.783827707293337
2024-06-24 14:00:00+00:00,20.655836538765946
2024-06-24 15:00:00+00:00,21.402877539730788
2024-06-24 16:00:00+00:00,21.28998207192582
2024-06-24 17:00:00+00:00,21.157190886407204
2024-06-24 18:00:00+00:00,21.045498992208962
2024-06-24 19:00:00+00:00,20.818621127281762
2024-06-24 20:00:00+00:00,21.433308216541214
2024-06-24 21:00:00+00:00,19.90968791897358
2024-06-24 22:00:00+00:00,19.59878093393106
2024-06-24 23:00:00+00:00,19.025296317243274
2024-06-25 00:00:00+00:00,18.571897061649484
2024-06-25 01:00:00+00:00,18.08625491696513
2024-06-25 02:00:00+00:00,18.195353934769685
2024-06-25 03:00:00+00:00,19.0256480723666
2024-06-25 04:00:00+00:00,19.810025440405497
2024-06-25 05:00:00+00:00,20.6759666361703
2024-06-25 06:00:00+00:00,20.340833793090216
2024-06-25 07:00:00+00:00,19.453206141480386
2024-06-25 08:00:00+00:00,17.00636883685992
2024-06-25 09:00:00+00:00,19.067197862328396
2024-06-25 10:00:00+00:00,20.842206667320003
2024-06-25 11:00:00+00:00,21.426424407311423
2024-06-25 12:00:00+00:00,21.991900564761345
2024-06-25 13:00:00+00:00,21.37087322825291
2024-06-25 14:00:00+00:00,21.594200119174445
2024-06-25 15:00:00+00:00,21.371786474759592
2024-06-25 16:00:00+00:00,21.014679466046815
2024-06-25 17:00:00+00:00,20.728201641676126
2024-06-25 18:00:00+00:00,21.168161505374655
2024-06-25 19:00:00+00:00,21.946812008030648
2024-06-25 20:00:00+00:00,21.545147158639104
2024-06-25 21:00:00+00:00,22.53368689035947
2024-06-25 22:00:00+00:00,22.214468680798724
2024-06-25 23:00:00+00:00,22.117600020672405
2024-06-26 00:00:00+00:00,22.130244457701444
2024-06-26 01:00:00+00:00,21.74276947907303
2024-06-26 02:00:00+00:00,21.228027408918
2024-06-26 03:00:00+00:00,19.6595392814521
2024-06-26 04:00:00+00:00,18.83229704412157
2024-06-26 05:00:00+00:00,18.466483432133245
2024-06-26 06:00:00+00:00,18.505225249123523
2024-06-26 07:00:00+00:00,19.342445294782998
2024-06-26 08:00:00+00:00,20.69627430712917
2024-06-26 09:00:00+00:00,23.997115226186533
2024-06-26 10:00:00+00:00,25.0156818809249
2024-06-26 11:00:00+00:00,25.937044119836713
2024-06-26 12:00:00+00:00,26.901553045670266
2024-06-26 13:00:00+00:00,25.81140717624956
2024-06-26 14:00:00+00:00,24.736693318489795
2024-06-26 15:00:00+00:00,24.203560507386207
2024-06-26 16:00:00+00:00,20.970311209578256
2024-06-26 17:00:00+00:00,21.14103096309407
2024-06-26 18:00:00+00:00,21.13497717343305
2024-06-26 19:00:00+00:00,20.816403085770332
2024-06-26 20:00:00+00:00,20.87214329644224
2024-06-26 21:00:00+00:00,19.780199862777167
2024-06-26 22:00:00+00:00,18.456195710117846
2024-06-26 23:00:00+00:00,18.005589728751065
2024-06-27 00:00:00+00:00,17.676999768060995
2024-06-27 01:00:00+00:00,18.80587422813841
2024-06-27 02:00:00+00:00,19.487576265283195
2024-06-27 03:00:00+00:00,20.65580873727992
2024-06-27 04:00:00+00:00,22.014972323237473
2024-06-27 05:00:00+00:00,19.450668488067667
2024-06-27 06:00:00+00:00,17.828369336881572
2024-06-27 07:00:00+00:00,18.645881937168237
2024-06-27 08:00:00+00:00,19.965790393540114
2024-06-27 09:00:00+00:00,21.96711634693126
2024-06-27 10:00:00+00:00,23.3260572742305
2024-06-27 11:00:00+00:00,24.472182914660166
2024-06-27 12:00:00+00:00,25.47685698381343
2024-06-27 13:00:00+00:00,24.741729249036553
2024-06-27 14:00:00+00:00,23.144425674758395
2024-06-27 15:00:00+00:00,21.941538838973994
2024-06-27 16:00:00+00:00,19.640720234124036
2024-06-27 17:00:00+00:00,19.68286411198267
2024-06-27 18:00:00+00:00,20.248310012244893
2024-06-27 19:00:00+00:00,20.82437224903711
2024-06-27 20:00:00+00:00,21.30069120769738
2024-06-27 21:00:00+00:00,21.85150861190345
2024-06-27 22:00:00+00:00,21.598015148288855
2024-06-27 23:00:00+00:00,21.65753269246911
2024-06-28 00:00:00+00:00,22.006924606207942
2024-06-28 01:00:00+00:00,21.76074028650668
2024-06-28 02:00:00+00:00,21.560854084659994
2024-06-28 03:00:00+00:00,18.440360166212535
2024-06-28 04:00:00+00:00,16.286386833372504
2024-06-28 05:00:00+00:00,19.139807418510273
2024-06-28 06:00:00+00:00,21.05536236578563
2024-06-28 07:00:00+00:00,21.1466152161565
2024-06-28 08:00:00+00:00,19.998738232068593
2024-06-28 09:00:00+00:00,21.07325140359672
2024-06-28 10:00:00+00:00,21.44170602741807
2024-06-28 11:00:00+00:00,21.16821275058774
2024-06-28 12:00:00+00:00,21.763168378371716
2024-06-28 13:00:00+00:00,21.614180881881246
2024-06-28 14:00:00+00:00,20.72093204331527
2024-06-28 15:00:00+00:00,20.668106169231734
2024-06-28 16:00:00+00:00,19.182074702430487
2024-06-28 17:00:00+00:00,19.01210440675378
2024-06-28 18:00:00+00:00,19.062421375438966
2024-06-28 19:00:00+00:00,19.681154515939426
2024-06-28 20:00:00+00:00,21.33268848308744
2024-06-28 21:00:00+00:00,20.314380917608208
2024-06-28 22:00:00+00:00,19.588441314722207
2024-06-28 23:00:00+00:00,19.246955226223278
2024-06-29 00:00:00+00:00,19.46372728334102
2024-06-29 01:00:00+00:00,18.56438359852578
2024-06-29 02:00:00+00:00,18.26602139820345
2024-06-29 03:00:00+00:00,18.171651971530718
2024-06-29 04:00:00+00:00,18.45242102243636
2024-06-29 05:00:00+00:00,18.454965307142015
2024-06-29 06:00:00+00:00,18.483093047739295
2024-06-29 07:00:00+00:00,19.250011178231606
2024-06-29 08:00:00+00:00,20.94517812386024
2024-06-29 09:00:00+00:00,21.94723388284595
2024-06-29 10:00:00+00:00,22.581133732041597
2024-06-29 11:00:00+00:00,22.121893180205973
2024-06-29 12:00:00+00:00,21.807542812887487
2024-06-29 13:00:00+00:00,22.78812744088467
2024-06-29 14:00:00+00:00,22.96980227816294
2024-06-29 15:00:00+00:00,23.604939922015507
2024-06-29 16:00:00+00:00,21.88831869918044
2024-06-29 17:00:00+00:00,21.13466557014565
2024-06-29 18:00:00+00:00,20.332616829369343
2024-06-29 19:00:00+00:00,19.724774686270457
2024-06-29 20:00:00+00:00,19.714982313226425
2024-06-29 21:00:00+00:00,19.557664765811193
2024-06-29 22:00:00+00:00,19.693940081309417
2024-06-29 23:00:00+00:00,19.826247554248997
2024-06-30 00:00:00+00:00,20.707286042097884
2024-06-30 01:00:00+00:00,20.975110824565068
2024-06-30 02:00:00+00:00,21.159525607509174
2024-06-30 03:00:00+00:00,21.616816832994957
2024-06-30 04:00:00+00:00,21.189815950314053
2024-06-30 05:00:00+00:00,17.964448524078637
2024-06-30 06:00:00+00:00,15.717549567472888
2024-06-30 07:00:00+00:00,19.760505499006708
2024-06-30 08:00:00+00:00,23.362414426262536
2024-06-30 09:00:00+00:00,28.027449927929638
2024-06-30 10:00:00+00:00,29.469292812697294
2024-06-30 11:00:00+00:00,29.96839616447463
2024-06-30 12:00:00+00:00,29.63354930924041
2024-06-30 13:00:00+00:00,29.15579337028908
2024-06-30 14:00:00+00:00,28.19837128354261
2024-06-30 15:00:00+00:00,25.96915100965128
2024-06-30 16:00:00+00:00,23.6818410728761
2024-06-30 17:00:00+00:00,23.39917592907132
2024-06-30 18:00:00+00:00,23.27953884258092
2024-06-30 19:00:00+00:00,22.6633571347197
2024-06-30 20:00:00+00:00,19.665745761863004
2024-06-30 21:00:00+00:00,20.783469852382662
2024-06-30 22:00:00+00:00,21.05632876147786
2024-06-30 23:00:00+00:00,20.606397992286734
2024-07-01 00:00:00+00:00,20.520771675859713
2024-07-01 01:00:00+00:00,20.819897662650558
2024-07-01 02:00:00+00:00,21.2561967446023
2024-07-01 03:00:00+00:00,20.22715553727969
2024-07-01 04:00:00+00:00,20.129683228055878
2024-07-01 05:00:00+00:00,19.478418806258084
2024-07-01 06:00:00+00:00,19.021382418905286
2024-07-01 07:00:00+00:00,20.809512044820195
2024-07-01 08:00:00+00:00,22.578052812334015
2024-07-01 09:00:00+00:00,24.071778134781805
2024-07-01 10:00:00+00:00,24.987879358485653
2024-07-01 11:00:00+00:00,25.680175262383496
2024-07-01 12:00:00+00:00,26.79342874133696
2024-07-01 13:00:00+00:00,27.204759700044615
2024-07-01 14:00:00+00:00,24.569203408090992
2024-07-01 15:00:00+00:00,22.769344668884557
2024-07-01 16:00:00+00:00,20.488811805171682
2024-07-01 17:00:00+00:00,19.838081973050816
2024-07-01 18:00:00+00:00,19.754273400075142
2024-07-01 19:00:00+00:00,19.560533438677624
2024-07-01 20:00:00+00:00,17.908382006053873
2024-07-01 21:00:00+00:00,19.648832648450554
2024-07-01 22:00:00+00:00,19.491568424202473
2024-07-01 23:00:00+00:00,20.4515822747158
2024-07-02 00:00:00+00:00,20.97624496945468
2024-07-02 01:00:00+00:00,22.646823279032674
2024-07-02 02:00:00+00:00,23.37703997367824
2024-07-02 03:00:00+00:00,24.18922626652745
2024-07-02 04:00:00+00:00,24.380343455939844
2024-07-02 05:00:00+00:00,22.89774275318337
2024-07-02 06:00:00+00:00,16.790952688820436
2024-07-02 07:00:00+00:00,18.936000092921276
2024-07-02 08:00:00+00:00,20.16401386875073
2024-07-02 09:00:00+00:00,22.185078851446143
2024-07-02 10:00:00+00:00,24.436347233968764
2024-07-02 11:00:00+00:00,24.974038880452326
2024-07-02 12:00:00+00:00,26.020381349477283
2024-07-02 13:00:00+00:00,25.173949450927367
2024-07-02 14:00:00+00:00,24.49342369161404
2024-07-02 15:00:00+00:00,22.24875584327923
2024-07-02 16:00:00+00:00,22.07630902982796
2024-07-02 17:00:00+00:00,21.788598363857094
2024-07-02 18:00:00+00:00,20.806782439031107
2024-07-02 19:00:00+00:00,18.418930360724502
2024-07-02 20:00:00+00:00,17.615991077619533
2024-07-02 21:00:00+00:00,18.187080667154103
2024-07-02 22:00:00+00:00,18.37246748920887
2024-07-02 23:00:00+00:00,19.97523275883325
2024-07-03 00:00:00+00:00,20.904920469476004
2024-07-03 01:00:00+00:00,19.28523397001617
2024-07-03 02:00:00+00:00,18.680817759002448
2024-07-03 03:00:00+00:00,18.657678365941095
2024-07-03 04:00:00+00:00,18.230618800227923
2024-07-03 05:00:00+00:00,15.696237573556411
2024-07-03 06:00:00+00:00,13.428771514529275
2024-07-03 07:00:00+00:00,18.738495457695695
2024-07-03 08:00:00+00:00,22.639790861957938
2024-07-03 09:00:00+00:00,24.867188338863127
2024-07-03 10:00:00+00:00,27.88880866227348
2024-07-03 11:00:00+00:00,29.394558173519744
2024-07-03 12:00:00+00:00,30.410907292146113
2024-07-03 13:00:00+00:00,27.668504491303228
2024-07-03 14:00:00+00:00,25.10002302854082
2024-07-03 15:00:00+00:00,22.833129090964945
2024-07-03 16:00:00+00:00,20.984800144811757
2024-07-03 17:00:00+00:00,21.138711050875532
2024-07-03 18:00:00+00:00,21.73072965724648
2024-07-03 19:00:00+00:00,23.60062248008525
2024-07-03 20:00:00+00:00,20.13663128919505
2024-07-03 21:00:00+00:00,20.165309561173995
2024-07-03 22:00:00+00:00,19.588504011481582
2024-07-03 23:00:00+00:00,18.84008713639264
2024-07-04 00:00:00+00:00,19.358981232028892
2024-07-04 01:00:00+00:00,19.11107761319432
2024-07-04 02:00:00+00:00,19.93959914240695
2024-07-04 03:00:00+00:00,20.913184187451375
2024-07-04 04:00:00+00:00,22.00019238745704
2024-07-04 05:00:00+00:00,19.04841173072227
2024-07-04 06:00:00+00:00,17.819098210656758
2024-07-04 07:00:00+00:00,16.7694477249886
2024-07-04 08:00:00+00:00,16.379448503929233
2024-07-04 09:00:00+00:00,26.54834455248292
2024-07-04 10:00:00+00:00,30.703297615519052
2024-07-04 11:00:00+00:00,44.17754879182681
2024-07-04 12:00:00+00:00,66.78098163363754
2024-07-04 13:00:00+00:00,65.38922197987061
2024-07-04 14:00:00+00:00,27.384275760924183
2024-07-04 15:00:00+00:00,25.365311579600938
2024-07-04 16:00:00+00:00,22.79953639694569
2024-07-04 17:00:00+00:00,23.16533981379865
2024-07-04 18:00:00+00:00,23.562888424543264
2024-07-04 19:00:00+00:00,23.90571667139176
2024-07-04 20:00:00+00:00,23.410549120927538
2024-07-04 21:00:00+00:00,24.307030187246063
2024-07-04 22:00:00+00:00,22.82931329452008
2024-07-04 23:00:00+00:00,20.63525299745366
2024-07-05 00:00:00+00:00,19.39342556951732
2024-07-05 01:00:00+00:00,20.2632471243595
2024-07-05 02:00:00+00:00,19.922460142655904
2024-07-05 03:00:00+00:00,19.853327049105292
2024-07-05 04:00:00+00:00,19.60100825249159
2024-07-05 05:00:00+00:00,19.95001761073718
2024-07-05 06:00:00+00:00,17.84285600648554
2024-07-05 07:00:00+00:00,22.244913569924947
2024-07-05 08:00:00+00:00,24.5939404377536
2024-07-05 09:00:00+00:00,26.673541591046977
2024-07-05 10:00:00+00:00,28.394803366166144
2024-07-05 11:00:00+00:00,28.207055955480115
2024-07-05 12:00:00+00:00,27.223672359533992
2024-07-05 13:00:00+00:00,27.320636185628956
2024-07-05 14:00:00+00:00,24.85102779567879
2024-07-05 15:00:00+00:00,23.960906896073524
2024-07-05 16:00:00+00:00,22.77443802217561
2024-07-05 17:00:00+00:00,21.933593813987798
2024-07-05 18:00:00+00:00,20.887638389977738
2024-07-05 19:00:00+00:00,20.087645571799214
2024-07-05 20:00:00+00:00,19.705559981059192
2024-07-05 21:00:00+00:00,19.484356982029947
2024-07-05 22:00:00+00:00,18.537873176116367
2024-07-05 23:00:00+00:00,18.403885129663422
2024-07-06 00:00:00+00:00,17.336646128898295
2024-07-06 01:00:00+00:00,18.496037101360045
2024-07-06 02:00:00+00:00,18.770316591648434
2024-07-06 03:00:00+00:00,19.670121175443168
2024-07-06 04:00:00+00:00,19.756802760905803
2024-07-06 05:00:00+00:00,19.100283450736566
2024-07-06 06:00:00+00:00,19.788440069617504
2024-07-06 07:00:00+00:00,23.62008357692357
2024-07-06 08:00:00+00:00,24.99096377438667
2024-07-06 09:00:00+00:00,27.05614464714014
2024-07-06 10:00:00+00:00,27.668568020767992
2024-07-06 11:00:00+00:00,27.932110951671934
2024-07-06 12:00:00+00:00,24.623856085481396
2024-07-06 13:00:00+00:00,25.21010026193445
2024-07-06 14:00:00+00:00,25.24686598725044
2024-07-06 15:00:00+00:00,25.175648247536312
2024-07-06 16:00:00+00:00,24.161789483518266
2024-07-06 17:00:00+00:00,22.577178764867078
2024-07-06 18:00:00+00:00,20.957656321575303
2024-07-06 19:00:00+00:00,20.49413836218365
2024-07-06 20:00:00+00:00,19.683961162761754
2024-07-06 21:00:00+00:00,20.848941055522243
2024-07-06 22:00:00+00:00,19.606046678973694
2024-07-06 23:00:00+00:00,17.928149013213204
2024-07-07 00:00:00+00:00,17.09456296178376
2024-07-07 01:00:00+00:00,17.339032274028988
2024-07-07 02:00:00+00:00,17.67811412102592
2024-07-07 03:00:00+00:00,18.900709561199825
2024-07-07 04:00:00+00:00,18.55608270543541
2024-07-07 05:00:00+00:00,18.525275896425043
2024-07-07 06:00:00+00:00,20.402980148330887
2024-07-07 07:00:00+00:00,18.70362547871401
2024-07-07 08:00:00+00:00,17.763586076168178
2024-07-07 09:00:00+00:00,24.759348234045433
2024-07-07 10:00:00+00:00,28.59843600082636
2024-07-07 11:00:00+00:00,31.20189318977314
2024-07-07 12:00:00+00:00,31.660345558786336
2024-07-07 13:00:00+00:00,31.759540573911288
2024-07-07 14:00:00+00:00,31.18970125604873
2024-07-07 15:00:00+00:00,30.69724192210569
2024-07-07 16:00:00+00:00,29.40923541054643
2024-07-07 17:00:00+00:00,27.819836347001683
2024-07-07 18:00:00+00:00,25.150137660169385
2024-07-07 19:00:00+00:00,22.0772304843482
2024-07-07 20:00:00+00:00,20.80826357419116
2024-07-07 21:00:00+00:00,20.563492108488788
2024-07-07 22:00:00+00:00,20.742770427312283
2024-07-07 23:00:00+00:00,19.6842631245838
2024-07-08 00:00:00+00:00,18.64506215738192
2024-07-08 01:00:00+00:00,18.163058714012625
2024-07-08 02:00:00+00:00,18.23988837601504
2024-07-08 03:00:00+00:00,18.20407750461215
2024-07-08 04:00:00+00:00,18.543730813478412
2024-07-08 05:00:00+00:00,17.784084998621342
2024-07-08 06:00:00+00:00,18.16340910619177
2024-07-08 07:00:00+00:00,20.668349174316344
2024-07-08 08:00:00+00:00,22.10594313146781
2024-07-08 09:00:00+00:00,20.91766841438585
2024-07-08 10:00:00+00:00,21.498298579478277
2024-07-08 11:00:00+00:00,21.704532565653732
2024-07-08 12:00:00+00:00,20.068156646827767
2024-07-08 13:00:00+00:00,22.937605620273132
2024-07-08 14:00:00+00:00,26.88506219060044
2024-07-08 15:00:00+00:00,28.714967327053294
2024-07-08 16:00:00+00:00,28.750905016192448
2024-07-08 17:00:00+00:00,27.837583671617374
2024-07-08 18:00:00+00:00,26.187834285850432
2024-07-08 19:00:00+00:00,23.99258290178538
2024-07-08 20:00:00+00:00,22.98171178425938
2024-07-08 21:00:00+00:00,22.5925471967074
2024-07-08 22:00:00+00:00,22.772429418340415
2024-07-08 23:00:00+00:00,21.842884070392024
2024-07-09 00:00:00+00:00,21.9421112628873
2024-07-09 01:00:00+00:00,21.24378680557499
2024-07-09 02:00:00+00:00,20.319409996717948
2024-07-09 03:00:00+00:00,20.000631458470107
2024-07-09 04:00:00+00:00,19.635599920042743
2024-07-09 05:00:00+00:00,19.954951540571138
2024-07-09 06:00:00+00:00,19.469693216000145
2024-07-09 07:00:00+00:00,19.85343770727235
2024-07-09 08:00:00+00:00,20.396930027316518
2024-07-09 09:00:00+00:00,31.417815255698805
2024-07-09 10:00:00+00:00,33.257468634194254
2024-07-09 11:00:00+00:00,40.73360959363128
2024-07-09 12:00:00+00:00,57.35117125640742
2024-07-09 13:00:00+00:00,40.93087318462897
2024-07-09 14:00:00+00:00,29.01100175365684
2024-07-09 15:00:00+00:00,29.536956809627466
2024-07-09 16:00:00+00:00,23.915954173399786
2024-07-09 17:00:00+00:00,23.055336820257825
2024-07-09 18:00:00+00:00,21.38692552448936
2024-07-09 19:00:00+00:00,19.72277003920945
2024-07-09 20:00:00+00:00,18.519797493150502
2024-07-09 21:00:00+00:00,18.461221750714394
2024-07-09 22:00:00+00:00,18.3092678351357
2024-07-09 23:00:00+00:00,18.562036206077767
2024-07-10 00:00:00+00:00,19.101020354001836
2024-07-10 01:00:00+00:00,18.659033307132184
2024-07-10 02:00:00+00:00,18.434634261083843
2024-07-10 03:00:00+00:00,17.910453578573488
2024-07-10 04:00:00+00:00,17.33898935195708
2024-07-10 05:00:00+00:00,17.976532356171983
2024-07-10 06:00:00+00:00,19.341815545451947
2024-07-10 07:00:00+00:00,20.77842296670041
2024-07-10 08:00:00+00:00,21.961581360900553
2024-07-10 09:00:00+00:00,27.224595931753328
2024-07-10 10:00:00+00:00,31.85679004870274
2024-07-10 11:00:00+00:00,36.80229502473462
2024-07-10 12:00:00+00:00,44.20457334643412
2024-07-10 13:00:00+00:00,41.579149898080935
2024-07-10 14:00:00+00:00,37.285001613511085
2024-07-10 15:00:00+00:00,34.57729248866005
2024-07-10 16:00:00+00:00,25.634728370045636
2024-07-10 17:00:00+00:00,24.723873736031205
2024-07-10 18:00:00+00:00,23.6261925424671
2024-07-10 19:00:00+00:00,21.85704179486338
2024-07-10 20:00:00+00:00,19.773986430234082
2024-07-10 21:00:00+00:00,19.543655806624102
2024-07-10 22:00:00+00:00,19.416085927987695
2024-07-10 23:00:00+00:00,19.584707439191664
2024-07-11 00:00:00+00:00,19.476084346455917
2024-07-11 01:00:00+00:00,18.86774861192841
2024-07-11 02:00:00+00:00,18.607822688882717
2024-07-11 03:00:00+00:00,17.883303206200544
2024-07-11 04:00:00+00:00,17.275243850258754
2024-07-11 05:00:00+00:00,17.712371999469074
2024-07-11 06:00:00+00:00,18.051299253194433
2024-07-11 07:00:00+00:00,19.543894836072145
2024-07-11 08:00:00+00:00,22.01001900363815
2024-07-11 09:00:00+00:00,24.728215860149184
2024-07-11 10:00:00+00:00,24.443023906547893
2024-07-11 11:00:00+00:00,25.970790665358837
2024-07-11 12:00:00+00:00,25.88289743627535
2024-07-11 13:00:00+00:00,26.24114926501591
2024-07-11 14:00:00+00:00,26.398604928309318
2024-07-11 15:00:00+00:00,25.648919772623685
2024-07-11 16:00:00+00:00,24.062094239270014
2024-07-11 17:00:00+00:00,24.35953532066581
2024-07-11 18:00:00+00:00,25.09265118874556
2024-07-11 19:00:00+00:00,25.590784431446274
2024-07-11 20:00:00+00:00,26.070478042484815
2024-07-11 21:00:00+00:00,24.836887814309755
2024-07-11 22:00:00+00:00,23.6659859153462
2024-07-11 23:00:00+00:00,22.284042078858445
2024-07-12 00:00:00+00:00,21.25738984100081
2024-07-12 01:00:00+00:00,20.654010799746256
2024-07-12 02:00:00+00:00,20.219325407145288
2024-07-12 03:00:00+00:00,19.584251801958448
2024-07-12 04:00:00+00:00,19.51785523808688
2024-07-12 05:00:00+00:00,18.514569785935965
2024-07-12 06:00:00+00:00,17.34073083694464
2024-07-12 07:00:00+00:00,19.490126566517873
2024-07-12 08:00:00+00:00,21.631141489229122
2024-07-12 09:00:00+00:00,26.371162621410758
2024-07-12 10:00:00+00:00,26.554748336444288
2024-07-12 11:00:00+00:00,26.32879497352868
2024-07-12 12:00:00+00:00,27.44015263028599
2024-07-12 13:00:00+00:00,27.59156680669556
2024-07-12 14:00:00+00:00,25.907894981987326
2024-07-12 15:00:00+00:00,23.611027064946374
2024-07-12 16:00:00+00:00,19.05442922344003
2024-07-12 17:00:00+00:00,20.138216580670107
2024-07-12 18:00:00+00:00,20.10953595307152
2024-07-12 19:00:00+00:00,20.097869274271517
2024-07-12 20:00:00+00:00,21.676398985403054
2024-07-12 21:00:00+00:00,22.278322279502387
2024-07-12 22:00:00+00:00,22.595989356132314
2024-07-12 23:00:00+00:00,23.96302106626328
2024-07-13 00:00:00+00:00,25.062195141958014
2024-07-13 01:00:00+00:00,23.96289472162709
2024-07-13 02:00:00+00:00,22.89797843096879
2024-07-13 03:00:00+00:00,21.997382166860277
2024-07-13 04:00:00+00:00,21.92405552227818
2024-07-13 05:00:00+00:00,19.21197361025312
2024-07-13 06:00:00+00:00,16.284150324739148
2024-07-13 07:00:00+00:00,21.28374429116956
2024-07-13 08:00:00+00:00,25.075432597276237
2024-07-13 09:00:00+00:00,25.810554142896944
2024-07-13 10:00:00+00:00,24.544124383850033
2024-07-13 11:00:00+00:00,23.50494843663437
2024-07-13 12:00:00+00:00,23.795993409121824
2024-07-13 13:00:00+00:00,31.405463328306997
2024-07-13 14:00:00+00:00,37.310704927883705
2024-07-13 15:00:00+00:00,40.66221927337854
2024-07-13 16:00:00+00:00,27.83614551384966
2024-07-13 17:00:00+00:00,26.83477904131057
2024-07-13 18:00:00+00:00,26.312781299225826
2024-07-13 19:00:00+00:00,26.1081239977035
2024-07-13 20:00:00+00:00,20.62737129029629
2024-07-13 21:00:00+00:00,20.012640069926707
2024-07-13 22:00:00+00:00,19.749128523866876
2024-07-13 23:00:00+00:00,19.121942708119143
2024-07-14 00:00:00+00:00,18.682256955897877
2024-07-14 01:00:00+00:00,18.918086355007297
2024-07-14 02:00:00+00:00,19.039854880648363
2024-07-14 03:00:00+00:00,19.49377975806059
2024-07-14 04:00:00+00:00,20.0235263768203
2024-07-14 05:00:00+00:00,18.408998063268665
2024-07-14 06:00:00+00:00,16.274243010209226
2024-07-14 07:00:00+00:00,18.346490952128615
2024-07-14 08:00:00+00:00,22.30368828266846
2024-07-14 09:00:00+00:00,24.841041340612335
2024-07-14 10:00:00+00:00,27.488097851759544
2024-07-14 11:00:00+00:00,29.65672343324068
2024-07-14 12:00:00+00:00,31.970501298618803
2024-07-14 13:00:00+00:00,30.087820031361122
2024-07-14 14:00:00+00:00,29.71397611372887
2024-07-14 15:00:00+00:00,28.747118444676648
2024-07-14 16:00:00+00:00,26.400221417300074
2024-07-14 17:00:00+00:00,26.968356971445377
2024-07-14 18:00:00+00:00,27.574564988796883
2024-07-14 19:00:00+00:00,27.197525631689068
2024-07-14 20:00:00+00:00,26.235315547093315
2024-07-14 21:00:00+00:00,24.975453197167557
2024-07-14 22:00:00+00:00,24.077498591520534
2024-07-14 23:00:00+00:00,21.81522292809624
2024-07-15 00:00:00+00:00,20.28630819695297
2024-07-15 01:00:00+00:00,20.295825099130354
2024-07-15 02:00:00+00:00,20.30313567728447
2024-07-15 03:00:00+00:00,20.202462812305132
2024-07-15 04:00:00+00:00,20.362899393670972
2024-07-15 05:00:00+00:00,18.943665558408767
2024-07-15 06:00:00+00:00,16.087199845805934
2024-07-15 07:00:00+00:00,19.016903551700015
2024-07-15 08:00:00+00:00,22.431861562636882
2024-07-15 09:00:00+00:00,23.75746754426245
2024-07-15 10:00:00+00:00,25.187734639660118
2024-07-15 11:00:00+00:00,26.12798999661559
2024-07-15 12:00:00+00:00,26.866889178919624
2024-07-15 13:00:00+00:00,26.06667365215946
2024-07-15 14:00:00+00:00,24.99996503788494
2024-07-15 15:00:00+00:00,22.8432687483078
2024-07-15 16:00:00+00:00,21.071679199380966
2024-07-15 17:00:00+00:00,20.56711512969847
2024-07-15 18:00:00+00:00,20.79330108877872
2024-07-15 19:00:00+00:00,20.90010757997291
2024-07-15 20:00:00+00:00,21.176373113298766
2024-07-15 21:00:00+00:00,22.611909348989233
2024-07-15 22:00:00+00:00,23.598293401843367
2024-07-15 23:00:00+00:00,23.514124018368474
2024-07-16 00:00:00+00:00,24.06106106919702
2024-07-16 01:00:00+00:00,22.989073851205546
2024-07-16 02:00:00+00:00,21.16150970603345
2024-07-16 03:00:00+00:00,20.28418112323127
2024-07-16 04:00:00+00:00,20.23324539445038
2024-07-16 05:00:00+00:00,17.318241908779566
2024-07-16 06:00:00+00:00,14.11046005202065
2024-07-16 07:00:00+00:00,18.478177374629787
2024-07-16 08:00:00+00:00,21.27238697329966
2024-07-16 09:00:00+00:00,23.452463233502712
2024-07-16 10:00:00+00:00,26.875395732490663
2024-07-16 11:00:00+00:00,26.74688229314457
2024-07-16 12:00:00+00:00,26.144350447210822
2024-07-16 13:00:00+00:00,31.18576157246805
2024-07-16 14:00:00+00:00,30.84346458357175
2024-07-16 15:00:00+00:00,29.068540383427653
2024-07-16 16:00:00+00:00,27.60359090802794
2024-07-16 17:00:00+00:00,26.418575802498857
2024-07-16 18:00:00+00:00,24.02469435645082
2024-07-16 19:00:00+00:00,21.971894674356776
2024-07-16 20:00:00+00:00,19.249916391338605
2024-07-16 21:00:00+00:00,19.410475015614193
2024-07-16 22:00:00+00:00,20.122099254970077
2024-07-16 23:00:00+00:00,19.363619890149277
2024-07-17 00:00:00+00:00,19.702917949696623
2024-07-17 01:00:00+00:00,21.977500681410298
2024-07-17 02:00:00+00:00,23.37206910018098
2024-07-17 03:00:00+00:00,25.41000808910316
2024-07-17 04:00:00+00:00,25.580725442292902
2024-07-17 05:00:00+00:00,20.86006043094055
2024-07-17 06:00:00+00:00,14.237068690134913
2024-07-17 07:00:00+00:00,21.197917437621292
2024-07-17 08:00:00+00:00,26.8095453424867
2024-07-17 09:00:00+00:00,29.428651008135446
2024-07-17 10:00:00+00:00,33.77662297014229
2024-07-17 11:00:00+00:00,34.652496898646355
2024-07-17 12:00:00+00:00,38.71931249658317
2024-07-17 13:00:00+00:00,36.086158001601085
2024-07-17 14:00:00+00:00,31.3563671972211
2024-07-17 15:00:00+00:00,27.264712505326496
2024-07-17 16:00:00+00:00,22.452550060745274
2024-07-17 17:00:00+00:00,24.691193914361314
2024-07-17 18:00:00+00:00,27.24819978135951
2024-07-17 19:00:00+00:00,28.498780042261775
2024-07-17 20:00:00+00:00,29.715307054917798
2024-07-17 21:00:00+00:00,26.98723246891875
2024-07-17 22:00:00+00:00,26.2777007194919
2024-07-17 23:00:00+00:00,23.412831286209375
2024-07-18 00:00:00+00:00,19.323555012415735
2024-07-18 01:00:00+00:00,19.82032053992868
2024-07-18 02:00:00+00:00,19.209393264389107
2024-07-18 03:00:00+00:00,19.380477008701078
2024-07-18 04:00:00+00:00,19.337434320723474
2024-07-18 05:00:00+00:00,17.3534299600674
2024-07-18 06:00:00+00:00,15.764702266736174
2024-07-18 07:00:00+00:00,21.1980693604354
2024-07-18 08:00:00+00:00,24.980408461863295
2024-07-18 09:00:00+00:00,25.853727569273506
2024-07-18 10:00:00+00:00,26.573372800060696
2024-07-18 11:00:00+00:00,26.915343247613418
2024-07-18 12:00:00+00:00,27.10705660933117
2024-07-18 13:00:00+00:00,28.3780966593281
2024-07-18 14:00:00+00:00,27.637450266662817
2024-07-18 15:00:00+00:00,26.823703350176363
2024-07-18 16:00:00+00:00,26.441120078073723
2024-07-18 17:00:00+00:00,26.163394088161667
2024-07-18 18:00:00+00:00,25.68540718159618
2024-07-18 19:00:00+00:00,23.633981719957024
2024-07-18 20:00:00+00:00,21.88077493120088
2024-07-18 21:00:00+00:00,25.462898685579844
2024-07-18 22:00:00+00:00,26.46698581675689
2024-07-18 23:00:00+00:00,27.11391293007151
2024-07-19 00:00:00+00:00,32.4864557380903
2024-07-19 01:00:00+00:00,25.7632496563288
2024-07-19 02:00:00+00:00,25.277952757068817
2024-07-19 03:00:00+00:00,25.696033307387605
2024-07-19 04:00:00+00:00,20.33773135512746
2024-07-19 05:00:00+00:00,19.82423795310197
2024-07-19 06:00:00+00:00,20.344121297571693
2024-07-19 07:00:00+00:00,22.08212996342995
2024-07-19 08:00:00+00:00,23.491488554506663
2024-07-19 09:00:00+00:00,27.705874066814733
2024-07-19 10:00:00+00:00,31.41849440708651
2024-07-19 11:00:00+00:00,32.64370589616677
2024-07-19 12:00:00+00:00,35.465333866839394
2024-07-19 13:00:00+00:00,33.8654609546114
2024-07-19 14:00:00+00:00,31.970619678097783
2024-07-19 15:00:00+00:00,28.464878897142906
2024-07-19 16:00:00+00:00,25.805078865458658
2024-07-19 17:00:00+00:00,24.31546949347851
2024-07-19 18:00:00+00:00,22.68158681708293
2024-07-19 19:00:00+00:00,20.41674925395183
2024-07-19 20:00:00+00:00,18.63961377274897
2024-07-19 21:00:00+00:00,19.41005853604799
2024-07-19 22:00:00+00:00,19.35213676790711
2024-07-19 23:00:00+00:00,18.6934486044294
2024-07-20 00:00:00+00:00,20.220434083841667
2024-07-20 01:00:00+00:00,20.55804418999961
2024-07-20 02:00:00+00:00,22.77989704283947
2024-07-20 03:00:00+00:00,23.89911300554309
2024-07-20 04:00:00+00:00,23.94312113701257
2024-07-20 05:00:00+00:00,22.30668865373894
2024-07-20 06:00:00+00:00,19.420800393610207
2024-07-20 07:00:00+00:00,21.900558288479427
2024-07-20 08:00:00+00:00,21.629312912699937
2024-07-20 09:00:00+00:00,23.92959437663187
2024-07-20 10:00:00+00:00,25.477793632625815
2024-07-20 11:00:00+00:00,27.19577714818361
2024-07-20 12:00:00+00:00,28.44285694450889
2024-07-20 13:00:00+00:00,28.52888432651401
2024-07-20 14:00:00+00:00,27.879939485644954
2024-07-20 15:00:00+00:00,26.769725169774404
2024-07-20 16:00:00+00:00,25.95819695500192
2024-07-20 17:00:00+00:00,26.27345183199853
2024-07-20 18:00:00+00:00,26.413282933013885
2024-07-20 19:00:00+00:00,26.20011453494075
2024-07-20 20:00:00+00:00,25.381759463590388
2024-07-20 21:00:00+00:00,24.31984986762666
2024-07-20 22:00:00+00:00,23.470006237857845
2024-07-20 23:00:00+00:00,22.340640831773115
2024-07-21 00:00:00+00:00,20.47138406190302
2024-07-21 01:00:00+00:00,19.996414004489303
2024-07-21 02:00:00+00:00,19.956872783158452
2024-07-21 03:00:00+00:00,19.769991758615664
2024-07-21 04:00:00+00:00,18.940125507893494
2024-07-21 05:00:00+00:00,18.465020736885748
2024-07-21 06:00:00+00:00,17.554518009874588
2024-07-21 07:00:00+00:00,24.2128762575839
2024-07-21 08:00:00+00:00,28.56143066222983
2024-07-21 09:00:00+00:00,43.07948585203249
2024-07-21 10:00:00+00:00,72.44710157537288
2024-07-21 11:00:00+00:00,111.10701714325
2024-07-21 12:00:00+00:00,147.0926449127272
2024-07-21 13:00:00+00:00,109.39999450932463
2024-07-21 14:00:00+00:00,56.352698307987346
2024-07-21 15:00:00+00:00,45.71080390397301
2024-07-21 16:00:00+00:00,28.762354333636342
2024-07-21 17:00:00+00:00,26.75884421748219
2024-07-21 18:00:00+00:00,24.85793492240247
2024-07-21 19:00:00+00:00,22.641327434310405
2024-07-21 20:00:00+00:00,20.120494506948045
2024-07-21 21:00:00+00:00,22.405372949769923
2024-07-21 22:00:00+00:00,23.29815520467135
2024-07-21 23:00:00+00:00,24.876856524359347
2024-07-22 00:00:00+00:00,24.453745223429614
2024-07-22 01:00:00+00:00,24.595246887068303
2024-07-22 02:00:00+00:00,23.218685245619344
2024-07-22 03:00:00+00:00,22.3912392201328
2024-07-22 04:00:00+00:00,19.90456642375808
2024-07-22 05:00:00+00:00,20.572763023337508
2024-07-22 06:00:00+00:00,20.617323489141345
2024-07-22 07:00:00+00:00,22.354709086860215
2024-07-22 08:00:00+00:00,21.912823376749447
2024-07-22 09:00:00+00:00,31.80945681411094
2024-07-22 10:00:00+00:00,33.51911380599083
2024-07-22 11:00:00+00:00,51.6879440788037
2024-07-22 12:00:00+00:00,56.72926196723226
2024-07-22 13:00:00+00:00,54.3575977704986
2024-07-22 14:00:00+00:00,35.30890495952002
2024-07-22 15:00:00+00:00,33.47688834198459
2024-07-22 16:00:00+00:00,25.522386029756415
2024-07-22 17:00:00+00:00,26.10023076634666
2024-07-22 18:00:00+00:00,26.45686902936737
2024-07-22 19:00:00+00:00,25.61432109064197
2024-07-22 20:00:00+00:00,25.940399967672487
2024-07-22 21:00:00+00:00,24.381889375229793
2024-07-22 22:00:00+00:00,22.517264901337303
2024-07-22 23:00:00+00:00,20.82977224575202
2024-07-23 00:00:00+00:00,19.02653225980045
2024-07-23 01:00:00+00:00,25.653647014330712
2024-07-23 02:00:00+00:00,60.996904731174986
2024-07-23 03:00:00+00:00,80.36427615440552
2024-07-23 04:00:00+00:00,108.29667610952458
2024-07-23 05:00:00+00:00,68.42639524109347
2024-07-23 06:00:00+00:00,19.676309921310786
2024-07-23 07:00:00+00:00,21.79337467179439
2024-07-23 08:00:00+00:00,23.739737815451708
2024-07-23 09:00:00+00:00,29.871168295997116
2024-07-23 10:00:00+00:00,30.36886138585062
2024-07-23 11:00:00+00:00,33.02394249491018
2024-07-23 12:00:00+00:00,34.00317362363276
2024-07-23 13:00:00+00:00,34.03724936689524
2024-07-23 14:00:00+00:00,38.17787617408836
2024-07-23 15:00:00+00:00,37.798246792544944
2024-07-23 16:00:00+00:00,32.46265776435851
2024-07-23 17:00:00+00:00,30.71253540487189
2024-07-23 18:00:00+00:00,28.507095004108866
2024-07-23 19:00:00+00:00,26.55360334692535
2024-07-23 20:00:00+00:00,24.06412290875173
2024-07-23 21:00:00+00:00,22.717027287888516
2024-07-23 22:00:00+00:00,21.83176585683887
2024-07-23 23:00:00+00:00,19.558346663773108
2024-07-24 00:00:00+00:00,17.56077723458599
2024-07-24 01:00:00+00:00,20.950320491527762
2024-07-24 02:00:00+00:00,21.209035821470245
2024-07-24 03:00:00+00:00,20.652527820368334
2024-07-24 04:00:00+00:00,21.443311566354975
2024-07-24 05:00:00+00:00,22.544495810011046
2024-07-24 06:00:00+00:00,21.819750556494018
2024-07-24 07:00:00+00:00,24.46444459757786
2024-07-24 08:00:00+00:00,25.204576527058396
2024-07-24 09:00:00+00:00,29.05172461057763
2024-07-24 10:00:00+00:00,29.366413558185382
2024-07-24 11:00:00+00:00,29.59814039563437
2024-07-24 12:00:00+00:00,34.43490670697693
2024-07-24 13:00:00+00:00,28.86325941691816
2024-07-24 14:00:00+00:00,29.52057645239119
2024-07-24 15:00:00+00:00,27.773855560626856
2024-07-24 16:00:00+00:00,25.63925859358948
2024-07-24 17:00:00+00:00,26.240939996197326
2024-07-24 18:00:00+00:00,26.162625465210212
2024-07-24 19:00:00+00:00,26.355740209619842
2024-07-24 20:00:00+00:00,26.21826573760093
2024-07-24 21:00:00+00:00,27.407749078916943
2024-07-24 22:00:00+00:00,27.072486021943796
2024-07-24 23:00:00+00:00,26.194640138554465
2024-07-25 00:00:00+00:00,26.915547761748343
2024-07-25 01:00:00+00:00,27.00433281624657
2024-07-25 02:00:00+00:00,26.32362388780507
2024-07-25 03:00:00+00:00,23.73935373823
2024-07-25 04:00:00+00:00,20.643434726936057
2024-07-25 05:00:00+00:00,20.792012875852212
2024-07-25 06:00:00+00:00,21.274226008175493
2024-07-25 07:00:00+00:00,21.119849133619315
2024-07-25 08:00:00+00:00,22.17062042183016
2024-07-25 09:00:00+00:00,41.414417062453815
2024-07-25 10:00:00+00:00,66.28407561659843
2024-07-25 11:00:00+00:00,75.80618060249378
2024-07-25 12:00:00+00:00,80.31802700668031
2024-07-25 13:00:00+00:00,88.1894712414514
2024-07-25 14:00:00+00:00,81.0851631396337
2024-07-25 15:00:00+00:00,83.97294858979916
2024-07-25 16:00:00+00:00,106.19373419023894
2024-07-25 17:00:00+00:00,79.57305608193116
2024-07-25 18:00:00+00:00,58.748448360645206
2024-07-25 19:00:00+00:00,34.530316144621466
2024-07-25 20:00:00+00:00,22.78839794886312
2024-07-25 21:00:00+00:00,23.992724267664364
2024-07-25 22:00:00+00:00,23.416576108381786
2024-07-25 23:00:00+00:00,22.257987709521984
2024-07-26 00:00:00+00:00,21.243577919688843
2024-07-26 01:00:00+00:00,23.845719237469527
2024-07-26 02:00:00+00:00,23.047776705168864
2024-07-26 03:00:00+00:00,24.055326816556626
2024-07-26 04:00:00+00:00,24.401701133332843
2024-07-26 05:00:00+00:00,22.002447465393644
2024-07-26 06:00:00+00:00,18.514710095851203
2024-07-26 07:00:00+00:00,22.36358367507425
2024-07-26 08:00:00+00:00,24.939885575941883
2024-07-26 09:00:00+00:00,28.696145463361717
2024-07-26 10:00:00+00:00,38.58450908217788
2024-07-26 11:00:00+00:00,37.18296089212646
2024-07-26 12:00:00+00:00,39.04542127299239
2024-07-26 13:00:00+00:00,34.242219788740535
2024-07-26 14:00:00+00:00,38.1856029197116
2024-07-26 15:00:00+00:00,40.84673846790636
2024-07-26 16:00:00+00:00,43.81530470233839
2024-07-26 17:00:00+00:00,34.32072835042046
2024-07-26 18:00:00+00:00,32.81014321907528
2024-07-26 19:00:00+00:00,27.893335190082784
2024-07-26 20:00:00+00:00,23.875320571621636
2024-07-26 21:00:00+00:00,25.517107922959706
2024-07-26 22:00:00+00:00,26.25250345575173
2024-07-26 23:00:00+00:00,26.9512297490667
2024-07-27 00:00:00+00:00,26.74392762909642
2024-07-27 01:00:00+00:00,26.726367958636335
2024-07-27 02:00:00+00:00,23.872823455230854
2024-07-27 03:00:00+00:00,21.278440831118974
2024-07-27 04:00:00+00:00,19.87339073985329
2024-07-27 05:00:00+00:00,19.927811159071158
2024-07-27 06:00:00+00:00,18.144519864813336
2024-07-27 07:00:00+00:00,65.08238943430499
2024-07-27 08:00:00+00:00,131.58137080965838
2024-07-27 09:00:00+00:00,100.68791533693289
2024-07-27 10:00:00+00:00,68.39517277948974
2024-07-27 11:00:00+00:00,51.70508075189354
2024-07-27 12:00:00+00:00,35.275653669208424
2024-07-27 13:00:00+00:00,34.3574432062265
2024-07-27 14:00:00+00:00,35.3909688247467
2024-07-27 15:00:00+00:00,35.122754666229646
2024-07-27 16:00:00+00:00,35.245005992499486
2024-07-27 17:00:00+00:00,33.46398115289659
2024-07-27 18:00:00+00:00,32.860185567658654
2024-07-27 19:00:00+00:00,30.840701207980043
2024-07-27 20:00:00+00:00,26.667187662165688
2024-07-27 21:00:00+00:00,26.64982818700015
2024-07-27 22:00:00+00:00,26.949051586663106
2024-07-27 23:00:00+00:00,26.47710970708331
2024-07-28 00:00:00+00:00,27.599742543215605
2024-07-28 01:00:00+00:00,25.61599802628803
2024-07-28 02:00:00+00:00,23.282550712433185
2024-07-28 03:00:00+00:00,20.885529944434523
2024-07-28 04:00:00+00:00,18.630692489578607
2024-07-28 05:00:00+00:00,17.08989360921944
2024-07-28 06:00:00+00:00,16.86685178051502
2024-07-28 07:00:00+00:00,21.715540920812572
2024-07-28 08:00:00+00:00,23.6437436383631
2024-07-28 09:00:00+00:00,41.080890009177445
2024-07-28 10:00:00+00:00,40.64632089601684
2024-07-28 11:00:00+00:00,41.711186816059126
2024-07-28 12:00:00+00:00,34.01849228199583
2024-07-28 13:00:00+00:00,37.56622268083508
2024-07-28 14:00:00+00:00,32.23955971475991
2024-07-28 15:00:00+00:00,31.17911830894575
2024-07-28 16:00:00+00:00,35.90307820818515
2024-07-28 17:00:00+00:00,30.285124940348705
2024-07-28 18:00:00+00:00,29.683454686500255
2024-07-28 19:00:00+00:00,26.04949453956244
2024-07-28 20:00:00+00:00,23.138253715962694
2024-07-28 21:00:00+00:00,23.934449923022903
2024-07-28 22:00:00+00:00,25.232112887215806
2024-07-28 23:00:00+00:00,26.335527026562247
2024-07-29 00:00:00+00:00,26.88406381429968
2024-07-29 01:00:00+00:00,28.41031949115842
2024-07-29 02:00:00+00:00,28.507135774851218
2024-07-29 03:00:00+00:00,27.771411785669102
2024-07-29 04:00:00+00:00,27.976448334617398
2024-07-29 05:00:00+00:00,22.41504203647646
2024-07-29 06:00:00+00:00,14.711371842774536
2024-07-29 07:00:00+00:00,20.262096911077478
2024-07-29 08:00:00+00:00,26.644513186747556
2024-07-29 09:00:00+00:00,27.971097343136158
2024-07-29 10:00:00+00:00,29.691113259644492
2024-07-29 11:00:00+00:00,30.923481118051654
2024-07-29 12:00:00+00:00,31.986831149740976
2024-07-29 13:00:00+00:00,49.313074283244624
2024-07-29 14:00:00+00:00,65.55734390975103
2024-07-29 15:00:00+00:00,74.03556126444352
2024-07-29 16:00:00+00:00,74.15867319747971
2024-07-29 17:00:00+00:00,70.7279325974094
2024-07-29 18:00:00+00:00,62.87782743205296
2024-07-29 19:00:00+00:00,69.68310545200123
2024-07-29 20:00:00+00:00,46.79172532885956
2024-07-29 21:00:00+00:00,40.93498746835687
2024-07-29 22:00:00+00:00,32.91727283473173
2024-07-29 23:00:00+00:00,32.41773050658198
2024-07-30 00:00:00+00:00,26.572223278391615
2024-07-30 01:00:00+00:00,23.237748087031672
2024-07-30 02:00:00+00:00,22.300137083073267
2024-07-30 03:00:00+00:00,21.73936321012263
2024-07-30 04:00:00+00:00,20.65717725179248
2024-07-30 05:00:00+00:00,20.179432568246202
2024-07-30 06:00:00+00:00,14.824886948704002
2024-07-30 07:00:00+00:00,21.450982568807664
2024-07-30 08:00:00+00:00,24.382153013743782
2024-07-30 09:00:00+00:00,31.591555968205725
2024-07-30 10:00:00+00:00,37.39089293605399
2024-07-30 11:00:00+00:00,46.263623671809654
2024-07-30 12:00:00+00:00,45.076481965208814
2024-07-30 13:00:00+00:00,45.37576214363237
2024-07-30 14:00:00+00:00,39.61859072134804
2024-07-30 15:00:00+00:00,37.14931273307995
2024-07-30 16:00:00+00:00,31.031362052538093
2024-07-30 17:00:00+00:00,32.12882379515191
2024-07-30 18:00:00+00:00,31.992171272626084
2024-07-30 19:00:00+00:00,32.280472588052135
2024-07-30 20:00:00+00:00,32.25075407515255
2024-07-30 21:00:00+00:00,30.75807402188085
2024-07-30 22:00:00+00:00,28.86950175286064
2024-07-30 23:00:00+00:00,28.804495539727945
2024-07-31 00:00:00+00:00,28.83018472446955
2024-07-31 01:00:00+00:00,29.395859641682847
2024-07-31 02:00:00+00:00,28.305808961471907
2024-07-31 03:00:00+00:00,27.345397170683377
2024-07-31 04:00:00+00:00,25.914700677874674
2024-07-31 05:00:00+00:00,21.84052748013385
2024-07-31 06:00:00+00:00,16.86306233452358
2024-07-31 07:00:00+00:00,20.009117835016177
2024-07-31 08:00:00+00:00,23.36872512549235
2024-07-31 09:00:00+00:00,96.38665919190825
2024-07-31 10:00:00+00:00,169.72579077121367
2024-07-31 11:00:00+00:00,238.3413684562549
2024-07-31 12:00:00+00:00,342.7468946395403
2024-07-31 13:00:00+00:00,239.65178372225387
2024-07-31 14:00:00+00:00,172.46607060711602
2024-07-31 15:00:00+00:00,117.92721769930148
2024-07-31 16:00:00+00:00,32.459950143899796
2024-07-31 17:00:00+00:00,31.95013004051226
2024-07-31 18:00:00+00:00,30.251119188101804
2024-07-31 19:00:00+00:00,28.426948500654746
2024-07-31 20:00:00+00:00,24.968531098910557
2024-07-31 21:00:00+00:00,26.36814918513105
2024-07-31 22:00:00+00:00,28.552558278648377
2024-07-31 23:00:00+00:00,29.69584648008153
2024-08-01 00:00:00+00:00,28.682579954998463
2024-08-01 01:00:00+00:00,29.128981757830765
2024-08-01 02:00:00+00:00,29.736851647507308
2024-08-01 03:00:00+00:00,30.81276825012964
2024-08-01 04:00:00+00:00,31.636613422261718
2024-08-01 05:00:00+00:00,23.552779854594043
2024-08-01 06:00:00+00:00,16.34973795861684
2024-08-01 07:00:00+00:00,19.110675180551333
2024-08-01 08:00:00+00:00,23.703401567993048
2024-08-01 09:00:00+00:00,28.038584994241827
2024-08-01 10:00:00+00:00,28.999014362291746
2024-08-01 11:00:00+00:00,27.086334423213753
2024-08-01 12:00:00+00:00,26.25010075269551
2024-08-01 13:00:00+00:00,29.786476981265647
2024-08-01 14:00:00+00:00,31.270334509784604
2024-08-01 15:00:00+00:00,26.84091879108339
2024-08-01 16:00:00+00:00,29.890200343115726
2024-08-01 17:00:00+00:00,29.232949035405706
2024-08-01 18:00:00+00:00,28.875263531864697
2024-08-01 19:00:00+00:00,28.188331642274914
2024-08-01 20:00:00+00:00,28.300671991839092
2024-08-01 21:00:00+00:00,27.907965406497873
2024-08-01 22:00:00+00:00,27.3358730142457
2024-08-01 23:00:00+00:00,26.604176724847317
2024-08-02 00:00:00+00:00,24.054233085742716
2024-08-02 01:00:00+00:00,24.864745520590798
2024-08-02 02:00:00+00:00,25.91166805872229
2024-08-02 03:00:00+00:00,27.26081763759107
2024-08-02 04:00:00+00:00,28.75302459066201
2024-08-02 05:00:00+00:00,21.22551433583953
2024-08-02 06:00:00+00:00,15.146630331718537
2024-08-02 07:00:00+00:00,21.24453649285643
2024-08-02 08:00:00+00:00,34.7299655170976
2024-08-02 09:00:00+00:00,32.8189124545382
2024-08-02 10:00:00+00:00,47.45655836113229
2024-08-02 11:00:00+00:00,58.965023304298214
2024-08-02 12:00:00+00:00,71.29219134374773
2024-08-02 13:00:00+00:00,63.64474508343908
2024-08-02 14:00:00+00:00,50.68774186805054
2024-08-02 15:00:00+00:00,36.53883892133035
2024-08-02 16:00:00+00:00,32.036426033822686
2024-08-02 17:00:00+00:00,34.96238572289312
2024-08-02 18:00:00+00:00,35.186521864831654
2024-08-02 19:00:00+00:00,36.30718701794562
2024-08-02 20:00:00+00:00,35.131671109258996
2024-08-02 21:00:00+00:00,34.52309072206145
2024-08-02 22:00:00+00:00,33.48379563402615
2024-08-02 23:00:00+00:00,31.489996063705405
2024-08-03 00:00:00+00:00,26.88167178548653
2024-08-03 01:00:00+00:00,26.941224515832044
2024-08-03 02:00:00+00:00,27.085092381287772
2024-08-03 03:00:00+00:00,26.79314853836603
2024-08-03 04:00:00+00:00,26.780487838634503
2024-08-03 05:00:00+00:00,20.82268064424284
2024-08-03 06:00:00+00:00,17.318011899412607
2024-08-03 07:00:00+00:00,19.82002784694002
2024-08-03 08:00:00+00:00,22.516946651210453
2024-08-03 09:00:00+00:00,26.194306195167538
2024-08-03 10:00:00+00:00,28.119136395178224
2024-08-03 11:00:00+00:00,29.9670611726806
2024-08-03 12:00:00+00:00,30.862012246618743
2024-08-03 13:00:00+00:00,31.393882668175472
2024-08-03 14:00:00+00:00,32.32447774002348
2024-08-03 15:00:00+00:00,34.00321186121625
2024-08-03 16:00:00+00:00,33.976584191944
2024-08-03 17:00:00+00:00,33.987840290339655
2024-08-03 18:00:00+00:00,30.531328731251786
2024-08-03 19:00:00+00:00,27.835914565350603
2024-08-03 20:00:00+00:00,26.770417334969334
2024-08-03 21:00:00+00:00,28.556344449231347
2024-08-03 22:00:00+00:00,34.228509026094045
2024-08-03 23:00:00+00:00,36.149136192813145
2024-08-04 00:00:00+00:00,38.190695264286994
2024-08-04 01:00:00+00:00,33.66959743219814
2024-08-04 02:00:00+00:00,33.22353035174667
2024-08-04 03:00:00+00:00,31.72355094777209
2024-08-04 04:00:00+00:00,27.468546333953032
2024-08-04 05:00:00+00:00,23.68074854209538
2024-08-04 06:00:00+00:00,19.306617267217504
2024-08-04 07:00:00+00:00,22.352429049392942
2024-08-04 08:00:00+00:00,27.138691923732562
2024-08-04 09:00:00+00:00,29.108326067335735
2024-08-04 10:00:00+00:00,30.489859913750525
2024-08-04 11:00:00+00:00,31.131160811817416
2024-08-04 12:00:00+00:00,32.18718205402181
2024-08-04 13:00:00+00:00,68.08288628881157
2024-08-04 14:00:00+00:00,66.92325518678851
2024-08-04 15:00:00+00:00,70.8300926874707
2024-08-04 16:00:00+00:00,84.95659498277881
2024-08-04 17:00:00+00:00,66.59440029040147
2024-08-04 18:00:00+00:00,63.51652392234923
2024-08-04 19:00:00+00:00,56.683228315461285
2024-08-04 20:00:00+00:00,30.38081475071828
2024-08-04 21:00:00+00:00,30.898190458902263
2024-08-04 22:00:00+00:00,29.51392242209208
2024-08-04 23:00:00+00:00,26.70973653019994
2024-08-05 00:00:00+00:00,23.776346940112784
2024-08-05 01:00:00+00:00,26.847684856426444
2024-08-05 02:00:00+00:00,28.36670454763397
2024-08-05 03:00:00+00:00,28.90422843208954
2024-08-05 04:00:00+00:00,29.021377133526478
2024-08-05 05:00:00+00:00,23.816379597950416
2024-08-05 06:00:00+00:00,19.919915816353146
2024-08-05 07:00:00+00:00,44.31297227811507
2024-08-05 08:00:00+00:00,42.126640902844485
2024-08-05 09:00:00+00:00,52.97752879959643
2024-08-05 10:00:00+00:00,63.63752180999027
2024-08-05 11:00:00+00:00,71.12578250793064
2024-08-05 12:00:00+00:00,72.26701260075542
2024-08-05 13:00:00+00:00,60.2610350753028
2024-08-05 14:00:00+00:00,49.084395740951344
2024-08-05 15:00:00+00:00,32.27394833938173
2024-08-05 16:00:00+00:00,29.024198631468778
2024-08-05 17:00:00+00:00,31.216895065967392
2024-08-05 18:00:00+00:00,30.636430582674414
2024-08-05 19:00:00+00:00,28.700317629408243
2024-08-05 20:00:00+00:00,25.114257946929666
2024-08-05 21:00:00+00:00,29.940956678502094
2024-08-05 22:00:00+00:00,31.135369931032486
2024-08-05 23:00:00+00:00,29.88907438247329
2024-08-06 00:00:00+00:00,30.684103343145733
2024-08-06 01:00:00+00:00,29.81743167386675
2024-08-06 02:00:00+00:00,28.628214677137397
2024-08-06 03:00:00+00:00,26.828823898659365
2024-08-06 04:00:00+00:00,24.38349834274199
2024-08-06 05:00:00+00:00,22.22628380926705
2024-08-06 06:00:00+00:00,20.349689079268195
2024-08-06 07:00:00+00:00,25.849966265144552
2024-08-06 08:00:00+00:00,28.032491133687028
2024-08-06 09:00:00+00:00,41.86495002445781
2024-08-06 10:00:00+00:00,44.28977274356855
2024-08-06 11:00:00+00:00,57.01603049487503
2024-08-06 12:00:00+00:00,59.095891838298215
2024-08-06 13:00:00+00:00,44.411920920576826
2024-08-06 14:00:00+00:00,60.53754815918269
2024-08-06 15:00:00+00:00,68.35157492177612
2024-08-06 16:00:00+00:00,51.43987727180968
2024-08-06 17:00:00+00:00,56.10491167221287
2024-08-06 18:00:00+00:00,53.755747232448215
2024-08-06 19:00:00+00:00,29.303975209682015
2024-08-06 20:00:00+00:00,25.995053480813663
2024-08-06 21:00:00+00:00,31.168108812682593
2024-08-06 22:00:00+00:00,35.73815866366773
2024-08-06 23:00:00+00:00,47.99496839473319
2024-08-07 00:00:00+00:00,54.061547811584525
2024-08-07 01:00:00+00:00,47.549334854708505
2024-08-07 02:00:00+00:00,34.48452485268569
2024-08-07 03:00:00+00:00,29.46644666652853
2024-08-07 04:00:00+00:00,23.284241687896532
2024-08-07 05:00:00+00:00,20.8181209652015
2024-08-07 06:00:00+00:00,19.983920996811648
2024-08-07 07:00:00+00:00,24.15747278617413
2024-08-07 08:00:00+00:00,27.32978936128363
2024-08-07 09:00:00+00:00,28.482625959708127
2024-08-07 10:00:00+00:00,28.410530736761775
2024-08-07 11:00:00+00:00,28.34399252575677
2024-08-07 12:00:00+00:00,27.72808388441016
2024-08-07 13:00:00+00:00,29.6468508298056
2024-08-07 14:00:00+00:00,31.02703294916655
2024-08-07 15:00:00+00:00,34.71094530172866
2024-08-07 16:00:00+00:00,29.337631848425286
2024-08-07 17:00:00+00:00,28.45831169851914
2024-08-07 18:00:00+00:00,28.449898504266574
2024-08-07 19:00:00+00:00,26.800929190540998
2024-08-07 20:00:00+00:00,24.72212982319128
2024-08-07 21:00:00+00:00,26.302656898907454
2024-08-07 22:00:00+00:00,25.25713416433806
2024-08-07 23:00:00+00:00,26.00835487448492
2024-08-08 00:00:00+00:00,26.34090838419406
2024-08-08 01:00:00+00:00,28.633942363123744
2024-08-08 02:00:00+00:00,33.916077260815314
2024-08-08 03:00:00+00:00,37.02866116622286
2024-08-08 04:00:00+00:00,38.825217612009276
2024-08-08 05:00:00+00:00,33.41823131786762
2024-08-08 06:00:00+00:00,20.32886427846527
2024-08-08 07:00:00+00:00,25.46448042265785
2024-08-08 08:00:00+00:00,29.727351564894924
2024-08-08 09:00:00+00:00,32.84234866008341
2024-08-08 10:00:00+00:00,33.625233828369055
2024-08-08 11:00:00+00:00,37.45946044186168
2024-08-08 12:00:00+00:00,44.74080223390857
2024-08-08 13:00:00+00:00,38.22417063887541
2024-08-08 14:00:00+00:00,37.62838494691549
2024-08-08 15:00:00+00:00,36.1779467560016
2024-08-08 16:00:00+00:00,30.95632214812515
2024-08-08 17:00:00+00:00,32.036957146519974
2024-08-08 18:00:00+00:00,31.45160391094751
2024-08-08 19:00:00+00:00,34.36616786017564
2024-08-08 20:00:00+00:00,39.620936875099055
2024-08-08 21:00:00+00:00,36.114925391186226
2024-08-08 22:00:00+00:00,37.67705688718647
2024-08-08 23:00:00+00:00,36.14050859947582
2024-08-09 00:00:00+00:00,30.749246281943137
2024-08-09 01:00:00+00:00,30.549244677285706
2024-08-09 02:00:00+00:00,28.520487645860996
2024-08-09 03:00:00+00:00,25.958509983881978
2024-08-09 04:00:00+00:00,22.235012850922054
2024-08-09 05:00:00+00:00,21.589997126236263
2024-08-09 06:00:00+00:00,18.578739279777462
2024-08-09 07:00:00+00:00,26.900242777957846
2024-08-09 08:00:00+00:00,31.19582390823408
2024-08-09 09:00:00+00:00,59.066786557470365
2024-08-09 10:00:00+00:00,105.02479238785604
2024-08-09 11:00:00+00:00,137.8430603622526
2024-08-09 12:00:00+00:00,132.6715673051396
2024-08-09 13:00:00+00:00,133.06048588083928
2024-08-09 14:00:00+00:00,119.30687507879315
2024-08-09 15:00:00+00:00,98.92719828897202
2024-08-09 16:00:00+00:00,79.14242459173919
2024-08-09 17:00:00+00:00,48.92130755412412
2024-08-09 18:00:00+00:00,41.59652789046704
2024-08-09 19:00:00+00:00,40.39541740675224
2024-08-09 20:00:00+00:00,23.029641799898414
2024-08-09 21:00:00+00:00,25.42455135883016
2024-08-09 22:00:00+00:00,26.40442370068968
2024-08-09 23:00:00+00:00,25.858476897710172
2024-08-10 00:00:00+00:00,24.153129611306127
2024-08-10 01:00:00+00:00,30.529054309920248
2024-08-10 02:00:00+00:00,31.654600664933536
2024-08-10 03:00:00+00:00,31.07711501988655
2024-08-10 04:00:00+00:00,37.06124555206113
2024-08-10 05:00:00+00:00,27.055404769095748
2024-08-10 06:00:00+00:00,20.204117275142224
2024-08-10 07:00:00+00:00,23.486926370162443
2024-08-10 08:00:00+00:00,26.813352312477843
2024-08-10 09:00:00+00:00,31.462110860731045
2024-08-10 10:00:00+00:00,39.744832083958066
2024-08-10 11:00:00+00:00,39.055159516199744
2024-08-10 12:00:00+00:00,35.044746581050426
2024-08-10 13:00:00+00:00,40.21178608680035
2024-08-10 14:00:00+00:00,44.398403627959375
2024-08-10 15:00:00+00:00,45.07981478196869
2024-08-10 16:00:00+00:00,43.95326163758875
2024-08-10 17:00:00+00:00,39.916305687218795
2024-08-10 18:00:00+00:00,38.55905745613379
2024-08-10 19:00:00+00:00,37.853253726390655
2024-08-10 20:00:00+00:00,28.729727465424926
2024-08-10 21:00:00+00:00,28.951871786692177
2024-08-10 22:00:00+00:00,28.161969448565955
2024-08-10 23:00:00+00:00,28.677412932169574
2024-08-11 00:00:00+00:00,27.516551983804316
2024-08-11 01:00:00+00:00,30.79091499822989
2024-08-11 02:00:00+00:00,33.4834465633887
2024-08-11 03:00:00+00:00,41.13324464305947
2024-08-11 04:00:00+00:00,47.861958748964305
2024-08-11 05:00:00+00:00,35.17508015268613
2024-08-11 06:00:00+00:00,23.82316642450827
2024-08-11 07:00:00+00:00,23.928420702924047
2024-08-11 08:00:00+00:00,23.380982838734386
2024-08-11 09:00:00+00:00,28.85591374712108
2024-08-11 10:00:00+00:00,31.309901965572895
2024-08-11 11:00:00+00:00,34.379431203406234
2024-08-11 12:00:00+00:00,34.78721755231315
2024-08-11 13:00:00+00:00,36.17172711166966
2024-08-11 14:00:00+00:00,36.0316699502979
2024-08-11 15:00:00+00:00,34.6988641211645
2024-08-11 16:00:00+00:00,31.49239605643475
2024-08-11 17:00:00+00:00,31.942498985536748
2024-08-11 18:00:00+00:00,32.01245067036961
2024-08-11 19:00:00+00:00,31.560613086376474
2024-08-11 20:00:00+00:00,30.256156287068595
2024-08-11 21:00:00+00:00,30.13336253291833
2024-08-11 22:00:00+00:00,28.67388172334551
2024-08-11 23:00:00+00:00,28.465153608784277
2024-08-12 00:00:00+00:00,25.444285554984653
2024-08-12 01:00:00+00:00,25.706587327881493
2024-08-12 02:00:00+00:00,24.628114399977793
2024-08-12 03:00:00+00:00,24.3481985067823
2024-08-12 04:00:00+00:00,23.938972698368858
2024-08-12 05:00:00+00:00,21.30397529080363
2024-08-12 06:00:00+00:00,18.86413941213988
2024-08-12 07:00:00+00:00,34.46012229269309
2024-08-12 08:00:00+00:00,55.787433846274624
2024-08-12 09:00:00+00:00,75.42620013316245
2024-08-12 10:00:00+00:00,61.98192301253909
2024-08-12 11:00:00+00:00,55.365090486788965
2024-08-12 12:00:00+00:00,40.09043167869522
2024-08-12 13:00:00+00:00,41.72739672169872
2024-08-12 14:00:00+00:00,40.59653813159044
2024-08-12 15:00:00+00:00,43.19417864397379
2024-08-12 16:00:00+00:00,43.9377091025541
2024-08-12 17:00:00+00:00,42.10768034113619
2024-08-12 18:00:00+00:00,37.77968996726686
2024-08-12 19:00:00+00:00,35.01053329734498
2024-08-12 20:00:00+00:00,28.735612590070808
2024-08-12 21:00:00+00:00,28.589927256141117
2024-08-12 22:00:00+00:00,28.943291841551435
2024-08-12 23:00:00+00:00,28.450480092785213
2024-08-13 00:00:00+00:00,28.97352907100881
2024-08-13 01:00:00+00:00,30.547939050246665
2024-08-13 02:00:00+00:00,31.866535009816513
2024-08-13 03:00:00+00:00,29.39936387657271
2024-08-13 04:00:00+00:00,27.95621503588578
2024-08-13 05:00:00+00:00,22.49727420505362
2024-08-13 06:00:00+00:00,18.02687467524313
2024-08-13 07:00:00+00:00,20.414589349794035
2024-08-13 08:00:00+00:00,23.82950781130538
2024-08-13 09:00:00+00:00,28.850799356126885
2024-08-13 10:00:00+00:00,35.97098678584353
2024-08-13 11:00:00+00:00,40.991335711017555
2024-08-13 12:00:00+00:00,50.8747184366813
2024-08-13 13:00:00+00:00,72.03364970104396
2024-08-13 14:00:00+00:00,85.80109360889837
2024-08-13 15:00:00+00:00,83.15753729847627
2024-08-13 16:00:00+00:00,92.12073181276931
2024-08-13 17:00:00+00:00,82.4991933999637
2024-08-13 18:00:00+00:00,82.17372682394142
2024-08-13 19:00:00+00:00,53.23756129090392
2024-08-13 20:00:00+00:00,37.98129495204642
2024-08-13 21:00:00+00:00,37.50599460053823
2024-08-13 22:00:00+00:00,34.309293716548396
2024-08-13 23:00:00+00:00,29.1043092449177
2024-08-14 00:00:00+00:00,25.761608445227647
2024-08-14 01:00:00+00:00,25.860657384634486
2024-08-14 02:00:00+00:00,25.168997997734404
2024-08-14 03:00:00+00:00,23.24816698046216
2024-08-14 04:00:00+00:00,22.60429346392518
2024-08-14 05:00:00+00:00,20.993774109344923
2024-08-14 06:00:00+00:00,19.507946981860464
2024-08-14 07:00:00+00:00,30.45060623097752
2024-08-14 08:00:00+00:00,39.226326333698026
2024-08-14 09:00:00+00:00,36.54193922598742
2024-08-14 10:00:00+00:00,43.57319474406713
2024-08-14 11:00:00+00:00,40.85754260185165
2024-08-14 12:00:00+00:00,37.06678887530402
2024-08-14 13:00:00+00:00,36.16745546701158
2024-08-14 14:00:00+00:00,33.45405698901667
2024-08-14 15:00:00+00:00,32.04999726651264
2024-08-14 16:00:00+00:00,28.68680740907855
2024-08-14 17:00:00+00:00,29.343723939395407
2024-08-14 18:00:00+00:00,29.388243964459626
2024-08-14 19:00:00+00:00,25.916208269996513
2024-08-14 20:00:00+00:00,26.061599539846508
2024-08-14 21:00:00+00:00,25.42065077013764
2024-08-14 22:00:00+00:00,28.279940557030468
2024-08-14 23:00:00+00:00,28.425046290571057
2024-08-15 00:00:00+00:00,29.705018197622653
2024-08-15 01:00:00+00:00,28.37299816545162
2024-08-15 02:00:00+00:00,27.80467453786837
2024-08-15 03:00:00+00:00,27.226052871848616
2024-08-15 04:00:00+00:00,24.8648293756815
2024-08-15 05:00:00+00:00,20.147781229311402
2024-08-15 06:00:00+00:00,15.78360686006266
2024-08-15 07:00:00+00:00,30.242110890659493
2024-08-15 08:00:00+00:00,49.8979141734115
2024-08-15 09:00:00+00:00,43.656564174025505
2024-08-15 10:00:00+00:00,35.75258663135338
2024-08-15 11:00:00+00:00,33.610656502371796
2024-08-15 12:00:00+00:00,30.029099119200037
2024-08-15 13:00:00+00:00,28.22579889106114
2024-08-15 14:00:00+00:00,29.289562072442365
2024-08-15 15:00:00+00:00,30.215387514714315
2024-08-15 16:00:00+00:00,30.424069222811926
2024-08-15 17:00:00+00:00,30.47072869711193
2024-08-15 18:00:00+00:00,29.52857423086274
2024-08-15 19:00:00+00:00,28.66300596029455
2024-08-15 20:00:00+00:00,25.29822251908709
2024-08-15 21:00:00+00:00,28.971417213966195
2024-08-15 22:00:00+00:00,30.29000297001197
2024-08-15 23:00:00+00:00,30.524092110838318
2024-08-16 00:00:00+00:00,32.62120676097433
2024-08-16 01:00:00+00:00,30.30656048905764
2024-08-16 02:00:00+00:00,28.183428749270384
2024-08-16 03:00:00+00:00,27.14505204854003
2024-08-16 04:00:00+00:00,25.892053860738464
2024-08-16 05:00:00+00:00,20.55318726821376
2024-08-16 06:00:00+00:00,17.34459812781033
2024-08-16 07:00:00+00:00,21.61547257384155
2024-08-16 08:00:00+00:00,24.20095944498591
2024-08-16 09:00:00+00:00,56.38669290342591
2024-08-16 10:00:00+00:00,71.90354992406984
2024-08-16 11:00:00+00:00,95.00865254962174
2024-08-16 12:00:00+00:00,92.15036467479645
2024-08-16 13:00:00+00:00,102.33777943974515
2024-08-16 14:00:00+00:00,103.1189718062759
2024-08-16 15:00:00+00:00,84.99961141340783
2024-08-16 16:00:00+00:00,34.27826763699935
2024-08-16 17:00:00+00:00,33.562239504541765
2024-08-16 18:00:00+00:00,35.908778197796515
2024-08-16 19:00:00+00:00,37.763004763048066
2024-08-16 20:00:00+00:00,40.028055105537376
2024-08-16 21:00:00+00:00,41.1744384346449
2024-08-16 22:00:00+00:00,42.570546575610294
2024-08-16 23:00:00+00:00,37.893271075418845
2024-08-17 00:00:00+00:00,32.299100756369576
2024-08-17 01:00:00+00:00,30.227129714364114
2024-08-17 02:00:00+00:00,29.388034539241286
2024-08-17 03:00:00+00:00,28.537572278688536
2024-08-17 04:00:00+00:00,26.04091613735929
2024-08-17 05:00:00+00:00,23.07814946045164
2024-08-17 06:00:00+00:00,19.647396072816445
2024-08-17 07:00:00+00:00,25.408336227275512
2024-08-17 08:00:00+00:00,26.711831341232667
2024-08-17 09:00:00+00:00,28.427698729719307
2024-08-17 10:00:00+00:00,27.917605376735192
2024-08-17 11:00:00+00:00,27.215874636602972
2024-08-17 12:00:00+00:00,26.326113117882233
2024-08-17 13:00:00+00:00,27.45354455631723
2024-08-17 14:00:00+00:00,31.571419631983943
2024-08-17 15:00:00+00:00,36.23712831902319
2024-08-17 16:00:00+00:00,40.09783992678644
2024-08-17 17:00:00+00:00,36.330313127324956
2024-08-17 18:00:00+00:00,31.283463327232845
2024-08-17 19:00:00+00:00,35.44893919938675
2024-08-17 20:00:00+00:00,46.261734923459315
2024-08-17 21:00:00+00:00,38.34847877072054
2024-08-17 22:00:00+00:00,36.08932540920538
2024-08-17 23:00:00+00:00,34.89832972651905
2024-08-18 00:00:00+00:00,32.07926031094185
2024-08-18 01:00:00+00:00,31.05491380998965
2024-08-18 02:00:00+00:00,28.66336383447628
2024-08-18 03:00:00+00:00,26.892003913497977
2024-08-18 04:00:00+00:00,25.737549626946407
2024-08-18 05:00:00+00:00,21.07572604801467
2024-08-18 06:00:00+00:00,18.709866479350254
2024-08-18 07:00:00+00:00,22.09197483464557
2024-08-18 08:00:00+00:00,25.47030713454433
2024-08-18 09:00:00+00:00,86.55781098052063
2024-08-18 10:00:00+00:00,90.31718897665455
2024-08-18 11:00:00+00:00,70.03460655717562
2024-08-18 12:00:00+00:00,145.2811031722
2024-08-18 13:00:00+00:00,124.53463475885538
2024-08-18 14:00:00+00:00,84.28381679095095
2024-08-18 15:00:00+00:00,64.53405486063573
2024-08-18 16:00:00+00:00,34.89457093907108
2024-08-18 17:00:00+00:00,34.25038334454042
2024-08-18 18:00:00+00:00,31.54437886770549
2024-08-18 19:00:00+00:00,29.763098544210763
2024-08-18 20:00:00+00:00,28.387287585381994
2024-08-18 21:00:00+00:00,27.297275161924485
2024-08-18 22:00:00+00:00,27.36779000560102
2024-08-18 23:00:00+00:00,26.889291566071865
2024-08-19 00:00:00+00:00,25.264153011170833
2024-08-19 01:00:00+00:00,24.776587292028136
2024-08-19 02:00:00+00:00,27.82549984523951
2024-08-19 03:00:00+00:00,28.94223540409796
2024-08-19 04:00:00+00:00,37.62150955458201
2024-08-19 05:00:00+00:00,24.446958817908715
2024-08-19 06:00:00+00:00,18.97020554249174
2024-08-19 07:00:00+00:00,21.701171123131267
2024-08-19 08:00:00+00:00,24.836178922053136
2024-08-19 09:00:00+00:00,41.14983415513063
2024-08-19 10:00:00+00:00,55.08644320567299
2024-08-19 11:00:00+00:00,97.10346799798185
2024-08-19 12:00:00+00:00,117.7041568869863
2024-08-19 13:00:00+00:00,103.7520558666084
2024-08-19 14:00:00+00:00,66.119869391557
2024-08-19 15:00:00+00:00,48.95242611386557
2024-08-19 16:00:00+00:00,31.48259001693632
2024-08-19 17:00:00+00:00,33.74392894147768
2024-08-19 18:00:00+00:00,34.14989167960821
2024-08-19 19:00:00+00:00,32.31571730094081
2024-08-19 20:00:00+00:00,33.52162917430607
2024-08-19 21:00:00+00:00,31.96245762272164
2024-08-19 22:00:00+00:00,31.322085121763404
2024-08-19 23:00:00+00:00,30.585702442497972
2024-08-20 00:00:00+00:00,27.98574413682418
2024-08-20 01:00:00+00:00,28.520436563124996
2024-08-20 02:00:00+00:00,29.79266180367122
2024-08-20 03:00:00+00:00,30.243482737019946
2024-08-20 04:00:00+00:00,32.36417883561541
2024-08-20 05:00:00+00:00,26.38504390062015
2024-08-20 06:00:00+00:00,21.5659216634546
2024-08-20 07:00:00+00:00,23.86100712444279
2024-08-20 08:00:00+00:00,27.224302559391976
2024-08-20 09:00:00+00:00,26.666172590382338
2024-08-20 10:00:00+00:00,26.137175909335134
2024-08-20 11:00:00+00:00,39.561932605490384
2024-08-20 12:00:00+00:00,38.429107128318236
2024-08-20 13:00:00+00:00,54.307633717460874
2024-08-20 14:00:00+00:00,50.90400980325744
2024-08-20 15:00:00+00:00,68.91577394549554
2024-08-20 16:00:00+00:00,87.067477238453
2024-08-20 17:00:00+00:00,86.37532351750853
2024-08-20 18:00:00+00:00,71.94729906646695
2024-08-20 19:00:00+00:00,55.10211029697687
2024-08-20 20:00:00+00:00,30.85762633924554
2024-08-20 21:00:00+00:00,30.107071422815256
2024-08-20 22:00:00+00:00,30.681037656790032
2024-08-20 23:00:00+00:00,32.47784768728133
2024-08-21 00:00:00+00:00,32.269447242004496
2024-08-21 01:00:00+00:00,32.944526330322375
2024-08-21 02:00:00+00:00,33.20675893318298
2024-08-21 03:00:00+00:00,31.484290815137012
2024-08-21 04:00:00+00:00,32.91410256091626
2024-08-21 05:00:00+00:00,27.627204930169633
2024-08-21 06:00:00+00:00,19.21567140156292
2024-08-21 07:00:00+00:00,23.996698816707696
2024-08-21 08:00:00+00:00,27.596025417652555
2024-08-21 09:00:00+00:00,32.025666493623945
2024-08-21 10:00:00+00:00,32.910129047216856
2024-08-21 11:00:00+00:00,33.39132722231568
2024-08-21 12:00:00+00:00,32.66919642632307
2024-08-21 13:00:00+00:00,35.828836278709566
2024-08-21 14:00:00+00:00,35.23662380776381
2024-08-21 15:00:00+00:00,33.31859415844319
2024-08-21 16:00:00+00:00,29.33369784495584
2024-08-21 17:00:00+00:00,30.76586460988377
2024-08-21 18:00:00+00:00,30.9741756959124
2024-08-21 19:00:00+00:00,32.003524005640514
2024-08-21 20:00:00+00:00,30.854666096118915
2024-08-21 21:00:00+00:00,28.732168325540467
2024-08-21 22:00:00+00:00,28.432470514068147
2024-08-21 23:00:00+00:00,28.761696533680276
2024-08-22 00:00:00+00:00,28.197034940369317
2024-08-22 01:00:00+00:00,27.497472404984688
2024-08-22 02:00:00+00:00,28.450720830745436
2024-08-22 03:00:00+00:00,29.050435331851347
2024-08-22 04:00:00+00:00,26.120085902860065
2024-08-22 05:00:00+00:00,24.700555859620426
2024-08-22 06:00:00+00:00,20.31517492809754
2024-08-22 07:00:00+00:00,23.21553924247174
2024-08-22 08:00:00+00:00,26.783386986052946
2024-08-22 09:00:00+00:00,29.706395931535816
2024-08-22 10:00:00+00:00,30.749712570629015
2024-08-22 11:00:00+00:00,30.2528695826382
2024-08-22 12:00:00+00:00,30.356103599808268
2024-08-22 13:00:00+00:00,103.95709930208527
2024-08-22 14:00:00+00:00,102.35949220702551
2024-08-22 15:00:00+00:00,116.73392932375829
2024-08-22 16:00:00+00:00,205.87156515727662
2024-08-22 17:00:00+00:00,130.83038563062087
2024-08-22 18:00:00+00:00,60.888269180779844
2024-08-22 19:00:00+00:00,62.30047170506023
2024-08-22 20:00:00+00:00,26.01723306579677
2024-08-22 21:00:00+00:00,27.708528473978014
2024-08-22 22:00:00+00:00,28.38702843462503
2024-08-22 23:00:00+00:00,28.48347999573792
2024-08-23 00:00:00+00:00,28.208164911134936
2024-08-23 01:00:00+00:00,27.231276177233397
2024-08-23 02:00:00+00:00,25.621160121682742
2024-08-23 03:00:00+00:00,24.536880232873187
2024-08-23 04:00:00+00:00,23.313897381243123
2024-08-23 05:00:00+00:00,22.30604933070783
2024-08-23 06:00:00+00:00,19.264392469489717
2024-08-23 07:00:00+00:00,24.191614465875965
2024-08-23 08:00:00+00:00,38.52482674790272
2024-08-23 09:00:00+00:00,38.658470341119404
2024-08-23 10:00:00+00:00,31.81251372274137
2024-08-23 11:00:00+00:00,32.20642658513308
2024-08-23 12:00:00+00:00,32.81160573258565
2024-08-23 13:00:00+00:00,35.699560721271865
2024-08-23 14:00:00+00:00,38.05549026908835
2024-08-23 15:00:00+00:00,41.64206032282168
2024-08-23 16:00:00+00:00,48.1652205055716
2024-08-23 17:00:00+00:00,40.08675602084864
2024-08-23 18:00:00+00:00,36.19021729300501
2024-08-23 19:00:00+00:00,29.919865955184427
2024-08-23 20:00:00+00:00,24.42846606953077
2024-08-23 21:00:00+00:00,26.98843995827786
2024-08-23 22:00:00+00:00,28.693426160786444
2024-08-23 23:00:00+00:00,29.901653522543363
2024-08-24 00:00:00+00:00,31.62590469277736
2024-08-24 01:00:00+00:00,29.636729966970403
2024-08-24 02:00:00+00:00,28.99847693961929
2024-08-24 03:00:00+00:00,28.108446693020944
2024-08-24 04:00:00+00:00,27.358734779937063
2024-08-24 05:00:00+00:00,22.63922722002822
2024-08-24 06:00:00+00:00,18.178217527984337
2024-08-24 07:00:00+00:00,25.894196271862402
2024-08-24 08:00:00+00:00,36.17125473234425
2024-08-24 09:00:00+00:00,36.541793734873245
2024-08-24 10:00:00+00:00,36.27704948960085
2024-08-24 11:00:00+00:00,35.76050636414377
2024-08-24 12:00:00+00:00,35.62127391933221
2024-08-24 13:00:00+00:00,34.782177012622014
2024-08-24 14:00:00+00:00,30.16518947575976
2024-08-24 15:00:00+00:00,41.443438273983034
2024-08-24 16:00:00+00:00,42.951257200158295
2024-08-24 17:00:00+00:00,40.4163500039693
2024-08-24 18:00:00+00:00,26.840184993520904
2024-08-24 19:00:00+00:00,28.079343173858863
2024-08-24 20:00:00+00:00,32.05308338087227
2024-08-24 21:00:00+00:00,31.25301806260579
2024-08-24 22:00:00+00:00,30.40885811354723
2024-08-24 23:00:00+00:00,28.663160242285137
2024-08-25 00:00:00+00:00,30.370336596750015
2024-08-25 01:00:00+00:00,28.08484998051449
2024-08-25 02:00:00+00:00,28.518152164075385
2024-08-25 03:00:00+00:00,27.736249104100935
2024-08-25 04:00:00+00:00,26.32398463800471
2024-08-25 05:00:00+00:00,22.497356776013735
2024-08-25 06:00:00+00:00,18.01843844578549
2024-08-25 07:00:00+00:00,25.647198084641595
2024-08-25 08:00:00+00:00,32.7730964919866
2024-08-25 09:00:00+00:00,34.036912022251045
2024-08-25 10:00:00+00:00,34.34818495663899
2024-08-25 11:00:00+00:00,34.6272032167199
2024-08-25 12:00:00+00:00,33.699052679382824
2024-08-25 13:00:00+00:00,38.13118803214418
2024-08-25 14:00:00+00:00,36.11679925048186
2024-08-25 15:00:00+00:00,31.142840150999064
2024-08-25 16:00:00+00:00,28.770899302696787
2024-08-25 17:00:00+00:00,28.476573342067937
2024-08-25 18:00:00+00:00,28.049114079815485
2024-08-25 19:00:00+00:00,26.866436604803507
2024-08-25 20:00:00+00:00,22.681942995048022
2024-08-25 21:00:00+00:00,24.69619555515066
2024-08-25 22:00:00+00:00,26.40938496676995
2024-08-25 23:00:00+00:00,27.834044354194216
2024-08-26 00:00:00+00:00,28.833819653483697
2024-08-26 01:00:00+00:00,28.19962787581453
2024-08-26 02:00:00+00:00,27.752306559108426
2024-08-26 03:00:00+00:00,26.873388306270847
2024-08-26 04:00:00+00:00,26.415396151499582
2024-08-26 05:00:00+00:00,21.331474444493313
2024-08-26 06:00:00+00:00,15.792093831657875
2024-08-26 07:00:00+00:00,21.360776091554293
2024-08-26 08:00:00+00:00,24.71173124869903
2024-08-26 09:00:00+00:00,28.07521103266296
2024-08-26 10:00:00+00:00,29.516393992360584
2024-08-26 11:00:00+00:00,31.120546415190116
2024-08-26 12:00:00+00:00,33.22704064955963
2024-08-26 13:00:00+00:00,34.395010383252604
2024-08-26 14:00:00+00:00,33.1062593545379
2024-08-26 15:00:00+00:00,31.733750878125647
2024-08-26 16:00:00+00:00,28.63714326299019
2024-08-26 17:00:00+00:00,41.23807112871103
2024-08-26 18:00:00+00:00,52.667648188126385
2024-08-26 19:00:00+00:00,46.95229416224471
2024-08-26 20:00:00+00:00,46.23651365510419
2024-08-26 21:00:00+00:00,42.807899225457284
2024-08-26 22:00:00+00:00,35.479974262261095
2024-08-26 23:00:00+00:00,33.92911996575452
2024-08-27 00:00:00+00:00,25.92078446118774
2024-08-27 01:00:00+00:00,25.95968330655311
2024-08-27 02:00:00+00:00,26.47892222070541
2024-08-27 03:00:00+00:00,26.169299666385573
2024-08-27 04:00:00+00:00,26.76312997879582
2024-08-27 05:00:00+00:00,20.730408760184446
2024-08-27 06:00:00+00:00,16.40349630256999
2024-08-27 07:00:00+00:00,21.685060223800964
2024-08-27 08:00:00+00:00,22.9076455241273
2024-08-27 09:00:00+00:00,31.32088669321494
2024-08-27 10:00:00+00:00,35.650071331827
2024-08-27 11:00:00+00:00,46.64102416662757
2024-08-27 12:00:00+00:00,54.27170535514432
2024-08-27 13:00:00+00:00,40.08284845577193
2024-08-27 14:00:00+00:00,35.663282968702674
2024-08-27 15:00:00+00:00,33.67570222686294
2024-08-27 16:00:00+00:00,31.337046622191412
2024-08-27 17:00:00+00:00,31.589857570663327
2024-08-27 18:00:00+00:00,30.854353543452017
2024-08-27 19:00:00+00:00,29.168832689623894
2024-08-27 20:00:00+00:00,28.77182680933328
2024-08-27 21:00:00+00:00,28.08791878039859
2024-08-27 22:00:00+00:00,27.513943199947395
2024-08-27 23:00:00+00:00,27.372232300033193
2024-08-28 00:00:00+00:00,23.75136771794183
2024-08-28 01:00:00+00:00,25.224935101335372
2024-08-28 02:00:00+00:00,27.33198467255825
2024-08-28 03:00:00+00:00,27.640353771515873
2024-08-28 04:00:00+00:00,29.112153443351083
2024-08-28 05:00:00+00:00,22.751736577752595
2024-08-28 06:00:00+00:00,17.723370433704222
2024-08-28 07:00:00+00:00,24.506691449539023
2024-08-28 08:00:00+00:00,27.079373162161996
2024-08-28 09:00:00+00:00,33.10929136246347
2024-08-28 10:00:00+00:00,42.67960360579162
2024-08-28 11:00:00+00:00,50.99257167769112
2024-08-28 12:00:00+00:00,54.83091723195899
2024-08-28 13:00:00+00:00,38.91616241645897
2024-08-28 14:00:00+00:00,36.26135495289587
2024-08-28 15:00:00+00:00,35.79280214621607
2024-08-28 16:00:00+00:00,32.120566573819985
2024-08-28 17:00:00+00:00,30.902279801072268
2024-08-28 18:00:00+00:00,27.767339765331354
2024-08-28 19:00:00+00:00,26.297784252042796
2024-08-28 20:00:00+00:00,24.091385055987136
2024-08-28 21:00:00+00:00,24.680604039212273
2024-08-28 22:00:00+00:00,24.895776818520595
2024-08-28 23:00:00+00:00,25.67179330808737
2024-08-29 00:00:00+00:00,25.485675809889436
2024-08-29 01:00:00+00:00,24.774044197360848
2024-08-29 02:00:00+00:00,25.631476048842522
2024-08-29 03:00:00+00:00,25.30608862882615
2024-08-29 04:00:00+00:00,25.3841168453644
2024-08-29 05:00:00+00:00,22.468577547249666
2024-08-29 06:00:00+00:00,19.537477944931883
2024-08-29 07:00:00+00:00,25.521189867448026
2024-08-29 08:00:00+00:00,28.73644343072391
2024-08-29 09:00:00+00:00,32.32474153226345
2024-08-29 10:00:00+00:00,37.96026462228951
2024-08-29 11:00:00+00:00,44.89149748169667
2024-08-29 12:00:00+00:00,50.85353014164555
2024-08-29 13:00:00+00:00,45.972721978685826
2024-08-29 14:00:00+00:00,39.27288731089037
2024-08-29 15:00:00+00:00,34.70795447501371
2024-08-29 16:00:00+00:00,31.609148786627944
2024-08-29 17:00:00+00:00,33.27519179408154
2024-08-29 18:00:00+00:00,30.8867660804911
2024-08-29 19:00:00+00:00,28.24138299382112
2024-08-29 20:00:00+00:00,27.380704525768436
2024-08-29 21:00:00+00:00,26.513274848400563
2024-08-29 22:00:00+00:00,25.055042415436823
2024-08-29 23:00:00+00:00,22.489941142802625
2024-08-30 00:00:00+00:00,20.340388943173064
2024-08-30 01:00:00+00:00,21.160743517965308
2024-08-30 02:00:00+00:00,22.579259078615987
2024-08-30 03:00:00+00:00,23.819326937156106
2024-08-30 04:00:00+00:00,25.875925017532914
2024-08-30 05:00:00+00:00,21.722896962481848
2024-08-30 06:00:00+00:00,19.322314979978646
2024-08-30 07:00:00+00:00,22.143815789569324
2024-08-30 08:00:00+00:00,25.995393036866947
2024-08-30 09:00:00+00:00,30.174947136963652
2024-08-30 10:00:00+00:00,29.987048030768708
2024-08-30 11:00:00+00:00,29.18293472198971
2024-08-30 12:00:00+00:00,25.89463978345147
2024-08-30 13:00:00+00:00,27.812393368399814
2024-08-30 14:00:00+00:00,28.838098360070624
2024-08-30 15:00:00+00:00,28.152690144766684
2024-08-30 16:00:00+00:00,27.17072140916686
2024-08-30 17:00:00+00:00,27.51217860145514
2024-08-30 18:00:00+00:00,27.219145186907284
2024-08-30 19:00:00+00:00,27.724709601044246
2024-08-30 20:00:00+00:00,27.928569860569908
2024-08-30 21:00:00+00:00,26.85392604565262
2024-08-30 22:00:00+00:00,27.097259093612873
2024-08-30 23:00:00+00:00,26.758332712799366
2024-08-31 00:00:00+00:00,26.660683837627058
2024-08-31 01:00:00+00:00,27.191378348338883
2024-08-31 02:00:00+00:00,26.890507465058423
2024-08-31 03:00:00+00:00,25.387856469426787
2024-08-31 04:00:00+00:00,24.275707049773732
2024-08-31 05:00:00+00:00,20.75072363132603
2024-08-31 06:00:00+00:00,18.605490735800597
2024-08-31 07:00:00+00:00,23.40244675626768
2024-08-31 08:00:00+00:00,27.564941574878105
2024-08-31 09:00:00+00:00,29.472913740424524
2024-08-31 10:00:00+00:00,29.713677889009496
2024-08-31 11:00:00+00:00,29.689431678566716
2024-08-31 12:00:00+00:00,29.725883956772833
2024-08-31 13:00:00+00:00,32.00887333446099
2024-08-31 14:00:00+00:00,33.62498157521879
2024-08-31 15:00:00+00:00,35.426085093561404
2024-08-31 16:00:00+00:00,33.555181921023795
2024-08-31 17:00:00+00:00,32.44761061093573
2024-08-31 18:00:00+00:00,31.65272838930231
2024-08-31 19:00:00+00:00,29.353943312902935
2024-08-31 20:00:00+00:00,26.98548919299578
2024-08-31 21:00:00+00:00,25.561711659876046
2024-08-31 22:00:00+00:00,25.097074671137662
2024-08-31 23:00:00+00:00,24.958057106854728
2024-09-01 00:00:00+00:00,24.886449421285576
2024-09-01 01:00:00+00:00,24.115963817550277
2024-09-01 02:00:00+00:00,23.23103549608739
2024-09-01 03:00:00+00:00,23.38741938653273
2024-09-01 04:00:00+00:00,22.88321275737757
2024-09-01 05:00:00+00:00,22.524326882857164
2024-09-01 06:00:00+00:00,23.769190563117675
2024-09-01 07:00:00+00:00,26.43830003606812
2024-09-01 08:00:00+00:00,30.5737117848067
2024-09-01 09:00:00+00:00,32.74295307406087
2024-09-01 10:00:00+00:00,33.8445345699585
2024-09-01 11:00:00+00:00,34.66207455036352
2024-09-01 12:00:00+00:00,36.04257974827807
2024-09-01 13:00:00+00:00,37.46221592289206
2024-09-01 14:00:00+00:00,42.75772672187562
2024-09-01 15:00:00+00:00,43.517205300171945
2024-09-01 16:00:00+00:00,37.42453401485611
2024-09-01 17:00:00+00:00,34.49002508890375
2024-09-01 18:00:00+00:00,34.448737377086964
2024-09-01 19:00:00+00:00,32.05347154431718
2024-09-01 20:00:00+00:00,30.196531626384342
2024-09-01 21:00:00+00:00,28.724620527631043
2024-09-01 22:00:00+00:00,27.424913459459955
2024-09-01 23:00:00+00:00,25.580232249750694
2024-09-02 00:00:00+00:00,23.27282645637484
2024-09-02 01:00:00+00:00,23.335865869721136
2024-09-02 02:00:00+00:00,23.793190880148117
2024-09-02 03:00:00+00:00,23.515765979449682
2024-09-02 04:00:00+00:00,24.20014271557116
2024-09-02 05:00:00+00:00,24.171194588532195
2024-09-02 06:00:00+00:00,24.971609839534825
2024-09-02 07:00:00+00:00,25.89371852882644
2024-09-02 08:00:00+00:00,27.832316489669854
2024-09-02 09:00:00+00:00,32.68436479513949
2024-09-02 10:00:00+00:00,33.25816201633503
2024-09-02 11:00:00+00:00,33.24538658934507
2024-09-02 12:00:00+00:00,32.96788207711212
2024-09-02 13:00:00+00:00,33.62517997056447
2024-09-02 14:00:00+00:00,33.469731161076965
2024-09-02 15:00:00+00:00,36.14502754087812
2024-09-02 16:00:00+00:00,36.30046860847953
2024-09-02 17:00:00+00:00,34.556217523646694
2024-09-02 18:00:00+00:00,33.936821800394036
2024-09-02 19:00:00+00:00,32.63079713389894
2024-09-02 20:00:00+00:00,29.021365164096203
2024-09-02 21:00:00+00:00,28.74208010603628
2024-09-02 22:00:00+00:00,28.59805893525517
2024-09-02 23:00:00+00:00,28.482009288532865
2024-09-03 00:00:00+00:00,27.919361372223158
2024-09-03 01:00:00+00:00,26.551697778401774
2024-09-03 02:00:00+00:00,24.999508304686632
2024-09-03 03:00:00+00:00,23.25200737150972
2024-09-03 04:00:00+00:00,21.57112493780437
2024-09-03 05:00:00+00:00,22.362684800346486
2024-09-03 06:00:00+00:00,23.18416017457571
2024-09-03 07:00:00+00:00,25.70777309118591
2024-09-03 08:00:00+00:00,28.83688413231319
2024-09-03 09:00:00+00:00,31.077471873287582
2024-09-03 10:00:00+00:00,34.218520718172655
2024-09-03 11:00:00+00:00,34.31552845221016
2024-09-03 12:00:00+00:00,34.666866032697875
2024-09-03 13:00:00+00:00,35.61085569907132
2024-09-03 14:00:00+00:00,33.864754418156814
2024-09-03 15:00:00+00:00,30.525389426910866
2024-09-03 16:00:00+00:00,27.49803327098545
2024-09-03 17:00:00+00:00,26.73928927703529
2024-09-03 18:00:00+00:00,26.781316049733814
2024-09-03 19:00:00+00:00,27.08659483340291
2024-09-03 20:00:00+00:00,25.700720878211637
2024-09-03 21:00:00+00:00,26.521011321959
2024-09-03 22:00:00+00:00,26.574421997273678
2024-09-03 23:00:00+00:00,27.29856424283121
2024-09-04 00:00:00+00:00,27.324366236680266
2024-09-04 01:00:00+00:00,26.52896280489796
2024-09-04 02:00:00+00:00,26.57341789094913
2024-09-04 03:00:00+00:00,26.252495962107194
2024-09-04 04:00:00+00:00,25.94161832142099
2024-09-04 05:00:00+00:00,24.037198338855088
2024-09-04 06:00:00+00:00,22.541037711337598
2024-09-04 07:00:00+00:00,24.145543581478176
2024-09-04 08:00:00+00:00,24.943652449928482
2024-09-04 09:00:00+00:00,28.87563075469083
2024-09-04 10:00:00+00:00,32.948964281257
2024-09-04 11:00:00+00:00,35.24186571839895
2024-09-04 12:00:00+00:00,36.291367161648296
2024-09-04 13:00:00+00:00,37.374591106133764
2024-09-04 14:00:00+00:00,35.589626470036066
2024-09-04 15:00:00+00:00,30.31658465410194
2024-09-04 16:00:00+00:00,26.71565441962544
2024-09-04 17:00:00+00:00,27.524966730046046
2024-09-04 18:00:00+00:00,28.00783036343524
2024-09-04 19:00:00+00:00,28.569924306854364
2024-09-04 20:00:00+00:00,27.69426055304998
2024-09-04 21:00:00+00:00,27.786345581499052
2024-09-04 22:00:00+00:00,27.705413600762427
2024-09-04 23:00:00+00:00,27.079504399867872
2024-09-05 00:00:00+00:00,26.660335567053878
2024-09-05 01:00:00+00:00,25.519331010995483
2024-09-05 02:00:00+00:00,24.811007830624746
2024-09-05 03:00:00+00:00,24.603716741712404
2024-09-05 04:00:00+00:00,24.474538911745235
2024-09-05 05:00:00+00:00,23.805824656523797
2024-09-05 06:00:00+00:00,23.342078957100927
2024-09-05 07:00:00+00:00,23.824438428341434
2024-09-05 08:00:00+00:00,25.399957721659685
2024-09-05 09:00:00+00:00,30.151383842656465
2024-09-05 10:00:00+00:00,35.33436171219678
2024-09-05 11:00:00+00:00,37.54740372632146
2024-09-05 12:00:00+00:00,42.68807956204993
2024-09-05 13:00:00+00:00,40.77225487070664
2024-09-05 14:00:00+00:00,36.924241517482415
2024-09-05 15:00:00+00:00,33.87614171615878
2024-09-05 16:00:00+00:00,27.796752778675543
2024-09-05 17:00:00+00:00,28.916908887934202
2024-09-05 18:00:00+00:00,30.88882870551977
2024-09-05 19:00:00+00:00,31.623757071864404
2024-09-05 20:00:00+00:00,31.516749514170773
2024-09-05 21:00:00+00:00,32.07575384013444
2024-09-05 22:00:00+00:00,31.94785969694816
2024-09-05 23:00:00+00:00,31.939636916044858
2024-09-06 00:00:00+00:00,31.262656897253155
2024-09-06 01:00:00+00:00,28.78182604756415
2024-09-06 02:00:00+00:00,27.291072838094827
2024-09-06 03:00:00+00:00,25.387733023659656
2024-09-06 04:00:00+00:00,24.09544806908412
2024-09-06 05:00:00+00:00,23.08550765292244
2024-09-06 06:00:00+00:00,22.97376508166051
2024-09-06 07:00:00+00:00,23.520038974958208
2024-09-06 08:00:00+00:00,25.30684751353795
2024-09-06 09:00:00+00:00,27.771617071908395
2024-09-06 10:00:00+00:00,31.26435817546651
2024-09-06 11:00:00+00:00,35.13751800367025
2024-09-06 12:00:00+00:00,36.92542690705091
2024-09-06 13:00:00+00:00,36.58003134900179
2024-09-06 14:00:00+00:00,36.29477488473685
2024-09-06 15:00:00+00:00,33.527127596796774
2024-09-06 16:00:00+00:00,30.64722907060411
2024-09-06 17:00:00+00:00,30.547391626405076
2024-09-06 18:00:00+00:00,30.640077216240677
2024-09-06 19:00:00+00:00,28.248332977053263
2024-09-06 20:00:00+00:00,25.977277611573673
2024-09-06 21:00:00+00:00,26.496313198896797
2024-09-06 22:00:00+00:00,26.72072075766469
2024-09-06 23:00:00+00:00,26.962262670053267
2024-09-07 00:00:00+00:00,27.462200775281115
2024-09-07 01:00:00+00:00,27.85475170361004
2024-09-07 02:00:00+00:00,27.92922454931666
2024-09-07 03:00:00+00:00,28.67675842251747
2024-09-07 04:00:00+00:00,28.64195332808539
2024-09-07 05:00:00+00:00,25.55390254245509
2024-09-07 06:00:00+00:00,22.434701050059793
2024-09-07 07:00:00+00:00,22.86444838462155
2024-09-07 08:00:00+00:00,22.703331857733964
2024-09-07 09:00:00+00:00,27.855672511742256
2024-09-07 10:00:00+00:00,30.23456341915734
2024-09-07 11:00:00+00:00,35.186765447272556
2024-09-07 12:00:00+00:00,37.227750189109166
2024-09-07 13:00:00+00:00,36.024737829628044
2024-09-07 14:00:00+00:00,35.88682332656323
2024-09-07 15:00:00+00:00,34.31534464887359
2024-09-07 16:00:00+00:00,31.668435389102914
2024-09-07 17:00:00+00:00,31.174989367740896
2024-09-07 18:00:00+00:00,29.070956590529224
2024-09-07 19:00:00+00:00,26.484169658302292
2024-09-07 20:00:00+00:00,25.30121016487965
2024-09-07 21:00:00+00:00,24.94073900779648
2024-09-07 22:00:00+00:00,24.674328762505066
2024-09-07 23:00:00+00:00,24.664851453520644
2024-09-08 00:00:00+00:00,25.207927411638828
2024-09-08 01:00:00+00:00,25.613893774950423
2024-09-08 02:00:00+00:00,26.056817210853758
2024-09-08 03:00:00+00:00,26.981085978552706
2024-09-08 04:00:00+00:00,27.517227929419857
2024-09-08 05:00:00+00:00,24.475165233548584
2024-09-08 06:00:00+00:00,20.745537543991958
2024-09-08 07:00:00+00:00,22.67544491713757
2024-09-08 08:00:00+00:00,23.63745365798342
2024-09-08 09:00:00+00:00,25.91184307304534
2024-09-08 10:00:00+00:00,27.77602791462849
2024-09-08 11:00:00+00:00,30.395165822649655
2024-09-08 12:00:00+00:00,30.97096780237881
2024-09-08 13:00:00+00:00,31.834596109855546
2024-09-08 14:00:00+00:00,33.31804908631646
2024-09-08 15:00:00+00:00,33.089365529469475
2024-09-08 16:00:00+00:00,33.34132865762281
2024-09-08 17:00:00+00:00,31.481110572072723
2024-09-08 18:00:00+00:00,27.77061319011684
2024-09-08 19:00:00+00:00,26.58056771127969
2024-09-08 20:00:00+00:00,23.88977337617752
2024-09-08 21:00:00+00:00,23.87316265010782
2024-09-08 22:00:00+00:00,24.675112570935408
2024-09-08 23:00:00+00:00,25.094883523189328
2024-09-09 00:00:00+00:00,24.865934989567887
2024-09-09 01:00:00+00:00,25.12798175395567
2024-09-09 02:00:00+00:00,26.20560590438349
2024-09-09 03:00:00+00:00,26.94012693735742
2024-09-09 04:00:00+00:00,26.517643163348943
2024-09-09 05:00:00+00:00,23.249368278859002
2024-09-09 06:00:00+00:00,20.451416422917056
2024-09-09 07:00:00+00:00,22.783793561202984
2024-09-09 08:00:00+00:00,25.452384050705955
2024-09-09 09:00:00+00:00,26.201949042607584
2024-09-09 10:00:00+00:00,26.717236832622703
2024-09-09 11:00:00+00:00,26.71884769377128
2024-09-09 12:00:00+00:00,26.64536326817788
2024-09-09 13:00:00+00:00,27.627865262960533
2024-09-09 14:00:00+00:00,30.71982818858019
2024-09-09 15:00:00+00:00,50.27985373321579
2024-09-09 16:00:00+00:00,49.70866806042196
2024-09-09 17:00:00+00:00,29.680994378288194
2024-09-09 18:00:00+00:00,27.319845247071257
2024-09-09 19:00:00+00:00,25.351174581658466
2024-09-09 20:00:00+00:00,24.04962124175292
2024-09-09 21:00:00+00:00,24.721719418454594
2024-09-09 22:00:00+00:00,25.06725415275938
2024-09-09 23:00:00+00:00,25.57474193219587
2024-09-10 00:00:00+00:00,26.57188157279787
2024-09-10 01:00:00+00:00,26.99868837066863
2024-09-10 02:00:00+00:00,27.83880208011653
2024-09-10 03:00:00+00:00,28.639050165200217
2024-09-10 04:00:00+00:00,28.93447196942988
2024-09-10 05:00:00+00:00,23.429200734645036
2024-09-10 06:00:00+00:00,20.099301820665303
2024-09-10 07:00:00+00:00,22.54269218624873
2024-09-10 08:00:00+00:00,26.027943219193574
2024-09-10 09:00:00+00:00,26.947140112050544
2024-09-10 10:00:00+00:00,26.264194464147035
2024-09-10 11:00:00+00:00,26.193060142869065
2024-09-10 12:00:00+00:00,25.285348388549814
2024-09-10 13:00:00+00:00,26.206916987203368
2024-09-10 14:00:00+00:00,27.268771807838636
2024-09-10 15:00:00+00:00,29.298144634441925
2024-09-10 16:00:00+00:00,30.248609388536796
2024-09-10 17:00:00+00:00,29.16740331189076
2024-09-10 18:00:00+00:00,29.865960723788696
2024-09-10 19:00:00+00:00,28.670913869696037
2024-09-10 20:00:00+00:00,27.451520717434907
2024-09-10 21:00:00+00:00,26.577169609617325
2024-09-10 22:00:00+00:00,25.543325963421395
2024-09-10 23:00:00+00:00,24.823635207586875
2024-09-11 00:00:00+00:00,23.198197692663854
2024-09-11 01:00:00+00:00,23.513038079801223
2024-09-11 02:00:00+00:00,24.42367938227482
2024-09-11 03:00:00+00:00,25.100946924994574
2024-09-11 04:00:00+00:00,25.579888476408897
2024-09-11 05:00:00+00:00,21.86725690319291
2024-09-11 06:00:00+00:00,19.161837104727315
2024-09-11 07:00:00+00:00,24.27370320151884
2024-09-11 08:00:00+00:00,29.20609326713732
2024-09-11 09:00:00+00:00,29.924339867000906
2024-09-11 10:00:00+00:00,27.5819063694953
2024-09-11 11:00:00+00:00,25.44020184853338
2024-09-11 12:00:00+00:00,24.01319426868327
2024-09-11 13:00:00+00:00,24.977143481662374
2024-09-11 14:00:00+00:00,26.208033797653727
2024-09-11 15:00:00+00:00,28.022325994210828
2024-09-11 16:00:00+00:00,28.692868914388356
2024-09-11 17:00:00+00:00,27.47961613415658
2024-09-11 18:00:00+00:00,27.12797722255557
2024-09-11 19:00:00+00:00,25.91430786184974
2024-09-11 20:00:00+00:00,24.156657559983728
2024-09-11 21:00:00+00:00,24.62598979724783
2024-09-11 22:00:00+00:00,23.803088445080174
2024-09-11 23:00:00+00:00,23.695609377243226
2024-09-12 00:00:00+00:00,22.23917875523599
2024-09-12 01:00:00+00:00,21.995859106286975
2024-09-12 02:00:00+00:00,22.422241002308553
2024-09-12 03:00:00+00:00,22.812080285960143
2024-09-12 04:00:00+00:00,22.965208968743077
2024-09-12 05:00:00+00:00,20.69818286376188
2024-09-12 06:00:00+00:00,18.549441937664724
2024-09-12 07:00:00+00:00,24.41484411128014
2024-09-12 08:00:00+00:00,29.644908221761362
2024-09-12 09:00:00+00:00,29.85255869046354
2024-09-12 10:00:00+00:00,29.652711395175604
2024-09-12 11:00:00+00:00,29.005342405337863
2024-09-12 12:00:00+00:00,27.96699402399095
2024-09-12 13:00:00+00:00,27.396134917146714
2024-09-12 14:00:00+00:00,28.360939168480876
2024-09-12 15:00:00+00:00,27.802690377654717
2024-09-12 16:00:00+00:00,26.810037298247714
2024-09-12 17:00:00+00:00,26.32952194555633
2024-09-12 18:00:00+00:00,26.013791526044745
2024-09-12 19:00:00+00:00,25.87760794436951
2024-09-12 20:00:00+00:00,24.759766865568583
2024-09-12 21:00:00+00:00,24.166891985036038
2024-09-12 22:00:00+00:00,23.22367011019151
2024-09-12 23:00:00+00:00,22.664048963899436
2024-09-13 00:00:00+00:00,21.982055727771957
2024-09-13 01:00:00+00:00,22.084413112216648
2024-09-13 02:00:00+00:00,22.452365549685755
2024-09-13 03:00:00+00:00,23.205071457410853
2024-09-13 04:00:00+00:00,23.54973861232434
2024-09-13 05:00:00+00:00,20.342349500438086
2024-09-13 06:00:00+00:00,16.739649603323596
2024-09-13 07:00:00+00:00,22.641910112537794
2024-09-13 08:00:00+00:00,26.95453727685338
2024-09-13 09:00:00+00:00,28.72638419244554
2024-09-13 10:00:00+00:00,30.188286663081534
2024-09-13 11:00:00+00:00,30.439834372194976
2024-09-13 12:00:00+00:00,29.777042823754034
2024-09-13 13:00:00+00:00,29.72690896531538
2024-09-13 14:00:00+00:00,28.518235323600855
2024-09-13 15:00:00+00:00,27.595451977858172
2024-09-13 16:00:00+00:00,25.402657024623572
2024-09-13 17:00:00+00:00,25.395962012257606
2024-09-13 18:00:00+00:00,25.593384027701944
2024-09-13 19:00:00+00:00,24.847302161019243
2024-09-13 20:00:00+00:00,24.54555344335917
2024-09-13 21:00:00+00:00,23.9617853238865
2024-09-13 22:00:00+00:00,23.839524123318185
2024-09-13 23:00:00+00:00,23.235211656569422
2024-09-14 00:00:00+00:00,22.431623522951067
2024-09-14 01:00:00+00:00,22.27100372411606
2024-09-14 02:00:00+00:00,23.54878978500805
2024-09-14 03:00:00+00:00,24.19005822856309
2024-09-14 04:00:00+00:00,25.04447857595213
2024-09-14 05:00:00+00:00,20.167512804519045
2024-09-14 06:00:00+00:00,18.007551988289844
2024-09-14 07:00:00+00:00,22.611779160793155
2024-09-14 08:00:00+00:00,27.7721615952294
2024-09-14 09:00:00+00:00,31.77269450226218
2024-09-14 10:00:00+00:00,31.500611471579717
2024-09-14 11:00:00+00:00,31.52703706404815
2024-09-14 12:00:00+00:00,29.594556623944566
2024-09-14 13:00:00+00:00,30.009758912566777
2024-09-14 14:00:00+00:00,30.788321687072592
2024-09-14 15:00:00+00:00,28.014404734475658
2024-09-14 16:00:00+00:00,24.545341532290866
2024-09-14 17:00:00+00:00,25.349990887578638
2024-09-14 18:00:00+00:00,25.352333547464376
2024-09-14 19:00:00+00:00,25.069555961558983
2024-09-14 20:00:00+00:00,25.04261476454227
2024-09-14 21:00:00+00:00,24.65781730614397
2024-09-14 22:00:00+00:00,23.650740311989374
2024-09-14 23:00:00+00:00,23.09006196006167
2024-09-15 00:00:00+00:00,22.152336861817485
2024-09-15 01:00:00+00:00,22.07948546347524
2024-09-15 02:00:00+00:00,22.125586177615773
2024-09-15 03:00:00+00:00,22.165061483033696
2024-09-15 04:00:00+00:00,21.88533241212843
2024-09-15 05:00:00+00:00,19.479139862880665
2024-09-15 06:00:00+00:00,18.544222191382712
2024-09-15 07:00:00+00:00,21.42676249218477
2024-09-15 08:00:00+00:00,25.562539196518845
2024-09-15 09:00:00+00:00,34.47247411907508
2024-09-15 10:00:00+00:00,37.245837704944435
2024-09-15 11:00:00+00:00,41.93414406632578
2024-09-15 12:00:00+00:00,44.10729710234804
2024-09-15 13:00:00+00:00,41.845817736565174
2024-09-15 14:00:00+00:00,37.0400675978359
2024-09-15 15:00:00+00:00,32.126507459506655
2024-09-15 16:00:00+00:00,23.943965829047812
2024-09-15 17:00:00+00:00,24.389837381923925
2024-09-15 18:00:00+00:00,24.89152702370233
2024-09-15 19:00:00+00:00,25.268773744336528
2024-09-15 20:00:00+00:00,24.972299643174587
2024-09-15 21:00:00+00:00,24.803207162149718
2024-09-15 22:00:00+00:00,23.195536852669385
2024-09-15 23:00:00+00:00,22.28836877336426
2024-09-16 00:00:00+00:00,21.89666760680668
2024-09-16 01:00:00+00:00,22.03647739902592
2024-09-16 02:00:00+00:00,21.48810713641505
2024-09-16 03:00:00+00:00,21.137389721049026
2024-09-16 04:00:00+00:00,20.91320957107597
2024-09-16 05:00:00+00:00,19.06792078285401
2024-09-16 06:00:00+00:00,18.550848475049122
2024-09-16 07:00:00+00:00,20.689728460155184
2024-09-16 08:00:00+00:00,23.465708406295462
2024-09-16 09:00:00+00:00,30.04445341971954
2024-09-16 10:00:00+00:00,34.74148192777355
2024-09-16 11:00:00+00:00,38.78904785156627
2024-09-16 12:00:00+00:00,45.06906481007479
2024-09-16 13:00:00+00:00,38.57107289880686
2024-09-16 14:00:00+00:00,35.735204417243516
2024-09-16 15:00:00+00:00,32.714872114157984
2024-09-16 16:00:00+00:00,27.37987428971005
2024-09-16 17:00:00+00:00,26.472277746253422
2024-09-16 18:00:00+00:00,25.829196595186303
2024-09-16 19:00:00+00:00,25.16791435836192
2024-09-16 20:00:00+00:00,24.1808879990877
2024-09-16 21:00:00+00:00,23.838155490785383
2024-09-16 22:00:00+00:00,23.551107578201925
2024-09-16 23:00:00+00:00,23.353060038553505
2024-09-17 00:00:00+00:00,22.614663523998694
2024-09-17 01:00:00+00:00,21.87598510370246
2024-09-17 02:00:00+00:00,21.657892261276874
2024-09-17 03:00:00+00:00,21.33094353006325
2024-09-17 04:00:00+00:00,21.713372652544834
2024-09-17 05:00:00+00:00,19.558814091586243
2024-09-17 06:00:00+00:00,19.844945175468197
2024-09-17 07:00:00+00:00,21.801824487029105
2024-09-17 08:00:00+00:00,22.989515824982913
2024-09-17 09:00:00+00:00,28.20677617942268
2024-09-17 10:00:00+00:00,34.79369486408947
2024-09-17 11:00:00+00:00,35.90889753514636
2024-09-17 12:00:00+00:00,40.86832471278091
2024-09-17 13:00:00+00:00,36.607950621270085
2024-09-17 14:00:00+00:00,34.999194998082764
2024-09-17 15:00:00+00:00,33.88763826641912
2024-09-17 16:00:00+00:00,30.146658848635557
2024-09-17 17:00:00+00:00,26.855467827964254
2024-09-17 18:00:00+00:00,26.007559031653457
2024-09-17 19:00:00+00:00,25.258971682011857
2024-09-17 20:00:00+00:00,24.320694366888315
2024-09-17 21:00:00+00:00,24.03699264264159
2024-09-17 22:00:00+00:00,23.596055095056176
2024-09-17 23:00:00+00:00,23.42591203339675
2024-09-18 00:00:00+00:00,23.18071262668286
2024-09-18 01:00:00+00:00,22.798650680988395
2024-09-18 02:00:00+00:00,22.284472119248687
2024-09-18 03:00:00+00:00,22.27289488926098
2024-09-18 04:00:00+00:00,22.53871039428617
2024-09-18 05:00:00+00:00,20.804100225798084
2024-09-18 06:00:00+00:00,19.817385309667902
2024-09-18 07:00:00+00:00,21.463777373634255
2024-09-18 08:00:00+00:00,23.278385470938996
2024-09-18 09:00:00+00:00,33.13439566463847
2024-09-18 10:00:00+00:00,40.561771919485885
2024-09-18 11:00:00+00:00,46.841000908774674
2024-09-18 12:00:00+00:00,58.426875104611675
2024-09-18 13:00:00+00:00,51.21462350418435
2024-09-18 14:00:00+00:00,47.38371443454589
2024-09-18 15:00:00+00:00,40.741511656184684
2024-09-18 16:00:00+00:00,31.571328027182076
2024-09-18 17:00:00+00:00,30.96674344315164
2024-09-18 18:00:00+00:00,29.417892067058947
2024-09-18 19:00:00+00:00,26.891966813332
2024-09-18 20:00:00+00:00,23.88876244594525
2024-09-18 21:00:00+00:00,24.159559677155357
2024-09-18 22:00:00+00:00,24.70136206087309
2024-09-18 23:00:00+00:00,25.231546713969102
2024-09-19 00:00:00+00:00,25.90198443329485
2024-09-19 01:00:00+00:00,24.16925586009313
2024-09-19 02:00:00+00:00,23.00324800334492
2024-09-19 03:00:00+00:00,22.16202200639174
2024-09-19 04:00:00+00:00,21.131210724948524
2024-09-19 05:00:00+00:00,20.13444993596351
2024-09-19 06:00:00+00:00,19.831596175923295
2024-09-19 07:00:00+00:00,20.245459250436653
2024-09-19 08:00:00+00:00,21.215380943021668
2024-09-19 09:00:00+00:00,26.739541883465403
2024-09-19 10:00:00+00:00,30.585366839402422
2024-09-19 11:00:00+00:00,33.877564301910034
2024-09-19 12:00:00+00:00,35.245221636765365
2024-09-19 13:00:00+00:00,39.75407557326099
2024-09-19 14:00:00+00:00,45.25646331952388
2024-09-19 15:00:00+00:00,44.82004208165879
2024-09-19 16:00:00+00:00,42.14904174811592
2024-09-19 17:00:00+00:00,38.615004630306885
2024-09-19 18:00:00+00:00,33.88904833548444
2024-09-19 19:00:00+00:00,31.994217635877675
2024-09-19 20:00:00+00:00,23.41151913655199
2024-09-19 21:00:00+00:00,23.62613073541998
2024-09-19 22:00:00+00:00,24.315773073677633
2024-09-19 23:00:00+00:00,24.959048759756282
2024-09-20 00:00:00+00:00,25.366186957913097
2024-09-20 01:00:00+00:00,24.28182409238031
2024-09-20 02:00:00+00:00,22.70698694747741
2024-09-20 03:00:00+00:00,22.56634909198544
2024-09-20 04:00:00+00:00,21.595595096329966
2024-09-20 05:00:00+00:00,19.78052104110548
2024-09-20 06:00:00+00:00,19.740698518653296
2024-09-20 07:00:00+00:00,20.36787696646518
2024-09-20 08:00:00+00:00,21.792644201315234
2024-09-20 09:00:00+00:00,23.904070139754253
2024-09-20 10:00:00+00:00,25.869523302188902
2024-09-20 11:00:00+00:00,27.906117625335956
2024-09-20 12:00:00+00:00,30.07405163826797
2024-09-20 13:00:00+00:00,35.04709279593262
2024-09-20 14:00:00+00:00,36.213704218761414
2024-09-20 15:00:00+00:00,36.657981458790665
2024-09-20 16:00:00+00:00,36.736672052025504
2024-09-20 17:00:00+00:00,34.471938353145624
2024-09-20 18:00:00+00:00,32.507496825178904
2024-09-20 19:00:00+00:00,29.290562691555216
2024-09-20 20:00:00+00:00,25.384690429194592
2024-09-20 21:00:00+00:00,25.185919253756364
2024-09-20 22:00:00+00:00,24.946729650546047
2024-09-20 23:00:00+00:00,25.0625989827687
2024-09-21 00:00:00+00:00,24.923844781245723
2024-09-21 01:00:00+00:00,24.42039695881702
2024-09-21 02:00:00+00:00,23.28592924804772
2024-09-21 03:00:00+00:00,23.088143115323863
2024-09-21 04:00:00+00:00,22.94901229311729
2024-09-21 05:00:00+00:00,20.576066732765725
2024-09-21 06:00:00+00:00,18.731451855768004
2024-09-21 07:00:00+00:00,20.430604357376883
2024-09-21 08:00:00+00:00,21.789599169756542
2024-09-21 09:00:00+00:00,23.650411781385646
2024-09-21 10:00:00+00:00,24.63899944031775
2024-09-21 11:00:00+00:00,25.916284939202455
2024-09-21 12:00:00+00:00,28.36320268484518
2024-09-21 13:00:00+00:00,29.43311510986329
2024-09-21 14:00:00+00:00,31.275733016005294
2024-09-21 15:00:00+00:00,32.65678028631408
2024-09-21 16:00:00+00:00,33.53840789288423
2024-09-21 17:00:00+00:00,32.97997354262271
2024-09-21 18:00:00+00:00,29.637814096201218
2024-09-21 19:00:00+00:00,28.117615851425555
2024-09-21 20:00:00+00:00,25.86923624102726
2024-09-21 21:00:00+00:00,25.83213699578022
2024-09-21 22:00:00+00:00,26.174936929719504
2024-09-21 23:00:00+00:00,26.218354567124123
2024-09-22 00:00:00+00:00,25.65809459642712
2024-09-22 01:00:00+00:00,25.226662177542053
2024-09-22 02:00:00+00:00,24.546660761632257
2024-09-22 03:00:00+00:00,23.69436731278775
2024-09-22 04:00:00+00:00,23.768926886952265
2024-09-22 05:00:00+00:00,20.953406304475322
2024-09-22 06:00:00+00:00,18.287865494588456
2024-09-22 07:00:00+00:00,20.932414021280685
2024-09-22 08:00:00+00:00,23.380629826820087
2024-09-22 09:00:00+00:00,25.897788442641506
2024-09-22 10:00:00+00:00,27.29655803037908
2024-09-22 11:00:00+00:00,32.39753040402779
2024-09-22 12:00:00+00:00,33.72297936141431
2024-09-22 13:00:00+00:00,35.11899060645289
2024-09-22 14:00:00+00:00,36.31652809259241
2024-09-22 15:00:00+00:00,39.09044766218297
2024-09-22 16:00:00+00:00,42.71913605533388
2024-09-22 17:00:00+00:00,37.80232909083086
2024-09-22 18:00:00+00:00,35.28995029550243
2024-09-22 19:00:00+00:00,33.01024491387752
2024-09-22 20:00:00+00:00,26.88648946527863
2024-09-22 21:00:00+00:00,26.32448813301624
2024-09-22 22:00:00+00:00,25.764129967604706
2024-09-22 23:00:00+00:00,25.59206219788687
2024-09-23 00:00:00+00:00,24.76727823038578
2024-09-23 01:00:00+00:00,24.886332096786237
2024-09-23 02:00:00+00:00,24.777723880536264
2024-09-23 03:00:00+00:00,25.420036794956744
2024-09-23 04:00:00+00:00,25.499668045556206
2024-09-23 05:00:00+00:00,21.11332305790104
2024-09-23 06:00:00+00:00,17.371305081843815
2024-09-23 07:00:00+00:00,19.598545599637948
2024-09-23 08:00:00+00:00,21.758578484810627
2024-09-23 09:00:00+00:00,22.602167891714274
2024-09-23 10:00:00+00:00,23.84690439589661
2024-09-23 11:00:00+00:00,25.75390874682264
2024-09-23 12:00:00+00:00,26.79227448528194
2024-09-23 13:00:00+00:00,27.843585135371185
2024-09-23 14:00:00+00:00,27.733028395809136
2024-09-23 15:00:00+00:00,28.51948015861126
2024-09-23 16:00:00+00:00,28.46357884393656
2024-09-23 17:00:00+00:00,28.857612339382747
2024-09-23 18:00:00+00:00,28.174094621391372
2024-09-23 19:00:00+00:00,28.127338908368944
2024-09-23 20:00:00+00:00,27.957888882647726
2024-09-23 21:00:00+00:00,27.249280500414937
2024-09-23 22:00:00+00:00,26.46908888147171
2024-09-23 23:00:00+00:00,25.25966847740897
2024-09-24 00:00:00+00:00,24.186448938850155
2024-09-24 01:00:00+00:00,24.553851046176735
2024-09-24 02:00:00+00:00,24.418991500746692
2024-09-24 03:00:00+00:00,24.353573737393535
2024-09-24 04:00:00+00:00,24.319651531672537
2024-09-24 05:00:00+00:00,21.66873868890604
2024-09-24 06:00:00+00:00,19.99488383534657
2024-09-24 07:00:00+00:00,20.790212225313653
2024-09-24 08:00:00+00:00,21.126330344982378
2024-09-24 09:00:00+00:00,22.920599935502988
2024-09-24 10:00:00+00:00,24.099901899366998
2024-09-24 11:00:00+00:00,25.139718835876607
2024-09-24 12:00:00+00:00,27.127167847384104
2024-09-24 13:00:00+00:00,26.396369133868568
2024-09-24 14:00:00+00:00,25.829057960850967
2024-09-24 15:00:00+00:00,25.46258619206317
2024-09-24 16:00:00+00:00,24.573933329121814
2024-09-24 17:00:00+00:00,24.708745149480524
2024-09-24 18:00:00+00:00,24.997847340739707
2024-09-24 19:00:00+00:00,25.797142493994425
2024-09-24 20:00:00+00:00,25.907504501271163
2024-09-24 21:00:00+00:00,25.954372352357566
2024-09-24 22:00:00+00:00,25.847111092206447
2024-09-24 23:00:00+00:00,25.757023813869313
2024-09-25 00:00:00+00:00,24.933226705755573
2024-09-25 01:00:00+00:00,24.754761812598428
2024-09-25 02:00:00+00:00,24.791712237964983
2024-09-25 03:00:00+00:00,25.175671207959926
2024-09-25 04:00:00+00:00,25.055470827856
2024-09-25 05:00:00+00:00,24.518883823347203
2024-09-25 06:00:00+00:00,23.399877517543317
2024-09-25 07:00:00+00:00,23.275379915766
2024-09-25 08:00:00+00:00,23.087604572520608
2024-09-25 09:00:00+00:00,24.462964191052002
2024-09-25 10:00:00+00:00,25.1469900100199
2024-09-25 11:00:00+00:00,25.784363760932457
2024-09-25 12:00:00+00:00,26.471476689306577
2024-09-25 13:00:00+00:00,26.830622131800183
2024-09-25 14:00:00+00:00,26.407083959044744
2024-09-25 15:00:00+00:00,26.806397861273155
2024-09-25 16:00:00+00:00,26.16428165365432
2024-09-25 17:00:00+00:00,25.851220194604817
2024-09-25 18:00:00+00:00,25.874534053100387
2024-09-25 19:00:00+00:00,25.111452457868303
2024-09-25 20:00:00+00:00,24.518785245951815
2024-09-25 21:00:00+00:00,25.472960455458974
2024-09-25 22:00:00+00:00,25.775416257404387
2024-09-25 23:00:00+00:00,25.87831943192034
2024-09-26 00:00:00+00:00,26.503173518685326
2024-09-26 01:00:00+00:00,25.938006210041745
2024-09-26 02:00:00+00:00,25.470235952145224
2024-09-26 03:00:00+00:00,25.22979892824537
2024-09-26 04:00:00+00:00,25.070330453523948
2024-09-26 05:00:00+00:00,23.620120167022662
2024-09-26 06:00:00+00:00,21.79229158750213
2024-09-26 07:00:00+00:00,22.993922959163037
2024-09-26 08:00:00+00:00,23.72990425765797
2024-09-26 09:00:00+00:00,26.490417228594367
2024-09-26 10:00:00+00:00,29.388327794035803
2024-09-26 11:00:00+00:00,30.621821311618362
2024-09-26 12:00:00+00:00,32.7464610787807
2024-09-26 13:00:00+00:00,32.42177563194289
2024-09-26 14:00:00+00:00,32.060697558491604
2024-09-26 15:00:00+00:00,31.900406200014633
2024-09-26 16:00:00+00:00,29.261483600530063
2024-09-26 17:00:00+00:00,27.900388754883203
2024-09-26 18:00:00+00:00,27.428117925301052
2024-09-26 19:00:00+00:00,27.045722066195033
2024-09-26 20:00:00+00:00,26.21994029264302
2024-09-26 21:00:00+00:00,26.228760824008667
2024-09-26 22:00:00+00:00,26.679535371547452
2024-09-26 23:00:00+00:00,27.248657224201352
2024-09-27 00:00:00+00:00,27.29382341761276
2024-09-27 01:00:00+00:00,26.470086193870866
2024-09-27 02:00:00+00:00,25.78146103083163
2024-09-27 03:00:00+00:00,24.666411269176184
2024-09-27 04:00:00+00:00,23.450393618825764
2024-09-27 05:00:00+00:00,22.61472185122056
2024-09-27 06:00:00+00:00,21.266396362298174
2024-09-27 07:00:00+00:00,23.728609441818005
2024-09-27 08:00:00+00:00,25.344096423744638
2024-09-27 09:00:00+00:00,25.964495857430347
2024-09-27 10:00:00+00:00,26.27350911162691
2024-09-27 11:00:00+00:00,26.305726533470967
2024-09-27 12:00:00+00:00,25.92602659113991
2024-09-27 13:00:00+00:00,25.859784871540985
2024-09-27 14:00:00+00:00,25.635063908832045
2024-09-27 15:00:00+00:00,24.8558971436381
2024-09-27 16:00:00+00:00,24.53927240749119
2024-09-27 17:00:00+00:00,24.208283947133523
2024-09-27 18:00:00+00:00,23.66914633189758
2024-09-27 19:00:00+00:00,23.916267284737163
2024-09-27 20:00:00+00:00,23.911764039261847
2024-09-27 21:00:00+00:00,24.038442720132583
2024-09-27 22:00:00+00:00,24.129414948819456
2024-09-27 23:00:00+00:00,24.46661037284076
2024-09-28 00:00:00+00:00,24.362582572192615
2024-09-28 01:00:00+00:00,24.48938544022692
2024-09-28 02:00:00+00:00,24.536720557175123
2024-09-28 03:00:00+00:00,24.143424221533856
2024-09-28 04:00:00+00:00,23.972302697415525
2024-09-28 05:00:00+00:00,23.3824837889208
2024-09-28 06:00:00+00:00,23.060885591410077
2024-09-28 07:00:00+00:00,24.458885206791795
2024-09-28 08:00:00+00:00,25.7632243411514
2024-09-28 09:00:00+00:00,27.313375828292262
2024-09-28 10:00:00+00:00,27.801591521365683
2024-09-28 11:00:00+00:00,28.290819507661087
2024-09-28 12:00:00+00:00,29.14525346638158
2024-09-28 13:00:00+00:00,27.83796325877621
2024-09-28 14:00:00+00:00,27.902751919871612
2024-09-28 15:00:00+00:00,27.570583622183925
2024-09-28 16:00:00+00:00,25.943368001984076
2024-09-28 17:00:00+00:00,25.288812251431814
2024-09-28 18:00:00+00:00,24.337775160679318
2024-09-28 19:00:00+00:00,23.932881280738087
2024-09-28 20:00:00+00:00,22.409278344586223
2024-09-28 21:00:00+00:00,22.863708761739407
2024-09-28 22:00:00+00:00,23.992364129268548
2024-09-28 23:00:00+00:00,24.377066934401512
2024-09-29 00:00:00+00:00,24.558538136737198
2024-09-29 01:00:00+00:00,24.554128483138687
2024-09-29 02:00:00+00:00,24.72101720101444
2024-09-29 03:00:00+00:00,24.67317849784708
2024-09-29 04:00:00+00:00,25.046846521403566
2024-09-29 05:00:00+00:00,24.77134464762282
2024-09-29 06:00:00+00:00,24.806868974319105
2024-09-29 07:00:00+00:00,26.25222301066119
2024-09-29 08:00:00+00:00,28.827792981294596
2024-09-29 09:00:00+00:00,29.222318288416794
2024-09-29 10:00:00+00:00,29.08956715225612
2024-09-29 11:00:00+00:00,28.827390603188594
2024-09-29 12:00:00+00:00,28.519696530111304
2024-09-29 13:00:00+00:00,27.585463714747917
2024-09-29 14:00:00+00:00,26.904137700621078
2024-09-29 15:00:00+00:00,26.178428443760726
2024-09-29 16:00:00+00:00,25.688971154976592
2024-09-29 17:00:00+00:00,24.83195432964284
2024-09-29 18:00:00+00:00,24.173489671886202
2024-09-29 19:00:00+00:00,23.917158589101117
2024-09-29 20:00:00+00:00,23.651817331870504
2024-09-29 21:00:00+00:00,23.69613012272159
2024-09-29 22:00:00+00:00,23.871554716902168
2024-09-29 23:00:00+00:00,23.91025770124407
2024-09-30 00:00:00+00:00,23.943336736182168
2024-09-30 01:00:00+00:00,24.734872324730837
2024-09-30 02:00:00+00:00,24.909135021984447
2024-09-30 03:00:00+00:00,25.56891109018657
2024-09-30 04:00:00+00:00,26.185043172136723
2024-09-30 05:00:00+00:00,26.0648283825462
2024-09-30 06:00:00+00:00,25.398509030421305
2024-09-30 07:00:00+00:00,26.60373293941127
2024-09-30 08:00:00+00:00,28.081423486175623
2024-09-30 09:00:00+00:00,28.980387209317417
2024-09-30 10:00:00+00:00,28.871288059766094
2024-09-30 11:00:00+00:00,28.974730594725017
2024-09-30 12:00:00+00:00,28.82112026130125
2024-09-30 13:00:00+00:00,29.516346917516433
2024-09-30 14:00:00+00:00,30.911367981514623
2024-09-30 15:00:00+00:00,31.235424125660355
2024-09-30 16:00:00+00:00,30.284644915075745
2024-09-30 17:00:00+00:00,29.091422507535682
2024-09-30 18:00:00+00:00,26.83684101220506
2024-09-30 19:00:00+00:00,25.243920526475694
2024-09-30 20:00:00+00:00,23.42747805986911
2024-09-30 21:00:00+00:00,23.42539909498294
2024-09-30 22:00:00+00:00,23.442284883217983
2024-09-30 23:00:00+00:00,23.409756260918837
2024-10-01 00:00:00+00:00,23.41360688970917
2024-10-01 01:00:00+00:00,24.419734370835442
2024-10-01 02:00:00+00:00,25.019918167130946
2024-10-01 03:00:00+00:00,26.36396632494187
2024-10-01 04:00:00+00:00,27.283311084249476
2024-10-01 05:00:00+00:00,26.19200920552615
2024-10-01 06:00:00+00:00,24.59327370616401
2024-10-01 07:00:00+00:00,25.620109283786128
2024-10-01 08:00:00+00:00,26.969982199912106
2024-10-01 09:00:00+00:00,31.610910620914098
2024-10-01 10:00:00+00:00,32.75585252245785
2024-10-01 11:00:00+00:00,36.09790274346673
2024-10-01 12:00:00+00:00,37.41477692263236
2024-10-01 13:00:00+00:00,36.199274017835336
2024-10-01 14:00:00+00:00,32.64782133628379
2024-10-01 15:00:00+00:00,30.344873699629865
2024-10-01 16:00:00+00:00,26.11684391526612
2024-10-01 17:00:00+00:00,24.96572883067516
2024-10-01 18:00:00+00:00,23.852711298375123
2024-10-01 19:00:00+00:00,23.40522366249178
2024-10-01 20:00:00+00:00,23.015797250654472
2024-10-01 21:00:00+00:00,22.84705860368633
2024-10-01 22:00:00+00:00,23.145399675552124
2024-10-01 23:00:00+00:00,23.354091210686374
2024-10-02 00:00:00+00:00,23.347545252905554
2024-10-02 01:00:00+00:00,23.450269206056415
2024-10-02 02:00:00+00:00,24.06503164640799
2024-10-02 03:00:00+00:00,24.43015524117377
2024-10-02 04:00:00+00:00,24.70349817381874
2024-10-02 05:00:00+00:00,24.138238869587745
2024-10-02 06:00:00+00:00,23.292395015816254
2024-10-02 07:00:00+00:00,25.501075075957775
2024-10-02 08:00:00+00:00,26.46134589025907
2024-10-02 09:00:00+00:00,30.660688041822574
2024-10-02 10:00:00+00:00,33.387786470206
2024-10-02 11:00:00+00:00,32.94394589162406
2024-10-02 12:00:00+00:00,32.76930063648485
2024-10-02 13:00:00+00:00,32.90455701565539
2024-10-02 14:00:00+00:00,30.62735999161962
2024-10-02 15:00:00+00:00,27.3100153123386
2024-10-02 16:00:00+00:00,23.899726405166778
2024-10-02 17:00:00+00:00,23.815480508630422
2024-10-02 18:00:00+00:00,23.64548142394875
2024-10-02 19:00:00+00:00,23.4224342210161
2024-10-02 20:00:00+00:00,23.098601424576856
2024-10-02 21:00:00+00:00,22.942169630790428
2024-10-02 22:00:00+00:00,23.11152148144607
2024-10-02 23:00:00+00:00,23.442140019633992
2024-10-03 00:00:00+00:00,23.041024552626702
2024-10-03 01:00:00+00:00,23.32596132816377
2024-10-03 02:00:00+00:00,23.544848243268802
2024-10-03 03:00:00+00:00,23.843291905625204
2024-10-03 04:00:00+00:00,24.1798625420669
2024-10-03 05:00:00+00:00,24.441476249765063
2024-10-03 06:00:00+00:00,24.80617973973883
2024-10-03 07:00:00+00:00,25.791634638074044
2024-10-03 08:00:00+00:00,26.874582780394398
2024-10-03 09:00:00+00:00,30.325861604894815
2024-10-03 10:00:00+00:00,33.17175446480689
2024-10-03 11:00:00+00:00,33.838976350868855
2024-10-03 12:00:00+00:00,35.99195260265638
2024-10-03 13:00:00+00:00,34.180953391010824
2024-10-03 14:00:00+00:00,32.27688302725841
2024-10-03 15:00:00+00:00,28.484385327233905
2024-10-03 16:00:00+00:00,24.865339437668318
2024-10-03 17:00:00+00:00,24.216388886039084
2024-10-03 18:00:00+00:00,23.80936784615443
2024-10-03 19:00:00+00:00,23.887900911308506
2024-10-03 20:00:00+00:00,22.4005209595823
2024-10-03 21:00:00+00:00,22.599363140055257
2024-10-03 22:00:00+00:00,23.216481893086996
2024-10-03 23:00:00+00:00,23.21284170770361
2024-10-04 00:00:00+00:00,23.292327494548662
2024-10-04 01:00:00+00:00,23.350830930045028
2024-10-04 02:00:00+00:00,23.593767915959155
2024-10-04 03:00:00+00:00,24.034914707198922
2024-10-04 04:00:00+00:00,24.29440515190225
2024-10-04 05:00:00+00:00,22.561248512584555
2024-10-04 06:00:00+00:00,20.963444431406383
2024-10-04 07:00:00+00:00,24.887650652230345
2024-10-04 08:00:00+00:00,30.54367871435978
2024-10-04 09:00:00+00:00,30.981024265694835
2024-10-04 10:00:00+00:00,35.11308426284018
2024-10-04 11:00:00+00:00,35.60084211471238
2024-10-04 12:00:00+00:00,35.81220319912424
2024-10-04 13:00:00+00:00,35.25007172818598
2024-10-04 14:00:00+00:00,35.126890619417836
2024-10-04 15:00:00+00:00,31.672606744953878
2024-10-04 16:00:00+00:00,28.11069135302235
2024-10-04 17:00:00+00:00,26.78326374419636
2024-10-04 18:00:00+00:00,26.010390795954507
2024-10-04 19:00:00+00:00,25.58078967911199
2024-10-04 20:00:00+00:00,24.617514111378323
2024-10-04 21:00:00+00:00,24.363962789536288
2024-10-04 22:00:00+00:00,23.723177192133168
2024-10-04 23:00:00+00:00,23.154318886214554
2024-10-05 00:00:00+00:00,22.204400628114726
2024-10-05 01:00:00+00:00,23.03395423063758
2024-10-05 02:00:00+00:00,23.176122678798183
2024-10-05 03:00:00+00:00,23.89108344291394
2024-10-05 04:00:00+00:00,24.09115049918084
2024-10-05 05:00:00+00:00,22.705594165378056
2024-10-05 06:00:00+00:00,21.190321042302244
2024-10-05 07:00:00+00:00,25.022131272851357
2024-10-05 08:00:00+00:00,30.07035722347381
2024-10-05 09:00:00+00:00,32.63202646937726
2024-10-05 10:00:00+00:00,33.61861012346171
2024-10-05 11:00:00+00:00,36.020956472973864
2024-10-05 12:00:00+00:00,36.386405837725064
2024-10-05 13:00:00+00:00,36.67976514595524
2024-10-05 14:00:00+00:00,34.9985373088029
2024-10-05 15:00:00+00:00,32.49236002944069
2024-10-05 16:00:00+00:00,30.455731641643958
2024-10-05 17:00:00+00:00,29.82151798437561
2024-10-05 18:00:00+00:00,28.105688068561022
2024-10-05 19:00:00+00:00,24.972428256224095
2024-10-05 20:00:00+00:00,23.221213449896947
2024-10-05 21:00:00+00:00,23.279068631976163
2024-10-05 22:00:00+00:00,23.178891446936525
2024-10-05 23:00:00+00:00,23.078793471857406
2024-10-06 00:00:00+00:00,23.02509484185202
2024-10-06 01:00:00+00:00,22.990056873537128
2024-10-06 02:00:00+00:00,23.16649167269773
2024-10-06 03:00:00+00:00,23.52365101901169
2024-10-06 04:00:00+00:00,24.158413047656296
2024-10-06 05:00:00+00:00,24.000167378898123
2024-10-06 06:00:00+00:00,24.08589467159807
2024-10-06 07:00:00+00:00,25.036905168178595
2024-10-06 08:00:00+00:00,26.213001902894913
2024-10-06 09:00:00+00:00,29.32304152182832
2024-10-06 10:00:00+00:00,31.807385655963174
2024-10-06 11:00:00+00:00,35.21650366441334
2024-10-06 12:00:00+00:00,36.40258056384151
2024-10-06 13:00:00+00:00,36.523092483012185
2024-10-06 14:00:00+00:00,34.01252967885602
2024-10-06 15:00:00+00:00,32.23351320015856
2024-10-06 16:00:00+00:00,30.555037195218663
2024-10-06 17:00:00+00:00,28.14060249799425
2024-10-06 18:00:00+00:00,25.471748969976247
2024-10-06 19:00:00+00:00,23.81967038719227
2024-10-06 20:00:00+00:00,21.93477361893867
2024-10-06 21:00:00+00:00,22.26539820102623
2024-10-06 22:00:00+00:00,22.207293349332968
2024-10-06 23:00:00+00:00,22.6849565147169
2024-10-07 00:00:00+00:00,22.784966330064705
2024-10-07 01:00:00+00:00,22.92211502660554
2024-10-07 02:00:00+00:00,22.94320256031776
2024-10-07 03:00:00+00:00,23.35305747930906
2024-10-07 04:00:00+00:00,23.557842319224235
2024-10-07 05:00:00+00:00,22.965339142801767
2024-10-07 06:00:00+00:00,22.162415998164732
2024-10-07 07:00:00+00:00,24.068495456106245
2024-10-07 08:00:00+00:00,25.79756484082656
2024-10-07 09:00:00+00:00,28.22780551467164
2024-10-07 10:00:00+00:00,30.327138056510545
2024-10-07 11:00:00+00:00,33.91839158441239
2024-10-07 12:00:00+00:00,35.20773730750035
2024-10-07 13:00:00+00:00,35.35628839972721
2024-10-07 14:00:00+00:00,34.70353719723474
2024-10-07 15:00:00+00:00,34.459576408660716
2024-10-07 16:00:00+00:00,34.31611628140272
2024-10-07 17:00:00+00:00,31.441227676598494
2024-10-07 18:00:00+00:00,28.966364163876733
2024-10-07 19:00:00+00:00,25.32362580118127
2024-10-07 20:00:00+00:00,23.759840039553037
2024-10-07 21:00:00+00:00,23.51998773438497
2024-10-07 22:00:00+00:00,23.31758530168722
2024-10-07 23:00:00+00:00,23.00946460807051
2024-10-08 00:00:00+00:00,22.780689460834935
2024-10-08 01:00:00+00:00,23.16451892224359
2024-10-08 02:00:00+00:00,23.160411339188514
2024-10-08 03:00:00+00:00,23.39870100133665
2024-10-08 04:00:00+00:00,23.883980422709836
2024-10-08 05:00:00+00:00,23.0298920650264
2024-10-08 06:00:00+00:00,22.552638639289377
2024-10-08 07:00:00+00:00,24.291225681929344
2024-10-08 08:00:00+00:00,25.376208580176048
2024-10-08 09:00:00+00:00,29.65109611597137
2024-10-08 10:00:00+00:00,33.636999180634916
2024-10-08 11:00:00+00:00,37.38197004025278
2024-10-08 12:00:00+00:00,39.71106940514904
2024-10-08 13:00:00+00:00,44.06983261829474
2024-10-08 14:00:00+00:00,43.4506539744336
2024-10-08 15:00:00+00:00,40.693777224681185
2024-10-08 16:00:00+00:00,38.60170641290256
2024-10-08 17:00:00+00:00,36.17693040906032
2024-10-08 18:00:00+00:00,31.818878378124943
2024-10-08 19:00:00+00:00,30.30901687010448
2024-10-08 20:00:00+00:00,26.70124592775735
2024-10-08 21:00:00+00:00,25.967493703885804
2024-10-08 22:00:00+00:00,24.853308868435935
2024-10-08 23:00:00+00:00,24.646890475347064
2024-10-09 00:00:00+00:00,24.099768082543576
2024-10-09 01:00:00+00:00,23.335449667754247
2024-10-09 02:00:00+00:00,23.146672879401766
2024-10-09 03:00:00+00:00,23.05280636309252
2024-10-09 04:00:00+00:00,23.206266725757445
2024-10-09 05:00:00+00:00,22.98115241091602
2024-10-09 06:00:00+00:00,23.01939372118262
2024-10-09 07:00:00+00:00,24.203372742281278
2024-10-09 08:00:00+00:00,24.92999105619902
2024-10-09 09:00:00+00:00,29.437650878508638
2024-10-09 10:00:00+00:00,36.70093713742761
2024-10-09 11:00:00+00:00,38.70631122694845
2024-10-09 12:00:00+00:00,39.99606842095294
2024-10-09 13:00:00+00:00,40.267351757429324
2024-10-09 14:00:00+00:00,39.53003543582766
2024-10-09 15:00:00+00:00,37.23477856355942
2024-10-09 16:00:00+00:00,35.73262125698976
2024-10-09 17:00:00+00:00,35.39415938687732
2024-10-09 18:00:00+00:00,33.66522162866356
2024-10-09 19:00:00+00:00,29.233060823692593
2024-10-09 20:00:00+00:00,28.433896996177356
2024-10-09 21:00:00+00:00,26.781568886723075
2024-10-09 22:00:00+00:00,24.84670839612944
2024-10-09 23:00:00+00:00,24.37505873199152
2024-10-10 00:00:00+00:00,23.17114577705566
2024-10-10 01:00:00+00:00,23.02945067678939
2024-10-10 02:00:00+00:00,22.931962747629097
2024-10-10 03:00:00+00:00,23.000718161455247
2024-10-10 04:00:00+00:00,22.73443643025587
2024-10-10 05:00:00+00:00,21.173290723059228
2024-10-10 06:00:00+00:00,20.50619913583866
2024-10-10 07:00:00+00:00,23.075715926482882
2024-10-10 08:00:00+00:00,27.3655899233329
2024-10-10 09:00:00+00:00,30.540781614168107
2024-10-10 10:00:00+00:00,35.16271137265567
2024-10-10 11:00:00+00:00,35.722984908422006
2024-10-10 12:00:00+00:00,35.52381415324014
2024-10-10 13:00:00+00:00,35.949211273350556
2024-10-10 14:00:00+00:00,35.11180561037492
2024-10-10 15:00:00+00:00,33.73780700244143
2024-10-10 16:00:00+00:00,31.874010679489967
2024-10-10 17:00:00+00:00,28.98997429285442
2024-10-10 18:00:00+00:00,28.569260846916954
2024-10-10 19:00:00+00:00,26.53303676529244
2024-10-10 20:00:00+00:00,25.387376873886712
2024-10-10 21:00:00+00:00,24.56346064585054
2024-10-10 22:00:00+00:00,23.616173711229045
2024-10-10 23:00:00+00:00,22.8754572866837
2024-10-11 00:00:00+00:00,21.673720401510977
2024-10-11 01:00:00+00:00,21.966176359538064
2024-10-11 02:00:00+00:00,22.244200035615645
2024-10-11 03:00:00+00:00,22.76848380595204
2024-10-11 04:00:00+00:00,23.01969027526304
2024-10-11 05:00:00+00:00,21.231751209385216
2024-10-11 06:00:00+00:00,20.915233726215575
2024-10-11 07:00:00+00:00,22.818030425802377
2024-10-11 08:00:00+00:00,27.02036574807118
2024-10-11 09:00:00+00:00,29.337150562813587
2024-10-11 10:00:00+00:00,31.86894050816752
2024-10-11 11:00:00+00:00,33.17933391154648
2024-10-11 12:00:00+00:00,33.97931297678837
2024-10-11 13:00:00+00:00,33.9322128226242
2024-10-11 14:00:00+00:00,33.691656329123255
2024-10-11 15:00:00+00:00,33.697171182975524
2024-10-11 16:00:00+00:00,31.38469900099699
2024-10-11 17:00:00+00:00,30.588981171882075
2024-10-11 18:00:00+00:00,29.26145152238983
2024-10-11 19:00:00+00:00,28.909114680836584
2024-10-11 20:00:00+00:00,28.896681370636344
2024-10-11 21:00:00+00:00,26.952961594072992
2024-10-11 22:00:00+00:00,25.239835396271214
2024-10-11 23:00:00+00:00,24.086983610182187
2024-10-12 00:00:00+00:00,22.750700138001932
2024-10-12 01:00:00+00:00,22.559721542559686
2024-10-12 02:00:00+00:00,22.81797483243458
2024-10-12 03:00:00+00:00,22.850594405123527
2024-10-12 04:00:00+00:00,23.03001099946322
2024-10-12 05:00:00+00:00,20.863771246711
2024-10-12 06:00:00+00:00,20.14867636032389
2024-10-12 07:00:00+00:00,22.078638448691308
2024-10-12 08:00:00+00:00,27.654238733510038
2024-10-12 09:00:00+00:00,28.279773669551506
2024-10-12 10:00:00+00:00,30.149096316789063
2024-10-12 11:00:00+00:00,32.23952224918135
2024-10-12 12:00:00+00:00,33.863862262515745
2024-10-12 13:00:00+00:00,34.798165045050204
2024-10-12 14:00:00+00:00,35.05448842311094
2024-10-12 15:00:00+00:00,34.63932111642262
2024-10-12 16:00:00+00:00,33.40135471015907
2024-10-12 17:00:00+00:00,33.046836986258576
2024-10-12 18:00:00+00:00,32.90302486590608
2024-10-12 19:00:00+00:00,33.17393761468012
2024-10-12 20:00:00+00:00,33.06183443631287
2024-10-12 21:00:00+00:00,31.617729943402427
2024-10-12 22:00:00+00:00,31.523612988096257
2024-10-12 23:00:00+00:00,30.470802521412438
2024-10-13 00:00:00+00:00,29.527739393519546
2024-10-13 01:00:00+00:00,28.28711914239896
2024-10-13 02:00:00+00:00,26.868509146238658
2024-10-13 03:00:00+00:00,24.64448076936201
2024-10-13 04:00:00+00:00,23.714452768617953
2024-10-13 05:00:00+00:00,19.89187134382344
2024-10-13 06:00:00+00:00,18.56734559709325
2024-10-13 07:00:00+00:00,20.875101794370064
2024-10-13 08:00:00+00:00,27.185140045809582
2024-10-13 09:00:00+00:00,29.094045118694257
2024-10-13 10:00:00+00:00,31.4121656832304
2024-10-13 11:00:00+00:00,33.61459711427524
2024-10-13 12:00:00+00:00,34.61015243879085
2024-10-13 13:00:00+00:00,36.013878996953565
2024-10-13 14:00:00+00:00,36.97070976418175
2024-10-13 15:00:00+00:00,37.148655495941426
2024-10-13 16:00:00+00:00,37.12274945606503
2024-10-13 17:00:00+00:00,34.944630675083445
2024-10-13 18:00:00+00:00,34.0607053828627
2024-10-13 19:00:00+00:00,34.01331159089631
2024-10-13 20:00:00+00:00,33.876644398492175
2024-10-13 21:00:00+00:00,31.164957295658564
2024-10-13 22:00:00+00:00,30.338677716618612
2024-10-13 23:00:00+00:00,29.816847729002937
2024-10-14 00:00:00+00:00,28.655611630813677
2024-10-14 01:00:00+00:00,27.405217220950213
2024-10-14 02:00:00+00:00,26.46215077969668
2024-10-14 03:00:00+00:00,24.192471390931118
2024-10-14 04:00:00+00:00,23.026280000233974
2024-10-14 05:00:00+00:00,19.90097865370565
2024-10-14 06:00:00+00:00,18.187939753305365
2024-10-14 07:00:00+00:00,20.80722095088998
2024-10-14 08:00:00+00:00,25.291117501946033
2024-10-14 09:00:00+00:00,26.6044504288701
2024-10-14 10:00:00+00:00,30.94696405165169
2024-10-14 11:00:00+00:00,32.731654839848375
2024-10-14 12:00:00+00:00,35.22186809082691
2024-10-14 13:00:00+00:00,34.76981597335748
2024-10-14 14:00:00+00:00,35.28101161831989
2024-10-14 15:00:00+00:00,34.92701271397927
2024-10-14 16:00:00+00:00,33.84960051621661
2024-10-14 17:00:00+00:00,31.91297514950295
2024-10-14 18:00:00+00:00,30.973507677060635
2024-10-14 19:00:00+00:00,30.128127116319366
2024-10-14 20:00:00+00:00,28.875520502423168
2024-10-14 21:00:00+00:00,27.025103855095196
2024-10-14 22:00:00+00:00,26.71049846030348
2024-10-14 23:00:00+00:00,25.567856101864518
2024-10-15 00:00:00+00:00,24.94853733196198
2024-10-15 01:00:00+00:00,24.325098164609095
2024-10-15 02:00:00+00:00,23.34623871834627
2024-10-15 03:00:00+00:00,23.14408486211554
2024-10-15 04:00:00+00:00,21.932660539840686
2024-10-15 05:00:00+00:00,20.347452767127155
2024-10-15 06:00:00+00:00,18.740893628532646
2024-10-15 07:00:00+00:00,21.113872389424692
2024-10-15 08:00:00+00:00,23.71023865274499
2024-10-15 09:00:00+00:00,26.155462425501547
2024-10-15 10:00:00+00:00,29.69839248966861
2024-10-15 11:00:00+00:00,32.089810071424736
2024-10-15 12:00:00+00:00,34.95532909606946
2024-10-15 13:00:00+00:00,32.260426102048754
2024-10-15 14:00:00+00:00,31.917260832235666
2024-10-15 15:00:00+00:00,30.053434263838717
2024-10-15 16:00:00+00:00,29.79719150131112
2024-10-15 17:00:00+00:00,29.64725359950632
2024-10-15 18:00:00+00:00,28.590296837304557
2024-10-15 19:00:00+00:00,28.657211600171575
2024-10-15 20:00:00+00:00,28.888546797685503
2024-10-15 21:00:00+00:00,28.32627962963414
2024-10-15 22:00:00+00:00,28.013955782878966
2024-10-15 23:00:00+00:00,27.606815306144874
2024-10-16 00:00:00+00:00,27.507879390116226
2024-10-16 01:00:00+00:00,26.104700814050165
2024-10-16 02:00:00+00:00,24.57322604006177
2024-10-16 03:00:00+00:00,23.29835584129606
2024-10-16 04:00:00+00:00,22.642723244434404
2024-10-16 05:00:00+00:00,19.700032295759396
2024-10-16 06:00:00+00:00,18.141087347272755
2024-10-16 07:00:00+00:00,20.169007751394858
2024-10-16 08:00:00+00:00,23.971257397912
2024-10-16 09:00:00+00:00,25.975093728754818
2024-10-16 10:00:00+00:00,28.726312599689862
2024-10-16 11:00:00+00:00,31.30362037584646
2024-10-16 12:00:00+00:00,33.19523302768591
2024-10-16 13:00:00+00:00,32.673568132731134
2024-10-16 14:00:00+00:00,30.422742372425844
2024-10-16 15:00:00+00:00,30.31606965158749
2024-10-16 16:00:00+00:00,28.137909932271025
2024-10-16 17:00:00+00:00,27.538809130742997
2024-10-16 18:00:00+00:00,27.565295406713787
2024-10-16 19:00:00+00:00,27.72076703229149
2024-10-16 20:00:00+00:00,27.968173992302116
2024-10-16 21:00:00+00:00,29.133529021245614
2024-10-16 22:00:00+00:00,30.492507118373663
2024-10-16 23:00:00+00:00,32.2533490493658
2024-10-17 00:00:00+00:00,33.32754859506187
2024-10-17 01:00:00+00:00,31.568203585859106
2024-10-17 02:00:00+00:00,31.48823386418482
2024-10-17 03:00:00+00:00,30.221257761549655
2024-10-17 04:00:00+00:00,28.256003047470784
2024-10-17 05:00:00+00:00,19.577922441746118
2024-10-17 06:00:00+00:00,17.06046333771675
2024-10-17 07:00:00+00:00,19.99131121642179
2024-10-17 08:00:00+00:00,24.181687136478104
2024-10-17 09:00:00+00:00,27.540085806212335
2024-10-17 10:00:00+00:00,30.44144014527113
2024-10-17 11:00:00+00:00,34.504577489515015
2024-10-17 12:00:00+00:00,36.89446406652407
2024-10-17 13:00:00+00:00,35.041815423463326
2024-10-17 14:00:00+00:00,33.57428988671095
2024-10-17 15:00:00+00:00,32.10644174684191
2024-10-17 16:00:00+00:00,28.932815472786526
2024-10-17 17:00:00+00:00,28.815533550968432
2024-10-17 18:00:00+00:00,27.730572635681973
2024-10-17 19:00:00+00:00,27.613257712863195
2024-10-17 20:00:00+00:00,26.492017188708104
2024-10-17 21:00:00+00:00,28.67644937640739
2024-10-17 22:00:00+00:00,30.827512030849082
2024-10-17 23:00:00+00:00,31.850623828894758
2024-10-18 00:00:00+00:00,32.06476213885014
2024-10-18 01:00:00+00:00,30.305211964824498
2024-10-18 02:00:00+00:00,30.081375374991154
2024-10-18 03:00:00+00:00,28.668658581646245
2024-10-18 04:00:00+00:00,27.324949893510283
2024-10-18 05:00:00+00:00,21.318041046873624
2024-10-18 06:00:00+00:00,18.245554519775798
2024-10-18 07:00:00+00:00,20.44352092320615
2024-10-18 08:00:00+00:00,22.47448667543893
2024-10-18 09:00:00+00:00,25.503939810103773
2024-10-18 10:00:00+00:00,29.462568981956302
2024-10-18 11:00:00+00:00,35.04746164077619
2024-10-18 12:00:00+00:00,38.15810160271845
2024-10-18 13:00:00+00:00,36.83524177144648
2024-10-18 14:00:00+00:00,35.857857216188435
2024-10-18 15:00:00+00:00,33.31388372530095
2024-10-18 16:00:00+00:00,31.402896923945377
2024-10-18 17:00:00+00:00,30.204172757363708
2024-10-18 18:00:00+00:00,29.321872692485602
2024-10-18 19:00:00+00:00,28.157202796789964
2024-10-18 20:00:00+00:00,26.67036284708742
2024-10-18 21:00:00+00:00,27.55255571565143
2024-10-18 22:00:00+00:00,28.387840237772416
2024-10-18 23:00:00+00:00,28.789068035202586
2024-10-19 00:00:00+00:00,26.62347331898276
2024-10-19 01:00:00+00:00,26.634297937705007
2024-10-19 02:00:00+00:00,26.702672297538996
2024-10-19 03:00:00+00:00,25.587180138198914
2024-10-19 04:00:00+00:00,25.76141594446855
2024-10-19 05:00:00+00:00,18.967163258026456
2024-10-19 06:00:00+00:00,18.05365506492655
2024-10-19 07:00:00+00:00,19.070478651186708
2024-10-19 08:00:00+00:00,23.196270232742176
2024-10-19 09:00:00+00:00,25.03992078712227
2024-10-19 10:00:00+00:00,27.964560858848603
2024-10-19 11:00:00+00:00,29.790187709946142
2024-10-19 12:00:00+00:00,31.56526733777587
2024-10-19 13:00:00+00:00,31.529326416683205
2024-10-19 14:00:00+00:00,31.0739740607539
2024-10-19 15:00:00+00:00,30.74438024254795
2024-10-19 16:00:00+00:00,30.033026376940455
2024-10-19 17:00:00+00:00,28.369656130854107
2024-10-19 18:00:00+00:00,27.304041026361936
2024-10-19 19:00:00+00:00,25.261398684753196
2024-10-19 20:00:00+00:00,23.642505088206658
2024-10-19 21:00:00+00:00,24.522654146140518
2024-10-19 22:00:00+00:00,25.64537852599545
2024-10-19 23:00:00+00:00,27.857749872473633
2024-10-20 00:00:00+00:00,28.217081419199946
2024-10-20 01:00:00+00:00,28.359296576123768
2024-10-20 02:00:00+00:00,27.509760622820835
2024-10-20 03:00:00+00:00,27.043045116589152
2024-10-20 04:00:00+00:00,25.93129349303354
2024-10-20 05:00:00+00:00,19.903062291702124
2024-10-20 06:00:00+00:00,17.75975215954736
2024-10-20 07:00:00+00:00,18.333036818719844
2024-10-20 08:00:00+00:00,23.27704438972227
2024-10-20 09:00:00+00:00,25.485624929977273
2024-10-20 10:00:00+00:00,29.023142632946687
2024-10-20 11:00:00+00:00,31.60152531680773
2024-10-20 12:00:00+00:00,34.81958795616782
2024-10-20 13:00:00+00:00,34.60268970340803
2024-10-20 14:00:00+00:00,32.179229415881416
2024-10-20 15:00:00+00:00,31.54411720002789
2024-10-20 16:00:00+00:00,31.21312682645625
2024-10-20 17:00:00+00:00,28.31508046250859
2024-10-20 18:00:00+00:00,26.20351481388253
2024-10-20 19:00:00+00:00,24.53879735505954
2024-10-20 20:00:00+00:00,23.413720140054796
2024-10-20 21:00:00+00:00,23.301787978087724
2024-10-20 22:00:00+00:00,24.596801683973776
2024-10-20 23:00:00+00:00,25.347854543428717
2024-10-21 00:00:00+00:00,27.814187319361533
2024-10-21 01:00:00+00:00,28.23225697420334
2024-10-21 02:00:00+00:00,29.546553872998583
2024-10-21 03:00:00+00:00,32.204124824279056
2024-10-21 04:00:00+00:00,33.005662378819586
2024-10-21 05:00:00+00:00,25.582238527160527
2024-10-21 06:00:00+00:00,17.918563710598246
2024-10-21 07:00:00+00:00,24.368162506567714
2024-10-21 08:00:00+00:00,27.263692281259726
2024-10-21 09:00:00+00:00,30.015999941998082
2024-10-21 10:00:00+00:00,31.326039819073316
2024-10-21 11:00:00+00:00,36.038882452432624
2024-10-21 12:00:00+00:00,41.14043127349558
2024-10-21 13:00:00+00:00,39.876544652965734
2024-10-21 14:00:00+00:00,38.5815126004267
2024-10-21 15:00:00+00:00,36.403123265604236
2024-10-21 16:00:00+00:00,33.817714210721995
2024-10-21 17:00:00+00:00,31.15862027500484
2024-10-21 18:00:00+00:00,29.297381878962245
2024-10-21 19:00:00+00:00,27.371218469291986
2024-10-21 20:00:00+00:00,26.010649739099808
2024-10-21 21:00:00+00:00,25.635898804737163
2024-10-21 22:00:00+00:00,25.27372356463916
2024-10-21 23:00:00+00:00,25.26372839081875
2024-10-22 00:00:00+00:00,25.166840643176513
2024-10-22 01:00:00+00:00,27.494653752842748
2024-10-22 02:00:00+00:00,28.702723644020914
2024-10-22 03:00:00+00:00,28.568231738598413
2024-10-22 04:00:00+00:00,28.955691997351927
2024-10-22 05:00:00+00:00,22.122393670924374
2024-10-22 06:00:00+00:00,17.93519462754874
2024-10-22 07:00:00+00:00,21.17904242934795
2024-10-22 08:00:00+00:00,26.590586141005808
2024-10-22 09:00:00+00:00,27.10080203574189
2024-10-22 10:00:00+00:00,30.172891935497223
2024-10-22 11:00:00+00:00,32.58403633431928
2024-10-22 12:00:00+00:00,32.76619509643058
2024-10-22 13:00:00+00:00,33.22365326822149
2024-10-22 14:00:00+00:00,33.29494286563562
2024-10-22 15:00:00+00:00,33.089516439153215
2024-10-22 16:00:00+00:00,32.828836646689524
2024-10-22 17:00:00+00:00,30.17694963103843
2024-10-22 18:00:00+00:00,29.020426577215257
2024-10-22 19:00:00+00:00,27.202123195241782
2024-10-22 20:00:00+00:00,27.10760529898117
2024-10-22 21:00:00+00:00,26.607650993078774
2024-10-22 22:00:00+00:00,26.644363983795287
2024-10-22 23:00:00+00:00,26.29090910661261
2024-10-23 00:00:00+00:00,26.26997026268998
2024-10-23 01:00:00+00:00,27.328414359047315
2024-10-23 02:00:00+00:00,26.879461013291884
2024-10-23 03:00:00+00:00,26.894124954971566
2024-10-23 04:00:00+00:00,25.69961783071465
2024-10-23 05:00:00+00:00,19.03819189560593
2024-10-23 06:00:00+00:00,16.642390636933985
2024-10-23 07:00:00+00:00,19.086912459913815
2024-10-23 08:00:00+00:00,24.727727518128276
2024-10-23 09:00:00+00:00,25.90083169338254
2024-10-23 10:00:00+00:00,27.030744609011037
2024-10-23 11:00:00+00:00,28.31890891399721
2024-10-23 12:00:00+00:00,30.76709821738737
2024-10-23 13:00:00+00:00,29.608770930093357
2024-10-23 14:00:00+00:00,29.070779930059356
2024-10-23 15:00:00+00:00,28.900529436521524
2024-10-23 16:00:00+00:00,28.17049838924142
2024-10-23 17:00:00+00:00,27.000598910116473
2024-10-23 18:00:00+00:00,27.196729359501624
2024-10-23 19:00:00+00:00,27.193019475092342
2024-10-23 20:00:00+00:00,26.47089448200663
2024-10-23 21:00:00+00:00,25.788197881333367
2024-10-23 22:00:00+00:00,24.796776491084636
2024-10-23 23:00:00+00:00,23.366001969007424
2024-10-24 00:00:00+00:00,22.888409971743965
2024-10-24 01:00:00+00:00,23.600465638485453
2024-10-24 02:00:00+00:00,25.001435169543782
2024-10-24 03:00:00+00:00,25.442671943779708
2024-10-24 04:00:00+00:00,27.27485289463673
2024-10-24 05:00:00+00:00,21.622903770973036
2024-10-24 06:00:00+00:00,16.516941032929605
2024-10-24 07:00:00+00:00,21.91341014565031
2024-10-24 08:00:00+00:00,26.67422991101708
2024-10-24 09:00:00+00:00,29.068434241338228
2024-10-24 10:00:00+00:00,30.562266360609694
2024-10-24 11:00:00+00:00,31.55036919583074
2024-10-24 12:00:00+00:00,32.51017358652914
2024-10-24 13:00:00+00:00,31.590233214893985
2024-10-24 14:00:00+00:00,31.0129521652714
2024-10-24 15:00:00+00:00,29.659555955715895
2024-10-24 16:00:00+00:00,27.595812494415398
2024-10-24 17:00:00+00:00,27.42067526818084
2024-10-24 18:00:00+00:00,27.04481610841014
2024-10-24 19:00:00+00:00,26.938201375795
2024-10-24 20:00:00+00:00,26.479394233747193
2024-10-24 21:00:00+00:00,25.44073091851022
2024-10-24 22:00:00+00:00,24.693592123820114
2024-10-24 23:00:00+00:00,23.23370370329028
2024-10-25 00:00:00+00:00,22.508656558356023
2024-10-25 01:00:00+00:00,23.021933447324045
2024-10-25 02:00:00+00:00,23.42587583099127
2024-10-25 03:00:00+00:00,24.97517086760113
2024-10-25 04:00:00+00:00,25.535523988940135
2024-10-25 05:00:00+00:00,20.198053827168064
2024-10-25 06:00:00+00:00,16.516941032929605
2024-10-25 07:00:00+00:00,26.249381118310485
2024-10-25 08:00:00+00:00,37.006171109581274
2024-10-25 09:00:00+00:00,49.77723348005886
2024-10-25 10:00:00+00:00,51.81606350311532
2024-10-25 11:00:00+00:00,50.28322597398378
2024-10-25 12:00:00+00:00,51.27419431314021
2024-10-25 13:00:00+00:00,51.25127998313873
2024-10-25 14:00:00+00:00,52.556792946242155
2024-10-25 15:00:00+00:00,44.56259203147848
2024-10-25 16:00:00+00:00,29.540405318366005
2024-10-25 17:00:00+00:00,28.705199071402692
2024-10-25 18:00:00+00:00,28.761241232951463
2024-10-25 19:00:00+00:00,28.603311772204062
2024-10-25 20:00:00+00:00,29.38165660048363
2024-10-25 21:00:00+00:00,27.887714631363224
2024-10-25 22:00:00+00:00,27.240232191079198
2024-10-25 23:00:00+00:00,26.64251312841434
2024-10-26 00:00:00+00:00,26.311010414090337
2024-10-26 01:00:00+00:00,25.75350710044117
2024-10-26 02:00:00+00:00,25.047450753227505
2024-10-26 03:00:00+00:00,24.425585044537883
2024-10-26 04:00:00+00:00,24.40694299123643
2024-10-26 05:00:00+00:00,17.06583120567631
2024-10-26 06:00:00+00:00,16.724066111121964
2024-10-26 07:00:00+00:00,23.929263670684435
2024-10-26 08:00:00+00:00,31.478948856637043
2024-10-26 09:00:00+00:00,34.57551710189956
2024-10-26 10:00:00+00:00,34.624360176392635
2024-10-26 11:00:00+00:00,37.81059247356259
2024-10-26 12:00:00+00:00,41.966442664917594
2024-10-26 13:00:00+00:00,38.55091382094211
2024-10-26 14:00:00+00:00,37.16561047254054
2024-10-26 15:00:00+00:00,32.47913032954027
2024-10-26 16:00:00+00:00,25.446687952409413
2024-10-26 17:00:00+00:00,26.16686615522828
2024-10-26 18:00:00+00:00,27.334748281327677
2024-10-26 19:00:00+00:00,28.42354179124577
2024-10-26 20:00:00+00:00,30.018416260970586
2024-10-26 21:00:00+00:00,29.508726238513553
2024-10-26 22:00:00+00:00,28.99803948935897
2024-10-26 23:00:00+00:00,28.713832742854013
2024-10-27 00:00:00+00:00,27.242132143787092
2024-10-27 01:00:00+00:00,26.571759840591938
2024-10-27 02:00:00+00:00,26.22873934236935
2024-10-27 03:00:00+00:00,24.949303919877522
2024-10-27 04:00:00+00:00,23.6019874613122
2024-10-27 05:00:00+00:00,22.031192545426347
2024-10-27 06:00:00+00:00,21.22748400646332
2024-10-27 07:00:00+00:00,24.769486238438855
2024-10-27 08:00:00+00:00,27.57325211800907
2024-10-27 09:00:00+00:00,34.89267697505242
2024-10-27 10:00:00+00:00,38.266918014754964
2024-10-27 11:00:00+00:00,42.387680664233294
2024-10-27 12:00:00+00:00,45.53340090807701
2024-10-27 13:00:00+00:00,41.0023323302145
2024-10-27 14:00:00+00:00,36.426621179535935
2024-10-27 15:00:00+00:00,33.644443778383106
2024-10-27 16:00:00+00:00,27.04313137300326
2024-10-27 17:00:00+00:00,27.24260764138311
2024-10-27 18:00:00+00:00,26.76849428103333
2024-10-27 19:00:00+00:00,26.79740728333174
2024-10-27 20:00:00+00:00,26.529054602496334
2024-10-27 21:00:00+00:00,27.036720978435895
2024-10-27 22:00:00+00:00,26.876893156770656
2024-10-27 23:00:00+00:00,26.397864422489306
2024-10-28 00:00:00+00:00,26.68009704335061
2024-10-28 01:00:00+00:00,26.043227120920644
2024-10-28 02:00:00+00:00,24.698553976882867
2024-10-28 03:00:00+00:00,23.589147914304565
2024-10-28 04:00:00+00:00,22.30841132192056
2024-10-28 05:00:00+00:00,21.492573712257613
2024-10-28 06:00:00+00:00,22.385111763669588
2024-10-28 07:00:00+00:00,25.86631220561753
2024-10-28 08:00:00+00:00,27.978261347272618
2024-10-28 09:00:00+00:00,34.48057862440293
2024-10-28 10:00:00+00:00,40.211852151113845
2024-10-28 11:00:00+00:00,48.63545484338278
2024-10-28 12:00:00+00:00,55.76017406434746
2024-10-28 13:00:00+00:00,49.45926503802047
2024-10-28 14:00:00+00:00,43.64971020341231
2024-10-28 15:00:00+00:00,37.355334575310785
2024-10-28 16:00:00+00:00,28.579558265330128
2024-10-28 17:00:00+00:00,28.52936245628392
2024-10-28 18:00:00+00:00,27.654010846938185
2024-10-28 19:00:00+00:00,28.231502149957162
2024-10-28 20:00:00+00:00,27.494016007122323
2024-10-28 21:00:00+00:00,28.23166443665748
2024-10-28 22:00:00+00:00,27.66211413729553
2024-10-28 23:00:00+00:00,27.16897954949816
2024-10-29 00:00:00+00:00,27.53748467122402
2024-10-29 01:00:00+00:00,26.334932830793228
2024-10-29 02:00:00+00:00,25.359831969171065
2024-10-29 03:00:00+00:00,24.00866960626079
2024-10-29 04:00:00+00:00,23.192968677442735
2024-10-29 05:00:00+00:00,17.638960368322273
2024-10-29 06:00:00+00:00,18.026916227259626
2024-10-29 07:00:00+00:00,21.582427713253846
2024-10-29 08:00:00+00:00,25.239758331063143
2024-10-29 09:00:00+00:00,71.71328477367283
2024-10-29 10:00:00+00:00,82.78192277570253
2024-10-29 11:00:00+00:00,85.41357869553676
2024-10-29 12:00:00+00:00,109.58101166867088
2024-10-29 13:00:00+00:00,86.0249876774385
2024-10-29 14:00:00+00:00,74.21458351128007
2024-10-29 15:00:00+00:00,59.07269730702912
2024-10-29 16:00:00+00:00,67.18345653036835
2024-10-29 17:00:00+00:00,53.47792093427255
2024-10-29 18:00:00+00:00,41.190174677313564
2024-10-29 19:00:00+00:00,37.742287559265705
2024-10-29 20:00:00+00:00,24.65784150244998
2024-10-29 21:00:00+00:00,26.450274553403876
2024-10-29 22:00:00+00:00,26.937693029341958
2024-10-29 23:00:00+00:00,28.150494915554813
2024-10-30 00:00:00+00:00,29.306537553639018
2024-10-30 01:00:00+00:00,28.54674909098657
2024-10-30 02:00:00+00:00,27.829140907052032
2024-10-30 03:00:00+00:00,27.090290710604478
2024-10-30 04:00:00+00:00,27.128194986466657
2024-10-30 05:00:00+00:00,20.713643831454004
2024-10-30 06:00:00+00:00,19.877737795768805
2024-10-30 07:00:00+00:00,20.23307346426565
2024-10-30 08:00:00+00:00,23.175041350097086
2024-10-30 09:00:00+00:00,40.89464494781957
2024-10-30 10:00:00+00:00,57.45903652520005
2024-10-30 11:00:00+00:00,75.70796913248378
2024-10-30 12:00:00+00:00,80.79450102615004
2024-10-30 13:00:00+00:00,74.85791007063565
2024-10-30 14:00:00+00:00,66.99821710337844
2024-10-30 15:00:00+00:00,51.31095340838556
2024-10-30 16:00:00+00:00,32.894245624765766
2024-10-30 17:00:00+00:00,31.704836600196124
2024-10-30 18:00:00+00:00,29.835358395497245
2024-10-30 19:00:00+00:00,26.568371452045675
2024-10-30 20:00:00+00:00,22.72592158838666
2024-10-30 21:00:00+00:00,24.443658117781926
2024-10-30 22:00:00+00:00,26.22646186809637
2024-10-30 23:00:00+00:00,28.4685416957615
2024-10-31 00:00:00+00:00,30.671150865860707
2024-10-31 01:00:00+00:00,30.44222467695785
2024-10-31 02:00:00+00:00,29.512457302487427
2024-10-31 03:00:00+00:00,29.330232476284053
2024-10-31 04:00:00+00:00,28.40260763042384
2024-10-31 05:00:00+00:00,20.608728994056534
2024-10-31 06:00:00+00:00,19.6523826391419
2024-10-31 07:00:00+00:00,20.463367643207743
2024-10-31 08:00:00+00:00,24.788176211331404
2024-10-31 09:00:00+00:00,35.57605691987327
2024-10-31 10:00:00+00:00,40.942502392053136
2024-10-31 11:00:00+00:00,48.57684965627892
2024-10-31 12:00:00+00:00,52.67083122561322
2024-10-31 13:00:00+00:00,50.91434849291989
2024-10-31 14:00:00+00:00,47.5141809866506
2024-10-31 15:00:00+00:00,40.59744663290611
2024-10-31 16:00:00+00:00,34.201547247581615
2024-10-31 17:00:00+00:00,31.94921779469001
2024-10-31 18:00:00+00:00,28.242955372262273
2024-10-31 19:00:00+00:00,25.055376935366755
2024-10-31 20:00:00+00:00,23.20929188404079
2024-10-31 21:00:00+00:00,24.036259322996848
2024-10-31 22:00:00+00:00,24.41241454913135
2024-10-31 23:00:00+00:00,25.55919395945559
2024-11-01 00:00:00+00:00,26.56909946740783
2024-11-01 01:00:00+00:00,26.576819145149187
2024-11-01 02:00:00+00:00,26.369553371817833
2024-11-01 03:00:00+00:00,26.07469181559712
2024-11-01 04:00:00+00:00,25.743823326886865
2024-11-01 05:00:00+00:00,23.32180838586427
2024-11-01 06:00:00+00:00,23.286797906236842
2024-11-01 07:00:00+00:00,22.3619770845772
2024-11-01 08:00:00+00:00,23.659694039671887
2024-11-01 09:00:00+00:00,32.94557686479756
2024-11-01 10:00:00+00:00,38.26864375978889
2024-11-01 11:00:00+00:00,39.865062720480445
2024-11-01 12:00:00+00:00,37.748232071739324
2024-11-01 13:00:00+00:00,38.14934445844068
2024-11-01 14:00:00+00:00,38.20287303964914
2024-11-01 15:00:00+00:00,38.48509090219217
2024-11-01 16:00:00+00:00,36.38907952868602
2024-11-01 17:00:00+00:00,32.872113480221664
2024-11-01 18:00:00+00:00,28.10537346746468
2024-11-01 19:00:00+00:00,25.680286537711833
2024-11-01 20:00:00+00:00,23.222754291380532
2024-11-01 21:00:00+00:00,23.823576777800724
2024-11-01 22:00:00+00:00,24.235850342959107
2024-11-01 23:00:00+00:00,25.080415429425045
2024-11-02 00:00:00+00:00,26.85786530653697
2024-11-02 01:00:00+00:00,26.8995243987779
2024-11-02 02:00:00+00:00,26.79491470446554
2024-11-02 03:00:00+00:00,27.29794325667704
2024-11-02 04:00:00+00:00,27.1391166485817
2024-11-02 05:00:00+00:00,23.070035597325216
2024-11-02 06:00:00+00:00,21.373795667068652
2024-11-02 07:00:00+00:00,21.63072487888819
2024-11-02 08:00:00+00:00,23.57702420745643
2024-11-02 09:00:00+00:00,26.307787775024686
2024-11-02 10:00:00+00:00,29.041827363099195
2024-11-02 11:00:00+00:00,32.17757174434943
2024-11-02 12:00:00+00:00,35.409180539289245
2024-11-02 13:00:00+00:00,54.650167963355706
2024-11-02 14:00:00+00:00,82.58946712987002
2024-11-02 15:00:00+00:00,78.66107222261157
2024-11-02 16:00:00+00:00,69.65172482490179
2024-11-02 17:00:00+00:00,67.46974560757772
2024-11-02 18:00:00+00:00,53.51100562300528
2024-11-02 19:00:00+00:00,39.227445814305
2024-11-02 20:00:00+00:00,27.20535696554562
2024-11-02 21:00:00+00:00,28.744741355668996
2024-11-02 22:00:00+00:00,27.196553591543775
2024-11-02 23:00:00+00:00,25.689955780590598
2024-11-03 00:00:00+00:00,24.383136372787888
2024-11-03 01:00:00+00:00,26.347706114428796
2024-11-03 02:00:00+00:00,26.756111434526915
2024-11-03 03:00:00+00:00,27.442248872257036
2024-11-03 04:00:00+00:00,28.27948636431256
2024-11-03 05:00:00+00:00,22.06181552781236
2024-11-03 06:00:00+00:00,18.63704489276973
2024-11-03 07:00:00+00:00,23.23923120322366
2024-11-03 08:00:00+00:00,29.697564749936276
2024-11-03 09:00:00+00:00,31.831121311783967
2024-11-03 10:00:00+00:00,35.56991120864453
2024-11-03 11:00:00+00:00,36.80752365319432
2024-11-03 12:00:00+00:00,40.60092301473334
2024-11-03 13:00:00+00:00,46.24806408284353
2024-11-03 14:00:00+00:00,46.994805855432794
2024-11-03 15:00:00+00:00,42.7311136975389
2024-11-03 16:00:00+00:00,40.08503049544211
2024-11-03 17:00:00+00:00,35.868069633471464
2024-11-03 18:00:00+00:00,30.129261567374297
2024-11-03 19:00:00+00:00,29.17883571944312
2024-11-03 20:00:00+00:00,26.643426279102332
2024-11-03 21:00:00+00:00,24.98184215569851
2024-11-03 22:00:00+00:00,23.76565036345561
2024-11-03 23:00:00+00:00,22.993146429965186
2024-11-04 00:00:00+00:00,22.78518100153233
2024-11-04 01:00:00+00:00,23.72570433265003
2024-11-04 02:00:00+00:00,26.31525059493308
2024-11-04 03:00:00+00:00,27.239224231935847
2024-11-04 04:00:00+00:00,27.767965115661067
2024-11-04 05:00:00+00:00,29.062209338493094
2024-11-04 06:00:00+00:00,28.516944282850922
2024-11-04 07:00:00+00:00,29.28176049266988
2024-11-04 08:00:00+00:00,29.30083292762628
2024-11-04 09:00:00+00:00,31.575806776615877
2024-11-04 10:00:00+00:00,33.469312975988544
2024-11-04 11:00:00+00:00,32.48195486102377
2024-11-04 12:00:00+00:00,34.678666525428554
2024-11-04 13:00:00+00:00,35.067394504214
2024-11-04 14:00:00+00:00,34.672622661924926
2024-11-04 15:00:00+00:00,32.99947134386914
2024-11-04 16:00:00+00:00,33.41223271758204
2024-11-04 17:00:00+00:00,33.50273933223399
2024-11-04 18:00:00+00:00,32.79097082964471
2024-11-04 19:00:00+00:00,29.14791934128315
2024-11-04 20:00:00+00:00,25.789363348813204
2024-11-04 21:00:00+00:00,24.826162278595596
2024-11-04 22:00:00+00:00,24.32040011749503
2024-11-04 23:00:00+00:00,23.82419955951503
2024-11-05 00:00:00+00:00,22.920988584461437
2024-11-05 01:00:00+00:00,23.172590026947613
2024-11-05 02:00:00+00:00,24.356940555598378
2024-11-05 03:00:00+00:00,24.596060642549222
2024-11-05 04:00:00+00:00,26.095988380512726
2024-11-05 05:00:00+00:00,25.142567568094194
2024-11-05 06:00:00+00:00,23.04773421761034
2024-11-05 07:00:00+00:00,21.12960196253441
2024-11-05 08:00:00+00:00,26.159589183843092
2024-11-05 09:00:00+00:00,30.912719884563764
2024-11-05 10:00:00+00:00,31.3839431259723
2024-11-05 11:00:00+00:00,31.918514680237042
2024-11-05 12:00:00+00:00,30.96178860210847
2024-11-05 13:00:00+00:00,31.147250515224524
2024-11-05 14:00:00+00:00,29.867288278639876
2024-11-05 15:00:00+00:00,29.463626619478514
2024-11-05 16:00:00+00:00,28.587578325259347
2024-11-05 17:00:00+00:00,28.04871297271488
2024-11-05 18:00:00+00:00,26.91549637110354
2024-11-05 19:00:00+00:00,26.952165595128495
2024-11-05 20:00:00+00:00,26.943231075109466
2024-11-05 21:00:00+00:00,24.798929041875052
2024-11-05 22:00:00+00:00,24.248008875921922
2024-11-05 23:00:00+00:00,24.09215203253475
2024-11-06 00:00:00+00:00,23.052830816917087
2024-11-06 01:00:00+00:00,24.181401072473676
2024-11-06 02:00:00+00:00,24.373650166864202
2024-11-06 03:00:00+00:00,24.523838728536138
2024-11-06 04:00:00+00:00,25.10137177819248
2024-11-06 05:00:00+00:00,23.274462130715392
2024-11-06 06:00:00+00:00,18.987799725333797
2024-11-06 07:00:00+00:00,21.745965458955677
2024-11-06 08:00:00+00:00,26.234717165096594
2024-11-06 09:00:00+00:00,31.155689006021188
2024-11-06 10:00:00+00:00,34.429902763150174
2024-11-06 11:00:00+00:00,34.090332645373636
2024-11-06 12:00:00+00:00,34.801753643175196
2024-11-06 13:00:00+00:00,35.50946284179766
2024-11-06 14:00:00+00:00,33.70844838261374
2024-11-06 15:00:00+00:00,30.870248288313473
2024-11-06 16:00:00+00:00,26.672141318256486
2024-11-06 17:00:00+00:00,24.259122384826615
2024-11-06 18:00:00+00:00,25.767678033028893
2024-11-06 19:00:00+00:00,27.783478069256862
2024-11-06 20:00:00+00:00,30.576757959224697
2024-11-06 21:00:00+00:00,29.896039059468
2024-11-06 22:00:00+00:00,28.573786118067854
2024-11-06 23:00:00+00:00,25.987103368623433
2024-11-07 00:00:00+00:00,23.868182654630434
2024-11-07 01:00:00+00:00,22.804274967076015
2024-11-07 02:00:00+00:00,23.414826106373404
2024-11-07 03:00:00+00:00,23.66453608419016
2024-11-07 04:00:00+00:00,24.022060507083822
2024-11-07 05:00:00+00:00,23.77987765011846
2024-11-07 06:00:00+00:00,20.957905283019695
2024-11-07 07:00:00+00:00,22.29346003842924
2024-11-07 08:00:00+00:00,29.905184663426414
2024-11-07 09:00:00+00:00,43.32430639036834
2024-11-07 10:00:00+00:00,46.578970901514346
2024-11-07 11:00:00+00:00,48.74221739504926
2024-11-07 12:00:00+00:00,44.86748079117856
2024-11-07 13:00:00+00:00,45.17621838228373
2024-11-07 14:00:00+00:00,39.65402432139595
2024-11-07 15:00:00+00:00,32.784079354985494
2024-11-07 16:00:00+00:00,29.656950951985813
2024-11-07 17:00:00+00:00,25.132481019075588
2024-11-07 18:00:00+00:00,24.871588674176937
2024-11-07 19:00:00+00:00,24.76928512990566
2024-11-07 20:00:00+00:00,24.33063587651162
2024-11-07 21:00:00+00:00,23.277250993586254
2024-11-07 22:00:00+00:00,23.098460969771835
2024-11-07 23:00:00+00:00,22.99422883295366
2024-11-08 00:00:00+00:00,23.87701464033869
2024-11-08 01:00:00+00:00,24.230629412199605
2024-11-08 02:00:00+00:00,23.011432796535463
2024-11-08 03:00:00+00:00,22.347835626978032
2024-11-08 04:00:00+00:00,21.87080111661726
2024-11-08 05:00:00+00:00,20.907535174974004
2024-11-08 06:00:00+00:00,18.97871048661728
2024-11-08 07:00:00+00:00,19.247190720455915
2024-11-08 08:00:00+00:00,29.44080273697122
2024-11-08 09:00:00+00:00,45.697860586032164
2024-11-08 10:00:00+00:00,44.727147765907574
2024-11-08 11:00:00+00:00,42.92104532027572
2024-11-08 12:00:00+00:00,43.16780911935219
2024-11-08 13:00:00+00:00,46.260071119452746
2024-11-08 14:00:00+00:00,41.02421591057613
2024-11-08 15:00:00+00:00,33.628406878468596
2024-11-08 16:00:00+00:00,30.162048634971544
2024-11-08 17:00:00+00:00,25.53575386770157
2024-11-08 18:00:00+00:00,25.281063966907233
2024-11-08 19:00:00+00:00,26.475165715457603
2024-11-08 20:00:00+00:00,24.941238633912764
2024-11-08 21:00:00+00:00,24.027861851595016
2024-11-08 22:00:00+00:00,22.746834340067004
2024-11-08 23:00:00+00:00,23.246569042736148
2024-11-09 00:00:00+00:00,23.740770805820258
2024-11-09 01:00:00+00:00,23.42733705936061
2024-11-09 02:00:00+00:00,23.081435908441875
2024-11-09 03:00:00+00:00,23.013210396292333
2024-11-09 04:00:00+00:00,22.79733144743274
2024-11-09 05:00:00+00:00,22.327654930318353
2024-11-09 06:00:00+00:00,19.156505291542626
2024-11-09 07:00:00+00:00,18.42055771747548
2024-11-09 08:00:00+00:00,27.619730426845475
2024-11-09 09:00:00+00:00,36.67828063739918
2024-11-09 10:00:00+00:00,36.99336121139973
2024-11-09 11:00:00+00:00,41.270554958501805
2024-11-09 12:00:00+00:00,45.66286037756958
2024-11-09 13:00:00+00:00,47.57330601356198
2024-11-09 14:00:00+00:00,42.835201394992566
2024-11-09 15:00:00+00:00,35.73771300901589
2024-11-09 16:00:00+00:00,31.65465441220232
2024-11-09 17:00:00+00:00,25.19216264199708
2024-11-09 18:00:00+00:00,24.835463942403948
2024-11-09 19:00:00+00:00,24.44409091209107
2024-11-09 20:00:00+00:00,23.54992155987669
2024-11-09 21:00:00+00:00,23.277389343178232
2024-11-09 22:00:00+00:00,23.13416208338944
2024-11-09 23:00:00+00:00,23.618791036148185
2024-11-10 00:00:00+00:00,24.01624230402686
2024-11-10 01:00:00+00:00,23.21284316228052
2024-11-10 02:00:00+00:00,22.895775628391583
2024-11-10 03:00:00+00:00,22.79383277820515
2024-11-10 04:00:00+00:00,22.824178994607028
2024-11-10 05:00:00+00:00,23.01366203047131
2024-11-10 06:00:00+00:00,22.377686772858514
2024-11-10 07:00:00+00:00,23.748516969559493
2024-11-10 08:00:00+00:00,30.48084832561776
2024-11-10 09:00:00+00:00,33.259321984633964
2024-11-10 10:00:00+00:00,42.39325415255253
2024-11-10 11:00:00+00:00,52.07532672812534
2024-11-10 12:00:00+00:00,76.0929080059396
2024-11-10 13:00:00+00:00,70.31976858553581
2024-11-10 14:00:00+00:00,60.106462810883045
2024-11-10 15:00:00+00:00,45.15372474956539
2024-11-10 16:00:00+00:00,35.13586363636262
2024-11-10 17:00:00+00:00,24.41247819583349
2024-11-10 18:00:00+00:00,23.484841156842673
2024-11-10 19:00:00+00:00,22.343953170282642
2024-11-10 20:00:00+00:00,21.22835308324951
2024-11-10 21:00:00+00:00,21.135328238036912
2024-11-10 22:00:00+00:00,21.36853840355285
2024-11-10 23:00:00+00:00,22.48576372157802
2024-11-11 00:00:00+00:00,23.478522610635856
2024-11-11 01:00:00+00:00,24.666609034302663
2024-11-11 02:00:00+00:00,23.676521901089398
2024-11-11 03:00:00+00:00,23.020654258557634
2024-11-11 04:00:00+00:00,22.278464052833467
2024-11-11 05:00:00+00:00,21.65433817542267
2024-11-11 06:00:00+00:00,20.71062391392773
2024-11-11 07:00:00+00:00,18.96758485413681
2024-11-11 08:00:00+00:00,22.959296593514
2024-11-11 09:00:00+00:00,28.690294382975527
2024-11-11 10:00:00+00:00,53.68106241379192
2024-11-11 11:00:00+00:00,71.56857583344058
2024-11-11 12:00:00+00:00,75.49263900869026
2024-11-11 13:00:00+00:00,74.36974434083487
2024-11-11 14:00:00+00:00,69.4270232765691
2024-11-11 15:00:00+00:00,61.18672940900892
2024-11-11 16:00:00+00:00,59.11740587881574
2024-11-11 17:00:00+00:00,30.518824548383524
2024-11-11 18:00:00+00:00,28.649065317333175
2024-11-11 19:00:00+00:00,25.43454975388815
2024-11-11 20:00:00+00:00,23.108165763722965
2024-11-11 21:00:00+00:00,20.545751288110548
2024-11-11 22:00:00+00:00,20.62055891225966
2024-11-11 23:00:00+00:00,21.238123945275504
2024-11-12 00:00:00+00:00,21.336524277137038
2024-11-12 01:00:00+00:00,21.43389338647018
2024-11-12 02:00:00+00:00,22.207874461326604
2024-11-12 03:00:00+00:00,22.907181199144524
2024-11-12 04:00:00+00:00,23.573738674578834
2024-11-12 05:00:00+00:00,24.04590749363912
2024-11-12 06:00:00+00:00,23.846793687438193
2024-11-12 07:00:00+00:00,24.59078590347727
2024-11-12 08:00:00+00:00,23.635761360248654
2024-11-12 09:00:00+00:00,24.165078087023836
2024-11-12 10:00:00+00:00,59.7433729353095
2024-11-12 11:00:00+00:00,66.3003175575465
2024-11-12 12:00:00+00:00,69.09691353649806
2024-11-12 13:00:00+00:00,71.35629232195664
2024-11-12 14:00:00+00:00,68.24710279118601
2024-11-12 15:00:00+00:00,61.48874083591493
2024-11-12 16:00:00+00:00,44.95951403744385
2024-11-12 17:00:00+00:00,30.0852973864207
2024-11-12 18:00:00+00:00,29.259663318264842
2024-11-12 19:00:00+00:00,27.12513312361094
2024-11-12 20:00:00+00:00,24.713712860584437
2024-11-12 21:00:00+00:00,20.79411131384532
2024-11-12 22:00:00+00:00,21.104345849881454
2024-11-12 23:00:00+00:00,20.792924882845234
2024-11-13 00:00:00+00:00,20.878274992099243
2024-11-13 01:00:00+00:00,21.044357234316806
2024-11-13 02:00:00+00:00,21.793632306767652
2024-11-13 03:00:00+00:00,22.116451289987893
2024-11-13 04:00:00+00:00,23.226497320556057
2024-11-13 05:00:00+00:00,23.40479482148428
2024-11-13 06:00:00+00:00,21.392685730485237
2024-11-13 07:00:00+00:00,20.626230869470067
2024-11-13 08:00:00+00:00,22.691988123181634
2024-11-13 09:00:00+00:00,26.393056323285684
2024-11-13 10:00:00+00:00,37.79184469128559
2024-11-13 11:00:00+00:00,44.60817819246023
2024-11-13 12:00:00+00:00,49.306630453948856
2024-11-13 13:00:00+00:00,53.06972816481802
2024-11-13 14:00:00+00:00,51.324218156788895
2024-11-13 15:00:00+00:00,42.89743686840614
2024-11-13 16:00:00+00:00,39.54253896797263
2024-11-13 17:00:00+00:00,30.01817715999794
2024-11-13 18:00:00+00:00,27.65153445858345
2024-11-13 19:00:00+00:00,25.304603757980484
2024-11-13 20:00:00+00:00,22.256587141796256
2024-11-13 21:00:00+00:00,20.565280611317366
2024-11-13 22:00:00+00:00,20.781830814795097
2024-11-13 23:00:00+00:00,21.31493393290863
2024-11-14 00:00:00+00:00,21.677887125465414
2024-11-14 01:00:00+00:00,22.194870354869643
2024-11-14 02:00:00+00:00,22.138222956261195
2024-11-14 03:00:00+00:00,22.795227003067318
2024-11-14 04:00:00+00:00,23.034346801651775
2024-11-14 05:00:00+00:00,22.8079891098365
2024-11-14 06:00:00+00:00,20.272773725969788
2024-11-14 07:00:00+00:00,19.63650435183641
2024-11-14 08:00:00+00:00,20.51219552552907
2024-11-14 09:00:00+00:00,26.80505243784759
2024-11-14 10:00:00+00:00,35.97177563215837
2024-11-14 11:00:00+00:00,36.46711703897173
2024-11-14 12:00:00+00:00,41.68825557577801
2024-11-14 13:00:00+00:00,44.230838036264
2024-11-14 14:00:00+00:00,44.230838036264
2024-11-14 15:00:00+00:00,42.75423034543635
2024-11-14 16:00:00+00:00,43.24645348914105
2024-11-14 17:00:00+00:00,39.295945147256646
2024-11-14 18:00:00+00:00,33.60477195756943
2024-11-14 19:00:00+00:00,29.168270838349827
2024-11-14 20:00:00+00:00,23.67566920615625
2024-11-14 21:00:00+00:00,20.477197053373366
2024-11-14 22:00:00+00:00,20.515876516375556
2024-11-14 23:00:00+00:00,20.405603328795433
2024-11-15 00:00:00+00:00,20.43718032020949
2024-11-15 01:00:00+00:00,20.351167028369968
2024-11-15 02:00:00+00:00,21.49903007774989
2024-11-15 03:00:00+00:00,22.235249698085234
2024-11-15 04:00:00+00:00,23.277445113385244
2024-11-15 05:00:00+00:00,24.443773978818655
2024-11-15 06:00:00+00:00,24.73059074663067
2024-11-15 07:00:00+00:00,25.812878244437726
2024-11-15 08:00:00+00:00,24.485202259312643
2024-11-15 09:00:00+00:00,24.410794282113585
2024-11-15 10:00:00+00:00,31.705128163717692
2024-11-15 11:00:00+00:00,35.175658041191575
2024-11-15 12:00:00+00:00,31.447774351653713
2024-11-15 13:00:00+00:00,33.702529605598215
2024-11-15 14:00:00+00:00,45.77461604297013
2024-11-15 15:00:00+00:00,53.93986110323442
2024-11-15 16:00:00+00:00,64.69942194237761
2024-11-15 17:00:00+00:00,65.24776499824736
2024-11-15 18:00:00+00:00,40.9538635901893
2024-11-15 19:00:00+00:00,36.438215646717666
2024-11-15 20:00:00+00:00,32.360097822759855
2024-11-15 21:00:00+00:00,20.73264635779977
2024-11-15 22:00:00+00:00,20.426105875837653
2024-11-15 23:00:00+00:00,20.28135087981636
2024-11-16 00:00:00+00:00,20.547170782930937
2024-11-16 01:00:00+00:00,20.754353427785578
2024-11-16 02:00:00+00:00,20.968998738491088
2024-11-16 03:00:00+00:00,21.74245490659944
2024-11-16 04:00:00+00:00,21.861485592078637
2024-11-16 05:00:00+00:00,21.760622500134584
2024-11-16 06:00:00+00:00,19.27433869213629
2024-11-16 07:00:00+00:00,19.505822927352487
2024-11-16 08:00:00+00:00,21.463352084722427
2024-11-16 09:00:00+00:00,27.804143895686444
2024-11-16 10:00:00+00:00,31.098588170024268
2024-11-16 11:00:00+00:00,31.796305363358325
2024-11-16 12:00:00+00:00,31.85072720357834
2024-11-16 13:00:00+00:00,32.76442906066692
2024-11-16 14:00:00+00:00,44.02826668543278
2024-11-16 15:00:00+00:00,51.60493729306547
2024-11-16 16:00:00+00:00,61.32848268936448
2024-11-16 17:00:00+00:00,46.80924510195472
2024-11-16 18:00:00+00:00,44.40155977085433
2024-11-16 19:00:00+00:00,33.10378277315252
2024-11-16 20:00:00+00:00,29.396597056685543
2024-11-16 21:00:00+00:00,21.422323878955645
2024-11-16 22:00:00+00:00,21.518081627777356
2024-11-16 23:00:00+00:00,20.62330830227192
2024-11-17 00:00:00+00:00,20.650154014592548
2024-11-17 01:00:00+00:00,21.322883243070223
2024-11-17 02:00:00+00:00,21.844612196046658
2024-11-17 03:00:00+00:00,21.95041765659311
2024-11-17 04:00:00+00:00,21.64380264293142
2024-11-17 05:00:00+00:00,21.83102787186005
2024-11-17 06:00:00+00:00,19.380902932231557
2024-11-17 07:00:00+00:00,19.41521315947329
2024-11-17 08:00:00+00:00,19.64794741394291
2024-11-17 09:00:00+00:00,27.241177785739904
2024-11-17 10:00:00+00:00,28.708322293111728
2024-11-17 11:00:00+00:00,31.911352568145215
2024-11-17 12:00:00+00:00,35.179951945824264
2024-11-17 13:00:00+00:00,37.45783111865799
2024-11-17 14:00:00+00:00,38.28762222079756
2024-11-17 15:00:00+00:00,37.80439523832005
2024-11-17 16:00:00+00:00,36.414959597106375
2024-11-17 17:00:00+00:00,32.08901204576699
2024-11-17 18:00:00+00:00,31.79219049776047
2024-11-17 19:00:00+00:00,27.020411541642172
2024-11-17 20:00:00+00:00,25.62998933964114
2024-11-17 21:00:00+00:00,22.59071329118577
2024-11-17 22:00:00+00:00,22.279800818898103
2024-11-17 23:00:00+00:00,21.96196044810687
2024-11-18 00:00:00+00:00,20.98237851340719
2024-11-18 01:00:00+00:00,20.781302926265635
2024-11-18 02:00:00+00:00,21.07435594465249
2024-11-18 03:00:00+00:00,21.906686921058615
2024-11-18 04:00:00+00:00,22.078331637681295
2024-11-18 05:00:00+00:00,22.360113351183692
2024-11-18 06:00:00+00:00,21.530045550623047
2024-11-18 07:00:00+00:00,20.310816469937638
2024-11-18 08:00:00+00:00,22.35251112889297
2024-11-18 09:00:00+00:00,23.64928797964689
2024-11-18 10:00:00+00:00,25.969867974636127
2024-11-18 11:00:00+00:00,27.063551677963854
2024-11-18 12:00:00+00:00,27.6955850377382
2024-11-18 13:00:00+00:00,29.244100189830352
2024-11-18 14:00:00+00:00,30.96168720392038
2024-11-18 15:00:00+00:00,28.992204120669957
2024-11-18 16:00:00+00:00,28.72985301781221
2024-11-18 17:00:00+00:00,27.77903120072322
2024-11-18 18:00:00+00:00,27.94836003587004
2024-11-18 19:00:00+00:00,26.942641540249948
2024-11-18 20:00:00+00:00,26.795398657886437
2024-11-18 21:00:00+00:00,23.563785340135453
2024-11-18 22:00:00+00:00,22.142111424592343
2024-11-18 23:00:00+00:00,21.25390788817305
2024-11-19 00:00:00+00:00,20.629678338877955
2024-11-19 01:00:00+00:00,20.342632493297792
2024-11-19 02:00:00+00:00,20.537218426860576
2024-11-19 03:00:00+00:00,20.385431414697553
2024-11-19 04:00:00+00:00,20.544662614236938
2024-11-19 05:00:00+00:00,20.341567908724052
2024-11-19 06:00:00+00:00,17.583275724918458
2024-11-19 07:00:00+00:00,17.583275724918458
2024-11-19 08:00:00+00:00,20.081567330305212
2024-11-19 09:00:00+00:00,28.363372499936247
2024-11-19 10:00:00+00:00,29.057802244205813
2024-11-19 11:00:00+00:00,29.4865767511489
2024-11-19 12:00:00+00:00,29.689919476866756
2024-11-19 13:00:00+00:00,30.644241526867184
2024-11-19 14:00:00+00:00,29.508649432899514
2024-11-19 15:00:00+00:00,26.701150187517257
2024-11-19 16:00:00+00:00,24.20054323451733
2024-11-19 17:00:00+00:00,23.166377582959257
2024-11-19 18:00:00+00:00,23.963642734368406
2024-11-19 19:00:00+00:00,24.92765242265667
2024-11-19 20:00:00+00:00,26.102473641473132
2024-11-19 21:00:00+00:00,25.525794977457277
2024-11-19 22:00:00+00:00,24.099265338980654
2024-11-19 23:00:00+00:00,22.853684892204225
2024-11-20 00:00:00+00:00,21.620839068275885
2024-11-20 01:00:00+00:00,20.711959934589235
2024-11-20 02:00:00+00:00,20.199254989353545
2024-11-20 03:00:00+00:00,20.79978302229788
2024-11-20 04:00:00+00:00,20.963406337833828
2024-11-20 05:00:00+00:00,20.844457567764888
2024-11-20 06:00:00+00:00,18.566441125961873
2024-11-20 07:00:00+00:00,17.384517922589588
2024-11-20 08:00:00+00:00,18.6737703899359
2024-11-20 09:00:00+00:00,22.36326340889678
2024-11-20 10:00:00+00:00,24.21574998863027
2024-11-20 11:00:00+00:00,26.385119468669558
2024-11-20 12:00:00+00:00,28.606528620100992
2024-11-20 13:00:00+00:00,32.88937132362555
2024-11-20 14:00:00+00:00,30.614700788374197
2024-11-20 15:00:00+00:00,27.58670627258702
2024-11-20 16:00:00+00:00,25.52721699523747
2024-11-20 17:00:00+00:00,23.522565102494905
2024-11-20 18:00:00+00:00,24.18987199634234
2024-11-20 19:00:00+00:00,24.643523034165778
2024-11-20 20:00:00+00:00,25.473368120781156
2024-11-20 21:00:00+00:00,25.465967635994232
2024-11-20 22:00:00+00:00,24.254260614682494
2024-11-20 23:00:00+00:00,22.70874791442195
2024-11-21 00:00:00+00:00,21.63327772795332
2024-11-21 01:00:00+00:00,19.89196732604136
2024-11-21 02:00:00+00:00,20.14437706169426
2024-11-21 03:00:00+00:00,20.172080709903035
2024-11-21 04:00:00+00:00,20.19285629023078
2024-11-21 05:00:00+00:00,19.951153483408042
2024-11-21 06:00:00+00:00,18.493749358412902
2024-11-21 07:00:00+00:00,18.214474268110067
2024-11-21 08:00:00+00:00,19.715658975752216
2024-11-21 09:00:00+00:00,21.397061915307624
2024-11-21 10:00:00+00:00,23.155730248276498
2024-11-21 11:00:00+00:00,25.606056735222275
2024-11-21 12:00:00+00:00,28.308045212364398
2024-11-21 13:00:00+00:00,30.601499305223303
2024-11-21 14:00:00+00:00,29.808905064052865
2024-11-21 15:00:00+00:00,29.058321067197742
2024-11-21 16:00:00+00:00,28.127721097593277
2024-11-21 17:00:00+00:00,26.609620637841697
2024-11-21 18:00:00+00:00,25.446640011151384
2024-11-21 19:00:00+00:00,24.818749049435986
2024-11-21 20:00:00+00:00,24.011369460361465
2024-11-21 21:00:00+00:00,23.129577647163664
2024-11-21 22:00:00+00:00,23.05835174427327
2024-11-21 23:00:00+00:00,22.097138700361107
2024-11-22 00:00:00+00:00,21.621109548058104
2024-11-22 01:00:00+00:00,21.15467088396962
2024-11-22 02:00:00+00:00,21.23307895043847
2024-11-22 03:00:00+00:00,20.785615539001363
2024-11-22 04:00:00+00:00,20.39560150787083
2024-11-22 05:00:00+00:00,19.48597563372825
2024-11-22 06:00:00+00:00,20.881035076656627
2024-11-22 07:00:00+00:00,21.868355431836356
2024-11-22 08:00:00+00:00,21.776480359291355
2024-11-22 09:00:00+00:00,23.207773641733322
2024-11-22 10:00:00+00:00,24.417382498564045
2024-11-22 11:00:00+00:00,26.660035442261975
2024-11-22 12:00:00+00:00,28.81728088504563
2024-11-22 13:00:00+00:00,30.297651221649293
2024-11-22 14:00:00+00:00,28.936901427047637
2024-11-22 15:00:00+00:00,27.623630708218105
2024-11-22 16:00:00+00:00,26.273813886242145
2024-11-22 17:00:00+00:00,24.18944250490061
2024-11-22 18:00:00+00:00,24.008704095723903
2024-11-22 19:00:00+00:00,23.15754499700333
2024-11-22 20:00:00+00:00,22.89337914122763
2024-11-22 21:00:00+00:00,22.027522510479372
2024-11-22 22:00:00+00:00,22.336438826180025
2024-11-22 23:00:00+00:00,22.480931611930934
2024-11-23 00:00:00+00:00,21.807610125440558
2024-11-23 01:00:00+00:00,22.081130085659375
2024-11-23 02:00:00+00:00,21.366958083586198
2024-11-23 03:00:00+00:00,20.468415761374523
2024-11-23 04:00:00+00:00,20.601274531823655
2024-11-23 05:00:00+00:00,20.29576784095054
2024-11-23 06:00:00+00:00,22.645458934071545
2024-11-23 07:00:00+00:00,24.44529242721483
2024-11-23 08:00:00+00:00,23.89628428004013
2024-11-23 09:00:00+00:00,20.767516402218597
2024-11-23 10:00:00+00:00,23.698848784729993
2024-11-23 11:00:00+00:00,26.650226168725528
2024-11-23 12:00:00+00:00,29.71225750029163
2024-11-23 13:00:00+00:00,31.379612316462186
2024-11-23 14:00:00+00:00,29.954455972084002
2024-11-23 15:00:00+00:00,26.761817154903603
2024-11-23 16:00:00+00:00,25.995548140501047
2024-11-23 17:00:00+00:00,23.383792137038178
2024-11-23 18:00:00+00:00,23.43549472330795
2024-11-23 19:00:00+00:00,21.92248270209836
2024-11-23 20:00:00+00:00,21.322731216213704
2024-11-23 21:00:00+00:00,20.809607413933435
2024-11-23 22:00:00+00:00,21.104263761513593
2024-11-23 23:00:00+00:00,20.974398725175515
2024-11-24 00:00:00+00:00,21.548327037202153
2024-11-24 01:00:00+00:00,21.171734306268856
2024-11-24 02:00:00+00:00,20.64287740333701
2024-11-24 03:00:00+00:00,20.184449624720422
2024-11-24 04:00:00+00:00,19.718083044521027
2024-11-24 05:00:00+00:00,19.585200908940035
2024-11-24 06:00:00+00:00,19.142235328267905
2024-11-24 07:00:00+00:00,18.81017025256351
2024-11-24 08:00:00+00:00,21.395805899088092
2024-11-24 09:00:00+00:00,24.183851162574438
2024-11-24 10:00:00+00:00,25.612676849468603
2024-11-24 11:00:00+00:00,26.448881154281604
2024-11-24 12:00:00+00:00,27.57453449862226
2024-11-24 13:00:00+00:00,27.912375912621542
2024-11-24 14:00:00+00:00,27.912375912621542
2024-11-24 15:00:00+00:00,27.359594857888514
2024-11-24 16:00:00+00:00,26.45985046481903
2024-11-24 17:00:00+00:00,25.9843779879139
2024-11-24 18:00:00+00:00,25.158025961738492
2024-11-24 19:00:00+00:00,23.49760921367455
2024-11-24 20:00:00+00:00,22.176903065878903
2024-11-24 21:00:00+00:00,20.00501855332142
2024-11-24 22:00:00+00:00,20.42733039624604
2024-11-24 23:00:00+00:00,20.863937147428175
2024-11-25 00:00:00+00:00,21.598616468205872
2024-11-25 01:00:00+00:00,22.856064037123883
2024-11-25 02:00:00+00:00,21.929071344095657
2024-11-25 03:00:00+00:00,21.804043686913865
2024-11-25 04:00:00+00:00,21.436032914081633
2024-11-25 05:00:00+00:00,19.795959570065456
2024-11-25 06:00:00+00:00,20.697811499199847
2024-11-25 07:00:00+00:00,21.488736243656405
2024-11-25 08:00:00+00:00,20.586026417283236
2024-11-25 09:00:00+00:00,21.595116089143403
2024-11-25 10:00:00+00:00,23.427403759553897
2024-11-25 11:00:00+00:00,25.199711177770588
2024-11-25 12:00:00+00:00,25.880308594686262
2024-11-25 13:00:00+00:00,26.557393462756632
2024-11-25 14:00:00+00:00,26.497724098301155
2024-11-25 15:00:00+00:00,25.87290338677291
2024-11-25 16:00:00+00:00,26.032941134403025
2024-11-25 17:00:00+00:00,25.675421738102134
2024-11-25 18:00:00+00:00,25.20336057672449
2024-11-25 19:00:00+00:00,23.932394664494417
2024-11-25 20:00:00+00:00,23.813219843793366
2024-11-25 21:00:00+00:00,22.37243643466353
2024-11-25 22:00:00+00:00,22.17429542916191
2024-11-25 23:00:00+00:00,22.43616125336322
2024-11-26 00:00:00+00:00,22.611593317243965
2024-11-26 01:00:00+00:00,21.952372041718014
2024-11-26 02:00:00+00:00,22.280455425729883
2024-11-26 03:00:00+00:00,22.050206945461387
2024-11-26 04:00:00+00:00,21.610233708936928
2024-11-26 05:00:00+00:00,21.36377738939771
2024-11-26 06:00:00+00:00,20.441094214072177
2024-11-26 07:00:00+00:00,20.009048157090415
2024-11-26 08:00:00+00:00,21.455322783518604
2024-11-26 09:00:00+00:00,23.48795060836013
2024-11-26 10:00:00+00:00,23.93713703621472
2024-11-26 11:00:00+00:00,24.863587674811278
2024-11-26 12:00:00+00:00,25.75990700700602
2024-11-26 13:00:00+00:00,25.660274494470073
2024-11-26 14:00:00+00:00,25.574011423193365
2024-11-26 15:00:00+00:00,24.895284736104355
2024-11-26 16:00:00+00:00,24.088187996521622
2024-11-26 17:00:00+00:00,23.366973485857123
2024-11-26 18:00:00+00:00,23.2837381978469
2024-11-26 19:00:00+00:00,22.929205987010835
2024-11-26 20:00:00+00:00,22.035348784501874
2024-11-26 21:00:00+00:00,21.69165719511927
2024-11-26 22:00:00+00:00,22.07051990777215
2024-11-26 23:00:00+00:00,21.252215911793765
2024-11-27 00:00:00+00:00,21.311347899983097
2024-11-27 01:00:00+00:00,21.016027481402983
2024-11-27 02:00:00+00:00,21.82497764087814
2024-11-27 03:00:00+00:00,21.957333592388256
2024-11-27 04:00:00+00:00,22.340907233244202
2024-11-27 05:00:00+00:00,22.353145852346312
2024-11-27 06:00:00+00:00,22.59578237126229
2024-11-27 07:00:00+00:00,22.61372904051969
2024-11-27 08:00:00+00:00,23.812241256434184
2024-11-27 09:00:00+00:00,23.557491880230057
2024-11-27 10:00:00+00:00,24.394074197573367
2024-11-27 11:00:00+00:00,25.13121515654783
2024-11-27 12:00:00+00:00,26.05233260272959
2024-11-27 13:00:00+00:00,26.967670935971707
2024-11-27 14:00:00+00:00,26.967670935971707
2024-11-27 15:00:00+00:00,26.478782934822785
2024-11-27 16:00:00+00:00,26.52585049150115
2024-11-27 17:00:00+00:00,26.281400641458653
2024-11-27 18:00:00+00:00,25.319723676174437
2024-11-27 19:00:00+00:00,23.882897621112324
2024-11-27 20:00:00+00:00,22.576785404582438
2024-11-27 21:00:00+00:00,19.551916760605934
2024-11-27 22:00:00+00:00,19.51245872799208
2024-11-27 23:00:00+00:00,19.551795598671895
2024-11-28 00:00:00+00:00,20.23098491633718
2024-11-28 01:00:00+00:00,20.162057820096916
2024-11-28 02:00:00+00:00,20.530965199821512
2024-11-28 03:00:00+00:00,20.718288414128015
2024-11-28 04:00:00+00:00,20.577611883182218
2024-11-28 05:00:00+00:00,21.388391021989868
2024-11-28 06:00:00+00:00,19.227510487348273
2024-11-28 07:00:00+00:00,19.287164137993617
2024-11-28 08:00:00+00:00,19.235506213554885
2024-11-28 09:00:00+00:00,22.189895825440832
2024-11-28 10:00:00+00:00,23.997309734507127
2024-11-28 11:00:00+00:00,26.403613324621027
2024-11-28 12:00:00+00:00,28.267215326862
2024-11-28 13:00:00+00:00,29.59261667614927
2024-11-28 14:00:00+00:00,28.951273834355366
2024-11-28 15:00:00+00:00,26.950609719780886
2024-11-28 16:00:00+00:00,24.652637389973243
2024-11-28 17:00:00+00:00,22.141542425377644
2024-11-28 18:00:00+00:00,22.81201771245799
2024-11-28 19:00:00+00:00,23.327638115752528
2024-11-28 20:00:00+00:00,23.54690668004077
2024-11-28 21:00:00+00:00,23.57805824556303
2024-11-28 22:00:00+00:00,22.824828385022002
2024-11-28 23:00:00+00:00,22.199200354117902
2024-11-29 00:00:00+00:00,21.184230605053127
2024-11-29 01:00:00+00:00,20.424310549661403
2024-11-29 02:00:00+00:00,21.411132744483574
2024-11-29 03:00:00+00:00,21.578709313491917
2024-11-29 04:00:00+00:00,22.744776702057237
2024-11-29 05:00:00+00:00,22.936067317930743
2024-11-29 06:00:00+00:00,21.6423767456037
2024-11-29 07:00:00+00:00,22.3942988860879
2024-11-29 08:00:00+00:00,21.637268564138235
2024-11-29 09:00:00+00:00,21.94538427221269
2024-11-29 10:00:00+00:00,23.12719794907563
2024-11-29 11:00:00+00:00,24.281678815712624
2024-11-29 12:00:00+00:00,25.340835577951903
2024-11-29 13:00:00+00:00,26.21474869358177
2024-11-29 14:00:00+00:00,25.70654899769806
2024-11-29 15:00:00+00:00,24.352753898109633
2024-11-29 16:00:00+00:00,23.309831137311345
2024-11-29 17:00:00+00:00,22.128058283942995
2024-11-29 18:00:00+00:00,22.275894486610373
2024-11-29 19:00:00+00:00,22.48921847993044
2024-11-29 20:00:00+00:00,22.200411944161054
2024-11-29 21:00:00+00:00,22.366511465472072
2024-11-29 22:00:00+00:00,22.628243477855616
2024-11-29 23:00:00+00:00,22.52231818018497
2024-11-30 00:00:00+00:00,22.30261595936547
2024-11-30 01:00:00+00:00,21.59245985563073
2024-11-30 02:00:00+00:00,22.599984657761098
2024-11-30 03:00:00+00:00,22.809917798131544
2024-11-30 04:00:00+00:00,23.156711752395918
2024-11-30 05:00:00+00:00,22.631612437772766
2024-11-30 06:00:00+00:00,26.142471489971655
2024-11-30 07:00:00+00:00,29.397025848062206
2024-11-30 08:00:00+00:00,27.376295042963672
2024-11-30 09:00:00+00:00,25.460461661413326
2024-11-30 10:00:00+00:00,25.556897706013874
2024-11-30 11:00:00+00:00,26.51630840657902
2024-11-30 12:00:00+00:00,27.694661385504
2024-11-30 13:00:00+00:00,28.815113382077755
2024-11-30 14:00:00+00:00,27.643734927221516
2024-11-30 15:00:00+00:00,25.911973774976392
2024-11-30 16:00:00+00:00,24.60422298185723
2024-11-30 17:00:00+00:00,24.212764158207673
2024-11-30 18:00:00+00:00,24.047951719445166
2024-11-30 19:00:00+00:00,22.67590440241831
2024-11-30 20:00:00+00:00,21.873590162467234
2024-11-30 21:00:00+00:00,20.292365835337613
2024-11-30 22:00:00+00:00,20.794497997887554
2024-11-30 23:00:00+00:00,20.683626058475696
2024-12-01 00:00:00+00:00,22.151141932284055
2024-12-01 01:00:00+00:00,22.106447659022102
2024-12-01 02:00:00+00:00,22.126417204977564
2024-12-01 03:00:00+00:00,21.998581253035837
2024-12-01 04:00:00+00:00,21.74423788869601
2024-12-01 05:00:00+00:00,21.881452030966162
2024-12-01 06:00:00+00:00,22.579536485574835
2024-12-01 07:00:00+00:00,22.988301293515033
2024-12-01 08:00:00+00:00,25.364582829188116
2024-12-01 09:00:00+00:00,26.27434656292835
2024-12-01 10:00:00+00:00,27.948364780654543
2024-12-01 11:00:00+00:00,27.34750863089068
2024-12-01 12:00:00+00:00,27.67044344524561
2024-12-01 13:00:00+00:00,27.115405354358803
2024-12-01 14:00:00+00:00,25.949325508735964
2024-12-01 15:00:00+00:00,24.93635941977338
2024-12-01 16:00:00+00:00,22.990852913535946
2024-12-01 17:00:00+00:00,20.936514983683878
2024-12-01 18:00:00+00:00,22.410898531846897
2024-12-01 19:00:00+00:00,23.355244970000918
2024-12-01 20:00:00+00:00,23.317757300324576
2024-12-01 21:00:00+00:00,24.327023360426168
2024-12-01 22:00:00+00:00,23.056586732928466
2024-12-01 23:00:00+00:00,22.259338893831412
2024-12-02 00:00:00+00:00,20.30033000872224
2024-12-02 01:00:00+00:00,19.650246829107996
2024-12-02 02:00:00+00:00,19.877818784441338
2024-12-02 03:00:00+00:00,20.57907427542485
2024-12-02 04:00:00+00:00,20.755006066095902
2024-12-02 05:00:00+00:00,20.74575092019667
2024-12-02 06:00:00+00:00,25.174604627781896
2024-12-02 07:00:00+00:00,28.293100770243424
2024-12-02 08:00:00+00:00,26.221913600503616
2024-12-02 09:00:00+00:00,23.30451598968023
2024-12-02 10:00:00+00:00,24.55257576489613
2024-12-02 11:00:00+00:00,25.4029672511215
2024-12-02 12:00:00+00:00,26.312206898550468
2024-12-02 13:00:00+00:00,28.15145847160573
2024-12-02 14:00:00+00:00,26.160461533192358
2024-12-02 15:00:00+00:00,25.730206146358366
2024-12-02 16:00:00+00:00,25.315888493714827
2024-12-02 17:00:00+00:00,23.952018131875942
2024-12-02 18:00:00+00:00,23.92700908675206
2024-12-02 19:00:00+00:00,23.126640886274455
2024-12-02 20:00:00+00:00,22.41914793878389
2024-12-02 21:00:00+00:00,21.126913051376036
2024-12-02 22:00:00+00:00,21.388626266320234
2024-12-02 23:00:00+00:00,21.395852659995967
2024-12-03 00:00:00+00:00,22.251425963779404
2024-12-03 01:00:00+00:00,23.259120732612278
2024-12-03 02:00:00+00:00,23.017864469699596
2024-12-03 03:00:00+00:00,22.041964586385603
2024-12-03 04:00:00+00:00,21.946788503464404
2024-12-03 05:00:00+00:00,21.693131013621244
2024-12-03 06:00:00+00:00,25.49246093860036
2024-12-03 07:00:00+00:00,28.75600267590309
2024-12-03 08:00:00+00:00,27.339859642768488
2024-12-03 09:00:00+00:00,27.407833231159017
2024-12-03 10:00:00+00:00,27.95490478987661
2024-12-03 11:00:00+00:00,28.394063182954035
2024-12-03 12:00:00+00:00,28.387291342593542
2024-12-03 13:00:00+00:00,28.292494371849976
2024-12-03 14:00:00+00:00,26.797561195912387
2024-12-03 15:00:00+00:00,25.531104102804367
2024-12-03 16:00:00+00:00,24.643542852461117
2024-12-03 17:00:00+00:00,23.611107642894915
2024-12-03 18:00:00+00:00,23.32094447480495
2024-12-03 19:00:00+00:00,22.53414598533623
2024-12-03 20:00:00+00:00,21.696702834376495
2024-12-03 21:00:00+00:00,20.67888345071065
2024-12-03 22:00:00+00:00,20.499190847170052
2024-12-03 23:00:00+00:00,21.149866882338216
2024-12-04 00:00:00+00:00,21.079963289884578
2024-12-04 01:00:00+00:00,21.741696451919847
2024-12-04 02:00:00+00:00,22.11713135110587
2024-12-04 03:00:00+00:00,23.029067403291524
2024-12-04 04:00:00+00:00,23.321071426668404
2024-12-04 05:00:00+00:00,23.4978260991196
2024-12-04 06:00:00+00:00,25.003804460300255
2024-12-04 07:00:00+00:00,25.43741839601767
2024-12-04 08:00:00+00:00,26.867196953384738
2024-12-04 09:00:00+00:00,28.627939172389766
2024-12-04 10:00:00+00:00,29.300524169833487
2024-12-04 11:00:00+00:00,30.605955746422467
2024-12-04 12:00:00+00:00,29.55456699374912
2024-12-04 13:00:00+00:00,29.16951618805101
2024-12-04 14:00:00+00:00,28.037498204921388
2024-12-04 15:00:00+00:00,26.873276698433365
2024-12-04 16:00:00+00:00,24.990867493560113
2024-12-04 17:00:00+00:00,23.617701089618212
2024-12-04 18:00:00+00:00,24.147914198252632
2024-12-04 19:00:00+00:00,23.519629219239505
2024-12-04 20:00:00+00:00,23.426632895998704
2024-12-04 21:00:00+00:00,23.850193796540953
2024-12-04 22:00:00+00:00,22.930155935162183
2024-12-04 23:00:00+00:00,22.029161516960503
2024-12-05 00:00:00+00:00,20.11327755343878
2024-12-05 01:00:00+00:00,20.191800379894776
2024-12-05 02:00:00+00:00,20.252960477971943
2024-12-05 03:00:00+00:00,20.897087750270476
2024-12-05 04:00:00+00:00,20.890171932558395
2024-12-05 05:00:00+00:00,22.191434994405785
2024-12-05 06:00:00+00:00,24.276505910282868
2024-12-05 07:00:00+00:00,24.718856184598433
2024-12-05 08:00:00+00:00,26.732995158262217
2024-12-05 09:00:00+00:00,26.256769947580608
2024-12-05 10:00:00+00:00,28.38754793508799
2024-12-05 11:00:00+00:00,29.60637500855267
2024-12-05 12:00:00+00:00,29.92991634133057
2024-12-05 13:00:00+00:00,32.93043999007696
2024-12-05 14:00:00+00:00,32.04511567282527
2024-12-05 15:00:00+00:00,30.78779023943422
2024-12-05 16:00:00+00:00,27.761581493079486
2024-12-05 17:00:00+00:00,25.50863195265253
2024-12-05 18:00:00+00:00,23.961169123957703
2024-12-05 19:00:00+00:00,22.65625754812659
2024-12-05 20:00:00+00:00,20.298310541308986
2024-12-05 21:00:00+00:00,19.656456511787344
2024-12-05 22:00:00+00:00,19.766700096627453
2024-12-05 23:00:00+00:00,20.3748917049178
2024-12-06 00:00:00+00:00,21.91720314496373
2024-12-06 01:00:00+00:00,23.02320876105479
2024-12-06 02:00:00+00:00,22.816551843408064
2024-12-06 03:00:00+00:00,21.646101123568524
2024-12-06 04:00:00+00:00,20.789134214654922
2024-12-06 05:00:00+00:00,20.044630960267433
2024-12-06 06:00:00+00:00,24.772716721066896
2024-12-06 07:00:00+00:00,27.359428631130328
2024-12-06 08:00:00+00:00,27.527275158108633
2024-12-06 09:00:00+00:00,28.35424875848895
2024-12-06 10:00:00+00:00,28.518632090389133
2024-12-06 11:00:00+00:00,28.909126744169697
2024-12-06 12:00:00+00:00,29.43960298319668
2024-12-06 13:00:00+00:00,29.771542309493206
2024-12-06 14:00:00+00:00,28.745358986854846
2024-12-06 15:00:00+00:00,26.47253582231834
2024-12-06 16:00:00+00:00,24.81981590170298
2024-12-06 17:00:00+00:00,23.468815552458477
2024-12-06 18:00:00+00:00,23.131793887601038
2024-12-06 19:00:00+00:00,23.211336996561716
2024-12-06 20:00:00+00:00,22.855945577172236
2024-12-06 21:00:00+00:00,22.95655855018209
2024-12-06 22:00:00+00:00,22.009700521070613
2024-12-06 23:00:00+00:00,21.43947063525916
2024-12-07 00:00:00+00:00,20.068557574083194
2024-12-07 01:00:00+00:00,20.10359232029084
2024-12-07 02:00:00+00:00,20.64415018283426
2024-12-07 03:00:00+00:00,20.876670822604197
2024-12-07 04:00:00+00:00,22.098379357638425
2024-12-07 05:00:00+00:00,22.889453073209772
2024-12-07 06:00:00+00:00,25.637251981998354
2024-12-07 07:00:00+00:00,28.176667091231213
2024-12-07 08:00:00+00:00,27.62705945501653
2024-12-07 09:00:00+00:00,28.03671339987449
2024-12-07 10:00:00+00:00,28.828636055545623
2024-12-07 11:00:00+00:00,30.037799420278617
2024-12-07 12:00:00+00:00,30.705657430509675
2024-12-07 13:00:00+00:00,31.110228954999055
2024-12-07 14:00:00+00:00,29.21771299530887
2024-12-07 15:00:00+00:00,28.025628023399392
2024-12-07 16:00:00+00:00,24.903928018166685
2024-12-07 17:00:00+00:00,23.42456590122952
2024-12-07 18:00:00+00:00,22.903712803133097
2024-12-07 19:00:00+00:00,22.52276860303024
2024-12-07 20:00:00+00:00,22.466877672964326
2024-12-07 21:00:00+00:00,22.35984591612511
2024-12-07 22:00:00+00:00,21.873676660229773
2024-12-07 23:00:00+00:00,20.69167752908572
2024-12-08 00:00:00+00:00,19.768105446906173
2024-12-08 01:00:00+00:00,19.845243084874106
2024-12-08 02:00:00+00:00,19.769202762870517
2024-12-08 03:00:00+00:00,21.153962757762805
2024-12-08 04:00:00+00:00,22.10154190701094
2024-12-08 05:00:00+00:00,22.960418936347498
2024-12-08 06:00:00+00:00,25.115310414619536
2024-12-08 07:00:00+00:00,26.55601380791076
2024-12-08 08:00:00+00:00,28.785035956979783
2024-12-08 09:00:00+00:00,30.85149644496921
2024-12-08 10:00:00+00:00,32.26521600368829
2024-12-08 11:00:00+00:00,32.516924370215165
2024-12-08 12:00:00+00:00,32.50786782805563
2024-12-08 13:00:00+00:00,32.51806662719938
2024-12-08 14:00:00+00:00,31.23046563976714
2024-12-08 15:00:00+00:00,30.200231999177216
2024-12-08 16:00:00+00:00,27.530554843582127
2024-12-08 17:00:00+00:00,25.446090823698096
2024-12-08 18:00:00+00:00,24.858737172270487
2024-12-08 19:00:00+00:00,23.80362809963572
2024-12-08 20:00:00+00:00,23.27650489172262
2024-12-08 21:00:00+00:00,22.684343604710655
2024-12-08 22:00:00+00:00,22.36889246567333
2024-12-08 23:00:00+00:00,21.88006887252001
2024-12-09 00:00:00+00:00,23.04540859578655
2024-12-09 01:00:00+00:00,23.265468900200965
2024-12-09 02:00:00+00:00,23.032996002349922
2024-12-09 03:00:00+00:00,22.231814382726544
2024-12-09 04:00:00+00:00,21.353001681660828
2024-12-09 05:00:00+00:00,21.249095433943353
2024-12-09 06:00:00+00:00,25.390791043328388
2024-12-09 07:00:00+00:00,29.166291774194878
2024-12-09 08:00:00+00:00,29.16842168420123
2024-12-09 09:00:00+00:00,27.919000550791612
2024-12-09 10:00:00+00:00,29.232319203414555
2024-12-09 11:00:00+00:00,30.377777282234355
2024-12-09 12:00:00+00:00,31.23189885524134
2024-12-09 13:00:00+00:00,31.867194410810054
2024-12-09 14:00:00+00:00,30.96621874121452
2024-12-09 15:00:00+00:00,30.160402636985193
2024-12-09 16:00:00+00:00,28.13412565886356
2024-12-09 17:00:00+00:00,26.902114441487182
2024-12-09 18:00:00+00:00,26.348758389016968
2024-12-09 19:00:00+00:00,26.02235812622672
2024-12-09 20:00:00+00:00,25.25563228051496
2024-12-09 21:00:00+00:00,24.323707982253847
2024-12-09 22:00:00+00:00,23.213627851111454
2024-12-09 23:00:00+00:00,21.091616923120366
2024-12-10 00:00:00+00:00,20.251251341704286
2024-12-10 01:00:00+00:00,20.019319336719583
2024-12-10 02:00:00+00:00,20.17532890292325
2024-12-10 03:00:00+00:00,20.825811067783018
2024-12-10 04:00:00+00:00,22.90689447628731
2024-12-10 05:00:00+00:00,23.755872984676778
2024-12-10 06:00:00+00:00,24.52375881784997
2024-12-10 07:00:00+00:00,24.91009253277545
2024-12-10 08:00:00+00:00,24.659491360613597
2024-12-10 09:00:00+00:00,25.938586855409287
2024-12-10 10:00:00+00:00,26.89910744840024
2024-12-10 11:00:00+00:00,27.864698818253224
2024-12-10 12:00:00+00:00,28.65449929969298
2024-12-10 13:00:00+00:00,29.682223304934826
2024-12-10 14:00:00+00:00,27.787836851242044
2024-12-10 15:00:00+00:00,26.720287288780632
2024-12-10 16:00:00+00:00,24.039159557781023
2024-12-10 17:00:00+00:00,21.749406377498413
2024-12-10 18:00:00+00:00,21.95013367580315
2024-12-10 19:00:00+00:00,22.50794866237283
2024-12-10 20:00:00+00:00,22.40889469094026
2024-12-10 21:00:00+00:00,22.767441002837753
2024-12-10 22:00:00+00:00,22.832274994111575
2024-12-10 23:00:00+00:00,22.031739418364094
2024-12-11 00:00:00+00:00,21.95624160584946
2024-12-11 01:00:00+00:00,22.068941387742086
2024-12-11 02:00:00+00:00,21.88013342672288
2024-12-11 03:00:00+00:00,21.97401407000412
2024-12-11 04:00:00+00:00,22.057576794547476
2024-12-11 05:00:00+00:00,21.579050370047664
2024-12-11 06:00:00+00:00,23.11804603521408
2024-12-11 07:00:00+00:00,24.193339655343035
2024-12-11 08:00:00+00:00,26.13849095721123
2024-12-11 09:00:00+00:00,27.743152436950776
2024-12-11 10:00:00+00:00,28.249439368180347
2024-12-11 11:00:00+00:00,28.807715920525403
2024-12-11 12:00:00+00:00,29.838956424843133
2024-12-11 13:00:00+00:00,30.545737353749793
2024-12-11 14:00:00+00:00,28.66102078172002
2024-12-11 15:00:00+00:00,27.342545251569092
2024-12-11 16:00:00+00:00,24.98706662201861
2024-12-11 17:00:00+00:00,23.29531706727558
2024-12-11 18:00:00+00:00,23.064583998937998
2024-12-11 19:00:00+00:00,22.79528283055909
2024-12-11 20:00:00+00:00,22.777868770775783
2024-12-11 21:00:00+00:00,22.011917831523338
2024-12-11 22:00:00+00:00,21.84967811924109
2024-12-11 23:00:00+00:00,22.090587554385767
2024-12-12 00:00:00+00:00,22.03615263131158
2024-12-12 01:00:00+00:00,23.091508216394143
2024-12-12 02:00:00+00:00,22.871807733423953
2024-12-12 03:00:00+00:00,22.14288936874934
2024-12-12 04:00:00+00:00,22.12363686847824
2024-12-12 05:00:00+00:00,21.12258272647386
2024-12-12 06:00:00+00:00,24.89260792984559
2024-12-12 07:00:00+00:00,26.764874805295232
2024-12-12 08:00:00+00:00,27.384938286647834
2024-12-12 09:00:00+00:00,28.2374738990559
2024-12-12 10:00:00+00:00,30.581510910249673
2024-12-12 11:00:00+00:00,31.312965968547346
2024-12-12 12:00:00+00:00,31.94705100592284
2024-12-12 13:00:00+00:00,36.61163503423369
2024-12-12 14:00:00+00:00,35.88459470996935
2024-12-12 15:00:00+00:00,33.49596840335167
2024-12-12 16:00:00+00:00,29.792786960886623
2024-12-12 17:00:00+00:00,28.30847021272993
2024-12-12 18:00:00+00:00,27.21291081309902
2024-12-12 19:00:00+00:00,26.76938999875435
2024-12-12 20:00:00+00:00,25.244550801073636
2024-12-12 21:00:00+00:00,23.51858048335996
2024-12-12 22:00:00+00:00,23.35253508312071
2024-12-12 23:00:00+00:00,22.224630308925008
2024-12-13 00:00:00+00:00,22.590825835502454
2024-12-13 01:00:00+00:00,23.038946308798344
2024-12-13 02:00:00+00:00,23.170667675830448
2024-12-13 03:00:00+00:00,23.046758444270186
2024-12-13 04:00:00+00:00,24.028828768116234
2024-12-13 05:00:00+00:00,24.176668857907917
2024-12-13 06:00:00+00:00,21.74690403629685
2024-12-13 07:00:00+00:00,21.78838875739598
2024-12-13 08:00:00+00:00,24.0723344823024
2024-12-13 09:00:00+00:00,27.849985321161967
2024-12-13 10:00:00+00:00,28.55546910049515
2024-12-13 11:00:00+00:00,29.66407090280569
2024-12-13 12:00:00+00:00,29.820396730923527
2024-12-13 13:00:00+00:00,30.665919082224843
2024-12-13 14:00:00+00:00,29.008963026483325
2024-12-13 15:00:00+00:00,27.310907078307434
2024-12-13 16:00:00+00:00,25.77984852026406
2024-12-13 17:00:00+00:00,24.41114914477067
2024-12-13 18:00:00+00:00,25.312240913402956
2024-12-13 19:00:00+00:00,25.653269678776145
2024-12-13 20:00:00+00:00,25.692846713030402
2024-12-13 21:00:00+00:00,26.054372039816972
2024-12-13 22:00:00+00:00,25.64660364891471
2024-12-13 23:00:00+00:00,25.545875360021054
2024-12-14 00:00:00+00:00,24.789339131818632
2024-12-14 01:00:00+00:00,23.774738662884644
2024-12-14 02:00:00+00:00,23.423991039476228
2024-12-14 03:00:00+00:00,22.46174248287219
2024-12-14 04:00:00+00:00,21.195152333295464
2024-12-14 05:00:00+00:00,20.470529945130103
2024-12-14 06:00:00+00:00,20.9825730158938
2024-12-14 07:00:00+00:00,22.076791547245186
2024-12-14 08:00:00+00:00,24.19341939660201
2024-12-14 09:00:00+00:00,30.482853977930183
2024-12-14 10:00:00+00:00,29.679070669937673
2024-12-14 11:00:00+00:00,27.769195530803813
2024-12-14 12:00:00+00:00,26.952904750870815
2024-12-14 13:00:00+00:00,25.39928094843454
2024-12-14 14:00:00+00:00,25.087643424379007
2024-12-14 15:00:00+00:00,25.034252553899485
2024-12-14 16:00:00+00:00,25.513077644943206
2024-12-14 17:00:00+00:00,25.884833263703907
2024-12-14 18:00:00+00:00,25.08370072726745
2024-12-14 19:00:00+00:00,23.339697104553327
2024-12-14 20:00:00+00:00,22.478261995375682
2024-12-14 21:00:00+00:00,21.268790352850367
2024-12-14 22:00:00+00:00,21.3623830704403
2024-12-14 23:00:00+00:00,21.14067225549894
2024-12-15 00:00:00+00:00,22.051125269286977
2024-12-15 01:00:00+00:00,22.195359194210916
2024-12-15 02:00:00+00:00,23.300433763235752
2024-12-15 03:00:00+00:00,23.801172377172662
2024-12-15 04:00:00+00:00,24.139160483983034
2024-12-15 05:00:00+00:00,23.810362827946495
2024-12-15 06:00:00+00:00,23.685862799734906
2024-12-15 07:00:00+00:00,22.348612870079396
2024-12-15 08:00:00+00:00,25.712527110891294
2024-12-15 09:00:00+00:00,28.25648444018836
2024-12-15 10:00:00+00:00,28.1034455820183
2024-12-15 11:00:00+00:00,26.83634842318618
2024-12-15 12:00:00+00:00,26.534365601364208
2024-12-15 13:00:00+00:00,25.048686695469492
2024-12-15 14:00:00+00:00,25.599479626551492
2024-12-15 15:00:00+00:00,26.96918491052002
2024-12-15 16:00:00+00:00,27.202890184672487
2024-12-15 17:00:00+00:00,27.41151506327503
2024-12-15 18:00:00+00:00,25.937099599319946
2024-12-15 19:00:00+00:00,24.69871244276292
2024-12-15 20:00:00+00:00,23.533275056224976
2024-12-15 21:00:00+00:00,21.205385164133578
2024-12-15 22:00:00+00:00,21.263434128209855
2024-12-15 23:00:00+00:00,21.446185686893074
2024-12-16 00:00:00+00:00,21.83108482165449
2024-12-16 01:00:00+00:00,21.98796833998004
2024-12-16 02:00:00+00:00,21.781357898328647
2024-12-16 03:00:00+00:00,22.687415432094976
2024-12-16 04:00:00+00:00,23.42268448897596
2024-12-16 05:00:00+00:00,23.753471353112086
2024-12-16 06:00:00+00:00,22.509347224509693
2024-12-16 07:00:00+00:00,21.842570794876497
2024-12-16 08:00:00+00:00,24.785394716282692
2024-12-16 09:00:00+00:00,28.02890402942868
2024-12-16 10:00:00+00:00,28.605501648700617
2024-12-16 11:00:00+00:00,28.70689882205825
2024-12-16 12:00:00+00:00,29.18304323177977
2024-12-16 13:00:00+00:00,28.964243862417614
2024-12-16 14:00:00+00:00,28.68167007148873
2024-12-16 15:00:00+00:00,28.311818785883236
2024-12-16 16:00:00+00:00,27.952387159857025
2024-12-16 17:00:00+00:00,26.732291739172823
2024-12-16 18:00:00+00:00,27.640567386900997
2024-12-16 19:00:00+00:00,27.10387379950638
2024-12-16 20:00:00+00:00,26.936668275531222
2024-12-16 21:00:00+00:00,26.789182435341644
2024-12-16 22:00:00+00:00,26.210042767344675
2024-12-16 23:00:00+00:00,25.632338700115525
2024-12-17 00:00:00+00:00,25.606619787077875
2024-12-17 01:00:00+00:00,23.80650633236188
2024-12-17 02:00:00+00:00,24.26887162414534
2024-12-17 03:00:00+00:00,24.20454178935464
2024-12-17 04:00:00+00:00,23.627586153342374
2024-12-17 05:00:00+00:00,24.12010413291168
2024-12-17 06:00:00+00:00,22.50917593952391
2024-12-17 07:00:00+00:00,20.027296196204254
2024-12-17 08:00:00+00:00,23.797591657736444
2024-12-17 09:00:00+00:00,28.436482871930345
2024-12-17 10:00:00+00:00,28.741562516292653
2024-12-17 11:00:00+00:00,28.078078992687672
2024-12-17 12:00:00+00:00,26.62442219738114
2024-12-17 13:00:00+00:00,25.33986743264496
2024-12-17 14:00:00+00:00,26.349069329466882
2024-12-17 15:00:00+00:00,26.15101172718887
2024-12-17 16:00:00+00:00,25.5656420980619
2024-12-17 17:00:00+00:00,24.437023481680264
2024-12-17 18:00:00+00:00,24.047172188567487
2024-12-17 19:00:00+00:00,23.329695501546478
2024-12-17 20:00:00+00:00,22.865132570237645
2024-12-17 21:00:00+00:00,22.60817141342706
2024-12-17 22:00:00+00:00,23.49947940089283
2024-12-17 23:00:00+00:00,24.819917178510188
2024-12-18 00:00:00+00:00,25.1127577459926
2024-12-18 01:00:00+00:00,25.693640390737528
2024-12-18 02:00:00+00:00,26.12611883024397
2024-12-18 03:00:00+00:00,25.943048337842317
2024-12-18 04:00:00+00:00,26.17441728456907
2024-12-18 05:00:00+00:00,26.92127116881289
2024-12-18 06:00:00+00:00,25.544809235425948
2024-12-18 07:00:00+00:00,24.51113987154743
2024-12-18 08:00:00+00:00,26.001466745624157
2024-12-18 09:00:00+00:00,27.91350443326594
2024-12-18 10:00:00+00:00,28.8633412631738
2024-12-18 11:00:00+00:00,30.010012548881072
2024-12-18 12:00:00+00:00,28.46579890106264
2024-12-18 13:00:00+00:00,29.529287926028225
2024-12-18 14:00:00+00:00,28.458616456883068
2024-12-18 15:00:00+00:00,27.37772202306243
2024-12-18 16:00:00+00:00,26.567201798733976
2024-12-18 17:00:00+00:00,23.996306061300746
2024-12-18 18:00:00+00:00,23.87733238573333
2024-12-18 19:00:00+00:00,24.002525624499793
2024-12-18 20:00:00+00:00,23.90686492147523
2024-12-18 21:00:00+00:00,22.8570993741659
2024-12-18 22:00:00+00:00,22.77954962604031
2024-12-18 23:00:00+00:00,22.201388405724014
2024-12-19 00:00:00+00:00,22.20791454945105
2024-12-19 01:00:00+00:00,21.71266969408281
2024-12-19 02:00:00+00:00,22.354782294622066
2024-12-19 03:00:00+00:00,23.728653915919377
2024-12-19 04:00:00+00:00,24.26470789025368
2024-12-19 05:00:00+00:00,25.097600907407774
2024-12-19 06:00:00+00:00,23.940082888657635
2024-12-19 07:00:00+00:00,23.555457627715214
2024-12-19 08:00:00+00:00,28.7361376235836
2024-12-19 09:00:00+00:00,31.713236115076818
2024-12-19 10:00:00+00:00,32.50464026630769
2024-12-19 11:00:00+00:00,32.72508853033185
2024-12-19 12:00:00+00:00,32.99582419083207
2024-12-19 13:00:00+00:00,32.207387384019164
2024-12-19 14:00:00+00:00,31.302629723812572
2024-12-19 15:00:00+00:00,28.807788274420783
2024-12-19 16:00:00+00:00,25.887243108986507
2024-12-19 17:00:00+00:00,23.343987533639424
2024-12-19 18:00:00+00:00,24.14131910908455
2024-12-19 19:00:00+00:00,25.203414737634745
2024-12-19 20:00:00+00:00,25.477866875245965
2024-12-19 21:00:00+00:00,25.934395228684817
2024-12-19 22:00:00+00:00,25.205440792252546
2024-12-19 23:00:00+00:00,24.33007021822909
2024-12-20 00:00:00+00:00,23.215482919226822
2024-12-20 01:00:00+00:00,21.602697711944796
2024-12-20 02:00:00+00:00,22.716191732213694
2024-12-20 03:00:00+00:00,23.215482919226822
2024-12-20 04:00:00+00:00,24.14366538473627
2024-12-20 05:00:00+00:00,24.395043030506432
2024-12-20 06:00:00+00:00,26.223403387573775
2024-12-20 07:00:00+00:00,26.475520586363796
2024-12-20 08:00:00+00:00,27.703414474481292
2024-12-20 09:00:00+00:00,30.788367352320705
2024-12-20 10:00:00+00:00,32.363383887356335
2024-12-20 11:00:00+00:00,31.775645181022213
2024-12-20 12:00:00+00:00,31.57042450358646
2024-12-20 13:00:00+00:00,31.61783674236141
2024-12-20 14:00:00+00:00,30.6229534839014
2024-12-20 15:00:00+00:00,29.10922788874679
2024-12-20 16:00:00+00:00,26.447160795090465
2024-12-20 17:00:00+00:00,24.79966828840291
2024-12-20 18:00:00+00:00,24.90477515438106
2024-12-20 19:00:00+00:00,25.03432032813819
2024-12-20 20:00:00+00:00,24.990150643638604
2024-12-20 21:00:00+00:00,25.101736709777242
2024-12-20 22:00:00+00:00,25.739658582008826
2024-12-20 23:00:00+00:00,26.115826817607488
2024-12-21 00:00:00+00:00,26.613387230704422
2024-12-21 01:00:00+00:00,26.731744073202208
2024-12-21 02:00:00+00:00,26.88982117594945
2024-12-21 03:00:00+00:00,26.760243885939484
2024-12-21 04:00:00+00:00,26.260342749197992
2024-12-21 05:00:00+00:00,26.287725276121023
2024-12-21 06:00:00+00:00,26.035878219804225
2024-12-21 07:00:00+00:00,26.959563326313152
2024-12-21 08:00:00+00:00,31.039384129148107
2024-12-21 09:00:00+00:00,32.75516337667446
2024-12-21 10:00:00+00:00,35.96386147843913
2024-12-21 11:00:00+00:00,35.1575287150341
2024-12-21 12:00:00+00:00,36.040535376127224
2024-12-21 13:00:00+00:00,34.80976536504091
2024-12-21 14:00:00+00:00,32.99762144653054
2024-12-21 15:00:00+00:00,30.280994913376798
2024-12-21 16:00:00+00:00,26.477964306400185
2024-12-21 17:00:00+00:00,23.381370889358386
2024-12-21 18:00:00+00:00,23.98292126258474
2024-12-21 19:00:00+00:00,24.01822615256566
2024-12-21 20:00:00+00:00,24.04590605712783
2024-12-21 21:00:00+00:00,24.352309842561535
2024-12-21 22:00:00+00:00,23.98894891862149
2024-12-21 23:00:00+00:00,24.076498434432523
2024-12-22 00:00:00+00:00,23.530391686571072
2024-12-22 01:00:00+00:00,23.251370166287035
2024-12-22 02:00:00+00:00,25.893164094096907
2024-12-22 03:00:00+00:00,27.212190196113497
2024-12-22 04:00:00+00:00,28.26594023535695
2024-12-22 05:00:00+00:00,29.0840202747698
2024-12-22 06:00:00+00:00,27.794060825885712
2024-12-22 07:00:00+00:00,24.278824099252308
2024-12-22 08:00:00+00:00,33.15505017400262
2024-12-22 09:00:00+00:00,41.3980266695724
2024-12-22 10:00:00+00:00,38.36461685713545
2024-12-22 11:00:00+00:00,37.244393894469454
2024-12-22 12:00:00+00:00,34.95500136961247
2024-12-22 13:00:00+00:00,33.34810309792287
2024-12-22 14:00:00+00:00,31.83786033907238
2024-12-22 15:00:00+00:00,30.915950812628253
2024-12-22 16:00:00+00:00,28.00061696112515
2024-12-22 17:00:00+00:00,25.556029184936754
2024-12-22 18:00:00+00:00,25.161363180214174
2024-12-22 19:00:00+00:00,24.94818761706784
2024-12-22 20:00:00+00:00,24.24400914901998
2024-12-22 21:00:00+00:00,23.785118473581363
2024-12-22 22:00:00+00:00,23.126244330662946
2024-12-22 23:00:00+00:00,23.381462841304145
2024-12-23 00:00:00+00:00,24.095730534408734
2024-12-23 01:00:00+00:00,24.055072105344873
2024-12-23 02:00:00+00:00,24.671658212544866
2024-12-23 03:00:00+00:00,25.702911384127425
2024-12-23 04:00:00+00:00,25.956917530845303
2024-12-23 05:00:00+00:00,25.852207470018815
2024-12-23 06:00:00+00:00,25.378865919041534
2024-12-23 07:00:00+00:00,25.11034844034157
2024-12-23 08:00:00+00:00,28.948338625052873
2024-12-23 09:00:00+00:00,33.48115800869619
2024-12-23 10:00:00+00:00,33.827941832526925
2024-12-23 11:00:00+00:00,35.70371576394417
2024-12-23 12:00:00+00:00,35.48589553730591
2024-12-23 13:00:00+00:00,33.592824389194554
2024-12-23 14:00:00+00:00,33.475909684611736
2024-12-23 15:00:00+00:00,30.921280458961377
2024-12-23 16:00:00+00:00,27.71708987749056
2024-12-23 17:00:00+00:00,24.760594650644865
2024-12-23 18:00:00+00:00,24.616163735928502
2024-12-23 19:00:00+00:00,23.821207544112465
2024-12-23 20:00:00+00:00,23.431177923026443
2024-12-23 21:00:00+00:00,22.633148565970508
2024-12-23 22:00:00+00:00,24.12894487980853
2024-12-23 23:00:00+00:00,24.54810298843879
2024-12-24 00:00:00+00:00,25.828465209811856
2024-12-24 01:00:00+00:00,27.46195438824724
2024-12-24 02:00:00+00:00,27.36325228841265
2024-12-24 03:00:00+00:00,26.90275458809677
2024-12-24 04:00:00+00:00,26.563709690265576
2024-12-24 05:00:00+00:00,25.087410892198392
2024-12-24 06:00:00+00:00,23.414286175219274
2024-12-24 07:00:00+00:00,22.190016831582152
2024-12-24 08:00:00+00:00,27.660037655224045
2024-12-24 09:00:00+00:00,32.95494754605804
2024-12-24 10:00:00+00:00,34.30337610997918
2024-12-24 11:00:00+00:00,37.20074530629678
2024-12-24 12:00:00+00:00,37.933607163849544
2024-12-24 13:00:00+00:00,38.41123250740572
2024-12-24 14:00:00+00:00,33.7248638178702
2024-12-24 15:00:00+00:00,32.168827616755514
2024-12-24 16:00:00+00:00,28.838703733115867
2024-12-24 17:00:00+00:00,25.770383885763838
2024-12-24 18:00:00+00:00,24.810371782574293
2024-12-24 19:00:00+00:00,24.205029866155673
2024-12-24 20:00:00+00:00,23.82699183142491
2024-12-24 21:00:00+00:00,23.436063440317668
2024-12-24 22:00:00+00:00,23.896233761193397
2024-12-24 23:00:00+00:00,24.802927699265883
2024-12-25 00:00:00+00:00,25.229451213834313
2024-12-25 01:00:00+00:00,25.622688871399326
2024-12-25 02:00:00+00:00,27.43555522133644
2024-12-25 03:00:00+00:00,28.61073541163158
2024-12-25 04:00:00+00:00,29.28052768563429
2024-12-25 05:00:00+00:00,28.688833420175115
2024-12-25 06:00:00+00:00,27.66893977114539
2024-12-25 07:00:00+00:00,24.893740287873865
2024-12-25 08:00:00+00:00,31.9245605883645
2024-12-25 09:00:00+00:00,39.41310927388411
2024-12-25 10:00:00+00:00,40.50747090741352
2024-12-25 11:00:00+00:00,40.05513241313731
2024-12-25 12:00:00+00:00,39.87267895714738
2024-12-25 13:00:00+00:00,36.736340841105715
2024-12-25 14:00:00+00:00,34.56232826044983
2024-12-25 15:00:00+00:00,32.77429181267723
2024-12-25 16:00:00+00:00,30.07293110752984
2024-12-25 17:00:00+00:00,27.22140413819641
2024-12-25 18:00:00+00:00,25.90880454894389
2024-12-25 19:00:00+00:00,24.255834275598147
2024-12-25 20:00:00+00:00,23.091253118534496
2024-12-25 21:00:00+00:00,21.446369327419266
2024-12-25 22:00:00+00:00,21.767251973089188
2024-12-25 23:00:00+00:00,23.640921457894
2024-12-26 00:00:00+00:00,24.51751090061414
2024-12-26 01:00:00+00:00,25.526030299314666
2024-12-26 02:00:00+00:00,25.906998677464514
2024-12-26 03:00:00+00:00,25.748834092202376
2024-12-26 04:00:00+00:00,25.81075379901961
2024-12-26 05:00:00+00:00,25.624399218959766
2024-12-26 06:00:00+00:00,25.687702573307686
2024-12-26 07:00:00+00:00,25.995459221561457
2024-12-26 08:00:00+00:00,35.480906389150796
2024-12-26 09:00:00+00:00,41.63619713865551
2024-12-26 10:00:00+00:00,44.68685938141694
2024-12-26 11:00:00+00:00,46.244171575957495
2024-12-26 12:00:00+00:00,47.88708163775246
2024-12-26 13:00:00+00:00,39.964211356609354
2024-12-26 14:00:00+00:00,35.39675544508248
2024-12-26 15:00:00+00:00,32.070747670358294
2024-12-26 16:00:00+00:00,28.087978028581304
2024-12-26 17:00:00+00:00,22.304865023454518
2024-12-26 18:00:00+00:00,22.382261476557318
2024-12-26 19:00:00+00:00,22.7361539400764
2024-12-26 20:00:00+00:00,22.21774314809278
2024-12-26 21:00:00+00:00,21.933601945212526
2024-12-26 22:00:00+00:00,22.968709289165318
2024-12-26 23:00:00+00:00,23.14719864363551
2024-12-27 00:00:00+00:00,23.05914510434205
2024-12-27 01:00:00+00:00,23.609459546154408
2024-12-27 02:00:00+00:00,24.829505361872098
2024-12-27 03:00:00+00:00,26.349653577194534
2024-12-27 04:00:00+00:00,26.421710588213053
2024-12-27 05:00:00+00:00,27.2321617357971
2024-12-27 06:00:00+00:00,24.704522967046977
2024-12-27 07:00:00+00:00,21.90635700714616
2024-12-27 08:00:00+00:00,30.28188217864321
2024-12-27 09:00:00+00:00,39.55147628115686
2024-12-27 10:00:00+00:00,39.12034155663895
2024-12-27 11:00:00+00:00,38.162712231109346
2024-12-27 12:00:00+00:00,36.62821398162318
2024-12-27 13:00:00+00:00,33.11283443446842
2024-12-27 14:00:00+00:00,32.1469044945744
2024-12-27 15:00:00+00:00,31.062764511367167
2024-12-27 16:00:00+00:00,29.162152566225146
2024-12-27 17:00:00+00:00,26.736922211419355
2024-12-27 18:00:00+00:00,25.582857733243483
2024-12-27 19:00:00+00:00,23.846235568750263
2024-12-27 20:00:00+00:00,22.932226218504304
2024-12-27 21:00:00+00:00,21.52546425164684
2024-12-27 22:00:00+00:00,21.752067447380064
2024-12-27 23:00:00+00:00,23.195543539089932
2024-12-28 00:00:00+00:00,23.534462221091356
2024-12-28 01:00:00+00:00,23.90519685536671
2024-12-28 02:00:00+00:00,26.289220803507355
2024-12-28 03:00:00+00:00,28.036358370241985
2024-12-28 04:00:00+00:00,29.802500975264362
2024-12-28 05:00:00+00:00,31.517213193751182
2024-12-28 06:00:00+00:00,28.452525113711467
2024-12-28 07:00:00+00:00,26.084090542660828
2024-12-28 08:00:00+00:00,30.075923706374297
2024-12-28 09:00:00+00:00,33.37908021188755
2024-12-28 10:00:00+00:00,33.700302286800756
2024-12-28 11:00:00+00:00,33.80060059476561
2024-12-28 12:00:00+00:00,33.71727565395109
2024-12-28 13:00:00+00:00,31.87733260000537
2024-12-28 14:00:00+00:00,32.87593118545916
2024-12-28 15:00:00+00:00,30.86072515809448
2024-12-28 16:00:00+00:00,28.762998832503097
2024-12-28 17:00:00+00:00,26.985815453755226
2024-12-28 18:00:00+00:00,25.743804323396823
2024-12-28 19:00:00+00:00,25.02612506167982
2024-12-28 20:00:00+00:00,24.176074830956214
2024-12-28 21:00:00+00:00,22.616709334727584
2024-12-28 22:00:00+00:00,23.612451579834897
2024-12-28 23:00:00+00:00,22.760766955106693
2024-12-29 00:00:00+00:00,22.87724331869455
2024-12-29 01:00:00+00:00,22.564666841628448
2024-12-29 02:00:00+00:00,24.66733715643544
2024-12-29 03:00:00+00:00,26.204300911691064
2024-12-29 04:00:00+00:00,27.250012654994745
2024-12-29 05:00:00+00:00,29.37714063211483
2024-12-29 06:00:00+00:00,26.09312847031648
2024-12-29 07:00:00+00:00,23.56714767513365
2024-12-29 08:00:00+00:00,31.190404283685258
2024-12-29 09:00:00+00:00,41.514297539568
2024-12-29 10:00:00+00:00,42.11583682513285
2024-12-29 11:00:00+00:00,42.96387495519369
2024-12-29 12:00:00+00:00,42.861121501858165
2024-12-29 13:00:00+00:00,42.21047460452994
2024-12-29 14:00:00+00:00,39.34015685755046
2024-12-29 15:00:00+00:00,34.84767267002006
2024-12-29 16:00:00+00:00,29.26486577556008
2024-12-29 17:00:00+00:00,25.013752403024558
2024-12-29 18:00:00+00:00,25.051872562770182
2024-12-29 19:00:00+00:00,25.036365757441814
2024-12-29 20:00:00+00:00,25.353147835518456
2024-12-29 21:00:00+00:00,25.030419696386016
2024-12-29 22:00:00+00:00,23.929927130250995
2024-12-29 23:00:00+00:00,22.85955550047458
2024-12-30 00:00:00+00:00,21.63427644344083
2024-12-30 01:00:00+00:00,20.705206351364506
2024-12-30 02:00:00+00:00,22.719882844822774
2024-12-30 03:00:00+00:00,24.670957683064206
2024-12-30 04:00:00+00:00,26.869360150217844
2024-12-30 05:00:00+00:00,28.547226954630688
2024-12-30 06:00:00+00:00,26.664879861664485
2024-12-30 07:00:00+00:00,25.11966269204521
2024-12-30 08:00:00+00:00,30.755364230638573
2024-12-30 09:00:00+00:00,33.59740813381406
2024-12-30 10:00:00+00:00,44.90301210058446
2024-12-30 11:00:00+00:00,45.86719636507393
2024-12-30 12:00:00+00:00,43.83289423459622
2024-12-30 13:00:00+00:00,44.50904282061956
2024-12-30 14:00:00+00:00,45.051179352041316
2024-12-30 15:00:00+00:00,39.51487563782152
2024-12-30 16:00:00+00:00,35.15147123715047
2024-12-30 17:00:00+00:00,26.06905210472024
2024-12-30 18:00:00+00:00,24.696838179405315
2024-12-30 19:00:00+00:00,23.19850842371859
2024-12-30 20:00:00+00:00,21.877523557158575
2024-12-30 21:00:00+00:00,21.5647636431029
2024-12-30 22:00:00+00:00,20.860813865911165
2024-12-30 23:00:00+00:00,20.90713992547351
2024-12-31 00:00:00+00:00,21.320541463613782
2024-12-31 01:00:00+00:00,21.36044154797922
2024-12-31 02:00:00+00:00,22.840121555597307
2024-12-31 03:00:00+00:00,23.99410026754322
2024-12-31 04:00:00+00:00,25.563313896072565
2024-12-31 05:00:00+00:00,25.842436801839728
2024-12-31 06:00:00+00:00,24.83916589569547
2024-12-31 07:00:00+00:00,22.619691455480446
2024-12-31 08:00:00+00:00,28.827082039383637
2024-12-31 09:00:00+00:00,38.24187357559969
2024-12-31 10:00:00+00:00,38.294348957326605
2024-12-31 11:00:00+00:00,38.73854636927872
2024-12-31 12:00:00+00:00,40.98128343068442
2024-12-31 13:00:00+00:00,40.948832548962855
2024-12-31 14:00:00+00:00,36.395214230167475
2024-12-31 15:00:00+00:00,32.95648936031868
2024-12-31 16:00:00+00:00,27.881870571575252
2024-12-31 17:00:00+00:00,24.454774979015117
2024-12-31 18:00:00+00:00,24.560515378495985
2024-12-31 19:00:00+00:00,24.717012102609868
2024-12-31 20:00:00+00:00,25.229495017551912
2024-12-31 21:00:00+00:00,25.31706214181093
2024-12-31 22:00:00+00:00,23.952047840579027
2024-12-31 23:00:00+00:00,22.80876175796508
2025-01-01 00:00:00+00:00,21.022233595286384
2025-01-01 01:00:00+00:00,20.71843949736117
2025-01-01 02:00:00+00:00,22.566068853779488
2025-01-01 03:00:00+00:00,23.66237275660206
2025-01-01 04:00:00+00:00,24.172036866992865
2025-01-01 05:00:00+00:00,24.963212735917978
2025-01-01 06:00:00+00:00,23.740132270807546
2025-01-01 07:00:00+00:00,21.81436588334697
2025-01-01 08:00:00+00:00,34.151380586942935
2025-01-01 09:00:00+00:00,44.88323207882983
2025-01-01 10:00:00+00:00,46.33929739832579
2025-01-01 11:00:00+00:00,44.76508741334486
2025-01-01 12:00:00+00:00,40.819569744960056
2025-01-01 13:00:00+00:00,33.912739828130796
2025-01-01 14:00:00+00:00,33.39596084803339
2025-01-01 15:00:00+00:00,31.90528346247333
2025-01-01 16:00:00+00:00,28.206043407581255
2025-01-01 17:00:00+00:00,25.223292942545203
2025-01-01 18:00:00+00:00,25.08810606693728
2025-01-01 19:00:00+00:00,25.107829747820283
2025-01-01 20:00:00+00:00,25.143674095145837
2025-01-01 21:00:00+00:00,25.412493244925134
2025-01-01 22:00:00+00:00,25.049224414603202
2025-01-01 23:00:00+00:00,24.898904535436326
2025-01-02 00:00:00+00:00,23.810339110294624
2025-01-02 01:00:00+00:00,23.85912217351873
2025-01-02 02:00:00+00:00,23.51062831699707
2025-01-02 03:00:00+00:00,24.05697324905801
2025-01-02 04:00:00+00:00,24.20785991689087
2025-01-02 05:00:00+00:00,24.179758579528286
2025-01-02 06:00:00+00:00,24.62738908336756
2025-01-02 07:00:00+00:00,25.178976362421132
2025-01-02 08:00:00+00:00,32.90642472881129
2025-01-02 09:00:00+00:00,41.73993041876662
2025-01-02 10:00:00+00:00,42.83960871684652
2025-01-02 11:00:00+00:00,43.04998942065368
2025-01-02 12:00:00+00:00,41.570767057122175
2025-01-02 13:00:00+00:00,40.11872275978077
2025-01-02 14:00:00+00:00,36.37599938738445
2025-01-02 15:00:00+00:00,32.64749182954704
2025-01-02 16:00:00+00:00,30.821100663050597
2025-01-02 17:00:00+00:00,27.73383266458513
2025-01-02 18:00:00+00:00,26.672366202265668
2025-01-02 19:00:00+00:00,26.060915533193004
2025-01-02 20:00:00+00:00,24.624199405922806
2025-01-02 21:00:00+00:00,23.522043249491485
2025-01-02 22:00:00+00:00,24.21333469355245
2025-01-02 23:00:00+00:00,24.550145486194513
2025-01-03 00:00:00+00:00,25.280352810735035
2025-01-03 01:00:00+00:00,25.875129617891737
2025-01-03 02:00:00+00:00,24.66202368650954
2025-01-03 03:00:00+00:00,23.457544385015066
2025-01-03 04:00:00+00:00,22.444283789354678
2025-01-03 05:00:00+00:00,22.024396917428152
2025-01-03 06:00:00+00:00,21.4261994170721
2025-01-03 07:00:00+00:00,21.169723156551957
2025-01-03 08:00:00+00:00,28.871997732181438
2025-01-03 09:00:00+00:00,39.05815124044129
2025-01-03 10:00:00+00:00,37.08955171338783
2025-01-03 11:00:00+00:00,33.351673248617416
2025-01-03 12:00:00+00:00,32.43342275267191
2025-01-03 13:00:00+00:00,29.159264180451657
2025-01-03 14:00:00+00:00,30.617983833261068
2025-01-03 15:00:00+00:00,31.517204164079207
2025-01-03 16:00:00+00:00,30.126802408438575
2025-01-03 17:00:00+00:00,27.73279789585001
2025-01-03 18:00:00+00:00,27.33851359391872
2025-01-03 19:00:00+00:00,27.415785438604388
2025-01-03 20:00:00+00:00,26.456857943765247
2025-01-03 21:00:00+00:00,25.060020150379444
2025-01-03 22:00:00+00:00,24.084063445647896
2025-01-03 23:00:00+00:00,22.883159020336322
2025-01-04 00:00:00+00:00,22.391069193005183
2025-01-04 01:00:00+00:00,22.642778659884883
2025-01-04 02:00:00+00:00,22.988274237767712
2025-01-04 03:00:00+00:00,22.212872212783978
2025-01-04 04:00:00+00:00,23.223385651799976
2025-01-04 05:00:00+00:00,23.655235208094386
2025-01-04 06:00:00+00:00,23.629776792351613
2025-01-04 07:00:00+00:00,24.36008925431412
2025-01-04 08:00:00+00:00,29.226008889543355
2025-01-04 09:00:00+00:00,30.60982867009217
2025-01-04 10:00:00+00:00,30.76397148848739
2025-01-04 11:00:00+00:00,31.946564161832452
2025-01-04 12:00:00+00:00,31.51521527412325
2025-01-04 13:00:00+00:00,30.83254337587638
2025-01-04 14:00:00+00:00,30.497292694365857
2025-01-04 15:00:00+00:00,28.730323327583044
2025-01-04 16:00:00+00:00,27.772934979334014
2025-01-04 17:00:00+00:00,24.880941137210147
2025-01-04 18:00:00+00:00,24.789954022268244
2025-01-04 19:00:00+00:00,24.127094719540164
2025-01-04 20:00:00+00:00,23.267061578091443
2025-01-04 21:00:00+00:00,23.18906124225999
2025-01-04 22:00:00+00:00,24.59066602931757
2025-01-04 23:00:00+00:00,25.609068213587342
2025-01-05 00:00:00+00:00,25.639975359997635
2025-01-05 01:00:00+00:00,26.4082051607529
2025-01-05 02:00:00+00:00,25.332896233176008
2025-01-05 03:00:00+00:00,23.967187077296895
2025-01-05 04:00:00+00:00,23.740716956397193
2025-01-05 05:00:00+00:00,21.80719038803034
2025-01-05 06:00:00+00:00,22.19948953559102
2025-01-05 07:00:00+00:00,22.408771457523244
2025-01-05 08:00:00+00:00,25.270925789051496
2025-01-05 09:00:00+00:00,31.06694051080712
2025-01-05 10:00:00+00:00,32.69542838005504
2025-01-05 11:00:00+00:00,34.70869898143344
2025-01-05 12:00:00+00:00,36.20686805069649
2025-01-05 13:00:00+00:00,37.44258735744636
2025-01-05 14:00:00+00:00,35.62465418700381
2025-01-05 15:00:00+00:00,32.86150735742288
2025-01-05 16:00:00+00:00,30.095830267355534
2025-01-05 17:00:00+00:00,25.282991452341783
2025-01-05 18:00:00+00:00,25.099019439900605
2025-01-05 19:00:00+00:00,24.68465459687094
2025-01-05 20:00:00+00:00,24.19342251510167
2025-01-05 21:00:00+00:00,23.040332883848585
2025-01-05 22:00:00+00:00,23.829252379255923
2025-01-05 23:00:00+00:00,24.601311563868627
2025-01-06 00:00:00+00:00,25.99487127800455
2025-01-06 01:00:00+00:00,26.746297236892897
2025-01-06 02:00:00+00:00,27.47962789180631
2025-01-06 03:00:00+00:00,28.29296001147024
2025-01-06 04:00:00+00:00,27.77851749806845
2025-01-06 05:00:00+00:00,26.675935347168018
2025-01-06 06:00:00+00:00,22.10956753967261
2025-01-06 07:00:00+00:00,21.010457743920707
2025-01-06 08:00:00+00:00,25.204961046563156
2025-01-06 09:00:00+00:00,28.70652135122937
2025-01-06 10:00:00+00:00,29.576898588893464
2025-01-06 11:00:00+00:00,33.386560193730936
2025-01-06 12:00:00+00:00,34.275753487057536
2025-01-06 13:00:00+00:00,31.542709605502193
2025-01-06 14:00:00+00:00,34.345418719847366
2025-01-06 15:00:00+00:00,32.33376017734324
2025-01-06 16:00:00+00:00,29.076425880128397
2025-01-06 17:00:00+00:00,25.880939501419487
2025-01-06 18:00:00+00:00,25.880939501419487
2025-01-06 19:00:00+00:00,25.871990557025132
2025-01-06 20:00:00+00:00,25.67330853665207
2025-01-06 21:00:00+00:00,25.26987449713651
2025-01-06 22:00:00+00:00,25.19421951863494
2025-01-06 23:00:00+00:00,24.141219529006907
2025-01-07 00:00:00+00:00,24.375351233362796
2025-01-07 01:00:00+00:00,24.7428592597506
2025-01-07 02:00:00+00:00,27.24522358173098
2025-01-07 03:00:00+00:00,28.217069638250038
2025-01-07 04:00:00+00:00,28.199635940287596
2025-01-07 05:00:00+00:00,29.273219944915464
2025-01-07 06:00:00+00:00,29.337262367012052
2025-01-07 07:00:00+00:00,26.147695935832353
2025-01-07 08:00:00+00:00,26.376050839542028
2025-01-07 09:00:00+00:00,26.763582950999876
2025-01-07 10:00:00+00:00,27.25249723509445
2025-01-07 11:00:00+00:00,30.583169636367444
2025-01-07 12:00:00+00:00,32.89493917561353
2025-01-07 13:00:00+00:00,32.06409626563962
2025-01-07 14:00:00+00:00,31.267936965132044
2025-01-07 15:00:00+00:00,28.400825522546775
2025-01-07 16:00:00+00:00,26.89932455578453
2025-01-07 17:00:00+00:00,24.227340190170093
2025-01-07 18:00:00+00:00,25.41596488543006
2025-01-07 19:00:00+00:00,25.906983027069227
2025-01-07 20:00:00+00:00,26.74872021688477
2025-01-07 21:00:00+00:00,26.964786950958935
2025-01-07 22:00:00+00:00,26.54509249689344
2025-01-07 23:00:00+00:00,26.100097756687017
2025-01-08 00:00:00+00:00,25.88498758539626
2025-01-08 01:00:00+00:00,25.099603412299178
2025-01-08 02:00:00+00:00,25.210112857926
2025-01-08 03:00:00+00:00,24.766601176321487
2025-01-08 04:00:00+00:00,24.18117874002045
2025-01-08 05:00:00+00:00,23.347587291865594
2025-01-08 06:00:00+00:00,26.295321029861487
2025-01-08 07:00:00+00:00,29.82906543457593
2025-01-08 08:00:00+00:00,29.271958414128772
2025-01-08 09:00:00+00:00,28.07486964820978
2025-01-08 10:00:00+00:00,29.976907981901256
2025-01-08 11:00:00+00:00,30.606385989151487
2025-01-08 12:00:00+00:00,31.30180609579583
2025-01-08 13:00:00+00:00,31.819773007262953
2025-01-08 14:00:00+00:00,30.23099157779261
2025-01-08 15:00:00+00:00,27.7658056997317
2025-01-08 16:00:00+00:00,26.09687864061299
2025-01-08 17:00:00+00:00,24.57994627422608
2025-01-08 18:00:00+00:00,23.93640378121637
2025-01-08 19:00:00+00:00,23.30649568120018
2025-01-08 20:00:00+00:00,23.23432881741594
2025-01-08 21:00:00+00:00,22.567810890493902
2025-01-08 22:00:00+00:00,22.825880516113237
2025-01-08 23:00:00+00:00,23.000803525164024
2025-01-09 00:00:00+00:00,23.816282796330622
2025-01-09 01:00:00+00:00,23.700807354614657
2025-01-09 02:00:00+00:00,25.77650563893099
2025-01-09 03:00:00+00:00,29.051221952736352
2025-01-09 04:00:00+00:00,30.156832910350463
2025-01-09 05:00:00+00:00,34.7987504786026
2025-01-09 06:00:00+00:00,28.553296369311497
2025-01-09 07:00:00+00:00,26.8125282798083
2025-01-09 08:00:00+00:00,25.823875879953587
2025-01-09 09:00:00+00:00,25.585376722857717
2025-01-09 10:00:00+00:00,29.487002581064353
2025-01-09 11:00:00+00:00,30.93582340447271
2025-01-09 12:00:00+00:00,34.361504066307
2025-01-09 13:00:00+00:00,36.856396754949394
2025-01-09 14:00:00+00:00,35.35777182557738
2025-01-09 15:00:00+00:00,30.771307808364813
2025-01-09 16:00:00+00:00,29.75288715128634
2025-01-09 17:00:00+00:00,26.088292320592103
2025-01-09 18:00:00+00:00,25.999570697080816
2025-01-09 19:00:00+00:00,25.779101170687966
2025-01-09 20:00:00+00:00,24.89824043041918
2025-01-09 21:00:00+00:00,24.02455070437734
2025-01-09 22:00:00+00:00,23.853562505327904
2025-01-09 23:00:00+00:00,23.673376533528312
2025-01-10 00:00:00+00:00,24.046048484194614
2025-01-10 01:00:00+00:00,23.564238280613285
2025-01-10 02:00:00+00:00,26.64982914867873
2025-01-10 03:00:00+00:00,28.715120996972278
2025-01-10 04:00:00+00:00,30.069596601008413
2025-01-10 05:00:00+00:00,33.327100091813506
2025-01-10 06:00:00+00:00,30.567953544401266
2025-01-10 07:00:00+00:00,28.823617902709774
2025-01-10 08:00:00+00:00,29.19373408188305
2025-01-10 09:00:00+00:00,31.59192714699595
2025-01-10 10:00:00+00:00,30.26780636181756
2025-01-10 11:00:00+00:00,30.528251008541297
2025-01-10 12:00:00+00:00,30.588619525260032
2025-01-10 13:00:00+00:00,28.037640349168942
2025-01-10 14:00:00+00:00,27.64439510840432
2025-01-10 15:00:00+00:00,27.21433901777156
2025-01-10 16:00:00+00:00,26.95353873021454
2025-01-10 17:00:00+00:00,26.41809856980134
2025-01-10 18:00:00+00:00,26.355323049355366
2025-01-10 19:00:00+00:00,26.092061045968354
2025-01-10 20:00:00+00:00,25.648384374032442
2025-01-10 21:00:00+00:00,24.76652193883943
2025-01-10 22:00:00+00:00,24.77740545691106
2025-01-10 23:00:00+00:00,25.480412367333233
2025-01-11 00:00:00+00:00,25.675025140514943
2025-01-11 01:00:00+00:00,25.485033324185828
2025-01-11 02:00:00+00:00,26.205424355026935
2025-01-11 03:00:00+00:00,27.262247976309062
2025-01-11 04:00:00+00:00,28.81857226464729
2025-01-11 05:00:00+00:00,29.162739530087737
2025-01-11 06:00:00+00:00,30.222874557261026
2025-01-11 07:00:00+00:00,28.696424118625043
2025-01-11 08:00:00+00:00,32.72661591957231
2025-01-11 09:00:00+00:00,34.83794792171563
2025-01-11 10:00:00+00:00,36.273787564599075
2025-01-11 11:00:00+00:00,36.370465687413045
2025-01-11 12:00:00+00:00,32.80483942883659
2025-01-11 13:00:00+00:00,28.364532879516187
2025-01-11 14:00:00+00:00,28.376863700907652
2025-01-11 15:00:00+00:00,26.961794851159333
2025-01-11 16:00:00+00:00,27.002349107821793
2025-01-11 17:00:00+00:00,26.71059699109822
2025-01-11 18:00:00+00:00,26.06309151075713
2025-01-11 19:00:00+00:00,25.163763555051425
2025-01-11 20:00:00+00:00,23.704057117253157
2025-01-11 21:00:00+00:00,23.203256119315725
2025-01-11 22:00:00+00:00,23.288812736787627
2025-01-11 23:00:00+00:00,24.50542641728645
2025-01-12 00:00:00+00:00,25.133371645436927
2025-01-12 01:00:00+00:00,26.4804759507442
2025-01-12 02:00:00+00:00,25.994994576317083
2025-01-12 03:00:00+00:00,27.78768033528882
2025-01-12 04:00:00+00:00,28.154040689437014
2025-01-12 05:00:00+00:00,28.996111003983703
2025-01-12 06:00:00+00:00,28.710005799674622
2025-01-12 07:00:00+00:00,28.60949301682482
2025-01-12 08:00:00+00:00,28.923599047739796
2025-01-12 09:00:00+00:00,27.79786753492224
2025-01-12 10:00:00+00:00,29.291873527541565
2025-01-12 11:00:00+00:00,30.85479979679175
2025-01-12 12:00:00+00:00,29.841895080477677
2025-01-12 13:00:00+00:00,28.065145053404787
2025-01-12 14:00:00+00:00,27.1864624724221
2025-01-12 15:00:00+00:00,27.366115428354767
2025-01-12 16:00:00+00:00,27.071667114974183
2025-01-12 17:00:00+00:00,25.675698550049717
2025-01-12 18:00:00+00:00,25.28232442808848
2025-01-12 19:00:00+00:00,24.151528599832723
2025-01-12 20:00:00+00:00,23.41225026046239
2025-01-12 21:00:00+00:00,22.757899221256533
2025-01-12 22:00:00+00:00,22.706789094327466
2025-01-12 23:00:00+00:00,22.601791282546152
2025-01-13 00:00:00+00:00,21.971083131715776
2025-01-13 01:00:00+00:00,21.797502662688846
2025-01-13 02:00:00+00:00,24.254535124330616
2025-01-13 03:00:00+00:00,24.621886848301422
2025-01-13 04:00:00+00:00,24.61338288759842
2025-01-13 05:00:00+00:00,24.596303892173562
2025-01-13 06:00:00+00:00,25.08403902258357
2025-01-13 07:00:00+00:00,26.17140063340925
2025-01-13 08:00:00+00:00,35.358888267582394
2025-01-13 09:00:00+00:00,39.88532242738099
2025-01-13 10:00:00+00:00,40.5985772585425
2025-01-13 11:00:00+00:00,39.029857595911366
2025-01-13 12:00:00+00:00,33.74691686630379
2025-01-13 13:00:00+00:00,25.891641670543653
2025-01-13 14:00:00+00:00,26.60451836711445
2025-01-13 15:00:00+00:00,26.92288166575641
2025-01-13 16:00:00+00:00,26.5856433091782
2025-01-13 17:00:00+00:00,28.162744348439936
2025-01-13 18:00:00+00:00,26.61214567703272
2025-01-13 19:00:00+00:00,26.009384332783736
2025-01-13 20:00:00+00:00,25.655584742791348
2025-01-13 21:00:00+00:00,25.050533866988403
2025-01-13 22:00:00+00:00,24.585080395621148
2025-01-13 23:00:00+00:00,24.74850028683713
2025-01-14 00:00:00+00:00,25.379883693963713
2025-01-14 01:00:00+00:00,25.659961754786238
2025-01-14 02:00:00+00:00,25.60175858479147
2025-01-14 03:00:00+00:00,25.21719606748131
2025-01-14 04:00:00+00:00,25.80618117150774
2025-01-14 05:00:00+00:00,25.776473550522034
2025-01-14 06:00:00+00:00,26.740263521790382
2025-01-14 07:00:00+00:00,27.57177924849127
2025-01-14 08:00:00+00:00,36.98704547047796
2025-01-14 09:00:00+00:00,41.66603413030952
2025-01-14 10:00:00+00:00,40.0084784962089
2025-01-14 11:00:00+00:00,39.38184083836948
2025-01-14 12:00:00+00:00,33.85639340987828
2025-01-14 13:00:00+00:00,30.321708429892006
2025-01-14 14:00:00+00:00,28.935026513574584
2025-01-14 15:00:00+00:00,28.368299247107526
2025-01-14 16:00:00+00:00,27.536098680334
2025-01-14 17:00:00+00:00,25.834540216489525
2025-01-14 18:00:00+00:00,25.6435591739102
2025-01-14 19:00:00+00:00,25.567834482143255
2025-01-14 20:00:00+00:00,24.453018826963618
2025-01-14 21:00:00+00:00,25.033890913818347
2025-01-14 22:00:00+00:00,25.141707702582973
2025-01-14 23:00:00+00:00,25.23861576490633
2025-01-15 00:00:00+00:00,25.325096078277852
2025-01-15 01:00:00+00:00,25.5983594486884
2025-01-15 02:00:00+00:00,26.444046090550028
2025-01-15 03:00:00+00:00,27.06653976981395
2025-01-15 04:00:00+00:00,28.797168215556603
2025-01-15 05:00:00+00:00,29.78948435059768
2025-01-15 06:00:00+00:00,28.511365454093735
2025-01-15 07:00:00+00:00,28.2254730113886
2025-01-15 08:00:00+00:00,31.66842885151721
2025-01-15 09:00:00+00:00,32.21230315856948
2025-01-15 10:00:00+00:00,32.30353419952203
2025-01-15 11:00:00+00:00,33.04408368461055
2025-01-15 12:00:00+00:00,33.31270268462355
2025-01-15 13:00:00+00:00,33.98157428672971
2025-01-15 14:00:00+00:00,30.674977174195593
2025-01-15 15:00:00+00:00,28.886792825322708
2025-01-15 16:00:00+00:00,26.713492939525903
2025-01-15 17:00:00+00:00,23.21151291156649
2025-01-15 18:00:00+00:00,22.8034121214906
2025-01-15 19:00:00+00:00,23.12234675590031
2025-01-15 20:00:00+00:00,23.435283258422203
2025-01-15 21:00:00+00:00,25.024973451504312
2025-01-15 22:00:00+00:00,24.958087307666037
2025-01-15 23:00:00+00:00,24.302011081221274
2025-01-16 00:00:00+00:00,24.346362881424763
2025-01-16 01:00:00+00:00,24.51749025969523
2025-01-16 02:00:00+00:00,25.318987502955665
2025-01-16 03:00:00+00:00,25.34544229041604
2025-01-16 04:00:00+00:00,25.58236047079983
2025-01-16 05:00:00+00:00,25.814797843105946
2025-01-16 06:00:00+00:00,27.767452075333455
2025-01-16 07:00:00+00:00,28.661000178525832
2025-01-16 08:00:00+00:00,33.793548274217294
2025-01-16 09:00:00+00:00,34.7437374329291
2025-01-16 10:00:00+00:00,32.708992607980505
2025-01-16 11:00:00+00:00,31.372559561798173
2025-01-16 12:00:00+00:00,29.133979416751135
2025-01-16 13:00:00+00:00,26.764443063300263
2025-01-16 14:00:00+00:00,27.56196345764701
2025-01-16 15:00:00+00:00,27.327365146629386
2025-01-16 16:00:00+00:00,26.644047212456595
2025-01-16 17:00:00+00:00,25.72745356737565
2025-01-16 18:00:00+00:00,24.872574936364654
2025-01-16 19:00:00+00:00,24.859120709571318
2025-01-16 20:00:00+00:00,24.62397906940321
2025-01-16 21:00:00+00:00,24.505572869477607
2025-01-16 22:00:00+00:00,23.696336043641892
2025-01-16 23:00:00+00:00,23.784916117316158
2025-01-17 00:00:00+00:00,24.769584502544614
2025-01-17 01:00:00+00:00,25.759123189581185
2025-01-17 02:00:00+00:00,25.78977094410465
2025-01-17 03:00:00+00:00,24.780614258911356
2025-01-17 04:00:00+00:00,24.84435473797553
2025-01-17 05:00:00+00:00,24.460632843764877
2025-01-17 06:00:00+00:00,28.80970426185704
2025-01-17 07:00:00+00:00,30.507187722266153
2025-01-17 08:00:00+00:00,29.73723922123967
2025-01-17 09:00:00+00:00,27.041824325620606
2025-01-17 10:00:00+00:00,27.790533409055634
2025-01-17 11:00:00+00:00,30.96891839706605
2025-01-17 12:00:00+00:00,33.14982615567711
2025-01-17 13:00:00+00:00,34.66708355897974
2025-01-17 14:00:00+00:00,33.445001741530064
2025-01-17 15:00:00+00:00,29.6771343412934
2025-01-17 16:00:00+00:00,26.111016342354297
2025-01-17 17:00:00+00:00,22.44217290861518
2025-01-17 18:00:00+00:00,22.30688927988421
2025-01-17 19:00:00+00:00,23.370425237801182
2025-01-17 20:00:00+00:00,24.42521309053577
2025-01-17 21:00:00+00:00,25.687046101638956
2025-01-17 22:00:00+00:00,25.547563672532743
2025-01-17 23:00:00+00:00,25.662636271060215
2025-01-18 00:00:00+00:00,25.92654725778133
2025-01-18 01:00:00+00:00,25.610648099272904
2025-01-18 02:00:00+00:00,27.534643856409456
2025-01-18 03:00:00+00:00,28.113956285028593
2025-01-18 04:00:00+00:00,29.263562599020016
2025-01-18 05:00:00+00:00,29.79768499551848
2025-01-18 06:00:00+00:00,26.28503425113431
2025-01-18 07:00:00+00:00,25.241819682428662
2025-01-18 08:00:00+00:00,27.96154472198108
2025-01-18 09:00:00+00:00,31.24816807525582
2025-01-18 10:00:00+00:00,32.381356761588464
2025-01-18 11:00:00+00:00,33.82781702815734
2025-01-18 12:00:00+00:00,35.34455154674092
2025-01-18 13:00:00+00:00,36.531442448975696
2025-01-18 14:00:00+00:00,32.81206722613652
2025-01-18 15:00:00+00:00,29.9106130322162
2025-01-18 16:00:00+00:00,27.40718475980154
2025-01-18 17:00:00+00:00,20.736728528620624
2025-01-18 18:00:00+00:00,21.458009247233246
2025-01-18 19:00:00+00:00,23.18427966870779
2025-01-18 20:00:00+00:00,24.00362940174884
2025-01-18 21:00:00+00:00,25.757204987151976
2025-01-18 22:00:00+00:00,26.110024336738327
2025-01-18 23:00:00+00:00,26.15746275162112
2025-01-19 00:00:00+00:00,26.24887375361831
2025-01-19 01:00:00+00:00,26.22173369107701
2025-01-19 02:00:00+00:00,26.78759998384085
2025-01-19 03:00:00+00:00,27.088058648936844
2025-01-19 04:00:00+00:00,27.516096960879633
2025-01-19 05:00:00+00:00,27.918907953231997
2025-01-19 06:00:00+00:00,28.00855022731469
2025-01-19 07:00:00+00:00,26.964699591049847
2025-01-19 08:00:00+00:00,30.69549060770153
2025-01-19 09:00:00+00:00,33.39283705157584
2025-01-19 10:00:00+00:00,31.232932212115273
2025-01-19 11:00:00+00:00,30.354478675195722
2025-01-19 12:00:00+00:00,30.630415239030697
2025-01-19 13:00:00+00:00,29.2585795756779
2025-01-19 14:00:00+00:00,29.188853478585592
2025-01-19 15:00:00+00:00,28.614648782625007
2025-01-19 16:00:00+00:00,27.08023156429989
2025-01-19 17:00:00+00:00,27.769345475699282
2025-01-19 18:00:00+00:00,25.978788266472993
2025-01-19 19:00:00+00:00,24.445345013637276
2025-01-19 20:00:00+00:00,22.39934499953775
2025-01-19 21:00:00+00:00,22.752965604783096
2025-01-19 22:00:00+00:00,22.730868874515313
2025-01-19 23:00:00+00:00,24.224613238277367
2025-01-20 00:00:00+00:00,24.534099609195277
2025-01-20 01:00:00+00:00,26.395571408465642
2025-01-20 02:00:00+00:00,28.06116030389891
2025-01-20 03:00:00+00:00,28.26502322404814
2025-01-20 04:00:00+00:00,28.503606176747464
2025-01-20 05:00:00+00:00,28.510555225917603
2025-01-20 06:00:00+00:00,28.645740124118888
2025-01-20 07:00:00+00:00,26.029786584147573
2025-01-20 08:00:00+00:00,27.907800275057753
2025-01-20 09:00:00+00:00,28.517644335451283
2025-01-20 10:00:00+00:00,29.63675444913346
2025-01-20 11:00:00+00:00,31.12876564940623
2025-01-20 12:00:00+00:00,31.499410421842494
2025-01-20 13:00:00+00:00,31.353946080192568
2025-01-20 14:00:00+00:00,29.976103415254723
2025-01-20 15:00:00+00:00,29.148760154634783
2025-01-20 16:00:00+00:00,25.987155180166248
2025-01-20 17:00:00+00:00,21.924449080192975
2025-01-20 18:00:00+00:00,22.141642287779238
2025-01-20 19:00:00+00:00,21.9242505524582
2025-01-20 20:00:00+00:00,23.677328275985445
2025-01-20 21:00:00+00:00,25.534013613210288
2025-01-20 22:00:00+00:00,25.764255812188036
2025-01-20 23:00:00+00:00,26.000247756723443
2025-01-21 00:00:00+00:00,26.650636744883798
2025-01-21 01:00:00+00:00,27.541197784138884
2025-01-21 02:00:00+00:00,28.02292588864306
2025-01-21 03:00:00+00:00,28.235664590368135
2025-01-21 04:00:00+00:00,28.53253268494747
2025-01-21 05:00:00+00:00,28.179245643698717
2025-01-21 06:00:00+00:00,28.50677210892109
2025-01-21 07:00:00+00:00,27.70325909561732
2025-01-21 08:00:00+00:00,30.887037238506192
2025-01-21 09:00:00+00:00,31.508019201255166
2025-01-21 10:00:00+00:00,28.291435107516282
2025-01-21 11:00:00+00:00,27.826474930423682
2025-01-21 12:00:00+00:00,27.47478887567127
2025-01-21 13:00:00+00:00,26.65737327221209
2025-01-21 14:00:00+00:00,26.017751266285735
2025-01-21 15:00:00+00:00,25.776635935411242
2025-01-21 16:00:00+00:00,27.534806040545444
2025-01-21 17:00:00+00:00,26.968593643674556
2025-01-21 18:00:00+00:00,26.519104322980827
2025-01-21 19:00:00+00:00,24.42554791036628
2025-01-21 20:00:00+00:00,23.07125912473277
2025-01-21 21:00:00+00:00,24.27295423270995
2025-01-21 22:00:00+00:00,24.183416229115874
2025-01-21 23:00:00+00:00,24.937090484599974
2025-01-22 00:00:00+00:00,26.955142072529902
2025-01-22 01:00:00+00:00,29.105306357274195
2025-01-22 02:00:00+00:00,29.11205546985317
2025-01-22 03:00:00+00:00,28.944006167904632
2025-01-22 04:00:00+00:00,29.38714328946862
2025-01-22 05:00:00+00:00,29.673908645057253
2025-01-22 06:00:00+00:00,29.30986464426176
2025-01-22 07:00:00+00:00,30.267571825536884
2025-01-22 08:00:00+00:00,31.75573435957679
2025-01-22 09:00:00+00:00,26.790889104623798
2025-01-22 10:00:00+00:00,29.470837350141398
2025-01-22 11:00:00+00:00,30.233174165850862
2025-01-22 12:00:00+00:00,30.88649640450164
2025-01-22 13:00:00+00:00,31.009950328148893
2025-01-22 14:00:00+00:00,29.87792016734898
2025-01-22 15:00:00+00:00,28.704960788890567
2025-01-22 16:00:00+00:00,28.292167581685185
2025-01-22 17:00:00+00:00,27.529962869516357
2025-01-22 18:00:00+00:00,26.201504214515097
2025-01-22 19:00:00+00:00,24.235315351519656
2025-01-22 20:00:00+00:00,21.95387227894948
2025-01-22 21:00:00+00:00,20.290105631360912
2025-01-22 22:00:00+00:00,20.4240106294368
2025-01-22 23:00:00+00:00,22.4108836806937
2025-01-23 00:00:00+00:00,24.50065965772393
2025-01-23 01:00:00+00:00,25.737372043933487
2025-01-23 02:00:00+00:00,27.318943242759715
2025-01-23 03:00:00+00:00,28.363092429125555
2025-01-23 04:00:00+00:00,29.966379908866976
2025-01-23 05:00:00+00:00,30.112435753911477
2025-01-23 06:00:00+00:00,30.29089004248753
2025-01-23 07:00:00+00:00,28.348207419291327
2025-01-23 08:00:00+00:00,27.94196391049657
2025-01-23 09:00:00+00:00,26.70778954167896
2025-01-23 10:00:00+00:00,29.26283873869541
2025-01-23 11:00:00+00:00,31.47593404572127
2025-01-23 12:00:00+00:00,31.32208698674086
2025-01-23 13:00:00+00:00,31.799046529247
2025-01-23 14:00:00+00:00,29.90059227392693
2025-01-23 15:00:00+00:00,28.708377387597647
2025-01-23 16:00:00+00:00,27.22616598328528
2025-01-23 17:00:00+00:00,24.60110520374663
2025-01-23 18:00:00+00:00,24.62595044356656
2025-01-23 19:00:00+00:00,25.09968035233621
2025-01-23 20:00:00+00:00,25.740639280061743
2025-01-23 21:00:00+00:00,26.406505010180478
2025-01-23 22:00:00+00:00,26.59537509503754
2025-01-23 23:00:00+00:00,25.750550135359394
2025-01-24 00:00:00+00:00,26.26920555638576
2025-01-24 01:00:00+00:00,25.35330979361521
2025-01-24 02:00:00+00:00,26.71993545279453
2025-01-24 03:00:00+00:00,27.733961957404397
2025-01-24 04:00:00+00:00,29.817953762821656
2025-01-24 05:00:00+00:00,30.518703510157195
2025-01-24 06:00:00+00:00,31.160181720801777
2025-01-24 07:00:00+00:00,29.816720960458508
2025-01-24 08:00:00+00:00,30.854799439589463
2025-01-24 09:00:00+00:00,30.40033696167974
2025-01-24 10:00:00+00:00,29.31285345253022
2025-01-24 11:00:00+00:00,28.671773061052576
2025-01-24 12:00:00+00:00,28.263833423833578
2025-01-24 13:00:00+00:00,27.107550881442005
2025-01-24 14:00:00+00:00,27.049026621989253
2025-01-24 15:00:00+00:00,26.74099360471134
2025-01-24 16:00:00+00:00,26.538612642098986
2025-01-24 17:00:00+00:00,25.814139576199093
2025-01-24 18:00:00+00:00,25.28628055267724
2025-01-24 19:00:00+00:00,23.52920807753325
2025-01-24 20:00:00+00:00,22.01293676382079
2025-01-24 21:00:00+00:00,21.66736839902424
2025-01-24 22:00:00+00:00,21.81860062339637
2025-01-24 23:00:00+00:00,23.194297935899467
2025-01-25 00:00:00+00:00,25.0719592546764
2025-01-25 01:00:00+00:00,25.546816390373888
2025-01-25 02:00:00+00:00,27.598165817959227
2025-01-25 03:00:00+00:00,29.78855388714113
2025-01-25 04:00:00+00:00,30.49045775874908
2025-01-25 05:00:00+00:00,32.50770033935386
2025-01-25 06:00:00+00:00,32.43405745729293
2025-01-25 07:00:00+00:00,31.661589506650724
2025-01-25 08:00:00+00:00,31.94688347129516
2025-01-25 09:00:00+00:00,29.64579207779734
2025-01-25 10:00:00+00:00,29.735540370398397
2025-01-25 11:00:00+00:00,28.950929009899856
2025-01-25 12:00:00+00:00,28.44059771503586
2025-01-25 13:00:00+00:00,27.821503557679282
2025-01-25 14:00:00+00:00,27.16854100183738
2025-01-25 15:00:00+00:00,26.401153965516993
2025-01-25 16:00:00+00:00,24.787901524080585
2025-01-25 17:00:00+00:00,23.608300024826566
2025-01-25 18:00:00+00:00,23.64924212462318
2025-01-25 19:00:00+00:00,23.025480901213815
2025-01-25 20:00:00+00:00,23.534187851941358
2025-01-25 21:00:00+00:00,24.72431077454408
2025-01-25 22:00:00+00:00,23.352909385080636
2025-01-25 23:00:00+00:00,21.602123138571336
2025-01-26 00:00:00+00:00,22.32753881476572
2025-01-26 01:00:00+00:00,22.732176855289936
2025-01-26 02:00:00+00:00,25.669376481852684
2025-01-26 03:00:00+00:00,28.76996800921777
2025-01-26 04:00:00+00:00,31.55953556850685
2025-01-26 05:00:00+00:00,32.72018199263035
2025-01-26 06:00:00+00:00,30.44669484235101
2025-01-26 07:00:00+00:00,25.2251186372922
2025-01-26 08:00:00+00:00,27.001295179706027
2025-01-26 09:00:00+00:00,29.843291338992447
2025-01-26 10:00:00+00:00,29.947801042992303
2025-01-26 11:00:00+00:00,29.784736913052342
2025-01-26 12:00:00+00:00,28.860980308544626
2025-01-26 13:00:00+00:00,26.450962433281035
2025-01-26 14:00:00+00:00,26.684492386648586
2025-01-26 15:00:00+00:00,27.269997383181657
2025-01-26 16:00:00+00:00,26.746066866978175
2025-01-26 17:00:00+00:00,26.255792949895262
2025-01-26 18:00:00+00:00,26.222201310024037
2025-01-26 19:00:00+00:00,25.555809136828593
2025-01-26 20:00:00+00:00,25.79545911622515
2025-01-26 21:00:00+00:00,26.250719246339358
2025-01-26 22:00:00+00:00,24.509085940490323
2025-01-26 23:00:00+00:00,23.98681932836246
2025-01-27 00:00:00+00:00,23.735591323643025
2025-01-27 01:00:00+00:00,22.430635670868188
2025-01-27 02:00:00+00:00,24.76633225383365
2025-01-27 03:00:00+00:00,25.286332397137283
2025-01-27 04:00:00+00:00,26.565090544599148
2025-01-27 05:00:00+00:00,26.87293538622775
2025-01-27 06:00:00+00:00,26.977889043290947
2025-01-27 07:00:00+00:00,25.83194375918761
2025-01-27 08:00:00+00:00,29.061400066728794
2025-01-27 09:00:00+00:00,30.39990795128453
2025-01-27 10:00:00+00:00,30.477582502381747
2025-01-27 11:00:00+00:00,29.44752379240586
2025-01-27 12:00:00+00:00,27.391092008233944
2025-01-27 13:00:00+00:00,26.399583095505452
2025-01-27 14:00:00+00:00,26.775176270199694
2025-01-27 15:00:00+00:00,26.953011821121677
2025-01-27 16:00:00+00:00,27.206091218331217
2025-01-27 17:00:00+00:00,27.57412833723907
2025-01-27 18:00:00+00:00,26.21504868000116
2025-01-27 19:00:00+00:00,24.694026684652325
2025-01-27 20:00:00+00:00,23.38355387374307
2025-01-27 21:00:00+00:00,22.102608829578944
2025-01-27 22:00:00+00:00,23.020413689747038
2025-01-27 23:00:00+00:00,24.15202078101118
2025-01-28 00:00:00+00:00,26.114730974811295
2025-01-28 01:00:00+00:00,28.729028741035293
2025-01-28 02:00:00+00:00,28.706590393901227
2025-01-28 03:00:00+00:00,30.40830088045448
2025-01-28 04:00:00+00:00,33.88203106293207
2025-01-28 05:00:00+00:00,35.57146768299437
2025-01-28 06:00:00+00:00,31.434473140129736
2025-01-28 07:00:00+00:00,27.041597414050194
2025-01-28 08:00:00+00:00,28.17429005163118
2025-01-28 09:00:00+00:00,30.630929042150854
2025-01-28 10:00:00+00:00,30.813235227900893
2025-01-28 11:00:00+00:00,29.287602286035497
2025-01-28 12:00:00+00:00,29.268074193781324
2025-01-28 13:00:00+00:00,28.19114595572011
2025-01-28 14:00:00+00:00,27.397760825247406
2025-01-28 15:00:00+00:00,26.795108444809827
2025-01-28 16:00:00+00:00,25.381276887879324
2025-01-28 17:00:00+00:00,24.05446770772333
2025-01-28 18:00:00+00:00,23.87474836690762
2025-01-28 19:00:00+00:00,23.04389091578119
2025-01-28 20:00:00+00:00,23.53573200638515
2025-01-28 21:00:00+00:00,23.722787598789772
2025-01-28 22:00:00+00:00,22.466429623711832
2025-01-28 23:00:00+00:00,22.06811624747145
2025-01-29 00:00:00+00:00,21.908151473194884
2025-01-29 01:00:00+00:00,21.908151473194884
2025-01-29 02:00:00+00:00,24.547400635539773
2025-01-29 03:00:00+00:00,26.966589221145412
2025-01-29 04:00:00+00:00,27.503357254011664
2025-01-29 05:00:00+00:00,28.91894393349499
2025-01-29 06:00:00+00:00,28.978348335104968
2025-01-29 07:00:00+00:00,26.911974933017966
2025-01-29 08:00:00+00:00,29.015473265377427
2025-01-29 09:00:00+00:00,33.44511537857136
2025-01-29 10:00:00+00:00,32.394773572981194
2025-01-29 11:00:00+00:00,31.92903451184955
2025-01-29 12:00:00+00:00,29.862362442683267
2025-01-29 13:00:00+00:00,26.126561457899204
2025-01-29 14:00:00+00:00,26.462051085796507
2025-01-29 15:00:00+00:00,26.343778033968718
2025-01-29 16:00:00+00:00,26.070828503911954
2025-01-29 17:00:00+00:00,25.900969463487066
2025-01-29 18:00:00+00:00,24.371964799788053
2025-01-29 19:00:00+00:00,22.79732622071691
2025-01-29 20:00:00+00:00,22.462014898224144
2025-01-29 21:00:00+00:00,22.304803122257876
2025-01-29 22:00:00+00:00,21.665134461749787
2025-01-29 23:00:00+00:00,23.712131532220372
2025-01-30 00:00:00+00:00,26.241361113131195
2025-01-30 01:00:00+00:00,26.981498105905334
2025-01-30 02:00:00+00:00,26.609298295770962
2025-01-30 03:00:00+00:00,24.709217847008674
2025-01-30 04:00:00+00:00,23.99170231627736
2025-01-30 05:00:00+00:00,23.313610771963685
2025-01-30 06:00:00+00:00,25.287527919685235
2025-01-30 07:00:00+00:00,26.42774773656401
2025-01-30 08:00:00+00:00,29.972601649941268
2025-01-30 09:00:00+00:00,30.486171392342698
2025-01-30 10:00:00+00:00,31.21954242229811
2025-01-30 11:00:00+00:00,30.221769585273094
2025-01-30 12:00:00+00:00,28.513363184444525
2025-01-30 13:00:00+00:00,26.342290453471115
2025-01-30 14:00:00+00:00,25.612485430278443
2025-01-30 15:00:00+00:00,25.39969052981727
2025-01-30 16:00:00+00:00,24.708768118552833
2025-01-30 17:00:00+00:00,23.716567165898905
2025-01-30 18:00:00+00:00,24.073918480240376
2025-01-30 19:00:00+00:00,24.220696332880653
2025-01-30 20:00:00+00:00,24.368475015777236
2025-01-30 21:00:00+00:00,23.757301974918196
2025-01-30 22:00:00+00:00,25.11809278906558
2025-01-30 23:00:00+00:00,25.919232158640277
2025-01-31 00:00:00+00:00,26.996244388893366
2025-01-31 01:00:00+00:00,27.930363614480736
2025-01-31 02:00:00+00:00,26.635781124752683
2025-01-31 03:00:00+00:00,26.076754554742276
2025-01-31 04:00:00+00:00,25.19230246968804
2025-01-31 05:00:00+00:00,24.914615285792355
2025-01-31 06:00:00+00:00,25.850800972437685
2025-01-31 07:00:00+00:00,26.297131556808655
2025-01-31 08:00:00+00:00,27.178306275195162
2025-01-31 09:00:00+00:00,27.914709899141602
2025-01-31 10:00:00+00:00,28.665249732227746
2025-01-31 11:00:00+00:00,28.226254163239144
2025-01-31 12:00:00+00:00,28.192448581262493
2025-01-31 13:00:00+00:00,27.81799607895477
2025-01-31 14:00:00+00:00,26.895856166908658
2025-01-31 15:00:00+00:00,26.08577991726739
2025-01-31 16:00:00+00:00,24.914883092686622
2025-01-31 17:00:00+00:00,23.957098063362427
2025-01-31 18:00:00+00:00,23.954992761203503
2025-01-31 19:00:00+00:00,24.982803973447194
2025-01-31 20:00:00+00:00,25.703920948689184
2025-01-31 21:00:00+00:00,26.588786955809724
2025-01-31 22:00:00+00:00,26.50926775232979
2025-01-31 23:00:00+00:00,26.110510586512035
2025-02-01 00:00:00+00:00,24.974882514857942
2025-02-01 01:00:00+00:00,25.134618508592155
2025-02-01 02:00:00+00:00,26.82882671820023
2025-02-01 03:00:00+00:00,26.99670958297931
2025-02-01 04:00:00+00:00,28.444097261504393
2025-02-01 05:00:00+00:00,28.80881766187739
2025-02-01 06:00:00+00:00,25.261692224199532
2025-02-01 07:00:00+00:00,23.53689075980368
2025-02-01 08:00:00+00:00,26.882007267282887
2025-02-01 09:00:00+00:00,33.00927193076089
2025-02-01 10:00:00+00:00,31.216442442763736
2025-02-01 11:00:00+00:00,30.113883793849336
2025-02-01 12:00:00+00:00,28.717810672629767
2025-02-01 13:00:00+00:00,26.20981042051534
2025-02-01 14:00:00+00:00,25.764075807310483
2025-02-01 15:00:00+00:00,25.62216898248802
2025-02-01 16:00:00+00:00,25.168017496694322
2025-02-01 17:00:00+00:00,25.13407980572321
2025-02-01 18:00:00+00:00,24.33167369170676
2025-02-01 19:00:00+00:00,23.84057597323325
2025-02-01 20:00:00+00:00,23.638830103958842
2025-02-01 21:00:00+00:00,23.205652699600577
2025-02-01 22:00:00+00:00,23.477030333011562
2025-02-01 23:00:00+00:00,24.497093461773666
2025-02-02 00:00:00+00:00,26.187934732268808
2025-02-02 01:00:00+00:00,26.501885607371168
2025-02-02 02:00:00+00:00,26.431295407592277
2025-02-02 03:00:00+00:00,26.055831455370274
2025-02-02 04:00:00+00:00,25.5925702205989
2025-02-02 05:00:00+00:00,25.471342658353397
2025-02-02 06:00:00+00:00,26.209665041226557
2025-02-02 07:00:00+00:00,27.749163472762657
2025-02-02 08:00:00+00:00,28.188988507052652
2025-02-02 09:00:00+00:00,28.68068234829935
2025-02-02 10:00:00+00:00,30.028174238440783
2025-02-02 11:00:00+00:00,30.82613335364046
2025-02-02 12:00:00+00:00,31.303297139357912
2025-02-02 13:00:00+00:00,29.787101214445276
2025-02-02 14:00:00+00:00,28.519992496170765
2025-02-02 15:00:00+00:00,27.66680866059728
2025-02-02 16:00:00+00:00,26.66019766295812
2025-02-02 17:00:00+00:00,26.126969963541264
2025-02-02 18:00:00+00:00,25.91059921391661
2025-02-02 19:00:00+00:00,25.26450224154198
2025-02-02 20:00:00+00:00,25.662980210288627
2025-02-02 21:00:00+00:00,25.628730002614606
2025-02-02 22:00:00+00:00,24.40423295063019
2025-02-02 23:00:00+00:00,23.783427187302127
2025-02-03 00:00:00+00:00,23.751188784021696
2025-02-03 01:00:00+00:00,23.991794396226076
2025-02-03 02:00:00+00:00,26.003916380184286
2025-02-03 03:00:00+00:00,27.347069966987277
2025-02-03 04:00:00+00:00,27.91028476792641
2025-02-03 05:00:00+00:00,29.509078808213918
2025-02-03 06:00:00+00:00,26.86254281668168
2025-02-03 07:00:00+00:00,23.761744594499117
2025-02-03 08:00:00+00:00,24.624306268718637
2025-02-03 09:00:00+00:00,24.99418170534005
2025-02-03 10:00:00+00:00,25.22156355617588
2025-02-03 11:00:00+00:00,26.640114944192135
2025-02-03 12:00:00+00:00,28.309161320943478
2025-02-03 13:00:00+00:00,29.283173283408324
2025-02-03 14:00:00+00:00,28.755924768496442
2025-02-03 15:00:00+00:00,28.080287421250294
2025-02-03 16:00:00+00:00,26.775327662371055
2025-02-03 17:00:00+00:00,26.52262504323426
2025-02-03 18:00:00+00:00,26.049480772674503
2025-02-03 19:00:00+00:00,25.66616849919389
2025-02-03 20:00:00+00:00,24.405362361974657
2025-02-03 21:00:00+00:00,23.243310785935265
2025-02-03 22:00:00+00:00,24.25103923614107
2025-02-03 23:00:00+00:00,25.481652256518885
2025-02-04 00:00:00+00:00,26.182047452943358
2025-02-04 01:00:00+00:00,27.24162217535092
2025-02-04 02:00:00+00:00,28.325979688305885
2025-02-04 03:00:00+00:00,30.329311382231452
2025-02-04 04:00:00+00:00,31.131563820264354
2025-02-04 05:00:00+00:00,32.259194012588004
2025-02-04 06:00:00+00:00,25.264892634287975
2025-02-04 07:00:00+00:00,22.16024613955867
2025-02-04 08:00:00+00:00,23.801616541647768
2025-02-04 09:00:00+00:00,24.66580444176398
2025-02-04 10:00:00+00:00,24.86351065223723
2025-02-04 11:00:00+00:00,25.92020332078093
2025-02-04 12:00:00+00:00,26.84032247974248
2025-02-04 13:00:00+00:00,27.201575091668374
2025-02-04 14:00:00+00:00,27.830641989173944
2025-02-04 15:00:00+00:00,27.47024795082656
2025-02-04 16:00:00+00:00,27.371294906277278
2025-02-04 17:00:00+00:00,26.949809685921476
2025-02-04 18:00:00+00:00,26.070489306499024
2025-02-04 19:00:00+00:00,25.04321491627776
2025-02-04 20:00:00+00:00,23.83227215935414
2025-02-04 21:00:00+00:00,22.73713478781998
2025-02-04 22:00:00+00:00,23.747346736850393
2025-02-04 23:00:00+00:00,24.942169739709644
2025-02-05 00:00:00+00:00,25.922275568436117
2025-02-05 01:00:00+00:00,26.84625802096071
2025-02-05 02:00:00+00:00,28.269981535959893
2025-02-05 03:00:00+00:00,29.821477406298925
2025-02-05 04:00:00+00:00,31.50228775225107
2025-02-05 05:00:00+00:00,31.376867084855466
2025-02-05 06:00:00+00:00,28.41117638781429
2025-02-05 07:00:00+00:00,23.215930369426324
2025-02-05 08:00:00+00:00,27.11964040014134
2025-02-05 09:00:00+00:00,29.36145867616612
2025-02-05 10:00:00+00:00,29.44458239457925
2025-02-05 11:00:00+00:00,30.649528723065075
2025-02-05 12:00:00+00:00,29.93865332332092
2025-02-05 13:00:00+00:00,29.32711044830111
2025-02-05 14:00:00+00:00,29.22772690141335
2025-02-05 15:00:00+00:00,28.932439974342635
2025-02-05 16:00:00+00:00,27.444085933893557
2025-02-05 17:00:00+00:00,26.457765171229155
2025-02-05 18:00:00+00:00,25.989550189520784
2025-02-05 19:00:00+00:00,25.195599526441928
2025-02-05 20:00:00+00:00,24.154733041057902
2025-02-05 21:00:00+00:00,23.98909830974249
2025-02-05 22:00:00+00:00,23.762748401323734
2025-02-05 23:00:00+00:00,23.8996205013095
2025-02-06 00:00:00+00:00,24.026877883269606
2025-02-06 01:00:00+00:00,24.505112926003317
2025-02-06 02:00:00+00:00,25.815389336365236
2025-02-06 03:00:00+00:00,27.604446445921145
2025-02-06 04:00:00+00:00,29.278377281106813
2025-02-06 05:00:00+00:00,30.49445471462479
2025-02-06 06:00:00+00:00,27.292536355012544
2025-02-06 07:00:00+00:00,23.646597977344154
2025-02-06 08:00:00+00:00,26.622696072542652
2025-02-06 09:00:00+00:00,27.329759634760716
2025-02-06 10:00:00+00:00,27.35422561011197
2025-02-06 11:00:00+00:00,28.556501547083005
2025-02-06 12:00:00+00:00,29.42538953867909
2025-02-06 13:00:00+00:00,28.109674088719796
2025-02-06 14:00:00+00:00,28.49630634888405
2025-02-06 15:00:00+00:00,28.347190949675454
2025-02-06 16:00:00+00:00,27.791627968439656
2025-02-06 17:00:00+00:00,28.600962568401872
2025-02-06 18:00:00+00:00,27.306527863460058
2025-02-06 19:00:00+00:00,26.5361042506062
2025-02-06 20:00:00+00:00,25.75255198215391
2025-02-06 21:00:00+00:00,24.87961657952822
2025-02-06 22:00:00+00:00,25.272939171040697
2025-02-06 23:00:00+00:00,25.735452813073078
2025-02-07 00:00:00+00:00,25.805246522434103
2025-02-07 01:00:00+00:00,26.340086724858622
2025-02-07 02:00:00+00:00,27.299591495794697
2025-02-07 03:00:00+00:00,26.189798602503323
2025-02-07 04:00:00+00:00,26.371896964467375
2025-02-07 05:00:00+00:00,26.30035724263412
2025-02-07 06:00:00+00:00,23.566792249123797
2025-02-07 07:00:00+00:00,21.876953372082372
2025-02-07 08:00:00+00:00,26.731149021513264
2025-02-07 09:00:00+00:00,29.046335228182887
2025-02-07 10:00:00+00:00,27.40568587167762
2025-02-07 11:00:00+00:00,25.594364847057854
2025-02-07 12:00:00+00:00,24.31380084131579
2025-02-07 13:00:00+00:00,24.43714754289735
2025-02-07 14:00:00+00:00,24.274043396074603
2025-02-07 15:00:00+00:00,24.28795469763072
2025-02-07 16:00:00+00:00,24.300531299856
2025-02-07 17:00:00+00:00,25.41261423086698
2025-02-07 18:00:00+00:00,25.69119969904913
2025-02-07 19:00:00+00:00,26.170479556206004
2025-02-07 20:00:00+00:00,26.169401472677137
2025-02-07 21:00:00+00:00,26.295466276445147
2025-02-07 22:00:00+00:00,25.983320517718774
2025-02-07 23:00:00+00:00,25.53492714258452
2025-02-08 00:00:00+00:00,24.49403069005159
2025-02-08 01:00:00+00:00,23.56590530030953
2025-02-08 02:00:00+00:00,25.63694462383729
2025-02-08 03:00:00+00:00,27.239687800650554
2025-02-08 04:00:00+00:00,28.54092243508525
2025-02-08 05:00:00+00:00,28.737987563801475
2025-02-08 06:00:00+00:00,28.161345520368492
2025-02-08 07:00:00+00:00,25.23521174600749
2025-02-08 08:00:00+00:00,28.230368199182013
2025-02-08 09:00:00+00:00,30.8849339128085
2025-02-08 10:00:00+00:00,28.659735319088817
2025-02-08 11:00:00+00:00,25.55702724444985
2025-02-08 12:00:00+00:00,24.686952632707893
2025-02-08 13:00:00+00:00,24.447217618949438
2025-02-08 14:00:00+00:00,24.64287396644125
2025-02-08 15:00:00+00:00,24.305335864197147
2025-02-08 16:00:00+00:00,24.27824504518845
2025-02-08 17:00:00+00:00,24.51264398771191
2025-02-08 18:00:00+00:00,25.42049083870369
2025-02-08 19:00:00+00:00,25.47199574603157
2025-02-08 20:00:00+00:00,25.608767677519975
2025-02-08 21:00:00+00:00,25.967255461207714
2025-02-08 22:00:00+00:00,25.433403309445595
2025-02-08 23:00:00+00:00,25.298137087519248
2025-02-09 00:00:00+00:00,24.945945297115063
2025-02-09 01:00:00+00:00,24.643719922174085
2025-02-09 02:00:00+00:00,26.134929685434642
2025-02-09 03:00:00+00:00,27.2413833380454
2025-02-09 04:00:00+00:00,29.035485610183176
2025-02-09 05:00:00+00:00,30.15416195802449
2025-02-09 06:00:00+00:00,25.9809767456043
2025-02-09 07:00:00+00:00,23.105137945780214
2025-02-09 08:00:00+00:00,27.86392691140339
2025-02-09 09:00:00+00:00,31.65560193100578
2025-02-09 10:00:00+00:00,32.433770913916355
2025-02-09 11:00:00+00:00,29.91927567535202
2025-02-09 12:00:00+00:00,30.717366774074033
2025-02-09 13:00:00+00:00,32.27517070496248
2025-02-09 14:00:00+00:00,29.880988278155765
2025-02-09 15:00:00+00:00,29.53150597802032
2025-02-09 16:00:00+00:00,28.421505419512172
2025-02-09 17:00:00+00:00,26.997489479976952
2025-02-09 18:00:00+00:00,26.834520505619057
2025-02-09 19:00:00+00:00,26.034232048052576
2025-02-09 20:00:00+00:00,26.333738858348788
2025-02-09 21:00:00+00:00,26.359489871919354
2025-02-09 22:00:00+00:00,26.296006225648846
2025-02-09 23:00:00+00:00,26.003106915397296
2025-02-10 00:00:00+00:00,25.61614406463419
2025-02-10 01:00:00+00:00,25.436164868330454
2025-02-10 02:00:00+00:00,25.51213393362401
2025-02-10 03:00:00+00:00,26.313242172942697
2025-02-10 04:00:00+00:00,26.57996559517813
2025-02-10 05:00:00+00:00,26.664628464947004
2025-02-10 06:00:00+00:00,27.14145065984484
2025-02-10 07:00:00+00:00,26.415798490995027
2025-02-10 08:00:00+00:00,28.12051849843713
2025-02-10 09:00:00+00:00,30.162812311291884
2025-02-10 10:00:00+00:00,30.179108893086063
2025-02-10 11:00:00+00:00,28.551239885391155
2025-02-10 12:00:00+00:00,27.776503853972212
2025-02-10 13:00:00+00:00,28.407921881279837
2025-02-10 14:00:00+00:00,27.271251735222585
2025-02-10 15:00:00+00:00,27.11038779818801
2025-02-10 16:00:00+00:00,26.154361570407957
2025-02-10 17:00:00+00:00,24.565823121561827
2025-02-10 18:00:00+00:00,25.42153029536773
2025-02-10 19:00:00+00:00,25.674930019279223
2025-02-10 20:00:00+00:00,26.0042122339274
2025-02-10 21:00:00+00:00,26.203677890068228
2025-02-10 22:00:00+00:00,25.939666790349968
2025-02-10 23:00:00+00:00,25.73959778177176
2025-02-11 00:00:00+00:00,25.306488423945893
2025-02-11 01:00:00+00:00,25.447423131374727
2025-02-11 02:00:00+00:00,26.27396366056333
2025-02-11 03:00:00+00:00,27.00264255486259
2025-02-11 04:00:00+00:00,27.77887939430028
2025-02-11 05:00:00+00:00,28.77455360567702
2025-02-11 06:00:00+00:00,27.705142103177348
2025-02-11 07:00:00+00:00,27.591396430418214
2025-02-11 08:00:00+00:00,27.69603877198741
2025-02-11 09:00:00+00:00,27.5204459658062
2025-02-11 10:00:00+00:00,28.811392987392797
2025-02-11 11:00:00+00:00,29.402398668012673
2025-02-11 12:00:00+00:00,29.224642931267784
2025-02-11 13:00:00+00:00,29.141293347566148
2025-02-11 14:00:00+00:00,28.850787970540342
2025-02-11 15:00:00+00:00,27.651207049841183
2025-02-11 16:00:00+00:00,24.45935860000011
2025-02-11 17:00:00+00:00,22.94061329764964
2025-02-11 18:00:00+00:00,23.001037411155853
2025-02-11 19:00:00+00:00,22.97538694918049
2025-02-11 20:00:00+00:00,23.7763887167872
2025-02-11 21:00:00+00:00,23.829862780974906
2025-02-11 22:00:00+00:00,25.506724708223278
2025-02-11 23:00:00+00:00,26.55026949886586
2025-02-12 00:00:00+00:00,26.887437547543353
2025-02-12 01:00:00+00:00,28.016262140762805
2025-02-12 02:00:00+00:00,28.78754703098404
2025-02-12 03:00:00+00:00,27.585671212437347
2025-02-12 04:00:00+00:00,26.994628402916234
2025-02-12 05:00:00+00:00,26.306797588478368
2025-02-12 06:00:00+00:00,26.20331743174462
2025-02-12 07:00:00+00:00,25.727516985553432
2025-02-12 08:00:00+00:00,29.324524314750924
2025-02-12 09:00:00+00:00,30.6207308625994
2025-02-12 10:00:00+00:00,32.07168012215123
2025-02-12 11:00:00+00:00,32.11295662633672
2025-02-12 12:00:00+00:00,31.96872840027176
2025-02-12 13:00:00+00:00,31.517203363839556
2025-02-12 14:00:00+00:00,29.957456600416236
2025-02-12 15:00:00+00:00,27.342484095652384
2025-02-12 16:00:00+00:00,25.619449811651442
2025-02-12 17:00:00+00:00,24.372910160258893
2025-02-12 18:00:00+00:00,24.677538871172352
2025-02-12 19:00:00+00:00,24.619499244417852
2025-02-12 20:00:00+00:00,24.28757149659413
2025-02-12 21:00:00+00:00,24.75919299036973
2025-02-12 22:00:00+00:00,25.45955182009285
2025-02-12 23:00:00+00:00,25.804462087316136
2025-02-13 00:00:00+00:00,26.764532610590706
2025-02-13 01:00:00+00:00,27.125689124224582
2025-02-13 02:00:00+00:00,27.45091842097011
2025-02-13 03:00:00+00:00,27.373864108986048
2025-02-13 04:00:00+00:00,27.067463645001105
2025-02-13 05:00:00+00:00,26.953516200976967
2025-02-13 06:00:00+00:00,28.092831463455234
2025-02-13 07:00:00+00:00,28.95458870196623
2025-02-13 08:00:00+00:00,29.908077507534088
2025-02-13 09:00:00+00:00,30.542224041469332
2025-02-13 10:00:00+00:00,31.066460067539907
2025-02-13 11:00:00+00:00,31.308070961191074
2025-02-13 12:00:00+00:00,31.772422147700013
2025-02-13 13:00:00+00:00,32.484906117114164
2025-02-13 14:00:00+00:00,31.11394328273845
2025-02-13 15:00:00+00:00,29.88813970784158
2025-02-13 16:00:00+00:00,27.281011754008446
2025-02-13 17:00:00+00:00,25.282414336020263
2025-02-13 18:00:00+00:00,25.237571359428593
2025-02-13 19:00:00+00:00,25.5884289271491
2025-02-13 20:00:00+00:00,25.222538962347244
2025-02-13 21:00:00+00:00,24.742328905494592
2025-02-13 22:00:00+00:00,25.775660923626294
2025-02-13 23:00:00+00:00,26.40194397960898
2025-02-14 00:00:00+00:00,27.62386731946033
2025-02-14 01:00:00+00:00,28.55610006501434
2025-02-14 02:00:00+00:00,28.395109063712532
2025-02-14 03:00:00+00:00,28.721631036630637
2025-02-14 04:00:00+00:00,28.929042279672178
2025-02-14 05:00:00+00:00,28.799069936170973
2025-02-14 06:00:00+00:00,28.788173618776764
2025-02-14 07:00:00+00:00,28.852357863798137
2025-02-14 08:00:00+00:00,29.06641063980586
2025-02-14 09:00:00+00:00,29.504958838079425
2025-02-14 10:00:00+00:00,29.921086817976253
2025-02-14 11:00:00+00:00,30.613698921457505
2025-02-14 12:00:00+00:00,29.54403321786875
2025-02-14 13:00:00+00:00,28.302000488134706
2025-02-14 14:00:00+00:00,27.74012261921378
2025-02-14 15:00:00+00:00,27.02369144369427
2025-02-14 16:00:00+00:00,25.807444856982457
2025-02-14 17:00:00+00:00,25.73989695465055
2025-02-14 18:00:00+00:00,24.934077138371887
2025-02-14 19:00:00+00:00,24.384486815551895
2025-02-14 20:00:00+00:00,23.713089958527526
2025-02-14 21:00:00+00:00,23.67936697582737
2025-02-14 22:00:00+00:00,24.94809875837074
2025-02-14 23:00:00+00:00,25.667320599834873
2025-02-15 00:00:00+00:00,26.35912801618167
2025-02-15 01:00:00+00:00,27.10351820476616
2025-02-15 02:00:00+00:00,27.55075807049177
2025-02-15 03:00:00+00:00,28.80234120196526
2025-02-15 04:00:00+00:00,29.388099905110554
2025-02-15 05:00:00+00:00,30.126593406492354
2025-02-15 06:00:00+00:00,29.85115828738101
2025-02-15 07:00:00+00:00,29.602103134871836
2025-02-15 08:00:00+00:00,30.56236266157021
2025-02-15 09:00:00+00:00,30.538026446156476
2025-02-15 10:00:00+00:00,30.283925433969934
2025-02-15 11:00:00+00:00,29.122201012992818
2025-02-15 12:00:00+00:00,28.16979648579922
2025-02-15 13:00:00+00:00,27.54154236693638
2025-02-15 14:00:00+00:00,27.63761333165728
2025-02-15 15:00:00+00:00,26.811508806473547
2025-02-15 16:00:00+00:00,25.758333394367547
2025-02-15 17:00:00+00:00,26.273835551044566
2025-02-15 18:00:00+00:00,24.89860416106665
2025-02-15 19:00:00+00:00,23.667011448774744
2025-02-15 20:00:00+00:00,22.70899593682036
2025-02-15 21:00:00+00:00,22.812792601341297
2025-02-15 22:00:00+00:00,23.270751532247903
2025-02-15 23:00:00+00:00,24.740729776128546
2025-02-16 00:00:00+00:00,24.890580701152572
2025-02-16 01:00:00+00:00,24.983835774775454
2025-02-16 02:00:00+00:00,27.192040697871075
2025-02-16 03:00:00+00:00,29.87937811586766
2025-02-16 04:00:00+00:00,32.42250153624242
2025-02-16 05:00:00+00:00,33.467271960896
2025-02-16 06:00:00+00:00,29.623284190232358
2025-02-16 07:00:00+00:00,25.599656170406774
2025-02-16 08:00:00+00:00,25.915236139994555
2025-02-16 09:00:00+00:00,29.001579146066568
2025-02-16 10:00:00+00:00,28.988156833725157
2025-02-16 11:00:00+00:00,28.879138194711373
2025-02-16 12:00:00+00:00,29.197129642257174
2025-02-16 13:00:00+00:00,29.65306336906909
2025-02-16 14:00:00+00:00,29.20114211052887
2025-02-16 15:00:00+00:00,28.60805590268337
2025-02-16 16:00:00+00:00,27.610903971203804
2025-02-16 17:00:00+00:00,26.98304272189403
2025-02-16 18:00:00+00:00,25.394859016533783
2025-02-16 19:00:00+00:00,23.957039764419978
2025-02-16 20:00:00+00:00,23.524709570994794
2025-02-16 21:00:00+00:00,23.13179679089182
2025-02-16 22:00:00+00:00,23.550490013785723
2025-02-16 23:00:00+00:00,24.513831816852115
2025-02-17 00:00:00+00:00,24.757774014289147
2025-02-17 01:00:00+00:00,26.268579035943617
2025-02-17 02:00:00+00:00,27.083277276261114
2025-02-17 03:00:00+00:00,28.309573258099398
2025-02-17 04:00:00+00:00,29.579878478642968
2025-02-17 05:00:00+00:00,30.055103163333047
2025-02-17 06:00:00+00:00,27.49140018103536
2025-02-17 07:00:00+00:00,25.713156228378303
2025-02-17 08:00:00+00:00,26.446171296663923
2025-02-17 09:00:00+00:00,28.815552706726645
2025-02-17 10:00:00+00:00,29.70906218298964
2025-02-17 11:00:00+00:00,30.362195960888616
2025-02-17 12:00:00+00:00,29.549468119316376
2025-02-17 13:00:00+00:00,29.75798025353798
2025-02-17 14:00:00+00:00,29.50223428015929
2025-02-17 15:00:00+00:00,29.348186579210264
2025-02-17 16:00:00+00:00,29.085249675072486
2025-02-17 17:00:00+00:00,28.122302506032906
2025-02-17 18:00:00+00:00,26.415041112092315
2025-02-17 19:00:00+00:00,25.437199205514897
2025-02-17 20:00:00+00:00,24.14662413490031
2025-02-17 21:00:00+00:00,22.847233079627543
2025-02-17 22:00:00+00:00,23.182535640706373
2025-02-17 23:00:00+00:00,24.0400858359488
2025-02-18 00:00:00+00:00,24.416863428290572
2025-02-18 01:00:00+00:00,24.891468268465815
2025-02-18 02:00:00+00:00,26.883162671190014
2025-02-18 03:00:00+00:00,29.669924540395158
2025-02-18 04:00:00+00:00,31.335706214504906
2025-02-18 05:00:00+00:00,33.70974111722742
2025-02-18 06:00:00+00:00,29.431560277450874
2025-02-18 07:00:00+00:00,25.838483671592165
2025-02-18 08:00:00+00:00,28.279259615616514
2025-02-18 09:00:00+00:00,33.562612231496296
2025-02-18 10:00:00+00:00,32.67758599025656
2025-02-18 11:00:00+00:00,31.042841420352005
2025-02-18 12:00:00+00:00,29.103957919543255
2025-02-18 13:00:00+00:00,28.143075415016202
2025-02-18 14:00:00+00:00,27.739735036726124
2025-02-18 15:00:00+00:00,27.225364974185855
2025-02-18 16:00:00+00:00,26.70408845165726
2025-02-18 17:00:00+00:00,25.947057703703223
2025-02-18 18:00:00+00:00,24.476698736133265
2025-02-18 19:00:00+00:00,23.403186350223976
2025-02-18 20:00:00+00:00,22.477157106937973
2025-02-18 21:00:00+00:00,22.561636131844185
2025-02-18 22:00:00+00:00,23.302559200130315
2025-02-18 23:00:00+00:00,23.303849881564542
2025-02-19 00:00:00+00:00,23.943111976448897
2025-02-19 01:00:00+00:00,25.16244852554969
2025-02-19 02:00:00+00:00,26.64170191915511
2025-02-19 03:00:00+00:00,27.519599012099157
2025-02-19 04:00:00+00:00,28.65426298139058
2025-02-19 05:00:00+00:00,29.06202287468628
2025-02-19 06:00:00+00:00,26.54895364931589
2025-02-19 07:00:00+00:00,22.309979282326076
2025-02-19 08:00:00+00:00,27.211354015591095
2025-02-19 09:00:00+00:00,33.489395023435264
2025-02-19 10:00:00+00:00,33.85805104017835
2025-02-19 11:00:00+00:00,32.77010419925245
2025-02-19 12:00:00+00:00,32.54244903066528
2025-02-19 13:00:00+00:00,31.544201302422014
2025-02-19 14:00:00+00:00,30.39028344258266
2025-02-19 15:00:00+00:00,27.956570733048654
2025-02-19 16:00:00+00:00,26.434324502325083
2025-02-19 17:00:00+00:00,25.85578537373373
2025-02-19 18:00:00+00:00,24.41394268167461
2025-02-19 19:00:00+00:00,23.624735506804235
2025-02-19 20:00:00+00:00,23.388328865960503
2025-02-19 21:00:00+00:00,23.35810443621168
2025-02-19 22:00:00+00:00,23.314940765253265
2025-02-19 23:00:00+00:00,22.191409936539028
2025-02-20 00:00:00+00:00,22.855843693427524
2025-02-20 01:00:00+00:00,24.609433445378066
2025-02-20 02:00:00+00:00,26.306655870354888
2025-02-20 03:00:00+00:00,26.26487675278269
2025-02-20 04:00:00+00:00,27.401906571468512
2025-02-20 05:00:00+00:00,28.685314138392723
2025-02-20 06:00:00+00:00,26.83353546818054
2025-02-20 07:00:00+00:00,25.17040536047704
2025-02-20 08:00:00+00:00,29.951043133338576
2025-02-20 09:00:00+00:00,33.592887641045664
2025-02-20 10:00:00+00:00,32.34247978773348
2025-02-20 11:00:00+00:00,31.214533867231673
2025-02-20 12:00:00+00:00,29.637727914713594
2025-02-20 13:00:00+00:00,29.194170433834202
2025-02-20 14:00:00+00:00,28.122826617092972
2025-02-20 15:00:00+00:00,28.093126826245904
2025-02-20 16:00:00+00:00,27.64258487210395
2025-02-20 17:00:00+00:00,26.622736856859422
2025-02-20 18:00:00+00:00,26.302816536932017
2025-02-20 19:00:00+00:00,26.271353720173902
2025-02-20 20:00:00+00:00,25.582523552494326
2025-02-20 21:00:00+00:00,24.909600624284888
2025-02-20 22:00:00+00:00,24.136608529786884
2025-02-20 23:00:00+00:00,22.628526338946614
2025-02-21 00:00:00+00:00,23.084738309590506
2025-02-21 01:00:00+00:00,23.07084718454608
2025-02-21 02:00:00+00:00,25.405495948784495
2025-02-21 03:00:00+00:00,25.80818098839156
2025-02-21 04:00:00+00:00,26.450259622322015
2025-02-21 05:00:00+00:00,27.384734774510672
2025-02-21 06:00:00+00:00,31.651138947805414
2025-02-21 07:00:00+00:00,34.67384905908281
2025-02-21 08:00:00+00:00,35.317043055241655
2025-02-21 09:00:00+00:00,32.953257163052214
2025-02-21 10:00:00+00:00,32.419732982974494
2025-02-21 11:00:00+00:00,31.5975148891791
2025-02-21 12:00:00+00:00,30.412698551786914
2025-02-21 13:00:00+00:00,29.997931148441754
2025-02-21 14:00:00+00:00,28.178730326111122
2025-02-21 15:00:00+00:00,27.50965421467909
2025-02-21 16:00:00+00:00,26.54266787844281
2025-02-21 17:00:00+00:00,26.169288871749107
2025-02-21 18:00:00+00:00,25.966826762162658
2025-02-21 19:00:00+00:00,26.16154616305869
2025-02-21 20:00:00+00:00,26.99383188396685
2025-02-21 21:00:00+00:00,26.99383188396685
2025-02-21 22:00:00+00:00,26.04686138453384
2025-02-21 23:00:00+00:00,24.992599104544542
2025-02-22 00:00:00+00:00,24.75492828915893
2025-02-22 01:00:00+00:00,24.817268403840302
2025-02-22 02:00:00+00:00,25.00979758695763
2025-02-22 03:00:00+00:00,25.406988416132208
2025-02-22 04:00:00+00:00,26.402650063995136
2025-02-22 05:00:00+00:00,28.1766381364397
2025-02-22 06:00:00+00:00,30.621487110793954
2025-02-22 07:00:00+00:00,29.99750013196118
2025-02-22 08:00:00+00:00,33.00437917729385
2025-02-22 09:00:00+00:00,35.75611410574727
2025-02-22 10:00:00+00:00,35.566553637703734
2025-02-22 11:00:00+00:00,34.74789102845697
2025-02-22 12:00:00+00:00,33.59997315874655
2025-02-22 13:00:00+00:00,33.40139553939109
2025-02-22 14:00:00+00:00,32.027866223495714
2025-02-22 15:00:00+00:00,29.457155994468554
2025-02-22 16:00:00+00:00,27.742573738301356
2025-02-22 17:00:00+00:00,25.391387360770413
2025-02-22 18:00:00+00:00,24.870654469525178
2025-02-22 19:00:00+00:00,24.614526731495523
2025-02-22 20:00:00+00:00,24.58739885111312
2025-02-22 21:00:00+00:00,24.56071293663721
2025-02-22 22:00:00+00:00,23.826440545734485
2025-02-22 23:00:00+00:00,23.057301542224426
2025-02-23 00:00:00+00:00,23.22288655053399
2025-02-23 01:00:00+00:00,22.524905539443992
2025-02-23 02:00:00+00:00,24.30099528646127
2025-02-23 03:00:00+00:00,25.577867694523533
2025-02-23 04:00:00+00:00,27.081257045496464
2025-02-23 05:00:00+00:00,28.629834350193367
2025-02-23 06:00:00+00:00,31.528717697510732
2025-02-23 07:00:00+00:00,31.75373372693923
2025-02-23 08:00:00+00:00,33.212161978399905
2025-02-23 09:00:00+00:00,28.438486188427657
2025-02-23 10:00:00+00:00,31.04654052261413
2025-02-23 11:00:00+00:00,31.585043298209882
2025-02-23 12:00:00+00:00,33.757202872596004
2025-02-23 13:00:00+00:00,34.20505808912856
2025-02-23 14:00:00+00:00,31.24810434862903
2025-02-23 15:00:00+00:00,29.657423312451346
2025-02-23 16:00:00+00:00,27.516021463190118
2025-02-23 17:00:00+00:00,25.37520246361111
2025-02-23 18:00:00+00:00,24.868802913175823
2025-02-23 19:00:00+00:00,24.508517155241027
2025-02-23 20:00:00+00:00,25.25340491919096
2025-02-23 21:00:00+00:00,25.25340491919096
2025-02-23 22:00:00+00:00,23.149267876167446
2025-02-23 23:00:00+00:00,23.375479399505434
2025-02-24 00:00:00+00:00,24.17119046262467
2025-02-24 01:00:00+00:00,25.37134710642127
2025-02-24 02:00:00+00:00,24.921904659644976
2025-02-24 03:00:00+00:00,23.92858423913557
2025-02-24 04:00:00+00:00,24.609864568901358
2025-02-24 05:00:00+00:00,25.8827332127603
2025-02-24 06:00:00+00:00,27.920948322771533
2025-02-24 07:00:00+00:00,31.46548743440057
2025-02-24 08:00:00+00:00,31.279519297063946
2025-02-24 09:00:00+00:00,29.3249990546955
2025-02-24 10:00:00+00:00,31.6867992059807
2025-02-24 11:00:00+00:00,34.51285767566818
2025-02-24 12:00:00+00:00,35.428099689609965
2025-02-24 13:00:00+00:00,37.52191058120404
2025-02-24 14:00:00+00:00,34.655658394287705
2025-02-24 15:00:00+00:00,32.35281127543314
2025-02-24 16:00:00+00:00,29.45007716194333
2025-02-24 17:00:00+00:00,26.636203686094866
2025-02-24 18:00:00+00:00,26.00485040758237
2025-02-24 19:00:00+00:00,26.01201905208176
2025-02-24 20:00:00+00:00,25.812658905491077
2025-02-24 21:00:00+00:00,25.616732996631537
2025-02-24 22:00:00+00:00,25.609396548056857
2025-02-24 23:00:00+00:00,26.07834638554004
2025-02-25 00:00:00+00:00,25.629169000509336
2025-02-25 01:00:00+00:00,25.741729930759426
2025-02-25 02:00:00+00:00,25.339962494236165
2025-02-25 03:00:00+00:00,24.821602191762217
2025-02-25 04:00:00+00:00,25.292131464006864
2025-02-25 05:00:00+00:00,25.06861178737701
2025-02-25 06:00:00+00:00,30.435701236805738
2025-02-25 07:00:00+00:00,32.90605734408291
2025-02-25 08:00:00+00:00,34.3712435490314
2025-02-25 09:00:00+00:00,34.56519936791879
2025-02-25 10:00:00+00:00,34.35236259731203
2025-02-25 11:00:00+00:00,35.083202375264584
2025-02-25 12:00:00+00:00,35.07898274510779
2025-02-25 13:00:00+00:00,35.59463176594048
2025-02-25 14:00:00+00:00,31.581357109282955
2025-02-25 15:00:00+00:00,30.162718022733003
2025-02-25 16:00:00+00:00,28.642952631750795
2025-02-25 17:00:00+00:00,25.781550121513067
2025-02-25 18:00:00+00:00,25.687847711986436
2025-02-25 19:00:00+00:00,25.169037489250755
2025-02-25 20:00:00+00:00,24.51452820819375
2025-02-25 21:00:00+00:00,23.76550687263249
2025-02-25 22:00:00+00:00,24.611665445472692
2025-02-25 23:00:00+00:00,25.139228183313506
2025-02-26 00:00:00+00:00,25.904086662024415
2025-02-26 01:00:00+00:00,26.681040744911407
2025-02-26 02:00:00+00:00,26.35480965216134
2025-02-26 03:00:00+00:00,26.433793972689983
2025-02-26 04:00:00+00:00,26.6041059730985
2025-02-26 05:00:00+00:00,25.992063267699614
2025-02-26 06:00:00+00:00,27.331745664641335
2025-02-26 07:00:00+00:00,29.28205098753468
2025-02-26 08:00:00+00:00,32.82053306047004
2025-02-26 09:00:00+00:00,30.27328902398304
2025-02-26 10:00:00+00:00,34.33226968940466
2025-02-26 11:00:00+00:00,35.14236916747575
2025-02-26 12:00:00+00:00,36.028829077572425
2025-02-26 13:00:00+00:00,36.15182060549482
2025-02-26 14:00:00+00:00,34.62718316555624
2025-02-26 15:00:00+00:00,32.31258191208121
2025-02-26 16:00:00+00:00,29.822147703634727
2025-02-26 17:00:00+00:00,27.17661338850051
2025-02-26 18:00:00+00:00,26.39014007494625
2025-02-26 19:00:00+00:00,25.62562639527621
2025-02-26 20:00:00+00:00,24.87799770194824
2025-02-26 21:00:00+00:00,23.464494721587997
2025-02-26 22:00:00+00:00,23.53563735800394
2025-02-26 23:00:00+00:00,24.197597389633074
2025-02-27 00:00:00+00:00,24.92295007527607
2025-02-27 01:00:00+00:00,25.679489946440086
2025-02-27 02:00:00+00:00,25.294544712716764
2025-02-27 03:00:00+00:00,24.388298647997598
2025-02-27 04:00:00+00:00,24.044856684939134
2025-02-27 05:00:00+00:00,23.40239365118986
2025-02-27 06:00:00+00:00,24.954416338491278
2025-02-27 07:00:00+00:00,26.384518030295705
2025-02-27 08:00:00+00:00,31.16303208372311
2025-02-27 09:00:00+00:00,34.413691476842544
2025-02-27 10:00:00+00:00,33.80108879704909
2025-02-27 11:00:00+00:00,32.34165663339736
2025-02-27 12:00:00+00:00,31.152158914841745
2025-02-27 13:00:00+00:00,28.01972869357366
2025-02-27 14:00:00+00:00,27.700270354328275
2025-02-27 15:00:00+00:00,29.257075340491966
2025-02-27 16:00:00+00:00,28.765114900364626
2025-02-27 17:00:00+00:00,29.189085606589607
2025-02-27 18:00:00+00:00,27.845219397808794
2025-02-27 19:00:00+00:00,26.15714742074205
2025-02-27 20:00:00+00:00,24.823697474695045
2025-02-27 21:00:00+00:00,23.939880977528595
2025-02-27 22:00:00+00:00,23.67583189918835
2025-02-27 23:00:00+00:00,24.961370367901292
2025-02-28 00:00:00+00:00,25.083497205559222
2025-02-28 01:00:00+00:00,24.93295554505069
2025-02-28 02:00:00+00:00,25.62642728254068
2025-02-28 03:00:00+00:00,25.443338645223726
2025-02-28 04:00:00+00:00,26.12556153901843
2025-02-28 05:00:00+00:00,26.33498740592553
2025-02-28 06:00:00+00:00,26.724106046193953
2025-02-28 07:00:00+00:00,25.974741643348523
2025-02-28 08:00:00+00:00,28.281998753475584
2025-02-28 09:00:00+00:00,31.074752132977093
2025-02-28 10:00:00+00:00,31.19225439030617
2025-02-28 11:00:00+00:00,31.003897848107503
2025-02-28 12:00:00+00:00,30.524075293555224
2025-02-28 13:00:00+00:00,29.59073629819413
2025-02-28 14:00:00+00:00,30.90298467974505
2025-02-28 15:00:00+00:00,31.215138556462865
2025-02-28 16:00:00+00:00,31.062186146626246
2025-02-28 17:00:00+00:00,30.632767184780896
2025-02-28 18:00:00+00:00,30.495451203574348
2025-02-28 19:00:00+00:00,27.809855502180653
2025-02-28 20:00:00+00:00,27.08093528090351
2025-02-28 21:00:00+00:00,25.017524338058543
2025-02-28 22:00:00+00:00,25.561123599857346
2025-02-28 23:00:00+00:00,25.70787338476602
2025-03-01 00:00:00+00:00,25.380661156631934
2025-03-01 01:00:00+00:00,25.540421694922284
2025-03-01 02:00:00+00:00,25.886339469446547
2025-03-01 03:00:00+00:00,26.771776513346595
2025-03-01 04:00:00+00:00,26.659653198510686
2025-03-01 05:00:00+00:00,26.998735221161006
2025-03-01 06:00:00+00:00,27.139263839358005
2025-03-01 07:00:00+00:00,26.575111813337035
2025-03-01 08:00:00+00:00,29.526470655314448
2025-03-01 09:00:00+00:00,28.77381157971914
2025-03-01 10:00:00+00:00,29.154240968504418
2025-03-01 11:00:00+00:00,29.73813167852226
2025-03-01 12:00:00+00:00,30.16787029902685
2025-03-01 13:00:00+00:00,29.62684647967094
2025-03-01 14:00:00+00:00,29.499800617851783
2025-03-01 15:00:00+00:00,29.133532706050264
2025-03-01 16:00:00+00:00,28.695684887945472
2025-03-01 17:00:00+00:00,28.266020376150117
2025-03-01 18:00:00+00:00,26.933168656134765
2025-03-01 19:00:00+00:00,26.459349175936737
2025-03-01 20:00:00+00:00,25.301070467510193
2025-03-01 21:00:00+00:00,23.760777324726508
2025-03-01 22:00:00+00:00,23.786904788207938
2025-03-01 23:00:00+00:00,23.723553231516636
2025-03-02 00:00:00+00:00,24.00955245603255
2025-03-02 01:00:00+00:00,24.477969077475517
2025-03-02 02:00:00+00:00,25.616082790818943
2025-03-02 03:00:00+00:00,26.55797535118153
2025-03-02 04:00:00+00:00,27.74223479356729
2025-03-02 05:00:00+00:00,28.318776948226226
2025-03-02 06:00:00+00:00,26.871101104527167
2025-03-02 07:00:00+00:00,26.366247783158364
2025-03-02 08:00:00+00:00,27.611354637430026
2025-03-02 09:00:00+00:00,28.06585736003405
2025-03-02 10:00:00+00:00,28.954435637530555
2025-03-02 11:00:00+00:00,29.80282954674259
2025-03-02 12:00:00+00:00,30.41280068333531
2025-03-02 13:00:00+00:00,29.231484062159783
2025-03-02 14:00:00+00:00,29.368572928584374
2025-03-02 15:00:00+00:00,30.28334508409742
2025-03-02 16:00:00+00:00,30.176872473479047
2025-03-02 17:00:00+00:00,29.37439793212065
2025-03-02 18:00:00+00:00,29.28049025579359
2025-03-02 19:00:00+00:00,28.34172616340339
2025-03-02 20:00:00+00:00,27.251358298060868
2025-03-02 21:00:00+00:00,26.288925776440415
2025-03-02 22:00:00+00:00,25.851641945954036
2025-03-02 23:00:00+00:00,25.122167510194355
2025-03-03 00:00:00+00:00,24.38862042382654
2025-03-03 01:00:00+00:00,23.557943970658165
2025-03-03 02:00:00+00:00,25.302226456176065
2025-03-03 03:00:00+00:00,26.904750050517713
2025-03-03 04:00:00+00:00,28.040079447274092
2025-03-03 05:00:00+00:00,28.519119012889146
2025-03-03 06:00:00+00:00,25.054548785814216
2025-03-03 07:00:00+00:00,23.018959602663944
2025-03-03 08:00:00+00:00,24.871415752548756
2025-03-03 09:00:00+00:00,27.615302718638194
2025-03-03 10:00:00+00:00,28.187002944243968
2025-03-03 11:00:00+00:00,29.827980457377404
2025-03-03 12:00:00+00:00,30.89354821045368
2025-03-03 13:00:00+00:00,31.84700339922685
2025-03-03 14:00:00+00:00,30.95665167246823
2025-03-03 15:00:00+00:00,29.8375322028351
2025-03-03 16:00:00+00:00,27.205374362646968
2025-03-03 17:00:00+00:00,25.6435616586369
2025-03-03 18:00:00+00:00,26.087056956092546
2025-03-03 19:00:00+00:00,26.477863263919865
2025-03-03 20:00:00+00:00,27.195131488332454
2025-03-03 21:00:00+00:00,27.111840287454356
2025-03-03 22:00:00+00:00,26.625584212576307
2025-03-03 23:00:00+00:00,25.836664215900818
2025-03-04 00:00:00+00:00,25.36399227402068
2025-03-04 01:00:00+00:00,24.336757070729856
2025-03-04 02:00:00+00:00,25.21716665150927
2025-03-04 03:00:00+00:00,25.77773572798936
2025-03-04 04:00:00+00:00,26.226400706429587
2025-03-04 05:00:00+00:00,26.324460118869844
2025-03-04 06:00:00+00:00,27.303171518868293
2025-03-04 07:00:00+00:00,28.344622108824232
2025-03-04 08:00:00+00:00,28.759115536058722
2025-03-04 09:00:00+00:00,27.053159355826345
2025-03-04 10:00:00+00:00,27.91077508011016
2025-03-04 11:00:00+00:00,29.023627013766443
2025-03-04 12:00:00+00:00,30.11143573983968
2025-03-04 13:00:00+00:00,30.725928537357827
2025-03-04 14:00:00+00:00,30.571109858124842
2025-03-04 15:00:00+00:00,29.167260460099143
2025-03-04 16:00:00+00:00,27.97807859499299
2025-03-04 17:00:00+00:00,27.0081143858401
2025-03-04 18:00:00+00:00,27.705427468801886
2025-03-04 19:00:00+00:00,28.027769803519224
2025-03-04 20:00:00+00:00,27.988710685909822
2025-03-04 21:00:00+00:00,28.407260099931086
2025-03-04 22:00:00+00:00,27.701414242442162
2025-03-04 23:00:00+00:00,27.42694077963599
2025-03-05 00:00:00+00:00,26.80200663395308
2025-03-05 01:00:00+00:00,25.66515848569259
2025-03-05 02:00:00+00:00,26.361614312636693
2025-03-05 03:00:00+00:00,27.0871683471493
2025-03-05 04:00:00+00:00,28.171035933921292
2025-03-05 05:00:00+00:00,28.507269248187058
2025-03-05 06:00:00+00:00,26.743817940297575
2025-03-05 07:00:00+00:00,25.386715941079448
2025-03-05 08:00:00+00:00,26.870923982936983
2025-03-05 09:00:00+00:00,28.00132187927806
2025-03-05 10:00:00+00:00,27.86434101186825
2025-03-05 11:00:00+00:00,27.80799653812598
2025-03-05 12:00:00+00:00,27.62379541074732
2025-03-05 13:00:00+00:00,27.094583017327814
2025-03-05 14:00:00+00:00,27.745155125858044
2025-03-05 15:00:00+00:00,30.165175982072416
2025-03-05 16:00:00+00:00,30.339011549333133
2025-03-05 17:00:00+00:00,31.007240514975074
2025-03-05 18:00:00+00:00,30.85613806735455
2025-03-05 19:00:00+00:00,29.87466261626891
2025-03-05 20:00:00+00:00,28.137484667435295
2025-03-05 21:00:00+00:00,26.470433509600845
2025-03-05 22:00:00+00:00,26.12228787516732
2025-03-05 23:00:00+00:00,25.969028403808984
2025-03-06 00:00:00+00:00,25.181347026316896
2025-03-06 01:00:00+00:00,24.254376750448646
2025-03-06 02:00:00+00:00,25.021466671322276
2025-03-06 03:00:00+00:00,25.63275149552459
2025-03-06 04:00:00+00:00,26.46039572146138
2025-03-06 05:00:00+00:00,26.733122084386775
2025-03-06 06:00:00+00:00,26.7479656033617
2025-03-06 07:00:00+00:00,26.919852215762923
2025-03-06 08:00:00+00:00,27.520933978265923
2025-03-06 09:00:00+00:00,28.22195312128469
2025-03-06 10:00:00+00:00,28.58450739190004
2025-03-06 11:00:00+00:00,28.964464331221762
2025-03-06 12:00:00+00:00,28.1836314015483
2025-03-06 13:00:00+00:00,28.101719512995306
2025-03-06 14:00:00+00:00,28.982888340239718
2025-03-06 15:00:00+00:00,30.27100546530556
2025-03-06 16:00:00+00:00,28.906281349647774
2025-03-06 17:00:00+00:00,27.78268783029956
2025-03-06 18:00:00+00:00,28.511404047177912
2025-03-06 19:00:00+00:00,29.141176838408995
2025-03-06 20:00:00+00:00,27.847291137622868
2025-03-06 21:00:00+00:00,26.729055102152408
2025-03-06 22:00:00+00:00,26.968258530202803
2025-03-06 23:00:00+00:00,27.239938117171956
2025-03-07 00:00:00+00:00,27.365695673938557
2025-03-07 01:00:00+00:00,26.809049635852737
2025-03-07 02:00:00+00:00,26.782177031424204
2025-03-07 03:00:00+00:00,27.22245809652054
2025-03-07 04:00:00+00:00,27.195920683941445
2025-03-07 05:00:00+00:00,27.317815218284117
2025-03-07 06:00:00+00:00,25.8084645174539
2025-03-07 07:00:00+00:00,26.195113585113635
2025-03-07 08:00:00+00:00,26.76275359202923
2025-03-07 09:00:00+00:00,27.311523718223732
2025-03-07 10:00:00+00:00,27.413612704959576
2025-03-07 11:00:00+00:00,27.137425961910004
2025-03-07 12:00:00+00:00,27.183266031559853
2025-03-07 13:00:00+00:00,27.226852573497958
2025-03-07 14:00:00+00:00,27.34902114448784
2025-03-07 15:00:00+00:00,29.48734548481989
2025-03-07 16:00:00+00:00,30.397410103489868
2025-03-07 17:00:00+00:00,30.137155263225036
2025-03-07 18:00:00+00:00,30.23111364213228
2025-03-07 19:00:00+00:00,28.9039101592313
2025-03-07 20:00:00+00:00,26.664971623694342
2025-03-07 21:00:00+00:00,25.10525130357984
2025-03-07 22:00:00+00:00,26.26093785289428
2025-03-07 23:00:00+00:00,26.44505307095525
2025-03-08 00:00:00+00:00,27.06222115574509
2025-03-08 01:00:00+00:00,27.097955076681714
2025-03-08 02:00:00+00:00,27.391052640496913
2025-03-08 03:00:00+00:00,27.66625367860731
2025-03-08 04:00:00+00:00,27.4838547725863
2025-03-08 05:00:00+00:00,27.56399061262672
2025-03-08 06:00:00+00:00,24.90411378669973
2025-03-08 07:00:00+00:00,22.19779443858986
2025-03-08 08:00:00+00:00,26.41690822544687
2025-03-08 09:00:00+00:00,29.38997657742113
2025-03-08 10:00:00+00:00,29.855531752888172
2025-03-08 11:00:00+00:00,28.42541956875141
2025-03-08 12:00:00+00:00,27.252764834232607
2025-03-08 13:00:00+00:00,25.742402102714152
2025-03-08 14:00:00+00:00,27.58664784192958
2025-03-08 15:00:00+00:00,30.38037622985688
2025-03-08 16:00:00+00:00,29.87109542838736
2025-03-08 17:00:00+00:00,29.446293677122405
2025-03-08 18:00:00+00:00,28.88910497065555
2025-03-08 19:00:00+00:00,28.155262946428433
2025-03-08 20:00:00+00:00,26.830876239004333
2025-03-08 21:00:00+00:00,25.62786835520913
2025-03-08 22:00:00+00:00,26.438278141131004
2025-03-08 23:00:00+00:00,27.353200647197376
2025-03-09 00:00:00+00:00,28.31812880956364
2025-03-09 01:00:00+00:00,28.4593096475058
2025-03-09 02:00:00+00:00,28.25119846375152
2025-03-09 03:00:00+00:00,29.2499491717917
2025-03-09 04:00:00+00:00,27.571732061866584
2025-03-09 05:00:00+00:00,27.91925029900422
2025-03-09 06:00:00+00:00,27.743060060055495
2025-03-09 07:00:00+00:00,27.761049719685374
2025-03-09 08:00:00+00:00,28.571955664288257
2025-03-09 09:00:00+00:00,29.342761504876506
2025-03-09 10:00:00+00:00,29.38653707384831
2025-03-09 11:00:00+00:00,29.20038806168929
2025-03-09 12:00:00+00:00,29.25488543430194
2025-03-09 13:00:00+00:00,27.832484348339197
2025-03-09 14:00:00+00:00,28.417458255415173
2025-03-09 15:00:00+00:00,28.84971088131683
2025-03-09 16:00:00+00:00,28.200665688715812
2025-03-09 17:00:00+00:00,26.91674444428394
2025-03-09 18:00:00+00:00,28.814588272785794
2025-03-09 19:00:00+00:00,30.23644662988354
2025-03-09 20:00:00+00:00,29.55808637425979
2025-03-09 21:00:00+00:00,28.39712222273207
2025-03-09 22:00:00+00:00,28.97619408526553
2025-03-09 23:00:00+00:00,29.462380308753218
2025-03-10 00:00:00+00:00,29.17903284872946
2025-03-10 01:00:00+00:00,27.572282373420784
2025-03-10 02:00:00+00:00,27.647605894041448
2025-03-10 03:00:00+00:00,27.507199512904368
2025-03-10 04:00:00+00:00,26.581005046976344
2025-03-10 05:00:00+00:00,26.393580671193362
2025-03-10 06:00:00+00:00,26.29446364781119
2025-03-10 07:00:00+00:00,26.608705205994536
2025-03-10 08:00:00+00:00,26.763602188664677
2025-03-10 09:00:00+00:00,28.03918370435159
2025-03-10 10:00:00+00:00,27.836012901211763
2025-03-10 11:00:00+00:00,27.78913127146159
2025-03-10 12:00:00+00:00,27.549366641464008
2025-03-10 13:00:00+00:00,27.229671068026164
2025-03-10 14:00:00+00:00,27.298329811313785
2025-03-10 15:00:00+00:00,27.98127448623418
2025-03-10 16:00:00+00:00,26.711144062336217
2025-03-10 17:00:00+00:00,27.03968391060353
2025-03-10 18:00:00+00:00,29.25231873344369
2025-03-10 19:00:00+00:00,30.505284551908698
2025-03-10 20:00:00+00:00,29.063160105913564
2025-03-10 21:00:00+00:00,27.76349261195977
2025-03-10 22:00:00+00:00,28.393208106929354
2025-03-10 23:00:00+00:00,28.586158608909514
2025-03-11 00:00:00+00:00,27.258487051180527
2025-03-11 01:00:00+00:00,29.044629716965577
2025-03-11 02:00:00+00:00,29.658475498161515
2025-03-11 03:00:00+00:00,29.692949401859288
2025-03-11 04:00:00+00:00,29.42383179698705
2025-03-11 05:00:00+00:00,29.80596914289464
2025-03-11 06:00:00+00:00,29.294236618229473
2025-03-11 07:00:00+00:00,28.156649752451585
2025-03-11 08:00:00+00:00,27.647528618335404
2025-03-11 09:00:00+00:00,28.910626059080666
2025-03-11 10:00:00+00:00,28.612223249505075
2025-03-11 11:00:00+00:00,27.888442280273303
2025-03-11 12:00:00+00:00,27.87920645160198
2025-03-11 13:00:00+00:00,27.88963478487785
2025-03-11 14:00:00+00:00,27.803196378198432
2025-03-11 15:00:00+00:00,27.77660845018049
2025-03-11 16:00:00+00:00,26.513468911935515
2025-03-11 17:00:00+00:00,25.9950809704957
2025-03-11 18:00:00+00:00,27.962756312428816
2025-03-11 19:00:00+00:00,29.79448004488622
2025-03-11 20:00:00+00:00,30.064748817768017
2025-03-11 21:00:00+00:00,29.306385441101792
2025-03-11 22:00:00+00:00,27.78642440265064
2025-03-11 23:00:00+00:00,26.934123355950305
2025-03-12 00:00:00+00:00,25.691361405086376
2025-03-12 01:00:00+00:00,26.80732646231636
2025-03-12 02:00:00+00:00,27.52716411897556
2025-03-12 03:00:00+00:00,28.78498556754489
2025-03-12 04:00:00+00:00,29.398104098339097
2025-03-12 05:00:00+00:00,26.737097273010146
2025-03-12 06:00:00+00:00,25.871857297187905
2025-03-12 07:00:00+00:00,25.846966188076678
2025-03-12 08:00:00+00:00,28.343062171266563
2025-03-12 09:00:00+00:00,28.66355261508142
2025-03-12 10:00:00+00:00,29.91594796745786
2025-03-12 11:00:00+00:00,29.921938828093595
2025-03-12 12:00:00+00:00,30.26374470294005
2025-03-12 13:00:00+00:00,29.31664105035184
2025-03-12 14:00:00+00:00,28.416937410961825
2025-03-12 15:00:00+00:00,26.084973442634347
2025-03-12 16:00:00+00:00,25.209250111826368
2025-03-12 17:00:00+00:00,25.56412476478614
2025-03-12 18:00:00+00:00,26.775310219763206
2025-03-12 19:00:00+00:00,27.83343795141476
2025-03-12 20:00:00+00:00,29.429413911550434
2025-03-12 21:00:00+00:00,28.24381385358149
2025-03-12 22:00:00+00:00,27.626807890950673
2025-03-12 23:00:00+00:00,27.037478728583707
2025-03-13 00:00:00+00:00,26.798107182907117
2025-03-13 01:00:00+00:00,27.287079265556002
2025-03-13 02:00:00+00:00,27.500287953941353
2025-03-13 03:00:00+00:00,28.558579764896198
2025-03-13 04:00:00+00:00,29.714800300760583
2025-03-13 05:00:00+00:00,27.552190668294333
2025-03-13 06:00:00+00:00,25.183119940553972
2025-03-13 07:00:00+00:00,25.14184751218214
2025-03-13 08:00:00+00:00,26.71342015758892
2025-03-13 09:00:00+00:00,28.04930054426384
2025-03-13 10:00:00+00:00,28.245829494521175
2025-03-13 11:00:00+00:00,28.98126584834173
2025-03-13 12:00:00+00:00,29.342184696281148
2025-03-13 13:00:00+00:00,28.301801385663172
2025-03-13 14:00:00+00:00,27.97535368435396
2025-03-13 15:00:00+00:00,26.65926886890537
2025-03-13 16:00:00+00:00,25.99923400191256
2025-03-13 17:00:00+00:00,26.00053275926693
2025-03-13 18:00:00+00:00,26.583991890180148
2025-03-13 19:00:00+00:00,27.01398296902248
2025-03-13 20:00:00+00:00,26.18734530770456
2025-03-13 21:00:00+00:00,27.577927686045268
2025-03-13 22:00:00+00:00,29.784569346061577
2025-03-13 23:00:00+00:00,30.071184444217792
2025-03-14 00:00:00+00:00,31.46927450206126
2025-03-14 01:00:00+00:00,31.5481412415019
2025-03-14 02:00:00+00:00,31.361814958217632
2025-03-14 03:00:00+00:00,30.58845152660021
2025-03-14 04:00:00+00:00,30.11406816753793
2025-03-14 05:00:00+00:00,28.020986112999186
2025-03-14 06:00:00+00:00,26.51385577794108
2025-03-14 07:00:00+00:00,27.58885308667586
2025-03-14 08:00:00+00:00,29.13391873351454
2025-03-14 09:00:00+00:00,27.895243611150246
2025-03-14 10:00:00+00:00,27.357473338424146
2025-03-14 11:00:00+00:00,26.891692988878493
2025-03-14 12:00:00+00:00,26.435213534905692
2025-03-14 13:00:00+00:00,27.117765769953014
2025-03-14 14:00:00+00:00,27.316447918321252
2025-03-14 15:00:00+00:00,26.23196969894957
2025-03-14 16:00:00+00:00,26.141092916979865
2025-03-14 17:00:00+00:00,26.120093782237976
2025-03-14 18:00:00+00:00,26.127636800369665
2025-03-14 19:00:00+00:00,25.989273173632665
2025-03-14 20:00:00+00:00,25.663342548375997
2025-03-14 21:00:00+00:00,26.779125284762088
2025-03-14 22:00:00+00:00,27.780179884351426
2025-03-14 23:00:00+00:00,28.00316391780126
2025-03-15 00:00:00+00:00,27.318664434630072
2025-03-15 01:00:00+00:00,28.890392289819854
2025-03-15 02:00:00+00:00,30.756375086532497
2025-03-15 03:00:00+00:00,31.255661423296658
2025-03-15 04:00:00+00:00,30.586390061959346
2025-03-15 05:00:00+00:00,26.566838636923272
2025-03-15 06:00:00+00:00,21.87884564465985
2025-03-15 07:00:00+00:00,26.888627873551712
2025-03-15 08:00:00+00:00,32.330002451092675
2025-03-15 09:00:00+00:00,31.718984850529345
2025-03-15 10:00:00+00:00,31.57642740174127
2025-03-15 11:00:00+00:00,30.62617874213028
2025-03-15 12:00:00+00:00,29.386490117706657
2025-03-15 13:00:00+00:00,28.824150875413547
2025-03-15 14:00:00+00:00,27.60820485746569
2025-03-15 15:00:00+00:00,26.168532888850933
2025-03-15 16:00:00+00:00,24.544115420530037
2025-03-15 17:00:00+00:00,25.109341330899134
2025-03-15 18:00:00+00:00,24.24833569924334
2025-03-15 19:00:00+00:00,24.50975151742954
2025-03-15 20:00:00+00:00,24.675335837465113
2025-03-15 21:00:00+00:00,26.30629759213777
2025-03-15 22:00:00+00:00,26.784125582107844
2025-03-15 23:00:00+00:00,29.165617473193677
2025-03-16 00:00:00+00:00,30.11480753787972
2025-03-16 01:00:00+00:00,30.264997367820786
2025-03-16 02:00:00+00:00,30.176065171804872
2025-03-16 03:00:00+00:00,29.177480727844397
2025-03-16 04:00:00+00:00,28.333906296953288
2025-03-16 05:00:00+00:00,25.535773622250584
2025-03-16 06:00:00+00:00,22.81983718815289
2025-03-16 07:00:00+00:00,26.22803191349126
2025-03-16 08:00:00+00:00,28.971931772114317
2025-03-16 09:00:00+00:00,29.31408948763335
2025-03-16 10:00:00+00:00,30.18770835067514
2025-03-16 11:00:00+00:00,29.417834675450948
2025-03-16 12:00:00+00:00,29.286353803509176
2025-03-16 13:00:00+00:00,29.239394955452997
2025-03-16 14:00:00+00:00,29.436539855410388
2025-03-16 15:00:00+00:00,28.88765188717054
2025-03-16 16:00:00+00:00,27.91855846531554
2025-03-16 17:00:00+00:00,26.585351031068562
2025-03-16 18:00:00+00:00,25.181097783373982
2025-03-16 19:00:00+00:00,24.40449989388132
2025-03-16 20:00:00+00:00,22.826229040519266
2025-03-16 21:00:00+00:00,25.137388089008677
2025-03-16 22:00:00+00:00,26.022288328325338
2025-03-16 23:00:00+00:00,26.724973654825416
2025-03-17 00:00:00+00:00,27.347833644659342
2025-03-17 01:00:00+00:00,28.354567672590424
2025-03-17 02:00:00+00:00,29.2284590569355
2025-03-17 03:00:00+00:00,29.41132776705627
2025-03-17 04:00:00+00:00,29.66204415867496
2025-03-17 05:00:00+00:00,28.706896442100387
2025-03-17 06:00:00+00:00,31.10882937662904
2025-03-17 07:00:00+00:00,29.436495156268926
2025-03-17 08:00:00+00:00,31.391396352160786
2025-03-17 09:00:00+00:00,30.82390958346133
2025-03-17 10:00:00+00:00,28.13798994846759
2025-03-17 11:00:00+00:00,26.84482351988841
2025-03-17 12:00:00+00:00,26.58909353862824
2025-03-17 13:00:00+00:00,26.289648645729613
2025-03-17 14:00:00+00:00,25.724884174218136
2025-03-17 15:00:00+00:00,26.101014822162245
2025-03-17 16:00:00+00:00,25.889788778353072
2025-03-17 17:00:00+00:00,25.66328671712103
2025-03-17 18:00:00+00:00,25.72604170033307
2025-03-17 19:00:00+00:00,25.338861540286434
2025-03-17 20:00:00+00:00,25.064330645219755
2025-03-17 21:00:00+00:00,25.572436991491788
2025-03-17 22:00:00+00:00,26.05515705051504
2025-03-17 23:00:00+00:00,26.23668715205609
2025-03-18 00:00:00+00:00,26.27731843084197
2025-03-18 01:00:00+00:00,30.435651992965152
2025-03-18 02:00:00+00:00,35.55609493299352
2025-03-18 03:00:00+00:00,34.662151571271025
2025-03-18 04:00:00+00:00,34.36700707859114
2025-03-18 05:00:00+00:00,31.0316149003816
2025-03-18 06:00:00+00:00,24.790602845312605
2025-03-18 07:00:00+00:00,28.06822827513676
2025-03-18 08:00:00+00:00,30.19278432934277
2025-03-18 09:00:00+00:00,30.516309612934677
2025-03-18 10:00:00+00:00,30.350702545840623
2025-03-18 11:00:00+00:00,29.96947996035388
2025-03-18 12:00:00+00:00,27.870550368645844
2025-03-18 13:00:00+00:00,26.775265310486503
2025-03-18 14:00:00+00:00,26.19411542802385
2025-03-18 15:00:00+00:00,25.197178786010667
2025-03-18 16:00:00+00:00,24.475047301961546
2025-03-18 17:00:00+00:00,25.22263783515556
2025-03-18 18:00:00+00:00,25.416718815268894
2025-03-18 19:00:00+00:00,26.44672688585306
2025-03-18 20:00:00+00:00,26.7111613318276
2025-03-18 21:00:00+00:00,25.588863365683288
2025-03-18 22:00:00+00:00,25.592458360172753
2025-03-18 23:00:00+00:00,26.34654624336929
2025-03-19 00:00:00+00:00,26.203997694360265
2025-03-19 01:00:00+00:00,28.855242740212425
2025-03-19 02:00:00+00:00,31.40477017234506
2025-03-19 03:00:00+00:00,33.1008126976581
2025-03-19 04:00:00+00:00,32.724630157164924
2025-03-19 05:00:00+00:00,29.04626498988652
2025-03-19 06:00:00+00:00,23.98726785919277
2025-03-19 07:00:00+00:00,26.04889839579337
2025-03-19 08:00:00+00:00,28.267829663152284
2025-03-19 09:00:00+00:00,29.2077475174251
2025-03-19 10:00:00+00:00,30.44355677144468
2025-03-19 11:00:00+00:00,31.412848084119773
2025-03-19 12:00:00+00:00,31.622874285483213
2025-03-19 13:00:00+00:00,30.18429084599463
2025-03-19 14:00:00+00:00,29.23713599408623
2025-03-19 15:00:00+00:00,28.20468947028454
2025-03-19 16:00:00+00:00,26.54727515831801
2025-03-19 17:00:00+00:00,25.47097937881159
2025-03-19 18:00:00+00:00,25.661734100724026
2025-03-19 19:00:00+00:00,24.610202653462952
2025-03-19 20:00:00+00:00,23.75289107281664
2025-03-19 21:00:00+00:00,23.91268411275717
2025-03-19 22:00:00+00:00,24.045656934521872
2025-03-19 23:00:00+00:00,24.19223131120596
2025-03-20 00:00:00+00:00,24.71953608794677
2025-03-20 01:00:00+00:00,26.35481514005017
2025-03-20 02:00:00+00:00,27.333618135629237
2025-03-20 03:00:00+00:00,29.895954351764058
2025-03-20 04:00:00+00:00,30.685387093172046
2025-03-20 05:00:00+00:00,26.907751400328152
2025-03-20 06:00:00+00:00,25.308042866336535
2025-03-20 07:00:00+00:00,25.39726677488115
2025-03-20 08:00:00+00:00,26.353445533428822
2025-03-20 09:00:00+00:00,28.11956206189099
2025-03-20 10:00:00+00:00,28.64640532828493
2025-03-20 11:00:00+00:00,28.359453480799527
2025-03-20 12:00:00+00:00,27.26556253468697
2025-03-20 13:00:00+00:00,27.706440668325598
2025-03-20 14:00:00+00:00,27.582202837077766
2025-03-20 15:00:00+00:00,27.17750085632053
2025-03-20 16:00:00+00:00,26.807204966603848
2025-03-20 17:00:00+00:00,27.05914058191595
2025-03-20 18:00:00+00:00,27.427467720441303
2025-03-20 19:00:00+00:00,27.138233922204883
2025-03-20 20:00:00+00:00,26.965381839963793
2025-03-20 21:00:00+00:00,26.256688330803698
2025-03-20 22:00:00+00:00,25.5106585791926
2025-03-20 23:00:00+00:00,24.594710612030116
2025-03-21 00:00:00+00:00,24.17347982107901
2025-03-21 01:00:00+00:00,27.044882663822552
2025-03-21 02:00:00+00:00,27.50429399962386
2025-03-21 03:00:00+00:00,27.90564969507159
2025-03-21 04:00:00+00:00,28.26108019922075
2025-03-21 05:00:00+00:00,29.366307336227766
2025-03-21 06:00:00+00:00,28.158514220353673
2025-03-21 07:00:00+00:00,27.7819723434216
2025-03-21 08:00:00+00:00,29.933720908655495
2025-03-21 09:00:00+00:00,31.42614872219939
2025-03-21 10:00:00+00:00,31.801629297586814
2025-03-21 11:00:00+00:00,31.57533564568867
2025-03-21 12:00:00+00:00,31.15604548959469
2025-03-21 13:00:00+00:00,29.93313769457723
2025-03-21 14:00:00+00:00,28.501835616010737
2025-03-21 15:00:00+00:00,26.584997975771763
2025-03-21 16:00:00+00:00,24.662460096677215
2025-03-21 17:00:00+00:00,25.437901373379535
2025-03-21 18:00:00+00:00,25.46735892239697
2025-03-21 19:00:00+00:00,25.56522140919288
2025-03-21 20:00:00+00:00,25.48085797467098
2025-03-21 21:00:00+00:00,25.62409306404552
2025-03-21 22:00:00+00:00,25.94943537013472
2025-03-21 23:00:00+00:00,26.242025740342804
2025-03-22 00:00:00+00:00,26.181614383013574
2025-03-22 01:00:00+00:00,27.748534438422265
2025-03-22 02:00:00+00:00,27.875772471420927
2025-03-22 03:00:00+00:00,27.900015543508903
2025-03-22 04:00:00+00:00,27.658332563976682
2025-03-22 05:00:00+00:00,26.038166391093593
2025-03-22 06:00:00+00:00,22.017173678502203
2025-03-22 07:00:00+00:00,47.99490557788057
2025-03-22 08:00:00+00:00,62.96810894537355
2025-03-22 09:00:00+00:00,36.20751039004687
2025-03-22 10:00:00+00:00,36.586887577514744
2025-03-22 11:00:00+00:00,44.03384592742045
2025-03-22 12:00:00+00:00,31.35982106799482
2025-03-22 13:00:00+00:00,29.985859555638008
2025-03-22 14:00:00+00:00,28.466875548629154
2025-03-22 15:00:00+00:00,26.054555441823098
2025-03-22 16:00:00+00:00,24.389640300114053
2025-03-22 17:00:00+00:00,23.26967280487443
2025-03-22 18:00:00+00:00,23.06056566630024
2025-03-22 19:00:00+00:00,23.170704568978024
2025-03-22 20:00:00+00:00,23.084039689749073
2025-03-22 21:00:00+00:00,24.154226192770906
2025-03-22 22:00:00+00:00,25.229111647784983
2025-03-22 23:00:00+00:00,26.137349554995644
2025-03-23 00:00:00+00:00,26.263009809674852
2025-03-23 01:00:00+00:00,26.214795533620027
2025-03-23 02:00:00+00:00,27.265560349846247
2025-03-23 03:00:00+00:00,28.470225848516318
2025-03-23 04:00:00+00:00,28.691707264689683
2025-03-23 05:00:00+00:00,27.25517716599438
2025-03-23 06:00:00+00:00,25.082415990351006
2025-03-23 07:00:00+00:00,29.280039023661278
2025-03-23 08:00:00+00:00,31.182839507739548
2025-03-23 09:00:00+00:00,34.113229663123
2025-03-23 10:00:00+00:00,34.05259860540173
2025-03-23 11:00:00+00:00,32.25148350847693
2025-03-23 12:00:00+00:00,28.097706291275465
2025-03-23 13:00:00+00:00,28.214409096629943
2025-03-23 14:00:00+00:00,29.609617907009465
2025-03-23 15:00:00+00:00,29.82143614131192
2025-03-23 16:00:00+00:00,28.40450802551316
2025-03-23 17:00:00+00:00,28.961058319425902
2025-03-23 18:00:00+00:00,27.730901919805405
2025-03-23 19:00:00+00:00,26.517332654763326
2025-03-23 20:00:00+00:00,25.52405820792048
2025-03-23 21:00:00+00:00,24.88681081206797
2025-03-23 22:00:00+00:00,25.138372077933816
2025-03-23 23:00:00+00:00,24.602146186784804
2025-03-24 00:00:00+00:00,24.0903746570073
2025-03-24 01:00:00+00:00,24.88369378186618
2025-03-24 02:00:00+00:00,25.452742234009254
2025-03-24 03:00:00+00:00,25.65635930755542
2025-03-24 04:00:00+00:00,25.122266702062312
2025-03-24 05:00:00+00:00,25.71238878310495
2025-03-24 06:00:00+00:00,25.380609269163774
2025-03-24 07:00:00+00:00,28.833684768516278
2025-03-24 08:00:00+00:00,33.774232223585734
2025-03-24 09:00:00+00:00,32.24822240038554
2025-03-24 10:00:00+00:00,29.871527594154863
2025-03-24 11:00:00+00:00,28.000753920260987
2025-03-24 12:00:00+00:00,26.15801136145686
2025-03-24 13:00:00+00:00,26.84646185220728
2025-03-24 14:00:00+00:00,26.671749407883805
2025-03-24 15:00:00+00:00,26.74468320545314
2025-03-24 16:00:00+00:00,26.919313984627156
2025-03-24 17:00:00+00:00,26.625475516200062
2025-03-24 18:00:00+00:00,26.459926095377796
2025-03-24 19:00:00+00:00,26.240853521876417
2025-03-24 20:00:00+00:00,26.49116569805471
2025-03-24 21:00:00+00:00,26.90391957538397
2025-03-24 22:00:00+00:00,27.11845059692964
2025-03-24 23:00:00+00:00,27.35779613213739
2025-03-25 00:00:00+00:00,27.750868173782138
2025-03-25 01:00:00+00:00,28.14300670537325
2025-03-25 02:00:00+00:00,27.898054167201416
2025-03-25 03:00:00+00:00,28.56877179107499
2025-03-25 04:00:00+00:00,28.498951034832917
2025-03-25 05:00:00+00:00,26.709463181460848
2025-03-25 06:00:00+00:00,25.612411546587076
2025-03-25 07:00:00+00:00,29.51527958102839
2025-03-25 08:00:00+00:00,31.057441293480444
2025-03-25 09:00:00+00:00,31.06502281458182
2025-03-25 10:00:00+00:00,31.083742810002153
2025-03-25 11:00:00+00:00,31.542418121724197
2025-03-25 12:00:00+00:00,29.493100152409532
2025-03-25 13:00:00+00:00,30.262129530023653
2025-03-25 14:00:00+00:00,28.66119977784557
2025-03-25 15:00:00+00:00,27.396351794736116
2025-03-25 16:00:00+00:00,26.455931185339868
2025-03-25 17:00:00+00:00,25.776042086475428
2025-03-25 18:00:00+00:00,25.353688819688827
2025-03-25 19:00:00+00:00,24.748435510862304
2025-03-25 20:00:00+00:00,24.0770155784042
2025-03-25 21:00:00+00:00,24.524730779787724
2025-03-25 22:00:00+00:00,25.20258558339947
2025-03-25 23:00:00+00:00,25.45462084871615
2025-03-26 00:00:00+00:00,25.645066072545706
2025-03-26 01:00:00+00:00,27.027093802434663
2025-03-26 02:00:00+00:00,28.067365023279137
2025-03-26 03:00:00+00:00,28.91181307844028
2025-03-26 04:00:00+00:00,30.303879201391535
2025-03-26 05:00:00+00:00,28.081677054250285
2025-03-26 06:00:00+00:00,26.53559716587879
2025-03-26 07:00:00+00:00,27.018316468205658
2025-03-26 08:00:00+00:00,27.08158605397725
2025-03-26 09:00:00+00:00,44.93775446988229
2025-03-26 10:00:00+00:00,41.387886058981074
2025-03-26 11:00:00+00:00,33.192627288473965
2025-03-26 12:00:00+00:00,58.53335758940402
2025-03-26 13:00:00+00:00,59.78464869203706
2025-03-26 14:00:00+00:00,32.511662675251706
2025-03-26 15:00:00+00:00,32.05479388835979
2025-03-26 16:00:00+00:00,27.485742823420523
2025-03-26 17:00:00+00:00,26.679809246647288
2025-03-26 18:00:00+00:00,26.83434826117954
2025-03-26 19:00:00+00:00,24.928892800928626
2025-03-26 20:00:00+00:00,24.670614291569617
2025-03-26 21:00:00+00:00,24.326055523585424
2025-03-26 22:00:00+00:00,23.947378245664044
2025-03-26 23:00:00+00:00,24.015036041412035
2025-03-27 00:00:00+00:00,23.925306504179034
2025-03-27 01:00:00+00:00,26.999233477887632
2025-03-27 02:00:00+00:00,28.47656291996824
2025-03-27 03:00:00+00:00,28.90569407565878
2025-03-27 04:00:00+00:00,29.09335657460247
2025-03-27 05:00:00+00:00,27.702866680236692
2025-03-27 06:00:00+00:00,22.874547221830287
2025-03-27 07:00:00+00:00,27.864108953113213
2025-03-27 08:00:00+00:00,31.804128038579627
2025-03-27 09:00:00+00:00,37.66334386132028
2025-03-27 10:00:00+00:00,31.641715201931188
2025-03-27 11:00:00+00:00,30.56757547177546
2025-03-27 12:00:00+00:00,37.385776603533024
2025-03-27 13:00:00+00:00,29.9040161214085
2025-03-27 14:00:00+00:00,32.29862325769013
2025-03-27 15:00:00+00:00,30.572608618508514
2025-03-27 16:00:00+00:00,26.34843027686953
2025-03-27 17:00:00+00:00,28.535592840689045
2025-03-27 18:00:00+00:00,29.051634313612425
2025-03-27 19:00:00+00:00,27.5879478323881
2025-03-27 20:00:00+00:00,28.586012597973557
2025-03-27 21:00:00+00:00,28.296555324078614
2025-03-27 22:00:00+00:00,27.92265127357963
2025-03-27 23:00:00+00:00,26.953535703921197
2025-03-28 00:00:00+00:00,26.541971197385372
2025-03-28 01:00:00+00:00,26.09953857612878
2025-03-28 02:00:00+00:00,26.465205768924395
2025-03-28 03:00:00+00:00,26.213721502955128
2025-03-28 04:00:00+00:00,26.356478175390524
2025-03-28 05:00:00+00:00,25.40155833177769
2025-03-28 06:00:00+00:00,24.694383170443828
2025-03-28 07:00:00+00:00,26.015600137685873
2025-03-28 08:00:00+00:00,26.959233845865604
2025-03-28 09:00:00+00:00,31.143201955633053
2025-03-28 10:00:00+00:00,32.131401128601915
2025-03-28 11:00:00+00:00,34.21122442786029
2025-03-28 12:00:00+00:00,34.72082653308922
2025-03-28 13:00:00+00:00,33.72197384794797
2025-03-28 14:00:00+00:00,29.05566554101106
2025-03-28 15:00:00+00:00,27.76996748451548
2025-03-28 16:00:00+00:00,25.1176762119258
2025-03-28 17:00:00+00:00,25.031732305225226
2025-03-28 18:00:00+00:00,25.360385283070435
2025-03-28 19:00:00+00:00,25.733342808754312
2025-03-28 20:00:00+00:00,26.599078142953207
2025-03-28 21:00:00+00:00,26.848406332907018
2025-03-28 22:00:00+00:00,26.86636898470236
2025-03-28 23:00:00+00:00,26.871968646094068
2025-03-29 00:00:00+00:00,26.74862921248622
2025-03-29 01:00:00+00:00,27.508508993538403
2025-03-29 02:00:00+00:00,29.26519670161929
2025-03-29 03:00:00+00:00,30.00503141333621
2025-03-29 04:00:00+00:00,30.102500953839815
2025-03-29 05:00:00+00:00,29.366694591745812
2025-03-29 06:00:00+00:00,27.13573290061986
2025-03-29 07:00:00+00:00,29.16286080941553
2025-03-29 08:00:00+00:00,29.355171213932277
2025-03-29 09:00:00+00:00,33.24138520177676
2025-03-29 10:00:00+00:00,32.24693587587389
2025-03-29 11:00:00+00:00,30.712982611259203
2025-03-29 12:00:00+00:00,28.9182738786765
2025-03-29 13:00:00+00:00,29.927278736843494
2025-03-29 14:00:00+00:00,31.0333440130227
2025-03-29 15:00:00+00:00,30.99722842883313
2025-03-29 16:00:00+00:00,28.737118099868965
2025-03-29 17:00:00+00:00,27.680198293787328
2025-03-29 18:00:00+00:00,26.825168012731154
2025-03-29 19:00:00+00:00,26.264260861545914
2025-03-29 20:00:00+00:00,24.766291148476384
2025-03-29 21:00:00+00:00,24.80242280176052
2025-03-29 22:00:00+00:00,24.858414228966822
2025-03-29 23:00:00+00:00,24.748502246440996
2025-03-30 00:00:00+00:00,24.462967824230887
2025-03-30 01:00:00+00:00,25.6506463572663
2025-03-30 02:00:00+00:00,27.305190823191587
2025-03-30 03:00:00+00:00,27.565420790894784
2025-03-30 04:00:00+00:00,27.93863150298181
2025-03-30 05:00:00+00:00,25.74913720554708
2025-03-30 06:00:00+00:00,22.02803863201441
2025-03-30 07:00:00+00:00,28.031022799167225
2025-03-30 08:00:00+00:00,32.86754696505108
2025-03-30 09:00:00+00:00,31.401906817398704
2025-03-30 10:00:00+00:00,30.621838937105547
2025-03-30 11:00:00+00:00,29.805551368313637
2025-03-30 12:00:00+00:00,26.859423559857966
2025-03-30 13:00:00+00:00,31.539983238790963
2025-03-30 14:00:00+00:00,41.62393561264137
2025-03-30 15:00:00+00:00,32.41706817076105
2025-03-30 16:00:00+00:00,30.788808784207948
2025-03-30 17:00:00+00:00,30.278188050197045
2025-03-30 18:00:00+00:00,31.059100651804368
2025-03-30 19:00:00+00:00,31.287500900229926
2025-03-30 20:00:00+00:00,26.998041459796028
2025-03-30 21:00:00+00:00,26.698216879042395
2025-03-30 22:00:00+00:00,26.150972392660854
2025-03-30 23:00:00+00:00,25.902392222178058
2025-03-31 00:00:00+00:00,25.219199620631404
2025-03-31 01:00:00+00:00,25.9234959749706
2025-03-31 02:00:00+00:00,26.55299801970718
2025-03-31 03:00:00+00:00,27.46301173172969
2025-03-31 04:00:00+00:00,27.792995892062553
2025-03-31 05:00:00+00:00,27.941584643248515
2025-03-31 06:00:00+00:00,27.92089383923475
2025-03-31 07:00:00+00:00,28.17659122291146
2025-03-31 08:00:00+00:00,29.61273155250426
2025-03-31 09:00:00+00:00,32.24773125598063
2025-03-31 10:00:00+00:00,32.32679629143266
2025-03-31 11:00:00+00:00,32.72376447729141
2025-03-31 12:00:00+00:00,32.5464157420589
2025-03-31 13:00:00+00:00,33.32030292927646
2025-03-31 14:00:00+00:00,33.8126611929258
2025-03-31 15:00:00+00:00,31.05533585554407
2025-03-31 16:00:00+00:00,28.88277741677853
2025-03-31 17:00:00+00:00,29.16490314500749
2025-03-31 18:00:00+00:00,28.487810912072508
2025-03-31 19:00:00+00:00,26.29879174633411
2025-03-31 20:00:00+00:00,24.74206524291913
2025-03-31 21:00:00+00:00,24.67709722063277
2025-03-31 22:00:00+00:00,26.06791972923036
2025-03-31 23:00:00+00:00,27.33284866389355
2025-04-01 00:00:00+00:00,29.562087717621502
2025-04-01 01:00:00+00:00,30.739399978025837
2025-04-01 02:00:00+00:00,31.631795658690383
2025-04-01 03:00:00+00:00,31.06198185266133
2025-04-01 04:00:00+00:00,30.754152472759753
2025-04-01 05:00:00+00:00,29.907836626309884
2025-04-01 06:00:00+00:00,27.073577649436743
2025-04-01 07:00:00+00:00,26.696522393776164
2025-04-01 08:00:00+00:00,26.50867904979335
2025-04-01 09:00:00+00:00,28.642798377287484
2025-04-01 10:00:00+00:00,27.534101307034177
2025-04-01 11:00:00+00:00,27.24174658249271
2025-04-01 12:00:00+00:00,27.588820772084404
2025-04-01 13:00:00+00:00,30.84078913000092
2025-04-01 14:00:00+00:00,32.5158867265754
2025-04-01 15:00:00+00:00,32.52618580758138
2025-04-01 16:00:00+00:00,30.133065955565286
2025-04-01 17:00:00+00:00,28.34863703372085
2025-04-01 18:00:00+00:00,25.974428118532053
2025-04-01 19:00:00+00:00,23.339519672015783
2025-04-01 20:00:00+00:00,21.05417364270875
2025-04-01 21:00:00+00:00,21.659930914972982
2025-04-01 22:00:00+00:00,23.92752518009645
2025-04-01 23:00:00+00:00,25.012608864697356
2025-04-02 00:00:00+00:00,27.054633017322768
2025-04-02 01:00:00+00:00,27.848094781934755
2025-04-02 02:00:00+00:00,28.783188267677875
2025-04-02 03:00:00+00:00,30.266931686253194
2025-04-02 04:00:00+00:00,31.310406406654902
2025-04-02 05:00:00+00:00,25.49315194202796
2025-04-02 06:00:00+00:00,17.263085767934683
2025-04-02 07:00:00+00:00,25.02443645539359
2025-04-02 08:00:00+00:00,30.863813947456265
2025-04-02 09:00:00+00:00,32.60301116938961
2025-04-02 10:00:00+00:00,34.04258421008429
2025-04-02 11:00:00+00:00,33.65032638435682
2025-04-02 12:00:00+00:00,33.06515005679379
2025-04-02 13:00:00+00:00,36.93889186377108
2025-04-02 14:00:00+00:00,34.98510303038159
2025-04-02 15:00:00+00:00,33.908845486365045
2025-04-02 16:00:00+00:00,29.374423101445615
2025-04-02 17:00:00+00:00,29.679481721189962
2025-04-02 18:00:00+00:00,29.7702202097822
2025-04-02 19:00:00+00:00,27.95511529633438
2025-04-02 20:00:00+00:00,26.699866930535283
2025-04-02 21:00:00+00:00,25.77356327395835
2025-04-02 22:00:00+00:00,25.604323818582703
2025-04-02 23:00:00+00:00,25.453311953905363
2025-04-03 00:00:00+00:00,25.210714993344848
2025-04-03 01:00:00+00:00,26.051167667098685
2025-04-03 02:00:00+00:00,27.1415550706979
2025-04-03 03:00:00+00:00,26.94021590073304
2025-04-03 04:00:00+00:00,27.073835386903408
2025-04-03 05:00:00+00:00,26.212792800797214
2025-04-03 06:00:00+00:00,24.763916398527396
2025-04-03 07:00:00+00:00,25.81272090006789
2025-04-03 08:00:00+00:00,27.756549036437658
2025-04-03 09:00:00+00:00,29.709616791988676
2025-04-03 10:00:00+00:00,30.997044923664312
2025-04-03 11:00:00+00:00,33.1158421521239
2025-04-03 12:00:00+00:00,34.884251200848844
2025-04-03 13:00:00+00:00,31.91950665380569
2025-04-03 14:00:00+00:00,29.18532904625849
2025-04-03 15:00:00+00:00,27.04979447383899
2025-04-03 16:00:00+00:00,24.69683925899237
2025-04-03 17:00:00+00:00,25.399642576871013
2025-04-03 18:00:00+00:00,26.282515960144007
2025-04-03 19:00:00+00:00,26.357537148667287
2025-04-03 20:00:00+00:00,25.266833384120144
2025-04-03 21:00:00+00:00,26.267836265154344
2025-04-03 22:00:00+00:00,26.879192691208324
2025-04-03 23:00:00+00:00,27.93801759942571
2025-04-04 00:00:00+00:00,28.557726317213355
2025-04-04 01:00:00+00:00,28.41601275550116
2025-04-04 02:00:00+00:00,28.29279883744666
2025-04-04 03:00:00+00:00,28.102185441693724
2025-04-04 04:00:00+00:00,27.73125804588134
2025-04-04 05:00:00+00:00,28.794750237887463
2025-04-04 06:00:00+00:00,30.32675413522796
2025-04-04 07:00:00+00:00,31.21859065867941
2025-04-04 08:00:00+00:00,30.492061254862534
2025-04-04 09:00:00+00:00,30.679217331313826
2025-04-04 10:00:00+00:00,31.426822539594184
2025-04-04 11:00:00+00:00,32.11051784748808
2025-04-04 12:00:00+00:00,31.784779028473274
2025-04-04 13:00:00+00:00,31.72113549214815
2025-04-04 14:00:00+00:00,31.53915587921617
2025-04-04 15:00:00+00:00,30.789763357301435
2025-04-04 16:00:00+00:00,28.170638016035934
2025-04-04 17:00:00+00:00,28.54576523257772
2025-04-04 18:00:00+00:00,27.23718339472915
2025-04-04 19:00:00+00:00,27.603071676078102
2025-04-04 20:00:00+00:00,27.188127696740313
2025-04-04 21:00:00+00:00,26.76021560385704
2025-04-04 22:00:00+00:00,25.262494018677994
2025-04-04 23:00:00+00:00,24.592712396404902
2025-04-05 00:00:00+00:00,23.070142244319882
2025-04-05 01:00:00+00:00,27.434070732023365
2025-04-05 02:00:00+00:00,32.42284472076779
2025-04-05 03:00:00+00:00,34.52563027938609
2025-04-05 04:00:00+00:00,36.326862067068156
2025-04-05 05:00:00+00:00,31.33411881212992
2025-04-05 06:00:00+00:00,29.346840900831243
2025-04-05 07:00:00+00:00,29.53683103296502
2025-04-05 08:00:00+00:00,33.66452393096739
2025-04-05 09:00:00+00:00,32.82822501892901
2025-04-05 10:00:00+00:00,32.41145370045421
2025-04-05 11:00:00+00:00,29.98356715266097
2025-04-05 12:00:00+00:00,28.34848275094014
2025-04-05 13:00:00+00:00,28.7150881910306
2025-04-05 14:00:00+00:00,28.49630631182391
2025-04-05 15:00:00+00:00,25.58465435624597
2025-04-05 16:00:00+00:00,23.439907443733404
2025-04-05 17:00:00+00:00,24.63850438050374
2025-04-05 18:00:00+00:00,26.28991236745073
2025-04-05 19:00:00+00:00,27.35434495327656
2025-04-05 20:00:00+00:00,27.884202669355265
2025-04-05 21:00:00+00:00,26.86882457476141
2025-04-05 22:00:00+00:00,24.47502105228602
2025-04-05 23:00:00+00:00,22.57977700676575
2025-04-06 00:00:00+00:00,22.211575717515203
2025-04-06 01:00:00+00:00,23.42649207263974
2025-04-06 02:00:00+00:00,25.310885963094588
2025-04-06 03:00:00+00:00,27.663755251674985
2025-04-06 04:00:00+00:00,28.859671787974452
2025-04-06 05:00:00+00:00,28.583697502969308
2025-04-06 06:00:00+00:00,27.963350814673603
2025-04-06 07:00:00+00:00,29.921800711319257
2025-04-06 08:00:00+00:00,31.94251595314007
2025-04-06 09:00:00+00:00,33.997992693004655
2025-04-06 10:00:00+00:00,33.61083181493859
2025-04-06 11:00:00+00:00,33.61365931554179
2025-04-06 12:00:00+00:00,32.35670275252627
2025-04-06 13:00:00+00:00,32.165264313847196
2025-04-06 14:00:00+00:00,30.86576226058493
2025-04-06 15:00:00+00:00,28.553895830347294
2025-04-06 16:00:00+00:00,27.0647519423809
2025-04-06 17:00:00+00:00,27.985396039816607
2025-04-06 18:00:00+00:00,28.780792835646807
2025-04-06 19:00:00+00:00,29.1995733792936
2025-04-06 20:00:00+00:00,29.322166026009402
2025-04-06 21:00:00+00:00,29.259289223854537
2025-04-06 22:00:00+00:00,28.003215354913763
2025-04-06 23:00:00+00:00,27.578498928370145
2025-04-07 00:00:00+00:00,27.050536141851264
2025-04-07 01:00:00+00:00,29.03324792396152
2025-04-07 02:00:00+00:00,30.606602720635635
2025-04-07 03:00:00+00:00,31.149207640252595
2025-04-07 04:00:00+00:00,32.21714189153848
2025-04-07 05:00:00+00:00,31.156674851129825
2025-04-07 06:00:00+00:00,28.410314966220827
2025-04-07 07:00:00+00:00,29.069704097816224
2025-04-07 08:00:00+00:00,29.020046153792652
2025-04-07 09:00:00+00:00,29.663153228096487
2025-04-07 10:00:00+00:00,30.035698625754815
2025-04-07 11:00:00+00:00,30.925248075462207
2025-04-07 12:00:00+00:00,31.316017059566214
2025-04-07 13:00:00+00:00,31.14776441605837
2025-04-07 14:00:00+00:00,30.086073881366715
2025-04-07 15:00:00+00:00,28.54500735307261
2025-04-07 16:00:00+00:00,28.207248560817746
2025-04-07 17:00:00+00:00,25.802589488063497
2025-04-07 18:00:00+00:00,24.31755558875538
2025-04-07 19:00:00+00:00,23.66717144515759
2025-04-07 20:00:00+00:00,23.56937144972374
2025-04-07 21:00:00+00:00,23.354282991052322
2025-04-07 22:00:00+00:00,23.5304428834889
2025-04-07 23:00:00+00:00,24.766569043103015
2025-04-08 00:00:00+00:00,24.51383534074254
2025-04-08 01:00:00+00:00,26.753969011654927
2025-04-08 02:00:00+00:00,29.321104084122297
2025-04-08 03:00:00+00:00,29.924346970717835
2025-04-08 04:00:00+00:00,30.100678424686475
2025-04-08 05:00:00+00:00,33.02556201814315
2025-04-08 06:00:00+00:00,35.29625622913131
2025-04-08 07:00:00+00:00,33.37819467472712
2025-04-08 08:00:00+00:00,30.777144575841422
2025-04-08 09:00:00+00:00,32.846089406041116
2025-04-08 10:00:00+00:00,30.74614696057381
2025-04-08 11:00:00+00:00,30.760937913727886
2025-04-08 12:00:00+00:00,30.24914315902293
2025-04-08 13:00:00+00:00,30.06242585397211
2025-04-08 14:00:00+00:00,28.38251195046169
2025-04-08 15:00:00+00:00,27.990644660554267
2025-04-08 16:00:00+00:00,25.77253091111567
2025-04-08 17:00:00+00:00,26.033590592499568
2025-04-08 18:00:00+00:00,26.34901924641917
2025-04-08 19:00:00+00:00,26.333628783406184
2025-04-08 20:00:00+00:00,26.32425822779809
2025-04-08 21:00:00+00:00,26.74798292540686
2025-04-08 22:00:00+00:00,26.56745145620507
2025-04-08 23:00:00+00:00,26.22545729485726
2025-04-09 00:00:00+00:00,26.33864400166224
2025-04-09 01:00:00+00:00,26.54621379983118
2025-04-09 02:00:00+00:00,26.534395544572916
2025-04-09 03:00:00+00:00,26.16885983616581
2025-04-09 04:00:00+00:00,25.154293074903663
2025-04-09 05:00:00+00:00,28.024098897837085
2025-04-09 06:00:00+00:00,27.74103349863285
2025-04-09 07:00:00+00:00,34.30611028135627
2025-04-09 08:00:00+00:00,39.05296038352651
2025-04-09 09:00:00+00:00,40.52302517054542
2025-04-09 10:00:00+00:00,41.34243392340023
2025-04-09 11:00:00+00:00,37.733127011157805
2025-04-09 12:00:00+00:00,34.16132428296192
2025-04-09 13:00:00+00:00,32.34688347646436
2025-04-09 14:00:00+00:00,29.72891644419382
2025-04-09 15:00:00+00:00,26.684905122894254
2025-04-09 16:00:00+00:00,22.643739237094234
2025-04-09 17:00:00+00:00,21.952209773317886
2025-04-09 18:00:00+00:00,21.55870182775765
2025-04-09 19:00:00+00:00,21.546598320817463
2025-04-09 20:00:00+00:00,21.2519481726566
2025-04-09 21:00:00+00:00,22.969287954322773
2025-04-09 22:00:00+00:00,24.59494654026052
2025-04-09 23:00:00+00:00,26.530550570227252
2025-04-10 00:00:00+00:00,28.029697533671854
2025-04-10 01:00:00+00:00,26.733736281011275
2025-04-10 02:00:00+00:00,25.189221609506625
2025-04-10 03:00:00+00:00,23.667946560989623
2025-04-10 04:00:00+00:00,22.50978938413828
2025-04-10 05:00:00+00:00,19.85203894941944
2025-04-10 06:00:00+00:00,17.345419993591456
2025-04-10 07:00:00+00:00,24.97062887487167
2025-04-10 08:00:00+00:00,30.061242307856396
2025-04-10 09:00:00+00:00,31.826266537827497
2025-04-10 10:00:00+00:00,32.20464785538352
2025-04-10 11:00:00+00:00,33.03579161901596
2025-04-10 12:00:00+00:00,33.36876981937859
2025-04-10 13:00:00+00:00,35.98170399253001
2025-04-10 14:00:00+00:00,32.69864137918142
2025-04-10 15:00:00+00:00,30.390306376423965
2025-04-10 16:00:00+00:00,27.533526455181093
2025-04-10 17:00:00+00:00,26.736141487307698
2025-04-10 18:00:00+00:00,25.751069219429933
2025-04-10 19:00:00+00:00,24.949571569530168
2025-04-10 20:00:00+00:00,24.31373258476884
2025-04-10 21:00:00+00:00,25.61149722844385
2025-04-10 22:00:00+00:00,26.871244687657057
2025-04-10 23:00:00+00:00,27.77882183225279
2025-04-11 00:00:00+00:00,28.13478073807472
2025-04-11 01:00:00+00:00,28.36405093846243
2025-04-11 02:00:00+00:00,27.850493814223807
2025-04-11 03:00:00+00:00,28.399417607502265
2025-04-11 04:00:00+00:00,29.106739458747807
2025-04-11 05:00:00+00:00,30.740854411413146
2025-04-11 06:00:00+00:00,30.334843841134965
2025-04-11 07:00:00+00:00,33.04286894435032
2025-04-11 08:00:00+00:00,35.251642970217155
2025-04-11 09:00:00+00:00,33.553265461083576
2025-04-11 10:00:00+00:00,32.4609027042259
2025-04-11 11:00:00+00:00,30.851370531963102
2025-04-11 12:00:00+00:00,28.236300222059725
2025-04-11 13:00:00+00:00,28.327996642561015
2025-04-11 14:00:00+00:00,26.448404751243867
2025-04-11 15:00:00+00:00,26.19380020834698
2025-04-11 16:00:00+00:00,24.634299387292298
2025-04-11 17:00:00+00:00,25.0370300787126
2025-04-11 18:00:00+00:00,25.75128608020609
2025-04-11 19:00:00+00:00,25.430719929677995
2025-04-11 20:00:00+00:00,25.232436009216425
2025-04-11 21:00:00+00:00,25.035237066588667
2025-04-11 22:00:00+00:00,23.987317751807225
2025-04-11 23:00:00+00:00,23.01816279707461
2025-04-12 00:00:00+00:00,22.38632254781894
2025-04-12 01:00:00+00:00,23.015241020431635
2025-04-12 02:00:00+00:00,24.59288412470665
2025-04-12 03:00:00+00:00,25.593969987993987
2025-04-12 04:00:00+00:00,27.203429896081015
2025-04-12 05:00:00+00:00,26.766923668624205
2025-04-12 06:00:00+00:00,25.852445585090482
2025-04-12 07:00:00+00:00,30.826172968426867
2025-04-12 08:00:00+00:00,36.97765989928494
2025-04-12 09:00:00+00:00,35.08936094162151
2025-04-12 10:00:00+00:00,34.75375469467556
2025-04-12 11:00:00+00:00,32.09501382353365
2025-04-12 12:00:00+00:00,28.45053375821254
2025-04-12 13:00:00+00:00,28.813997292971006
2025-04-12 14:00:00+00:00,28.18965849749246
2025-04-12 15:00:00+00:00,27.19742498561026
2025-04-12 16:00:00+00:00,25.59189354414306
2025-04-12 17:00:00+00:00,25.023642403019355
2025-04-12 18:00:00+00:00,24.586397219594208
2025-04-12 19:00:00+00:00,24.232048845994186
2025-04-12 20:00:00+00:00,23.174455615626034
2025-04-12 21:00:00+00:00,23.720459051118038
2025-04-12 22:00:00+00:00,24.706522511127996
2025-04-12 23:00:00+00:00,25.36648977891821
2025-04-13 00:00:00+00:00,26.128679734663955
2025-04-13 01:00:00+00:00,27.246974986876705
2025-04-13 02:00:00+00:00,27.056952200634257
2025-04-13 03:00:00+00:00,27.40578083181399
2025-04-13 04:00:00+00:00,28.116665715391417
2025-04-13 05:00:00+00:00,24.38142658179772
2025-04-13 06:00:00+00:00,18.275193123321568
2025-04-13 07:00:00+00:00,23.212066336646085
2025-04-13 08:00:00+00:00,29.011401144307495
2025-04-13 09:00:00+00:00,36.74014373210409
2025-04-13 10:00:00+00:00,40.94313496866656
2025-04-13 11:00:00+00:00,42.02506530179783
2025-04-13 12:00:00+00:00,40.979706421638305
2025-04-13 13:00:00+00:00,39.38226033471864
2025-04-13 14:00:00+00:00,36.785090660937456
2025-04-13 15:00:00+00:00,34.79091568730749
2025-04-13 16:00:00+00:00,29.981995422245753
2025-04-13 17:00:00+00:00,27.613369307637132
2025-04-13 18:00:00+00:00,25.443665333578554
2025-04-13 19:00:00+00:00,22.953320918038166
2025-04-13 20:00:00+00:00,20.017592598269193
2025-04-13 21:00:00+00:00,20.41382211553329
2025-04-13 22:00:00+00:00,20.32193403462159
2025-04-13 23:00:00+00:00,20.72144445615932
2025-04-14 00:00:00+00:00,21.089338758892307
2025-04-14 01:00:00+00:00,22.545075036799037
2025-04-14 02:00:00+00:00,24.209824799453962
2025-04-14 03:00:00+00:00,26.22258816035342
2025-04-14 04:00:00+00:00,28.383164213100027
2025-04-14 05:00:00+00:00,24.270074219418465
2025-04-14 06:00:00+00:00,20.418432208629515
2025-04-14 07:00:00+00:00,22.168347645637372
2025-04-14 08:00:00+00:00,23.30709752246815
2025-04-14 09:00:00+00:00,25.974233208242065
2025-04-14 10:00:00+00:00,26.870490827438033
2025-04-14 11:00:00+00:00,29.804166003433807
2025-04-14 12:00:00+00:00,30.983632269609632
2025-04-14 13:00:00+00:00,30.749856077117798
2025-04-14 14:00:00+00:00,27.860583790207052
2025-04-14 15:00:00+00:00,26.530288396679467
2025-04-14 16:00:00+00:00,25.12426009441401
2025-04-14 17:00:00+00:00,25.527909054932454
2025-04-14 18:00:00+00:00,26.545016658039188
2025-04-14 19:00:00+00:00,26.961080261970228
2025-04-14 20:00:00+00:00,26.871422953355488
2025-04-14 21:00:00+00:00,25.78863516249646
2025-04-14 22:00:00+00:00,24.89291375554119
2025-04-14 23:00:00+00:00,23.896385298836865
2025-04-15 00:00:00+00:00,23.228094127239107
2025-04-15 01:00:00+00:00,26.537744145163565
2025-04-15 02:00:00+00:00,27.718056708447484
2025-04-15 03:00:00+00:00,29.433290103555937
2025-04-15 04:00:00+00:00,31.07838377739838
2025-04-15 05:00:00+00:00,25.4712915500016
2025-04-15 06:00:00+00:00,20.023556563566263
2025-04-15 07:00:00+00:00,25.14956908307205
2025-04-15 08:00:00+00:00,31.351486066205563
2025-04-15 09:00:00+00:00,34.88335100164174
2025-04-15 10:00:00+00:00,36.88495696904356
2025-04-15 11:00:00+00:00,37.30319173031139
2025-04-15 12:00:00+00:00,34.77840365264447
2025-04-15 13:00:00+00:00,32.84005246905726
2025-04-15 14:00:00+00:00,31.630786093302095
2025-04-15 15:00:00+00:00,27.970003191162935
2025-04-15 16:00:00+00:00,24.814632727552485
2025-04-15 17:00:00+00:00,24.62210154432841
2025-04-15 18:00:00+00:00,24.14515043669863
2025-04-15 19:00:00+00:00,23.335088419654976
2025-04-15 20:00:00+00:00,22.861813429757998
2025-04-15 21:00:00+00:00,23.66930700708147
2025-04-15 22:00:00+00:00,23.92129910905861
2025-04-15 23:00:00+00:00,23.7421828722197
2025-04-16 00:00:00+00:00,23.203413811274537
2025-04-16 01:00:00+00:00,22.884155592369446
2025-04-16 02:00:00+00:00,22.767800553445657
2025-04-16 03:00:00+00:00,22.659582302834966
2025-04-16 04:00:00+00:00,22.772103763470458
2025-04-16 05:00:00+00:00,22.535198598594693
2025-04-16 06:00:00+00:00,19.869053565234154
2025-04-16 07:00:00+00:00,25.851489032944865
2025-04-16 08:00:00+00:00,30.042989692110588
2025-04-16 09:00:00+00:00,32.98704531125901
2025-04-16 10:00:00+00:00,34.16889815372006
2025-04-16 11:00:00+00:00,36.35393589199554
2025-04-16 12:00:00+00:00,37.08324598664444
2025-04-16 13:00:00+00:00,34.733643578533865
2025-04-16 14:00:00+00:00,33.05641720392987
2025-04-16 15:00:00+00:00,28.71043685802203
2025-04-16 16:00:00+00:00,25.871529207585564
2025-04-16 17:00:00+00:00,25.497959746934033
2025-04-16 18:00:00+00:00,25.00113984857636
2025-04-16 19:00:00+00:00,24.00113390371506
2025-04-16 20:00:00+00:00,23.50597770424292
2025-04-16 21:00:00+00:00,23.13179714106406
2025-04-16 22:00:00+00:00,22.64697962599098
2025-04-16 23:00:00+00:00,22.13708412147252
2025-04-17 00:00:00+00:00,21.34753512068914
2025-04-17 01:00:00+00:00,23.628843759298256
2025-04-17 02:00:00+00:00,25.894261126934918
2025-04-17 03:00:00+00:00,26.581676435553796
2025-04-17 04:00:00+00:00,28.300586269162434
2025-04-17 05:00:00+00:00,25.729060623597537
2025-04-17 06:00:00+00:00,24.45647269339417
2025-04-17 07:00:00+00:00,27.131025896434863
2025-04-17 08:00:00+00:00,28.44080533281979
2025-04-17 09:00:00+00:00,28.661262573815613
2025-04-17 10:00:00+00:00,29.72337223356265
2025-04-17 11:00:00+00:00,28.9812821508601
2025-04-17 12:00:00+00:00,28.726510633585985
2025-04-17 13:00:00+00:00,32.04590825680933
2025-04-17 14:00:00+00:00,34.649997011603304
2025-04-17 15:00:00+00:00,33.27535390023142
2025-04-17 16:00:00+00:00,32.813793141695406
2025-04-17 17:00:00+00:00,31.899531368062334
2025-04-17 18:00:00+00:00,30.40167657810604
2025-04-17 19:00:00+00:00,29.99639923008098
2025-04-17 20:00:00+00:00,27.90658292943063
2025-04-17 21:00:00+00:00,26.25142189383244
2025-04-17 22:00:00+00:00,24.37076643838499
2025-04-17 23:00:00+00:00,22.47536461184131
2025-04-18 00:00:00+00:00,20.838578905519398
2025-04-18 01:00:00+00:00,21.91609000998771
2025-04-18 02:00:00+00:00,23.15322461558907
2025-04-18 03:00:00+00:00,23.625630369405847
2025-04-18 04:00:00+00:00,24.587224777398262
2025-04-18 05:00:00+00:00,22.44456851248356
2025-04-18 06:00:00+00:00,19.77542140475746
2025-04-18 07:00:00+00:00,25.416212671244107
2025-04-18 08:00:00+00:00,30.13309150011681
2025-04-18 09:00:00+00:00,29.378673002080987
2025-04-18 10:00:00+00:00,28.435549571517278
2025-04-18 11:00:00+00:00,26.946172918410024
2025-04-18 12:00:00+00:00,25.39841472276763
2025-04-18 13:00:00+00:00,26.316990813807045
2025-04-18 14:00:00+00:00,26.80043373888077
2025-04-18 15:00:00+00:00,26.182102812406388
2025-04-18 16:00:00+00:00,26.32919583948436
2025-04-18 17:00:00+00:00,26.23663891169971
2025-04-18 18:00:00+00:00,25.262394951974873
2025-04-18 19:00:00+00:00,24.84126899842909
2025-04-18 20:00:00+00:00,24.340829152587443
2025-04-18 21:00:00+00:00,24.63980795938249
2025-04-18 22:00:00+00:00,24.689520723140408
2025-04-18 23:00:00+00:00,25.017323930625707
2025-04-19 00:00:00+00:00,25.34556815961823
2025-04-19 01:00:00+00:00,25.68210782387786
2025-04-19 02:00:00+00:00,26.41571850859331
2025-04-19 03:00:00+00:00,26.613398862870113
2025-04-19 04:00:00+00:00,27.64275377006189
2025-04-19 05:00:00+00:00,25.06497231711939
2025-04-19 06:00:00+00:00,22.53977947657611
2025-04-19 07:00:00+00:00,30.856255723545484
2025-04-19 08:00:00+00:00,41.564721318654044
2025-04-19 09:00:00+00:00,37.83526000616173
2025-04-19 10:00:00+00:00,37.630976244514805
2025-04-19 11:00:00+00:00,35.504064101024866
2025-04-19 12:00:00+00:00,32.6824415888417
2025-04-19 13:00:00+00:00,34.71026196838625
2025-04-19 14:00:00+00:00,34.30167615269292
2025-04-19 15:00:00+00:00,33.55334031536618
2025-04-19 16:00:00+00:00,31.052695693666426
2025-04-19 17:00:00+00:00,29.848180775862065
2025-04-19 18:00:00+00:00,28.895800010985067
2025-04-19 19:00:00+00:00,26.32549111782547
2025-04-19 20:00:00+00:00,24.717677818131726
2025-04-19 21:00:00+00:00,24.025440040458175
2025-04-19 22:00:00+00:00,22.470186195662787
2025-04-19 23:00:00+00:00,22.242409595209303
2025-04-20 00:00:00+00:00,21.38324140438217
2025-04-20 01:00:00+00:00,23.626837584215643
2025-04-20 02:00:00+00:00,25.469823926921215
2025-04-20 03:00:00+00:00,27.733260102938765
2025-04-20 04:00:00+00:00,29.751451318240907
2025-04-20 05:00:00+00:00,27.57437679088807
2025-04-20 06:00:00+00:00,24.88725040995424
2025-04-20 07:00:00+00:00,25.536530832027587
2025-04-20 08:00:00+00:00,25.66974101904557
2025-04-20 09:00:00+00:00,27.380661650050527
2025-04-20 10:00:00+00:00,29.79453387011741
2025-04-20 11:00:00+00:00,30.20312334760899
2025-04-20 12:00:00+00:00,29.02528297154588
2025-04-20 13:00:00+00:00,32.7899070573674
2025-04-20 14:00:00+00:00,32.88589455449806
2025-04-20 15:00:00+00:00,33.05268580702969
2025-04-20 16:00:00+00:00,32.62715839398737
2025-04-20 17:00:00+00:00,30.627260868234863
2025-04-20 18:00:00+00:00,27.77058379888958
2025-04-20 19:00:00+00:00,25.175813299269677
2025-04-20 20:00:00+00:00,23.07384241839751
2025-04-20 21:00:00+00:00,23.537564768466186
2025-04-20 22:00:00+00:00,23.040959640487245
2025-04-20 23:00:00+00:00,23.475384186997516
2025-04-21 00:00:00+00:00,24.08793887595514
2025-04-21 01:00:00+00:00,24.636498886021936
2025-04-21 02:00:00+00:00,25.570266274805352
2025-04-21 03:00:00+00:00,25.822308887886486
2025-04-21 04:00:00+00:00,26.15555092546467
2025-04-21 05:00:00+00:00,25.050947850246235
2025-04-21 06:00:00+00:00,24.32136522377134
2025-04-21 07:00:00+00:00,26.927826215323257
2025-04-21 08:00:00+00:00,30.767137907631867
2025-04-21 09:00:00+00:00,30.45226835267061
2025-04-21 10:00:00+00:00,30.441744932006593
2025-04-21 11:00:00+00:00,30.908543334299303
2025-04-21 12:00:00+00:00,30.459491271844872
2025-04-21 13:00:00+00:00,30.48587243769283
2025-04-21 14:00:00+00:00,30.413845602081718
2025-04-21 15:00:00+00:00,29.891828841327033
2025-04-21 16:00:00+00:00,27.144273662852058
2025-04-21 17:00:00+00:00,28.569437570076353
2025-04-21 18:00:00+00:00,29.678758465914033
2025-04-21 19:00:00+00:00,30.091039471001096
2025-04-21 20:00:00+00:00,29.809909367349054
2025-04-21 21:00:00+00:00,29.028750521801495
2025-04-21 22:00:00+00:00,29.04805175890335
2025-04-21 23:00:00+00:00,27.78807210348038
2025-04-22 00:00:00+00:00,26.945440882934946
2025-04-22 01:00:00+00:00,26.105366413693794
2025-04-22 02:00:00+00:00,25.71170500611016
2025-04-22 03:00:00+00:00,25.265436910590488
2025-04-22 04:00:00+00:00,24.243568380404508
2025-04-22 05:00:00+00:00,26.993197699803776
2025-04-22 06:00:00+00:00,26.912152291643054
2025-04-22 07:00:00+00:00,27.566999139142276
2025-04-22 08:00:00+00:00,23.906297155964765
2025-04-22 09:00:00+00:00,26.943752403925544
2025-04-22 10:00:00+00:00,29.597760246049994
2025-04-22 11:00:00+00:00,32.53014209490551
2025-04-22 12:00:00+00:00,32.74170130512584
2025-04-22 13:00:00+00:00,30.752901007496497
2025-04-22 14:00:00+00:00,28.17931806400573
2025-04-22 15:00:00+00:00,25.754494630342275
2025-04-22 16:00:00+00:00,22.497964835348224
2025-04-22 17:00:00+00:00,21.808418038839253
2025-04-22 18:00:00+00:00,23.22465581609903
2025-04-22 19:00:00+00:00,23.765343031901267
2025-04-22 20:00:00+00:00,24.060570281093845
2025-04-22 21:00:00+00:00,24.580278877351514
2025-04-22 22:00:00+00:00,24.420635435172198
2025-04-22 23:00:00+00:00,24.298462977409862
2025-04-23 00:00:00+00:00,24.266286653489924
2025-04-23 01:00:00+00:00,25.94291112726082
2025-04-23 02:00:00+00:00,27.14179220569403
2025-04-23 03:00:00+00:00,28.00669924609409
2025-04-23 04:00:00+00:00,29.46097465699969
2025-04-23 05:00:00+00:00,24.373065909145772
2025-04-23 06:00:00+00:00,20.32048315858467
2025-04-23 07:00:00+00:00,24.97004749490096
2025-04-23 08:00:00+00:00,28.223214077919934
2025-04-23 09:00:00+00:00,31.459705098556157
2025-04-23 10:00:00+00:00,37.204614791055754
2025-04-23 11:00:00+00:00,39.30171441993755
2025-04-23 12:00:00+00:00,43.17255764576196
2025-04-23 13:00:00+00:00,40.594387599385605
2025-04-23 14:00:00+00:00,36.7589591237908
2025-04-23 15:00:00+00:00,34.184658235599315
2025-04-23 16:00:00+00:00,28.581746973875163
2025-04-23 17:00:00+00:00,28.392135147143847
2025-04-23 18:00:00+00:00,28.082066528760574
2025-04-23 19:00:00+00:00,28.065353878694907
2025-04-23 20:00:00+00:00,27.764240026314283
2025-04-23 21:00:00+00:00,27.394883337070308
2025-04-23 22:00:00+00:00,26.864614881545066
2025-04-23 23:00:00+00:00,26.396973074422792
2025-04-24 00:00:00+00:00,27.32238900445632
2025-04-24 01:00:00+00:00,25.38261947058761
2025-04-24 02:00:00+00:00,25.497312140291314
2025-04-24 03:00:00+00:00,24.583218036870434
2025-04-24 04:00:00+00:00,24.580863016023123
2025-04-24 05:00:00+00:00,28.10145109569792
2025-04-24 06:00:00+00:00,28.536077861018796
2025-04-24 07:00:00+00:00,30.067596555353326
2025-04-24 08:00:00+00:00,28.137100822353503
2025-04-24 09:00:00+00:00,28.623767142165246
2025-04-24 10:00:00+00:00,27.078108254659615
2025-04-24 11:00:00+00:00,27.342718176766436
2025-04-24 12:00:00+00:00,27.15774817803969
2025-04-24 13:00:00+00:00,26.321088028480883
2025-04-24 14:00:00+00:00,26.078129888270343
2025-04-24 15:00:00+00:00,26.389809618863485
2025-04-24 16:00:00+00:00,26.322581239500252
2025-04-24 17:00:00+00:00,27.360230101744065
2025-04-24 18:00:00+00:00,27.644220161631644
2025-04-24 19:00:00+00:00,27.98681758012013
2025-04-24 20:00:00+00:00,29.15146642543781
2025-04-24 21:00:00+00:00,27.7840388340269
2025-04-24 22:00:00+00:00,27.060898252261353
2025-04-24 23:00:00+00:00,25.741280131212275
2025-04-25 00:00:00+00:00,24.165541752283335
2025-04-25 01:00:00+00:00,24.86701006673037
2025-04-25 02:00:00+00:00,26.011477866359375
2025-04-25 03:00:00+00:00,26.464176390269973
2025-04-25 04:00:00+00:00,26.68855016924871
2025-04-25 05:00:00+00:00,27.649100561794032
2025-04-25 06:00:00+00:00,28.12600321348516
2025-04-25 07:00:00+00:00,27.692854171074192
2025-04-25 08:00:00+00:00,27.08545762514997
2025-04-25 09:00:00+00:00,27.814759856726617
2025-04-25 10:00:00+00:00,28.707672677626512
2025-04-25 11:00:00+00:00,30.30451029108667
2025-04-25 12:00:00+00:00,32.11169222397343
2025-04-25 13:00:00+00:00,30.560862815232365
2025-04-25 14:00:00+00:00,28.479860732901184
2025-04-25 15:00:00+00:00,26.864858623242903
2025-04-25 16:00:00+00:00,25.544440088529598
2025-04-25 17:00:00+00:00,25.305030032610777
2025-04-25 18:00:00+00:00,25.22927469117228
2025-04-25 19:00:00+00:00,25.66284839724835
2025-04-25 20:00:00+00:00,26.584315116102555
2025-04-25 21:00:00+00:00,26.00799616291009
2025-04-25 22:00:00+00:00,27.27024321948559
2025-04-25 23:00:00+00:00,28.307020523238727
2025-04-26 00:00:00+00:00,28.485652169680606
2025-04-26 01:00:00+00:00,29.476850282447412
2025-04-26 02:00:00+00:00,29.814305533762017
2025-04-26 03:00:00+00:00,29.3524018355942
2025-04-26 04:00:00+00:00,28.287491212319438
2025-04-26 05:00:00+00:00,27.59164153760341
2025-04-26 06:00:00+00:00,24.33809522180731
2025-04-26 07:00:00+00:00,26.512476922993272
2025-04-26 08:00:00+00:00,30.172284499739124
2025-04-26 09:00:00+00:00,32.029814289146465
2025-04-26 10:00:00+00:00,30.366026015547597
2025-04-26 11:00:00+00:00,27.95372545206757
2025-04-26 12:00:00+00:00,27.864238858062997
2025-04-26 13:00:00+00:00,28.02130928462007
2025-04-26 14:00:00+00:00,28.493599711560858
2025-04-26 15:00:00+00:00,28.403718852553343
2025-04-26 16:00:00+00:00,25.031187854902377
2025-04-26 17:00:00+00:00,23.518957345655682
2025-04-26 18:00:00+00:00,22.818161274203348
2025-04-26 19:00:00+00:00,22.05319769720339
2025-04-26 20:00:00+00:00,19.766084035199494
2025-04-26 21:00:00+00:00,21.23678704106722
2025-04-26 22:00:00+00:00,21.568689934686308
2025-04-26 23:00:00+00:00,23.034570972186323
2025-04-27 00:00:00+00:00,23.723582603270707
2025-04-27 01:00:00+00:00,24.11165486780579
2025-04-27 02:00:00+00:00,25.00613012430606
2025-04-27 03:00:00+00:00,25.900134375176258
2025-04-27 04:00:00+00:00,26.074143206803924
2025-04-27 05:00:00+00:00,26.396726541625245
2025-04-27 06:00:00+00:00,25.223073928277287
2025-04-27 07:00:00+00:00,26.42744614612428
2025-04-27 08:00:00+00:00,29.751162295361382
2025-04-27 09:00:00+00:00,30.14147850798751
2025-04-27 10:00:00+00:00,29.176003684059523
2025-04-27 11:00:00+00:00,29.728283208714544
2025-04-27 12:00:00+00:00,28.51361002491596
2025-04-27 13:00:00+00:00,29.546370069041107
2025-04-27 14:00:00+00:00,29.45864670762416
2025-04-27 15:00:00+00:00,30.629033465998432
2025-04-27 16:00:00+00:00,29.316801995613375
2025-04-27 17:00:00+00:00,28.24444567922701
2025-04-27 18:00:00+00:00,27.474251991375777
2025-04-27 19:00:00+00:00,26.245989810957187
2025-04-27 20:00:00+00:00,26.025271512766704
2025-04-27 21:00:00+00:00,25.731291228381323
2025-04-27 22:00:00+00:00,26.196304632418535
2025-04-27 23:00:00+00:00,26.08709770343881
2025-04-28 00:00:00+00:00,25.679270080648223
2025-04-28 01:00:00+00:00,26.747162898833057
2025-04-28 02:00:00+00:00,27.119011471493938
2025-04-28 03:00:00+00:00,28.186639749394917
2025-04-28 04:00:00+00:00,28.783059312062512
2025-04-28 05:00:00+00:00,25.972533451515023
2025-04-28 06:00:00+00:00,22.509665238840803
2025-04-28 07:00:00+00:00,25.96933248770592
2025-04-28 08:00:00+00:00,27.188811748199452
2025-04-28 09:00:00+00:00,27.605309997312833
2025-04-28 10:00:00+00:00,27.173634949443603
2025-04-28 11:00:00+00:00,27.040994970842124
2025-04-28 12:00:00+00:00,26.962133702363527
2025-04-28 13:00:00+00:00,26.24637678426703
2025-04-28 14:00:00+00:00,25.84530416803484
2025-04-28 15:00:00+00:00,24.620879315268784
2025-04-28 16:00:00+00:00,23.03956359579575
2025-04-28 17:00:00+00:00,23.761092788057084
2025-04-28 18:00:00+00:00,24.500717378189766
2025-04-28 19:00:00+00:00,25.220580463720964
2025-04-28 20:00:00+00:00,25.49349350463677
2025-04-28 21:00:00+00:00,26.566324515533033
2025-04-28 22:00:00+00:00,26.584861605937505
2025-04-28 23:00:00+00:00,27.8167317447128
2025-04-29 00:00:00+00:00,28.242918783224543
2025-04-29 01:00:00+00:00,28.447398381168206
2025-04-29 02:00:00+00:00,26.973383805788533
2025-04-29 03:00:00+00:00,26.770874387326543
2025-04-29 04:00:00+00:00,26.431887605144517
2025-04-29 05:00:00+00:00,23.230763596386545
2025-04-29 06:00:00+00:00,20.390013403087025
2025-04-29 07:00:00+00:00,24.50065282295163
2025-04-29 08:00:00+00:00,29.745794310177843
2025-04-29 09:00:00+00:00,29.979982308135696
2025-04-29 10:00:00+00:00,28.992867975981476
2025-04-29 11:00:00+00:00,28.426164306363788
2025-04-29 12:00:00+00:00,28.739411823465296
2025-04-29 13:00:00+00:00,27.793776888819643
2025-04-29 14:00:00+00:00,27.325403693809662
2025-04-29 15:00:00+00:00,27.665405684077108
2025-04-29 16:00:00+00:00,27.794409061741533
2025-04-29 17:00:00+00:00,26.51310658826187
2025-04-29 18:00:00+00:00,25.189189789303732
2025-04-29 19:00:00+00:00,23.16421842265354
2025-04-29 20:00:00+00:00,22.56332822572209
2025-04-29 21:00:00+00:00,22.822203660038774
2025-04-29 22:00:00+00:00,22.978504245419316
2025-04-29 23:00:00+00:00,23.926767658282266
2025-04-30 00:00:00+00:00,24.66526320667147
2025-04-30 01:00:00+00:00,27.150479186596566
2025-04-30 02:00:00+00:00,28.00012707469891
2025-04-30 03:00:00+00:00,30.043164320421134
2025-04-30 04:00:00+00:00,30.006095430581034
2025-04-30 05:00:00+00:00,28.91969997963063
2025-04-30 06:00:00+00:00,25.59985530592632
2025-04-30 07:00:00+00:00,27.676349243636047
2025-04-30 08:00:00+00:00,29.39138660667566
2025-04-30 09:00:00+00:00,29.84234096692299
2025-04-30 10:00:00+00:00,30.282167731230146
2025-04-30 11:00:00+00:00,28.252228870114592
2025-04-30 12:00:00+00:00,26.78750738387808
2025-04-30 13:00:00+00:00,25.222151391266408
2025-04-30 14:00:00+00:00,24.59662936467104
2025-04-30 15:00:00+00:00,24.394097378270445
2025-04-30 16:00:00+00:00,21.730886382554118
2025-04-30 17:00:00+00:00,21.728206232522616
2025-04-30 18:00:00+00:00,21.6358535892403
2025-04-30 19:00:00+00:00,22.150768803118577
2025-04-30 20:00:00+00:00,22.39372622125611
2025-04-30 21:00:00+00:00,21.813562780861687
2025-04-30 22:00:00+00:00,21.63059910573729
2025-04-30 23:00:00+00:00,20.433709929719516
2025-05-01 00:00:00+00:00,18.959777788786027
2025-05-01 01:00:00+00:00,20.58782145034026
2025-05-01 02:00:00+00:00,21.586118271443013
2025-05-01 03:00:00+00:00,22.74513329297017
2025-05-01 04:00:00+00:00,25.5238874561693
2025-05-01 05:00:00+00:00,25.777091560017066
2025-05-01 06:00:00+00:00,25.16935715545721
2025-05-01 07:00:00+00:00,26.53614907006015
2025-05-01 08:00:00+00:00,27.2384675031709
2025-05-01 09:00:00+00:00,28.880888785400877
2025-05-01 10:00:00+00:00,29.37084034611882
2025-05-01 11:00:00+00:00,29.195803315623557
2025-05-01 12:00:00+00:00,29.163356050067904
2025-05-01 13:00:00+00:00,28.70533203783349
2025-05-01 14:00:00+00:00,26.92252630065129
2025-05-01 15:00:00+00:00,25.70670885268359
2025-05-01 16:00:00+00:00,23.54045489204319
2025-05-01 17:00:00+00:00,23.295130872699264
2025-05-01 18:00:00+00:00,23.874027273546236
2025-05-01 19:00:00+00:00,23.65289469068731
2025-05-01 20:00:00+00:00,23.14664074315465
2025-05-01 21:00:00+00:00,24.109932497500836
2025-05-01 22:00:00+00:00,25.107152271128104
2025-05-01 23:00:00+00:00,26.08463009028973
2025-05-02 00:00:00+00:00,26.739917895224103
2025-05-02 01:00:00+00:00,27.14257566401018
2025-05-02 02:00:00+00:00,27.411202860431207
2025-05-02 03:00:00+00:00,28.00955858851637
2025-05-02 04:00:00+00:00,28.270290409643955
2025-05-02 05:00:00+00:00,26.952195189134667
2025-05-02 06:00:00+00:00,44.721588160746784
2025-05-02 07:00:00+00:00,28.902620312592163
2025-05-02 08:00:00+00:00,30.1842366000804
2025-05-02 09:00:00+00:00,29.16530244001216
2025-05-02 10:00:00+00:00,27.776121676855606
2025-05-02 11:00:00+00:00,24.89301641555587
2025-05-02 12:00:00+00:00,24.348054475171622
2025-05-02 13:00:00+00:00,24.144476913179492
2025-05-02 14:00:00+00:00,24.517761043489593
2025-05-02 15:00:00+00:00,24.463198101872198
2025-05-02 16:00:00+00:00,24.169129587838356
2025-05-02 17:00:00+00:00,23.012997277202498
2025-05-02 18:00:00+00:00,21.957027047557734
2025-05-02 19:00:00+00:00,21.16343161935236
2025-05-02 20:00:00+00:00,18.824282287688753
2025-05-02 21:00:00+00:00,20.98663582398981
2025-05-02 22:00:00+00:00,21.84015970049809
2025-05-02 23:00:00+00:00,22.944400843883546
2025-05-03 00:00:00+00:00,25.02216652089632
2025-05-03 01:00:00+00:00,26.567535166169364
2025-05-03 02:00:00+00:00,28.27026156261434
2025-05-03 03:00:00+00:00,30.28997120055614
2025-05-03 04:00:00+00:00,31.9926143851794
2025-05-03 05:00:00+00:00,29.19792367781611
2025-05-03 06:00:00+00:00,25.573518708433365
2025-05-03 07:00:00+00:00,27.097423901735358
2025-05-03 08:00:00+00:00,27.8534135092738
2025-05-03 09:00:00+00:00,28.12872340601973
2025-05-03 10:00:00+00:00,29.04520130149031
2025-05-03 11:00:00+00:00,28.563570915558717
2025-05-03 12:00:00+00:00,28.40185877789308
2025-05-03 13:00:00+00:00,28.41130120536939
2025-05-03 14:00:00+00:00,27.294416704830407
2025-05-03 15:00:00+00:00,26.194397678945297
2025-05-03 16:00:00+00:00,24.775366731881068
2025-05-03 17:00:00+00:00,24.086951851336543
2025-05-03 18:00:00+00:00,23.248296989296442
2025-05-03 19:00:00+00:00,23.160069547304523
2025-05-03 20:00:00+00:00,23.091772986154627
2025-05-03 21:00:00+00:00,22.60003830168868
2025-05-03 22:00:00+00:00,22.971798606916675
2025-05-03 23:00:00+00:00,23.020837964747393
2025-05-04 00:00:00+00:00,23.542932226374486
2025-05-04 01:00:00+00:00,24.775601626148234
2025-05-04 02:00:00+00:00,26.181791093310554
2025-05-04 03:00:00+00:00,26.663288750685457
2025-05-04 04:00:00+00:00,27.295417065357224
2025-05-04 05:00:00+00:00,29.762583117664292
2025-05-04 06:00:00+00:00,29.687271904546336
2025-05-04 07:00:00+00:00,30.716934983019677
2025-05-04 08:00:00+00:00,31.90469281785508
2025-05-04 09:00:00+00:00,32.531703866173615
2025-05-04 10:00:00+00:00,32.17473956415874
2025-05-04 11:00:00+00:00,30.75191602760885
2025-05-04 12:00:00+00:00,29.69131498809069
2025-05-04 13:00:00+00:00,28.796700846659363
2025-05-04 14:00:00+00:00,27.923155341344554
2025-05-04 15:00:00+00:00,26.130906793552448
2025-05-04 16:00:00+00:00,25.413271748783508
2025-05-04 17:00:00+00:00,23.47967840483983
2025-05-04 18:00:00+00:00,21.698253714266226
2025-05-04 19:00:00+00:00,20.55993242563095
2025-05-04 20:00:00+00:00,18.912025615388167
2025-05-04 21:00:00+00:00,19.269422325496173
2025-05-04 22:00:00+00:00,20.420331996861222
2025-05-04 23:00:00+00:00,21.561208543875267
2025-05-05 00:00:00+00:00,21.964732945642535
2025-05-05 01:00:00+00:00,21.809993533051596
2025-05-05 02:00:00+00:00,21.85069933706923
2025-05-05 03:00:00+00:00,21.908613251280237
2025-05-05 04:00:00+00:00,21.590124898224577
2025-05-05 05:00:00+00:00,22.648821632050137
2025-05-05 06:00:00+00:00,23.282481801310556
2025-05-05 07:00:00+00:00,23.15522168235126
2025-05-05 08:00:00+00:00,22.521968792543113
2025-05-05 09:00:00+00:00,25.00810359691594
2025-05-05 10:00:00+00:00,27.02113151418369
2025-05-05 11:00:00+00:00,27.497548003597274
2025-05-05 12:00:00+00:00,26.863676623433133
2025-05-05 13:00:00+00:00,26.973700993276335
2025-05-05 14:00:00+00:00,26.380753687283033
2025-05-05 15:00:00+00:00,26.753142653703524
2025-05-05 16:00:00+00:00,26.407120390570423
2025-05-05 17:00:00+00:00,24.576207002101192
2025-05-05 18:00:00+00:00,22.73433071811094
2025-05-05 19:00:00+00:00,22.102351638406255
2025-05-05 20:00:00+00:00,20.924615901406085
2025-05-05 21:00:00+00:00,21.228533936647935
2025-05-05 22:00:00+00:00,22.383235343617173
2025-05-05 23:00:00+00:00,22.914987682765766
2025-05-06 00:00:00+00:00,24.54545212924085
2025-05-06 01:00:00+00:00,25.508789963123803
2025-05-06 02:00:00+00:00,26.70628027877449
2025-05-06 03:00:00+00:00,29.716834599719217
2025-05-06 04:00:00+00:00,32.134320872953765
2025-05-06 05:00:00+00:00,26.60505315559939
2025-05-06 06:00:00+00:00,20.982220848930908
2025-05-06 07:00:00+00:00,26.406672568061904
2025-05-06 08:00:00+00:00,31.150238628873087
2025-05-06 09:00:00+00:00,32.84834273896373
2025-05-06 10:00:00+00:00,33.33611932663785
2025-05-06 11:00:00+00:00,33.26952249152365
2025-05-06 12:00:00+00:00,33.77981720876806
2025-05-06 13:00:00+00:00,32.27631769757863
2025-05-06 14:00:00+00:00,29.56850383509968
2025-05-06 15:00:00+00:00,27.11798478662056
2025-05-06 16:00:00+00:00,24.406479800304467
2025-05-06 17:00:00+00:00,23.28841272047536
2025-05-06 18:00:00+00:00,23.254419423141975
2025-05-06 19:00:00+00:00,22.36267510802736
2025-05-06 20:00:00+00:00,22.11079665939775
2025-05-06 21:00:00+00:00,22.126544743515158
2025-05-06 22:00:00+00:00,21.60083567050651
2025-05-06 23:00:00+00:00,20.991010004238642
2025-05-07 00:00:00+00:00,20.0546231657602
2025-05-07 01:00:00+00:00,22.39587156811106
2025-05-07 02:00:00+00:00,24.949019834316612
2025-05-07 03:00:00+00:00,27.08096768734382
2025-05-07 04:00:00+00:00,30.12388655594631
2025-05-07 05:00:00+00:00,25.94381718052225
2025-05-07 06:00:00+00:00,22.23493745543416
2025-05-07 07:00:00+00:00,31.207933684308973
2025-05-07 08:00:00+00:00,52.56613735968334
2025-05-07 09:00:00+00:00,51.67554464791434
2025-05-07 10:00:00+00:00,33.94352582258765
2025-05-07 11:00:00+00:00,32.49299685343498
2025-05-07 12:00:00+00:00,30.162992651000934
2025-05-07 13:00:00+00:00,30.06378541447768
2025-05-07 14:00:00+00:00,28.627055176851087
2025-05-07 15:00:00+00:00,27.683297931721423
2025-05-07 16:00:00+00:00,25.96382425610349
2025-05-07 17:00:00+00:00,24.26970538305298
2025-05-07 18:00:00+00:00,23.34566023971643
2025-05-07 19:00:00+00:00,22.49392513818685
2025-05-07 20:00:00+00:00,21.303795928995598
2025-05-07 21:00:00+00:00,21.350647998265522
2025-05-07 22:00:00+00:00,21.631562941787756
2025-05-07 23:00:00+00:00,21.891141086018674
2025-05-08 00:00:00+00:00,21.588421092555507
2025-05-08 01:00:00+00:00,22.89737884697821
2025-05-08 02:00:00+00:00,25.032142567706504
2025-05-08 03:00:00+00:00,26.031290357204927
2025-05-08 04:00:00+00:00,26.517242794907315
2025-05-08 05:00:00+00:00,28.174129270379442
2025-05-08 06:00:00+00:00,28.66412209926535
2025-05-08 07:00:00+00:00,29.18550651868675
2025-05-08 08:00:00+00:00,28.73438357643435
2025-05-08 09:00:00+00:00,30.119200196385858
2025-05-08 10:00:00+00:00,31.047659879763643
2025-05-08 11:00:00+00:00,33.00797141063918
2025-05-08 12:00:00+00:00,34.39111769302957
2025-05-08 13:00:00+00:00,31.790141482390776
2025-05-08 14:00:00+00:00,30.645341800865804
2025-05-08 15:00:00+00:00,27.96475645949162
2025-05-08 16:00:00+00:00,25.59100111570676
2025-05-08 17:00:00+00:00,24.75032588062239
2025-05-08 18:00:00+00:00,24.619203605171293
2025-05-08 19:00:00+00:00,23.76684740481745
2025-05-08 20:00:00+00:00,22.683009721154086
2025-05-08 21:00:00+00:00,21.731671736962355
2025-05-08 22:00:00+00:00,20.83577101670836
2025-05-08 23:00:00+00:00,19.997189146306038
2025-05-09 00:00:00+00:00,19.593070513291384
2025-05-09 01:00:00+00:00,20.29024224724344
2025-05-09 02:00:00+00:00,22.182543818230577
2025-05-09 03:00:00+00:00,22.604085802757
2025-05-09 04:00:00+00:00,22.879873074227042
2025-05-09 05:00:00+00:00,25.546239255446718
2025-05-09 06:00:00+00:00,25.25276577508975
2025-05-09 07:00:00+00:00,25.32417911289661
2025-05-09 08:00:00+00:00,23.785670601095315
2025-05-09 09:00:00+00:00,24.16154329770035
2025-05-09 10:00:00+00:00,24.058815945936658
2025-05-09 11:00:00+00:00,23.261653571028297
2025-05-09 12:00:00+00:00,22.773342678158688
2025-05-09 13:00:00+00:00,23.02798045362007
2025-05-09 14:00:00+00:00,24.207203015313866
2025-05-09 15:00:00+00:00,25.782907157922093
2025-05-09 16:00:00+00:00,26.167331108137837
2025-05-09 17:00:00+00:00,25.115677315642223
2025-05-09 18:00:00+00:00,24.111790773514066
2025-05-09 19:00:00+00:00,22.795304058405083
2025-05-09 20:00:00+00:00,22.12441663869165
2025-05-09 21:00:00+00:00,21.61041471700915
2025-05-09 22:00:00+00:00,20.483673368977595
2025-05-09 23:00:00+00:00,19.987134853702397
2025-05-10 00:00:00+00:00,19.775649229979923
2025-05-10 01:00:00+00:00,20.812679229176933
2025-05-10 02:00:00+00:00,23.233069467529813
2025-05-10 03:00:00+00:00,24.65273986919978
2025-05-10 04:00:00+00:00,26.1535476918399
2025-05-10 05:00:00+00:00,28.69076788622605
2025-05-10 06:00:00+00:00,28.51604278425683
2025-05-10 07:00:00+00:00,47.742420774932384
2025-05-10 08:00:00+00:00,35.979530046560875
2025-05-10 09:00:00+00:00,53.165100945109664
2025-05-10 10:00:00+00:00,36.65768692277726
2025-05-10 11:00:00+00:00,34.82985560442147
2025-05-10 12:00:00+00:00,32.025566759755215
2025-05-10 13:00:00+00:00,31.7941766024607
2025-05-10 14:00:00+00:00,30.03402411061
2025-05-10 15:00:00+00:00,29.1721656167528
2025-05-10 16:00:00+00:00,27.246152092392858
2025-05-10 17:00:00+00:00,25.76132766817095
2025-05-10 18:00:00+00:00,24.644604552937928
2025-05-10 19:00:00+00:00,23.321379057091004
2025-05-10 20:00:00+00:00,21.890281971616492
2025-05-10 21:00:00+00:00,22.29965016829146
2025-05-10 22:00:00+00:00,21.750738388288962
2025-05-10 23:00:00+00:00,21.626288120433077
2025-05-11 00:00:00+00:00,21.07768886174701
2025-05-11 01:00:00+00:00,22.344823495367717
2025-05-11 02:00:00+00:00,22.713808005593865
2025-05-11 03:00:00+00:00,22.61446848205823
2025-05-11 04:00:00+00:00,22.338869953240415
2025-05-11 05:00:00+00:00,27.436851995160218
2025-05-11 06:00:00+00:00,30.606486710553423
2025-05-11 07:00:00+00:00,31.81200583390307
2025-05-11 08:00:00+00:00,49.08285011017047
2025-05-11 09:00:00+00:00,49.579246599599045
2025-05-11 10:00:00+00:00,51.602593700699714
2025-05-11 11:00:00+00:00,52.69533924425808
2025-05-11 12:00:00+00:00,52.891108488156746
2025-05-11 13:00:00+00:00,50.997882859197276
2025-05-11 14:00:00+00:00,30.797212478602447
2025-05-11 15:00:00+00:00,29.59996339242758
2025-05-11 16:00:00+00:00,25.495677812824816
2025-05-11 17:00:00+00:00,25.004006553278074
2025-05-11 18:00:00+00:00,24.473059698874472
2025-05-11 19:00:00+00:00,23.966871064962856
2025-05-11 20:00:00+00:00,23.42160230148742
2025-05-11 21:00:00+00:00,23.175896409400565
2025-05-11 22:00:00+00:00,22.652705315742658
2025-05-11 23:00:00+00:00,22.221280509542964
2025-05-12 00:00:00+00:00,21.59318364717724
2025-05-12 01:00:00+00:00,22.78897077215409
2025-05-12 02:00:00+00:00,23.437087449906336
2025-05-12 03:00:00+00:00,24.183399288663942
2025-05-12 04:00:00+00:00,25.18091391352463
2025-05-12 05:00:00+00:00,28.221267076013042
2025-05-12 06:00:00+00:00,29.341971007823332
2025-05-12 07:00:00+00:00,30.706943941300008
2025-05-12 08:00:00+00:00,47.91397397924834
2025-05-12 09:00:00+00:00,30.896229160341697
2025-05-12 10:00:00+00:00,29.856683254805674
2025-05-12 11:00:00+00:00,29.682082656698192
2025-05-12 12:00:00+00:00,28.045297982812933
2025-05-12 13:00:00+00:00,28.404455326369757
2025-05-12 14:00:00+00:00,28.72538044582508
2025-05-12 15:00:00+00:00,29.202050855046387
2025-05-12 16:00:00+00:00,29.41438485333551
2025-05-12 17:00:00+00:00,27.9335986095181
2025-05-12 18:00:00+00:00,26.587477516122885
2025-05-12 19:00:00+00:00,25.58735675219583
2025-05-12 20:00:00+00:00,24.45793021559169
2025-05-12 21:00:00+00:00,23.592252682096856
2025-05-12 22:00:00+00:00,23.43479150426703
2025-05-12 23:00:00+00:00,23.227236805707516
2025-05-13 00:00:00+00:00,22.81899751021409
2025-05-13 01:00:00+00:00,22.53729754973849
2025-05-13 02:00:00+00:00,22.1492484965342
2025-05-13 03:00:00+00:00,22.084982587124763
2025-05-13 04:00:00+00:00,21.588440462524837
2025-05-13 05:00:00+00:00,25.0950095376567
2025-05-13 06:00:00+00:00,30.26926555448887
2025-05-13 07:00:00+00:00,29.273995172072368
2025-05-13 08:00:00+00:00,28.387051459958027
2025-05-13 09:00:00+00:00,28.310289184089076
2025-05-13 10:00:00+00:00,26.81330446475569
2025-05-13 11:00:00+00:00,26.133749098015297
2025-05-13 12:00:00+00:00,24.953848066084284
2025-05-13 13:00:00+00:00,24.805476428255073
2025-05-13 14:00:00+00:00,24.434991829583982
2025-05-13 15:00:00+00:00,23.811344000085292
2025-05-13 16:00:00+00:00,22.751635048845372
2025-05-13 17:00:00+00:00,23.158243307738186
2025-05-13 18:00:00+00:00,23.855927183176366
2025-05-13 19:00:00+00:00,24.211580405073242
2025-05-13 20:00:00+00:00,24.093397716558695
2025-05-13 21:00:00+00:00,24.128214136244207
2025-05-13 22:00:00+00:00,23.81415285180958
2025-05-13 23:00:00+00:00,23.035185098123005
2025-05-14 00:00:00+00:00,22.386919095189878
2025-05-14 01:00:00+00:00,22.726885957141317
2025-05-14 02:00:00+00:00,22.515248144962502
2025-05-14 03:00:00+00:00,22.04599801707944
2025-05-14 04:00:00+00:00,22.09477132425834
2025-05-14 05:00:00+00:00,21.98411566836911
2025-05-14 06:00:00+00:00,20.062296849071434
2025-05-14 07:00:00+00:00,26.585721526067577
2025-05-14 08:00:00+00:00,31.717316531366148
2025-05-14 09:00:00+00:00,34.742913940294166
2025-05-14 10:00:00+00:00,36.386038276838875
2025-05-14 11:00:00+00:00,38.1882637893119
2025-05-14 12:00:00+00:00,41.02113758414943
2025-05-14 13:00:00+00:00,37.39623153968921
2025-05-14 14:00:00+00:00,34.86062309230892
2025-05-14 15:00:00+00:00,32.14145837132203
2025-05-14 16:00:00+00:00,28.010992941756648
2025-05-14 17:00:00+00:00,27.878934644847554
2025-05-14 18:00:00+00:00,27.81280626667799
2025-05-14 19:00:00+00:00,26.438122994880473
2025-05-14 20:00:00+00:00,25.33380321859819
2025-05-14 21:00:00+00:00,24.489898481658006
2025-05-14 22:00:00+00:00,24.43076607736469
2025-05-14 23:00:00+00:00,24.362494737585752
2025-05-15 00:00:00+00:00,23.169396627972887
2025-05-15 01:00:00+00:00,23.51860060291273
2025-05-15 02:00:00+00:00,23.980849447601763
2025-05-15 03:00:00+00:00,24.11874229584144
2025-05-15 04:00:00+00:00,24.290647565737434
2025-05-15 05:00:00+00:00,25.472113969729794
2025-05-15 06:00:00+00:00,27.0947126217194
2025-05-15 07:00:00+00:00,30.03799264011147
2025-05-15 08:00:00+00:00,32.21029211126755
2025-05-15 09:00:00+00:00,33.894843366143945
2025-05-15 10:00:00+00:00,51.6135188100213
2025-05-15 11:00:00+00:00,50.97441130568097
2025-05-15 12:00:00+00:00,50.16915842150955
2025-05-15 13:00:00+00:00,49.77861270263127
2025-05-15 14:00:00+00:00,49.18023794291913
2025-05-15 15:00:00+00:00,30.943337242949845
2025-05-15 16:00:00+00:00,29.30854740102907
2025-05-15 17:00:00+00:00,27.32673023796833
2025-05-15 18:00:00+00:00,26.879302938884933
2025-05-15 19:00:00+00:00,25.050607090681915
2025-05-15 20:00:00+00:00,23.12277111343072
2025-05-15 21:00:00+00:00,24.14850560231552
2025-05-15 22:00:00+00:00,24.208223044725443
2025-05-15 23:00:00+00:00,25.03807875776792
2025-05-16 00:00:00+00:00,26.17039413775045
2025-05-16 01:00:00+00:00,26.445398684794508
2025-05-16 02:00:00+00:00,25.401171551971267
2025-05-16 03:00:00+00:00,25.79181212748156
2025-05-16 04:00:00+00:00,26.526251733010977
2025-05-16 05:00:00+00:00,27.034748524752732
2025-05-16 06:00:00+00:00,28.440719958532263
2025-05-16 07:00:00+00:00,29.056415763407614
2025-05-16 08:00:00+00:00,29.87001101246489
2025-05-16 09:00:00+00:00,30.59992514530682
2025-05-16 10:00:00+00:00,30.170306318631354
2025-05-16 11:00:00+00:00,31.42831168434402
2025-05-16 12:00:00+00:00,31.47589950728077
2025-05-16 13:00:00+00:00,30.380719245595184
2025-05-16 14:00:00+00:00,29.15220307786544
2025-05-16 15:00:00+00:00,28.649836936139767
2025-05-16 16:00:00+00:00,26.91064909161037
2025-05-16 17:00:00+00:00,27.01184637903094
2025-05-16 18:00:00+00:00,27.077713340200688
2025-05-16 19:00:00+00:00,27.721554403680866
2025-05-16 20:00:00+00:00,28.316990593364913
2025-05-16 21:00:00+00:00,27.071150967765973
2025-05-16 22:00:00+00:00,26.427956709417717
2025-05-16 23:00:00+00:00,25.936530531558503
2025-05-17 00:00:00+00:00,24.920032685965648
2025-05-17 01:00:00+00:00,24.670702005612817
2025-05-17 02:00:00+00:00,25.110395934611756
2025-05-17 03:00:00+00:00,25.698220563567148
2025-05-17 04:00:00+00:00,26.58890818745403
2025-05-17 05:00:00+00:00,25.341113644653685
2025-05-17 06:00:00+00:00,24.301679722136846
2025-05-17 07:00:00+00:00,26.67789713574032
2025-05-17 08:00:00+00:00,28.360991529057696
2025-05-17 09:00:00+00:00,30.593447589640558
2025-05-17 10:00:00+00:00,30.953552249729547
2025-05-17 11:00:00+00:00,31.367235846634223
2025-05-17 12:00:00+00:00,31.163971839931087
2025-05-17 13:00:00+00:00,28.791495413903828
2025-05-17 14:00:00+00:00,27.696737799510068
2025-05-17 15:00:00+00:00,26.647277801590512
2025-05-17 16:00:00+00:00,22.752434396066537
2025-05-17 17:00:00+00:00,21.990898228403953
2025-05-17 18:00:00+00:00,21.672430942545958
2025-05-17 19:00:00+00:00,22.158300621912947
2025-05-17 20:00:00+00:00,22.536928624616582
2025-05-17 21:00:00+00:00,23.293730205889087
2025-05-17 22:00:00+00:00,23.547201413902236
2025-05-17 23:00:00+00:00,24.39440664109587
2025-05-18 00:00:00+00:00,24.481545745790697
2025-05-18 01:00:00+00:00,25.13001444447737
2025-05-18 02:00:00+00:00,25.864062161174786
2025-05-18 03:00:00+00:00,25.8478158980291
2025-05-18 04:00:00+00:00,26.144708801505505
2025-05-18 05:00:00+00:00,26.3018832514721
2025-05-18 06:00:00+00:00,26.94505598702401
2025-05-18 07:00:00+00:00,27.9112712962105
2025-05-18 08:00:00+00:00,28.722224292104727
2025-05-18 09:00:00+00:00,31.287713945308635
2025-05-18 10:00:00+00:00,32.107652904750786
2025-05-18 11:00:00+00:00,33.50162382370638
2025-05-18 12:00:00+00:00,34.49569011463616
2025-05-18 13:00:00+00:00,34.504153921186465
2025-05-18 14:00:00+00:00,33.399061888019396
2025-05-18 15:00:00+00:00,32.1866975123692
2025-05-18 16:00:00+00:00,31.135688605158812
2025-05-18 17:00:00+00:00,29.350988156475083
2025-05-18 18:00:00+00:00,28.983484198232237
2025-05-18 19:00:00+00:00,28.499188404870733
2025-05-18 20:00:00+00:00,27.317710587475805
2025-05-18 21:00:00+00:00,27.409964384860917
2025-05-18 22:00:00+00:00,26.583135276915804
2025-05-18 23:00:00+00:00,27.140732076985557
2025-05-19 00:00:00+00:00,25.803197094589965
2025-05-19 01:00:00+00:00,25.22272609043154
2025-05-19 02:00:00+00:00,25.221314991057007
2025-05-19 03:00:00+00:00,25.273335952709445
2025-05-19 04:00:00+00:00,25.160892068877978
2025-05-19 05:00:00+00:00,24.73143706715046
2025-05-19 06:00:00+00:00,25.034481292323296
2025-05-19 07:00:00+00:00,28.361247477918173
2025-05-19 08:00:00+00:00,31.615794270390797
2025-05-19 09:00:00+00:00,31.527478093480813
2025-05-19 10:00:00+00:00,32.21903053338548
2025-05-19 11:00:00+00:00,31.286182426688917
2025-05-19 12:00:00+00:00,30.71969727123349
2025-05-19 13:00:00+00:00,30.906018154222
2025-05-19 14:00:00+00:00,30.8799406892069
2025-05-19 15:00:00+00:00,30.802380374955447
2025-05-19 16:00:00+00:00,29.173180789966782
2025-05-19 17:00:00+00:00,28.6075999860522
2025-05-19 18:00:00+00:00,28.477057391316627
2025-05-19 19:00:00+00:00,28.008966018768014
2025-05-19 20:00:00+00:00,28.177548575344865
2025-05-19 21:00:00+00:00,27.090124076229564
2025-05-19 22:00:00+00:00,26.064217212671373
2025-05-19 23:00:00+00:00,25.326968029945437
2025-05-20 00:00:00+00:00,23.56038238128479
2025-05-20 01:00:00+00:00,25.62611375925969
2025-05-20 02:00:00+00:00,27.381760047163166
2025-05-20 03:00:00+00:00,29.167859175917478
2025-05-20 04:00:00+00:00,31.035741207152093
2025-05-20 05:00:00+00:00,27.98416967995688
2025-05-20 06:00:00+00:00,25.503746595835675
2025-05-20 07:00:00+00:00,29.38344168789543
2025-05-20 08:00:00+00:00,31.285145345261082
2025-05-20 09:00:00+00:00,30.65410979441534
2025-05-20 10:00:00+00:00,30.07894384492211
2025-05-20 11:00:00+00:00,29.387264155165575
2025-05-20 12:00:00+00:00,27.273408971642148
2025-05-20 13:00:00+00:00,28.212014996491487
2025-05-20 14:00:00+00:00,28.35715761895899
2025-05-20 15:00:00+00:00,28.778845041105278
2025-05-20 16:00:00+00:00,27.493322645472006
2025-05-20 17:00:00+00:00,27.854432496613626
2025-05-20 18:00:00+00:00,27.186701791274505
2025-05-20 19:00:00+00:00,26.631298422142784
2025-05-20 20:00:00+00:00,25.22538192971978
2025-05-20 21:00:00+00:00,26.291913921736157
2025-05-20 22:00:00+00:00,26.85552812160519
2025-05-20 23:00:00+00:00,26.806654711662325
2025-05-21 00:00:00+00:00,28.87408937507957
2025-05-21 01:00:00+00:00,27.489827583809973
2025-05-21 02:00:00+00:00,27.07024996265392
2025-05-21 03:00:00+00:00,26.667573589739675
2025-05-21 04:00:00+00:00,26.31478788490391
2025-05-21 05:00:00+00:00,27.11696502770844
2025-05-21 06:00:00+00:00,27.730865701529495
2025-05-21 07:00:00+00:00,31.572174508260705
2025-05-21 08:00:00+00:00,33.96211499266261
2025-05-21 09:00:00+00:00,33.583768302830684
2025-05-21 10:00:00+00:00,31.971327080615303
2025-05-21 11:00:00+00:00,30.787822079265826
2025-05-21 12:00:00+00:00,28.29903589522911
2025-05-21 13:00:00+00:00,28.275146863503288
2025-05-21 14:00:00+00:00,28.22601320548092
2025-05-21 15:00:00+00:00,27.48219102326329
2025-05-21 16:00:00+00:00,25.594631533361206
2025-05-21 17:00:00+00:00,23.658843728749723
2025-05-21 18:00:00+00:00,22.447102063397285
2025-05-21 19:00:00+00:00,21.089631164604445
2025-05-21 20:00:00+00:00,20.37912410621454
2025-05-21 21:00:00+00:00,21.11262081384247
2025-05-21 22:00:00+00:00,21.498479198402432
2025-05-21 23:00:00+00:00,21.68011836966152
2025-05-22 00:00:00+00:00,22.58373937675033
2025-05-22 01:00:00+00:00,24.319567268996934
2025-05-22 02:00:00+00:00,25.805489311659322
2025-05-22 03:00:00+00:00,26.66659698983667
2025-05-22 04:00:00+00:00,27.03594805294306
2025-05-22 05:00:00+00:00,26.579307276321234
2025-05-22 06:00:00+00:00,24.105614245675692
2025-05-22 07:00:00+00:00,27.047757855068113
2025-05-22 08:00:00+00:00,28.564291857888076
2025-05-22 09:00:00+00:00,29.723608648004944
2025-05-22 10:00:00+00:00,30.114302416351116
2025-05-22 11:00:00+00:00,29.67052110169872
2025-05-22 12:00:00+00:00,30.090202308662363
2025-05-22 13:00:00+00:00,30.001850460671253
2025-05-22 14:00:00+00:00,29.733473664090067
2025-05-22 15:00:00+00:00,30.019537317090013
2025-05-22 16:00:00+00:00,29.798962426316816
2025-05-22 17:00:00+00:00,29.478345193454683
2025-05-22 18:00:00+00:00,29.462161546249792
2025-05-22 19:00:00+00:00,29.129425591401517
2025-05-22 20:00:00+00:00,28.628463129809326
2025-05-22 21:00:00+00:00,28.198891375643576
2025-05-22 22:00:00+00:00,27.552816979455503
2025-05-22 23:00:00+00:00,27.469487549150617
2025-05-23 00:00:00+00:00,27.159205904961766
2025-05-23 01:00:00+00:00,27.164794546553768
2025-05-23 02:00:00+00:00,27.723323841296278
2025-05-23 03:00:00+00:00,27.882022538868245
2025-05-23 04:00:00+00:00,28.18966828198798
2025-05-23 05:00:00+00:00,25.62238273476592
2025-05-23 06:00:00+00:00,22.875667581841842
2025-05-23 07:00:00+00:00,27.609168832832044
2025-05-23 08:00:00+00:00,32.393228492365914
2025-05-23 09:00:00+00:00,33.34401014493538
2025-05-23 10:00:00+00:00,32.63809413643572
2025-05-23 11:00:00+00:00,31.394515090592872
2025-05-23 12:00:00+00:00,28.74295880052977
2025-05-23 13:00:00+00:00,28.82393301243597
2025-05-23 14:00:00+00:00,28.89236796237353
2025-05-23 15:00:00+00:00,27.947579779098977
2025-05-23 16:00:00+00:00,26.737396987675478
2025-05-23 17:00:00+00:00,27.364210827875016
2025-05-23 18:00:00+00:00,27.131511522677393
2025-05-23 19:00:00+00:00,28.306733538389672
2025-05-23 20:00:00+00:00,27.8727280225831
2025-05-23 21:00:00+00:00,27.99048972034639
2025-05-23 22:00:00+00:00,27.407510524870016
2025-05-23 23:00:00+00:00,27.35869843232759
2025-05-24 00:00:00+00:00,26.911621704592086
2025-05-24 01:00:00+00:00,26.91508394808335
2025-05-24 02:00:00+00:00,27.26993569436575
2025-05-24 03:00:00+00:00,26.865173277726615
2025-05-24 04:00:00+00:00,26.185097759529764
2025-05-24 05:00:00+00:00,26.676005395938905
2025-05-24 06:00:00+00:00,26.224531593877675
2025-05-24 07:00:00+00:00,32.08599280566338
2025-05-24 08:00:00+00:00,54.08749901887306
2025-05-24 09:00:00+00:00,36.48437653341385
2025-05-24 10:00:00+00:00,35.74872268684619
2025-05-24 11:00:00+00:00,32.681864923098125
2025-05-24 12:00:00+00:00,30.287700599242807
2025-05-24 13:00:00+00:00,29.474246595651003
2025-05-24 14:00:00+00:00,28.60664033337272
2025-05-24 15:00:00+00:00,26.646395355496598
2025-05-24 16:00:00+00:00,25.035388898879777
2025-05-24 17:00:00+00:00,25.71739249000347
2025-05-24 18:00:00+00:00,25.971591865069122
2025-05-24 19:00:00+00:00,25.585795668117527
2025-05-24 20:00:00+00:00,25.811800659001154
2025-05-24 21:00:00+00:00,26.02719425835176
2025-05-24 22:00:00+00:00,26.265408111784552
2025-05-24 23:00:00+00:00,25.990273914527293
2025-05-25 00:00:00+00:00,25.39076562847743
2025-05-25 01:00:00+00:00,26.736782475157952
2025-05-25 02:00:00+00:00,27.779920009976248
2025-05-25 03:00:00+00:00,29.472296061491555
2025-05-25 04:00:00+00:00,30.50549798091842
2025-05-25 05:00:00+00:00,26.58497718543172
2025-05-25 06:00:00+00:00,21.578654935970306
2025-05-25 07:00:00+00:00,27.83135991689743
2025-05-25 08:00:00+00:00,33.57274197214461
2025-05-25 09:00:00+00:00,34.00232602508925
2025-05-25 10:00:00+00:00,35.34659454138675
2025-05-25 11:00:00+00:00,36.60385759809032
2025-05-25 12:00:00+00:00,35.353420131217725
2025-05-25 13:00:00+00:00,33.93107482302926
2025-05-25 14:00:00+00:00,31.428534060320853
2025-05-25 15:00:00+00:00,30.53422127447927
2025-05-25 16:00:00+00:00,26.342186720668042
2025-05-25 17:00:00+00:00,25.129664409831822
2025-05-25 18:00:00+00:00,25.008063872937164
2025-05-25 19:00:00+00:00,24.16551107665736
2025-05-25 20:00:00+00:00,23.77670948729781
2025-05-25 21:00:00+00:00,23.271511231201725
2025-05-25 22:00:00+00:00,23.241517223391448
2025-05-25 23:00:00+00:00,23.0427323683025
2025-05-26 00:00:00+00:00,22.3330105486545
2025-05-26 01:00:00+00:00,22.588792637225485
2025-05-26 02:00:00+00:00,22.275359301035028
2025-05-26 03:00:00+00:00,22.725553467724243
2025-05-26 04:00:00+00:00,23.77603299729002
2025-05-26 05:00:00+00:00,25.75618256242668
2025-05-26 06:00:00+00:00,26.23036959616815
2025-05-26 07:00:00+00:00,29.36922947466207
2025-05-26 08:00:00+00:00,33.08023826692006
2025-05-26 09:00:00+00:00,32.83694832035475
2025-05-26 10:00:00+00:00,32.389462410458535
2025-05-26 11:00:00+00:00,30.177359042362554
2025-05-26 12:00:00+00:00,28.494854917116076
2025-05-26 13:00:00+00:00,29.0138779043896
2025-05-26 14:00:00+00:00,29.184185935194776
2025-05-26 15:00:00+00:00,28.892505931135602
2025-05-26 16:00:00+00:00,28.351709496634985
2025-05-26 17:00:00+00:00,28.026511308325446
2025-05-26 18:00:00+00:00,27.58619074078455
2025-05-26 19:00:00+00:00,27.07086677911092
2025-05-26 20:00:00+00:00,26.963037196911447
2025-05-26 21:00:00+00:00,27.840921453712166
2025-05-26 22:00:00+00:00,29.15769596522639
2025-05-26 23:00:00+00:00,29.155535083658293
2025-05-27 00:00:00+00:00,29.77332849326341
2025-05-27 01:00:00+00:00,30.203221235810467
2025-05-27 02:00:00+00:00,30.49775052943327
2025-05-27 03:00:00+00:00,28.852605751253066
2025-05-27 04:00:00+00:00,27.176438125168172
2025-05-27 05:00:00+00:00,27.346122925864798
2025-05-27 06:00:00+00:00,27.06654402225728
2025-05-27 07:00:00+00:00,29.686758074179338
2025-05-27 08:00:00+00:00,31.51538914465946
2025-05-27 09:00:00+00:00,32.4428878984133
2025-05-27 10:00:00+00:00,33.592177704344934
2025-05-27 11:00:00+00:00,33.11556358776761
2025-05-27 12:00:00+00:00,32.277278328252535
2025-05-27 13:00:00+00:00,31.750877768872165
2025-05-27 14:00:00+00:00,30.62750074899783
2025-05-27 15:00:00+00:00,29.142599633487357
2025-05-27 16:00:00+00:00,26.79543763090163
2025-05-27 17:00:00+00:00,26.553705833984804
2025-05-27 18:00:00+00:00,25.430864369749344
2025-05-27 19:00:00+00:00,25.49363433282366
2025-05-27 20:00:00+00:00,24.131384451458064
2025-05-27 21:00:00+00:00,24.82087737718184
2025-05-27 22:00:00+00:00,25.24788614765849
2025-05-27 23:00:00+00:00,25.603598078754924
2025-05-28 00:00:00+00:00,26.01824579142852
2025-05-28 01:00:00+00:00,26.38360586998942
2025-05-28 02:00:00+00:00,26.964332087773304
2025-05-28 03:00:00+00:00,27.26399588557271
2025-05-28 04:00:00+00:00,26.924786617749955
2025-05-28 05:00:00+00:00,28.112218492441315
2025-05-28 06:00:00+00:00,27.585424999987115
2025-05-28 07:00:00+00:00,29.428249755724057
2025-05-28 08:00:00+00:00,30.854522003955633
2025-05-28 09:00:00+00:00,33.974244262408185
2025-05-28 10:00:00+00:00,37.54553637438359
2025-05-28 11:00:00+00:00,38.80850653699861
2025-05-28 12:00:00+00:00,40.57301724430358
2025-05-28 13:00:00+00:00,35.69581498736102
2025-05-28 14:00:00+00:00,35.13107634172179
2025-05-28 15:00:00+00:00,30.155950583624897
2025-05-28 16:00:00+00:00,27.165744133359684
2025-05-28 17:00:00+00:00,25.969845832859306
2025-05-28 18:00:00+00:00,25.032876753360476
2025-05-28 19:00:00+00:00,23.46073222638839
2025-05-28 20:00:00+00:00,22.113222554759968
2025-05-28 21:00:00+00:00,23.17830413673563
2025-05-28 22:00:00+00:00,24.706081412735884
2025-05-28 23:00:00+00:00,26.26453904474557
2025-05-29 00:00:00+00:00,26.638551487567444
2025-05-29 01:00:00+00:00,26.83645361614276
2025-05-29 02:00:00+00:00,27.02872263046755
2025-05-29 03:00:00+00:00,27.11122252087637
2025-05-29 04:00:00+00:00,26.713941223786904
2025-05-29 05:00:00+00:00,28.779347762343576
2025-05-29 06:00:00+00:00,58.58026731595055
2025-05-29 07:00:00+00:00,32.46222611349875
2025-05-29 08:00:00+00:00,32.51983438007793
2025-05-29 09:00:00+00:00,34.581402354853644
2025-05-29 10:00:00+00:00,35.05701009083978
2025-05-29 11:00:00+00:00,33.755156084100854
2025-05-29 12:00:00+00:00,32.272406843491
2025-05-29 13:00:00+00:00,33.5109375579508
2025-05-29 14:00:00+00:00,31.437179371036517
2025-05-29 15:00:00+00:00,30.027930475448265
2025-05-29 16:00:00+00:00,28.44374058279418
2025-05-29 17:00:00+00:00,27.89652105399874
2025-05-29 18:00:00+00:00,27.134720433240176
2025-05-29 19:00:00+00:00,24.991020556089047
2025-05-29 20:00:00+00:00,23.749488849695556
2025-05-29 21:00:00+00:00,23.803035603028984
2025-05-29 22:00:00+00:00,23.932349039022753
2025-05-29 23:00:00+00:00,23.434698769076174
2025-05-30 00:00:00+00:00,23.416764131086165
2025-05-30 01:00:00+00:00,22.959841033536314
2025-05-30 02:00:00+00:00,22.803701464361197
2025-05-30 03:00:00+00:00,22.57694030443758
2025-05-30 04:00:00+00:00,22.387896639069922
2025-05-30 05:00:00+00:00,23.2711777920792
2025-05-30 06:00:00+00:00,24.9445361042622
2025-05-30 07:00:00+00:00,28.209955476606133
2025-05-30 08:00:00+00:00,30.643234284265606
2025-05-30 09:00:00+00:00,32.09707085841154
2025-05-30 10:00:00+00:00,32.807884532277924
2025-05-30 11:00:00+00:00,33.435308548312015
2025-05-30 12:00:00+00:00,34.6117461895383
2025-05-30 13:00:00+00:00,33.31729117169754
2025-05-30 14:00:00+00:00,31.03646737594509
2025-05-30 15:00:00+00:00,29.283507331377468
2025-05-30 16:00:00+00:00,25.748667440754193
2025-05-30 17:00:00+00:00,26.41292940283555
2025-05-30 18:00:00+00:00,26.192916570681607
2025-05-30 19:00:00+00:00,26.3619957818006
2025-05-30 20:00:00+00:00,25.93477437476285
2025-05-30 21:00:00+00:00,25.848040958760258
2025-05-30 22:00:00+00:00,25.722887765521644
2025-05-30 23:00:00+00:00,25.62093263338907
2025-05-31 00:00:00+00:00,24.424625988835004
2025-05-31 01:00:00+00:00,26.486875077715826
2025-05-31 02:00:00+00:00,28.61917511258962
2025-05-31 03:00:00+00:00,29.716382938304026
2025-05-31 04:00:00+00:00,30.46737040218097
2025-05-31 05:00:00+00:00,30.78755275800885
2025-05-31 06:00:00+00:00,29.640618691400256
2025-05-31 07:00:00+00:00,31.152443377006794
2025-05-31 08:00:00+00:00,33.37379603207375
2025-05-31 09:00:00+00:00,34.23077762120905
2025-05-31 10:00:00+00:00,36.81520110752019
2025-05-31 11:00:00+00:00,37.444207908397
2025-05-31 12:00:00+00:00,37.47010945408098
2025-05-31 13:00:00+00:00,35.46491023292023
2025-05-31 14:00:00+00:00,33.64240847847191
2025-05-31 15:00:00+00:00,31.131546268471634
2025-05-31 16:00:00+00:00,27.663218892541902
2025-05-31 17:00:00+00:00,27.37459061050436
2025-05-31 18:00:00+00:00,26.682233671297414
2025-05-31 19:00:00+00:00,26.27047490292419
2025-05-31 20:00:00+00:00,26.2363974425713
2025-05-31 21:00:00+00:00,25.650980917229596
2025-05-31 22:00:00+00:00,25.301557234864976
2025-05-31 23:00:00+00:00,25.31320368526258
2025-06-01 00:00:00+00:00,23.23636897153898
2025-06-01 01:00:00+00:00,24.386360069208507
2025-06-01 02:00:00+00:00,25.652865865909394
2025-06-01 03:00:00+00:00,26.188636981343066
2025-06-01 04:00:00+00:00,26.386093028756925
2025-06-01 05:00:00+00:00,27.9328835144574
2025-06-01 06:00:00+00:00,29.693762081445655
2025-06-01 07:00:00+00:00,31.92444768527759
2025-06-01 08:00:00+00:00,32.93535943755519
2025-06-01 09:00:00+00:00,34.91392096199914
2025-06-01 10:00:00+00:00,37.09098325686615
2025-06-01 11:00:00+00:00,39.617575328496066
2025-06-01 12:00:00+00:00,41.27638162098758
2025-06-01 13:00:00+00:00,37.40277076942454
2025-06-01 14:00:00+00:00,36.71717679958209
2025-06-01 15:00:00+00:00,33.96533277633089
2025-06-01 16:00:00+00:00,30.420035245293263
2025-06-01 17:00:00+00:00,29.949126390442604
2025-06-01 18:00:00+00:00,27.758000842605043
2025-06-01 19:00:00+00:00,27.711250412324684
2025-06-01 20:00:00+00:00,26.298085666074677
2025-06-01 21:00:00+00:00,25.15420264849176
2025-06-01 22:00:00+00:00,24.319064310718666
2025-06-01 23:00:00+00:00,22.268312623634355
2025-06-02 00:00:00+00:00,21.670007525285097
2025-06-02 01:00:00+00:00,21.80866080615355
2025-06-02 02:00:00+00:00,23.764264609392015
2025-06-02 03:00:00+00:00,25.88716013691925
2025-06-02 04:00:00+00:00,27.196414207604594
2025-06-02 05:00:00+00:00,25.656300142660296
2025-06-02 06:00:00+00:00,25.116153753506396
2025-06-02 07:00:00+00:00,29.549944346649877
2025-06-02 08:00:00+00:00,33.418242547015126
2025-06-02 09:00:00+00:00,34.454406135753544
2025-06-02 10:00:00+00:00,36.04979125355002
2025-06-02 11:00:00+00:00,35.95791544397021
2025-06-02 12:00:00+00:00,36.99966965952399
2025-06-02 13:00:00+00:00,35.80363307851363
2025-06-02 14:00:00+00:00,34.26490526230335
2025-06-02 15:00:00+00:00,32.47625343449582
2025-06-02 16:00:00+00:00,29.073552792398107
2025-06-02 17:00:00+00:00,28.38531950930406
2025-06-02 18:00:00+00:00,28.085918466899145
2025-06-02 19:00:00+00:00,27.937940966847638
2025-06-02 20:00:00+00:00,28.48807367425453
2025-06-02 21:00:00+00:00,27.446448303968904
2025-06-02 22:00:00+00:00,27.492463450829902
2025-06-02 23:00:00+00:00,25.682321930441326
2025-06-03 00:00:00+00:00,24.368899062569028
2025-06-03 01:00:00+00:00,24.033633909245975
2025-06-03 02:00:00+00:00,24.17536334252046
2025-06-03 03:00:00+00:00,24.384572156391428
2025-06-03 04:00:00+00:00,24.355497061191574
2025-06-03 05:00:00+00:00,24.81286985326485
2025-06-03 06:00:00+00:00,25.567314676233575
2025-06-03 07:00:00+00:00,24.866652569210355
2025-06-03 08:00:00+00:00,25.52240912390368
2025-06-03 09:00:00+00:00,30.021925594698327
2025-06-03 10:00:00+00:00,33.084396192169116
2025-06-03 11:00:00+00:00,35.49176514527438
2025-06-03 12:00:00+00:00,36.10261379112302
2025-06-03 13:00:00+00:00,34.067131981442735
2025-06-03 14:00:00+00:00,32.18657410444521
2025-06-03 15:00:00+00:00,30.666382493775053
2025-06-03 16:00:00+00:00,29.096673912676746
2025-06-03 17:00:00+00:00,28.21560830086116
2025-06-03 18:00:00+00:00,27.898559535711126
2025-06-03 19:00:00+00:00,26.826817556854163
2025-06-03 20:00:00+00:00,26.0054194164128
2025-06-03 21:00:00+00:00,26.486526786212472
2025-06-03 22:00:00+00:00,26.65671844063154
2025-06-03 23:00:00+00:00,26.143088091033786
2025-06-04 00:00:00+00:00,25.848219166970825
2025-06-04 01:00:00+00:00,25.96848200398326
2025-06-04 02:00:00+00:00,26.02581643510276
2025-06-04 03:00:00+00:00,26.532975031771656
2025-06-04 04:00:00+00:00,26.47823966287546
2025-06-04 05:00:00+00:00,27.653993866478565
2025-06-04 06:00:00+00:00,28.926349164579065
2025-06-04 07:00:00+00:00,31.124296810757084
2025-06-04 08:00:00+00:00,33.215591737405816
2025-06-04 09:00:00+00:00,34.53564039313341
2025-06-04 10:00:00+00:00,37.52889697153919
2025-06-04 11:00:00+00:00,38.760176576474976
2025-06-04 12:00:00+00:00,41.250666759146824
2025-06-04 13:00:00+00:00,37.267677936165796
2025-06-04 14:00:00+00:00,35.30013663615272
2025-06-04 15:00:00+00:00,34.947190086091716
2025-06-04 16:00:00+00:00,31.47986165706266
2025-06-04 17:00:00+00:00,29.183167620008327
2025-06-04 18:00:00+00:00,28.651330150209493
2025-06-04 19:00:00+00:00,27.422570310101005
2025-06-04 20:00:00+00:00,26.83182578151167
2025-06-04 21:00:00+00:00,25.873616111263214
2025-06-04 22:00:00+00:00,26.16731636903309
2025-06-04 23:00:00+00:00,25.630015647423097
2025-06-05 00:00:00+00:00,25.77281265464361
2025-06-05 01:00:00+00:00,25.693529072132456
2025-06-05 02:00:00+00:00,25.424696375728765
2025-06-05 03:00:00+00:00,25.758477638868516
2025-06-05 04:00:00+00:00,24.698148944860506
2025-06-05 05:00:00+00:00,24.346720645723693
2025-06-05 06:00:00+00:00,23.382504323506367
2025-06-05 07:00:00+00:00,26.298378424130238
2025-06-05 08:00:00+00:00,28.06428312047261
2025-06-05 09:00:00+00:00,31.679366693932025
2025-06-05 10:00:00+00:00,35.22448049779845
2025-06-05 11:00:00+00:00,36.55923449240721
2025-06-05 12:00:00+00:00,40.90844802009016
2025-06-05 13:00:00+00:00,38.40700623271699
2025-06-05 14:00:00+00:00,39.370836136312924
2025-06-05 15:00:00+00:00,35.416683499557514
2025-06-05 16:00:00+00:00,34.13819898333684
2025-06-05 17:00:00+00:00,32.34225474807939
2025-06-05 18:00:00+00:00,30.02623447038484
2025-06-05 19:00:00+00:00,29.446640403361073
2025-06-05 20:00:00+00:00,26.634522992290954
2025-06-05 21:00:00+00:00,26.216456590790383
2025-06-05 22:00:00+00:00,25.908428627444486
2025-06-05 23:00:00+00:00,25.217382046487554
2025-06-06 00:00:00+00:00,24.52463060068847
2025-06-06 01:00:00+00:00,23.74222027278714
2025-06-06 02:00:00+00:00,22.73275205880112
2025-06-06 03:00:00+00:00,22.302931672432347
2025-06-06 04:00:00+00:00,20.911896791349815
2025-06-06 05:00:00+00:00,23.62832717613046
2025-06-06 06:00:00+00:00,27.23483239158349
2025-06-06 07:00:00+00:00,26.696924942149124
2025-06-06 08:00:00+00:00,26.100352188508854
2025-06-06 09:00:00+00:00,29.01621051456266
2025-06-06 10:00:00+00:00,31.20610323259924
2025-06-06 11:00:00+00:00,33.46764780104268
2025-06-06 12:00:00+00:00,34.44354591425309
2025-06-06 13:00:00+00:00,33.816897309817826
2025-06-06 14:00:00+00:00,33.81267712232819
2025-06-06 15:00:00+00:00,31.873776069329047
2025-06-06 16:00:00+00:00,29.546368163242818
2025-06-06 17:00:00+00:00,28.416818316396135
2025-06-06 18:00:00+00:00,27.632041461079094
2025-06-06 19:00:00+00:00,27.152473219368495
2025-06-06 20:00:00+00:00,26.492347974449718
2025-06-06 21:00:00+00:00,26.847140852067017
2025-06-06 22:00:00+00:00,28.377432233633453
2025-06-06 23:00:00+00:00,28.49254257746213
2025-06-07 00:00:00+00:00,27.04697068625206
2025-06-07 01:00:00+00:00,26.793686307111255
2025-06-07 02:00:00+00:00,26.867683212235963
2025-06-07 03:00:00+00:00,26.316279813125547
2025-06-07 04:00:00+00:00,25.439401200930494
2025-06-07 05:00:00+00:00,25.099387075969567
2025-06-07 06:00:00+00:00,25.26978497617364
2025-06-07 07:00:00+00:00,25.401328295560326
2025-06-07 08:00:00+00:00,24.927251501709772
2025-06-07 09:00:00+00:00,28.90786647184872
2025-06-07 10:00:00+00:00,31.637246197887446
2025-06-07 11:00:00+00:00,34.65834281236521
2025-06-07 12:00:00+00:00,37.56418606393992
2025-06-07 13:00:00+00:00,35.898648119688424
2025-06-07 14:00:00+00:00,33.0977160663851
2025-06-07 15:00:00+00:00,31.07449368752438
2025-06-07 16:00:00+00:00,29.6820674805331
2025-06-07 17:00:00+00:00,29.649405921772665
2025-06-07 18:00:00+00:00,28.42253391038018
2025-06-07 19:00:00+00:00,28.159055850828107
2025-06-07 20:00:00+00:00,27.080260818531634
2025-06-07 21:00:00+00:00,26.73831207281337
2025-06-07 22:00:00+00:00,25.69060686947379
2025-06-07 23:00:00+00:00,25.08812071460189
2025-06-08 00:00:00+00:00,24.947696029236326
2025-06-08 01:00:00+00:00,24.92141690984806
2025-06-08 02:00:00+00:00,25.200897001963703
2025-06-08 03:00:00+00:00,25.674491560826983
2025-06-08 04:00:00+00:00,26.068937920611777
2025-06-08 05:00:00+00:00,26.30644044950694
2025-06-08 06:00:00+00:00,27.31008321069092
2025-06-08 07:00:00+00:00,27.253537608052014
2025-06-08 08:00:00+00:00,27.799680103931113
2025-06-08 09:00:00+00:00,33.963807705288595
2025-06-08 10:00:00+00:00,39.04799393128308
2025-06-08 11:00:00+00:00,40.44883845120628
2025-06-08 12:00:00+00:00,46.591149023485805
2025-06-08 13:00:00+00:00,40.84529588375008
2025-06-08 14:00:00+00:00,37.91641360003608
2025-06-08 15:00:00+00:00,34.978389157276524
2025-06-08 16:00:00+00:00,31.70811186918778
2025-06-08 17:00:00+00:00,31.340856401179792
2025-06-08 18:00:00+00:00,31.429029204935425
2025-06-08 19:00:00+00:00,30.807587280882668
2025-06-08 20:00:00+00:00,29.656212796190957
2025-06-08 21:00:00+00:00,28.960309902971595
2025-06-08 22:00:00+00:00,28.343334007331023
2025-06-08 23:00:00+00:00,26.396867541603402
2025-06-09 00:00:00+00:00,24.440554209585255
2025-06-09 01:00:00+00:00,25.588461811060412
2025-06-09 02:00:00+00:00,26.402777179367714
2025-06-09 03:00:00+00:00,26.2463003551234
2025-06-09 04:00:00+00:00,25.68199264269605
2025-06-09 05:00:00+00:00,26.449274288070566
2025-06-09 06:00:00+00:00,28.66237959041346
2025-06-09 07:00:00+00:00,27.25056511391338
2025-06-09 08:00:00+00:00,26.136556341516954
2025-06-09 09:00:00+00:00,27.490250470317477
2025-06-09 10:00:00+00:00,30.92865894523073
2025-06-09 11:00:00+00:00,32.260768877292875
2025-06-09 12:00:00+00:00,32.47211911801108
2025-06-09 13:00:00+00:00,32.4063673009409
2025-06-09 14:00:00+00:00,32.497662491403226
2025-06-09 15:00:00+00:00,32.92033499087872
2025-06-09 16:00:00+00:00,31.572235909533642
2025-06-09 17:00:00+00:00,31.242318636420855
2025-06-09 18:00:00+00:00,31.691406648379346
2025-06-09 19:00:00+00:00,30.951826312489384
2025-06-09 20:00:00+00:00,29.10293931603565
2025-06-09 21:00:00+00:00,28.968857386862584
2025-06-09 22:00:00+00:00,29.517215974567293
2025-06-09 23:00:00+00:00,28.66419712748432
2025-06-10 00:00:00+00:00,26.43729166660954
2025-06-10 01:00:00+00:00,26.471720904470175
2025-06-10 02:00:00+00:00,26.306930971908912
2025-06-10 03:00:00+00:00,26.732594756804712
2025-06-10 04:00:00+00:00,25.907637114959837
2025-06-10 05:00:00+00:00,27.27990476849764
2025-06-10 06:00:00+00:00,28.601864586313873
2025-06-10 07:00:00+00:00,26.746355084504348
2025-06-10 08:00:00+00:00,24.922229211405643
2025-06-10 09:00:00+00:00,27.35329496726793
2025-06-10 10:00:00+00:00,29.862793461620104
2025-06-10 11:00:00+00:00,33.000308571660256
2025-06-10 12:00:00+00:00,35.80268865439663
2025-06-10 13:00:00+00:00,34.116375230895244
2025-06-10 14:00:00+00:00,33.79950535061507
2025-06-10 15:00:00+00:00,32.32243851477713
2025-06-10 16:00:00+00:00,29.47096316615153
2025-06-10 17:00:00+00:00,28.138017531837107
2025-06-10 18:00:00+00:00,28.1780838049373
2025-06-10 19:00:00+00:00,28.289112865818122
2025-06-10 20:00:00+00:00,27.76596544292523
2025-06-10 21:00:00+00:00,27.503949381794985
2025-06-10 22:00:00+00:00,27.415098987065644
2025-06-10 23:00:00+00:00,26.86678856365823
2025-06-11 00:00:00+00:00,26.704047723605118
2025-06-11 01:00:00+00:00,25.78602054414553
2025-06-11 02:00:00+00:00,26.63786400962092
2025-06-11 03:00:00+00:00,26.539784580156617
2025-06-11 04:00:00+00:00,27.497155281715607
2025-06-11 05:00:00+00:00,28.57777307597135
2025-06-11 06:00:00+00:00,30.901862774225137
2025-06-11 07:00:00+00:00,30.509226524380264
2025-06-11 08:00:00+00:00,29.565251984171034
2025-06-11 09:00:00+00:00,31.92229172886518
2025-06-11 10:00:00+00:00,32.14573110809959
2025-06-11 11:00:00+00:00,32.765078152016514
2025-06-11 12:00:00+00:00,32.39620531859092
2025-06-11 13:00:00+00:00,33.41221174022522
2025-06-11 14:00:00+00:00,33.9015383583846
2025-06-11 15:00:00+00:00,33.80505963900523
2025-06-11 16:00:00+00:00,31.793288667757956
2025-06-11 17:00:00+00:00,30.920789755975647
2025-06-11 18:00:00+00:00,29.73361944741928
2025-06-11 19:00:00+00:00,29.191059240780582
2025-06-11 20:00:00+00:00,29.461776488051658
2025-06-11 21:00:00+00:00,28.321183744310297
2025-06-11 22:00:00+00:00,28.22687729664393
2025-06-11 23:00:00+00:00,27.113315262073655
2025-06-12 00:00:00+00:00,25.8747389811139
2025-06-12 01:00:00+00:00,26.08932870378514
2025-06-12 02:00:00+00:00,25.04607006574976
2025-06-12 03:00:00+00:00,24.952020221374326
2025-06-12 04:00:00+00:00,24.612421787568753
2025-06-12 05:00:00+00:00,27.05387732959154
2025-06-12 06:00:00+00:00,29.84504019728553
2025-06-12 07:00:00+00:00,30.81904198825894
2025-06-12 08:00:00+00:00,30.175081505269883
2025-06-12 09:00:00+00:00,33.714943337668586
2025-06-12 10:00:00+00:00,34.18234005219816
2025-06-12 11:00:00+00:00,35.68620448669962
2025-06-12 12:00:00+00:00,34.980672370004186
2025-06-12 13:00:00+00:00,35.888755324349525
2025-06-12 14:00:00+00:00,34.862997079413084
2025-06-12 15:00:00+00:00,34.585047880225474
2025-06-12 16:00:00+00:00,33.284211661485166
2025-06-12 17:00:00+00:00,34.19384766050106
2025-06-12 18:00:00+00:00,33.31889711496575
2025-06-12 19:00:00+00:00,32.5063803450314
2025-06-12 20:00:00+00:00,29.937012621637926
2025-06-12 21:00:00+00:00,29.843506510309815
2025-06-12 22:00:00+00:00,30.46876120217839
2025-06-12 23:00:00+00:00,30.328015997530485
2025-06-13 00:00:00+00:00,29.472084404226027
2025-06-13 01:00:00+00:00,29.056780693364434
2025-06-13 02:00:00+00:00,27.245926191088305
2025-06-13 03:00:00+00:00,26.277046756500177
2025-06-13 04:00:00+00:00,24.608549842450813
2025-06-13 05:00:00+00:00,28.006555151726783
2025-06-13 06:00:00+00:00,30.37098547402588
2025-06-13 07:00:00+00:00,29.48859155169743
2025-06-13 08:00:00+00:00,29.387793998712816
2025-06-13 09:00:00+00:00,30.13710580773382
2025-06-13 10:00:00+00:00,30.68325707656274
2025-06-13 11:00:00+00:00,32.127840954595975
2025-06-13 12:00:00+00:00,30.622815042258495
2025-06-13 13:00:00+00:00,31.020779134922474
2025-06-13 14:00:00+00:00,32.07054367297156
2025-06-13 15:00:00+00:00,31.669049155220595
2025-06-13 16:00:00+00:00,29.520796413159946
2025-06-13 17:00:00+00:00,28.895446122585028
2025-06-13 18:00:00+00:00,29.18253525015276
2025-06-13 19:00:00+00:00,28.90423529786485
2025-06-13 20:00:00+00:00,28.61298101781018
2025-06-13 21:00:00+00:00,30.39605056884651
2025-06-13 22:00:00+00:00,30.932690425918558
2025-06-13 23:00:00+00:00,30.732600453535287
2025-06-14 00:00:00+00:00,29.612081099997404
2025-06-14 01:00:00+00:00,29.545027384571878
2025-06-14 02:00:00+00:00,30.17060159440449
2025-06-14 03:00:00+00:00,29.982627409317598
2025-06-14 04:00:00+00:00,26.617801835750946
2025-06-14 05:00:00+00:00,28.16781967260163
2025-06-14 06:00:00+00:00,28.15231834658931
2025-06-14 07:00:00+00:00,29.032691973761164
2025-06-14 08:00:00+00:00,29.498745184741786
2025-06-14 09:00:00+00:00,29.821640976822575
2025-06-14 10:00:00+00:00,29.62569334543743
2025-06-14 11:00:00+00:00,29.332232646903268
2025-06-14 12:00:00+00:00,27.972833094867187
2025-06-14 13:00:00+00:00,28.786360809944945
2025-06-14 14:00:00+00:00,30.839213527760116
2025-06-14 15:00:00+00:00,30.853315791069477
2025-06-14 16:00:00+00:00,30.361713292393695
2025-06-14 17:00:00+00:00,29.85078527581297
2025-06-14 18:00:00+00:00,29.71024295594451
2025-06-14 19:00:00+00:00,29.065408826878443
2025-06-14 20:00:00+00:00,27.341173097256046
2025-06-14 21:00:00+00:00,27.717430625086017
2025-06-14 22:00:00+00:00,27.849114421413113
2025-06-14 23:00:00+00:00,27.816047139769893
2025-06-15 00:00:00+00:00,28.021033492814507
2025-06-15 01:00:00+00:00,27.24853047013168
2025-06-15 02:00:00+00:00,27.047857817000956
2025-06-15 03:00:00+00:00,26.117868210055743
2025-06-15 04:00:00+00:00,25.370597492006347
2025-06-15 05:00:00+00:00,27.367759303860062
2025-06-15 06:00:00+00:00,27.713394615148008
2025-06-15 07:00:00+00:00,29.225681600567366
2025-06-15 08:00:00+00:00,30.721127353723084
2025-06-15 09:00:00+00:00,31.775304115116228
2025-06-15 10:00:00+00:00,33.89795761527003
2025-06-15 11:00:00+00:00,34.48630244847751
2025-06-15 12:00:00+00:00,34.21211359321453
2025-06-15 13:00:00+00:00,32.897546135032194
2025-06-15 14:00:00+00:00,33.001543126322986
2025-06-15 15:00:00+00:00,32.495756027676215
2025-06-15 16:00:00+00:00,30.346422455815624
2025-06-15 17:00:00+00:00,29.627086921516778
2025-06-15 18:00:00+00:00,29.968412396913607
2025-06-15 19:00:00+00:00,30.63428446910862
2025-06-15 20:00:00+00:00,29.588572682692316
2025-06-15 21:00:00+00:00,30.06124046726907
2025-06-15 22:00:00+00:00,29.904408364639657
2025-06-15 23:00:00+00:00,28.829687605663878
2025-06-16 00:00:00+00:00,28.962144434738402
2025-06-16 01:00:00+00:00,28.162651792301386
2025-06-16 02:00:00+00:00,27.70272204752334
2025-06-16 03:00:00+00:00,27.025048163162666
2025-06-16 04:00:00+00:00,25.681325749955892
2025-06-16 05:00:00+00:00,26.18414449198624
2025-06-16 06:00:00+00:00,25.877194669181623
2025-06-16 07:00:00+00:00,27.28549939398646
2025-06-16 08:00:00+00:00,28.90689028166301
2025-06-16 09:00:00+00:00,34.725672441053185
2025-06-16 10:00:00+00:00,39.73339252571032
2025-06-16 11:00:00+00:00,49.89731134405518
2025-06-16 12:00:00+00:00,48.70628014765676
2025-06-16 13:00:00+00:00,48.509460377284725
2025-06-16 14:00:00+00:00,38.50360541596655
2025-06-16 15:00:00+00:00,33.336719685449545
2025-06-16 16:00:00+00:00,27.97650937259654
2025-06-16 17:00:00+00:00,29.580211616772427
2025-06-16 18:00:00+00:00,29.670757539225495
2025-06-16 19:00:00+00:00,29.18208655227355
2025-06-16 20:00:00+00:00,29.088153001797828
2025-06-16 21:00:00+00:00,29.38931638246748
2025-06-16 22:00:00+00:00,30.759710264065497
2025-06-16 23:00:00+00:00,29.263406592908375
2025-06-17 00:00:00+00:00,28.36783510004401
2025-06-17 01:00:00+00:00,29.100664157924673
2025-06-17 02:00:00+00:00,29.34148751378804
2025-06-17 03:00:00+00:00,29.375752216183702
2025-06-17 04:00:00+00:00,29.104725233043105
2025-06-17 05:00:00+00:00,28.92596066960606
2025-06-17 06:00:00+00:00,26.76004124966433
2025-06-17 07:00:00+00:00,27.795754259516926
2025-06-17 08:00:00+00:00,27.83225524125333
2025-06-17 09:00:00+00:00,30.154419662672833
2025-06-17 10:00:00+00:00,30.544091171401977
2025-06-17 11:00:00+00:00,29.46248230047213
2025-06-17 12:00:00+00:00,29.985552232886857
2025-06-17 13:00:00+00:00,29.36275364625251
2025-06-17 14:00:00+00:00,29.127393813176596
2025-06-17 15:00:00+00:00,29.753782715327944
2025-06-17 16:00:00+00:00,27.51078592962507
2025-06-17 17:00:00+00:00,27.458629406705786
2025-06-17 18:00:00+00:00,27.624185396627947
2025-06-17 19:00:00+00:00,27.67571188464211
2025-06-17 20:00:00+00:00,27.97340435204314
2025-06-17 21:00:00+00:00,28.3384126831901
2025-06-17 22:00:00+00:00,28.572591068046385
2025-06-17 23:00:00+00:00,28.337029753087887
2025-06-18 00:00:00+00:00,28.535051726234382
2025-06-18 01:00:00+00:00,29.69131717754226
2025-06-18 02:00:00+00:00,29.820652443854204
2025-06-18 03:00:00+00:00,29.866092113045895
2025-06-18 04:00:00+00:00,29.732076697293035
2025-06-18 05:00:00+00:00,29.519040043873144
2025-06-18 06:00:00+00:00,23.868896866471573
2025-06-18 07:00:00+00:00,28.584373655073293
2025-06-18 08:00:00+00:00,31.520014193507464
2025-06-18 09:00:00+00:00,33.918963853131245
2025-06-18 10:00:00+00:00,34.44307701322664
2025-06-18 11:00:00+00:00,35.21510385391652
2025-06-18 12:00:00+00:00,35.62416052332658
2025-06-18 13:00:00+00:00,33.72022124705476
2025-06-18 14:00:00+00:00,33.40248328587408
2025-06-18 15:00:00+00:00,31.95302682839551
2025-06-18 16:00:00+00:00,29.315705619126494
2025-06-18 17:00:00+00:00,30.01227494301776
2025-06-18 18:00:00+00:00,30.08307055444012
2025-06-18 19:00:00+00:00,29.01996974522728
2025-06-18 20:00:00+00:00,27.85334296182864
2025-06-18 21:00:00+00:00,28.25269159221692
2025-06-18 22:00:00+00:00,28.063753910547117
2025-06-18 23:00:00+00:00,27.711593736836207
2025-06-19 00:00:00+00:00,27.810257448783855
2025-06-19 01:00:00+00:00,27.019398919627267
2025-06-19 02:00:00+00:00,27.125532855000756
2025-06-19 03:00:00+00:00,27.858001062490906
2025-06-19 04:00:00+00:00,28.31056104521245
2025-06-19 05:00:00+00:00,26.477851444270247
2025-06-19 06:00:00+00:00,24.205936461954643
2025-06-19 07:00:00+00:00,28.57913433576197
2025-06-19 08:00:00+00:00,31.307331715954824
2025-06-19 09:00:00+00:00,33.44473091623772
2025-06-19 10:00:00+00:00,34.876236957122124
2025-06-19 11:00:00+00:00,35.68846639372882
2025-06-19 12:00:00+00:00,35.02694131970991
2025-06-19 13:00:00+00:00,34.167232098735546
2025-06-19 14:00:00+00:00,33.822012931989825
2025-06-19 15:00:00+00:00,33.566349418862174
2025-06-19 16:00:00+00:00,31.590623596470724
2025-06-19 17:00:00+00:00,31.306163625931383
2025-06-19 18:00:00+00:00,31.36190415593725
2025-06-19 19:00:00+00:00,31.288087187300576
2025-06-19 20:00:00+00:00,30.10153234352548
2025-06-19 21:00:00+00:00,29.474586354951843
2025-06-19 22:00:00+00:00,29.425495402524678
2025-06-19 23:00:00+00:00,29.292666001891615
2025-06-20 00:00:00+00:00,28.12991494789168
2025-06-20 01:00:00+00:00,28.586583551466944
2025-06-20 02:00:00+00:00,29.05090094150996
2025-06-20 03:00:00+00:00,29.16717131616748
2025-06-20 04:00:00+00:00,28.30625640340183
2025-06-20 05:00:00+00:00,29.12839617226312
2025-06-20 06:00:00+00:00,26.64844941794024
2025-06-20 07:00:00+00:00,26.114909291585406
2025-06-20 08:00:00+00:00,25.62411024855716
2025-06-20 09:00:00+00:00,28.55033462740312
2025-06-20 10:00:00+00:00,31.373586175348255
2025-06-20 11:00:00+00:00,32.32207425598319
2025-06-20 12:00:00+00:00,33.10874898768136
2025-06-20 13:00:00+00:00,35.46784503812964
2025-06-20 14:00:00+00:00,36.60961261225749
2025-06-20 15:00:00+00:00,38.7031789460688
2025-06-20 16:00:00+00:00,35.954851225974615
2025-06-20 17:00:00+00:00,33.458249765899275
2025-06-20 18:00:00+00:00,32.627545702590446
2025-06-20 19:00:00+00:00,30.372971943084497
2025-06-20 20:00:00+00:00,27.298833495524363
2025-06-20 21:00:00+00:00,27.66766266339382
2025-06-20 22:00:00+00:00,28.182367858251457
2025-06-20 23:00:00+00:00,28.503027263431758
2025-06-21 00:00:00+00:00,28.749404020055746
2025-06-21 01:00:00+00:00,28.2370291605223
2025-06-21 02:00:00+00:00,29.18586564571108
2025-06-21 03:00:00+00:00,29.21413154512958
2025-06-21 04:00:00+00:00,28.81099081557331
2025-06-21 05:00:00+00:00,28.564838889087184
2025-06-21 06:00:00+00:00,26.02928315035958
2025-06-21 07:00:00+00:00,32.34319072532852
2025-06-21 08:00:00+00:00,34.99082035643118
2025-06-21 09:00:00+00:00,35.62668328792828
2025-06-21 10:00:00+00:00,34.404926468690505
2025-06-21 11:00:00+00:00,34.0379879823817
2025-06-21 12:00:00+00:00,30.66370108217203
2025-06-21 13:00:00+00:00,31.069115714295204
2025-06-21 14:00:00+00:00,31.946278490673656
2025-06-21 15:00:00+00:00,29.85412210162525
2025-06-21 16:00:00+00:00,28.990883789620042
2025-06-21 17:00:00+00:00,28.66512287505504
2025-06-21 18:00:00+00:00,28.93041229738811
2025-06-21 19:00:00+00:00,28.33294085438579
2025-06-21 20:00:00+00:00,27.544436067675306
2025-06-21 21:00:00+00:00,27.819972451175374
2025-06-21 22:00:00+00:00,27.92414200228879
2025-06-21 23:00:00+00:00,27.96861792102725
2025-06-22 00:00:00+00:00,27.58826828128816
2025-06-22 01:00:00+00:00,27.660458320900705
2025-06-22 02:00:00+00:00,28.095935809568505
2025-06-22 03:00:00+00:00,28.049306735822288
2025-06-22 04:00:00+00:00,28.20714187894324
2025-06-22 05:00:00+00:00,26.395485619763274
2025-06-22 06:00:00+00:00,24.57599953247282
2025-06-22 07:00:00+00:00,29.773570488266
2025-06-22 08:00:00+00:00,33.05743276667064
2025-06-22 09:00:00+00:00,34.524814661444395
2025-06-22 10:00:00+00:00,35.074353311807265
2025-06-22 11:00:00+00:00,37.49946340390603
2025-06-22 12:00:00+00:00,37.17787485456201
2025-06-22 13:00:00+00:00,37.9716603750799
2025-06-22 14:00:00+00:00,38.6600543075908
2025-06-22 15:00:00+00:00,35.4162817799536
2025-06-22 16:00:00+00:00,32.06283563531401
2025-06-22 17:00:00+00:00,31.90632133294781
2025-06-22 18:00:00+00:00,32.107704290558644
2025-06-22 19:00:00+00:00,29.374501268312702
2025-06-22 20:00:00+00:00,27.36244154894801
2025-06-22 21:00:00+00:00,27.884182036835302
2025-06-22 22:00:00+00:00,27.562582684739805
2025-06-22 23:00:00+00:00,27.262177635469655
2025-06-23 00:00:00+00:00,26.619024800034584
2025-06-23 01:00:00+00:00,25.798108819747117
2025-06-23 02:00:00+00:00,25.665249449880115
2025-06-23 03:00:00+00:00,25.54506290526086
2025-06-23 04:00:00+00:00,25.863808373618568
2025-06-23 05:00:00+00:00,25.148139105129562
2025-06-23 06:00:00+00:00,24.137995433885003
2025-06-23 07:00:00+00:00,26.991004015875227
2025-06-23 08:00:00+00:00,28.65973308629614
2025-06-23 09:00:00+00:00,31.909969711178544
2025-06-23 10:00:00+00:00,33.88094981444485
2025-06-23 11:00:00+00:00,36.75502193577341
2025-06-23 12:00:00+00:00,35.42330172564633
2025-06-23 13:00:00+00:00,39.82046577546331
2025-06-23 14:00:00+00:00,37.2889065560452
2025-06-23 15:00:00+00:00,35.787495524223445
2025-06-23 16:00:00+00:00,33.20091640006001
2025-06-23 17:00:00+00:00,32.19275910124797
2025-06-23 18:00:00+00:00,30.766522448555207
2025-06-23 19:00:00+00:00,30.311470214838824
2025-06-23 20:00:00+00:00,27.530126705271066
2025-06-23 21:00:00+00:00,27.682858573732744
2025-06-23 22:00:00+00:00,27.96661903788492
2025-06-23 23:00:00+00:00,28.040035282553838
2025-06-24 00:00:00+00:00,29.35194202625013
2025-06-24 01:00:00+00:00,29.073531706251785
2025-06-24 02:00:00+00:00,28.905088442649497
2025-06-24 03:00:00+00:00,29.11552629826492
2025-06-24 04:00:00+00:00,29.780076229176284
2025-06-24 05:00:00+00:00,27.02034447608346
2025-06-24 06:00:00+00:00,23.467614584940723
2025-06-24 07:00:00+00:00,29.120277593511442
2025-06-24 08:00:00+00:00,32.72037031080957
2025-06-24 09:00:00+00:00,33.124810815579586
2025-06-24 10:00:00+00:00,33.27184719475493
2025-06-24 11:00:00+00:00,31.506163520238385
2025-06-24 12:00:00+00:00,28.595932133951194
2025-06-24 13:00:00+00:00,29.9082822278287
2025-06-24 14:00:00+00:00,32.093071796883656
2025-06-24 15:00:00+00:00,32.89622053370108
2025-06-24 16:00:00+00:00,30.391451089858798
2025-06-24 17:00:00+00:00,30.47390359621063
2025-06-24 18:00:00+00:00,31.364368772300324
2025-06-24 19:00:00+00:00,31.739917051986826
2025-06-24 20:00:00+00:00,30.27312180429012
2025-06-24 21:00:00+00:00,30.59779253784495
2025-06-24 22:00:00+00:00,29.988326222490716
2025-06-24 23:00:00+00:00,28.09155637496268
2025-06-25 00:00:00+00:00,27.002380756345957
2025-06-25 01:00:00+00:00,27.01266116777034
2025-06-25 02:00:00+00:00,27.04644585998294
2025-06-25 03:00:00+00:00,27.495144262129585
2025-06-25 04:00:00+00:00,28.499203203692716
2025-06-25 05:00:00+00:00,26.633022155474794
2025-06-25 06:00:00+00:00,25.529522859847297
2025-06-25 07:00:00+00:00,28.530041790399462
2025-06-25 08:00:00+00:00,31.249932283381703
2025-06-25 09:00:00+00:00,38.0761021080042
2025-06-25 10:00:00+00:00,45.00630754381825
2025-06-25 11:00:00+00:00,47.08826815925835
2025-06-25 12:00:00+00:00,50.14371923706021
2025-06-25 13:00:00+00:00,46.69945259854924
2025-06-25 14:00:00+00:00,42.29798963976603
2025-06-25 15:00:00+00:00,37.03416603540324
2025-06-25 16:00:00+00:00,30.896406468665568
2025-06-25 17:00:00+00:00,29.42112732022795
2025-06-25 18:00:00+00:00,28.488414747453096
2025-06-25 19:00:00+00:00,28.313629049055695
2025-06-25 20:00:00+00:00,26.146308853737832
2025-06-25 21:00:00+00:00,26.02389543735719
2025-06-25 22:00:00+00:00,25.96522526165008
2025-06-25 23:00:00+00:00,26.33208120262503
2025-06-26 00:00:00+00:00,26.116163806913452
2025-06-26 01:00:00+00:00,26.726973671186546
2025-06-26 02:00:00+00:00,26.431719885107384
2025-06-26 03:00:00+00:00,26.32352722547236
2025-06-26 04:00:00+00:00,26.597161081633704
2025-06-26 05:00:00+00:00,24.76047085251897
2025-06-26 06:00:00+00:00,23.993297988423762
2025-06-26 07:00:00+00:00,27.143703304217624
2025-06-26 08:00:00+00:00,32.031096743116315
2025-06-26 09:00:00+00:00,34.00377821468252
2025-06-26 10:00:00+00:00,34.54209977819187
2025-06-26 11:00:00+00:00,35.63921807398367
2025-06-26 12:00:00+00:00,36.79853521352691
2025-06-26 13:00:00+00:00,36.52393423059372
2025-06-26 14:00:00+00:00,35.73082034059682
2025-06-26 15:00:00+00:00,33.38582348298793
2025-06-26 16:00:00+00:00,31.475536976293277
2025-06-26 17:00:00+00:00,31.759432396397784
2025-06-26 18:00:00+00:00,31.35614489004026
2025-06-26 19:00:00+00:00,30.3931681314641
2025-06-26 20:00:00+00:00,28.710338177073556
2025-06-26 21:00:00+00:00,28.37887663088472
2025-06-26 22:00:00+00:00,28.172900754424397
2025-06-26 23:00:00+00:00,26.98157474456287
2025-06-27 00:00:00+00:00,25.86354974452137
2025-06-27 01:00:00+00:00,24.788314984187572
2025-06-27 02:00:00+00:00,25.319931186097406
2025-06-27 03:00:00+00:00,25.68776270967951
2025-06-27 04:00:00+00:00,25.05198639943451
2025-06-27 05:00:00+00:00,23.735576039963682
2025-06-27 06:00:00+00:00,23.164200058818977
2025-06-27 07:00:00+00:00,26.27114645311818
2025-06-27 08:00:00+00:00,29.320550876638652
2025-06-27 09:00:00+00:00,30.51429151226179
2025-06-27 10:00:00+00:00,31.18069146241423
2025-06-27 11:00:00+00:00,31.551280633667414
2025-06-27 12:00:00+00:00,29.775687578886227
2025-06-27 13:00:00+00:00,32.30082076357311
2025-06-27 14:00:00+00:00,31.7094464205708
2025-06-27 15:00:00+00:00,31.73161262799164
2025-06-27 16:00:00+00:00,30.515469860706503
2025-06-27 17:00:00+00:00,29.78376293819068
2025-06-27 18:00:00+00:00,29.981659949746298
2025-06-27 19:00:00+00:00,31.195727958344925
2025-06-27 20:00:00+00:00,29.225793879733686
2025-06-27 21:00:00+00:00,29.15562615654008
2025-06-27 22:00:00+00:00,28.389406646329537
2025-06-27 23:00:00+00:00,27.985792270034842
2025-06-28 00:00:00+00:00,27.079568851879813
2025-06-28 01:00:00+00:00,26.4954586524356
2025-06-28 02:00:00+00:00,26.852996587965716
2025-06-28 03:00:00+00:00,26.958832798876383
2025-06-28 04:00:00+00:00,26.918836127827376
2025-06-28 05:00:00+00:00,26.137105591577896
2025-06-28 06:00:00+00:00,25.6783899446028
2025-06-28 07:00:00+00:00,28.091528297544965
2025-06-28 08:00:00+00:00,28.9555244836481
2025-06-28 09:00:00+00:00,31.324660986610525
2025-06-28 10:00:00+00:00,33.89274183870513
2025-06-28 11:00:00+00:00,34.18868636131549
2025-06-28 12:00:00+00:00,35.047141686882604
2025-06-28 13:00:00+00:00,34.5786223318348
2025-06-28 14:00:00+00:00,33.271365925215186
2025-06-28 15:00:00+00:00,31.54860523374568
2025-06-28 16:00:00+00:00,28.827334482119433
2025-06-28 17:00:00+00:00,28.644633980365203
2025-06-28 18:00:00+00:00,28.59576842484959
2025-06-28 19:00:00+00:00,28.57241099195498
2025-06-28 20:00:00+00:00,28.23031953255558
2025-06-28 21:00:00+00:00,27.811781455907635
2025-06-28 22:00:00+00:00,27.69415001246651
2025-06-28 23:00:00+00:00,27.63616288888073
2025-06-29 00:00:00+00:00,27.77259420241432
2025-06-29 01:00:00+00:00,27.241459556101965
2025-06-29 02:00:00+00:00,27.112418723892336
2025-06-29 03:00:00+00:00,26.794444162512256
2025-06-29 04:00:00+00:00,26.65900658403493
2025-06-29 05:00:00+00:00,26.4790024518542
2025-06-29 06:00:00+00:00,26.11465270790066
2025-06-29 07:00:00+00:00,28.583895346122755
2025-06-29 08:00:00+00:00,30.979799565232874
2025-06-29 09:00:00+00:00,34.50857208956092
2025-06-29 10:00:00+00:00,36.36280706967043
2025-06-29 11:00:00+00:00,37.10252374576208
2025-06-29 12:00:00+00:00,38.35284170708848
2025-06-29 13:00:00+00:00,41.811056612325885
2025-06-29 14:00:00+00:00,42.56824587809234
2025-06-29 15:00:00+00:00,40.96412079862294
2025-06-29 16:00:00+00:00,39.77470606369775
2025-06-29 17:00:00+00:00,36.314881129034156
2025-06-29 18:00:00+00:00,34.509157681117344
2025-06-29 19:00:00+00:00,33.242502755842786
2025-06-29 20:00:00+00:00,28.926463897791354
2025-06-29 21:00:00+00:00,28.618090405075744
2025-06-29 22:00:00+00:00,28.37025903254332
2025-06-29 23:00:00+00:00,27.322582215236498
2025-06-30 00:00:00+00:00,25.774179091629726
2025-06-30 01:00:00+00:00,25.77208510992962
2025-06-30 02:00:00+00:00,25.80127302271149
2025-06-30 03:00:00+00:00,25.68736619461313
2025-06-30 04:00:00+00:00,25.31717523493467
2025-06-30 05:00:00+00:00,25.224274714307054
2025-06-30 06:00:00+00:00,25.181860808350525
2025-06-30 07:00:00+00:00,27.64239673898723
2025-06-30 08:00:00+00:00,30.286264436562444
2025-06-30 09:00:00+00:00,32.768010324191096
2025-06-30 10:00:00+00:00,33.858408861242644
2025-06-30 11:00:00+00:00,35.975154762058246
2025-06-30 12:00:00+00:00,37.19600722529939
2025-06-30 13:00:00+00:00,37.538138290423376
2025-06-30 14:00:00+00:00,36.05478914822206
2025-06-30 15:00:00+00:00,34.540978708936414
2025-06-30 16:00:00+00:00,32.52545833537256
2025-06-30 17:00:00+00:00,31.1603112732058
2025-06-30 18:00:00+00:00,31.290679744265685
2025-06-30 19:00:00+00:00,30.966641001538385
2025-06-30 20:00:00+00:00,30.029985631137325
2025-06-30 21:00:00+00:00,29.688711428654052
2025-06-30 22:00:00+00:00,29.371110864172387
2025-06-30 23:00:00+00:00,28.993980751366685
2025-07-01 00:00:00+00:00,27.646996835720927
2025-07-01 01:00:00+00:00,26.305606788090238
2025-07-01 02:00:00+00:00,25.79608839261485
2025-07-01 03:00:00+00:00,25.300907706737615
2025-07-01 04:00:00+00:00,24.827014086105027
2025-07-01 05:00:00+00:00,25.046780572562977
2025-07-01 06:00:00+00:00,25.12614685648427
2025-07-01 07:00:00+00:00,25.214059627041678
2025-07-01 08:00:00+00:00,26.8944790742729
2025-07-01 09:00:00+00:00,30.608472419006013
2025-07-01 10:00:00+00:00,33.70448223584015
2025-07-01 11:00:00+00:00,35.008315673036336
2025-07-01 12:00:00+00:00,34.95993748755132
2025-07-01 13:00:00+00:00,34.36091983927085
2025-07-01 14:00:00+00:00,31.649781718762668
2025-07-01 15:00:00+00:00,32.08719386394476
2025-07-01 16:00:00+00:00,30.201305278352315
2025-07-01 17:00:00+00:00,29.387688028930505
2025-07-01 18:00:00+00:00,29.170287692891485
2025-07-01 19:00:00+00:00,29.456487274399173
2025-07-01 20:00:00+00:00,28.720249799561074
2025-07-01 21:00:00+00:00,28.339629867010352
2025-07-01 22:00:00+00:00,28.705619962182404
2025-07-01 23:00:00+00:00,29.277158572770098
2025-07-02 00:00:00+00:00,29.382202330853456
2025-07-02 01:00:00+00:00,27.86863666720959
2025-07-02 02:00:00+00:00,27.9263138398988
2025-07-02 03:00:00+00:00,26.7768857391408
2025-07-02 04:00:00+00:00,26.526808251112943
2025-07-02 05:00:00+00:00,27.187064341919776
2025-07-02 06:00:00+00:00,27.388503656550693
2025-07-02 07:00:00+00:00,29.459989733882427
2025-07-02 08:00:00+00:00,28.74071405468926
2025-07-02 09:00:00+00:00,33.74882162940387
2025-07-02 10:00:00+00:00,38.6272558825492
2025-07-02 11:00:00+00:00,40.42578654894992
2025-07-02 12:00:00+00:00,43.68413497824595
2025-07-02 13:00:00+00:00,40.320744182648596
2025-07-02 14:00:00+00:00,38.29715846562864
2025-07-02 15:00:00+00:00,34.98344071202036
2025-07-02 16:00:00+00:00,30.84902465031788
2025-07-02 17:00:00+00:00,31.146747203825903
2025-07-02 18:00:00+00:00,30.83485541887884
2025-07-02 19:00:00+00:00,29.648608439526086
2025-07-02 20:00:00+00:00,29.15774916402836
2025-07-02 21:00:00+00:00,29.05417055245878
2025-07-02 22:00:00+00:00,27.7041614602676
2025-07-02 23:00:00+00:00,26.896167457421512
2025-07-03 00:00:00+00:00,28.09425896287062
2025-07-03 01:00:00+00:00,26.744726086943807
2025-07-03 02:00:00+00:00,26.44470187740537
2025-07-03 03:00:00+00:00,26.241258863636425
2025-07-03 04:00:00+00:00,26.279109219288358
2025-07-03 05:00:00+00:00,26.72405029225446
2025-07-03 06:00:00+00:00,27.341185467508325
2025-07-03 07:00:00+00:00,29.73729514005324
2025-07-03 08:00:00+00:00,29.137510787085596
2025-07-03 09:00:00+00:00,33.338692455003994
2025-07-03 10:00:00+00:00,36.93040455912548
2025-07-03 11:00:00+00:00,41.190106953834245
2025-07-03 12:00:00+00:00,43.937340790552724
2025-07-03 13:00:00+00:00,45.296824914521515
2025-07-03 14:00:00+00:00,43.811970407128065
2025-07-03 15:00:00+00:00,42.93434804458873
2025-07-03 16:00:00+00:00,40.89011818608376
2025-07-03 17:00:00+00:00,36.30470451016954
2025-07-03 18:00:00+00:00,34.17864044814481
2025-07-03 19:00:00+00:00,33.29517022161999
2025-07-03 20:00:00+00:00,30.053107069999253
2025-07-03 21:00:00+00:00,29.698296397392983
2025-07-03 22:00:00+00:00,28.899876717627883
2025-07-03 23:00:00+00:00,28.437587801902126
2025-07-04 00:00:00+00:00,27.953191702085846
2025-07-04 01:00:00+00:00,27.686915993983384
2025-07-04 02:00:00+00:00,27.331520201896318
2025-07-04 03:00:00+00:00,26.89496985538667
2025-07-04 04:00:00+00:00,25.46848787939988
2025-07-04 05:00:00+00:00,27.64850785785822
2025-07-04 06:00:00+00:00,30.13074271723152
2025-07-04 07:00:00+00:00,28.219662250366135
2025-07-04 08:00:00+00:00,26.34567825652173
2025-07-04 09:00:00+00:00,30.609163740371564
2025-07-04 10:00:00+00:00,35.28716239178884
2025-07-04 11:00:00+00:00,39.081174405087246
2025-07-04 12:00:00+00:00,42.572217651718205
2025-07-04 13:00:00+00:00,41.52200295175112
2025-07-04 14:00:00+00:00,38.74430164390561
2025-07-04 15:00:00+00:00,35.99327913048384
2025-07-04 16:00:00+00:00,33.900211051710166
2025-07-04 17:00:00+00:00,32.87983963033247
2025-07-04 18:00:00+00:00,32.31288994713879
2025-07-04 19:00:00+00:00,30.44780344812576
2025-07-04 20:00:00+00:00,28.69285894504207
2025-07-04 21:00:00+00:00,28.62010913539752
2025-07-04 22:00:00+00:00,28.738187050685326
2025-07-04 23:00:00+00:00,28.881633136999177
2025-07-05 00:00:00+00:00,29.015492703364288
2025-07-05 01:00:00+00:00,28.660343588930743
2025-07-05 02:00:00+00:00,28.612101381350584
2025-07-05 03:00:00+00:00,28.4355496802947
2025-07-05 04:00:00+00:00,28.208854737485908
2025-07-05 05:00:00+00:00,29.653473743676635
2025-07-05 06:00:00+00:00,30.285538209234545
2025-07-05 07:00:00+00:00,30.529211365020785
2025-07-05 08:00:00+00:00,27.64608870181405
2025-07-05 09:00:00+00:00,31.490687175620053
2025-07-05 10:00:00+00:00,33.21096094299568
2025-07-05 11:00:00+00:00,33.452879559251045
2025-07-05 12:00:00+00:00,36.097432021024666
2025-07-05 13:00:00+00:00,35.93426423309528
2025-07-05 14:00:00+00:00,36.21559422099028
2025-07-05 15:00:00+00:00,33.52003420199774
2025-07-05 16:00:00+00:00,30.651297761624384
2025-07-05 17:00:00+00:00,29.73581910177419
2025-07-05 18:00:00+00:00,28.54757400798136
2025-07-05 19:00:00+00:00,28.18135245604438
2025-07-05 20:00:00+00:00,27.48190213576408
2025-07-05 21:00:00+00:00,27.347095882479046
2025-07-05 22:00:00+00:00,27.24177953006607
2025-07-05 23:00:00+00:00,27.751884391787016
2025-07-06 00:00:00+00:00,27.7356152300882
2025-07-06 01:00:00+00:00,27.831729160707518
2025-07-06 02:00:00+00:00,27.907915391108745
2025-07-06 03:00:00+00:00,28.28473942402279
2025-07-06 04:00:00+00:00,28.448018474230913
2025-07-06 05:00:00+00:00,28.43201122375055
2025-07-06 06:00:00+00:00,27.108186677399658
2025-07-06 07:00:00+00:00,28.79863238001048
2025-07-06 08:00:00+00:00,28.462287518467537
2025-07-06 09:00:00+00:00,32.425258186321486
2025-07-06 10:00:00+00:00,35.143448618620305
2025-07-06 11:00:00+00:00,37.82744820509782
2025-07-06 12:00:00+00:00,40.36456122253434
2025-07-06 13:00:00+00:00,39.621716636075234
2025-07-06 14:00:00+00:00,38.135712250637084
2025-07-06 15:00:00+00:00,38.84443554858336
2025-07-06 16:00:00+00:00,36.83510939293119
2025-07-06 17:00:00+00:00,33.38091542758729
2025-07-06 18:00:00+00:00,30.89862461490692
2025-07-06 19:00:00+00:00,29.863304805049594
2025-07-06 20:00:00+00:00,28.434022472404223
2025-07-06 21:00:00+00:00,28.75161632938832
2025-07-06 22:00:00+00:00,28.289429623073737
2025-07-06 23:00:00+00:00,27.266500607280513
2025-07-07 00:00:00+00:00,25.52804764333642
2025-07-07 01:00:00+00:00,26.079997116735548
2025-07-07 02:00:00+00:00,27.17906669844419
2025-07-07 03:00:00+00:00,27.428482767209957
2025-07-07 04:00:00+00:00,28.077500175807025
2025-07-07 05:00:00+00:00,29.660030226358877
2025-07-07 06:00:00+00:00,29.5602760882853
2025-07-07 07:00:00+00:00,29.477537425153777
2025-07-07 08:00:00+00:00,27.136378392243564
2025-07-07 09:00:00+00:00,31.162706195381915
2025-07-07 10:00:00+00:00,34.864078234918836
2025-07-07 11:00:00+00:00,37.124487293448276
2025-07-07 12:00:00+00:00,41.338027798570636
2025-07-07 13:00:00+00:00,37.96613309201399
2025-07-07 14:00:00+00:00,38.87448367298239
2025-07-07 15:00:00+00:00,38.02149671114884
2025-07-07 16:00:00+00:00,35.437446144431156
2025-07-07 17:00:00+00:00,36.04084863662645
2025-07-07 18:00:00+00:00,38.238167114994994
2025-07-07 19:00:00+00:00,37.44248762612839
2025-07-07 20:00:00+00:00,36.145245765860835
2025-07-07 21:00:00+00:00,35.18018235583922
2025-07-07 22:00:00+00:00,34.14049898308232
2025-07-07 23:00:00+00:00,32.235304408180745
2025-07-08 00:00:00+00:00,33.11539234240749
2025-07-08 01:00:00+00:00,30.914031691574163
2025-07-08 02:00:00+00:00,30.37062936716214
2025-07-08 03:00:00+00:00,30.254918949383267
2025-07-08 04:00:00+00:00,30.124385880273636
2025-07-08 05:00:00+00:00,29.664409562245062
2025-07-08 06:00:00+00:00,29.675663479471567
2025-07-08 07:00:00+00:00,29.4435450362568
2025-07-08 08:00:00+00:00,28.314088553361685
2025-07-08 09:00:00+00:00,29.613557149281704
2025-07-08 10:00:00+00:00,30.01599373697472
2025-07-08 11:00:00+00:00,31.489875123314025
2025-07-08 12:00:00+00:00,33.242653722185885
2025-07-08 13:00:00+00:00,34.411374397808736
2025-07-08 14:00:00+00:00,36.45755196046558
2025-07-08 15:00:00+00:00,35.31919958484207
2025-07-08 16:00:00+00:00,32.33222271009365
2025-07-08 17:00:00+00:00,33.130638963118805
2025-07-08 18:00:00+00:00,33.52114202762003
2025-07-08 19:00:00+00:00,33.25724136512831
2025-07-08 20:00:00+00:00,32.668957998852896
2025-07-08 21:00:00+00:00,31.234787257309023
2025-07-08 22:00:00+00:00,29.831077666467273
2025-07-08 23:00:00+00:00,30.073678843155378
2025-07-09 00:00:00+00:00,28.791209424003313
2025-07-09 01:00:00+00:00,28.802331806713667
2025-07-09 02:00:00+00:00,28.288173691026053
2025-07-09 03:00:00+00:00,28.82690226833501
2025-07-09 04:00:00+00:00,29.571333548578863
2025-07-09 05:00:00+00:00,28.127455058386325
2025-07-09 06:00:00+00:00,27.178804110498447
2025-07-09 07:00:00+00:00,29.903461996924065
2025-07-09 08:00:00+00:00,34.03038843207313
2025-07-09 09:00:00+00:00,34.82827079328641
2025-07-09 10:00:00+00:00,35.413430994883704
2025-07-09 11:00:00+00:00,35.04274843277853
2025-07-09 12:00:00+00:00,34.50203113740699
2025-07-09 13:00:00+00:00,34.783862402121336
2025-07-09 14:00:00+00:00,35.28982932048374
2025-07-09 15:00:00+00:00,33.83985757671167
2025-07-09 16:00:00+00:00,33.00402180832064
2025-07-09 17:00:00+00:00,30.99415915521903
2025-07-09 18:00:00+00:00,29.794062988867097
2025-07-09 19:00:00+00:00,28.293960351919445
2025-07-09 20:00:00+00:00,27.329611885027973
2025-07-09 21:00:00+00:00,28.28566632644263
2025-07-09 22:00:00+00:00,27.465996629458893
2025-07-09 23:00:00+00:00,27.318094464539456
2025-07-10 00:00:00+00:00,26.924442026788434
2025-07-10 01:00:00+00:00,27.263087910130643
2025-07-10 02:00:00+00:00,27.164579119408003
2025-07-10 03:00:00+00:00,27.149693796556576
2025-07-10 04:00:00+00:00,27.554406111411794
2025-07-10 05:00:00+00:00,27.81174388536825
2025-07-10 06:00:00+00:00,27.837324430012885
2025-07-10 07:00:00+00:00,28.700561661300178
2025-07-10 08:00:00+00:00,29.951760409035757
2025-07-10 09:00:00+00:00,30.553562892583265
2025-07-10 10:00:00+00:00,31.545837290638183
2025-07-10 11:00:00+00:00,31.275152173213808
2025-07-10 12:00:00+00:00,31.118381352476487
2025-07-10 13:00:00+00:00,31.148409930549935
2025-07-10 14:00:00+00:00,31.77401892731135
2025-07-10 15:00:00+00:00,32.61140200656781
2025-07-10 16:00:00+00:00,32.51135197879673
2025-07-10 17:00:00+00:00,31.187962750235354
2025-07-10 18:00:00+00:00,31.210677124349463
2025-07-10 19:00:00+00:00,30.123701072522547
2025-07-10 20:00:00+00:00,29.82969633110157
2025-07-10 21:00:00+00:00,29.250060327334722
2025-07-10 22:00:00+00:00,28.740722855570155
2025-07-10 23:00:00+00:00,28.462993531081807
2025-07-11 00:00:00+00:00,28.078156772304396
2025-07-11 01:00:00+00:00,28.208452538331358
2025-07-11 02:00:00+00:00,27.579013716653442
2025-07-11 03:00:00+00:00,26.85533373598863
2025-07-11 04:00:00+00:00,25.893809703922955
2025-07-11 05:00:00+00:00,26.483599219595
2025-07-11 06:00:00+00:00,26.094889730378668
2025-07-11 07:00:00+00:00,29.626759818743352
2025-07-11 08:00:00+00:00,32.48225899038639
2025-07-11 09:00:00+00:00,31.511032615713518
2025-07-11 10:00:00+00:00,31.82060093027738
2025-07-11 11:00:00+00:00,30.132905839910915
2025-07-11 12:00:00+00:00,29.18626383053989
2025-07-11 13:00:00+00:00,29.75044238250088
2025-07-11 14:00:00+00:00,31.26026458521433
2025-07-11 15:00:00+00:00,30.800097082408584
2025-07-11 16:00:00+00:00,29.533318935137615
2025-07-11 17:00:00+00:00,29.552314665242342
2025-07-11 18:00:00+00:00,30.538059928067327
2025-07-11 19:00:00+00:00,30.796056855980403
2025-07-11 20:00:00+00:00,30.783239101604806
2025-07-11 21:00:00+00:00,30.965742361248196
2025-07-11 22:00:00+00:00,31.082579063782973
2025-07-11 23:00:00+00:00,30.35647912817194
2025-07-12 00:00:00+00:00,32.07344499402502
2025-07-12 01:00:00+00:00,31.62631249213163
2025-07-12 02:00:00+00:00,31.126925483972048
2025-07-12 03:00:00+00:00,30.187155857381658
2025-07-12 04:00:00+00:00,29.407620832596574
2025-07-12 05:00:00+00:00,27.691012720100087
2025-07-12 06:00:00+00:00,25.011777517548644
2025-07-12 07:00:00+00:00,29.127537421084917
2025-07-12 08:00:00+00:00,33.22841255651607
2025-07-12 09:00:00+00:00,34.144290167494944
2025-07-12 10:00:00+00:00,34.56047076103638
2025-07-12 11:00:00+00:00,34.1866660877191
2025-07-12 12:00:00+00:00,30.565140753673585
2025-07-12 13:00:00+00:00,31.351899176636547
2025-07-12 14:00:00+00:00,30.507129771329126
2025-07-12 15:00:00+00:00,29.759161617282537
2025-07-12 16:00:00+00:00,29.81954909507776
2025-07-12 17:00:00+00:00,28.461769363859375
2025-07-12 18:00:00+00:00,27.656280835874263
2025-07-12 19:00:00+00:00,27.76330895630383
2025-07-12 20:00:00+00:00,27.18725491423686
2025-07-12 21:00:00+00:00,28.08417368908701
2025-07-12 22:00:00+00:00,28.029107391370268
2025-07-12 23:00:00+00:00,28.951597858715296
2025-07-13 00:00:00+00:00,28.86760280899916
2025-07-13 01:00:00+00:00,29.55974919332219
2025-07-13 02:00:00+00:00,29.009595070353328
2025-07-13 03:00:00+00:00,28.851471668812856
2025-07-13 04:00:00+00:00,28.616054955374914
2025-07-13 05:00:00+00:00,27.564985469658048
2025-07-13 06:00:00+00:00,26.515153974561986
2025-07-13 07:00:00+00:00,29.153602374437853
2025-07-13 08:00:00+00:00,31.191982812511064
2025-07-13 09:00:00+00:00,37.09476262223176
2025-07-13 10:00:00+00:00,39.100838830114675
2025-07-13 11:00:00+00:00,39.228824089076504
2025-07-13 12:00:00+00:00,41.332484981051266
2025-07-13 13:00:00+00:00,40.63978978456571
2025-07-13 14:00:00+00:00,39.20397566517947
2025-07-13 15:00:00+00:00,36.25529424314666
2025-07-13 16:00:00+00:00,32.13362117787979
2025-07-13 17:00:00+00:00,31.684573166967233
2025-07-13 18:00:00+00:00,30.352187007384487
2025-07-13 19:00:00+00:00,28.97726663521842
2025-07-13 20:00:00+00:00,26.92989671723236
2025-07-13 21:00:00+00:00,26.739283844764337
2025-07-13 22:00:00+00:00,26.781634188711976
2025-07-13 23:00:00+00:00,26.969978347793635
2025-07-14 00:00:00+00:00,26.85306897122073
2025-07-14 01:00:00+00:00,27.73046073106857
2025-07-14 02:00:00+00:00,28.06940117639634
2025-07-14 03:00:00+00:00,28.29501117258448
2025-07-14 04:00:00+00:00,26.924144674297068
2025-07-14 05:00:00+00:00,25.810603671135972
2025-07-14 06:00:00+00:00,27.068246523804703
2025-07-14 07:00:00+00:00,30.028607590345942
2025-07-14 08:00:00+00:00,30.96960509601974
2025-07-14 09:00:00+00:00,33.86193627918871
2025-07-14 10:00:00+00:00,37.2622191123418
2025-07-14 11:00:00+00:00,37.786617658547485
2025-07-14 12:00:00+00:00,39.679029800473785
2025-07-14 13:00:00+00:00,39.56188749507255
2025-07-14 14:00:00+00:00,39.43918929238804
2025-07-14 15:00:00+00:00,35.24832667203443
2025-07-14 16:00:00+00:00,30.474628281030466
2025-07-14 17:00:00+00:00,30.085416025286765
2025-07-14 18:00:00+00:00,29.387381968962618
2025-07-14 19:00:00+00:00,28.98468842174812
2025-07-14 20:00:00+00:00,29.560346794547026
2025-07-14 21:00:00+00:00,29.453080600678287
2025-07-14 22:00:00+00:00,29.20765395288925
2025-07-14 23:00:00+00:00,29.466838544094887
2025-07-15 00:00:00+00:00,29.017315034411798
2025-07-15 01:00:00+00:00,28.732458190953775
2025-07-15 02:00:00+00:00,28.783974162591825
2025-07-15 03:00:00+00:00,28.71738150568963
2025-07-15 04:00:00+00:00,29.18996551713427
2025-07-15 05:00:00+00:00,29.097734565275267
2025-07-15 06:00:00+00:00,26.421855468760278
2025-07-15 07:00:00+00:00,30.089823020121848
2025-07-15 08:00:00+00:00,29.503347202117666
2025-07-15 09:00:00+00:00,33.43221212153477
2025-07-15 10:00:00+00:00,38.28542899204668
2025-07-15 11:00:00+00:00,41.55171337377944
2025-07-15 12:00:00+00:00,45.387886448955264
2025-07-15 13:00:00+00:00,41.36228247013805
2025-07-15 14:00:00+00:00,39.68722438868771
2025-07-15 15:00:00+00:00,34.72577284039407
2025-07-15 16:00:00+00:00,30.008927872347186
2025-07-15 17:00:00+00:00,28.912795865238614
2025-07-15 18:00:00+00:00,27.799856201817377
2025-07-15 19:00:00+00:00,27.29542853339366
2025-07-15 20:00:00+00:00,26.054941142400203
2025-07-15 21:00:00+00:00,27.145672442103347
2025-07-15 22:00:00+00:00,27.956260562802527
2025-07-15 23:00:00+00:00,27.81517828923716
2025-07-16 00:00:00+00:00,28.010131991019463
2025-07-16 01:00:00+00:00,29.989316400310763
2025-07-16 02:00:00+00:00,30.86055778801161
2025-07-16 03:00:00+00:00,32.601658590780545
2025-07-16 04:00:00+00:00,33.639606773975416
2025-07-16 05:00:00+00:00,33.188492768721424
2025-07-16 06:00:00+00:00,30.57773959802808
2025-07-16 07:00:00+00:00,30.748755415144487
2025-07-16 08:00:00+00:00,29.236319146957094
2025-07-16 09:00:00+00:00,33.213609917959694
2025-07-16 10:00:00+00:00,37.500686440977844
2025-07-16 11:00:00+00:00,40.0555940437388
2025-07-16 12:00:00+00:00,41.9352194408882
2025-07-16 13:00:00+00:00,42.13610048603252
2025-07-16 14:00:00+00:00,42.266271386291
2025-07-16 15:00:00+00:00,40.140172563918995
2025-07-16 16:00:00+00:00,30.652333775520972
2025-07-16 17:00:00+00:00,28.60985865024807
2025-07-16 18:00:00+00:00,27.981477255655946
2025-07-16 19:00:00+00:00,27.825188721747793
2025-07-16 20:00:00+00:00,27.00253175599115
2025-07-16 21:00:00+00:00,27.174348242222592
2025-07-16 22:00:00+00:00,27.210794558783505
2025-07-16 23:00:00+00:00,26.737294988002006
2025-07-17 00:00:00+00:00,25.853185153576334
2025-07-17 01:00:00+00:00,26.81155135999056
2025-07-17 02:00:00+00:00,28.26706606178488
2025-07-17 03:00:00+00:00,29.454362269895675
2025-07-17 04:00:00+00:00,29.42218264517949
2025-07-17 05:00:00+00:00,29.85458932170335
2025-07-17 06:00:00+00:00,30.430372437442408
2025-07-17 07:00:00+00:00,30.16823904444057
2025-07-17 08:00:00+00:00,28.563694292502618
2025-07-17 09:00:00+00:00,32.91964650765735
2025-07-17 10:00:00+00:00,36.85310730603108
2025-07-17 11:00:00+00:00,40.13581548445608
2025-07-17 12:00:00+00:00,41.825554486108146
2025-07-17 13:00:00+00:00,47.39567770938435
2025-07-17 14:00:00+00:00,48.16663933356
2025-07-17 15:00:00+00:00,44.029710601849025
2025-07-17 16:00:00+00:00,41.58338809408771
2025-07-17 17:00:00+00:00,38.998255007265115
2025-07-17 18:00:00+00:00,34.55528598532567
2025-07-17 19:00:00+00:00,30.96553992378002
2025-07-17 20:00:00+00:00,28.04651307218873
2025-07-17 21:00:00+00:00,27.878597326297495
2025-07-17 22:00:00+00:00,27.596936099272313
2025-07-17 23:00:00+00:00,27.675848228186574
2025-07-18 00:00:00+00:00,27.16366158928129
2025-07-18 01:00:00+00:00,25.873373531069937
2025-07-18 02:00:00+00:00,26.115540254492522
2025-07-18 03:00:00+00:00,26.172540446009194
2025-07-18 04:00:00+00:00,25.538493456355525
2025-07-18 05:00:00+00:00,27.97608402908071
2025-07-18 06:00:00+00:00,29.048884080691373
2025-07-18 07:00:00+00:00,30.4445804769744
2025-07-18 08:00:00+00:00,29.32413402003617
2025-07-18 09:00:00+00:00,34.77165258748338
2025-07-18 10:00:00+00:00,37.9914841777029
2025-07-18 11:00:00+00:00,40.40559775129153
2025-07-18 12:00:00+00:00,43.832844724447526
2025-07-18 13:00:00+00:00,42.40349872093962
2025-07-18 14:00:00+00:00,42.15482105791109
2025-07-18 15:00:00+00:00,38.76519264065681
2025-07-18 16:00:00+00:00,37.832330692154265
2025-07-18 17:00:00+00:00,37.190049643984096
2025-07-18 18:00:00+00:00,34.66536347333768
2025-07-18 19:00:00+00:00,32.09648830766016
2025-07-18 20:00:00+00:00,29.94032062825723
2025-07-18 21:00:00+00:00,28.95107823385923
2025-07-18 22:00:00+00:00,28.71754142161385
2025-07-18 23:00:00+00:00,28.46619431740911
2025-07-19 00:00:00+00:00,28.29141990722321
2025-07-19 01:00:00+00:00,28.60421229352983
2025-07-19 02:00:00+00:00,28.852304886482532
2025-07-19 03:00:00+00:00,28.623544052135056
2025-07-19 04:00:00+00:00,28.498248698448283
2025-07-19 05:00:00+00:00,29.530337897039434
2025-07-19 06:00:00+00:00,28.623822446815197
2025-07-19 07:00:00+00:00,29.83902384323695
2025-07-19 08:00:00+00:00,30.26960614475621
2025-07-19 09:00:00+00:00,33.24015838502751
2025-07-19 10:00:00+00:00,36.03850567527199
2025-07-19 11:00:00+00:00,40.19479077810361
2025-07-19 12:00:00+00:00,41.520168587274526
2025-07-19 13:00:00+00:00,43.58434788495118
2025-07-19 14:00:00+00:00,45.46615354023902
2025-07-19 15:00:00+00:00,44.81422187386306
2025-07-19 16:00:00+00:00,44.832441094376286
2025-07-19 17:00:00+00:00,39.90975526737628
2025-07-19 18:00:00+00:00,36.41628171295169
2025-07-19 19:00:00+00:00,32.06344870734636
2025-07-19 20:00:00+00:00,28.723793187878286
2025-07-19 21:00:00+00:00,28.588780133776424
2025-07-19 22:00:00+00:00,27.940803948287318
2025-07-19 23:00:00+00:00,27.411055299695448
2025-07-20 00:00:00+00:00,27.998422684391663
2025-07-20 01:00:00+00:00,26.812719142921033
2025-07-20 02:00:00+00:00,27.47909978695356
2025-07-20 03:00:00+00:00,28.289191552469646
2025-07-20 04:00:00+00:00,28.352329130880264
2025-07-20 05:00:00+00:00,28.313934530757663
2025-07-20 06:00:00+00:00,28.57634345229524
2025-07-20 07:00:00+00:00,33.7684051223559
2025-07-20 08:00:00+00:00,37.33543529621434
2025-07-20 09:00:00+00:00,40.1500405714432
2025-07-20 10:00:00+00:00,40.98920476697122
2025-07-20 11:00:00+00:00,39.54333868826555
2025-07-20 12:00:00+00:00,37.388288276467854
2025-07-20 13:00:00+00:00,37.93604609633457
2025-07-20 14:00:00+00:00,39.655573276352776
2025-07-20 15:00:00+00:00,40.031187596380505
2025-07-20 16:00:00+00:00,39.58431207947882
2025-07-20 17:00:00+00:00,40.04431494777935
2025-07-20 18:00:00+00:00,38.65909508825691
2025-07-20 19:00:00+00:00,38.07283712509926
2025-07-20 20:00:00+00:00,28.016132163895314
2025-07-20 21:00:00+00:00,28.178885989944668
2025-07-20 22:00:00+00:00,27.857014767007783
2025-07-20 23:00:00+00:00,27.64833893142557
2025-07-21 00:00:00+00:00,27.45156467510283
2025-07-21 01:00:00+00:00,26.976684235334538
2025-07-21 02:00:00+00:00,25.982945236004923
2025-07-21 03:00:00+00:00,26.102111874027024
2025-07-21 04:00:00+00:00,25.675633942754487
2025-07-21 05:00:00+00:00,26.478302959050957
2025-07-21 06:00:00+00:00,28.24757293750462
2025-07-21 07:00:00+00:00,29.655048915694394
2025-07-21 08:00:00+00:00,30.250480916859857
2025-07-21 09:00:00+00:00,32.45209771473103
2025-07-21 10:00:00+00:00,34.01890530820085
2025-07-21 11:00:00+00:00,36.57787062215527
2025-07-21 12:00:00+00:00,38.678021099125395
2025-07-21 13:00:00+00:00,40.09664823262556
2025-07-21 14:00:00+00:00,39.90069697282343
2025-07-21 15:00:00+00:00,39.8341494626295
2025-07-21 16:00:00+00:00,38.67796209225642
2025-07-21 17:00:00+00:00,41.48348004554735
2025-07-21 18:00:00+00:00,39.6023954397638
2025-07-21 19:00:00+00:00,36.904970019924505
2025-07-21 20:00:00+00:00,36.34566991918172
2025-07-21 21:00:00+00:00,33.45497472898024
2025-07-21 22:00:00+00:00,31.800254041392968
2025-07-21 23:00:00+00:00,30.43549212766205
2025-07-22 00:00:00+00:00,27.867114740669408
2025-07-22 01:00:00+00:00,26.568603125487655
2025-07-22 02:00:00+00:00,26.098030026019664
2025-07-22 03:00:00+00:00,25.722485245663492
2025-07-22 04:00:00+00:00,25.453241198843013
2025-07-22 05:00:00+00:00,26.82297515982514
2025-07-22 06:00:00+00:00,27.647742868692447
2025-07-22 07:00:00+00:00,29.479248131281643
2025-07-22 08:00:00+00:00,29.228757508795745
2025-07-22 09:00:00+00:00,32.90575620203373
2025-07-22 10:00:00+00:00,36.33100770662845
2025-07-22 11:00:00+00:00,36.58379740003981
2025-07-22 12:00:00+00:00,37.41401436690309
2025-07-22 13:00:00+00:00,37.91548160008186
2025-07-22 14:00:00+00:00,38.03918691541163
2025-07-22 15:00:00+00:00,37.53149974128234
2025-07-22 16:00:00+00:00,37.03450314097245
2025-07-22 17:00:00+00:00,36.43805441705451
2025-07-22 18:00:00+00:00,36.231553985150086
2025-07-22 19:00:00+00:00,34.15061564792444
2025-07-22 20:00:00+00:00,33.5257454698727
2025-07-22 21:00:00+00:00,33.87717682349489
2025-07-22 22:00:00+00:00,31.79656860414235
2025-07-22 23:00:00+00:00,30.433215895958433
2025-07-23 00:00:00+00:00,28.895835441516102
2025-07-23 01:00:00+00:00,28.08695214524103
2025-07-23 02:00:00+00:00,27.563609263582677
2025-07-23 03:00:00+00:00,27.230546532564155
2025-07-23 04:00:00+00:00,27.054689258987864
2025-07-23 05:00:00+00:00,26.771609609627316
2025-07-23 06:00:00+00:00,26.550018133618927
2025-07-23 07:00:00+00:00,28.586986002725318
2025-07-23 08:00:00+00:00,29.64987587230336
2025-07-23 09:00:00+00:00,32.12303433545163
2025-07-23 10:00:00+00:00,36.33138612919442
2025-07-23 11:00:00+00:00,36.849645548156296
2025-07-23 12:00:00+00:00,36.79527373054408
2025-07-23 13:00:00+00:00,37.23956655484106
2025-07-23 14:00:00+00:00,38.5569187988209
2025-07-23 15:00:00+00:00,38.35294816592009
2025-07-23 16:00:00+00:00,37.34727418666289
2025-07-23 17:00:00+00:00,37.46672295087512
2025-07-23 18:00:00+00:00,37.01186474540627
2025-07-23 19:00:00+00:00,36.9491733712201
2025-07-23 20:00:00+00:00,37.31791579443454
2025-07-23 21:00:00+00:00,36.588055193231504
2025-07-23 22:00:00+00:00,33.65950965666944
2025-07-23 23:00:00+00:00,31.785457879588854
2025-07-24 00:00:00+00:00,29.610486353151572
2025-07-24 01:00:00+00:00,28.940861046916375
2025-07-24 02:00:00+00:00,27.682826964451287
2025-07-24 03:00:00+00:00,26.991519991732893
2025-07-24 04:00:00+00:00,25.297840001601493
2025-07-24 05:00:00+00:00,26.28722625081454
2025-07-24 06:00:00+00:00,27.774759945532537
2025-07-24 07:00:00+00:00,28.362930735416107
2025-07-24 08:00:00+00:00,28.74513515837802
2025-07-24 09:00:00+00:00,35.48733561953635
2025-07-24 10:00:00+00:00,37.81974686457809
2025-07-24 11:00:00+00:00,38.982112127926264
2025-07-24 12:00:00+00:00,40.90480567383198
2025-07-24 13:00:00+00:00,41.21139563961099
2025-07-24 14:00:00+00:00,45.36969672166667
2025-07-24 15:00:00+00:00,39.797021964647286
2025-07-24 16:00:00+00:00,34.374140434783165
2025-07-24 17:00:00+00:00,34.699304965582364
2025-07-24 18:00:00+00:00,35.04783499211614
2025-07-24 19:00:00+00:00,35.80195554439238
2025-07-24 20:00:00+00:00,34.652189138842424
2025-07-24 21:00:00+00:00,36.74755556714742
2025-07-24 22:00:00+00:00,37.78158169299123
2025-07-24 23:00:00+00:00,38.542013846775895
2025-07-25 00:00:00+00:00,28.552354122737135
2025-07-25 01:00:00+00:00,28.6169302455963
2025-07-25 02:00:00+00:00,27.72334173866698
2025-07-25 03:00:00+00:00,27.82449440013756
2025-07-25 04:00:00+00:00,26.852526261007046
2025-07-25 05:00:00+00:00,26.46766239872742
2025-07-25 06:00:00+00:00,25.733343744990854
2025-07-25 07:00:00+00:00,28.043796948580223
2025-07-25 08:00:00+00:00,28.994210069905144
2025-07-25 09:00:00+00:00,31.02822230635254
2025-07-25 10:00:00+00:00,32.955108831926694
2025-07-25 11:00:00+00:00,35.04470752335918
2025-07-25 12:00:00+00:00,34.828310125951674
2025-07-25 13:00:00+00:00,34.37518774923356
2025-07-25 14:00:00+00:00,34.464262407147956
2025-07-25 15:00:00+00:00,34.85377001917971
2025-07-25 16:00:00+00:00,32.432347223972435
2025-07-25 17:00:00+00:00,33.32780041537099
2025-07-25 18:00:00+00:00,34.60061955184446
2025-07-25 19:00:00+00:00,35.52904162477455
2025-07-25 20:00:00+00:00,32.39880005552054
2025-07-25 21:00:00+00:00,34.489595431472445
2025-07-25 22:00:00+00:00,36.828830536774774
2025-07-25 23:00:00+00:00,36.17256165144875
2025-07-26 00:00:00+00:00,33.97732963129024
2025-07-26 01:00:00+00:00,32.9115886733228
2025-07-26 02:00:00+00:00,31.595237447581425
2025-07-26 03:00:00+00:00,29.502580991157927
2025-07-26 04:00:00+00:00,25.731273923842153
2025-07-26 05:00:00+00:00,26.690041763990024
2025-07-26 06:00:00+00:00,27.548050946538037
2025-07-26 07:00:00+00:00,28.795384433248813
2025-07-26 08:00:00+00:00,29.713661798050637
2025-07-26 09:00:00+00:00,33.43953162906693
2025-07-26 10:00:00+00:00,37.06596511568901
2025-07-26 11:00:00+00:00,38.97699267604247
2025-07-26 12:00:00+00:00,41.77738851350135
2025-07-26 13:00:00+00:00,40.94010186043035
2025-07-26 14:00:00+00:00,42.71443552623741
2025-07-26 15:00:00+00:00,42.521641308907384
2025-07-26 16:00:00+00:00,35.09667104844727
2025-07-26 17:00:00+00:00,35.113165308795196
2025-07-26 18:00:00+00:00,35.76710556252294
2025-07-26 19:00:00+00:00,35.38174310875039
2025-07-26 20:00:00+00:00,32.98121957693808
2025-07-26 21:00:00+00:00,32.836518346589756
2025-07-26 22:00:00+00:00,32.49504944969248
2025-07-26 23:00:00+00:00,32.172338914195805
2025-07-27 00:00:00+00:00,31.004104480453115
2025-07-27 01:00:00+00:00,31.511344644341
2025-07-27 02:00:00+00:00,30.914052793595758
2025-07-27 03:00:00+00:00,28.959108331346748
2025-07-27 04:00:00+00:00,27.16388814408982
2025-07-27 05:00:00+00:00,27.55490760652642
2025-07-27 06:00:00+00:00,27.387633398902622
2025-07-27 07:00:00+00:00,28.94138574106058
2025-07-27 08:00:00+00:00,30.744813427797446
2025-07-27 09:00:00+00:00,32.18689632557123
2025-07-27 10:00:00+00:00,33.301151114785235
2025-07-27 11:00:00+00:00,33.365698473276815
2025-07-27 12:00:00+00:00,33.210773139099274
2025-07-27 13:00:00+00:00,35.989336014955846
2025-07-27 14:00:00+00:00,41.233342235621386
2025-07-27 15:00:00+00:00,39.11007703426457
2025-07-27 16:00:00+00:00,32.35527811475699
2025-07-27 17:00:00+00:00,33.69370307960321
2025-07-27 18:00:00+00:00,33.35840470275406
2025-07-27 19:00:00+00:00,32.16854872649648
2025-07-27 20:00:00+00:00,32.03078468519529
2025-07-27 21:00:00+00:00,33.90407779966433
2025-07-27 22:00:00+00:00,34.417859342343796
2025-07-27 23:00:00+00:00,34.39893667195251
2025-07-28 00:00:00+00:00,36.55493500798681
2025-07-28 01:00:00+00:00,35.70189300798455
2025-07-28 02:00:00+00:00,34.36304735300479
2025-07-28 03:00:00+00:00,33.31569446561102
2025-07-28 04:00:00+00:00,29.99439820594162
2025-07-28 05:00:00+00:00,28.49788931232144
2025-07-28 06:00:00+00:00,26.542659169247713
2025-07-28 07:00:00+00:00,27.552922118022735
2025-07-28 08:00:00+00:00,28.304955326116968
2025-07-28 09:00:00+00:00,29.98047860895455
2025-07-28 10:00:00+00:00,31.550708450159796
2025-07-28 11:00:00+00:00,33.04764284529297
2025-07-28 12:00:00+00:00,34.33629530861406
2025-07-28 13:00:00+00:00,37.17327141894546
2025-07-28 14:00:00+00:00,39.70057001284998
2025-07-28 15:00:00+00:00,39.582511107715824
2025-07-28 16:00:00+00:00,38.536043545143315
2025-07-28 17:00:00+00:00,35.995392042148566
2025-07-28 18:00:00+00:00,34.90618304844103
2025-07-28 19:00:00+00:00,32.60604426737669
2025-07-28 20:00:00+00:00,30.081865266152107
2025-07-28 21:00:00+00:00,31.33544688234489
2025-07-28 22:00:00+00:00,32.131360384617004
2025-07-28 23:00:00+00:00,33.02219158685061
2025-07-29 00:00:00+00:00,33.16949928070077
2025-07-29 01:00:00+00:00,34.858913912156765
2025-07-29 02:00:00+00:00,36.87248280491208
2025-07-29 03:00:00+00:00,35.785498882393846
2025-07-29 04:00:00+00:00,30.1074240803212
2025-07-29 05:00:00+00:00,29.836643032369906
2025-07-29 06:00:00+00:00,26.519407804214946
2025-07-29 07:00:00+00:00,27.862681161555056
2025-07-29 08:00:00+00:00,28.384677856226304
2025-07-29 09:00:00+00:00,31.09312715632292
2025-07-29 10:00:00+00:00,32.908012044010114
2025-07-29 11:00:00+00:00,35.88198522201908
2025-07-29 12:00:00+00:00,39.88634335822531
2025-07-29 13:00:00+00:00,39.604510657249236
2025-07-29 14:00:00+00:00,39.40023582972778
2025-07-29 15:00:00+00:00,37.057257735565095
2025-07-29 16:00:00+00:00,34.40055041988639
2025-07-29 17:00:00+00:00,34.44945586685383
2025-07-29 18:00:00+00:00,33.72907267497435
2025-07-29 19:00:00+00:00,32.93571555303817
2025-07-29 20:00:00+00:00,31.30051514599451
2025-07-29 21:00:00+00:00,31.277601163598355
2025-07-29 22:00:00+00:00,31.91943445917977
2025-07-29 23:00:00+00:00,32.393671011468065
2025-07-30 00:00:00+00:00,32.95898089295143
2025-07-30 01:00:00+00:00,32.9087759630749
2025-07-30 02:00:00+00:00,35.54661239000791
2025-07-30 03:00:00+00:00,35.94475755971005
2025-07-30 04:00:00+00:00,36.48784768248176
2025-07-30 05:00:00+00:00,31.19633362055579
2025-07-30 06:00:00+00:00,25.933780684330507
2025-07-30 07:00:00+00:00,27.76078260100683
2025-07-30 08:00:00+00:00,29.063046916416077
2025-07-30 09:00:00+00:00,31.93796320328061
2025-07-30 10:00:00+00:00,36.216773818112294
2025-07-30 11:00:00+00:00,38.15063607508203
2025-07-30 12:00:00+00:00,39.37467621719216
2025-07-30 13:00:00+00:00,42.82756616594278
2025-07-30 14:00:00+00:00,41.94732792567043
2025-07-30 15:00:00+00:00,41.28121365992691
2025-07-30 16:00:00+00:00,37.0444905444326
2025-07-30 17:00:00+00:00,36.293840160806084
2025-07-30 18:00:00+00:00,37.437566309747865
2025-07-30 19:00:00+00:00,35.58098739640885
2025-07-30 20:00:00+00:00,31.698335313437802
2025-07-30 21:00:00+00:00,32.56542504191873
2025-07-30 22:00:00+00:00,32.29290582315965
2025-07-30 23:00:00+00:00,33.750753305978165
2025-07-31 00:00:00+00:00,33.00842022344943
2025-07-31 01:00:00+00:00,35.03654779831133
2025-07-31 02:00:00+00:00,33.856699563478145
2025-07-31 03:00:00+00:00,33.123146753519265
2025-07-31 04:00:00+00:00,31.97265933225089
2025-07-31 05:00:00+00:00,31.105660376845414
2025-07-31 06:00:00+00:00,25.989901199499965
2025-07-31 07:00:00+00:00,27.768310389288068
2025-07-31 08:00:00+00:00,30.15651837048499
2025-07-31 09:00:00+00:00,31.492707954927127
2025-07-31 10:00:00+00:00,34.9311262602213
2025-07-31 11:00:00+00:00,35.338900998873804
2025-07-31 12:00:00+00:00,35.94597457162956
2025-07-31 13:00:00+00:00,36.22992536734201
2025-07-31 14:00:00+00:00,35.89651233271093
2025-07-31 15:00:00+00:00,33.17885303551717
2025-07-31 16:00:00+00:00,31.71090815577959
2025-07-31 17:00:00+00:00,35.20328268900698
2025-07-31 18:00:00+00:00,36.77477644461357
2025-07-31 19:00:00+00:00,35.95332640207724
2025-07-31 20:00:00+00:00,34.39615624836713
2025-07-31 21:00:00+00:00,34.899783884667116
2025-07-31 22:00:00+00:00,35.55698004304211
2025-07-31 23:00:00+00:00,33.4129559878108
2025-08-01 00:00:00+00:00,30.747411228047653
2025-08-01 01:00:00+00:00,33.028798008951796
2025-08-01 02:00:00+00:00,34.3962902493946
2025-08-01 03:00:00+00:00,35.738344845026774
2025-08-01 04:00:00+00:00,34.86231771631652
2025-08-01 05:00:00+00:00,32.83042987423918
2025-08-01 06:00:00+00:00,27.314324344348528
2025-08-01 07:00:00+00:00,30.228304099969687
2025-08-01 08:00:00+00:00,32.02416957840827
2025-08-01 09:00:00+00:00,35.84197345090859
2025-08-01 10:00:00+00:00,35.74536587426074
2025-08-01 11:00:00+00:00,36.38200933657794
2025-08-01 12:00:00+00:00,35.44076670548878
2025-08-01 13:00:00+00:00,35.50970345652589
2025-08-01 14:00:00+00:00,34.25943181163773
2025-08-01 15:00:00+00:00,34.03754179037267
2025-08-01 16:00:00+00:00,32.933108527952925
2025-08-01 17:00:00+00:00,33.375573854582754
2025-08-01 18:00:00+00:00,33.79857634782022
2025-08-01 19:00:00+00:00,33.60559485765493
2025-08-01 20:00:00+00:00,33.33431977719988
2025-08-01 21:00:00+00:00,32.984549481820075
2025-08-01 22:00:00+00:00,31.393395211365263
2025-08-01 23:00:00+00:00,30.606211750616286
2025-08-02 00:00:00+00:00,28.406840263075125
2025-08-02 01:00:00+00:00,30.423375280498316
2025-08-02 02:00:00+00:00,31.246657622254126
2025-08-02 03:00:00+00:00,31.4683686971923
2025-08-02 04:00:00+00:00,31.08247356616037
2025-08-02 05:00:00+00:00,32.417795863358435
2025-08-02 06:00:00+00:00,29.43885653185901
2025-08-02 07:00:00+00:00,32.32827819441001
2025-08-02 08:00:00+00:00,36.110817916581695
2025-08-02 09:00:00+00:00,38.10486447969354
2025-08-02 10:00:00+00:00,39.010172683307815
2025-08-02 11:00:00+00:00,37.831982343339064
2025-08-02 12:00:00+00:00,34.71061035906639
2025-08-02 13:00:00+00:00,37.3676643849871
2025-08-02 14:00:00+00:00,38.345492520159496
2025-08-02 15:00:00+00:00,37.5984821078803
2025-08-02 16:00:00+00:00,37.437733928412634
2025-08-02 17:00:00+00:00,37.70022669573333
2025-08-02 18:00:00+00:00,38.30865536042497
2025-08-02 19:00:00+00:00,36.47520779335691
2025-08-02 20:00:00+00:00,34.551436060292865
2025-08-02 21:00:00+00:00,33.56940949259794
2025-08-02 22:00:00+00:00,32.27920045098117
2025-08-02 23:00:00+00:00,31.561800927715083
2025-08-03 00:00:00+00:00,29.534676193420246
2025-08-03 01:00:00+00:00,28.902271288084897
2025-08-03 02:00:00+00:00,29.11704828777844
2025-08-03 03:00:00+00:00,29.320028920347525
2025-08-03 04:00:00+00:00,30.738765475094517
2025-08-03 05:00:00+00:00,33.232777342078094
2025-08-03 06:00:00+00:00,30.8996404667898
2025-08-03 07:00:00+00:00,36.63223536185862
2025-08-03 08:00:00+00:00,42.60154054438842
2025-08-03 09:00:00+00:00,41.89860486538775
2025-08-03 10:00:00+00:00,40.178946252258505
2025-08-03 11:00:00+00:00,37.87537130423034
2025-08-03 12:00:00+00:00,37.57921314243265
2025-08-03 13:00:00+00:00,39.008165422455335
2025-08-03 14:00:00+00:00,38.13281910972727
2025-08-03 15:00:00+00:00,37.548040029480724
2025-08-03 16:00:00+00:00,37.038159975283364
2025-08-03 17:00:00+00:00,37.777014332261615
2025-08-03 18:00:00+00:00,38.702804062619116
2025-08-03 19:00:00+00:00,33.556721866162086
2025-08-03 20:00:00+00:00,32.16038259699926
2025-08-03 21:00:00+00:00,31.846816902554696
2025-08-03 22:00:00+00:00,33.09215557514234
2025-08-03 23:00:00+00:00,33.10546435141331
2025-08-04 00:00:00+00:00,31.36034090406325
2025-08-04 01:00:00+00:00,31.549245121869802
2025-08-04 02:00:00+00:00,32.329141816188766
2025-08-04 03:00:00+00:00,33.27181072313422
2025-08-04 04:00:00+00:00,33.560104945211464
2025-08-04 05:00:00+00:00,34.11662041000178
2025-08-04 06:00:00+00:00,29.14681303490943
2025-08-04 07:00:00+00:00,34.68174311657886
2025-08-04 08:00:00+00:00,38.96612185331537
2025-08-04 09:00:00+00:00,40.17645817106626
2025-08-04 10:00:00+00:00,42.07735587246147
2025-08-04 11:00:00+00:00,39.58781279146155
2025-08-04 12:00:00+00:00,39.80036989807391
2025-08-04 13:00:00+00:00,39.07340635478105
2025-08-04 14:00:00+00:00,38.888844738538815
2025-08-04 15:00:00+00:00,38.81355534509087
2025-08-04 16:00:00+00:00,37.91370891582243
2025-08-04 17:00:00+00:00,36.58659192576453
2025-08-04 18:00:00+00:00,34.77900091756454
2025-08-04 19:00:00+00:00,32.48102996064051
2025-08-04 20:00:00+00:00,30.33356783957324
2025-08-04 21:00:00+00:00,32.45880594637812
2025-08-04 22:00:00+00:00,33.72089253406232
2025-08-04 23:00:00+00:00,32.84228173270247
2025-08-05 00:00:00+00:00,31.78093701831312
2025-08-05 01:00:00+00:00,33.18952563020388
2025-08-05 02:00:00+00:00,31.498116251940537
2025-08-05 03:00:00+00:00,31.378114519832085
2025-08-05 04:00:00+00:00,30.814544603130997
2025-08-05 05:00:00+00:00,30.600421450644006
2025-08-05 06:00:00+00:00,28.09444826492347
2025-08-05 07:00:00+00:00,31.516385072742192
2025-08-05 08:00:00+00:00,34.5600150883881
2025-08-05 09:00:00+00:00,39.29540048630764
2025-08-05 10:00:00+00:00,42.744471574121505
2025-08-05 11:00:00+00:00,42.2644554905179
2025-08-05 12:00:00+00:00,45.3866993677206
2025-08-05 13:00:00+00:00,41.01427863314965
2025-08-05 14:00:00+00:00,42.58628268682338
2025-08-05 15:00:00+00:00,41.34720533471397
2025-08-05 16:00:00+00:00,35.22346348964657
2025-08-05 17:00:00+00:00,35.5226411954685
2025-08-05 18:00:00+00:00,34.24249514766696
2025-08-05 19:00:00+00:00,32.76395525623177
2025-08-05 20:00:00+00:00,30.450720259279446
2025-08-05 21:00:00+00:00,31.696655065352722
2025-08-05 22:00:00+00:00,31.15681788536263
2025-08-05 23:00:00+00:00,30.285141956152955
2025-08-06 00:00:00+00:00,29.533766137873496
2025-08-06 01:00:00+00:00,30.021639529900924
2025-08-06 02:00:00+00:00,30.155184582669033
2025-08-06 03:00:00+00:00,29.940499139301505
2025-08-06 04:00:00+00:00,28.73162028558472
2025-08-06 05:00:00+00:00,28.40100876176839
2025-08-06 06:00:00+00:00,26.548967638441333
2025-08-06 07:00:00+00:00,30.420862992643247
2025-08-06 08:00:00+00:00,33.48360542380129
2025-08-06 09:00:00+00:00,41.384508797870986
2025-08-06 10:00:00+00:00,50.12334984809475
2025-08-06 11:00:00+00:00,53.98728833818517
2025-08-06 12:00:00+00:00,56.3032442832569
2025-08-06 13:00:00+00:00,52.203507138918404
2025-08-06 14:00:00+00:00,46.51016992334109
2025-08-06 15:00:00+00:00,40.50955604043475
2025-08-06 16:00:00+00:00,34.95666561261653
2025-08-06 17:00:00+00:00,35.660349812406274
2025-08-06 18:00:00+00:00,35.76734919403946
2025-08-06 19:00:00+00:00,35.87074645635802
2025-08-06 20:00:00+00:00,32.638719064468226
2025-08-06 21:00:00+00:00,36.86340492060536
2025-08-06 22:00:00+00:00,36.249982002039424
2025-08-06 23:00:00+00:00,33.091454862026794
2025-08-07 00:00:00+00:00,32.658448754140004
2025-08-07 01:00:00+00:00,31.32308003936969
2025-08-07 02:00:00+00:00,30.506984247816455
2025-08-07 03:00:00+00:00,29.688206961522784
2025-08-07 04:00:00+00:00,28.166206733580697
2025-08-07 05:00:00+00:00,25.574620016769792
2025-08-07 06:00:00+00:00,23.25612828564419
2025-08-07 07:00:00+00:00,28.383369056402973
2025-08-07 08:00:00+00:00,32.280434597783405
2025-08-07 09:00:00+00:00,42.5660903842129
2025-08-07 10:00:00+00:00,45.414887625490465
2025-08-07 11:00:00+00:00,48.22564277806374
2025-08-07 12:00:00+00:00,52.706371112501955
2025-08-07 13:00:00+00:00,48.51865842886014
2025-08-07 14:00:00+00:00,42.44812591599763
2025-08-07 15:00:00+00:00,41.718251488356685
2025-08-07 16:00:00+00:00,36.419029316539294
2025-08-07 17:00:00+00:00,36.25418446313274
2025-08-07 18:00:00+00:00,36.218398647648335
2025-08-07 19:00:00+00:00,36.12939683581234
2025-08-07 20:00:00+00:00,33.405455985111146
2025-08-07 21:00:00+00:00,35.63972118898949
2025-08-07 22:00:00+00:00,33.37966841101624
2025-08-07 23:00:00+00:00,31.44394051089696
2025-08-08 00:00:00+00:00,30.435580574838035
2025-08-08 01:00:00+00:00,29.710957733455526
2025-08-08 02:00:00+00:00,29.757347992669324
2025-08-08 03:00:00+00:00,30.625255650217127
2025-08-08 04:00:00+00:00,31.442351232084327
2025-08-08 05:00:00+00:00,27.62329121913445
2025-08-08 06:00:00+00:00,25.721253432349204
2025-08-08 07:00:00+00:00,33.874623090152916
2025-08-08 08:00:00+00:00,40.46343722980641
2025-08-08 09:00:00+00:00,44.96225555602565
2025-08-08 10:00:00+00:00,49.104927583959956
2025-08-08 11:00:00+00:00,53.30208179966999
2025-08-08 12:00:00+00:00,56.28244188487046
2025-08-08 13:00:00+00:00,52.99419031064712
2025-08-08 14:00:00+00:00,49.94332224985086
2025-08-08 15:00:00+00:00,44.687921446230426
2025-08-08 16:00:00+00:00,38.39867372962527
2025-08-08 17:00:00+00:00,39.59361856400861
2025-08-08 18:00:00+00:00,39.67014911147434
2025-08-08 19:00:00+00:00,38.573306095324476
2025-08-08 20:00:00+00:00,37.78135163911618
2025-08-08 21:00:00+00:00,35.47731739315149
2025-08-08 22:00:00+00:00,33.072923783345416
2025-08-08 23:00:00+00:00,29.908486972428637
2025-08-09 00:00:00+00:00,29.856534036375958
2025-08-09 01:00:00+00:00,29.447281483909
2025-08-09 02:00:00+00:00,31.13078700281306
2025-08-09 03:00:00+00:00,31.707718691787694
2025-08-09 04:00:00+00:00,32.49017844364165
2025-08-09 05:00:00+00:00,29.528348301178685
2025-08-09 06:00:00+00:00,25.712202299941513
2025-08-09 07:00:00+00:00,30.62452900072901
2025-08-09 08:00:00+00:00,34.82724262575985
2025-08-09 09:00:00+00:00,36.197068300471386
2025-08-09 10:00:00+00:00,38.12867374424629
2025-08-09 11:00:00+00:00,39.744138569556455
2025-08-09 12:00:00+00:00,39.733630122441625
2025-08-09 13:00:00+00:00,44.45727518467424
2025-08-09 14:00:00+00:00,49.77807246937299
2025-08-09 15:00:00+00:00,46.073091290265815
2025-08-09 16:00:00+00:00,41.96734650603309
2025-08-09 17:00:00+00:00,41.181605226547916
2025-08-09 18:00:00+00:00,42.3303190179865
2025-08-09 19:00:00+00:00,39.50155579750841
2025-08-09 20:00:00+00:00,33.53487384227796
2025-08-09 21:00:00+00:00,33.05722175097939
2025-08-09 22:00:00+00:00,32.53256346994756
2025-08-09 23:00:00+00:00,30.91199516896307
2025-08-10 00:00:00+00:00,29.682208968157518
2025-08-10 01:00:00+00:00,29.157128670144008
2025-08-10 02:00:00+00:00,29.592235067842058
2025-08-10 03:00:00+00:00,29.493333279323803
2025-08-10 04:00:00+00:00,29.254315991590445
2025-08-10 05:00:00+00:00,28.092319801228914
2025-08-10 06:00:00+00:00,26.082807039733343
2025-08-10 07:00:00+00:00,29.85663156619388
2025-08-10 08:00:00+00:00,32.01214182950138
2025-08-10 09:00:00+00:00,33.595238181828066
2025-08-10 10:00:00+00:00,35.28147047943732
2025-08-10 11:00:00+00:00,36.0381056794919
2025-08-10 12:00:00+00:00,37.3122703955254
2025-08-10 13:00:00+00:00,43.88992629477324
2025-08-10 14:00:00+00:00,49.64476448199385
2025-08-10 15:00:00+00:00,50.29905971698331
2025-08-10 16:00:00+00:00,47.06668378265648
2025-08-10 17:00:00+00:00,46.7099943903291
2025-08-10 18:00:00+00:00,44.01805816757157
2025-08-10 19:00:00+00:00,39.20364907898066
2025-08-10 20:00:00+00:00,35.45789736627853
2025-08-10 21:00:00+00:00,35.89886061173262
2025-08-10 22:00:00+00:00,35.305270092308675
2025-08-10 23:00:00+00:00,33.44157357719924
2025-08-11 00:00:00+00:00,31.552320986044393
2025-08-11 01:00:00+00:00,32.78517038616516
2025-08-11 02:00:00+00:00,33.964316793306416
2025-08-11 03:00:00+00:00,32.69294787651344
2025-08-11 04:00:00+00:00,31.370304345632096
2025-08-11 05:00:00+00:00,29.515604674773318
2025-08-11 06:00:00+00:00,26.395642901331545
2025-08-11 07:00:00+00:00,28.543409368459308
2025-08-11 08:00:00+00:00,28.78819970808439
2025-08-11 09:00:00+00:00,30.312414583134377
2025-08-11 10:00:00+00:00,30.947830674085814
2025-08-11 11:00:00+00:00,32.512921325092215
2025-08-11 12:00:00+00:00,33.67165792533627
2025-08-11 13:00:00+00:00,38.408483601165074
2025-08-11 14:00:00+00:00,45.26375520670511
2025-08-11 15:00:00+00:00,44.34351662403076
2025-08-11 16:00:00+00:00,44.39119717782273
2025-08-11 17:00:00+00:00,42.006354596464625
2025-08-11 18:00:00+00:00,42.4941528173734
2025-08-11 19:00:00+00:00,39.5251024516985
2025-08-11 20:00:00+00:00,36.030333607930274
2025-08-11 21:00:00+00:00,35.83074673678148
2025-08-11 22:00:00+00:00,34.78394837259202
2025-08-11 23:00:00+00:00,32.90978246529352
2025-08-12 00:00:00+00:00,30.162944005408164
2025-08-12 01:00:00+00:00,31.233176662598876
2025-08-12 02:00:00+00:00,29.906880087548647
2025-08-12 03:00:00+00:00,30.452128255904423
2025-08-12 04:00:00+00:00,28.747981891231912
2025-08-12 05:00:00+00:00,28.996794236735155
2025-08-12 06:00:00+00:00,28.392746124680688
2025-08-12 07:00:00+00:00,30.896847925026012
2025-08-12 08:00:00+00:00,31.745186883242724
2025-08-12 09:00:00+00:00,41.89883783279738
2025-08-12 10:00:00+00:00,46.439950357270014
2025-08-12 11:00:00+00:00,48.50620572573317
2025-08-12 12:00:00+00:00,47.62235755370839
2025-08-12 13:00:00+00:00,51.63854348646557
2025-08-12 14:00:00+00:00,53.20814597017081
2025-08-12 15:00:00+00:00,47.85406677964447
2025-08-12 16:00:00+00:00,46.56778900492176
2025-08-12 17:00:00+00:00,45.61340115384729
2025-08-12 18:00:00+00:00,44.117215629343434
2025-08-12 19:00:00+00:00,43.71389597744465
2025-08-12 20:00:00+00:00,34.95132478031318
2025-08-12 21:00:00+00:00,35.13491697738136
2025-08-12 22:00:00+00:00,34.41025949069627
2025-08-12 23:00:00+00:00,34.93036146352572
2025-08-13 00:00:00+00:00,33.404711824875065
2025-08-13 01:00:00+00:00,31.046364851451155
2025-08-13 02:00:00+00:00,29.999620115952187
2025-08-13 03:00:00+00:00,28.73145050132516
2025-08-13 04:00:00+00:00,27.78519852396438
2025-08-13 05:00:00+00:00,28.08181287691557
2025-08-13 06:00:00+00:00,28.332568410322295
2025-08-13 07:00:00+00:00,31.778954220327467
2025-08-13 08:00:00+00:00,35.74071904481386
2025-08-13 09:00:00+00:00,36.56433515319406
2025-08-13 10:00:00+00:00,36.68592739209507
2025-08-13 11:00:00+00:00,37.19367117969127
2025-08-13 12:00:00+00:00,35.07543992059799
2025-08-13 13:00:00+00:00,42.513752309332276
2025-08-13 14:00:00+00:00,41.336259763499555
2025-08-13 15:00:00+00:00,37.85183687890755
2025-08-13 16:00:00+00:00,35.26449670801072
2025-08-13 17:00:00+00:00,38.447989240904214
2025-08-13 18:00:00+00:00,41.862538141774536
2025-08-13 19:00:00+00:00,43.77114338980161
2025-08-13 20:00:00+00:00,40.64750515685273
2025-08-13 21:00:00+00:00,40.569873064250764
2025-08-13 22:00:00+00:00,39.985518268739455
2025-08-13 23:00:00+00:00,37.391309426832855
2025-08-14 00:00:00+00:00,31.862526569593438
2025-08-14 01:00:00+00:00,32.26644180370253
2025-08-14 02:00:00+00:00,31.921916809491986
2025-08-14 03:00:00+00:00,31.181217157948407
2025-08-14 04:00:00+00:00,30.03815329392921
2025-08-14 05:00:00+00:00,31.20460372399508
2025-08-14 06:00:00+00:00,30.942398703984328
2025-08-14 07:00:00+00:00,30.85284190818113
2025-08-14 08:00:00+00:00,29.251413090117865
2025-08-14 09:00:00+00:00,30.392632829368427
2025-08-14 10:00:00+00:00,31.870411890427587
2025-08-14 11:00:00+00:00,33.706848171307065
2025-08-14 12:00:00+00:00,34.10176724178855
2025-08-14 13:00:00+00:00,38.83386929885781
2025-08-14 14:00:00+00:00,39.52852811367201
2025-08-14 15:00:00+00:00,38.795378476848036
2025-08-14 16:00:00+00:00,38.301986036213066
2025-08-14 17:00:00+00:00,39.997640788468985
2025-08-14 18:00:00+00:00,39.58091612855579
2025-08-14 19:00:00+00:00,41.8203583572207
2025-08-14 20:00:00+00:00,42.597766605446886
2025-08-14 21:00:00+00:00,38.911877980466386
2025-08-14 22:00:00+00:00,37.844219661666635
2025-08-14 23:00:00+00:00,37.09212570954494
2025-08-15 00:00:00+00:00,35.23134230977776
2025-08-15 01:00:00+00:00,35.59170364918296
2025-08-15 02:00:00+00:00,33.03861743199619
2025-08-15 03:00:00+00:00,32.02034715040021
2025-08-15 04:00:00+00:00,30.42800314511016
2025-08-15 05:00:00+00:00,31.327731118499834
2025-08-15 06:00:00+00:00,31.542336732681655
2025-08-15 07:00:00+00:00,34.701633316182495
2025-08-15 08:00:00+00:00,35.65537600816061
2025-08-15 09:00:00+00:00,36.01693375843868
2025-08-15 10:00:00+00:00,37.15083442448258
2025-08-15 11:00:00+00:00,36.73957619481242
2025-08-15 12:00:00+00:00,36.42418934653144
2025-08-15 13:00:00+00:00,36.63446839906939
2025-08-15 14:00:00+00:00,38.06417532007426
2025-08-15 15:00:00+00:00,38.69297578172698
2025-08-15 16:00:00+00:00,39.012647614503294
2025-08-15 17:00:00+00:00,40.937649844533354
2025-08-15 18:00:00+00:00,41.70376734746994
2025-08-15 19:00:00+00:00,42.373544076618174
2025-08-15 20:00:00+00:00,40.754271836793144
2025-08-15 21:00:00+00:00,38.810610717706325
2025-08-15 22:00:00+00:00,38.34314440326383
2025-08-15 23:00:00+00:00,38.37931402056664
2025-08-16 00:00:00+00:00,36.14206864444635
2025-08-16 01:00:00+00:00,35.847435772630035
2025-08-16 02:00:00+00:00,34.452402861817205
2025-08-16 03:00:00+00:00,31.621886824429485
2025-08-16 04:00:00+00:00,29.601273130053148
2025-08-16 05:00:00+00:00,29.727607525262222
2025-08-16 06:00:00+00:00,28.14529085595413
2025-08-16 07:00:00+00:00,30.709346243372504
2025-08-16 08:00:00+00:00,31.388804392191613
2025-08-16 09:00:00+00:00,36.00144806545907
2025-08-16 10:00:00+00:00,38.956663468473145
2025-08-16 11:00:00+00:00,40.825300692569385
2025-08-16 12:00:00+00:00,41.77731049901395
2025-08-16 13:00:00+00:00,52.568923860765146
2025-08-16 14:00:00+00:00,50.54705529815516
2025-08-16 15:00:00+00:00,46.924266187712185
2025-08-16 16:00:00+00:00,45.71703104739062
2025-08-16 17:00:00+00:00,47.085518083647486
2025-08-16 18:00:00+00:00,44.7387228646932
2025-08-16 19:00:00+00:00,44.41616257524554
2025-08-16 20:00:00+00:00,39.01769969997192
2025-08-16 21:00:00+00:00,37.79507432335916
2025-08-16 22:00:00+00:00,38.57282077573613
2025-08-16 23:00:00+00:00,34.89902075407882
2025-08-17 00:00:00+00:00,31.76345046351406
2025-08-17 01:00:00+00:00,31.936959643174383
2025-08-17 02:00:00+00:00,31.678971128127998
2025-08-17 03:00:00+00:00,31.72829926544394
2025-08-17 04:00:00+00:00,31.00165138112025
2025-08-17 05:00:00+00:00,30.450588299759882
2025-08-17 06:00:00+00:00,28.27398919185798
2025-08-17 07:00:00+00:00,29.815920736817237
2025-08-17 08:00:00+00:00,31.264990863926144
2025-08-17 09:00:00+00:00,35.02002919729138
2025-08-17 10:00:00+00:00,36.90814867675394
2025-08-17 11:00:00+00:00,37.170926703698626
2025-08-17 12:00:00+00:00,38.84765525781858
2025-08-17 13:00:00+00:00,38.94802382859664
2025-08-17 14:00:00+00:00,40.07206661357207
2025-08-17 15:00:00+00:00,39.390913902523366
2025-08-17 16:00:00+00:00,38.76865147352744
2025-08-17 17:00:00+00:00,39.19210801099376
2025-08-17 18:00:00+00:00,38.01428293949338
2025-08-17 19:00:00+00:00,34.960352601919105
2025-08-17 20:00:00+00:00,33.11851000472815
2025-08-17 21:00:00+00:00,34.36970754342274
2025-08-17 22:00:00+00:00,38.55481685827149
2025-08-17 23:00:00+00:00,40.05750129806926
2025-08-18 00:00:00+00:00,38.14943306084064
2025-08-18 01:00:00+00:00,35.566542404202465
2025-08-18 02:00:00+00:00,34.64285718228685
2025-08-18 03:00:00+00:00,32.861261896002496
2025-08-18 04:00:00+00:00,30.948931562633007
2025-08-18 05:00:00+00:00,29.411832305270067
2025-08-18 06:00:00+00:00,27.95245346843538
2025-08-18 07:00:00+00:00,32.56113271023825
2025-08-18 08:00:00+00:00,35.922471534402334
2025-08-18 09:00:00+00:00,38.295906848014965
2025-08-18 10:00:00+00:00,38.05650922476632
2025-08-18 11:00:00+00:00,38.66668882934613
2025-08-18 12:00:00+00:00,38.50506416689057
2025-08-18 13:00:00+00:00,38.36956760085384
2025-08-18 14:00:00+00:00,37.387023675451054
2025-08-18 15:00:00+00:00,35.3617506950425
2025-08-18 16:00:00+00:00,35.176846849907605
2025-08-18 17:00:00+00:00,35.88067117479201
2025-08-18 18:00:00+00:00,35.594335120422365
2025-08-18 19:00:00+00:00,34.99268850627132
2025-08-18 20:00:00+00:00,33.7952036041013
2025-08-18 21:00:00+00:00,36.397866586735155
2025-08-18 22:00:00+00:00,37.58584048696681
2025-08-18 23:00:00+00:00,37.869086193920865
2025-08-19 00:00:00+00:00,38.03101218699601
2025-08-19 01:00:00+00:00,36.27827430129487
2025-08-19 02:00:00+00:00,35.55652862651754
2025-08-19 03:00:00+00:00,35.61300936225217
2025-08-19 04:00:00+00:00,33.69296880850381
2025-08-19 05:00:00+00:00,31.903639103458747
2025-08-19 06:00:00+00:00,28.482147009032552
2025-08-19 07:00:00+00:00,31.473250791496756
2025-08-19 08:00:00+00:00,36.2391636307568
2025-08-19 09:00:00+00:00,39.421432810861276
2025-08-19 10:00:00+00:00,43.27777033219703
2025-08-19 11:00:00+00:00,46.30623172610321
2025-08-19 12:00:00+00:00,47.23620761347991
2025-08-19 13:00:00+00:00,44.003521043611904
2025-08-19 14:00:00+00:00,42.97645716028533
2025-08-19 15:00:00+00:00,38.54255272673957
2025-08-19 16:00:00+00:00,35.17444916174175
2025-08-19 17:00:00+00:00,34.92004328417266
2025-08-19 18:00:00+00:00,35.91907223174135
2025-08-19 19:00:00+00:00,37.294115563038126
2025-08-19 20:00:00+00:00,36.81708970911404
2025-08-19 21:00:00+00:00,38.91854971900573
2025-08-19 22:00:00+00:00,39.6881443891315
2025-08-19 23:00:00+00:00,37.618816030320744
2025-08-20 00:00:00+00:00,36.924176229112305
2025-08-20 01:00:00+00:00,35.56155514285195
2025-08-20 02:00:00+00:00,35.39566911593054
2025-08-20 03:00:00+00:00,34.22584574849803
2025-08-20 04:00:00+00:00,32.50393274868924
2025-08-20 05:00:00+00:00,32.85306534707855
2025-08-20 06:00:00+00:00,31.973004788595183
2025-08-20 07:00:00+00:00,34.79234713957944
2025-08-20 08:00:00+00:00,34.22526089872873
2025-08-20 09:00:00+00:00,36.081897049552495
2025-08-20 10:00:00+00:00,37.078673960557005
2025-08-20 11:00:00+00:00,37.07536603857164
2025-08-20 12:00:00+00:00,37.722393231865034
2025-08-20 13:00:00+00:00,37.13977259924847
2025-08-20 14:00:00+00:00,38.25693901273884
2025-08-20 15:00:00+00:00,39.71716949121144
2025-08-20 16:00:00+00:00,37.93437403356488
2025-08-20 17:00:00+00:00,40.43516917000494
2025-08-20 18:00:00+00:00,42.89675993222221
2025-08-20 19:00:00+00:00,42.756482348228246
2025-08-20 20:00:00+00:00,40.97497019823649
2025-08-20 21:00:00+00:00,41.928693750193176
2025-08-20 22:00:00+00:00,40.05842171175996
2025-08-20 23:00:00+00:00,41.205835056969846
2025-08-21 00:00:00+00:00,40.16855702700843
2025-08-21 01:00:00+00:00,37.168893889331976
2025-08-21 02:00:00+00:00,35.91906298512992
2025-08-21 03:00:00+00:00,34.18826082656634
2025-08-21 04:00:00+00:00,31.068189739256823
2025-08-21 05:00:00+00:00,34.1614332380953
2025-08-21 06:00:00+00:00,35.33670315724698
2025-08-21 07:00:00+00:00,36.18025611347181
2025-08-21 08:00:00+00:00,31.92499157212577
2025-08-21 09:00:00+00:00,34.30845190407213
2025-08-21 10:00:00+00:00,37.15059116744947
2025-08-21 11:00:00+00:00,37.77979616266784
2025-08-21 12:00:00+00:00,38.31819145431619
2025-08-21 13:00:00+00:00,38.72794713916043
2025-08-21 14:00:00+00:00,37.88593836691981
2025-08-21 15:00:00+00:00,37.19371900278756
2025-08-21 16:00:00+00:00,37.156696527523344
2025-08-21 17:00:00+00:00,38.03890919293859
2025-08-21 18:00:00+00:00,36.689483352934126
2025-08-21 19:00:00+00:00,34.79994566737873
2025-08-21 20:00:00+00:00,32.4269643951416
2025-08-21 21:00:00+00:00,32.48816516901327
2025-08-21 22:00:00+00:00,31.87208855563623
2025-08-21 23:00:00+00:00,32.60901223727531
2025-08-22 00:00:00+00:00,31.693414594445017
2025-08-22 01:00:00+00:00,32.51952728732806
2025-08-22 02:00:00+00:00,33.536639285009024
2025-08-22 03:00:00+00:00,35.37607989073993
2025-08-22 04:00:00+00:00,34.19980954892762
2025-08-22 05:00:00+00:00,35.88093434687138
2025-08-22 06:00:00+00:00,35.75288402319729
2025-08-22 07:00:00+00:00,33.779721573910706
2025-08-22 08:00:00+00:00,29.98649335045555
2025-08-22 09:00:00+00:00,34.97668673286755
2025-08-22 10:00:00+00:00,37.04413879342432
2025-08-22 11:00:00+00:00,38.4303264967558
2025-08-22 12:00:00+00:00,40.00665874775179
2025-08-22 13:00:00+00:00,38.64419694112987
2025-08-22 14:00:00+00:00,38.44876712092463
2025-08-22 15:00:00+00:00,36.395961231936084
2025-08-22 16:00:00+00:00,32.997739241328105
2025-08-22 17:00:00+00:00,33.6045175668127
2025-08-22 18:00:00+00:00,33.20028799985704
2025-08-22 19:00:00+00:00,32.263235367066585
2025-08-22 20:00:00+00:00,31.791111987698013
2025-08-22 21:00:00+00:00,31.911306336113565
2025-08-22 22:00:00+00:00,31.326604268260493
2025-08-22 23:00:00+00:00,32.4037697016868
2025-08-23 00:00:00+00:00,32.67109369669349
2025-08-23 01:00:00+00:00,33.71570782812328
2025-08-23 02:00:00+00:00,34.154353715219166
2025-08-23 03:00:00+00:00,35.27014103608909
2025-08-23 04:00:00+00:00,33.912829290527185
2025-08-23 05:00:00+00:00,35.239452765811265
2025-08-23 06:00:00+00:00,36.58523592513478
2025-08-23 07:00:00+00:00,35.341277883044214
2025-08-23 08:00:00+00:00,33.58490024051509
2025-08-23 09:00:00+00:00,37.3058174727641
2025-08-23 10:00:00+00:00,39.619295564910715
2025-08-23 11:00:00+00:00,40.332206838037365
2025-08-23 12:00:00+00:00,39.54581408605131
2025-08-23 13:00:00+00:00,41.49466288401311
2025-08-23 14:00:00+00:00,41.549176799917326
2025-08-23 15:00:00+00:00,39.62072307621363
2025-08-23 16:00:00+00:00,39.03247487593345
2025-08-23 17:00:00+00:00,34.58714065422195
2025-08-23 18:00:00+00:00,32.33680572752059
2025-08-23 19:00:00+00:00,31.31404327161658
2025-08-23 20:00:00+00:00,30.67001453215707
2025-08-23 21:00:00+00:00,31.07463225470147
2025-08-23 22:00:00+00:00,31.689257040196978
2025-08-23 23:00:00+00:00,34.3493828632728
2025-08-24 00:00:00+00:00,34.51478228758909
2025-08-24 01:00:00+00:00,35.72753323597675
2025-08-24 02:00:00+00:00,35.4658406268513
2025-08-24 03:00:00+00:00,34.450280616167696
2025-08-24 04:00:00+00:00,32.840498806818005
2025-08-24 05:00:00+00:00,34.64663070210933
2025-08-24 06:00:00+00:00,33.29896836119837
2025-08-24 07:00:00+00:00,34.88326622256923
2025-08-24 08:00:00+00:00,32.826826052834754
2025-08-24 09:00:00+00:00,37.04018095934537
2025-08-24 10:00:00+00:00,38.74365190897185
2025-08-24 11:00:00+00:00,41.51090782142158
2025-08-24 12:00:00+00:00,42.59404945839246
2025-08-24 13:00:00+00:00,42.67548739433184
2025-08-24 14:00:00+00:00,40.480090032749956
2025-08-24 15:00:00+00:00,38.193586617389215
2025-08-24 16:00:00+00:00,33.057861606502584
2025-08-24 17:00:00+00:00,33.13928090543424
2025-08-24 18:00:00+00:00,32.53977900103999
2025-08-24 19:00:00+00:00,32.33994189409917
2025-08-24 20:00:00+00:00,31.800462690085077
2025-08-24 21:00:00+00:00,31.707820670006104
2025-08-24 22:00:00+00:00,32.10672963935953
2025-08-24 23:00:00+00:00,32.6121847773035
2025-08-25 00:00:00+00:00,32.7785682334816
2025-08-25 01:00:00+00:00,34.91826150396045
2025-08-25 02:00:00+00:00,35.71866343478067
2025-08-25 03:00:00+00:00,35.80751095352571
2025-08-25 04:00:00+00:00,35.48734062292423
2025-08-25 05:00:00+00:00,35.64666454243324
2025-08-25 06:00:00+00:00,35.045672387268326
2025-08-25 07:00:00+00:00,37.19785243247851
2025-08-25 08:00:00+00:00,37.88901899623389
2025-08-25 09:00:00+00:00,40.34762548734087
2025-08-25 10:00:00+00:00,41.99717377925855
2025-08-25 11:00:00+00:00,44.00697459333383
2025-08-25 12:00:00+00:00,43.682266421108274
2025-08-25 13:00:00+00:00,42.87137211796884
2025-08-25 14:00:00+00:00,41.065443613253464
2025-08-25 15:00:00+00:00,37.95677094841034
2025-08-25 16:00:00+00:00,35.836577199608556
2025-08-25 17:00:00+00:00,35.90493531767863
2025-08-25 18:00:00+00:00,35.60693934568914
2025-08-25 19:00:00+00:00,32.65411531142004
2025-08-25 20:00:00+00:00,31.46537300836692
2025-08-25 21:00:00+00:00,32.14728731740908
2025-08-25 22:00:00+00:00,33.289156169721714
2025-08-25 23:00:00+00:00,31.457331687673726
2025-08-26 00:00:00+00:00,31.233534841105463
2025-08-26 01:00:00+00:00,31.145597220726277
2025-08-26 02:00:00+00:00,31.1993922746312
2025-08-26 03:00:00+00:00,30.909961525006423
2025-08-26 04:00:00+00:00,30.17116082183924
2025-08-26 05:00:00+00:00,30.115124083414837
2025-08-26 06:00:00+00:00,29.69578831825832
2025-08-26 07:00:00+00:00,35.76965522431319
2025-08-26 08:00:00+00:00,39.182257917081095
2025-08-26 09:00:00+00:00,40.92210753513164
2025-08-26 10:00:00+00:00,42.100468848007324
2025-08-26 11:00:00+00:00,41.64344270105418
2025-08-26 12:00:00+00:00,40.18207551196875
2025-08-26 13:00:00+00:00,40.83719181815398
2025-08-26 14:00:00+00:00,42.53229978766656
2025-08-26 15:00:00+00:00,38.76819292794931
2025-08-26 16:00:00+00:00,36.5184719815521
2025-08-26 17:00:00+00:00,37.65367891391031
2025-08-26 18:00:00+00:00,36.7540817180124
2025-08-26 19:00:00+00:00,32.62906471991063
2025-08-26 20:00:00+00:00,28.927897686834427
2025-08-26 21:00:00+00:00,30.81080590886515
2025-08-26 22:00:00+00:00,31.749486698851957
2025-08-26 23:00:00+00:00,31.2095645463686
2025-08-27 00:00:00+00:00,30.55490821495315
2025-08-27 01:00:00+00:00,29.81974644144876
2025-08-27 02:00:00+00:00,30.093245264543974
2025-08-27 03:00:00+00:00,31.602731883447774
2025-08-27 04:00:00+00:00,32.187650541738755
2025-08-27 05:00:00+00:00,29.921800521891367
2025-08-27 06:00:00+00:00,29.03716244651241
2025-08-27 07:00:00+00:00,31.867379628749593
2025-08-27 08:00:00+00:00,35.8365423501188
2025-08-27 09:00:00+00:00,37.005505405913866
2025-08-27 10:00:00+00:00,38.77351916360272
2025-08-27 11:00:00+00:00,40.53805064399211
2025-08-27 12:00:00+00:00,42.62908543105819
2025-08-27 13:00:00+00:00,41.66289671532232
2025-08-27 14:00:00+00:00,40.928987859737276
2025-08-27 15:00:00+00:00,39.36356409261536
2025-08-27 16:00:00+00:00,37.81972882756494
2025-08-27 17:00:00+00:00,38.2198540999418
2025-08-27 18:00:00+00:00,37.22614874001904
2025-08-27 19:00:00+00:00,35.68918624669823
2025-08-27 20:00:00+00:00,32.51368685949787
2025-08-27 21:00:00+00:00,30.22923156131136
2025-08-27 22:00:00+00:00,29.84570450304674
2025-08-27 23:00:00+00:00,30.22987531769922
2025-08-28 00:00:00+00:00,26.927447514512874
2025-08-28 01:00:00+00:00,28.371235052366202
2025-08-28 02:00:00+00:00,29.414423813185486
2025-08-28 03:00:00+00:00,31.738171343368208
2025-08-28 04:00:00+00:00,33.984457665340685
2025-08-28 05:00:00+00:00,31.385277709152987
2025-08-28 06:00:00+00:00,28.524021671966686
2025-08-28 07:00:00+00:00,32.97613324572797
2025-08-28 08:00:00+00:00,35.29163385733555
2025-08-28 09:00:00+00:00,37.157167465379054
2025-08-28 10:00:00+00:00,37.20977879031637
2025-08-28 11:00:00+00:00,38.83969005509685
2025-08-28 12:00:00+00:00,38.49429544657528
2025-08-28 13:00:00+00:00,38.47660068199239
2025-08-28 14:00:00+00:00,37.80656218497294
2025-08-28 15:00:00+00:00,37.59699194174191
2025-08-28 16:00:00+00:00,36.71945142770899
2025-08-28 17:00:00+00:00,35.69746161296077
2025-08-28 18:00:00+00:00,34.475591429308004
2025-08-28 19:00:00+00:00,32.1904328018433
2025-08-28 20:00:00+00:00,30.24354489491867
2025-08-28 21:00:00+00:00,29.95293261501594
2025-08-28 22:00:00+00:00,29.633928421841347
2025-08-28 23:00:00+00:00,29.355162619933846
2025-08-29 00:00:00+00:00,28.406894971462044
2025-08-29 01:00:00+00:00,28.50736804484545
2025-08-29 02:00:00+00:00,28.98914424332753
2025-08-29 03:00:00+00:00,29.80950413843216
2025-08-29 04:00:00+00:00,29.552958315093715
2025-08-29 05:00:00+00:00,28.14849588555254
2025-08-29 06:00:00+00:00,24.931234949860208
2025-08-29 07:00:00+00:00,31.065676312943562
2025-08-29 08:00:00+00:00,35.43090897981236
2025-08-29 09:00:00+00:00,36.84345941916364
2025-08-29 10:00:00+00:00,41.37095595289244
2025-08-29 11:00:00+00:00,42.1655983415345
2025-08-29 12:00:00+00:00,45.422240735201875
2025-08-29 13:00:00+00:00,45.03794845678685
2025-08-29 14:00:00+00:00,45.8368548756961
2025-08-29 15:00:00+00:00,42.63315990441982
2025-08-29 16:00:00+00:00,40.89370550474733
2025-08-29 17:00:00+00:00,38.87895681506171
2025-08-29 18:00:00+00:00,34.56240710740214
2025-08-29 19:00:00+00:00,32.10957687232814
2025-08-29 20:00:00+00:00,30.021244653519222
2025-08-29 21:00:00+00:00,30.1423085909859
2025-08-29 22:00:00+00:00,29.34356072951166
2025-08-29 23:00:00+00:00,29.637661133854454
2025-08-30 00:00:00+00:00,29.935192623488515
2025-08-30 01:00:00+00:00,29.841378537349197
2025-08-30 02:00:00+00:00,30.408281794597144
2025-08-30 03:00:00+00:00,30.460184649876474
2025-08-30 04:00:00+00:00,29.35763469118381
2025-08-30 05:00:00+00:00,29.918339250329723
2025-08-30 06:00:00+00:00,29.201597269727735
2025-08-30 07:00:00+00:00,32.1536376860529
2025-08-30 08:00:00+00:00,33.00057126657111
2025-08-30 09:00:00+00:00,39.37179658424062
2025-08-30 10:00:00+00:00,45.64411522503934
2025-08-30 11:00:00+00:00,51.813931596757634
2025-08-30 12:00:00+00:00,55.55637345651262
2025-08-30 13:00:00+00:00,54.09975120859515
2025-08-30 14:00:00+00:00,49.31669582141592
2025-08-30 15:00:00+00:00,44.17039947541934
2025-08-30 16:00:00+00:00,38.99035609584879
2025-08-30 17:00:00+00:00,38.431022726794836
2025-08-30 18:00:00+00:00,37.356669686117435
2025-08-30 19:00:00+00:00,35.370047967241725
2025-08-30 20:00:00+00:00,34.10526668090977
2025-08-30 21:00:00+00:00,32.38207987247728
2025-08-30 22:00:00+00:00,31.62219221280087
2025-08-30 23:00:00+00:00,28.750532444755972
2025-08-31 00:00:00+00:00,27.833243128923247
2025-08-31 01:00:00+00:00,28.645858776367735
2025-08-31 02:00:00+00:00,29.3804959723339
2025-08-31 03:00:00+00:00,29.214753760166165
2025-08-31 04:00:00+00:00,28.380772926118865
2025-08-31 05:00:00+00:00,29.723419834187542
2025-08-31 06:00:00+00:00,31.414122031374184
2025-08-31 07:00:00+00:00,35.09416796174427
2025-08-31 08:00:00+00:00,37.022199444058785
2025-08-31 09:00:00+00:00,40.04954506740412
2025-08-31 10:00:00+00:00,43.577952912560306
2025-08-31 11:00:00+00:00,45.104138203149084
2025-08-31 12:00:00+00:00,43.73616509321099
2025-08-31 13:00:00+00:00,42.00334331675292
2025-08-31 14:00:00+00:00,41.072230395010955
2025-08-31 15:00:00+00:00,39.82319976938282
2025-08-31 16:00:00+00:00,36.387616405477225
2025-08-31 17:00:00+00:00,36.826415497828556
2025-08-31 18:00:00+00:00,35.74825617576791
2025-08-31 19:00:00+00:00,33.82653054245455
2025-08-31 20:00:00+00:00,32.208501404054495
2025-08-31 21:00:00+00:00,32.0763215161235
2025-08-31 22:00:00+00:00,31.050930163684658
2025-08-31 23:00:00+00:00,30.615846587639055
2025-09-01 00:00:00+00:00,29.375405792862754
2025-09-01 01:00:00+00:00,28.357859353792684
2025-09-01 02:00:00+00:00,27.612534182388703
2025-09-01 03:00:00+00:00,26.602496381900373
2025-09-01 04:00:00+00:00,24.24226492414678
2025-09-01 05:00:00+00:00,28.259226831914393
2025-09-01 06:00:00+00:00,30.42527147366894
2025-09-01 07:00:00+00:00,33.89484310586752
2025-09-01 08:00:00+00:00,35.58231163350921
2025-09-01 09:00:00+00:00,40.660583742250566
2025-09-01 10:00:00+00:00,46.301384982143645
2025-09-01 11:00:00+00:00,48.59312403069055
2025-09-01 12:00:00+00:00,51.49932974202647
2025-09-01 13:00:00+00:00,50.39296804197324
2025-09-01 14:00:00+00:00,42.17339830910337
2025-09-01 15:00:00+00:00,40.12206454064964
2025-09-01 16:00:00+00:00,37.02003756128556
2025-09-01 17:00:00+00:00,35.64647689090093
2025-09-01 18:00:00+00:00,35.50293897636558
2025-09-01 19:00:00+00:00,33.71702030530051
2025-09-01 20:00:00+00:00,31.89679476920017
2025-09-01 21:00:00+00:00,30.976426080967133
2025-09-01 22:00:00+00:00,30.20508999351924
2025-09-01 23:00:00+00:00,29.226294351058954
2025-09-02 00:00:00+00:00,28.09105102369214
2025-09-02 01:00:00+00:00,28.124475336408437
2025-09-02 02:00:00+00:00,28.612226223684846
2025-09-02 03:00:00+00:00,28.462196954132445
2025-09-02 04:00:00+00:00,27.823211114609215
2025-09-02 05:00:00+00:00,33.075763764291125
2025-09-02 06:00:00+00:00,36.58426253347137
2025-09-02 07:00:00+00:00,34.08890671866451
2025-09-02 08:00:00+00:00,30.907214814480863
2025-09-02 09:00:00+00:00,34.85083532030119
2025-09-02 10:00:00+00:00,38.89639464989035
2025-09-02 11:00:00+00:00,41.08147018690484
2025-09-02 12:00:00+00:00,42.492117355045664
2025-09-02 13:00:00+00:00,42.327807666567836
2025-09-02 14:00:00+00:00,42.33847977570648
2025-09-02 15:00:00+00:00,40.83589394797372
2025-09-02 16:00:00+00:00,40.29004424098738
2025-09-02 17:00:00+00:00,40.28683152425505
2025-09-02 18:00:00+00:00,40.187701896925645
2025-09-02 19:00:00+00:00,37.78048565427783
2025-09-02 20:00:00+00:00,32.96472580478748
2025-09-02 21:00:00+00:00,30.531769756005172
2025-09-02 22:00:00+00:00,30.055678156504126
2025-09-02 23:00:00+00:00,29.214306551779483
2025-09-03 00:00:00+00:00,28.236066215126897
2025-09-03 01:00:00+00:00,27.92326739805894
2025-09-03 02:00:00+00:00,27.739377607359135
2025-09-03 03:00:00+00:00,27.9547863615066
2025-09-03 04:00:00+00:00,28.577085677303874
2025-09-03 05:00:00+00:00,31.647459417789392
2025-09-03 06:00:00+00:00,32.98261868448936
2025-09-03 07:00:00+00:00,33.46716704609042
2025-09-03 08:00:00+00:00,32.82510275106175
2025-09-03 09:00:00+00:00,35.44964234139403
2025-09-03 10:00:00+00:00,37.38263053508392
2025-09-03 11:00:00+00:00,39.78092015322062
2025-09-03 12:00:00+00:00,40.587492549799975
2025-09-03 13:00:00+00:00,46.01663657158336
2025-09-03 14:00:00+00:00,51.19560755316274
2025-09-03 15:00:00+00:00,51.350712616269256
2025-09-03 16:00:00+00:00,51.96648893003457
2025-09-03 17:00:00+00:00,44.87788166520342
2025-09-03 18:00:00+00:00,40.356966732093504
2025-09-03 19:00:00+00:00,36.02331573440047
2025-09-03 20:00:00+00:00,32.478331121777686
2025-09-03 21:00:00+00:00,33.190389855903554
2025-09-03 22:00:00+00:00,32.399817216549074
2025-09-03 23:00:00+00:00,32.1476547354987
2025-09-04 00:00:00+00:00,32.03919991394054
2025-09-04 01:00:00+00:00,30.97343556505397
2025-09-04 02:00:00+00:00,28.24201065731693
2025-09-04 03:00:00+00:00,27.594757903301012
2025-09-04 04:00:00+00:00,26.493018727853226
2025-09-04 05:00:00+00:00,28.817478549185733
2025-09-04 06:00:00+00:00,32.71158627987485
2025-09-04 07:00:00+00:00,31.359303591663824
2025-09-04 08:00:00+00:00,31.22769468773119
2025-09-04 09:00:00+00:00,34.03378167277683
2025-09-04 10:00:00+00:00,39.55532585075942
2025-09-04 11:00:00+00:00,43.55602588849369
2025-09-04 12:00:00+00:00,45.78220410533757
2025-09-04 13:00:00+00:00,44.36009389573115
2025-09-04 14:00:00+00:00,44.19203034186957
2025-09-04 15:00:00+00:00,39.6739934026077
2025-09-04 16:00:00+00:00,38.53378560843556
2025-09-04 17:00:00+00:00,37.356655341294946
2025-09-04 18:00:00+00:00,35.06129057244778
2025-09-04 19:00:00+00:00,33.900887893886775
2025-09-04 20:00:00+00:00,33.08980053049421
2025-09-04 21:00:00+00:00,31.846632935064004
2025-09-04 22:00:00+00:00,29.543079652753566
2025-09-04 23:00:00+00:00,28.88818021216101
2025-09-05 00:00:00+00:00,28.44753766019836
2025-09-05 01:00:00+00:00,28.766846437966507
2025-09-05 02:00:00+00:00,28.266627020499897
2025-09-05 03:00:00+00:00,28.139177879705663
2025-09-05 04:00:00+00:00,27.99294805675231
2025-09-05 05:00:00+00:00,28.523132204024098
2025-09-05 06:00:00+00:00,28.36174942888032
2025-09-05 07:00:00+00:00,28.3655822160628
2025-09-05 08:00:00+00:00,28.49829758861725
2025-09-05 09:00:00+00:00,32.43579744192404
2025-09-05 10:00:00+00:00,36.244774973502714
2025-09-05 11:00:00+00:00,41.179185458642195
2025-09-05 12:00:00+00:00,45.2886875245141
2025-09-05 13:00:00+00:00,45.62798846954856
2025-09-05 14:00:00+00:00,44.69420886648964
2025-09-05 15:00:00+00:00,44.247132957937104
2025-09-05 16:00:00+00:00,41.46047834461689
2025-09-05 17:00:00+00:00,38.52304631739386
2025-09-05 18:00:00+00:00,38.43104226495061
2025-09-05 19:00:00+00:00,35.86385005794371
2025-09-05 20:00:00+00:00,34.21032141462902
2025-09-05 21:00:00+00:00,33.80548779828122
2025-09-05 22:00:00+00:00,32.435838668701926
2025-09-05 23:00:00+00:00,30.519761073045075
2025-09-06 00:00:00+00:00,29.388630528751012
2025-09-06 01:00:00+00:00,29.26529775073492
2025-09-06 02:00:00+00:00,28.8933074453435
2025-09-06 03:00:00+00:00,28.10407595990123
2025-09-06 04:00:00+00:00,27.731858052231548
2025-09-06 05:00:00+00:00,28.064180023385433
2025-09-06 06:00:00+00:00,28.082413551742302
2025-09-06 07:00:00+00:00,30.14674604916451
2025-09-06 08:00:00+00:00,32.66036622846214
2025-09-06 09:00:00+00:00,35.96460978672636
2025-09-06 10:00:00+00:00,37.559267028460546
2025-09-06 11:00:00+00:00,39.27063551070576
2025-09-06 12:00:00+00:00,39.49859368797347
2025-09-06 13:00:00+00:00,42.65021561513246
2025-09-06 14:00:00+00:00,43.84681986821497
2025-09-06 15:00:00+00:00,39.51846903745622
2025-09-06 16:00:00+00:00,36.55854028797806
2025-09-06 17:00:00+00:00,37.12539899736839
2025-09-06 18:00:00+00:00,37.33656371735479
2025-09-06 19:00:00+00:00,36.83097119119606
2025-09-06 20:00:00+00:00,34.67513481350508
2025-09-06 21:00:00+00:00,34.10650057270514
2025-09-06 22:00:00+00:00,33.07332401379226
2025-09-06 23:00:00+00:00,30.924530469199752
2025-09-07 00:00:00+00:00,28.87147265700264
2025-09-07 01:00:00+00:00,28.61488658186644
2025-09-07 02:00:00+00:00,28.693560908756695
2025-09-07 03:00:00+00:00,28.24522839836107
2025-09-07 04:00:00+00:00,27.509153479946384
2025-09-07 05:00:00+00:00,30.56243701974162
2025-09-07 06:00:00+00:00,31.47355288365647
2025-09-07 07:00:00+00:00,32.07239140168625
2025-09-07 08:00:00+00:00,32.21104398895067
2025-09-07 09:00:00+00:00,36.458100653336786
2025-09-07 10:00:00+00:00,39.77099441917005
2025-09-07 11:00:00+00:00,43.946679033876066
2025-09-07 12:00:00+00:00,41.529205837129886
2025-09-07 13:00:00+00:00,40.20902093613628
2025-09-07 14:00:00+00:00,38.79835568602034
2025-09-07 15:00:00+00:00,37.67777309499382
2025-09-07 16:00:00+00:00,36.290551341188106
2025-09-07 17:00:00+00:00,38.15983572506835
2025-09-07 18:00:00+00:00,39.72296587649953
2025-09-07 19:00:00+00:00,38.48110670018971
2025-09-07 20:00:00+00:00,37.50925716759794
2025-09-07 21:00:00+00:00,36.38391283757987
2025-09-07 22:00:00+00:00,35.7105432394386
2025-09-07 23:00:00+00:00,33.101288723612846
2025-09-08 00:00:00+00:00,28.74511494232004
2025-09-08 01:00:00+00:00,28.830256393579692
2025-09-08 02:00:00+00:00,29.592999672722872
2025-09-08 03:00:00+00:00,29.482869965224786
2025-09-08 04:00:00+00:00,30.256314748767817
2025-09-08 05:00:00+00:00,30.981596822672074
2025-09-08 06:00:00+00:00,30.854381059915532
2025-09-08 07:00:00+00:00,31.114218770689174
2025-09-08 08:00:00+00:00,28.220630150964205
2025-09-08 09:00:00+00:00,30.259643222696333
2025-09-08 10:00:00+00:00,31.827168162456847
2025-09-08 11:00:00+00:00,37.01801392001363
2025-09-08 12:00:00+00:00,37.57743989172852
2025-09-08 13:00:00+00:00,39.71956687063232
2025-09-08 14:00:00+00:00,40.397569126765006
2025-09-08 15:00:00+00:00,41.215232424555246
2025-09-08 16:00:00+00:00,42.32752943227695
2025-09-08 17:00:00+00:00,42.54100611596835
2025-09-08 18:00:00+00:00,38.27960416939423
2025-09-08 19:00:00+00:00,37.2678834694914
2025-09-08 20:00:00+00:00,35.03811702768964
2025-09-08 21:00:00+00:00,34.00770264047516
2025-09-08 22:00:00+00:00,33.603823143457184
2025-09-08 23:00:00+00:00,31.765358101134456
2025-09-09 00:00:00+00:00,28.608304053167167
2025-09-09 01:00:00+00:00,28.039852070707102
2025-09-09 02:00:00+00:00,28.439888489265268
2025-09-09 03:00:00+00:00,28.083691170976397
2025-09-09 04:00:00+00:00,27.775229553373165
2025-09-09 05:00:00+00:00,27.44636253023037
2025-09-09 06:00:00+00:00,27.69123341505786
2025-09-09 07:00:00+00:00,27.88345737818537
2025-09-09 08:00:00+00:00,26.04750357828374
2025-09-09 09:00:00+00:00,27.928894487920477
2025-09-09 10:00:00+00:00,29.302732884575793
2025-09-09 11:00:00+00:00,29.705596196187994
2025-09-09 12:00:00+00:00,31.02973297212686
2025-09-09 13:00:00+00:00,33.78672938004578
2025-09-09 14:00:00+00:00,35.15081301264117
2025-09-09 15:00:00+00:00,37.86735051245785
2025-09-09 16:00:00+00:00,40.82723830632676
2025-09-09 17:00:00+00:00,41.4128188270768
2025-09-09 18:00:00+00:00,39.31180971155294
2025-09-09 19:00:00+00:00,38.735381938462176
2025-09-09 20:00:00+00:00,37.8875675037091
2025-09-09 21:00:00+00:00,36.206521599712694
2025-09-09 22:00:00+00:00,35.39786588406817
2025-09-09 23:00:00+00:00,34.830130825066504
2025-09-10 00:00:00+00:00,32.32703231491879
2025-09-10 01:00:00+00:00,31.874421423901666
2025-09-10 02:00:00+00:00,31.294456497962596
2025-09-10 03:00:00+00:00,29.08541675656434
2025-09-10 04:00:00+00:00,28.628467847719556
2025-09-10 05:00:00+00:00,27.766616607276845
2025-09-10 06:00:00+00:00,26.365587762804058
2025-09-10 07:00:00+00:00,28.96187886976782
2025-09-10 08:00:00+00:00,28.770812006452445
2025-09-10 09:00:00+00:00,33.11736489407459
2025-09-10 10:00:00+00:00,38.440334676137695
2025-09-10 11:00:00+00:00,41.81032822893821
2025-09-10 12:00:00+00:00,43.304909120732795
2025-09-10 13:00:00+00:00,43.723720745127565
2025-09-10 14:00:00+00:00,42.88580903444934
2025-09-10 15:00:00+00:00,40.27814973063131
2025-09-10 16:00:00+00:00,36.660859776247285
2025-09-10 17:00:00+00:00,36.64048939969025
2025-09-10 18:00:00+00:00,36.4777184851468
2025-09-10 19:00:00+00:00,36.163837975194596
2025-09-10 20:00:00+00:00,34.977612794821034
2025-09-10 21:00:00+00:00,34.592750761868686
2025-09-10 22:00:00+00:00,34.689112149022705
2025-09-10 23:00:00+00:00,34.263523014556704
2025-09-11 00:00:00+00:00,34.04878615352836
2025-09-11 01:00:00+00:00,33.18604733747479
2025-09-11 02:00:00+00:00,32.56418845771807
2025-09-11 03:00:00+00:00,28.95144014050929
2025-09-11 04:00:00+00:00,27.583175705468182
2025-09-11 05:00:00+00:00,26.570175692926696
2025-09-11 06:00:00+00:00,25.878096806841707
2025-09-11 07:00:00+00:00,27.894140711396812
2025-09-11 08:00:00+00:00,30.825731975633907
2025-09-11 09:00:00+00:00,31.63528528909623
2025-09-11 10:00:00+00:00,34.58786490771074
2025-09-11 11:00:00+00:00,36.418755485237796
2025-09-11 12:00:00+00:00,39.174619193787485
2025-09-11 13:00:00+00:00,39.17466724686325
2025-09-11 14:00:00+00:00,39.188342150519055
2025-09-11 15:00:00+00:00,39.662999535877184
2025-09-11 16:00:00+00:00,39.54106013646175
2025-09-11 17:00:00+00:00,36.7509306904573
2025-09-11 18:00:00+00:00,36.03385471385939
2025-09-11 19:00:00+00:00,34.44507567754074
2025-09-11 20:00:00+00:00,32.49262087280633
2025-09-11 21:00:00+00:00,33.42066929817303
2025-09-11 22:00:00+00:00,34.99163247068307
2025-09-11 23:00:00+00:00,35.87221777822947
2025-09-12 00:00:00+00:00,35.81477816293168
2025-09-12 01:00:00+00:00,33.982814889378716
2025-09-12 02:00:00+00:00,32.843364693248795
2025-09-12 03:00:00+00:00,31.09009549505389
2025-09-12 04:00:00+00:00,28.366658562463492
2025-09-12 05:00:00+00:00,26.754590343455888
2025-09-12 06:00:00+00:00,25.111490103546153
2025-09-12 07:00:00+00:00,27.659976963258273
2025-09-12 08:00:00+00:00,31.43805324927067
2025-09-12 09:00:00+00:00,30.02250240957275
2025-09-12 10:00:00+00:00,29.458807286833363
2025-09-12 11:00:00+00:00,29.27362976010909
2025-09-12 12:00:00+00:00,28.401814470392598
2025-09-12 13:00:00+00:00,31.57633055728287
2025-09-12 14:00:00+00:00,32.6302340110062
2025-09-12 15:00:00+00:00,35.0344721712285
2025-09-12 16:00:00+00:00,35.820834338795756
2025-09-12 17:00:00+00:00,37.42723329988526
2025-09-12 18:00:00+00:00,37.09239303294363
2025-09-12 19:00:00+00:00,36.0215749792731
2025-09-12 20:00:00+00:00,35.42424242392017
2025-09-12 21:00:00+00:00,34.351672557148795
2025-09-12 22:00:00+00:00,34.113101875851015
2025-09-12 23:00:00+00:00,34.023352031099755
2025-09-13 00:00:00+00:00,33.20839868597107
2025-09-13 01:00:00+00:00,32.741435427909806
2025-09-13 02:00:00+00:00,31.45163461302983
2025-09-13 03:00:00+00:00,30.23608269302833
2025-09-13 04:00:00+00:00,28.049350609892212
2025-09-13 05:00:00+00:00,27.37174695330815
2025-09-13 06:00:00+00:00,25.399184065930186
2025-09-13 07:00:00+00:00,27.613923872450684
2025-09-13 08:00:00+00:00,28.892971068058145
2025-09-13 09:00:00+00:00,29.622862758914213
2025-09-13 10:00:00+00:00,31.051449799772058
2025-09-13 11:00:00+00:00,30.816896357351624
2025-09-13 12:00:00+00:00,30.972122399220783
2025-09-13 13:00:00+00:00,30.88145981062359
2025-09-13 14:00:00+00:00,34.04398233797525
2025-09-13 15:00:00+00:00,33.680477052935075
2025-09-13 16:00:00+00:00,29.934408294093142
2025-09-13 17:00:00+00:00,30.83734779236126
2025-09-13 18:00:00+00:00,31.891072761421615
2025-09-13 19:00:00+00:00,33.635569903199325
2025-09-13 20:00:00+00:00,34.227527558190786
2025-09-13 21:00:00+00:00,34.0953612102768
2025-09-13 22:00:00+00:00,32.71648586159658
2025-09-13 23:00:00+00:00,33.6292686607734
2025-09-14 00:00:00+00:00,36.50926906103448
2025-09-14 01:00:00+00:00,34.142728540329706
2025-09-14 02:00:00+00:00,33.986010412445985
2025-09-14 03:00:00+00:00,34.17727493672584
2025-09-14 04:00:00+00:00,31.887857768655884
2025-09-14 05:00:00+00:00,28.84828797988301
2025-09-14 06:00:00+00:00,25.470098210301593
2025-09-14 07:00:00+00:00,28.10761681513791
2025-09-14 08:00:00+00:00,29.752723156512996
2025-09-14 09:00:00+00:00,31.65914825592223
2025-09-14 10:00:00+00:00,32.79570852990626
2025-09-14 11:00:00+00:00,32.49903745134734
2025-09-14 12:00:00+00:00,32.90031802011991
2025-09-14 13:00:00+00:00,35.95170083956635
2025-09-14 14:00:00+00:00,39.5006481356902
2025-09-14 15:00:00+00:00,43.15420399896555
2025-09-14 16:00:00+00:00,45.24544687226091
2025-09-14 17:00:00+00:00,40.125844727723525
2025-09-14 18:00:00+00:00,38.110261115575305
2025-09-14 19:00:00+00:00,35.39532014657243
2025-09-14 20:00:00+00:00,33.006705097799745
2025-09-14 21:00:00+00:00,32.9952389619737
2025-09-14 22:00:00+00:00,33.3037144972308
2025-09-14 23:00:00+00:00,33.97592809729226
2025-09-15 00:00:00+00:00,33.76526473502764
2025-09-15 01:00:00+00:00,34.107480336050905
2025-09-15 02:00:00+00:00,34.18830395128537
2025-09-15 03:00:00+00:00,34.709814434784754
2025-09-15 04:00:00+00:00,34.3718175525995
2025-09-15 05:00:00+00:00,30.75835815799164
2025-09-15 06:00:00+00:00,25.810142230542347
2025-09-15 07:00:00+00:00,28.065579704067694
2025-09-15 08:00:00+00:00,30.70067091333649
2025-09-15 09:00:00+00:00,32.40424434749729
2025-09-15 10:00:00+00:00,32.55238283946844
2025-09-15 11:00:00+00:00,32.259762752481066
2025-09-15 12:00:00+00:00,31.737269279333788
2025-09-15 13:00:00+00:00,33.78943882407157
2025-09-15 14:00:00+00:00,35.56633508635731
2025-09-15 15:00:00+00:00,37.66024215345721
2025-09-15 16:00:00+00:00,39.39737408842699
2025-09-15 17:00:00+00:00,38.765528623771125
2025-09-15 18:00:00+00:00,37.9643494621548
2025-09-15 19:00:00+00:00,34.91647589469491
2025-09-15 20:00:00+00:00,32.92830392622622
2025-09-15 21:00:00+00:00,31.892877414646446
2025-09-15 22:00:00+00:00,31.089892830845418
2025-09-15 23:00:00+00:00,30.40883881783731
2025-09-16 00:00:00+00:00,30.172556117718386
2025-09-16 01:00:00+00:00,31.907076116057937
2025-09-16 02:00:00+00:00,33.42335194321346
2025-09-16 03:00:00+00:00,34.54667205428296
2025-09-16 04:00:00+00:00,35.64116721075782
2025-09-16 05:00:00+00:00,32.44065513053381
2025-09-16 06:00:00+00:00,29.50785987784764
2025-09-16 07:00:00+00:00,29.11485047231947
2025-09-16 08:00:00+00:00,29.74106051073109
2025-09-16 09:00:00+00:00,30.995326934805135
2025-09-16 10:00:00+00:00,32.96195311322209
2025-09-16 11:00:00+00:00,33.67553656546602
2025-09-16 12:00:00+00:00,34.8665854589588
2025-09-16 13:00:00+00:00,35.102981827388334
2025-09-16 14:00:00+00:00,35.23288023023592
2025-09-16 15:00:00+00:00,34.418532902308215
2025-09-16 16:00:00+00:00,32.9257720591548
2025-09-16 17:00:00+00:00,32.73513892691588
2025-09-16 18:00:00+00:00,31.742144220437634
2025-09-16 19:00:00+00:00,31.28731906042768
2025-09-16 20:00:00+00:00,30.54856849673899
2025-09-16 21:00:00+00:00,30.64769794870417
2025-09-16 22:00:00+00:00,31.068314115583227
2025-09-16 23:00:00+00:00,31.302108581747333
2025-09-17 00:00:00+00:00,31.7369911303475
2025-09-17 01:00:00+00:00,33.81003049163899
2025-09-17 02:00:00+00:00,33.89082900127387
2025-09-17 03:00:00+00:00,34.34235871644932
2025-09-17 04:00:00+00:00,33.4241074618433
2025-09-17 05:00:00+00:00,30.2901466124081
2025-09-17 06:00:00+00:00,25.559045156423572
2025-09-17 07:00:00+00:00,28.503716548872006
2025-09-17 08:00:00+00:00,32.26125717432404
2025-09-17 09:00:00+00:00,33.74094706161734
2025-09-17 10:00:00+00:00,36.11144778593221
2025-09-17 11:00:00+00:00,37.09723541102476
2025-09-17 12:00:00+00:00,37.39618621967893
2025-09-17 13:00:00+00:00,36.22257949625921
2025-09-17 14:00:00+00:00,37.16339055215774
2025-09-17 15:00:00+00:00,34.4065476583857
2025-09-17 16:00:00+00:00,30.6861422831649
2025-09-17 17:00:00+00:00,30.059894633624204
2025-09-17 18:00:00+00:00,30.263339978636722
2025-09-17 19:00:00+00:00,30.111987939956013
2025-09-17 20:00:00+00:00,28.967638861559987
2025-09-17 21:00:00+00:00,29.378714519256267
2025-09-17 22:00:00+00:00,30.560665019821936
2025-09-17 23:00:00+00:00,31.962883649353863
2025-09-18 00:00:00+00:00,32.19287028373602
2025-09-18 01:00:00+00:00,32.616263115671245
2025-09-18 02:00:00+00:00,33.04258578934537
2025-09-18 03:00:00+00:00,33.1027385351925
2025-09-18 04:00:00+00:00,33.881038950669975
2025-09-18 05:00:00+00:00,28.8790302013228
2025-09-18 06:00:00+00:00,24.981363884583104
2025-09-18 07:00:00+00:00,30.62421502825864
2025-09-18 08:00:00+00:00,34.76476239087257
2025-09-18 09:00:00+00:00,35.755157811065565
2025-09-18 10:00:00+00:00,36.44399291826502
2025-09-18 11:00:00+00:00,36.8656019179622
2025-09-18 12:00:00+00:00,37.421561043765244
2025-09-18 13:00:00+00:00,36.85601516648836
2025-09-18 14:00:00+00:00,34.31387424570487
2025-09-18 15:00:00+00:00,32.58342960901387
2025-09-18 16:00:00+00:00,32.04531420086013
2025-09-18 17:00:00+00:00,32.655042179119384
2025-09-18 18:00:00+00:00,33.11654095454067
2025-09-18 19:00:00+00:00,34.248727321332744
2025-09-18 20:00:00+00:00,34.214833224222666
2025-09-18 21:00:00+00:00,33.7618618648951
2025-09-18 22:00:00+00:00,34.723447673898015
2025-09-18 23:00:00+00:00,32.509633251809596
2025-09-19 00:00:00+00:00,29.6808539984686
2025-09-19 01:00:00+00:00,30.488895548908765
2025-09-19 02:00:00+00:00,30.735831014697062
2025-09-19 03:00:00+00:00,31.34379432823402
2025-09-19 04:00:00+00:00,31.843388977145914
2025-09-19 05:00:00+00:00,29.22811395997824
2025-09-19 06:00:00+00:00,25.313260139627346
2025-09-19 07:00:00+00:00,32.46479088437253
2025-09-19 08:00:00+00:00,35.648294270021125
2025-09-19 09:00:00+00:00,37.08526223765183
2025-09-19 10:00:00+00:00,37.44692818975324
2025-09-19 11:00:00+00:00,36.70398900441036
2025-09-19 12:00:00+00:00,37.77296814231399
2025-09-19 13:00:00+00:00,36.42836580754286
2025-09-19 14:00:00+00:00,34.92967273996232
2025-09-19 15:00:00+00:00,33.84381009252414
2025-09-19 16:00:00+00:00,32.886100170551195
2025-09-19 17:00:00+00:00,33.448331881533576
2025-09-19 18:00:00+00:00,34.080608728830065
2025-09-19 19:00:00+00:00,34.2407132177896
2025-09-19 20:00:00+00:00,34.64296128093121
2025-09-19 21:00:00+00:00,35.0221975805151
2025-09-19 22:00:00+00:00,34.64561070065847
2025-09-19 23:00:00+00:00,32.79564781167062
2025-09-20 00:00:00+00:00,29.717420838309632
2025-09-20 01:00:00+00:00,29.96491623336121
2025-09-20 02:00:00+00:00,29.96601642781061
2025-09-20 03:00:00+00:00,30.303393968092877
2025-09-20 04:00:00+00:00,30.342392388727262
2025-09-20 05:00:00+00:00,29.987180499011462
2025-09-20 06:00:00+00:00,28.173518376764356
2025-09-20 07:00:00+00:00,33.308501743787154
2025-09-20 08:00:00+00:00,36.52270551673194
2025-09-20 09:00:00+00:00,36.75944912868764
2025-09-20 10:00:00+00:00,37.614693097443606
2025-09-20 11:00:00+00:00,37.89180221861885
2025-09-20 12:00:00+00:00,38.33994519180703
2025-09-20 13:00:00+00:00,38.89471505664823
2025-09-20 14:00:00+00:00,38.59685998428196
2025-09-20 15:00:00+00:00,35.76562628250561
2025-09-20 16:00:00+00:00,33.0796145412059
2025-09-20 17:00:00+00:00,34.29539260204756
2025-09-20 18:00:00+00:00,33.677843465103734
2025-09-20 19:00:00+00:00,31.72096576989405
2025-09-20 20:00:00+00:00,30.001598198732236
2025-09-20 21:00:00+00:00,30.771217866837848
2025-09-20 22:00:00+00:00,30.54968102524413
2025-09-20 23:00:00+00:00,30.217386676545857
2025-09-21 00:00:00+00:00,28.67575247052858
2025-09-21 01:00:00+00:00,29.28103161102125
2025-09-21 02:00:00+00:00,29.607901411309186
2025-09-21 03:00:00+00:00,29.91000185706074
2025-09-21 04:00:00+00:00,31.84944960278842
2025-09-21 05:00:00+00:00,29.308699764568647
2025-09-21 06:00:00+00:00,25.217631074078255
2025-09-21 07:00:00+00:00,31.60813686728261
2025-09-21 08:00:00+00:00,35.267978063320136
2025-09-21 09:00:00+00:00,35.91476372302795
2025-09-21 10:00:00+00:00,37.96358688223098
2025-09-21 11:00:00+00:00,39.68026295583157
2025-09-21 12:00:00+00:00,39.49806603142336
2025-09-21 13:00:00+00:00,39.22297641882563
2025-09-21 14:00:00+00:00,38.19894478108798
2025-09-21 15:00:00+00:00,36.690407132513506
2025-09-21 16:00:00+00:00,34.50190929266419
2025-09-21 17:00:00+00:00,32.362209422311096
2025-09-21 18:00:00+00:00,32.681010486949354
2025-09-21 19:00:00+00:00,31.767191622775776
2025-09-21 20:00:00+00:00,30.744995502680705
2025-09-21 21:00:00+00:00,30.559444874954004
2025-09-21 22:00:00+00:00,30.288208446957967
2025-09-21 23:00:00+00:00,29.707807354843546
2025-09-22 00:00:00+00:00,28.60150868288138
2025-09-22 01:00:00+00:00,29.33600487524634
2025-09-22 02:00:00+00:00,29.695371960816097
2025-09-22 03:00:00+00:00,30.836085636515918
2025-09-22 04:00:00+00:00,32.56587349910865
2025-09-22 05:00:00+00:00,28.269186723874505
2025-09-22 06:00:00+00:00,25.7408929856534
2025-09-22 07:00:00+00:00,28.711339280052332
2025-09-22 08:00:00+00:00,30.494079186508735
2025-09-22 09:00:00+00:00,36.70715438462488
2025-09-22 10:00:00+00:00,41.086050273211285
2025-09-22 11:00:00+00:00,44.19656655497785
2025-09-22 12:00:00+00:00,45.633582152058075
2025-09-22 13:00:00+00:00,45.33051289508242
2025-09-22 14:00:00+00:00,44.95762625551498
2025-09-22 15:00:00+00:00,39.23548480334852
2025-09-22 16:00:00+00:00,35.650774817455584
2025-09-22 17:00:00+00:00,34.91974540869754
2025-09-22 18:00:00+00:00,33.3499650261776
2025-09-22 19:00:00+00:00,32.91992541093611
2025-09-22 20:00:00+00:00,31.000101540056903
2025-09-22 21:00:00+00:00,32.8474854596488
2025-09-22 22:00:00+00:00,32.47178843187774
2025-09-22 23:00:00+00:00,32.58783943951871
2025-09-23 00:00:00+00:00,33.29548933642357
2025-09-23 01:00:00+00:00,32.51359625164969
2025-09-23 02:00:00+00:00,32.10597527803871
2025-09-23 03:00:00+00:00,30.18761734831692
2025-09-23 04:00:00+00:00,28.98809649955521
2025-09-23 05:00:00+00:00,26.785144570769077
2025-09-23 06:00:00+00:00,24.127838494038837
2025-09-23 07:00:00+00:00,28.61630007922857
2025-09-23 08:00:00+00:00,33.458997055437074
2025-09-23 09:00:00+00:00,39.71482822629967
2025-09-23 10:00:00+00:00,44.20529728416925
2025-09-23 11:00:00+00:00,47.23744937329832
2025-09-23 12:00:00+00:00,49.345193916379195
2025-09-23 13:00:00+00:00,47.50808664790581
2025-09-23 14:00:00+00:00,45.45334221028579
2025-09-23 15:00:00+00:00,40.23261136917565
2025-09-23 16:00:00+00:00,35.92170842783145
2025-09-23 17:00:00+00:00,35.10816248231981
2025-09-23 18:00:00+00:00,33.918207261515605
2025-09-23 19:00:00+00:00,32.653492782621704
2025-09-23 20:00:00+00:00,32.02053671978328
2025-09-23 21:00:00+00:00,31.82338566779142
2025-09-23 22:00:00+00:00,31.825912849743286
2025-09-23 23:00:00+00:00,31.711329225680092
2025-09-24 00:00:00+00:00,31.52969707230613
2025-09-24 01:00:00+00:00,32.41375554463918
2025-09-24 02:00:00+00:00,32.48880439637003
2025-09-24 03:00:00+00:00,30.12042239267774
2025-09-24 04:00:00+00:00,29.336463222465337
2025-09-24 05:00:00+00:00,27.02522017282208
2025-09-24 06:00:00+00:00,24.220230307088073
2025-09-24 07:00:00+00:00,28.63140388202355
2025-09-24 08:00:00+00:00,33.53666785024726
2025-09-24 09:00:00+00:00,37.40862493458987
2025-09-24 10:00:00+00:00,41.93092127613717
2025-09-24 11:00:00+00:00,45.62869745423151
2025-09-24 12:00:00+00:00,47.57438774969252
2025-09-24 13:00:00+00:00,44.25097115496139
2025-09-24 14:00:00+00:00,41.534372690350374
2025-09-24 15:00:00+00:00,37.296594332504604
2025-09-24 16:00:00+00:00,34.97330506243878
2025-09-24 17:00:00+00:00,35.23053027337468
2025-09-24 18:00:00+00:00,34.68219830494507
2025-09-24 19:00:00+00:00,33.97544707791996
2025-09-24 20:00:00+00:00,32.69993240156878
2025-09-24 21:00:00+00:00,32.81974894608318
2025-09-24 22:00:00+00:00,32.050004414929944
2025-09-24 23:00:00+00:00,30.392901956375034
2025-09-25 00:00:00+00:00,29.30879537590972
2025-09-25 01:00:00+00:00,29.523959970825015
2025-09-25 02:00:00+00:00,28.502851808800056
2025-09-25 03:00:00+00:00,28.402414198276393
2025-09-25 04:00:00+00:00,25.73686831629832
2025-09-25 05:00:00+00:00,26.818174085853396
2025-09-25 06:00:00+00:00,28.421624899651416
2025-09-25 07:00:00+00:00,31.5788624967344
2025-09-25 08:00:00+00:00,34.87138781903164
2025-09-25 09:00:00+00:00,36.30243321856819
2025-09-25 10:00:00+00:00,35.886303466211324
2025-09-25 11:00:00+00:00,35.775158201743444
2025-09-25 12:00:00+00:00,38.4131211360721
2025-09-25 13:00:00+00:00,37.20238848810394
2025-09-25 14:00:00+00:00,37.78839172421745
2025-09-25 15:00:00+00:00,38.127397417317084
2025-09-25 16:00:00+00:00,38.51706743489533
2025-09-25 17:00:00+00:00,36.009861502478515
2025-09-25 18:00:00+00:00,34.88321092971288
2025-09-25 19:00:00+00:00,33.054597213586895
2025-09-25 20:00:00+00:00,30.662995838627364
2025-09-25 21:00:00+00:00,30.30451862342521
2025-09-25 22:00:00+00:00,29.61481532117706
2025-09-25 23:00:00+00:00,29.79696551277171
2025-09-26 00:00:00+00:00,28.71687272927696
2025-09-26 01:00:00+00:00,28.676637361664255
2025-09-26 02:00:00+00:00,28.996921385753797
2025-09-26 03:00:00+00:00,28.87611483360992
2025-09-26 04:00:00+00:00,27.689529305158832
2025-09-26 05:00:00+00:00,27.750072917306206
2025-09-26 06:00:00+00:00,29.81015310451767
2025-09-26 07:00:00+00:00,32.06326572968609
2025-09-26 08:00:00+00:00,34.16189421937494
2025-09-26 09:00:00+00:00,34.822847443375025
2025-09-26 10:00:00+00:00,34.71568470193905
2025-09-26 11:00:00+00:00,35.05246854922324
2025-09-26 12:00:00+00:00,34.90895580089214
2025-09-26 13:00:00+00:00,35.70581100816716
2025-09-26 14:00:00+00:00,37.615228390450056
2025-09-26 15:00:00+00:00,36.8625814290085
2025-09-26 16:00:00+00:00,37.10794685061153
2025-09-26 17:00:00+00:00,37.8488070192393
2025-09-26 18:00:00+00:00,35.75751083193298
2025-09-26 19:00:00+00:00,34.76223076338289
2025-09-26 20:00:00+00:00,31.61218343391524
2025-09-26 21:00:00+00:00,31.503037555461034
2025-09-26 22:00:00+00:00,31.001807332080592
2025-09-26 23:00:00+00:00,30.644916802295054
2025-09-27 00:00:00+00:00,30.005457102601834
2025-09-27 01:00:00+00:00,30.486760382933863
2025-09-27 02:00:00+00:00,31.326907492100332
2025-09-27 03:00:00+00:00,31.60530410849232
2025-09-27 04:00:00+00:00,31.258891968724054
2025-09-27 05:00:00+00:00,30.665453283766666
2025-09-27 06:00:00+00:00,28.565685245961998
2025-09-27 07:00:00+00:00,30.48696722961578
2025-09-27 08:00:00+00:00,31.284989465565918
2025-09-27 09:00:00+00:00,33.71467447306283
2025-09-27 10:00:00+00:00,37.38128301563067
2025-09-27 11:00:00+00:00,38.50734007226808
2025-09-27 12:00:00+00:00,40.96300971295667
2025-09-27 13:00:00+00:00,43.650315378540746
2025-09-27 14:00:00+00:00,44.24815578592111
2025-09-27 15:00:00+00:00,44.72783584886348
2025-09-27 16:00:00+00:00,41.59483711891935
2025-09-27 17:00:00+00:00,40.55408880260023
2025-09-27 18:00:00+00:00,38.7486485341357
2025-09-27 19:00:00+00:00,36.20717498710008
2025-09-27 20:00:00+00:00,33.453855982080476
2025-09-27 21:00:00+00:00,32.82385825500523
2025-09-27 22:00:00+00:00,32.693535185761384
2025-09-27 23:00:00+00:00,32.13835038469943
2025-09-28 00:00:00+00:00,31.8168579867417
2025-09-28 01:00:00+00:00,31.730974151549113
2025-09-28 02:00:00+00:00,31.37651070001924
2025-09-28 03:00:00+00:00,30.91353089795529
2025-09-28 04:00:00+00:00,30.894306301674305
2025-09-28 05:00:00+00:00,29.249739696076574
2025-09-28 06:00:00+00:00,26.355643076458684
2025-09-28 07:00:00+00:00,28.98110459731605
2025-09-28 08:00:00+00:00,32.11843734535098
2025-09-28 09:00:00+00:00,34.225874516857175
2025-09-28 10:00:00+00:00,37.87321626117295
2025-09-28 11:00:00+00:00,40.245941368680555
2025-09-28 12:00:00+00:00,41.66196340159662
2025-09-28 13:00:00+00:00,43.51310861981195
2025-09-28 14:00:00+00:00,42.981447657992256
2025-09-28 15:00:00+00:00,41.43345089762496
2025-09-28 16:00:00+00:00,39.54441747290903
2025-09-28 17:00:00+00:00,35.696599243597014
2025-09-28 18:00:00+00:00,33.636412642309686
2025-09-28 19:00:00+00:00,32.52294811856166
2025-09-28 20:00:00+00:00,30.90014621917588
2025-09-28 21:00:00+00:00,30.232341014617308
2025-09-28 22:00:00+00:00,29.751110419166896
2025-09-28 23:00:00+00:00,29.937162240018736
2025-09-29 00:00:00+00:00,29.31866764694651
2025-09-29 01:00:00+00:00,29.327243158427702
2025-09-29 02:00:00+00:00,29.178788185486557
2025-09-29 03:00:00+00:00,29.39976572425901
2025-09-29 04:00:00+00:00,28.976361001709652
2025-09-29 05:00:00+00:00,28.041926452385805
2025-09-29 06:00:00+00:00,26.515328601196025
2025-09-29 07:00:00+00:00,27.803102219827913
2025-09-29 08:00:00+00:00,29.325865958067986
2025-09-29 09:00:00+00:00,32.393474432866995
2025-09-29 10:00:00+00:00,35.83693686666722
2025-09-29 11:00:00+00:00,40.120844069974325
2025-09-29 12:00:00+00:00,40.73192038975039
2025-09-29 13:00:00+00:00,41.632399213192905
2025-09-29 14:00:00+00:00,39.69148437056439
2025-09-29 15:00:00+00:00,37.14263963067801
2025-09-29 16:00:00+00:00,34.215814344253936
2025-09-29 17:00:00+00:00,34.20073074351166
2025-09-29 18:00:00+00:00,34.42421145059833
2025-09-29 19:00:00+00:00,33.87226455856084
2025-09-29 20:00:00+00:00,32.94630504605769
2025-09-29 21:00:00+00:00,32.26214155346284
2025-09-29 22:00:00+00:00,31.166369542617627
2025-09-29 23:00:00+00:00,30.05954926822064
2025-09-30 00:00:00+00:00,29.169960043248352
2025-09-30 01:00:00+00:00,28.937403929925892
2025-09-30 02:00:00+00:00,28.569161472747332
2025-09-30 03:00:00+00:00,28.075397743914255
2025-09-30 04:00:00+00:00,27.843199580335362
2025-09-30 05:00:00+00:00,26.687187035766524
2025-09-30 06:00:00+00:00,23.061514690946947
2025-09-30 07:00:00+00:00,27.98772948017763
2025-09-30 08:00:00+00:00,32.419882599764705
2025-09-30 09:00:00+00:00,35.38393532389618
2025-09-30 10:00:00+00:00,38.21065572116568
2025-09-30 11:00:00+00:00,40.590112415866585
2025-09-30 12:00:00+00:00,41.962830039051
2025-09-30 13:00:00+00:00,40.07592299689588
2025-09-30 14:00:00+00:00,37.34744577841925
2025-09-30 15:00:00+00:00,34.919780063795294
2025-09-30 16:00:00+00:00,30.546821449596877
2025-09-30 17:00:00+00:00,34.05175785362063
2025-09-30 18:00:00+00:00,34.39742854276528
2025-09-30 19:00:00+00:00,35.10429591721824
2025-09-30 20:00:00+00:00,35.274462117215094
2025-09-30 21:00:00+00:00,34.2577459702742
2025-09-30 22:00:00+00:00,34.47962860600705
2025-09-30 23:00:00+00:00,32.351190377812635
2025-10-01 00:00:00+00:00,29.807769078503163
2025-10-01 01:00:00+00:00,30.126336061072372
2025-10-01 02:00:00+00:00,29.85366876617133
2025-10-01 03:00:00+00:00,29.45753344629418
2025-10-01 04:00:00+00:00,29.232878587781393
2025-10-01 05:00:00+00:00,28.54520838147637
2025-10-01 06:00:00+00:00,26.051760636251707
2025-10-01 07:00:00+00:00,31.10429101765428
2025-10-01 08:00:00+00:00,35.99787959819584
2025-10-01 09:00:00+00:00,38.3691339307256
2025-10-01 10:00:00+00:00,39.15169954418438
2025-10-01 11:00:00+00:00,39.656784380907645
2025-10-01 12:00:00+00:00,38.96392690699247
2025-10-01 13:00:00+00:00,38.54680633196413
2025-10-01 14:00:00+00:00,38.56986654356158
2025-10-01 15:00:00+00:00,36.68919922244548
2025-10-01 16:00:00+00:00,35.01752957897816
2025-10-01 17:00:00+00:00,36.09829524242869
2025-10-01 18:00:00+00:00,37.749402484990554
2025-10-01 19:00:00+00:00,38.12437324287135
2025-10-01 20:00:00+00:00,37.64626060329296
2025-10-01 21:00:00+00:00,36.96025500818108
2025-10-01 22:00:00+00:00,34.40347601474985
2025-10-01 23:00:00+00:00,32.994886786933385
2025-10-02 00:00:00+00:00,28.849648002225017
2025-10-02 01:00:00+00:00,28.716562795626174
2025-10-02 02:00:00+00:00,29.04795972213447
2025-10-02 03:00:00+00:00,29.429991851285752
2025-10-02 04:00:00+00:00,29.475285724816818
2025-10-02 05:00:00+00:00,26.650005833219662
2025-10-02 06:00:00+00:00,25.12244963707271
2025-10-02 07:00:00+00:00,30.279339781330542
2025-10-02 08:00:00+00:00,35.67876255256462
2025-10-02 09:00:00+00:00,37.72430559215413
2025-10-02 10:00:00+00:00,38.75186405113623
2025-10-02 11:00:00+00:00,39.46337661347917
2025-10-02 12:00:00+00:00,41.56125273249263
2025-10-02 13:00:00+00:00,41.55815087134185
2025-10-02 14:00:00+00:00,39.308240529195395
2025-10-02 15:00:00+00:00,37.17388600179208
2025-10-02 16:00:00+00:00,35.79648851241916
2025-10-02 17:00:00+00:00,37.14192475563827
2025-10-02 18:00:00+00:00,37.15806137134026
2025-10-02 19:00:00+00:00,35.71073370476682
2025-10-02 20:00:00+00:00,34.8832655026517
2025-10-02 21:00:00+00:00,33.74245619938071
2025-10-02 22:00:00+00:00,31.57285477850876
2025-10-02 23:00:00+00:00,30.209773489116717
2025-10-03 00:00:00+00:00,27.992064511994545
2025-10-03 01:00:00+00:00,28.181163774681803
2025-10-03 02:00:00+00:00,28.142152072069077
2025-10-03 03:00:00+00:00,28.22066958867975
2025-10-03 04:00:00+00:00,28.352811692694463
2025-10-03 05:00:00+00:00,27.402999411604657
2025-10-03 06:00:00+00:00,26.001533676912775
2025-10-03 07:00:00+00:00,29.011729238583897
2025-10-03 08:00:00+00:00,32.259470261550746
2025-10-03 09:00:00+00:00,32.84361213868315
2025-10-03 10:00:00+00:00,32.760539731355294
2025-10-03 11:00:00+00:00,33.548716712861946
2025-10-03 12:00:00+00:00,33.64251489878573
2025-10-03 13:00:00+00:00,36.170598284248264
2025-10-03 14:00:00+00:00,35.482926963099594
2025-10-03 15:00:00+00:00,36.91543842613619
2025-10-03 16:00:00+00:00,36.92632547288983
2025-10-03 17:00:00+00:00,36.48490237276403
2025-10-03 18:00:00+00:00,36.14907953360411
2025-10-03 19:00:00+00:00,34.349801591770905
2025-10-03 20:00:00+00:00,32.23203505256249
2025-10-03 21:00:00+00:00,31.606776793831767
2025-10-03 22:00:00+00:00,31.227434553209132
2025-10-03 23:00:00+00:00,31.121366693587177
2025-10-04 00:00:00+00:00,30.617758788132402
2025-10-04 01:00:00+00:00,29.148764056118686
2025-10-04 02:00:00+00:00,28.67173504890933
2025-10-04 03:00:00+00:00,28.773967023211636
2025-10-04 04:00:00+00:00,28.484641999337413
2025-10-04 05:00:00+00:00,27.968035068064953
2025-10-04 06:00:00+00:00,27.20361168509259
2025-10-04 07:00:00+00:00,28.196462012586156
2025-10-04 08:00:00+00:00,29.277410273257207
2025-10-04 09:00:00+00:00,32.62480040969321
2025-10-04 10:00:00+00:00,36.061663637312364
2025-10-04 11:00:00+00:00,39.06763207464009
2025-10-04 12:00:00+00:00,42.142457003551044
2025-10-04 13:00:00+00:00,42.51428037646
2025-10-04 14:00:00+00:00,41.22015544327281
2025-10-04 15:00:00+00:00,38.42136941029171
2025-10-04 16:00:00+00:00,36.7440023913312
2025-10-04 17:00:00+00:00,35.79843473197226
2025-10-04 18:00:00+00:00,34.61931116473614
2025-10-04 19:00:00+00:00,33.02113012795938
2025-10-04 20:00:00+00:00,31.115766329218207
2025-10-04 21:00:00+00:00,32.79680162569577
2025-10-04 22:00:00+00:00,33.892735311008
2025-10-04 23:00:00+00:00,33.228531847114134
2025-10-05 00:00:00+00:00,34.35664704866178
2025-10-05 01:00:00+00:00,33.66569399665288
2025-10-05 02:00:00+00:00,32.08991715550266
2025-10-05 03:00:00+00:00,30.03090924749025
2025-10-05 04:00:00+00:00,29.14042778853052
2025-10-05 05:00:00+00:00,28.182533371041888
2025-10-05 06:00:00+00:00,28.08743001706107
2025-10-05 07:00:00+00:00,30.487389355015516
2025-10-05 08:00:00+00:00,31.899573935270304
2025-10-05 09:00:00+00:00,35.24512861458807
2025-10-05 10:00:00+00:00,40.492343390292596
2025-10-05 11:00:00+00:00,43.574329474853506
2025-10-05 12:00:00+00:00,49.45854019844274
2025-10-05 13:00:00+00:00,45.39665827247511
2025-10-05 14:00:00+00:00,43.03608138932169
2025-10-05 15:00:00+00:00,38.51372027040117
2025-10-05 16:00:00+00:00,34.59524765876403
2025-10-05 17:00:00+00:00,35.21467426443447
2025-10-05 18:00:00+00:00,36.325284793113354
2025-10-05 19:00:00+00:00,35.42800027781447
2025-10-05 20:00:00+00:00,35.24978883537771
2025-10-05 21:00:00+00:00,36.00895058531568
2025-10-05 22:00:00+00:00,35.775613133951644
2025-10-05 23:00:00+00:00,33.83694963742751
2025-10-06 00:00:00+00:00,33.394494889167106
2025-10-06 01:00:00+00:00,33.41802659867343
2025-10-06 02:00:00+00:00,32.51321566223523
2025-10-06 03:00:00+00:00,30.678667428278253
2025-10-06 04:00:00+00:00,28.416343239752255
2025-10-06 05:00:00+00:00,25.451165201249474
2025-10-06 06:00:00+00:00,23.141357564360575
2025-10-06 07:00:00+00:00,26.184380177736028
2025-10-06 08:00:00+00:00,29.961025876269403
2025-10-06 09:00:00+00:00,35.25991461746311
2025-10-06 10:00:00+00:00,39.53448325521008
2025-10-06 11:00:00+00:00,41.230023437641094
2025-10-06 12:00:00+00:00,43.25985268556537
2025-10-06 13:00:00+00:00,43.064147784197694
2025-10-06 14:00:00+00:00,43.34650878993679
2025-10-06 15:00:00+00:00,41.64237430037104
2025-10-06 16:00:00+00:00,36.55775951118767
2025-10-06 17:00:00+00:00,37.376339529141354
2025-10-06 18:00:00+00:00,37.22114753470475
2025-10-06 19:00:00+00:00,36.426501454225885
2025-10-06 20:00:00+00:00,36.17669297040056
2025-10-06 21:00:00+00:00,35.92805303514043
2025-10-06 22:00:00+00:00,35.92845919081174
2025-10-06 23:00:00+00:00,34.25310105860091
2025-10-07 00:00:00+00:00,32.90369663888022
2025-10-07 01:00:00+00:00,32.17277794515839
2025-10-07 02:00:00+00:00,30.401055898144307
2025-10-07 03:00:00+00:00,29.093077493294672
2025-10-07 04:00:00+00:00,27.26177541513663
2025-10-07 05:00:00+00:00,25.95339566412226
2025-10-07 06:00:00+00:00,22.6423044197951
2025-10-07 07:00:00+00:00,27.498311264600233
2025-10-07 08:00:00+00:00,29.2024759475957
2025-10-07 09:00:00+00:00,33.76318522058689
2025-10-07 10:00:00+00:00,36.22637005876685
2025-10-07 11:00:00+00:00,38.91718722058482
2025-10-07 12:00:00+00:00,44.08684570465664
2025-10-07 13:00:00+00:00,41.25148651783346
2025-10-07 14:00:00+00:00,40.43087025708476
2025-10-07 15:00:00+00:00,38.333383058565694
2025-10-07 16:00:00+00:00,35.520434930766896
2025-10-07 17:00:00+00:00,35.46437493286534
2025-10-07 18:00:00+00:00,36.344933075989516
2025-10-07 19:00:00+00:00,36.32216787859922
2025-10-07 20:00:00+00:00,35.76494757933093
2025-10-07 21:00:00+00:00,35.38630299812384
2025-10-07 22:00:00+00:00,33.90442463170051
2025-10-07 23:00:00+00:00,32.65413010269326
2025-10-08 00:00:00+00:00,31.12679163450186
2025-10-08 01:00:00+00:00,30.632700417060363
2025-10-08 02:00:00+00:00,30.49393348746146
2025-10-08 03:00:00+00:00,30.898175590133462
2025-10-08 04:00:00+00:00,29.96693249581465
2025-10-08 05:00:00+00:00,28.65381005016289
2025-10-08 06:00:00+00:00,27.560853677818866
2025-10-08 07:00:00+00:00,29.00105906637331
2025-10-08 08:00:00+00:00,30.662909592561615
2025-10-08 09:00:00+00:00,33.06187922942983
2025-10-08 10:00:00+00:00,36.143846182258095
2025-10-08 11:00:00+00:00,39.03312744335394
2025-10-08 12:00:00+00:00,41.43139557349719
2025-10-08 13:00:00+00:00,41.508464819821434
2025-10-08 14:00:00+00:00,41.48159127185628
2025-10-08 15:00:00+00:00,41.41355689825848
2025-10-08 16:00:00+00:00,39.91653387712061
2025-10-08 17:00:00+00:00,38.78974269187495
2025-10-08 18:00:00+00:00,36.56666364858941
2025-10-08 19:00:00+00:00,36.24764507908123
2025-10-08 20:00:00+00:00,34.36314077434503
2025-10-08 21:00:00+00:00,33.05531951460709
2025-10-08 22:00:00+00:00,31.725827699805496
2025-10-08 23:00:00+00:00,29.870028718421313
2025-10-09 00:00:00+00:00,28.64512353563896
2025-10-09 01:00:00+00:00,31.07175134757908
2025-10-09 02:00:00+00:00,32.681374546952455
2025-10-09 03:00:00+00:00,33.79953848137121
2025-10-09 04:00:00+00:00,33.88232091904793
2025-10-09 05:00:00+00:00,30.94646762226851
2025-10-09 06:00:00+00:00,27.607669520073316
2025-10-09 07:00:00+00:00,28.49445155273141
2025-10-09 08:00:00+00:00,30.48603627332284
2025-10-09 09:00:00+00:00,33.487296806244885
2025-10-09 10:00:00+00:00,35.610183512469106
2025-10-09 11:00:00+00:00,40.216454318003684
2025-10-09 12:00:00+00:00,41.5695820046927
2025-10-09 13:00:00+00:00,44.075869538126575
2025-10-09 14:00:00+00:00,44.263651310285944
2025-10-09 15:00:00+00:00,42.79354425244695
2025-10-09 16:00:00+00:00,40.90795306501052
2025-10-09 17:00:00+00:00,39.981653145817546
2025-10-09 18:00:00+00:00,37.424683797115556
2025-10-09 19:00:00+00:00,33.55213592465063
2025-10-09 20:00:00+00:00,31.993309834172162
2025-10-09 21:00:00+00:00,33.26433890364716
2025-10-09 22:00:00+00:00,33.46906346018582
2025-10-09 23:00:00+00:00,34.62150092650519
2025-10-10 00:00:00+00:00,35.43209211513176
2025-10-10 01:00:00+00:00,34.41828877253482
2025-10-10 02:00:00+00:00,33.3957779136063
2025-10-10 03:00:00+00:00,33.12493224410516
2025-10-10 04:00:00+00:00,33.103519992778445
2025-10-10 05:00:00+00:00,31.840756821495713
2025-10-10 06:00:00+00:00,30.598500375282917
2025-10-10 07:00:00+00:00,29.68175615624878
2025-10-10 08:00:00+00:00,28.7129476866756
2025-10-10 09:00:00+00:00,32.92205936003531
2025-10-10 10:00:00+00:00,35.30190032665054
2025-10-10 11:00:00+00:00,36.86388164700335
2025-10-10 12:00:00+00:00,42.37482641201636
2025-10-10 13:00:00+00:00,40.549958326767616
2025-10-10 14:00:00+00:00,40.372680066816
2025-10-10 15:00:00+00:00,40.868681676829766
2025-10-10 16:00:00+00:00,39.77007848553889
2025-10-10 17:00:00+00:00,40.047717997077115
2025-10-10 18:00:00+00:00,37.499830598466644
2025-10-10 19:00:00+00:00,34.69710409336583
2025-10-10 20:00:00+00:00,32.727923821442594
2025-10-10 21:00:00+00:00,33.77392219148177
2025-10-10 22:00:00+00:00,35.00465568184398
2025-10-10 23:00:00+00:00,35.309428098360236
2025-10-11 00:00:00+00:00,35.965463081634844
2025-10-11 01:00:00+00:00,36.67410840020074
2025-10-11 02:00:00+00:00,35.18240363644439
2025-10-11 03:00:00+00:00,33.723790396187354
2025-10-11 04:00:00+00:00,31.842624222041948
2025-10-11 05:00:00+00:00,30.84661626117104
2025-10-11 06:00:00+00:00,28.835251515586005
2025-10-11 07:00:00+00:00,28.755366331577115
2025-10-11 08:00:00+00:00,29.03145643265311
2025-10-11 09:00:00+00:00,32.562136154203834
2025-10-11 10:00:00+00:00,35.22162677961192
2025-10-11 11:00:00+00:00,38.22842472586616
2025-10-11 12:00:00+00:00,40.30987560642961
2025-10-11 13:00:00+00:00,40.229151331915524
2025-10-11 14:00:00+00:00,38.73064985179161
2025-10-11 15:00:00+00:00,38.02604250322795
2025-10-11 16:00:00+00:00,35.515670869802854
2025-10-11 17:00:00+00:00,34.55404594578713
2025-10-11 18:00:00+00:00,34.189093638021525
2025-10-11 19:00:00+00:00,33.68780829550895
2025-10-11 20:00:00+00:00,32.44718941712937
2025-10-11 21:00:00+00:00,33.63984618996211
2025-10-11 22:00:00+00:00,34.791744504647774
2025-10-11 23:00:00+00:00,34.7567023340057
2025-10-12 00:00:00+00:00,34.6013284341679
2025-10-12 01:00:00+00:00,34.63618359228363
2025-10-12 02:00:00+00:00,33.121369221853236
2025-10-12 03:00:00+00:00,31.224498815298524
2025-10-12 04:00:00+00:00,30.246114395930878
2025-10-12 05:00:00+00:00,29.293048226387135
2025-10-12 06:00:00+00:00,29.755511207919806
2025-10-12 07:00:00+00:00,31.144528933483848
2025-10-12 08:00:00+00:00,32.767057020737525
2025-10-12 09:00:00+00:00,35.11142654789177
2025-10-12 10:00:00+00:00,36.34886283771457
2025-10-12 11:00:00+00:00,38.47027708185221
2025-10-12 12:00:00+00:00,39.856716811339474
2025-10-12 13:00:00+00:00,39.76594571404438
2025-10-12 14:00:00+00:00,39.39263904987896
2025-10-12 15:00:00+00:00,37.81050611653031
2025-10-12 16:00:00+00:00,37.17197652986985
2025-10-12 17:00:00+00:00,36.79630640728777
2025-10-12 18:00:00+00:00,36.45782711802254
2025-10-12 19:00:00+00:00,36.64154227315249
2025-10-12 20:00:00+00:00,33.453827336830315
2025-10-12 21:00:00+00:00,36.93018918016529
2025-10-12 22:00:00+00:00,35.93040517533732
2025-10-12 23:00:00+00:00,34.48268514877439
2025-10-13 00:00:00+00:00,33.18184858569457
2025-10-13 01:00:00+00:00,32.677831945403746
2025-10-13 02:00:00+00:00,31.77445576067219
2025-10-13 03:00:00+00:00,30.862706351101956
2025-10-13 04:00:00+00:00,28.647007431522916
2025-10-13 05:00:00+00:00,23.47890668268699
2025-10-13 06:00:00+00:00,22.093835937234132
2025-10-13 07:00:00+00:00,29.60816211645561
2025-10-13 08:00:00+00:00,33.6579127417668
2025-10-13 09:00:00+00:00,37.113182935941886
2025-10-13 10:00:00+00:00,38.84148827652785
2025-10-13 11:00:00+00:00,41.17008829189885
2025-10-13 12:00:00+00:00,38.97775967830195
2025-10-13 13:00:00+00:00,41.31612008352128
2025-10-13 14:00:00+00:00,41.324738743031034
2025-10-13 15:00:00+00:00,39.08732237173557
2025-10-13 16:00:00+00:00,43.44896201176991
2025-10-13 17:00:00+00:00,38.71941189028712
2025-10-13 18:00:00+00:00,38.329121855713346
2025-10-13 19:00:00+00:00,38.93682152751645
2025-10-13 20:00:00+00:00,37.88824889331277
2025-10-13 21:00:00+00:00,36.530188829461466
2025-10-13 22:00:00+00:00,34.823304368009985
2025-10-13 23:00:00+00:00,33.13518408349518
2025-10-14 00:00:00+00:00,31.194938330927847
2025-10-14 01:00:00+00:00,32.91658315966971
2025-10-14 02:00:00+00:00,33.001024478999454
2025-10-14 03:00:00+00:00,34.320978020472936
2025-10-14 04:00:00+00:00,33.85267402752917
2025-10-14 05:00:00+00:00,30.32147314064799
2025-10-14 06:00:00+00:00,23.58061314452415
2025-10-14 07:00:00+00:00,28.62474255501856
2025-10-14 08:00:00+00:00,32.526923397500624
2025-10-14 09:00:00+00:00,36.051566499373656
2025-10-14 10:00:00+00:00,37.046843561332224
2025-10-14 11:00:00+00:00,37.96927734555604
2025-10-14 12:00:00+00:00,37.97258189979715
2025-10-14 13:00:00+00:00,39.32139278399286
2025-10-14 14:00:00+00:00,38.563362834096424
2025-10-14 15:00:00+00:00,38.572124977892344
2025-10-14 16:00:00+00:00,38.47835329353873
2025-10-14 17:00:00+00:00,39.61247443464639
2025-10-14 18:00:00+00:00,37.97194374855102
2025-10-14 19:00:00+00:00,36.58475271427928
2025-10-14 20:00:00+00:00,34.87067955315725
2025-10-14 21:00:00+00:00,34.15868423714032
2025-10-14 22:00:00+00:00,33.050549983442984
2025-10-14 23:00:00+00:00,31.920598504358637
2025-10-15 00:00:00+00:00,30.944861406649192
2025-10-15 01:00:00+00:00,32.73886980095127
2025-10-15 02:00:00+00:00,34.674080361949365
2025-10-15 03:00:00+00:00,35.66881081749729
2025-10-15 04:00:00+00:00,34.38677182827733
2025-10-15 05:00:00+00:00,30.269361336438276
2025-10-15 06:00:00+00:00,24.27101455727113
2025-10-15 07:00:00+00:00,29.370217295693653
2025-10-15 08:00:00+00:00,33.47483740470265
2025-10-15 09:00:00+00:00,36.20123447433855
2025-10-15 10:00:00+00:00,39.41881087311192
2025-10-15 11:00:00+00:00,42.24770026772655
2025-10-15 12:00:00+00:00,44.24350178361771
2025-10-15 13:00:00+00:00,43.44572640223096
2025-10-15 14:00:00+00:00,42.9615856143686
2025-10-15 15:00:00+00:00,40.46907302087923
2025-10-15 16:00:00+00:00,38.46086532955381
2025-10-15 17:00:00+00:00,37.207314862715975
2025-10-15 18:00:00+00:00,34.53659326875286
2025-10-15 19:00:00+00:00,33.19598074741474
2025-10-15 20:00:00+00:00,31.999543931587695
2025-10-15 21:00:00+00:00,31.68639050945189
2025-10-15 22:00:00+00:00,30.947692999863783
2025-10-15 23:00:00+00:00,31.295771936824675
2025-10-16 00:00:00+00:00,31.776037666228937
2025-10-16 01:00:00+00:00,33.13188617916665
2025-10-16 02:00:00+00:00,33.81773595935717
2025-10-16 03:00:00+00:00,34.290099642613264
2025-10-16 04:00:00+00:00,34.7570121987488
2025-10-16 05:00:00+00:00,27.88271265637484
2025-10-16 06:00:00+00:00,23.497958133930897
2025-10-16 07:00:00+00:00,28.439473359197166
2025-10-16 08:00:00+00:00,33.89926231472666
2025-10-16 09:00:00+00:00,38.6997612025533
2025-10-16 10:00:00+00:00,42.34977910576226
2025-10-16 11:00:00+00:00,48.5302963175922
2025-10-16 12:00:00+00:00,48.12558854264035
2025-10-16 13:00:00+00:00,49.17889900738616
2025-10-16 14:00:00+00:00,50.369821045444596
2025-10-16 15:00:00+00:00,46.19689581814095
2025-10-16 16:00:00+00:00,40.91948419202537
2025-10-16 17:00:00+00:00,39.724433458228106
2025-10-16 18:00:00+00:00,35.95772687208733
2025-10-16 19:00:00+00:00,34.664110299524346
2025-10-16 20:00:00+00:00,33.44095167536194
2025-10-16 21:00:00+00:00,34.19714788236374
2025-10-16 22:00:00+00:00,33.16386732363902
2025-10-16 23:00:00+00:00,33.60865391102039
2025-10-17 00:00:00+00:00,32.7904689998728
2025-10-17 01:00:00+00:00,33.7135268563462
2025-10-17 02:00:00+00:00,33.91830527697756
2025-10-17 03:00:00+00:00,34.70602681694705
2025-10-17 04:00:00+00:00,33.13452686052835
2025-10-17 05:00:00+00:00,27.55843613529559
2025-10-17 06:00:00+00:00,23.01109895419847
2025-10-17 07:00:00+00:00,25.913533973453738
2025-10-17 08:00:00+00:00,30.90345611065009
2025-10-17 09:00:00+00:00,36.84046325717666
2025-10-17 10:00:00+00:00,46.35031624331363
2025-10-17 11:00:00+00:00,48.922282393036944
2025-10-17 12:00:00+00:00,55.36203252639972
2025-10-17 13:00:00+00:00,54.208130864884005
2025-10-17 14:00:00+00:00,49.566941771370466
2025-10-17 15:00:00+00:00,43.71736235669667
2025-10-17 16:00:00+00:00,40.25308711629617
2025-10-17 17:00:00+00:00,40.029811676516765
2025-10-17 18:00:00+00:00,38.64872019882079
2025-10-17 19:00:00+00:00,35.500267648937005
2025-10-17 20:00:00+00:00,34.77058351024708
2025-10-17 21:00:00+00:00,35.75971543658988
2025-10-17 22:00:00+00:00,36.703554110022175
2025-10-17 23:00:00+00:00,36.60898823746489
2025-10-18 00:00:00+00:00,35.567018765425416
2025-10-18 01:00:00+00:00,34.35906349963418
2025-10-18 02:00:00+00:00,33.66181261355767
2025-10-18 03:00:00+00:00,34.185421672365976
2025-10-18 04:00:00+00:00,31.97986459479029
2025-10-18 05:00:00+00:00,25.538123167454234
2025-10-18 06:00:00+00:00,20.82275361932582
2025-10-18 07:00:00+00:00,32.34583023904372
2025-10-18 08:00:00+00:00,39.31108426139466
2025-10-18 09:00:00+00:00,42.29991844184301
2025-10-18 10:00:00+00:00,46.736145083635904
2025-10-18 11:00:00+00:00,48.442478084949514
2025-10-18 12:00:00+00:00,46.605806686948824
2025-10-18 13:00:00+00:00,44.8524758261828
2025-10-18 14:00:00+00:00,42.299492136331224
2025-10-18 15:00:00+00:00,39.877607901027815
2025-10-18 16:00:00+00:00,36.28570066757701
2025-10-18 17:00:00+00:00,35.36354970466177
2025-10-18 18:00:00+00:00,36.69025999747364
2025-10-18 19:00:00+00:00,36.77363498926692
2025-10-18 20:00:00+00:00,37.33336028273258
2025-10-18 21:00:00+00:00,36.63013200829827
2025-10-18 22:00:00+00:00,36.19604055331054
2025-10-18 23:00:00+00:00,35.30960510986289
2025-10-19 00:00:00+00:00,32.52420079401495
2025-10-19 01:00:00+00:00,32.74642535747776
2025-10-19 02:00:00+00:00,31.558727420891643
2025-10-19 03:00:00+00:00,32.39638671571366
2025-10-19 04:00:00+00:00,33.44228538589798
2025-10-19 05:00:00+00:00,27.14207958799547
2025-10-19 06:00:00+00:00,25.483986864949777
2025-10-19 07:00:00+00:00,33.18797939317201
2025-10-19 08:00:00+00:00,39.63420998994263
2025-10-19 09:00:00+00:00,45.174127957004515
2025-10-19 10:00:00+00:00,47.64208397684409
2025-10-19 11:00:00+00:00,45.771705783340614
2025-10-19 12:00:00+00:00,43.76026138517782
2025-10-19 13:00:00+00:00,44.23663606156376
2025-10-19 14:00:00+00:00,43.67070744313574
2025-10-19 15:00:00+00:00,44.12719774365043
2025-10-19 16:00:00+00:00,37.74021183288941
2025-10-19 17:00:00+00:00,37.31291765847688
2025-10-19 18:00:00+00:00,38.22189932629781
2025-10-19 19:00:00+00:00,38.83414054672685
2025-10-19 20:00:00+00:00,38.575384929117064
2025-10-19 21:00:00+00:00,35.836479285382595
2025-10-19 22:00:00+00:00,34.0680830057883
2025-10-19 23:00:00+00:00,31.44246549287887
2025-10-20 00:00:00+00:00,30.13228868906248
2025-10-20 01:00:00+00:00,30.865464951103448
2025-10-20 02:00:00+00:00,30.577927302574018
2025-10-20 03:00:00+00:00,30.778318972578017
2025-10-20 04:00:00+00:00,29.906342888118953
2025-10-20 05:00:00+00:00,26.575427741824306
2025-10-20 06:00:00+00:00,23.404551696060008
2025-10-20 07:00:00+00:00,31.577165061159118
2025-10-20 08:00:00+00:00,38.995386022240965
2025-10-20 09:00:00+00:00,43.24815190037365
2025-10-20 10:00:00+00:00,43.988552390667465
2025-10-20 11:00:00+00:00,45.35625810597155
2025-10-20 12:00:00+00:00,48.80085905211489
2025-10-20 13:00:00+00:00,52.22162443565169
2025-10-20 14:00:00+00:00,51.395534487068474
2025-10-20 15:00:00+00:00,50.08160452491878
2025-10-20 16:00:00+00:00,41.941540864353826
2025-10-20 17:00:00+00:00,47.326980857085225
2025-10-20 18:00:00+00:00,43.11391311632413
2025-10-20 19:00:00+00:00,40.25596592040679
2025-10-20 20:00:00+00:00,38.248238395560584
2025-10-20 21:00:00+00:00,36.40589770497782
2025-10-20 22:00:00+00:00,35.02318142891951
2025-10-20 23:00:00+00:00,31.65739278092087
2025-10-21 00:00:00+00:00,30.359160011645837
2025-10-21 01:00:00+00:00,30.983550462555538
2025-10-21 02:00:00+00:00,32.265789618393825
2025-10-21 03:00:00+00:00,32.76357698382303
2025-10-21 04:00:00+00:00,33.08709667758647
2025-10-21 05:00:00+00:00,23.318940541130043
2025-10-21 06:00:00+00:00,17.55310436450228
2025-10-21 07:00:00+00:00,25.04702186268097
2025-10-21 08:00:00+00:00,35.04396909133935
2025-10-21 09:00:00+00:00,38.323174194341206
2025-10-21 10:00:00+00:00,41.50303855746252
2025-10-21 11:00:00+00:00,42.03139057586567
2025-10-21 12:00:00+00:00,47.032517047983525
2025-10-21 13:00:00+00:00,46.78693922881747
2025-10-21 14:00:00+00:00,43.717655733298194
2025-10-21 15:00:00+00:00,43.76754987704012
2025-10-21 16:00:00+00:00,41.32656098540884
2025-10-21 17:00:00+00:00,42.160847529901176
2025-10-21 18:00:00+00:00,38.63133438538816
2025-10-21 19:00:00+00:00,36.0820066130691
2025-10-21 20:00:00+00:00,31.91809473146722
2025-10-21 21:00:00+00:00,33.123469513633644
2025-10-21 22:00:00+00:00,32.875538576466695
2025-10-21 23:00:00+00:00,33.08327341820007
2025-10-22 00:00:00+00:00,34.16143229260879
2025-10-22 01:00:00+00:00,33.350584948448386
2025-10-22 02:00:00+00:00,33.746381892497176
2025-10-22 03:00:00+00:00,34.32506415888605
2025-10-22 04:00:00+00:00,33.173149393241495
2025-10-22 05:00:00+00:00,27.644539877236166
2025-10-22 06:00:00+00:00,24.87655571494942
2025-10-22 07:00:00+00:00,29.537831609801152
2025-10-22 08:00:00+00:00,33.7881088826188
2025-10-22 09:00:00+00:00,53.48997051073198
2025-10-22 10:00:00+00:00,61.26643816130272
2025-10-22 11:00:00+00:00,61.13981161092294
2025-10-22 12:00:00+00:00,51.13308992947486
2025-10-22 13:00:00+00:00,57.3530799043485
2025-10-22 14:00:00+00:00,61.74334171796905
2025-10-22 15:00:00+00:00,58.33007529942072
2025-10-22 16:00:00+00:00,38.37661482508799
2025-10-22 17:00:00+00:00,37.866198211214055
2025-10-22 18:00:00+00:00,34.650245540434156
2025-10-22 19:00:00+00:00,33.92005243936381
2025-10-22 20:00:00+00:00,31.7097536691737
2025-10-22 21:00:00+00:00,32.881698687110294
2025-10-22 22:00:00+00:00,35.14319498522243
2025-10-22 23:00:00+00:00,37.48104227690416
2025-10-23 00:00:00+00:00,34.158553348010884
2025-10-23 01:00:00+00:00,33.42005243398092
2025-10-23 02:00:00+00:00,32.31199429462275
2025-10-23 03:00:00+00:00,31.4031634821407
2025-10-23 04:00:00+00:00,30.04252577771978
2025-10-23 05:00:00+00:00,28.871922822466537
2025-10-23 06:00:00+00:00,29.393128096046347
2025-10-23 07:00:00+00:00,31.148506771625428
2025-10-23 08:00:00+00:00,34.37231109738135
2025-10-23 09:00:00+00:00,45.71811189531334
2025-10-23 10:00:00+00:00,49.20135714758394
2025-10-23 11:00:00+00:00,51.37256256771173
2025-10-23 12:00:00+00:00,57.23626971110357
2025-10-23 13:00:00+00:00,56.19383837598267
2025-10-23 14:00:00+00:00,55.382092491621044
2025-10-23 15:00:00+00:00,49.437699386937474
2025-10-23 16:00:00+00:00,38.34153490099747
2025-10-23 17:00:00+00:00,38.52308624706006
2025-10-23 18:00:00+00:00,35.677217953368825
2025-10-23 19:00:00+00:00,34.082872015869995
2025-10-23 20:00:00+00:00,32.63077814536809
2025-10-23 21:00:00+00:00,33.738882801551
2025-10-23 22:00:00+00:00,33.85093919084803
2025-10-23 23:00:00+00:00,36.32524399239893
2025-10-24 00:00:00+00:00,35.64698470957938
2025-10-24 01:00:00+00:00,34.11312630721569
2025-10-24 02:00:00+00:00,32.21007049522376
2025-10-24 03:00:00+00:00,30.27810550274976
2025-10-24 04:00:00+00:00,27.880498499873163
2025-10-24 05:00:00+00:00,24.95945306586974
2025-10-24 06:00:00+00:00,22.579071498258784
2025-10-24 07:00:00+00:00,25.10017154446968
2025-10-24 08:00:00+00:00,31.018726255622422
2025-10-24 09:00:00+00:00,38.25741864789702
2025-10-24 10:00:00+00:00,45.06025218734123
2025-10-24 11:00:00+00:00,51.84619012216122
2025-10-24 12:00:00+00:00,59.74111811243397
2025-10-24 13:00:00+00:00,52.91494924662744
2025-10-24 14:00:00+00:00,52.498754458545626
2025-10-24 15:00:00+00:00,47.23909439572019
2025-10-24 16:00:00+00:00,40.54106750540684
2025-10-24 17:00:00+00:00,41.111014953077444
2025-10-24 18:00:00+00:00,40.19940611459846
2025-10-24 19:00:00+00:00,38.7740218328582
2025-10-24 20:00:00+00:00,36.737656783383194
2025-10-24 21:00:00+00:00,37.211914244449744
2025-10-24 22:00:00+00:00,38.63227251717226
2025-10-24 23:00:00+00:00,35.373333022608435
2025-10-25 00:00:00+00:00,33.49093223197489
2025-10-25 01:00:00+00:00,33.444968667055186
2025-10-25 02:00:00+00:00,31.414852533496056
2025-10-25 03:00:00+00:00,30.655475233931668
2025-10-25 04:00:00+00:00,29.17387722245129
2025-10-25 05:00:00+00:00,30.527066642926894
2025-10-25 06:00:00+00:00,29.84243572757441
2025-10-25 07:00:00+00:00,30.50838743221259
2025-10-25 08:00:00+00:00,29.510352638669854
2025-10-25 09:00:00+00:00,36.090805519899746
2025-10-25 10:00:00+00:00,43.285981412700195
2025-10-25 11:00:00+00:00,48.14459496906012
2025-10-25 12:00:00+00:00,57.655327844825464
2025-10-25 13:00:00+00:00,54.62950033789422
2025-10-25 14:00:00+00:00,56.85655555076343
2025-10-25 15:00:00+00:00,49.79523476413219
2025-10-25 16:00:00+00:00,43.19045975282099
2025-10-25 17:00:00+00:00,42.12333224411166
2025-10-25 18:00:00+00:00,39.170960548482725
2025-10-25 19:00:00+00:00,39.672426007436485
2025-10-25 20:00:00+00:00,39.771877571253086
2025-10-25 21:00:00+00:00,38.32643379093748
2025-10-25 22:00:00+00:00,35.930755314045484
2025-10-25 23:00:00+00:00,34.31695236661692
2025-10-26 00:00:00+00:00,30.23482679569904
2025-10-26 01:00:00+00:00,31.323489295283263
2025-10-26 02:00:00+00:00,33.81247230170179
2025-10-26 03:00:00+00:00,33.52845959511023
2025-10-26 04:00:00+00:00,32.408819556622305
2025-10-26 05:00:00+00:00,34.69711142512591
2025-10-26 06:00:00+00:00,33.44439482900639
2025-10-26 07:00:00+00:00,32.9538068026145
2025-10-26 08:00:00+00:00,31.341251911648712
2025-10-26 09:00:00+00:00,38.030807758377534
2025-10-26 10:00:00+00:00,45.16709479344436
2025-10-26 11:00:00+00:00,48.85098662385962
2025-10-26 12:00:00+00:00,50.862482548938054
2025-10-26 13:00:00+00:00,70.82602498855876
2025-10-26 14:00:00+00:00,71.86982563248479
2025-10-26 15:00:00+00:00,63.99435096731814
2025-10-26 16:00:00+00:00,47.19998922559852
2025-10-26 17:00:00+00:00,48.41329740571226
2025-10-26 18:00:00+00:00,47.7625268809374
2025-10-26 19:00:00+00:00,43.41079114795032
2025-10-26 20:00:00+00:00,36.63701290493408
2025-10-26 21:00:00+00:00,34.02510310583813
2025-10-26 22:00:00+00:00,33.07621830848052
2025-10-26 23:00:00+00:00,30.715008317731883
2025-10-27 00:00:00+00:00,28.912572885017422
2025-10-27 01:00:00+00:00,32.44819480843467
2025-10-27 02:00:00+00:00,34.486825357603294
2025-10-27 03:00:00+00:00,33.212298181185055
2025-10-27 04:00:00+00:00,33.40307838284086
2025-10-27 05:00:00+00:00,33.842768783827744
2025-10-27 06:00:00+00:00,51.83472192433033
2025-10-27 07:00:00+00:00,34.36648782916218
2025-10-27 08:00:00+00:00,30.542597750337457
2025-10-27 09:00:00+00:00,36.260157854945106
2025-10-27 10:00:00+00:00,38.34220351118898
2025-10-27 11:00:00+00:00,42.93631313641622
2025-10-27 12:00:00+00:00,46.151749118777076
2025-10-27 13:00:00+00:00,51.350871281394056
2025-10-27 14:00:00+00:00,54.01486602134782
2025-10-27 15:00:00+00:00,53.339590392052294
2025-10-27 16:00:00+00:00,52.575399307769956
2025-10-27 17:00:00+00:00,52.66181378105822
2025-10-27 18:00:00+00:00,48.99822360769835
2025-10-27 19:00:00+00:00,39.52052790579493
2025-10-27 20:00:00+00:00,33.98296304562539
2025-10-27 21:00:00+00:00,33.269892922730726
2025-10-27 22:00:00+00:00,31.61656951468247
2025-10-27 23:00:00+00:00,30.781783315850937
2025-10-28 00:00:00+00:00,28.925792092100625
2025-10-28 01:00:00+00:00,33.46716603077206
2025-10-28 02:00:00+00:00,35.423696270543324
2025-10-28 03:00:00+00:00,35.57098865946517
2025-10-28 04:00:00+00:00,38.5866735721548
2025-10-28 05:00:00+00:00,34.756020252909664
2025-10-28 06:00:00+00:00,33.08694259899209
2025-10-28 07:00:00+00:00,31.11789337401647
2025-10-28 08:00:00+00:00,27.68807136572982
2025-10-28 09:00:00+00:00,32.86307939135712
2025-10-28 10:00:00+00:00,34.510660420831755
2025-10-28 11:00:00+00:00,39.753990903665766
2025-10-28 12:00:00+00:00,44.20421683573437
2025-10-28 13:00:00+00:00,47.85525195914605
2025-10-28 14:00:00+00:00,51.94594408455265
2025-10-28 15:00:00+00:00,52.197311253373776
2025-10-28 16:00:00+00:00,49.92121542778251
2025-10-28 17:00:00+00:00,46.49794666531414
2025-10-28 18:00:00+00:00,43.44695185602249
2025-10-28 19:00:00+00:00,36.66206084005823
2025-10-28 20:00:00+00:00,33.568266998501855
2025-10-28 21:00:00+00:00,34.60979695633937
2025-10-28 22:00:00+00:00,34.6470901753522
2025-10-28 23:00:00+00:00,35.47830987810919
2025-10-29 00:00:00+00:00,32.281636149077094
2025-10-29 01:00:00+00:00,35.287889122836184
2025-10-29 02:00:00+00:00,34.837630945771515
2025-10-29 03:00:00+00:00,35.780081166794965
2025-10-29 04:00:00+00:00,33.61271573587647
2025-10-29 05:00:00+00:00,33.471986911682585
2025-10-29 06:00:00+00:00,33.263477603458384
2025-10-29 07:00:00+00:00,33.74378096726885
2025-10-29 08:00:00+00:00,32.5982224988197
2025-10-29 09:00:00+00:00,36.384554971248185
2025-10-29 10:00:00+00:00,38.92874799256284
2025-10-29 11:00:00+00:00,43.226753318915414
2025-10-29 12:00:00+00:00,46.17115958094924
2025-10-29 13:00:00+00:00,45.70482813766749
2025-10-29 14:00:00+00:00,44.11078285095053
2025-10-29 15:00:00+00:00,43.84850063357856
2025-10-29 16:00:00+00:00,39.565263212175495
2025-10-29 17:00:00+00:00,38.29846219698109
2025-10-29 18:00:00+00:00,37.95295974878692
2025-10-29 19:00:00+00:00,36.43662380210572
2025-10-29 20:00:00+00:00,35.89941126903217
2025-10-29 21:00:00+00:00,36.189045547357665
2025-10-29 22:00:00+00:00,37.30567769863804
2025-10-29 23:00:00+00:00,36.992412144391515
2025-10-30 00:00:00+00:00,34.2740324806666
2025-10-30 01:00:00+00:00,36.22153884005741
2025-10-30 02:00:00+00:00,34.71517033974794
2025-10-30 03:00:00+00:00,31.177198108492004
2025-10-30 04:00:00+00:00,28.114361602661216
2025-10-30 05:00:00+00:00,24.340765016892103
2025-10-30 06:00:00+00:00,25.431363998790673
2025-10-30 07:00:00+00:00,34.701308743115725
2025-10-30 08:00:00+00:00,36.844194614059354
2025-10-30 09:00:00+00:00,40.15556638652138
2025-10-30 10:00:00+00:00,46.180928188037676
2025-10-30 11:00:00+00:00,48.84883727973527
2025-10-30 12:00:00+00:00,45.72780764411416
2025-10-30 13:00:00+00:00,45.62679758952711
2025-10-30 14:00:00+00:00,44.3896507671309
2025-10-30 15:00:00+00:00,45.40246376598537
2025-10-30 16:00:00+00:00,41.06438651259254
2025-10-30 17:00:00+00:00,50.2398619483553
2025-10-30 18:00:00+00:00,61.46878278199371
2025-10-30 19:00:00+00:00,63.81683715330754
2025-10-30 20:00:00+00:00,53.797482479411855
2025-10-30 21:00:00+00:00,54.29370946880566
2025-10-30 22:00:00+00:00,45.383579490275146
2025-10-30 23:00:00+00:00,39.75413783470537
2025-10-31 00:00:00+00:00,34.32785729771256
2025-10-31 01:00:00+00:00,33.223593280341085
2025-10-31 02:00:00+00:00,31.94013665821799
2025-10-31 03:00:00+00:00,30.35042722924406
2025-10-31 04:00:00+00:00,28.624754276959063
2025-10-31 05:00:00+00:00,30.5879623257314
2025-10-31 06:00:00+00:00,30.759280121756117
2025-10-31 07:00:00+00:00,37.80980062403942
2025-10-31 08:00:00+00:00,47.99509414292197
2025-10-31 09:00:00+00:00,42.406379069467725
2025-10-31 10:00:00+00:00,41.25507001973457
2025-10-31 11:00:00+00:00,42.002054822840904
2025-10-31 12:00:00+00:00,39.13808191258511
2025-10-31 13:00:00+00:00,38.06496730857368
2025-10-31 14:00:00+00:00,37.27321178943649
2025-10-31 15:00:00+00:00,36.51204267299312
2025-10-31 16:00:00+00:00,36.35412203869737
2025-10-31 17:00:00+00:00,36.654061567956816
2025-10-31 18:00:00+00:00,38.44769212531898
2025-10-31 19:00:00+00:00,40.68549783367055
2025-10-31 20:00:00+00:00,40.18484428201018
2025-10-31 21:00:00+00:00,38.935933771928966
2025-10-31 22:00:00+00:00,36.19812451360456
2025-10-31 23:00:00+00:00,33.89290804204458
2025-11-01 00:00:00+00:00,31.1341652220081
2025-11-01 01:00:00+00:00,31.641312174029775
2025-11-01 02:00:00+00:00,30.614998610513958
2025-11-01 03:00:00+00:00,30.15736879800923
2025-11-01 04:00:00+00:00,28.480616868407193
2025-11-01 05:00:00+00:00,29.360660755204947
2025-11-01 06:00:00+00:00,29.752938109139507
2025-11-01 07:00:00+00:00,39.11345501125831
2025-11-01 08:00:00+00:00,39.95104853350714
2025-11-01 09:00:00+00:00,41.73494536570357
2025-11-01 10:00:00+00:00,42.82077858292663
2025-11-01 11:00:00+00:00,41.445607612795065
2025-11-01 12:00:00+00:00,36.54003185719806
2025-11-01 13:00:00+00:00,36.511669895103935
2025-11-01 14:00:00+00:00,36.86000805235135
2025-11-01 15:00:00+00:00,36.812490757110176
2025-11-01 16:00:00+00:00,35.5859696848414
2025-11-01 17:00:00+00:00,37.06137364597055
2025-11-01 18:00:00+00:00,38.74185666240067
2025-11-01 19:00:00+00:00,40.76411159818153
2025-11-01 20:00:00+00:00,41.009813034690644
2025-11-01 21:00:00+00:00,38.61527631235461
2025-11-01 22:00:00+00:00,35.80168877456295
2025-11-01 23:00:00+00:00,34.37711044041618
2025-11-02 00:00:00+00:00,32.43604733804954
2025-11-02 01:00:00+00:00,33.34322549210261
2025-11-02 02:00:00+00:00,33.475276941011614
2025-11-02 03:00:00+00:00,33.42331149871093
2025-11-02 04:00:00+00:00,31.79674225260609
2025-11-02 05:00:00+00:00,30.329437224592652
2025-11-02 06:00:00+00:00,26.680780285998754
2025-11-02 07:00:00+00:00,33.99686644331836
2025-11-02 08:00:00+00:00,40.27682928286963
2025-11-02 09:00:00+00:00,41.19693800216942
2025-11-02 10:00:00+00:00,44.48660903840057
2025-11-02 11:00:00+00:00,44.64630418239762
2025-11-02 12:00:00+00:00,44.9946990259543
2025-11-02 13:00:00+00:00,44.75456514202642
2025-11-02 14:00:00+00:00,41.3387665534012
2025-11-02 15:00:00+00:00,40.20134569189461
2025-11-02 16:00:00+00:00,37.02061512904719
2025-11-02 17:00:00+00:00,36.93012212127102
2025-11-02 18:00:00+00:00,36.56119253513856
2025-11-02 19:00:00+00:00,35.70203668979281
2025-11-02 20:00:00+00:00,34.964761204208294
2025-11-02 21:00:00+00:00,34.19675848268307
2025-11-02 22:00:00+00:00,32.01336581799465
2025-11-02 23:00:00+00:00,31.117341261374
2025-11-03 00:00:00+00:00,29.949674222230705
2025-11-03 01:00:00+00:00,32.49989744955372
2025-11-03 02:00:00+00:00,34.65840259529029
2025-11-03 03:00:00+00:00,33.735512830018436
2025-11-03 04:00:00+00:00,33.003415439981254
2025-11-03 05:00:00+00:00,33.7903870111031
2025-11-03 06:00:00+00:00,31.672432392101058
2025-11-03 07:00:00+00:00,31.674841958867127
2025-11-03 08:00:00+00:00,32.09380836372926
2025-11-03 09:00:00+00:00,30.92509504732385
2025-11-03 10:00:00+00:00,39.78534405289286
2025-11-03 11:00:00+00:00,46.62630924388827
2025-11-03 12:00:00+00:00,46.99500405527328
2025-11-03 13:00:00+00:00,55.42724867199405
2025-11-03 14:00:00+00:00,52.699121817031674
2025-11-03 15:00:00+00:00,46.68116515570896
2025-11-03 16:00:00+00:00,44.27189283459394
2025-11-03 17:00:00+00:00,40.517778683764725
2025-11-03 18:00:00+00:00,38.553566547974164
2025-11-03 19:00:00+00:00,36.86346838011349
2025-11-03 20:00:00+00:00,33.88245632098986
2025-11-03 21:00:00+00:00,33.85818770032299
2025-11-03 22:00:00+00:00,35.25419735444276
2025-11-03 23:00:00+00:00,34.09958028402114
2025-11-04 00:00:00+00:00,36.499324951225994
2025-11-04 01:00:00+00:00,37.0861587968276
2025-11-04 02:00:00+00:00,37.08815775957973
2025-11-04 03:00:00+00:00,35.426305487565465
2025-11-04 04:00:00+00:00,34.50336569997087
2025-11-04 05:00:00+00:00,33.1790128220769
2025-11-04 06:00:00+00:00,27.363232495936455
2025-11-04 07:00:00+00:00,23.723085338231186
2025-11-04 08:00:00+00:00,29.23764540373408
2025-11-04 09:00:00+00:00,36.02518297085298
2025-11-04 10:00:00+00:00,50.74399305479176
2025-11-04 11:00:00+00:00,54.65706898931685
2025-11-04 12:00:00+00:00,51.519667422335324
2025-11-04 13:00:00+00:00,55.87979677146174
2025-11-04 14:00:00+00:00,49.79156801192247
2025-11-04 15:00:00+00:00,44.946003908437966
2025-11-04 16:00:00+00:00,35.72303923385803
2025-11-04 17:00:00+00:00,33.08246476369477
2025-11-04 18:00:00+00:00,34.38716148028319
2025-11-04 19:00:00+00:00,34.5766179278685
2025-11-04 20:00:00+00:00,34.54113997151212
2025-11-04 21:00:00+00:00,34.759625981561385
2025-11-04 22:00:00+00:00,35.01353557964503
2025-11-04 23:00:00+00:00,36.755496322126014
2025-11-05 00:00:00+00:00,34.92176342122303
2025-11-05 01:00:00+00:00,35.954266391598715
2025-11-05 02:00:00+00:00,34.376048155203875
2025-11-05 03:00:00+00:00,33.67595760320338
2025-11-05 04:00:00+00:00,32.84567522500995
2025-11-05 05:00:00+00:00,30.779297504281175
2025-11-05 06:00:00+00:00,23.483206740491923
2025-11-05 07:00:00+00:00,21.102400934566557
2025-11-05 08:00:00+00:00,29.943146726155877
2025-11-05 09:00:00+00:00,37.03844924692115
2025-11-05 10:00:00+00:00,49.29245125770302
2025-11-05 11:00:00+00:00,53.90058782125913
2025-11-05 12:00:00+00:00,55.93055697214117
2025-11-05 13:00:00+00:00,59.47615810956277
2025-11-05 14:00:00+00:00,51.363274330677285
2025-11-05 15:00:00+00:00,42.88567953586115
2025-11-05 16:00:00+00:00,37.321574282970516
2025-11-05 17:00:00+00:00,32.460697483697174
2025-11-05 18:00:00+00:00,32.388677524098014
2025-11-05 19:00:00+00:00,31.932936135077057
2025-11-05 20:00:00+00:00,31.50374657928537
2025-11-05 21:00:00+00:00,31.884490263141203
2025-11-05 22:00:00+00:00,33.32658122816853
2025-11-05 23:00:00+00:00,33.82625744297629
2025-11-06 00:00:00+00:00,34.396030779861334
2025-11-06 01:00:00+00:00,36.342838080714024
2025-11-06 02:00:00+00:00,36.28727444070147
2025-11-06 03:00:00+00:00,35.79209543477368
2025-11-06 04:00:00+00:00,33.52985611885752
2025-11-06 05:00:00+00:00,31.49164089522462
2025-11-06 06:00:00+00:00,23.54385966806217
2025-11-06 07:00:00+00:00,19.129393436294293
2025-11-06 08:00:00+00:00,31.394315762232228
2025-11-06 09:00:00+00:00,35.28023730635846
2025-11-06 10:00:00+00:00,46.71126190197055
2025-11-06 11:00:00+00:00,51.60722943195012
2025-11-06 12:00:00+00:00,51.64534066683925
2025-11-06 13:00:00+00:00,52.56962942984642
2025-11-06 14:00:00+00:00,48.63348880614875
2025-11-06 15:00:00+00:00,46.27549162618421
2025-11-06 16:00:00+00:00,43.94273105623819
2025-11-06 17:00:00+00:00,41.68290290672832
2025-11-06 18:00:00+00:00,38.37870860981458
2025-11-06 19:00:00+00:00,34.19316439936647
2025-11-06 20:00:00+00:00,31.502432503777158
2025-11-06 21:00:00+00:00,30.131058847975766
2025-11-06 22:00:00+00:00,31.206901285352586
2025-11-06 23:00:00+00:00,32.26563951754458
2025-11-07 00:00:00+00:00,32.59133153535254
2025-11-07 01:00:00+00:00,32.389364618666406
2025-11-07 02:00:00+00:00,32.10488426073789
2025-11-07 03:00:00+00:00,31.733276388397037
2025-11-07 04:00:00+00:00,30.863890907529342
2025-11-07 05:00:00+00:00,29.753277118232457
2025-11-07 06:00:00+00:00,28.80822775139424
2025-11-07 07:00:00+00:00,26.718018532287342
2025-11-07 08:00:00+00:00,35.477497771997
2025-11-07 09:00:00+00:00,45.02282456257255
2025-11-07 10:00:00+00:00,53.87066455615525
2025-11-07 11:00:00+00:00,55.51263005396808
2025-11-07 12:00:00+00:00,48.47200676682774
2025-11-07 13:00:00+00:00,38.15810400665385
2025-11-07 14:00:00+00:00,40.17870595894631
2025-11-07 15:00:00+00:00,45.663993829255
2025-11-07 16:00:00+00:00,46.94905947273241
2025-11-07 17:00:00+00:00,40.38480088057458
2025-11-07 18:00:00+00:00,42.12023770374148
2025-11-07 19:00:00+00:00,40.46507367929397
2025-11-07 20:00:00+00:00,38.87391184667885
2025-11-07 21:00:00+00:00,33.93412761863812
2025-11-07 22:00:00+00:00,34.507174283398626
2025-11-07 23:00:00+00:00,33.44067315160581
2025-11-08 00:00:00+00:00,33.319353104506554
2025-11-08 01:00:00+00:00,33.6519575183951
2025-11-08 02:00:00+00:00,33.943310707256934
2025-11-08 03:00:00+00:00,34.02318925745667
2025-11-08 04:00:00+00:00,34.05650574674563
2025-11-08 05:00:00+00:00,34.79995494915199
2025-11-08 06:00:00+00:00,26.26584821591289
2025-11-08 07:00:00+00:00,24.849565452850864
2025-11-08 08:00:00+00:00,32.36154253143665
2025-11-08 09:00:00+00:00,42.65449411782157
2025-11-08 10:00:00+00:00,46.434791315008944
2025-11-08 11:00:00+00:00,47.677763622039436
2025-11-08 12:00:00+00:00,45.12543394758539
2025-11-08 13:00:00+00:00,46.250010678487456
2025-11-08 14:00:00+00:00,57.40282340262034
2025-11-08 15:00:00+00:00,58.708219754462604
2025-11-08 16:00:00+00:00,56.07112504777066
2025-11-08 17:00:00+00:00,48.77986598972011
2025-11-08 18:00:00+00:00,47.30227752178774
2025-11-08 19:00:00+00:00,38.56220786991573
2025-11-08 20:00:00+00:00,34.07438919980865
2025-11-08 21:00:00+00:00,31.537091847937553
2025-11-08 22:00:00+00:00,31.70091079762107
2025-11-08 23:00:00+00:00,31.18538770754667
2025-11-09 00:00:00+00:00,32.07163389517061
2025-11-09 01:00:00+00:00,32.91742245862421
2025-11-09 02:00:00+00:00,33.94105773472299
2025-11-09 03:00:00+00:00,33.2410418990338
2025-11-09 04:00:00+00:00,32.74341300560743
2025-11-09 05:00:00+00:00,32.404687187167156
2025-11-09 06:00:00+00:00,31.732200167672385
2025-11-09 07:00:00+00:00,32.74378859587981
2025-11-09 08:00:00+00:00,37.8315942742473
2025-11-09 09:00:00+00:00,36.607722682896686
2025-11-09 10:00:00+00:00,42.083129777194294
2025-11-09 11:00:00+00:00,45.44861058843342
2025-11-09 12:00:00+00:00,48.664232147387104
2025-11-09 13:00:00+00:00,47.68135989236431
2025-11-09 14:00:00+00:00,51.077012405402016
2025-11-09 15:00:00+00:00,51.635916453291145
2025-11-09 16:00:00+00:00,51.840500653993956
2025-11-09 17:00:00+00:00,48.12236304299151
2025-11-09 18:00:00+00:00,42.64794573593838
2025-11-09 19:00:00+00:00,39.9021356770155
2025-11-09 20:00:00+00:00,34.17968447598407
2025-11-09 21:00:00+00:00,29.24641646538653
2025-11-09 22:00:00+00:00,29.42472246050865
2025-11-09 23:00:00+00:00,29.580732780324514
2025-11-10 00:00:00+00:00,29.806400020611328
2025-11-10 01:00:00+00:00,30.621799590129573
2025-11-10 02:00:00+00:00,30.6973867255
2025-11-10 03:00:00+00:00,31.299892577644503
2025-11-10 04:00:00+00:00,32.50487904431521
2025-11-10 05:00:00+00:00,32.496393643536734
2025-11-10 06:00:00+00:00,29.586355117032028
2025-11-10 07:00:00+00:00,25.158269313941215
2025-11-10 08:00:00+00:00,28.323426144920855
2025-11-10 09:00:00+00:00,33.23483407918282
2025-11-10 10:00:00+00:00,45.44304282716458
2025-11-10 11:00:00+00:00,47.980571508810314
2025-11-10 12:00:00+00:00,57.915953800988035
2025-11-10 13:00:00+00:00,51.9446827389256
2025-11-10 14:00:00+00:00,53.31618461089203
2025-11-10 15:00:00+00:00,54.49322562081248
2025-11-10 16:00:00+00:00,48.82520994746682
2025-11-10 17:00:00+00:00,42.419463986411806
2025-11-10 18:00:00+00:00,40.267890232789185
2025-11-10 19:00:00+00:00,39.71144325956675
2025-11-10 20:00:00+00:00,36.99665394088981
2025-11-10 21:00:00+00:00,34.69388544549968
2025-11-10 22:00:00+00:00,32.588215411174254
2025-11-10 23:00:00+00:00,31.144030085255885
2025-11-11 00:00:00+00:00,29.672420165357604
2025-11-11 01:00:00+00:00,28.375581877141855
2025-11-11 02:00:00+00:00,28.910775237956557
2025-11-11 03:00:00+00:00,28.992028372691063
2025-11-11 04:00:00+00:00,29.32169409256147
2025-11-11 05:00:00+00:00,29.852390864916774
2025-11-11 06:00:00+00:00,35.47436593754145
2025-11-11 07:00:00+00:00,34.25193637542223
2025-11-11 08:00:00+00:00,36.435814557906305
2025-11-11 09:00:00+00:00,32.142830505563126
2025-11-11 10:00:00+00:00,44.33665949141173
2025-11-11 11:00:00+00:00,50.75951697733971
2025-11-11 12:00:00+00:00,50.27231350155183
2025-11-11 13:00:00+00:00,52.24134217696959
2025-11-11 14:00:00+00:00,55.229377959194736
2025-11-11 15:00:00+00:00,57.0365668481073
2025-11-11 16:00:00+00:00,46.29373336053561
2025-11-11 17:00:00+00:00,32.61379727540955
2025-11-11 18:00:00+00:00,35.95911024095552
2025-11-11 19:00:00+00:00,41.83421156278526
2025-11-11 20:00:00+00:00,40.93075891794155
2025-11-11 21:00:00+00:00,36.59393084944342
2025-11-11 22:00:00+00:00,36.512032499367486
2025-11-11 23:00:00+00:00,36.77338836661202
2025-11-12 00:00:00+00:00,33.25477776026888
2025-11-12 01:00:00+00:00,29.892461580324223
2025-11-12 02:00:00+00:00,31.87820849102271
2025-11-12 03:00:00+00:00,32.17864090923743
2025-11-12 04:00:00+00:00,33.650575073206795
2025-11-12 05:00:00+00:00,33.07449038911083
2025-11-12 06:00:00+00:00,27.49319114465556
2025-11-12 07:00:00+00:00,22.487422625083973
2025-11-12 08:00:00+00:00,30.795640210495225
2025-11-12 09:00:00+00:00,42.10633748317689
2025-11-12 10:00:00+00:00,47.614694014073145
2025-11-12 11:00:00+00:00,48.3048869496157
2025-11-12 12:00:00+00:00,49.087644080453664
2025-11-12 13:00:00+00:00,51.305985778199684
2025-11-12 14:00:00+00:00,51.61077214554171
2025-11-12 15:00:00+00:00,48.30266350242622
2025-11-12 16:00:00+00:00,43.538841461991225
2025-11-12 17:00:00+00:00,36.068785907809264
2025-11-12 18:00:00+00:00,44.860518300042386
2025-11-12 19:00:00+00:00,47.27309652696524
2025-11-12 20:00:00+00:00,39.85735440141791
2025-11-12 21:00:00+00:00,36.67844694790353
2025-11-12 22:00:00+00:00,35.96200562952942
2025-11-12 23:00:00+00:00,34.724083945782226
2025-11-13 00:00:00+00:00,32.84466808365712
2025-11-13 01:00:00+00:00,28.335699476795956
2025-11-13 02:00:00+00:00,29.32549363988954
2025-11-13 03:00:00+00:00,30.806817173063344
2025-11-13 04:00:00+00:00,31.630162502418987
2025-11-13 05:00:00+00:00,32.73204028713405
2025-11-13 06:00:00+00:00,30.486419376359738
2025-11-13 07:00:00+00:00,25.516855906904315
2025-11-13 08:00:00+00:00,32.86060407899745
2025-11-13 09:00:00+00:00,38.99895229885418
2025-11-13 10:00:00+00:00,47.22805211774603
2025-11-13 11:00:00+00:00,46.637203551207726
2025-11-13 12:00:00+00:00,48.420900085876134
2025-11-13 13:00:00+00:00,48.070891371472875
2025-11-13 14:00:00+00:00,47.6971953149459
2025-11-13 15:00:00+00:00,44.34047795506984
2025-11-13 16:00:00+00:00,43.07721190671988
2025-11-13 17:00:00+00:00,37.89407901561524
2025-11-13 18:00:00+00:00,40.80793413697988
2025-11-13 19:00:00+00:00,42.34110786798328
2025-11-13 20:00:00+00:00,39.514914945342454
2025-11-13 21:00:00+00:00,38.251789736620516
2025-11-13 22:00:00+00:00,35.720476095406305
2025-11-13 23:00:00+00:00,32.56245113835084
2025-11-14 00:00:00+00:00,29.429612757793148
2025-11-14 01:00:00+00:00,28.009178125070257
2025-11-14 02:00:00+00:00,28.35566727706031
2025-11-14 03:00:00+00:00,29.302884793789932
2025-11-14 04:00:00+00:00,29.78207494993411
2025-11-14 05:00:00+00:00,30.27652226334558
2025-11-14 06:00:00+00:00,29.4363969625141
2025-11-14 07:00:00+00:00,26.993562721035897
2025-11-14 08:00:00+00:00,32.02212099498245
2025-11-14 09:00:00+00:00,34.0566681605882
2025-11-14 10:00:00+00:00,38.02156939768372
2025-11-14 11:00:00+00:00,39.31520499073635
2025-11-14 12:00:00+00:00,39.51902462474606
2025-11-14 13:00:00+00:00,40.593330954403434
2025-11-14 14:00:00+00:00,45.68312786180469
2025-11-14 15:00:00+00:00,45.7200824176562
2025-11-14 16:00:00+00:00,48.672056796829246
2025-11-14 17:00:00+00:00,40.98925842238931
2025-11-14 18:00:00+00:00,41.05868572584209
2025-11-14 19:00:00+00:00,45.20616165754327
2025-11-14 20:00:00+00:00,43.37610948470056
2025-11-14 21:00:00+00:00,34.11735656031082
2025-11-14 22:00:00+00:00,33.66231903962974
2025-11-14 23:00:00+00:00,33.12791217129353
2025-11-15 00:00:00+00:00,32.7458247442157
2025-11-15 01:00:00+00:00,30.710401665459546
2025-11-15 02:00:00+00:00,30.88692292705793
2025-11-15 03:00:00+00:00,30.07772384409818
2025-11-15 04:00:00+00:00,29.788583098785296
2025-11-15 05:00:00+00:00,27.821939945644985
2025-11-15 06:00:00+00:00,23.453461874593216
2025-11-15 07:00:00+00:00,21.285533866752772
2025-11-15 08:00:00+00:00,29.62282589253819
2025-11-15 09:00:00+00:00,40.15111179857163
2025-11-15 10:00:00+00:00,42.901934302796064
2025-11-15 11:00:00+00:00,43.09767699225971
2025-11-15 12:00:00+00:00,43.67017519241141
2025-11-15 13:00:00+00:00,43.39369573260171
2025-11-15 14:00:00+00:00,50.082507698817814
2025-11-15 15:00:00+00:00,49.30677617914737
2025-11-15 16:00:00+00:00,43.42762077603841
2025-11-15 17:00:00+00:00,40.52316700140805
2025-11-15 18:00:00+00:00,42.92441224688913
2025-11-15 19:00:00+00:00,44.39324576305833
2025-11-15 20:00:00+00:00,37.658977828955024
2025-11-15 21:00:00+00:00,26.783020892621987
2025-11-15 22:00:00+00:00,31.272137286869324
2025-11-15 23:00:00+00:00,33.417270872414896
2025-11-16 00:00:00+00:00,34.10062266714315
2025-11-16 01:00:00+00:00,32.90110374649638
2025-11-16 02:00:00+00:00,35.98030901728753
2025-11-16 03:00:00+00:00,35.01018206578411
2025-11-16 04:00:00+00:00,33.1184672723269
2025-11-16 05:00:00+00:00,30.04065655702323
2025-11-16 06:00:00+00:00,23.023347818308537
2025-11-16 07:00:00+00:00,19.275988520817435
2025-11-16 08:00:00+00:00,29.477144403277165
2025-11-16 09:00:00+00:00,40.3167031237974
2025-11-16 10:00:00+00:00,45.500031939594855
2025-11-16 11:00:00+00:00,48.27569151720468
2025-11-16 12:00:00+00:00,52.18039417592744
2025-11-16 13:00:00+00:00,54.86742647786895
2025-11-16 14:00:00+00:00,53.165863257830054
2025-11-16 15:00:00+00:00,47.936050910073945
2025-11-16 16:00:00+00:00,45.995082261972335
2025-11-16 17:00:00+00:00,46.84755568486449
2025-11-16 18:00:00+00:00,43.55475834831174
2025-11-16 19:00:00+00:00,39.59995959934905
2025-11-16 20:00:00+00:00,36.3464183275339
2025-11-16 21:00:00+00:00,32.87133043864389
2025-11-16 22:00:00+00:00,34.298455297037634
2025-11-16 23:00:00+00:00,37.4910625657466
2025-11-17 00:00:00+00:00,35.30761874910022
2025-11-17 01:00:00+00:00,33.95060126389029
2025-11-17 02:00:00+00:00,32.282107209640095
2025-11-17 03:00:00+00:00,33.40115733444006
2025-11-17 04:00:00+00:00,31.67939716610954
2025-11-17 05:00:00+00:00,28.5380125618461
2025-11-17 06:00:00+00:00,26.769589205453872
2025-11-17 07:00:00+00:00,25.04021239148893
2025-11-17 08:00:00+00:00,31.900645318397363
2025-11-17 09:00:00+00:00,37.7048449444434
2025-11-17 10:00:00+00:00,43.323624248618884
2025-11-17 11:00:00+00:00,48.95087471260642
2025-11-17 12:00:00+00:00,50.57894702509626
2025-11-17 13:00:00+00:00,50.75040448667643
2025-11-17 14:00:00+00:00,52.34029294125231
2025-11-17 15:00:00+00:00,50.18356381630073
2025-11-17 16:00:00+00:00,44.48127803950114
2025-11-17 17:00:00+00:00,39.03497210859142
2025-11-17 18:00:00+00:00,39.29675755182702
2025-11-17 19:00:00+00:00,38.29815733813092
2025-11-17 20:00:00+00:00,38.340777155991674
2025-11-17 21:00:00+00:00,31.95071998189659
2025-11-17 22:00:00+00:00,33.085084311227874
2025-11-17 23:00:00+00:00,33.48335334161193
2025-11-18 00:00:00+00:00,33.7859392304915
2025-11-18 01:00:00+00:00,33.50110753384404
2025-11-18 02:00:00+00:00,31.92115583727848
2025-11-18 03:00:00+00:00,30.380426247205055
2025-11-18 04:00:00+00:00,29.11931468960815
2025-11-18 05:00:00+00:00,28.091318069710834
2025-11-18 06:00:00+00:00,24.87748553962468
2025-11-18 07:00:00+00:00,24.001072220354448
2025-11-18 08:00:00+00:00,30.97053056981773
2025-11-18 09:00:00+00:00,36.0534771265183
2025-11-18 10:00:00+00:00,38.54744728667468
2025-11-18 11:00:00+00:00,41.32661770510353
2025-11-18 12:00:00+00:00,42.40547883259087
2025-11-18 13:00:00+00:00,46.856516455963366
2025-11-18 14:00:00+00:00,42.51604382968313
2025-11-18 15:00:00+00:00,40.1329952418694
2025-11-18 16:00:00+00:00,37.69817735122949
2025-11-18 17:00:00+00:00,33.42022833612728
2025-11-18 18:00:00+00:00,35.69721544522078
2025-11-18 19:00:00+00:00,37.1383092134148
2025-11-18 20:00:00+00:00,39.26541879169018
2025-11-18 21:00:00+00:00,32.18763645903372
2025-11-18 22:00:00+00:00,33.9701145240312
2025-11-18 23:00:00+00:00,38.53258146427038
2025-11-19 00:00:00+00:00,36.2844273957701
2025-11-19 01:00:00+00:00,33.42948149537957
2025-11-19 02:00:00+00:00,33.15348289112105
2025-11-19 03:00:00+00:00,32.08376254946892
2025-11-19 04:00:00+00:00,30.77884688916221
2025-11-19 05:00:00+00:00,30.0116002841383
2025-11-19 06:00:00+00:00,27.009822900606224
2025-11-19 07:00:00+00:00,26.242670185678584
2025-11-19 08:00:00+00:00,29.427394409594623
2025-11-19 09:00:00+00:00,31.778671588044027
2025-11-19 10:00:00+00:00,34.49842763365809
2025-11-19 11:00:00+00:00,37.338235272757586
2025-11-19 12:00:00+00:00,39.88863287693137
2025-11-19 13:00:00+00:00,41.68646410911659
2025-11-19 14:00:00+00:00,41.32757510595418
2025-11-19 15:00:00+00:00,41.053322831691425
2025-11-19 16:00:00+00:00,39.670449221158094
2025-11-19 17:00:00+00:00,37.62963507577361
2025-11-19 18:00:00+00:00,43.887475947427035
2025-11-19 19:00:00+00:00,40.616759719911315
2025-11-19 20:00:00+00:00,37.65934836193419
2025-11-19 21:00:00+00:00,36.38569213949096
2025-11-19 22:00:00+00:00,45.053006858046984
2025-11-19 23:00:00+00:00,41.16678455216178
2025-11-20 00:00:00+00:00,34.52085537152091
2025-11-20 01:00:00+00:00,25.45632885974047
2025-11-20 02:00:00+00:00,29.66624751520904
2025-11-20 03:00:00+00:00,31.99985253723319
2025-11-20 04:00:00+00:00,33.67709452869687
2025-11-20 05:00:00+00:00,32.43921897920552
2025-11-20 06:00:00+00:00,32.915252175208494
2025-11-20 07:00:00+00:00,32.91161024444338
2025-11-20 08:00:00+00:00,32.682826850108235
2025-11-20 09:00:00+00:00,32.03233690606713
2025-11-20 10:00:00+00:00,40.36393867318948
2025-11-20 11:00:00+00:00,46.58356520265303
2025-11-20 12:00:00+00:00,46.61624650167687
2025-11-20 13:00:00+00:00,49.358382665809195
2025-11-20 14:00:00+00:00,46.8595737258842
2025-11-20 15:00:00+00:00,46.03896131475474
2025-11-20 16:00:00+00:00,45.99595347861291
2025-11-20 17:00:00+00:00,40.40266342894354
2025-11-20 18:00:00+00:00,42.27665489236723
2025-11-20 19:00:00+00:00,42.382652924711465
2025-11-20 20:00:00+00:00,42.95613467652633
2025-11-20 21:00:00+00:00,40.007085266479216
2025-11-20 22:00:00+00:00,38.749681667568396
2025-11-20 23:00:00+00:00,36.352096407042445
2025-11-21 00:00:00+00:00,33.59300023031398
2025-11-21 01:00:00+00:00,29.519667551088844
2025-11-21 02:00:00+00:00,32.331443391107676
2025-11-21 03:00:00+00:00,33.15363945898552
2025-11-21 04:00:00+00:00,34.55170371088705
2025-11-21 05:00:00+00:00,32.748839677562565
2025-11-21 06:00:00+00:00,32.94933849544935
2025-11-21 07:00:00+00:00,34.080114633212695
2025-11-21 08:00:00+00:00,32.217279344325995
2025-11-21 09:00:00+00:00,32.22855189958199
2025-11-21 10:00:00+00:00,36.617555055973014
2025-11-21 11:00:00+00:00,41.6568711717259
2025-11-21 12:00:00+00:00,46.28941764136105
2025-11-21 13:00:00+00:00,47.71441189229184
2025-11-21 14:00:00+00:00,48.61345078135966
2025-11-21 15:00:00+00:00,50.59788178245869
2025-11-21 16:00:00+00:00,43.600443869445876
2025-11-21 17:00:00+00:00,41.34401046900299
2025-11-21 18:00:00+00:00,42.61520352233091
2025-11-21 19:00:00+00:00,40.910939665740756
2025-11-21 20:00:00+00:00,38.37725847355507
2025-11-21 21:00:00+00:00,35.73909770168542
2025-11-21 22:00:00+00:00,35.043072651801204
2025-11-21 23:00:00+00:00,36.04518641809155
2025-11-22 00:00:00+00:00,35.04731494549347
2025-11-22 01:00:00+00:00,30.919725656918736
2025-11-22 02:00:00+00:00,31.77240263596297
2025-11-22 03:00:00+00:00,34.024240660896766
2025-11-22 04:00:00+00:00,35.42010503162031
2025-11-22 05:00:00+00:00,35.283195853905994
2025-11-22 06:00:00+00:00,34.836843124272306
2025-11-22 07:00:00+00:00,34.23132838686104
2025-11-22 08:00:00+00:00,32.75937830254243
2025-11-22 09:00:00+00:00,33.320172211277075
2025-11-22 10:00:00+00:00,36.240938674035746
2025-11-22 11:00:00+00:00,41.63588935980085
2025-11-22 12:00:00+00:00,43.68125106470515
2025-11-22 13:00:00+00:00,49.652740290820056
2025-11-22 14:00:00+00:00,42.89960936158671
2025-11-22 15:00:00+00:00,39.08133279858153
2025-11-22 16:00:00+00:00,35.5627124160951
2025-11-22 17:00:00+00:00,32.37691078194766
2025-11-22 18:00:00+00:00,33.76875694944893
2025-11-22 19:00:00+00:00,33.784489656681245
2025-11-22 20:00:00+00:00,32.57471139400266
2025-11-22 21:00:00+00:00,31.806804231115088
2025-11-22 22:00:00+00:00,33.01096623513861
2025-11-22 23:00:00+00:00,34.36531314534319
2025-11-23 00:00:00+00:00,35.08214909180913
2025-11-23 01:00:00+00:00,31.16963362684824
2025-11-23 02:00:00+00:00,32.36497893050951
2025-11-23 03:00:00+00:00,33.53792838128911
2025-11-23 04:00:00+00:00,32.151118076181724
2025-11-23 05:00:00+00:00,31.833998741260583
2025-11-23 06:00:00+00:00,34.6459223668765
2025-11-23 07:00:00+00:00,35.86150902190173
2025-11-23 08:00:00+00:00,38.04161418754811
2025-11-23 09:00:00+00:00,36.66100437315039
2025-11-23 10:00:00+00:00,39.69296812253936
2025-11-23 11:00:00+00:00,40.5631728496014
2025-11-23 12:00:00+00:00,41.77529815631021
2025-11-23 13:00:00+00:00,40.496374434337305
2025-11-23 14:00:00+00:00,41.182379322419244
2025-11-23 15:00:00+00:00,42.35655770875278
2025-11-23 16:00:00+00:00,38.91773805309726
2025-11-23 17:00:00+00:00,39.58218740311868
2025-11-23 18:00:00+00:00,36.877776934217536
2025-11-23 19:00:00+00:00,34.364716734206176
2025-11-23 20:00:00+00:00,33.325549281253444
2025-11-23 21:00:00+00:00,32.306873287088074
2025-11-23 22:00:00+00:00,33.38617651046508
2025-11-23 23:00:00+00:00,36.10274190793458
2025-11-24 00:00:00+00:00,37.17928166366522
2025-11-24 01:00:00+00:00,37.49625487107657
2025-11-24 02:00:00+00:00,37.14718978685704
2025-11-24 03:00:00+00:00,34.9251661434063
2025-11-24 04:00:00+00:00,31.353103675838806
2025-11-24 05:00:00+00:00,26.33128877126493
2025-11-24 06:00:00+00:00,34.21711381762742
2025-11-24 07:00:00+00:00,39.24363360147091
2025-11-24 08:00:00+00:00,40.68423233548515
2025-11-24 09:00:00+00:00,38.996464256704094
2025-11-24 10:00:00+00:00,44.351036420487
2025-11-24 11:00:00+00:00,46.90935348166363
2025-11-24 12:00:00+00:00,46.974662244286606
2025-11-24 13:00:00+00:00,45.42197129618737
2025-11-24 14:00:00+00:00,45.4901052019316
2025-11-24 15:00:00+00:00,44.25144911647791
2025-11-24 16:00:00+00:00,42.80889594808616
2025-11-24 17:00:00+00:00,38.75978264708679
2025-11-24 18:00:00+00:00,38.64838966699356
2025-11-24 19:00:00+00:00,38.52640147592912
2025-11-24 20:00:00+00:00,36.510148644977214
2025-11-24 21:00:00+00:00,35.68099737443581
2025-11-24 22:00:00+00:00,36.238613513533295
2025-11-24 23:00:00+00:00,37.388192638283996
2025-11-25 00:00:00+00:00,38.28307616926714
2025-11-25 01:00:00+00:00,37.91633891540912
2025-11-25 02:00:00+00:00,35.474658303924365
2025-11-25 03:00:00+00:00,34.85282258952964
2025-11-25 04:00:00+00:00,33.465367754150606
2025-11-25 05:00:00+00:00,31.28687902934342
2025-11-25 06:00:00+00:00,34.01929968126789
2025-11-25 07:00:00+00:00,33.971596326577504
2025-11-25 08:00:00+00:00,37.25300822639624
2025-11-25 09:00:00+00:00,42.83757495657782
2025-11-25 10:00:00+00:00,42.8224636577773
2025-11-25 11:00:00+00:00,42.80095305855641
2025-11-25 12:00:00+00:00,43.36448378942774
2025-11-25 13:00:00+00:00,41.94005834884346
2025-11-25 14:00:00+00:00,43.25233411577431
2025-11-25 15:00:00+00:00,42.533896577754724
2025-11-25 16:00:00+00:00,40.30518932954174
2025-11-25 17:00:00+00:00,37.027243542339875
2025-11-25 18:00:00+00:00,38.97987886583304
2025-11-25 19:00:00+00:00,39.97011755712739
2025-11-25 20:00:00+00:00,38.860887617763005
2025-11-25 21:00:00+00:00,37.286045885533014
2025-11-25 22:00:00+00:00,38.42832391665772
2025-11-25 23:00:00+00:00,36.916107341682306
2025-11-26 00:00:00+00:00,36.35432810485617
2025-11-26 01:00:00+00:00,35.03609114619367
2025-11-26 02:00:00+00:00,35.01688676185765
2025-11-26 03:00:00+00:00,34.85706015755223
2025-11-26 04:00:00+00:00,34.503646811112866
2025-11-26 05:00:00+00:00,31.018369760583443
2025-11-26 06:00:00+00:00,40.01980648595488
2025-11-26 07:00:00+00:00,45.031253291497315
2025-11-26 08:00:00+00:00,43.555882359828956
2025-11-26 09:00:00+00:00,39.17142011703612
2025-11-26 10:00:00+00:00,43.8587025587198
2025-11-26 11:00:00+00:00,43.49584369013614
2025-11-26 12:00:00+00:00,44.739620554685
2025-11-26 13:00:00+00:00,42.101857762690926
2025-11-26 14:00:00+00:00,44.07910886294752
2025-11-26 15:00:00+00:00,42.74738611159116
2025-11-26 16:00:00+00:00,40.07383437838897
2025-11-26 17:00:00+00:00,37.04347995335873
2025-11-26 18:00:00+00:00,35.520328891964716
2025-11-26 19:00:00+00:00,34.24397566254643
2025-11-26 20:00:00+00:00,31.898529135685102
2025-11-26 21:00:00+00:00,30.431493395906944
2025-11-26 22:00:00+00:00,32.66712317711085
2025-11-26 23:00:00+00:00,32.65705593039826
2025-11-27 00:00:00+00:00,32.457233880446246
2025-11-27 01:00:00+00:00,32.508461500114294
2025-11-27 02:00:00+00:00,33.10842257893536
2025-11-27 03:00:00+00:00,33.66838851481062
2025-11-27 04:00:00+00:00,33.188914428634554
2025-11-27 05:00:00+00:00,30.823678863665105
2025-11-27 06:00:00+00:00,30.154325144327284
2025-11-27 07:00:00+00:00,27.41896810204023
2025-11-27 08:00:00+00:00,32.216484589937906
2025-11-27 09:00:00+00:00,37.09144551577319
2025-11-27 10:00:00+00:00,37.927360123043236
2025-11-27 11:00:00+00:00,42.111541678790886
2025-11-27 12:00:00+00:00,45.707699779105276
2025-11-27 13:00:00+00:00,47.942125962035306
2025-11-27 14:00:00+00:00,45.08539990863099
2025-11-27 15:00:00+00:00,40.22444296270323
2025-11-27 16:00:00+00:00,38.48608256393449
2025-11-27 17:00:00+00:00,33.32981356508305
2025-11-27 18:00:00+00:00,34.14703445523697
2025-11-27 19:00:00+00:00,33.451013554148155
2025-11-27 20:00:00+00:00,34.78606003733447
2025-11-27 21:00:00+00:00,33.89195204531457
2025-11-27 22:00:00+00:00,33.58358519929177
2025-11-27 23:00:00+00:00,33.29276426584011
2025-11-28 00:00:00+00:00,32.88852527288963
2025-11-28 01:00:00+00:00,32.43402527747961
2025-11-28 02:00:00+00:00,34.46505268854003
2025-11-28 03:00:00+00:00,35.760595786210985
2025-11-28 04:00:00+00:00,36.8823033608293
2025-11-28 05:00:00+00:00,36.00625812564286
2025-11-28 06:00:00+00:00,32.53563531673314
2025-11-28 07:00:00+00:00,30.502596047482008
2025-11-28 08:00:00+00:00,31.94264305286691
2025-11-28 09:00:00+00:00,34.024785275803346
2025-11-28 10:00:00+00:00,37.084099403758664
2025-11-28 11:00:00+00:00,38.571140100755734
2025-11-28 12:00:00+00:00,41.34080994732649
2025-11-28 13:00:00+00:00,44.509137349629846
2025-11-28 14:00:00+00:00,43.31153305003472
2025-11-28 15:00:00+00:00,43.82213701213637
2025-11-28 16:00:00+00:00,38.912046756384804
2025-11-28 17:00:00+00:00,34.628273675843324
2025-11-28 18:00:00+00:00,35.36880959297678
2025-11-28 19:00:00+00:00,34.39537446020752
2025-11-28 20:00:00+00:00,32.79231246604106
2025-11-28 21:00:00+00:00,30.89227599197714
2025-11-28 22:00:00+00:00,31.582976230890655
2025-11-28 23:00:00+00:00,32.530756414057585
2025-11-29 00:00:00+00:00,33.97346033620299
2025-11-29 01:00:00+00:00,34.108437515073895
2025-11-29 02:00:00+00:00,36.06873275139267
2025-11-29 03:00:00+00:00,35.948582769212244
2025-11-29 04:00:00+00:00,34.891598123182696
2025-11-29 05:00:00+00:00,35.41308114059285
2025-11-29 06:00:00+00:00,30.03565547000936
2025-11-29 07:00:00+00:00,26.84013846739161
2025-11-29 08:00:00+00:00,33.55981944631512
2025-11-29 09:00:00+00:00,41.29569283755701
2025-11-29 10:00:00+00:00,44.563522301452984
2025-11-29 11:00:00+00:00,45.670424104354446
2025-11-29 12:00:00+00:00,45.2134071030384
2025-11-29 13:00:00+00:00,47.62995527097063
2025-11-29 14:00:00+00:00,45.08653156038261
2025-11-29 15:00:00+00:00,43.90194319895449
2025-11-29 16:00:00+00:00,40.07542054246033
2025-11-29 17:00:00+00:00,35.3094191502703
2025-11-29 18:00:00+00:00,35.70314209963462
2025-11-29 19:00:00+00:00,36.6165087387421
2025-11-29 20:00:00+00:00,35.245050397929575
2025-11-29 21:00:00+00:00,33.941935210390575
2025-11-29 22:00:00+00:00,33.707392523573844
2025-11-29 23:00:00+00:00,35.962304231729355
2025-11-30 00:00:00+00:00,35.352027033909806
2025-11-30 01:00:00+00:00,33.211275462633935
2025-11-30 02:00:00+00:00,34.184807778333706
2025-11-30 03:00:00+00:00,35.56975975367739
2025-11-30 04:00:00+00:00,34.11372981254616
2025-11-30 05:00:00+00:00,34.6176590331102
2025-11-30 06:00:00+00:00,27.869037748687468
2025-11-30 07:00:00+00:00,21.13099874810501
2025-11-30 08:00:00+00:00,30.444000976666167
2025-11-30 09:00:00+00:00,41.084122987516366
2025-11-30 10:00:00+00:00,45.66570113989802
2025-11-30 11:00:00+00:00,45.90210692179367
2025-11-30 12:00:00+00:00,45.21802641135194
2025-11-30 13:00:00+00:00,44.49288191519668
2025-11-30 14:00:00+00:00,44.00126338499529
2025-11-30 15:00:00+00:00,42.38494275560075
2025-11-30 16:00:00+00:00,39.177316352379044
2025-11-30 17:00:00+00:00,33.55279884769607
2025-11-30 18:00:00+00:00,35.008878438358934
2025-11-30 19:00:00+00:00,34.40418182607631
2025-11-30 20:00:00+00:00,33.48019386340359
2025-11-30 21:00:00+00:00,33.12233293226376
2025-11-30 22:00:00+00:00,31.911009375086667
2025-11-30 23:00:00+00:00,31.66292883241813
2025-12-01 00:00:00+00:00,31.77960413475795
2025-12-01 01:00:00+00:00,31.164293624912226
2025-12-01 02:00:00+00:00,31.36437932986436
2025-12-01 03:00:00+00:00,31.81296850889867
2025-12-01 04:00:00+00:00,32.86345610854472
2025-12-01 05:00:00+00:00,33.13633475248284
2025-12-01 06:00:00+00:00,30.694621200807752
2025-12-01 07:00:00+00:00,28.158290479743325
2025-12-01 08:00:00+00:00,30.28548221744025
2025-12-01 09:00:00+00:00,34.82586181501954
2025-12-01 10:00:00+00:00,35.856174630728084
2025-12-01 11:00:00+00:00,37.83996152843287
2025-12-01 12:00:00+00:00,39.599254430207175
2025-12-01 13:00:00+00:00,40.48053401572462
2025-12-01 14:00:00+00:00,40.06913721253805
2025-12-01 15:00:00+00:00,38.32993416388801
2025-12-01 16:00:00+00:00,35.992408682477176
2025-12-01 17:00:00+00:00,33.96504032696481
2025-12-01 18:00:00+00:00,33.96525400619641
2025-12-01 19:00:00+00:00,32.35506607974947
2025-12-01 20:00:00+00:00,31.587022090345698
2025-12-01 21:00:00+00:00,29.55473454163581
2025-12-01 22:00:00+00:00,31.215846342666254
2025-12-01 23:00:00+00:00,32.95092468288577
2025-12-02 00:00:00+00:00,34.560085354976614
2025-12-02 01:00:00+00:00,34.32706870756929
2025-12-02 02:00:00+00:00,33.97228436387045
2025-12-02 03:00:00+00:00,34.370888330076944
2025-12-02 04:00:00+00:00,34.873279030524664
2025-12-02 05:00:00+00:00,34.4040553776779
2025-12-02 06:00:00+00:00,34.91165151582144
2025-12-02 07:00:00+00:00,32.42489697203077
2025-12-02 08:00:00+00:00,37.19450268093465
2025-12-02 09:00:00+00:00,37.74837661368495
2025-12-02 10:00:00+00:00,38.125951947153176
2025-12-02 11:00:00+00:00,38.07457275957559
2025-12-02 12:00:00+00:00,36.500726200219084
2025-12-02 13:00:00+00:00,36.196963629820026
2025-12-02 14:00:00+00:00,37.08247821946672
2025-12-02 15:00:00+00:00,37.53071370945657
2025-12-02 16:00:00+00:00,37.92605774654402
2025-12-02 17:00:00+00:00,38.105142930009336
2025-12-02 18:00:00+00:00,36.9319827169332
2025-12-02 19:00:00+00:00,35.69252671531142
2025-12-02 20:00:00+00:00,33.825062282090656
2025-12-02 21:00:00+00:00,32.62953362362707
2025-12-02 22:00:00+00:00,31.150743202197287
2025-12-02 23:00:00+00:00,31.348128393578712
2025-12-03 00:00:00+00:00,30.784377694634564
2025-12-03 01:00:00+00:00,28.964124837082206
2025-12-03 02:00:00+00:00,31.397542428728574
2025-12-03 03:00:00+00:00,33.23864258996909
2025-12-03 04:00:00+00:00,35.819779648806694
2025-12-03 05:00:00+00:00,37.34545363194433
2025-12-03 06:00:00+00:00,34.08316579598363
2025-12-03 07:00:00+00:00,41.25472616144029
2025-12-03 08:00:00+00:00,37.062026906758135
2025-12-03 09:00:00+00:00,41.573042743945436
2025-12-03 10:00:00+00:00,47.53403165277424
2025-12-03 11:00:00+00:00,49.053966362255316
2025-12-03 12:00:00+00:00,49.83128020274403
2025-12-03 13:00:00+00:00,49.91347977254759
2025-12-03 14:00:00+00:00,51.36736986691186
2025-12-03 15:00:00+00:00,47.555228829727206
2025-12-03 16:00:00+00:00,42.150111627690166
2025-12-03 17:00:00+00:00,39.77869596013217
2025-12-03 18:00:00+00:00,37.41201440160636
2025-12-03 19:00:00+00:00,35.592177000384
2025-12-03 20:00:00+00:00,31.95613004503344
2025-12-03 21:00:00+00:00,31.18804141979915
2025-12-03 22:00:00+00:00,33.40115062900391
2025-12-03 23:00:00+00:00,34.501659467890725
2025-12-04 00:00:00+00:00,33.35100324533211
2025-12-04 01:00:00+00:00,32.87429164270354
2025-12-04 02:00:00+00:00,36.01488166939146
2025-12-04 03:00:00+00:00,36.208288583860806
2025-12-04 04:00:00+00:00,36.22493273949865
2025-12-04 05:00:00+00:00,34.4053530307083
2025-12-04 06:00:00+00:00,28.13053201620562
2025-12-04 07:00:00+00:00,23.935236789388078
2025-12-04 08:00:00+00:00,28.76464316760046
2025-12-04 09:00:00+00:00,33.55585586190991
2025-12-04 10:00:00+00:00,37.43856682196591
2025-12-04 11:00:00+00:00,40.327238520148846
2025-12-04 12:00:00+00:00,43.15141473788624
2025-12-04 13:00:00+00:00,44.10713154834425
2025-12-04 14:00:00+00:00,46.070352686273466
2025-12-04 15:00:00+00:00,43.204252695256336
2025-12-04 16:00:00+00:00,41.11720383179775
2025-12-04 17:00:00+00:00,37.867758327879145
2025-12-04 18:00:00+00:00,36.47117232867616
2025-12-04 19:00:00+00:00,34.64986309865857
2025-12-04 20:00:00+00:00,32.374147659718936
2025-12-04 21:00:00+00:00,30.784782659422515
2025-12-04 22:00:00+00:00,31.939464306838865
2025-12-04 23:00:00+00:00,32.40758558599539
2025-12-05 00:00:00+00:00,31.61452177581049
2025-12-05 01:00:00+00:00,31.10259143026026
2025-12-05 02:00:00+00:00,31.774659024395078
2025-12-05 03:00:00+00:00,32.09297138317124
2025-12-05 04:00:00+00:00,32.12791291548307
2025-12-05 05:00:00+00:00,31.465228897846423
2025-12-05 06:00:00+00:00,30.65537536059832
2025-12-05 07:00:00+00:00,30.17513959418576
2025-12-05 08:00:00+00:00,32.06733924442914
2025-12-05 09:00:00+00:00,37.49879225281795
2025-12-05 10:00:00+00:00,39.278128551096955
2025-12-05 11:00:00+00:00,40.10504623261153
2025-12-05 12:00:00+00:00,41.34898664529416
2025-12-05 13:00:00+00:00,39.047093438421015
2025-12-05 14:00:00+00:00,41.09506542517874
2025-12-05 15:00:00+00:00,39.62500961087871
2025-12-05 16:00:00+00:00,36.36253111725345
2025-12-05 17:00:00+00:00,35.05627489168676
2025-12-05 18:00:00+00:00,34.8248684894737
2025-12-05 19:00:00+00:00,34.425132908362286
2025-12-05 20:00:00+00:00,33.214212687286995
2025-12-05 21:00:00+00:00,32.78656711967151
2025-12-05 22:00:00+00:00,32.271875494336186
2025-12-05 23:00:00+00:00,31.37684915512223
2025-12-06 00:00:00+00:00,30.12710132220567
2025-12-06 01:00:00+00:00,28.216696885067833
2025-12-06 02:00:00+00:00,31.233233735731968
2025-12-06 03:00:00+00:00,33.9996702025496
2025-12-06 04:00:00+00:00,36.35215433750954
2025-12-06 05:00:00+00:00,38.40388454625635
2025-12-06 06:00:00+00:00,39.80511837479879
2025-12-06 07:00:00+00:00,41.46525735742188
2025-12-06 08:00:00+00:00,41.90009144364667
2025-12-06 09:00:00+00:00,44.56259853389983
2025-12-06 10:00:00+00:00,44.63772728019331
2025-12-06 11:00:00+00:00,42.665308129250775
2025-12-06 12:00:00+00:00,42.848076659894424
2025-12-06 13:00:00+00:00,41.89328589783585
2025-12-06 14:00:00+00:00,39.610331169559466
2025-12-06 15:00:00+00:00,37.54463027717572
2025-12-06 16:00:00+00:00,34.53016295273532
2025-12-06 17:00:00+00:00,32.91381544419571
2025-12-06 18:00:00+00:00,33.58787998372936
2025-12-06 19:00:00+00:00,35.42064835611836
2025-12-06 20:00:00+00:00,34.72266991084538
2025-12-06 21:00:00+00:00,34.452393806500375
2025-12-06 22:00:00+00:00,33.66389417996069
2025-12-06 23:00:00+00:00,32.05398650160657
2025-12-07 00:00:00+00:00,30.787922619401943
2025-12-07 01:00:00+00:00,29.620420742492918
2025-12-07 02:00:00+00:00,29.907473697568037
2025-12-07 03:00:00+00:00,29.899570253458574
2025-12-07 04:00:00+00:00,30.168452123453424
2025-12-07 05:00:00+00:00,28.99656392097973
2025-12-07 06:00:00+00:00,29.439130582467076
2025-12-07 07:00:00+00:00,29.037565278817723
2025-12-07 08:00:00+00:00,33.287672824761
2025-12-07 09:00:00+00:00,40.52334679322468
2025-12-07 10:00:00+00:00,46.362543367592096
2025-12-07 11:00:00+00:00,47.68752533411445
2025-12-07 12:00:00+00:00,46.24295810988114
2025-12-07 13:00:00+00:00,46.37818285047805
2025-12-07 14:00:00+00:00,44.61348153765187
2025-12-07 15:00:00+00:00,41.85445725047958
2025-12-07 16:00:00+00:00,39.35296095854011
2025-12-07 17:00:00+00:00,36.02480536022281
2025-12-07 18:00:00+00:00,36.82723278023177
2025-12-07 19:00:00+00:00,35.72086569190987
2025-12-07 20:00:00+00:00,35.870382216741696
2025-12-07 21:00:00+00:00,34.7280547016952
2025-12-07 22:00:00+00:00,33.43652052060333
2025-12-07 23:00:00+00:00,31.634271676594206
2025-12-08 00:00:00+00:00,30.189572139768305
2025-12-08 01:00:00+00:00,28.865916535578222
2025-12-08 02:00:00+00:00,31.181936274913514
2025-12-08 03:00:00+00:00,32.07772672027955
2025-12-08 04:00:00+00:00,33.205662084737945
2025-12-08 05:00:00+00:00,33.400254375426194
2025-12-08 06:00:00+00:00,33.01385156157759
2025-12-08 07:00:00+00:00,31.961044534335333
2025-12-08 08:00:00+00:00,36.09942307979489
2025-12-08 09:00:00+00:00,36.87928290550797
2025-12-08 10:00:00+00:00,39.57425409278062
2025-12-08 11:00:00+00:00,40.19408475147127
2025-12-08 12:00:00+00:00,40.35115587821621
2025-12-08 13:00:00+00:00,41.025413392446644
2025-12-08 14:00:00+00:00,40.71218230996319
2025-12-08 15:00:00+00:00,41.526743154718226
2025-12-08 16:00:00+00:00,41.85801024860891
2025-12-08 17:00:00+00:00,39.20748310001003
2025-12-08 18:00:00+00:00,38.727238245573645
2025-12-08 19:00:00+00:00,38.41515275893275
2025-12-08 20:00:00+00:00,35.46562660694049
2025-12-08 21:00:00+00:00,33.27872026920637
2025-12-08 22:00:00+00:00,31.85914666947009
2025-12-08 23:00:00+00:00,30.926402672398464
2025-12-09 00:00:00+00:00,30.348584560796713
2025-12-09 01:00:00+00:00,27.24190256035895
2025-12-09 02:00:00+00:00,30.0937816277088
2025-12-09 03:00:00+00:00,31.256415729864678
2025-12-09 04:00:00+00:00,32.563471964704874
2025-12-09 05:00:00+00:00,32.76706674156612
2025-12-09 06:00:00+00:00,41.98633008053317
2025-12-09 07:00:00+00:00,50.472124649000534
2025-12-09 08:00:00+00:00,43.53612245076248
2025-12-09 09:00:00+00:00,36.80772004163328
2025-12-09 10:00:00+00:00,39.77050674018923
2025-12-09 11:00:00+00:00,41.85350166790366
2025-12-09 12:00:00+00:00,43.076225249495835
2025-12-09 13:00:00+00:00,45.06170753767065
2025-12-09 14:00:00+00:00,41.84686822077901
2025-12-09 15:00:00+00:00,39.46658970937455
2025-12-09 16:00:00+00:00,37.139540391206985
2025-12-09 17:00:00+00:00,34.105735378543315
2025-12-09 18:00:00+00:00,34.24756728105454
2025-12-09 19:00:00+00:00,34.21748395698285
2025-12-09 20:00:00+00:00,32.96078728020071
2025-12-09 21:00:00+00:00,32.263443124136224
2025-12-09 22:00:00+00:00,32.290784429055336
2025-12-09 23:00:00+00:00,32.65760944866025
2025-12-10 00:00:00+00:00,32.81230688817914
2025-12-10 01:00:00+00:00,30.240197369289906
2025-12-10 02:00:00+00:00,30.009110905505207
2025-12-10 03:00:00+00:00,30.22588314171212
2025-12-10 04:00:00+00:00,30.225473969202618
2025-12-10 05:00:00+00:00,29.607667111055935
2025-12-10 06:00:00+00:00,30.405395003339194
2025-12-10 07:00:00+00:00,30.527656612591663
2025-12-10 08:00:00+00:00,38.61886430556391
2025-12-10 09:00:00+00:00,45.90016192292706
2025-12-10 10:00:00+00:00,49.1605233571438
2025-12-10 11:00:00+00:00,49.40364188633356
2025-12-10 12:00:00+00:00,45.88257950555163
2025-12-10 13:00:00+00:00,42.78963400143176
2025-12-10 14:00:00+00:00,42.86059840180622
2025-12-10 15:00:00+00:00,40.371383817109304
2025-12-10 16:00:00+00:00,36.185651079121826
2025-12-10 17:00:00+00:00,36.161285154187674
2025-12-10 18:00:00+00:00,33.59404619643653
2025-12-10 19:00:00+00:00,31.678893066705925
2025-12-10 20:00:00+00:00,30.598737004520178
2025-12-10 21:00:00+00:00,29.498797664283533
2025-12-10 22:00:00+00:00,30.65208220686102
2025-12-10 23:00:00+00:00,31.695960099876952
2025-12-11 00:00:00+00:00,32.98217891861447
2025-12-11 01:00:00+00:00,33.23478056605821
2025-12-11 02:00:00+00:00,33.592462834996056
2025-12-11 03:00:00+00:00,32.02544436619173
2025-12-11 04:00:00+00:00,31.2582639761471
2025-12-11 05:00:00+00:00,30.45241040644946
2025-12-11 06:00:00+00:00,31.205900168191274
2025-12-11 07:00:00+00:00,30.372178149223654
2025-12-11 08:00:00+00:00,34.08802535551266
2025-12-11 09:00:00+00:00,37.0324501646224
2025-12-11 10:00:00+00:00,39.008699557327034
2025-12-11 11:00:00+00:00,41.575261907958556
2025-12-11 12:00:00+00:00,42.84416021557095
2025-12-11 13:00:00+00:00,44.755653922369554
2025-12-11 14:00:00+00:00,43.43758011110622
2025-12-11 15:00:00+00:00,41.32297743131255
2025-12-11 16:00:00+00:00,40.78023577819235
2025-12-11 17:00:00+00:00,35.310131054272226
2025-12-11 18:00:00+00:00,35.466355008331384
2025-12-11 19:00:00+00:00,34.01300012440487
2025-12-11 20:00:00+00:00,32.450956920575656
2025-12-11 21:00:00+00:00,30.75145753358237
2025-12-11 22:00:00+00:00,32.18000189806634
2025-12-11 23:00:00+00:00,33.26886185781601
2025-12-12 00:00:00+00:00,33.82613340455317
2025-12-12 01:00:00+00:00,34.57429846992721
2025-12-12 02:00:00+00:00,33.74832087171143
2025-12-12 03:00:00+00:00,32.773245231749264
2025-12-12 04:00:00+00:00,30.803706970836753
2025-12-12 05:00:00+00:00,29.068615764457512
2025-12-12 06:00:00+00:00,34.961673715597755
2025-12-12 07:00:00+00:00,37.08655229022825
2025-12-12 08:00:00+00:00,42.73006870179724
2025-12-12 09:00:00+00:00,40.02576991752799
2025-12-12 10:00:00+00:00,40.43291000610988
2025-12-12 11:00:00+00:00,40.2835011327979
2025-12-12 12:00:00+00:00,41.07970352186286
2025-12-12 13:00:00+00:00,40.62008496192095
2025-12-12 14:00:00+00:00,38.49886132496491
2025-12-12 15:00:00+00:00,35.71125646583895
2025-12-12 16:00:00+00:00,33.21258150725821
2025-12-12 17:00:00+00:00,31.79509916450735
2025-12-12 18:00:00+00:00,33.84667815266482
2025-12-12 19:00:00+00:00,34.33891273531589
2025-12-12 20:00:00+00:00,34.67784634494374
2025-12-12 21:00:00+00:00,34.267082312042234
2025-12-12 22:00:00+00:00,34.56504539544474
2025-12-12 23:00:00+00:00,33.343846505187265
2025-12-13 00:00:00+00:00,33.826996914695144
2025-12-13 01:00:00+00:00,32.52121419501032
2025-12-13 02:00:00+00:00,32.75348463319027
2025-12-13 03:00:00+00:00,31.95489604792216
2025-12-13 04:00:00+00:00,30.750771878995263
2025-12-13 05:00:00+00:00,29.432733421588445
2025-12-13 06:00:00+00:00,28.33973817189163
2025-12-13 07:00:00+00:00,26.350863941278636
2025-12-13 08:00:00+00:00,32.60872365469364
2025-12-13 09:00:00+00:00,39.911406239039415
2025-12-13 10:00:00+00:00,41.54208713914576
2025-12-13 11:00:00+00:00,41.25800862789508
2025-12-13 12:00:00+00:00,40.84829088303078
2025-12-13 13:00:00+00:00,39.809562154172326
2025-12-13 14:00:00+00:00,39.26062195528177
2025-12-13 15:00:00+00:00,37.04831826483786
2025-12-13 16:00:00+00:00,34.28776085848178
2025-12-13 17:00:00+00:00,31.843458588954437
2025-12-13 18:00:00+00:00,32.8078351393983
2025-12-13 19:00:00+00:00,31.848475465066468
2025-12-13 20:00:00+00:00,31.425442341819046
2025-12-13 21:00:00+00:00,28.88225488765368
2025-12-13 22:00:00+00:00,30.6833759246567
2025-12-13 23:00:00+00:00,31.543759749539497
2025-12-14 00:00:00+00:00,30.45772711450929
2025-12-14 01:00:00+00:00,30.787295468997392
2025-12-14 02:00:00+00:00,30.73879850209888
2025-12-14 03:00:00+00:00,32.18852690242027
2025-12-14 04:00:00+00:00,33.19039617664798
2025-12-14 05:00:00+00:00,32.25905268016804
2025-12-14 06:00:00+00:00,32.506114546764984
2025-12-14 07:00:00+00:00,32.99201776619109
2025-12-14 08:00:00+00:00,39.2309583710378
2025-12-14 09:00:00+00:00,36.202245299927746
2025-12-14 10:00:00+00:00,39.070221176626156
2025-12-14 11:00:00+00:00,42.82642133750695
2025-12-14 12:00:00+00:00,46.68147760143987
2025-12-14 13:00:00+00:00,49.38473241706387
2025-12-14 14:00:00+00:00,46.981944810260075
2025-12-14 15:00:00+00:00,43.21309206288857
2025-12-14 16:00:00+00:00,40.25917458004841
2025-12-14 17:00:00+00:00,35.249793693991464
2025-12-14 18:00:00+00:00,35.15819650798871
2025-12-14 19:00:00+00:00,33.849985044374144
2025-12-14 20:00:00+00:00,33.25021377633956
2025-12-14 21:00:00+00:00,32.22661427916654
2025-12-14 22:00:00+00:00,31.146461088995625
2025-12-14 23:00:00+00:00,30.96745490958775
2025-12-15 00:00:00+00:00,29.554446540601223
2025-12-15 01:00:00+00:00,28.272497523884052
2025-12-15 02:00:00+00:00,30.34233671477626
2025-12-15 03:00:00+00:00,31.998285165466655
2025-12-15 04:00:00+00:00,33.697695130826304
2025-12-15 05:00:00+00:00,34.473592901931156
2025-12-15 06:00:00+00:00,30.225850978851092
2025-12-15 07:00:00+00:00,28.049357773459036
2025-12-15 08:00:00+00:00,31.01700751207384
2025-12-15 09:00:00+00:00,36.59036001422169
2025-12-15 10:00:00+00:00,37.39520707235304
2025-12-15 11:00:00+00:00,37.133171245578886
2025-12-15 12:00:00+00:00,38.38657797515821
2025-12-15 13:00:00+00:00,38.99657709835442
2025-12-15 14:00:00+00:00,39.55925324396048
2025-12-15 15:00:00+00:00,37.88456326554061
2025-12-15 16:00:00+00:00,37.8525795221922
2025-12-15 17:00:00+00:00,37.11212042861522
2025-12-15 18:00:00+00:00,36.98181217396548
2025-12-15 19:00:00+00:00,35.79270517946043
2025-12-15 20:00:00+00:00,35.54487611059977
2025-12-15 21:00:00+00:00,33.99276475368374
2025-12-15 22:00:00+00:00,33.316930526922526
2025-12-15 23:00:00+00:00,31.862211612263525
2025-12-16 00:00:00+00:00,29.97523701135974
2025-12-16 01:00:00+00:00,28.230067529941188
2025-12-16 02:00:00+00:00,30.895457036799424
2025-12-16 03:00:00+00:00,33.19841407759476
2025-12-16 04:00:00+00:00,34.86715394618465
2025-12-16 05:00:00+00:00,35.556100622342235
2025-12-16 06:00:00+00:00,36.26219521677024
2025-12-16 07:00:00+00:00,35.63589039098684
2025-12-16 08:00:00+00:00,39.83603461067144
2025-12-16 09:00:00+00:00,38.64194659090768
2025-12-16 10:00:00+00:00,42.98489844448625
2025-12-16 11:00:00+00:00,45.72430141493124
2025-12-16 12:00:00+00:00,46.94172970586818
2025-12-16 13:00:00+00:00,44.12510614576746
2025-12-16 14:00:00+00:00,42.82041552409055
2025-12-16 15:00:00+00:00,39.399242216912924
2025-12-16 16:00:00+00:00,35.260838323965565
2025-12-16 17:00:00+00:00,31.695751156996714
2025-12-16 18:00:00+00:00,30.267926439376378
2025-12-16 19:00:00+00:00,29.17018099131902
2025-12-16 20:00:00+00:00,28.473808232006284
2025-12-16 21:00:00+00:00,27.969841780390606
2025-12-16 22:00:00+00:00,29.90810976075525
2025-12-16 23:00:00+00:00,30.41949907679383
2025-12-17 00:00:00+00:00,31.101134403047393
2025-12-17 01:00:00+00:00,32.32327508532748
2025-12-17 02:00:00+00:00,33.064276988417205
2025-12-17 03:00:00+00:00,34.60262249748707
2025-12-17 04:00:00+00:00,34.09553023433462
2025-12-17 05:00:00+00:00,33.709742266522014
2025-12-17 06:00:00+00:00,28.001619821511504
2025-12-17 07:00:00+00:00,25.593926795763853
2025-12-17 08:00:00+00:00,29.084905190526264
2025-12-17 09:00:00+00:00,35.57702081875458
2025-12-17 10:00:00+00:00,40.30854978679049
2025-12-17 11:00:00+00:00,41.04328566620142
2025-12-17 12:00:00+00:00,40.01348263754715
2025-12-17 13:00:00+00:00,40.292643722271045
2025-12-17 14:00:00+00:00,38.7532955037797
2025-12-17 15:00:00+00:00,36.42164821369032
2025-12-17 16:00:00+00:00,33.97636885882844
2025-12-17 17:00:00+00:00,31.834795409568372
2025-12-17 18:00:00+00:00,31.317015675303637
2025-12-17 19:00:00+00:00,31.3025596122966
2025-12-17 20:00:00+00:00,30.802756260368813
2025-12-17 21:00:00+00:00,30.245087227401037
2025-12-17 22:00:00+00:00,30.21001015824149
2025-12-17 23:00:00+00:00,29.363084158582453
2025-12-18 00:00:00+00:00,28.786666921655733
2025-12-18 01:00:00+00:00,26.457603652954056
2025-12-18 02:00:00+00:00,29.951374433385514
2025-12-18 03:00:00+00:00,31.212731658764557
2025-12-18 04:00:00+00:00,31.68145751502353
2025-12-18 05:00:00+00:00,31.764226813209657
2025-12-18 06:00:00+00:00,29.40944380539574
2025-12-18 07:00:00+00:00,27.43903880994756
2025-12-18 08:00:00+00:00,31.25977379512134
2025-12-18 09:00:00+00:00,38.114112896602165
2025-12-18 10:00:00+00:00,42.01788104130949
2025-12-18 11:00:00+00:00,41.171433179419004
2025-12-18 12:00:00+00:00,41.59565679909751
2025-12-18 13:00:00+00:00,41.74211608712855
2025-12-18 14:00:00+00:00,41.43533895139845
2025-12-18 15:00:00+00:00,38.41089656482032
2025-12-18 16:00:00+00:00,35.7006505818426
2025-12-18 17:00:00+00:00,34.45218988178555
2025-12-18 18:00:00+00:00,34.41036442693422
2025-12-18 19:00:00+00:00,33.569777621588884
2025-12-18 20:00:00+00:00,33.12236258073352
2025-12-18 21:00:00+00:00,32.47291963733241
2025-12-18 22:00:00+00:00,31.774112104477823
2025-12-18 23:00:00+00:00,32.185830938780946
2025-12-19 00:00:00+00:00,31.89016565903411
2025-12-19 01:00:00+00:00,30.992743527317213
2025-12-19 02:00:00+00:00,31.807402868290122
2025-12-19 03:00:00+00:00,30.699906084698537
2025-12-19 04:00:00+00:00,29.758815473616806
2025-12-19 05:00:00+00:00,27.55452402051596
2025-12-19 06:00:00+00:00,26.97614434172252
2025-12-19 07:00:00+00:00,25.981368327914016
2025-12-19 08:00:00+00:00,33.27822917365095
2025-12-19 09:00:00+00:00,40.690402270985246
2025-12-19 10:00:00+00:00,39.70702755385389
2025-12-19 11:00:00+00:00,39.58205381041427
2025-12-19 12:00:00+00:00,39.11613797922609
2025-12-19 13:00:00+00:00,38.133046863049806
2025-12-19 14:00:00+00:00,37.25547507493706
2025-12-19 15:00:00+00:00,35.757707003056254
2025-12-19 16:00:00+00:00,33.68217719028529
2025-12-19 17:00:00+00:00,31.74152629741156
2025-12-19 18:00:00+00:00,31.35910265675001
2025-12-19 19:00:00+00:00,31.08492738271697
2025-12-19 20:00:00+00:00,31.513106668103923
2025-12-19 21:00:00+00:00,29.656946020765695
2025-12-19 22:00:00+00:00,32.00774603335137
2025-12-19 23:00:00+00:00,33.17729934232043
2025-12-20 00:00:00+00:00,33.44211137877918
2025-12-20 01:00:00+00:00,32.17194333955722
2025-12-20 02:00:00+00:00,31.569972453267333
2025-12-20 03:00:00+00:00,30.49052513214422
2025-12-20 04:00:00+00:00,30.713993263942747
2025-12-20 05:00:00+00:00,30.08749712552992
2025-12-20 06:00:00+00:00,31.060069695556844
2025-12-20 07:00:00+00:00,30.53155204109991
2025-12-20 08:00:00+00:00,38.25577756751461
2025-12-20 09:00:00+00:00,46.493101898596926
2025-12-20 10:00:00+00:00,41.65345716966756
2025-12-20 11:00:00+00:00,40.78032604258394
2025-12-20 12:00:00+00:00,39.48766241910936
2025-12-20 13:00:00+00:00,35.41377475912
2025-12-20 14:00:00+00:00,36.59562867908995
2025-12-20 15:00:00+00:00,36.14616439974783
2025-12-20 16:00:00+00:00,36.07252492762115
2025-12-20 17:00:00+00:00,33.94583723957107
2025-12-20 18:00:00+00:00,33.37422859819162
2025-12-20 19:00:00+00:00,32.79688651483385
2025-12-20 20:00:00+00:00,31.617808500859304
2025-12-20 21:00:00+00:00,29.950340149426125
2025-12-20 22:00:00+00:00,29.24483489925148
2025-12-20 23:00:00+00:00,28.997404770801506
2025-12-21 00:00:00+00:00,29.027811239588527
2025-12-21 01:00:00+00:00,27.6657737648926
2025-12-21 02:00:00+00:00,30.170512212569424
2025-12-21 03:00:00+00:00,31.487765795566464
2025-12-21 04:00:00+00:00,33.31434893994201
2025-12-21 05:00:00+00:00,34.78439308094086
2025-12-21 06:00:00+00:00,27.562292921304223
2025-12-21 07:00:00+00:00,21.09875570011105
2025-12-21 08:00:00+00:00,30.12519831215831
2025-12-21 09:00:00+00:00,37.92267513719783
2025-12-21 10:00:00+00:00,39.80135561767603
2025-12-21 11:00:00+00:00,41.6421005809683
2025-12-21 12:00:00+00:00,42.50013343144306
2025-12-21 13:00:00+00:00,41.936014622595486
2025-12-21 14:00:00+00:00,40.49634671038521
2025-12-21 15:00:00+00:00,37.909765316120236
2025-12-21 16:00:00+00:00,35.91829117876294
2025-12-21 17:00:00+00:00,35.228786797381105
2025-12-21 18:00:00+00:00,33.8631710609597
2025-12-21 19:00:00+00:00,32.48957973576131
2025-12-21 20:00:00+00:00,32.23336846315051
2025-12-21 21:00:00+00:00,29.28746626942381
2025-12-21 22:00:00+00:00,29.40481389384797
2025-12-21 23:00:00+00:00,29.496617949454865
2025-12-22 00:00:00+00:00,29.919132199982876
2025-12-22 01:00:00+00:00,29.285569728772884
2025-12-22 02:00:00+00:00,30.428314385622407
2025-12-22 03:00:00+00:00,31.07463202232504
2025-12-22 04:00:00+00:00,29.665480241153798
2025-12-22 05:00:00+00:00,28.752017760991624
2025-12-22 06:00:00+00:00,28.928816216586526
2025-12-22 07:00:00+00:00,27.092595940302992
2025-12-22 08:00:00+00:00,33.4395465241037
2025-12-22 09:00:00+00:00,37.19154893467228
2025-12-22 10:00:00+00:00,39.04710897088354
2025-12-22 11:00:00+00:00,39.82397295758276
2025-12-22 12:00:00+00:00,41.66486914656553
2025-12-22 13:00:00+00:00,42.817937947163436
2025-12-22 14:00:00+00:00,41.72694909159191
2025-12-22 15:00:00+00:00,40.60085309410164
2025-12-22 16:00:00+00:00,36.834918466402115
2025-12-22 17:00:00+00:00,34.74510426328204
2025-12-22 18:00:00+00:00,34.37345153634636
2025-12-22 19:00:00+00:00,33.884224855286675
2025-12-22 20:00:00+00:00,32.250539960548956
2025-12-22 21:00:00+00:00,30.844447080298494
2025-12-22 22:00:00+00:00,32.35194710169768
2025-12-22 23:00:00+00:00,32.07688582195963
2025-12-23 00:00:00+00:00,31.244091244620197
2025-12-23 01:00:00+00:00,31.469942786598228
2025-12-23 02:00:00+00:00,32.48239186290334
2025-12-23 03:00:00+00:00,34.64445910578228
2025-12-23 04:00:00+00:00,34.71003060763548
2025-12-23 05:00:00+00:00,34.122280927181926
2025-12-23 06:00:00+00:00,29.643649254604465
2025-12-23 07:00:00+00:00,26.301415680025737
2025-12-23 08:00:00+00:00,28.258353182414954
2025-12-23 09:00:00+00:00,32.524743262727064
2025-12-23 10:00:00+00:00,37.05190597787591
2025-12-23 11:00:00+00:00,41.11318765324327
2025-12-23 12:00:00+00:00,43.312627717944736
2025-12-23 13:00:00+00:00,40.620221633913104
2025-12-23 14:00:00+00:00,39.16053095856356
2025-12-23 15:00:00+00:00,39.15560646960028
2025-12-23 16:00:00+00:00,34.60186641431719
2025-12-23 17:00:00+00:00,31.24450578180026
2025-12-23 18:00:00+00:00,31.158508373108013
2025-12-23 19:00:00+00:00,30.816705219134143
2025-12-23 20:00:00+00:00,30.155985257630398
2025-12-23 21:00:00+00:00,28.707553242895084
2025-12-23 22:00:00+00:00,28.808633507102297
2025-12-23 23:00:00+00:00,29.73936908205626
2025-12-24 00:00:00+00:00,28.777899968210164
2025-12-24 01:00:00+00:00,28.43545872273404
2025-12-24 02:00:00+00:00,32.9686763926585
2025-12-24 03:00:00+00:00,35.06972757173501
2025-12-24 04:00:00+00:00,35.175912414967215
2025-12-24 05:00:00+00:00,33.56348407527473
2025-12-24 06:00:00+00:00,26.39977928228085
2025-12-24 07:00:00+00:00,20.220763470776266
2025-12-24 08:00:00+00:00,29.01747255330694
2025-12-24 09:00:00+00:00,41.19694789695029
2025-12-24 10:00:00+00:00,44.819609418317654
2025-12-24 11:00:00+00:00,47.339829783196826
2025-12-24 12:00:00+00:00,49.10581027786243
2025-12-24 13:00:00+00:00,49.78375282265125
2025-12-24 14:00:00+00:00,47.746299482874235
2025-12-24 15:00:00+00:00,43.282987093697834
2025-12-24 16:00:00+00:00,37.4027413799697
2025-12-24 17:00:00+00:00,31.71321994709643
2025-12-24 18:00:00+00:00,31.68194200504462
2025-12-24 19:00:00+00:00,31.519099787389088
2025-12-24 20:00:00+00:00,30.38513544598064
2025-12-24 21:00:00+00:00,29.861985980780776
2025-12-24 22:00:00+00:00,29.838942592084997
2025-12-24 23:00:00+00:00,30.251004868485655
2025-12-25 00:00:00+00:00,29.7360763168834
2025-12-25 01:00:00+00:00,29.88567660145352
2025-12-25 02:00:00+00:00,29.844517598268904
2025-12-25 03:00:00+00:00,30.138645809667587
2025-12-25 04:00:00+00:00,29.75009570589335
2025-12-25 05:00:00+00:00,28.88930346051857
2025-12-25 06:00:00+00:00,24.018925863165546
2025-12-25 07:00:00+00:00,20.144900404900618
2025-12-25 08:00:00+00:00,29.337579129197746
2025-12-25 09:00:00+00:00,39.91753110999824
2025-12-25 10:00:00+00:00,41.222486876190764
2025-12-25 11:00:00+00:00,45.552845441830826
2025-12-25 12:00:00+00:00,45.85942211913051
2025-12-25 13:00:00+00:00,43.969056695083815
2025-12-25 14:00:00+00:00,40.842783480815534
2025-12-25 15:00:00+00:00,38.59538283260056
2025-12-25 16:00:00+00:00,35.350726144319175
2025-12-25 17:00:00+00:00,32.21385340730501
2025-12-25 18:00:00+00:00,32.34483205390287
2025-12-25 19:00:00+00:00,32.487417289110404
2025-12-25 20:00:00+00:00,32.12081680874267
2025-12-25 21:00:00+00:00,31.971369742844463
2025-12-25 22:00:00+00:00,32.0952867624564
2025-12-25 23:00:00+00:00,30.997685542262925
2025-12-26 00:00:00+00:00,30.018615470075982
2025-12-26 01:00:00+00:00,27.79255761623887
2025-12-26 02:00:00+00:00,29.278214702731137
2025-12-26 03:00:00+00:00,29.523189043500818
2025-12-26 04:00:00+00:00,29.662661196549877
2025-12-26 05:00:00+00:00,29.750958201833523
2025-12-26 06:00:00+00:00,22.671571415406376
2025-12-26 07:00:00+00:00,19.39261302747996
2025-12-26 08:00:00+00:00,27.69278931202286
2025-12-26 09:00:00+00:00,33.0768012002117
2025-12-26 10:00:00+00:00,38.08818500839208
2025-12-26 11:00:00+00:00,39.25543687353837
2025-12-26 12:00:00+00:00,39.26520776371376
2025-12-26 13:00:00+00:00,38.96378985747166
2025-12-26 14:00:00+00:00,38.789965106201585
2025-12-26 15:00:00+00:00,39.01290914164005
2025-12-26 16:00:00+00:00,36.78202903454971
2025-12-26 17:00:00+00:00,34.49839931306293
2025-12-26 18:00:00+00:00,33.108763471370914
2025-12-26 19:00:00+00:00,33.02131662176431
2025-12-26 20:00:00+00:00,32.146252931020385
2025-12-26 21:00:00+00:00,30.962098617567573
2025-12-26 22:00:00+00:00,30.6719252711333
2025-12-26 23:00:00+00:00,29.71219803658319
2025-12-27 00:00:00+00:00,29.821451264644637
2025-12-27 01:00:00+00:00,28.630342651648736
2025-12-27 02:00:00+00:00,31.24353716948128
2025-12-27 03:00:00+00:00,32.79634733109058
2025-12-27 04:00:00+00:00,33.830832914848436
2025-12-27 05:00:00+00:00,34.71131692139935
2025-12-27 06:00:00+00:00,25.27080965065356
2025-12-27 07:00:00+00:00,17.18297042635703
2025-12-27 08:00:00+00:00,29.186238612703082
2025-12-27 09:00:00+00:00,43.589375712166174
2025-12-27 10:00:00+00:00,44.74803868967707
2025-12-27 11:00:00+00:00,42.96670485554646
2025-12-27 12:00:00+00:00,39.88130125055787
2025-12-27 13:00:00+00:00,37.234020542473324
2025-12-27 14:00:00+00:00,37.18549783974405
2025-12-27 15:00:00+00:00,37.17569565657982
2025-12-27 16:00:00+00:00,35.66679367264571
2025-12-27 17:00:00+00:00,36.41179184373154
2025-12-27 18:00:00+00:00,33.65957351577337
2025-12-27 19:00:00+00:00,31.50504734384902
2025-12-27 20:00:00+00:00,30.174400751925166
2025-12-27 21:00:00+00:00,28.905960995944078
2025-12-27 22:00:00+00:00,29.437853095194473
2025-12-27 23:00:00+00:00,29.208812882841997
2025-12-28 00:00:00+00:00,27.712623925616292
2025-12-28 01:00:00+00:00,27.042378921302166
2025-12-28 02:00:00+00:00,29.702285457321036
2025-12-28 03:00:00+00:00,30.971775775205376
2025-12-28 04:00:00+00:00,31.052078834066045
2025-12-28 05:00:00+00:00,30.88640850921893
2025-12-28 06:00:00+00:00,26.32278493994673
2025-12-28 07:00:00+00:00,16.706901533411255
2025-12-28 08:00:00+00:00,27.460336604466388
2025-12-28 09:00:00+00:00,37.88415014951883
2025-12-28 10:00:00+00:00,40.12893177589846
2025-12-28 11:00:00+00:00,42.598112570955685
2025-12-28 12:00:00+00:00,43.67729045135282
2025-12-28 13:00:00+00:00,41.08359296881588
2025-12-28 14:00:00+00:00,41.30229419036151
2025-12-28 15:00:00+00:00,41.86841911400054
2025-12-28 16:00:00+00:00,40.49750264637791
2025-12-28 17:00:00+00:00,37.85811364761409
2025-12-28 18:00:00+00:00,37.09103502737542
2025-12-28 19:00:00+00:00,34.73604817223248
2025-12-28 20:00:00+00:00,31.209793609101915
2025-12-28 21:00:00+00:00,29.559282907490196
2025-12-28 22:00:00+00:00,29.580230061201934
2025-12-28 23:00:00+00:00,28.452567467160158
2025-12-29 00:00:00+00:00,28.726179919384595
2025-12-29 01:00:00+00:00,27.88668520315877
2025-12-29 02:00:00+00:00,29.31471062714464
2025-12-29 03:00:00+00:00,31.06005645408575
2025-12-29 04:00:00+00:00,32.626700560683105
2025-12-29 05:00:00+00:00,32.877613674360035
2025-12-29 06:00:00+00:00,24.804358270824036
2025-12-29 07:00:00+00:00,16.44120964050817
2025-12-29 08:00:00+00:00,25.733914808319717
2025-12-29 09:00:00+00:00,33.85329051219158
2025-12-29 10:00:00+00:00,39.54401140688592
2025-12-29 11:00:00+00:00,42.82670198296802
2025-12-29 12:00:00+00:00,44.16665416906644
2025-12-29 13:00:00+00:00,45.05277059041641
2025-12-29 14:00:00+00:00,43.561478889054506
2025-12-29 15:00:00+00:00,41.62060315139801
2025-12-29 16:00:00+00:00,37.81689369620895
2025-12-29 17:00:00+00:00,33.44353660412128
2025-12-29 18:00:00+00:00,32.3028047163832
2025-12-29 19:00:00+00:00,30.804088977656892
2025-12-29 20:00:00+00:00,30.086896943394837
2025-12-29 21:00:00+00:00,27.447989030840198
2025-12-29 22:00:00+00:00,28.62441041778268
2025-12-29 23:00:00+00:00,30.188977629375756
2025-12-30 00:00:00+00:00,31.25021300454831
2025-12-30 01:00:00+00:00,31.6176930003022
2025-12-30 02:00:00+00:00,33.39308958220932
2025-12-30 03:00:00+00:00,32.3762035035156
2025-12-30 04:00:00+00:00,32.69257691501022
2025-12-30 05:00:00+00:00,32.60200008827969
2025-12-30 06:00:00+00:00,29.072971191634863
2025-12-30 07:00:00+00:00,21.13705630502247
2025-12-30 08:00:00+00:00,27.22516910616498
2025-12-30 09:00:00+00:00,32.45830306024096
2025-12-30 10:00:00+00:00,36.95961665258582
2025-12-30 11:00:00+00:00,39.02437127159619
2025-12-30 12:00:00+00:00,37.91232319937444
2025-12-30 13:00:00+00:00,34.397142306635125
2025-12-30 14:00:00+00:00,36.1265248038136
2025-12-30 15:00:00+00:00,36.37672314989822
2025-12-30 16:00:00+00:00,34.2564449593472
2025-12-30 17:00:00+00:00,32.75412486980986
2025-12-30 18:00:00+00:00,32.65287392557666
2025-12-30 19:00:00+00:00,32.62291684305303
2025-12-30 20:00:00+00:00,32.54802489238446
2025-12-30 21:00:00+00:00,30.751240156555532
2025-12-30 22:00:00+00:00,30.557052144356064
2025-12-30 23:00:00+00:00,32.04302307152657
2025-12-31 00:00:00+00:00,31.535666493112533
