ds,actual,predicted
2023-12-31 01:00:00+00:00,22.493515000000006,22.65298
2023-12-31 02:00:00+00:00,22.46826325,21.372746
2023-12-31 03:00:00+00:00,21.0179725,20.246586
2023-12-31 04:00:00+00:00,19.588476583333335,19.326464
2023-12-31 05:00:00+00:00,19.575729343333336,18.552784
2023-12-31 06:00:00+00:00,19.56298210333334,17.931255
2023-12-31 07:00:00+00:00,19.55023486333334,17.504648
2024-01-01 05:00:00+00:00,19.269795583333337,17.31944
2024-01-01 06:00:00+00:00,19.02010775,17.413431
2024-01-01 07:00:00+00:00,18.591796083333335,17.77676
2024-01-01 08:00:00+00:00,18.643252333333333,18.351662
2024-01-01 09:00:00+00:00,19.383000666666664,19.080149
2024-01-01 10:00:00+00:00,20.87401633333333,19.876293
2024-01-01 11:00:00+00:00,22.601516833333335,20.664215
2024-01-01 12:00:00+00:00,24.6925675,21.416634
2024-01-01 13:00:00+00:00,25.1080345,22.094017
2024-01-01 14:00:00+00:00,24.50179158333333,22.623129
2024-01-01 15:00:00+00:00,25.91578416666667,22.953293
2024-01-01 16:00:00+00:00,25.47071783333334,23.130104
2024-01-01 17:00:00+00:00,25.471200749999998,23.244757
2024-01-01 18:00:00+00:00,24.291416416666667,23.344551
2024-01-01 19:00:00+00:00,24.427853083333332,23.435614
2024-01-01 20:00:00+00:00,24.88148441666667,23.512447
2024-01-01 21:00:00+00:00,27.667407666666666,23.571404
2024-01-01 22:00:00+00:00,31.6545825,27.948593
2024-01-01 23:00:00+00:00,31.777391416666664,27.891933
2024-01-02 00:00:00+00:00,30.902085333333336,26.784763
2024-01-02 01:00:00+00:00,29.629127416666666,24.796597
2024-01-02 02:00:00+00:00,28.563232333333332,22.987085
2024-01-02 03:00:00+00:00,25.681454416666668,21.593847
2024-01-02 04:00:00+00:00,23.803116999999997,20.577377
2024-01-02 05:00:00+00:00,22.102845250000005,19.913128
2024-01-02 06:00:00+00:00,22.056070833333333,19.553698
2024-01-02 07:00:00+00:00,21.34577308333333,19.458931
2024-01-02 08:00:00+00:00,21.898372083333335,19.651453
2024-01-02 09:00:00+00:00,22.226737749999998,20.210579
2024-01-02 10:00:00+00:00,24.841250916666667,21.119133
2024-01-02 11:00:00+00:00,40.0979055,22.166002
2024-01-02 12:00:00+00:00,52.73987916666667,23.144197
2024-01-02 13:00:00+00:00,30.799393416666664,23.99756
2024-01-02 14:00:00+00:00,26.130205750000002,24.503126
2024-01-02 15:00:00+00:00,25.54618891666667,24.512396
2024-01-02 16:00:00+00:00,24.03531033333333,24.296734
2024-01-02 17:00:00+00:00,24.314704666666664,24.124035
2024-01-02 18:00:00+00:00,23.17952641666666,24.082212
2024-01-02 19:00:00+00:00,22.39559408333333,24.15768
2024-01-02 20:00:00+00:00,24.008965500000002,24.310274
2024-01-02 21:00:00+00:00,31.26132741666667,24.503284
2024-01-02 22:00:00+00:00,43.65015366666666,34.053917
2024-01-02 23:00:00+00:00,34.296928916666666,33.94925
2024-01-03 00:00:00+00:00,32.42109491666667,31.186594
2024-01-03 01:00:00+00:00,31.881986583333333,27.85096
2024-01-03 02:00:00+00:00,31.232217916666663,25.095383
2024-01-03 03:00:00+00:00,28.009426499999996,22.840897
2024-01-03 04:00:00+00:00,25.56133066666667,21.10009
2024-01-03 05:00:00+00:00,26.648643000000007,19.938934
2024-01-03 06:00:00+00:00,26.10539025,19.369123
2024-01-03 07:00:00+00:00,25.190868166666665,19.455772
2024-01-03 08:00:00+00:00,25.608557666666663,20.260576
2024-01-03 09:00:00+00:00,27.313874666666667,21.687254
2024-01-03 10:00:00+00:00,30.312472499999995,23.505478
2024-01-03 11:00:00+00:00,40.32989,25.32104
2024-01-03 12:00:00+00:00,57.06906775,26.873251
2024-01-03 13:00:00+00:00,41.02561108333333,27.803082
2024-01-03 14:00:00+00:00,32.21981316666667,27.980309
2024-01-03 15:00:00+00:00,31.909385166666667,27.605534
2024-01-03 16:00:00+00:00,31.101076083333336,26.933754
2024-01-03 17:00:00+00:00,29.332064583333334,26.260836
2024-01-03 18:00:00+00:00,29.533811666666665,25.802853
2024-01-03 19:00:00+00:00,28.984707833333335,25.605267
2024-01-03 20:00:00+00:00,28.163832249999995,25.611595
2024-01-03 21:00:00+00:00,31.97333025,25.748184
2024-01-03 22:00:00+00:00,41.985465749999996,35.815994
2024-01-03 23:00:00+00:00,38.074172499999996,36.93901
2024-01-04 00:00:00+00:00,33.49682791666667,35.075977
2024-01-04 01:00:00+00:00,33.40648358333333,31.389061
2024-01-04 02:00:00+00:00,30.39455825,28.090643
2024-01-04 03:00:00+00:00,26.876737666666667,25.296507
2024-01-04 04:00:00+00:00,25.81118325,23.033096
2024-01-04 05:00:00+00:00,27.6052885,21.540401
2024-01-04 06:00:00+00:00,25.934173083333334,20.994055
2024-01-04 07:00:00+00:00,24.786419333333328,21.496119
2024-01-04 08:00:00+00:00,24.783097833333333,22.832468
2024-01-04 09:00:00+00:00,25.871585749999998,25.04293
2024-01-04 10:00:00+00:00,26.242425833333332,28.055246
2024-01-04 11:00:00+00:00,34.041154999999996,30.23948
2024-01-04 12:00:00+00:00,43.05346241666666,31.112032
2024-01-04 13:00:00+00:00,42.77544975,31.156351
2024-01-04 14:00:00+00:00,35.601359333333335,30.728321
2024-01-04 15:00:00+00:00,34.74834666666667,29.949772
2024-01-04 16:00:00+00:00,34.315665333333335,28.957672
2024-01-04 17:00:00+00:00,33.033959083333336,28.033018
2024-01-04 18:00:00+00:00,32.79319116666667,27.402508
2024-01-04 19:00:00+00:00,32.213391916666666,27.092413
2024-01-04 20:00:00+00:00,32.07464741666667,27.018322
2024-01-04 21:00:00+00:00,35.450594083333336,27.089933
2024-01-04 22:00:00+00:00,53.62700383333333,37.971985
2024-01-04 23:00:00+00:00,49.2723505,38.89374
2024-01-05 00:00:00+00:00,49.7405365,37.26892
2024-01-05 01:00:00+00:00,47.44314716666667,34.137093
2024-01-05 02:00:00+00:00,45.803666666666665,31.218622
2024-01-05 03:00:00+00:00,42.72591908333333,28.61909
2024-01-05 04:00:00+00:00,38.67894775,26.407795
2024-01-05 05:00:00+00:00,39.20257158333333,24.78989
2024-01-05 06:00:00+00:00,36.05889233333333,23.816412
2024-01-05 07:00:00+00:00,35.57514116666667,23.577368
2024-01-05 08:00:00+00:00,35.68604108333333,24.202143
2024-01-05 09:00:00+00:00,37.175801166666666,25.609867
2024-01-05 10:00:00+00:00,38.709242583333335,27.775171
2024-01-05 11:00:00+00:00,65.95246275,30.244791
2024-01-05 12:00:00+00:00,74.81163975,32.008595
2024-01-05 13:00:00+00:00,48.17897925,32.865944
2024-01-05 14:00:00+00:00,37.013655416666666,33.040436
2024-01-05 15:00:00+00:00,33.87024641666667,32.753166
2024-01-05 16:00:00+00:00,32.854297833333334,32.12313
2024-01-05 17:00:00+00:00,30.532504499999998,31.363285
2024-01-05 18:00:00+00:00,30.592345750000007,30.75066
2024-01-05 19:00:00+00:00,30.718361333333334,30.41388
2024-01-05 20:00:00+00:00,30.88847266666667,30.318775
2024-01-05 21:00:00+00:00,35.8715235,30.382263
2024-01-05 22:00:00+00:00,49.489143000000006,41.212933
2024-01-05 23:00:00+00:00,38.428746499999995,43.303814
2024-01-06 00:00:00+00:00,35.864839499999995,41.466377
2024-01-06 01:00:00+00:00,34.78959416666667,37.674717
2024-01-06 02:00:00+00:00,34.352611583333335,34.510685
2024-01-06 03:00:00+00:00,31.1158235,31.855808
2024-01-06 04:00:00+00:00,30.678417583333328,29.44292
2024-01-06 05:00:00+00:00,31.299188,27.591318
2024-01-06 06:00:00+00:00,29.07277566666667,26.614414
2024-01-06 07:00:00+00:00,28.45055591666667,26.724167
2024-01-06 08:00:00+00:00,26.987325249999994,27.81623
2024-01-06 09:00:00+00:00,27.881044083333332,29.519726
2024-01-06 10:00:00+00:00,27.91217608333334,32.078613
2024-01-06 11:00:00+00:00,28.821667916666666,34.61086
2024-01-06 12:00:00+00:00,30.955779666666672,35.498146
2024-01-06 13:00:00+00:00,36.708406000000004,35.355114
2024-01-06 14:00:00+00:00,41.50034208333333,34.69016
2024-01-06 15:00:00+00:00,37.83918091666666,33.73238
2024-01-06 16:00:00+00:00,37.809598083333334,32.73954
2024-01-06 17:00:00+00:00,35.74421733333333,31.944801
2024-01-06 18:00:00+00:00,35.40605791666667,31.42955
2024-01-06 19:00:00+00:00,33.899630916666666,31.153496
2024-01-06 20:00:00+00:00,33.235681,31.043526
2024-01-06 21:00:00+00:00,35.659556916666666,31.038513
2024-01-06 22:00:00+00:00,37.74688366666667,37.711384
2024-01-06 23:00:00+00:00,33.9396575,37.652836
2024-01-07 00:00:00+00:00,32.302249249999996,36.60008
2024-01-07 01:00:00+00:00,30.65112625,34.373966
2024-01-07 02:00:00+00:00,29.484195166666666,31.890615
2024-01-07 03:00:00+00:00,28.141964083333335,29.527946
2024-01-07 04:00:00+00:00,26.1435745,27.518959
2024-01-07 05:00:00+00:00,25.651401250000003,26.043514
2024-01-07 06:00:00+00:00,23.298894916666672,24.991383
2024-01-07 07:00:00+00:00,22.908830666666663,24.248589
2024-01-07 08:00:00+00:00,22.046238833333334,23.832933
2024-01-07 09:00:00+00:00,21.96497808333333,23.812525
2024-01-07 10:00:00+00:00,22.565562249999996,24.385199
2024-01-07 11:00:00+00:00,22.637839666666668,25.975164
2024-01-07 12:00:00+00:00,23.790621416666667,28.648815
2024-01-07 13:00:00+00:00,25.75969591666667,31.178503
2024-01-07 14:00:00+00:00,25.723685833333334,32.686714
2024-01-07 15:00:00+00:00,26.330223666666665,33.328144
2024-01-07 16:00:00+00:00,25.762882166666667,33.32192
2024-01-07 17:00:00+00:00,24.714192833333332,32.893185
2024-01-07 18:00:00+00:00,23.49351525,32.39432
2024-01-07 19:00:00+00:00,23.478721666666672,32.08969
2024-01-07 20:00:00+00:00,23.735479249999997,32.03073
2024-01-07 21:00:00+00:00,27.24915833333333,32.152405
2024-01-07 22:00:00+00:00,34.31374575,29.233412
2024-01-07 23:00:00+00:00,33.06844733333333,28.447119
2024-01-08 00:00:00+00:00,32.17552116666667,29.228376
2024-01-08 01:00:00+00:00,31.93249325,29.231869
2024-01-08 02:00:00+00:00,29.82725741666667,26.715734
2024-01-08 03:00:00+00:00,26.748802083333334,23.829664
2024-01-08 04:00:00+00:00,25.418556666666664,21.8503
2024-01-08 05:00:00+00:00,23.155293166666667,20.547518
2024-01-08 06:00:00+00:00,22.583428166666668,19.635368
2024-01-08 07:00:00+00:00,22.65760308333333,19.024689
2024-01-08 08:00:00+00:00,22.50518925,18.829243
2024-01-08 09:00:00+00:00,22.684068916666664,19.349289
2024-01-08 10:00:00+00:00,25.416657583333333,21.270607
2024-01-08 11:00:00+00:00,36.97763416666667,25.471752
2024-01-08 12:00:00+00:00,49.56811825,29.335037
2024-01-08 13:00:00+00:00,31.431010416666666,30.780613
2024-01-08 14:00:00+00:00,27.80537766666667,30.775213
2024-01-08 15:00:00+00:00,26.589986083333333,30.290602
2024-01-08 16:00:00+00:00,26.57035458333333,29.983305
2024-01-08 17:00:00+00:00,25.646928000000003,30.06894
2024-01-08 18:00:00+00:00,25.177210583333334,30.457357
2024-01-08 19:00:00+00:00,25.130884666666663,30.96847
2024-01-08 20:00:00+00:00,24.136971750000004,31.445282
2024-01-08 21:00:00+00:00,26.264758166666667,31.799831
2024-01-08 22:00:00+00:00,35.34350641666666,28.955128
2024-01-08 23:00:00+00:00,31.805926250000002,30.09975
2024-01-09 00:00:00+00:00,29.57541283333333,30.59024
2024-01-09 01:00:00+00:00,26.5126925,29.263655
2024-01-09 02:00:00+00:00,24.298168333333333,26.73389
2024-01-09 03:00:00+00:00,22.26210041666667,24.732973
2024-01-09 04:00:00+00:00,21.047137,23.426785
2024-01-09 05:00:00+00:00,22.809214916666665,22.53268
2024-01-09 06:00:00+00:00,22.026982999999998,21.909208
2024-01-09 07:00:00+00:00,20.849494166666666,21.558792
2024-01-09 08:00:00+00:00,20.578613833333332,21.580215
2024-01-09 09:00:00+00:00,21.898449749999997,22.128693
2024-01-09 10:00:00+00:00,22.607170666666665,23.457203
2024-01-09 11:00:00+00:00,27.780759500000002,25.499516
2024-01-09 12:00:00+00:00,31.363601,26.817448
2024-01-09 13:00:00+00:00,32.4731115,27.020233
2024-01-09 14:00:00+00:00,31.88321375,26.650488
2024-01-09 15:00:00+00:00,32.001139,26.086744
2024-01-09 16:00:00+00:00,31.845006416666667,25.58716
2024-01-09 17:00:00+00:00,31.653522999999996,25.26565
2024-01-09 18:00:00+00:00,30.804525166666664,25.120193
2024-01-09 19:00:00+00:00,28.098550666666668,25.107672
2024-01-09 20:00:00+00:00,28.716007583333333,25.184938
2024-01-09 21:00:00+00:00,28.306299166666665,25.31879
2024-01-09 22:00:00+00:00,30.38731283333334,29.879932
2024-01-09 23:00:00+00:00,27.895378249999997,30.03593
2024-01-10 00:00:00+00:00,25.199835333333336,29.803814
2024-01-10 01:00:00+00:00,22.80608525,28.560247
2024-01-10 02:00:00+00:00,21.496848666666665,26.21164
2024-01-10 03:00:00+00:00,19.935058166666668,24.205082
2024-01-10 04:00:00+00:00,18.256401999999998,22.807877
2024-01-10 05:00:00+00:00,19.07595375,21.872007
2024-01-10 06:00:00+00:00,18.959795166666666,21.314972
2024-01-10 07:00:00+00:00,18.46887791666667,21.14441
2024-01-10 08:00:00+00:00,18.404724583333337,21.463192
2024-01-10 09:00:00+00:00,20.101453916666667,22.432701
2024-01-10 10:00:00+00:00,22.550544333333335,24.129648
2024-01-10 11:00:00+00:00,31.792771416666668,25.928602
2024-01-10 12:00:00+00:00,32.772159083333335,27.020052
2024-01-10 13:00:00+00:00,31.103301916666666,27.522047
2024-01-10 14:00:00+00:00,27.76498058333333,27.662544
2024-01-10 15:00:00+00:00,29.49323133333333,27.465889
2024-01-10 16:00:00+00:00,29.862287666666663,27.006151
2024-01-10 17:00:00+00:00,29.875463999999997,26.51895
2024-01-10 18:00:00+00:00,28.687529833333333,26.195644
2024-01-10 19:00:00+00:00,28.561272166666672,26.060862
2024-01-10 20:00:00+00:00,31.076439250000004,26.056477
2024-01-10 21:00:00+00:00,36.02502075,26.122936
2024-01-10 22:00:00+00:00,50.092293833333336,36.722755
2024-01-10 23:00:00+00:00,40.19728133333333,35.904594
2024-01-11 00:00:00+00:00,35.04609083333333,33.05469
2024-01-11 01:00:00+00:00,32.89691141666666,29.776335
2024-01-11 02:00:00+00:00,30.961891583333337,27.048
2024-01-11 03:00:00+00:00,28.483029416666668,24.887234
2024-01-11 04:00:00+00:00,25.28344166666666,23.31094
2024-01-11 05:00:00+00:00,27.944695666666664,22.308481
2024-01-11 06:00:00+00:00,25.871904999999998,21.831139
2024-01-11 07:00:00+00:00,24.196559249999996,21.892422
2024-01-11 08:00:00+00:00,25.06256925,22.608356
2024-01-11 09:00:00+00:00,25.764163,24.019817
2024-01-11 10:00:00+00:00,28.261010833333334,25.90567
2024-01-11 11:00:00+00:00,36.6398205,27.875336
2024-01-11 12:00:00+00:00,46.923799,29.730827
2024-01-11 13:00:00+00:00,38.281604083333335,31.19639
2024-01-11 14:00:00+00:00,29.298233416666665,31.757313
2024-01-11 15:00:00+00:00,28.4630405,31.491802
2024-01-11 16:00:00+00:00,27.65132083333333,30.866045
2024-01-11 17:00:00+00:00,27.6156155,30.28931
2024-01-11 18:00:00+00:00,25.624054333333333,29.959541
2024-01-11 19:00:00+00:00,24.219762916666667,29.885704
2024-01-11 20:00:00+00:00,25.92147175,29.998478
2024-01-11 21:00:00+00:00,31.13056533333333,30.223106
2024-01-11 22:00:00+00:00,40.1877025,35.55428
2024-01-11 23:00:00+00:00,44.34346125,35.82676
2024-01-12 00:00:00+00:00,37.041941333333334,33.274693
2024-01-12 01:00:00+00:00,35.599251583333334,30.277636
2024-01-12 02:00:00+00:00,32.25573541666667,27.736254
2024-01-12 03:00:00+00:00,30.47332425,25.523756
2024-01-12 04:00:00+00:00,27.931474166666664,23.736439
2024-01-12 05:00:00+00:00,23.819155750000004,22.482704
2024-01-12 06:00:00+00:00,22.796271750000002,21.762306
2024-01-12 07:00:00+00:00,21.964518750000003,21.67517
2024-01-12 08:00:00+00:00,21.801853333333337,22.342896
2024-01-12 09:00:00+00:00,23.291211833333332,23.716434
2024-01-12 10:00:00+00:00,26.102559416666665,26.104427
2024-01-12 11:00:00+00:00,31.684112000000002,29.189384
2024-01-12 12:00:00+00:00,34.734708000000005,31.10378
2024-01-12 13:00:00+00:00,29.93406225,31.723202
2024-01-12 14:00:00+00:00,28.047394583333332,31.627111
2024-01-12 15:00:00+00:00,27.973074,31.075018
2024-01-12 16:00:00+00:00,26.697777333333335,30.183256
2024-01-12 17:00:00+00:00,26.476202833333332,29.224379
2024-01-12 18:00:00+00:00,25.508188166666663,28.503353
2024-01-12 19:00:00+00:00,25.597145833333332,28.11204
2024-01-12 20:00:00+00:00,26.49279466666667,27.979845
2024-01-12 21:00:00+00:00,26.56083775,28.009628
2024-01-12 22:00:00+00:00,30.1252665,28.825022
2024-01-12 23:00:00+00:00,29.00567775,29.654064
2024-01-13 00:00:00+00:00,26.589412666666664,29.428701
2024-01-13 01:00:00+00:00,24.52547541666667,27.403793
2024-01-13 02:00:00+00:00,23.925926583333332,25.038216
2024-01-13 03:00:00+00:00,23.247932583333334,23.259867
2024-01-13 04:00:00+00:00,21.358574666666666,21.966362
2024-01-13 05:00:00+00:00,15.533993500000001,21.04764
2024-01-13 06:00:00+00:00,15.500933666666665,20.415497
2024-01-13 07:00:00+00:00,18.345837333333332,20.07468
2024-01-13 08:00:00+00:00,17.40698875,20.106861
2024-01-13 09:00:00+00:00,18.29990641666667,20.690056
2024-01-13 10:00:00+00:00,19.513495000000006,22.101002
2024-01-13 11:00:00+00:00,19.752710083333337,23.959553
2024-01-13 12:00:00+00:00,22.73732191666667,25.087317
2024-01-13 13:00:00+00:00,22.7339185,25.491533
2024-01-13 14:00:00+00:00,23.19729566666667,25.500456
2024-01-13 15:00:00+00:00,50.057481833333334,25.263361
2024-01-13 16:00:00+00:00,41.36152591666667,24.952217
2024-01-13 17:00:00+00:00,38.0702625,24.728561
2024-01-13 18:00:00+00:00,35.09208816666666,24.64959
2024-01-13 19:00:00+00:00,31.726825416666667,24.692316
2024-01-13 20:00:00+00:00,35.50072525,24.810482
2024-01-13 21:00:00+00:00,48.95128641666667,24.963278
2024-01-13 22:00:00+00:00,73.75803891666666,46.17266
2024-01-13 23:00:00+00:00,74.23675966666667,44.914715
2024-01-14 00:00:00+00:00,72.439259,40.61802
2024-01-14 01:00:00+00:00,72.74822483333334,35.916737
2024-01-14 02:00:00+00:00,61.11893175,32.463966
2024-01-14 03:00:00+00:00,55.18083958333333,29.70785
2024-01-14 04:00:00+00:00,55.985706916666665,27.17866
2024-01-14 05:00:00+00:00,41.21739758333333,24.929306
2024-01-14 06:00:00+00:00,39.67391308333333,23.186
2024-01-14 07:00:00+00:00,39.62572,22.03577
2024-01-14 08:00:00+00:00,39.13680525,21.41097
2024-01-14 09:00:00+00:00,39.641730833333334,21.235987
2024-01-14 10:00:00+00:00,45.3847465,21.56242
2024-01-14 11:00:00+00:00,45.17972416666667,22.603378
2024-01-14 12:00:00+00:00,43.3300865,24.485312
2024-01-14 13:00:00+00:00,44.58707116666667,26.902784
2024-01-14 14:00:00+00:00,39.29865841666666,29.277506
2024-01-14 15:00:00+00:00,50.06413333333333,31.244045
2024-01-14 16:00:00+00:00,45.60347033333333,32.860523
2024-01-14 17:00:00+00:00,49.12960808333332,34.01966
2024-01-14 18:00:00+00:00,46.122284666666665,34.604477
2024-01-14 19:00:00+00:00,45.711407916666666,34.951584
2024-01-14 20:00:00+00:00,46.67915383333334,35.3054
2024-01-14 21:00:00+00:00,60.54490216666667,35.718006
2024-01-14 22:00:00+00:00,99.09614025,65.18028
2024-01-14 23:00:00+00:00,100.52652958333333,65.42224
2024-01-15 00:00:00+00:00,102.00479175,59.766617
2024-01-15 01:00:00+00:00,102.17563066666666,50.76008
2024-01-15 02:00:00+00:00,100.31514550000001,42.425045
2024-01-15 03:00:00+00:00,95.87462033333333,35.66351
2024-01-15 04:00:00+00:00,90.36008133333331,30.564682
2024-01-15 05:00:00+00:00,116.72110175000002,27.820513
2024-01-15 06:00:00+00:00,121.44659183333336,27.916067
2024-01-15 07:00:00+00:00,114.485598,30.572104
2024-01-15 08:00:00+00:00,121.84480041666667,35.632046
2024-01-15 09:00:00+00:00,123.21032683333334,42.935177
2024-01-15 10:00:00+00:00,124.71455575,50.42514
2024-01-15 11:00:00+00:00,130.55803941666667,55.399624
2024-01-15 12:00:00+00:00,145.50619116666667,56.872314
2024-01-15 13:00:00+00:00,142.47856141666668,55.785698
2024-01-15 14:00:00+00:00,139.84782883333332,53.197582
2024-01-15 15:00:00+00:00,150.1398396666667,50.2248
2024-01-15 16:00:00+00:00,145.99301233333333,47.88984
2024-01-15 17:00:00+00:00,129.63259241666665,46.601147
2024-01-15 18:00:00+00:00,128.36703616666668,46.23357
2024-01-15 19:00:00+00:00,123.75697916666668,46.498177
2024-01-15 20:00:00+00:00,122.48522266666667,47.136906
2024-01-15 21:00:00+00:00,122.66788233333332,47.962845
2024-01-15 22:00:00+00:00,155.1697715,129.4209
2024-01-15 23:00:00+00:00,148.3939915,138.80577
2024-01-16 00:00:00+00:00,148.67150783333332,135.1511
2024-01-16 01:00:00+00:00,126.66470741666669,118.661255
2024-01-16 02:00:00+00:00,125.721437,97.91659
2024-01-16 03:00:00+00:00,112.45985391666666,79.87186
2024-01-16 04:00:00+00:00,94.67260299999998,64.062675
2024-01-16 05:00:00+00:00,83.14414791666668,51.710358
2024-01-16 06:00:00+00:00,80.32597583333333,46.031807
2024-01-16 07:00:00+00:00,76.520323,47.718956
2024-01-16 08:00:00+00:00,73.32498908333334,54.866104
2024-01-16 09:00:00+00:00,73.847061,67.28187
2024-01-16 10:00:00+00:00,92.20653633333332,81.415306
2024-01-16 11:00:00+00:00,133.93375375,91.52531
2024-01-16 12:00:00+00:00,140.14603375,95.92662
2024-01-16 13:00:00+00:00,146.2310865,95.9032
2024-01-16 14:00:00+00:00,142.08957391666667,92.93141
2024-01-16 15:00:00+00:00,139.60605333333334,88.014725
2024-01-16 16:00:00+00:00,132.31874533333334,82.62682
2024-01-16 17:00:00+00:00,119.84025108333333,78.39754
2024-01-16 18:00:00+00:00,116.707687,76.04878
2024-01-16 19:00:00+00:00,114.30337133333335,75.37253
2024-01-16 20:00:00+00:00,113.70093341666667,75.845695
2024-01-16 21:00:00+00:00,131.78470658333333,77.00253
2024-01-16 22:00:00+00:00,179.13617750000003,158.2055
2024-01-16 23:00:00+00:00,182.25900133333332,162.332
2024-01-17 00:00:00+00:00,178.60828275000003,148.34772
2024-01-17 01:00:00+00:00,161.53455808333334,125.9237
2024-01-17 02:00:00+00:00,150.62477316666667,106.067795
2024-01-17 03:00:00+00:00,131.257631,89.70135
2024-01-17 04:00:00+00:00,128.11444291666666,76.4901
2024-01-17 05:00:00+00:00,135.34530700000002,67.48511
2024-01-17 06:00:00+00:00,137.40250066666667,63.674984
2024-01-17 07:00:00+00:00,135.12739641666667,65.782555
2024-01-17 08:00:00+00:00,140.46002508333333,73.203255
2024-01-17 09:00:00+00:00,139.07237483333333,86.201965
2024-01-17 10:00:00+00:00,164.6842571666667,105.0699
2024-01-17 11:00:00+00:00,196.188577,122.52067
2024-01-17 12:00:00+00:00,276.9319014166667,132.73537
2024-01-17 13:00:00+00:00,180.3578965833333,135.51706
2024-01-17 14:00:00+00:00,150.86840558333333,133.26541
2024-01-17 15:00:00+00:00,127.63809325,127.52867
2024-01-17 16:00:00+00:00,90.51937550000001,119.98227
2024-01-17 17:00:00+00:00,81.52788083333333,113.21799
2024-01-17 18:00:00+00:00,76.364921,108.95336
2024-01-17 19:00:00+00:00,68.20501333333333,107.191444
2024-01-17 20:00:00+00:00,76.7080005,107.18973
2024-01-17 21:00:00+00:00,96.16817725,108.239655
2024-01-17 22:00:00+00:00,119.699184,118.349396
2024-01-17 23:00:00+00:00,132.6064195,125.532265
2024-01-18 00:00:00+00:00,126.44192216666666,128.09366
2024-01-18 01:00:00+00:00,120.40093208333333,119.83768
2024-01-18 02:00:00+00:00,116.95619366666668,107.072014
2024-01-18 03:00:00+00:00,97.52975350000001,97.83102
2024-01-18 04:00:00+00:00,77.33794208333333,91.86589
2024-01-18 05:00:00+00:00,70.99695774999999,88.12416
2024-01-18 06:00:00+00:00,62.48297591666666,86.20703
2024-01-18 07:00:00+00:00,59.397013333333334,86.20912
2024-01-18 08:00:00+00:00,58.01552758333333,88.46158
2024-01-18 09:00:00+00:00,60.420803333333325,93.66473
2024-01-18 10:00:00+00:00,71.22062908333334,102.38778
2024-01-18 11:00:00+00:00,94.60274625,109.918915
2024-01-18 12:00:00+00:00,125.28776416666665,111.50751
2024-01-18 13:00:00+00:00,98.91648758333334,109.07064
2024-01-18 14:00:00+00:00,80.714448,105.19227
2024-01-18 15:00:00+00:00,53.00681300000001,101.47284
2024-01-18 16:00:00+00:00,49.623784666666666,98.61188
2024-01-18 17:00:00+00:00,47.58071674999999,96.716354
2024-01-18 18:00:00+00:00,45.76275341666667,95.65549
2024-01-18 19:00:00+00:00,45.56884708333334,95.26451
2024-01-18 20:00:00+00:00,44.929403083333334,95.412415
2024-01-18 21:00:00+00:00,48.509468999999996,96.004364
2024-01-18 22:00:00+00:00,60.435335,63.73756
2024-01-18 23:00:00+00:00,61.51648983333333,64.34719
2024-01-19 00:00:00+00:00,56.713469583333335,67.48332
2024-01-19 01:00:00+00:00,51.76200166666666,67.23569
2024-01-19 02:00:00+00:00,47.2266045,61.443577
2024-01-19 03:00:00+00:00,43.74526733333334,54.092457
2024-01-19 04:00:00+00:00,40.92876691666667,48.502678
2024-01-19 05:00:00+00:00,40.12888225,44.969925
2024-01-19 06:00:00+00:00,37.656804,42.996758
2024-01-19 07:00:00+00:00,36.15511875,42.24769
2024-01-19 08:00:00+00:00,35.70520083333333,42.69049
2024-01-19 09:00:00+00:00,37.38773141666667,44.480095
2024-01-19 10:00:00+00:00,42.0091295,47.78608
2024-01-19 11:00:00+00:00,46.48312258333333,52.11184
2024-01-19 12:00:00+00:00,55.31277433333333,55.57029
2024-01-19 13:00:00+00:00,54.68349958333334,56.814674
2024-01-19 14:00:00+00:00,58.34387091666667,56.45382
2024-01-19 15:00:00+00:00,62.11308458333334,55.58148
2024-01-19 16:00:00+00:00,56.62450175,54.863064
2024-01-19 17:00:00+00:00,54.64757075,54.57367
2024-01-19 18:00:00+00:00,50.65515108333333,54.801376
2024-01-19 19:00:00+00:00,48.045713416666665,55.56599
2024-01-19 20:00:00+00:00,47.19127391666666,56.853172
2024-01-19 21:00:00+00:00,52.64727058333333,58.6052
2024-01-19 22:00:00+00:00,62.895481249999996,73.18176
2024-01-19 23:00:00+00:00,62.95539283333333,81.41575
2024-01-20 00:00:00+00:00,61.04404016666667,84.4748
2024-01-20 01:00:00+00:00,58.5567775,73.60951
2024-01-20 02:00:00+00:00,55.47395241666666,57.50685
2024-01-20 03:00:00+00:00,52.71351183333333,44.788185
2024-01-20 04:00:00+00:00,47.93529891666666,35.656868
2024-01-20 05:00:00+00:00,45.53533416666666,29.167439
2024-01-20 06:00:00+00:00,44.967879,24.79905
2024-01-20 07:00:00+00:00,44.97682583333333,22.835815
2024-01-20 08:00:00+00:00,45.36366616666667,24.125473
2024-01-20 09:00:00+00:00,50.81370583333332,29.833668
2024-01-20 10:00:00+00:00,52.53285233333333,41.02198
2024-01-20 11:00:00+00:00,53.636468666666666,53.26662
2024-01-20 12:00:00+00:00,66.51533275,58.42459
2024-01-20 13:00:00+00:00,59.60599941666666,57.668785
2024-01-20 14:00:00+00:00,58.780020666666665,54.244473
2024-01-20 15:00:00+00:00,57.29410525000001,50.358772
2024-01-20 16:00:00+00:00,59.636600916666666,47.28603
2024-01-20 17:00:00+00:00,60.236044916666664,45.3995
2024-01-20 18:00:00+00:00,54.216867,44.58175
2024-01-20 19:00:00+00:00,50.45209925,44.58929
2024-01-20 20:00:00+00:00,56.85127066666666,45.20209
2024-01-20 21:00:00+00:00,66.16062933333333,46.247852
2024-01-20 22:00:00+00:00,85.03219866666667,73.6524
2024-01-20 23:00:00+00:00,88.33866333333334,76.83891
2024-01-21 00:00:00+00:00,70.37618925,74.67268
2024-01-21 01:00:00+00:00,68.36816691666667,67.12456
2024-01-21 02:00:00+00:00,70.32550983333333,58.913265
2024-01-21 03:00:00+00:00,65.91035483333333,51.43587
2024-01-21 04:00:00+00:00,63.891757500000004,44.822617
2024-01-21 05:00:00+00:00,57.881337083333335,39.740936
2024-01-21 06:00:00+00:00,58.78438583333334,36.133858
2024-01-21 07:00:00+00:00,58.772076750000004,33.664112
2024-01-21 08:00:00+00:00,57.58270816666667,32.35443
2024-01-21 09:00:00+00:00,56.798278,32.49596
2024-01-21 10:00:00+00:00,58.38904183333333,34.696674
2024-01-21 11:00:00+00:00,62.07366041666666,39.751755
2024-01-21 12:00:00+00:00,69.75097825,47.7558
2024-01-21 13:00:00+00:00,53.00105583333334,55.052437
2024-01-21 14:00:00+00:00,47.09221175,58.827824
2024-01-21 15:00:00+00:00,42.848587083333335,60.21691
2024-01-21 16:00:00+00:00,42.551579833333335,60.114582
2024-01-21 17:00:00+00:00,40.641359083333334,58.807343
2024-01-21 18:00:00+00:00,37.29310241666666,56.981262
2024-01-21 19:00:00+00:00,35.37599616666667,55.528206
2024-01-21 20:00:00+00:00,35.455483,54.80944
2024-01-21 21:00:00+00:00,42.09602,54.69335
2024-01-21 22:00:00+00:00,60.67107466666667,49.21489
2024-01-21 23:00:00+00:00,54.904534333333345,50.865627
2024-01-22 00:00:00+00:00,48.22794975,52.121742
2024-01-22 01:00:00+00:00,46.68582933333334,49.763805
2024-01-22 02:00:00+00:00,45.50795283333333,45.91987
2024-01-22 03:00:00+00:00,40.90090608333333,43.048958
2024-01-22 04:00:00+00:00,37.12010741666666,41.220448
2024-01-22 05:00:00+00:00,42.31483033333333,40.14831
2024-01-22 06:00:00+00:00,42.01718141666667,39.618137
2024-01-22 07:00:00+00:00,43.193168333333325,39.594276
2024-01-22 08:00:00+00:00,43.49130741666666,40.184326
2024-01-22 09:00:00+00:00,47.895376166666665,41.640965
2024-01-22 10:00:00+00:00,58.03305541666666,44.35635
2024-01-22 11:00:00+00:00,95.30663416666665,47.460453
2024-01-22 12:00:00+00:00,112.88609616666668,48.783463
2024-01-22 13:00:00+00:00,65.36632216666666,48.35853
2024-01-22 14:00:00+00:00,47.94085208333334,47.1975
2024-01-22 15:00:00+00:00,44.38378933333334,45.97297
2024-01-22 16:00:00+00:00,40.27284491666666,44.988377
2024-01-22 17:00:00+00:00,37.63634725,44.321712
2024-01-22 18:00:00+00:00,35.90728525,43.957764
2024-01-22 19:00:00+00:00,34.718545666666664,43.862286
2024-01-22 20:00:00+00:00,36.64917208333333,44.005848
2024-01-22 21:00:00+00:00,40.65820383333334,44.36277
2024-01-22 22:00:00+00:00,55.061273250000006,49.12742
2024-01-22 23:00:00+00:00,50.80678791666667,52.512096
2024-01-23 00:00:00+00:00,49.451893000000005,54.051716
2024-01-23 01:00:00+00:00,48.095826916666674,51.16694
2024-01-23 02:00:00+00:00,42.06754108333333,45.93066
2024-01-23 03:00:00+00:00,38.32735808333333,41.92121
2024-01-23 04:00:00+00:00,35.562699,39.403988
2024-01-23 05:00:00+00:00,37.648764416666666,37.882576
2024-01-23 06:00:00+00:00,34.647869666666665,37.138233
2024-01-23 07:00:00+00:00,34.452897166666666,37.17787
2024-01-23 08:00:00+00:00,34.01290508333333,38.09871
2024-01-23 09:00:00+00:00,34.949729166666664,40.107136
2024-01-23 10:00:00+00:00,39.16029091666667,43.26357
2024-01-23 11:00:00+00:00,58.72555008333333,45.903454
2024-01-23 12:00:00+00:00,63.1732525,46.482147
2024-01-23 13:00:00+00:00,51.693766000000004,45.62805
2024-01-23 14:00:00+00:00,43.81574441666667,44.23463
2024-01-23 15:00:00+00:00,33.151293583333334,42.860733
2024-01-23 16:00:00+00:00,33.72287458333333,41.7622
2024-01-23 17:00:00+00:00,33.486567916666665,40.994568
2024-01-23 18:00:00+00:00,32.2159045,40.526295
2024-01-23 19:00:00+00:00,30.208053083333336,40.30738
2024-01-23 20:00:00+00:00,30.69458075,40.29631
2024-01-23 21:00:00+00:00,32.059729833333336,40.46271
2024-01-23 22:00:00+00:00,39.69661766666667,36.79335
2024-01-23 23:00:00+00:00,36.81034483333333,37.760357
2024-01-24 00:00:00+00:00,32.318131666666666,39.162556
2024-01-24 01:00:00+00:00,29.98754025,38.1137
2024-01-24 02:00:00+00:00,27.970773333333337,34.307434
2024-01-24 03:00:00+00:00,26.62960325,30.607431
2024-01-24 04:00:00+00:00,25.692758333333334,28.269964
2024-01-24 05:00:00+00:00,24.311901666666667,26.879232
2024-01-24 06:00:00+00:00,22.676284000000003,26.116528
2024-01-24 07:00:00+00:00,22.32452016666667,25.986626
2024-01-24 08:00:00+00:00,22.089600333333333,26.676191
2024-01-24 09:00:00+00:00,22.757208416666668,28.464203
2024-01-24 10:00:00+00:00,24.759038000000004,31.311815
2024-01-24 11:00:00+00:00,32.97619916666667,33.68003
2024-01-24 12:00:00+00:00,34.33996975,34.30709
2024-01-24 13:00:00+00:00,30.989647499999997,33.799305
2024-01-24 14:00:00+00:00,29.79046516666667,33.00138
2024-01-24 15:00:00+00:00,29.850651333333335,32.380512
2024-01-24 16:00:00+00:00,27.524959749999997,32.094063
2024-01-24 17:00:00+00:00,26.386570833333334,32.14746
2024-01-24 18:00:00+00:00,25.830217083333334,32.496395
2024-01-24 19:00:00+00:00,24.71889941666667,33.081192
2024-01-24 20:00:00+00:00,24.468602833333335,33.82901
2024-01-24 21:00:00+00:00,26.107562083333335,34.653496
2024-01-24 22:00:00+00:00,31.359414833333332,31.006542
2024-01-24 23:00:00+00:00,29.351770916666666,32.69347
2024-01-25 00:00:00+00:00,26.37572258333333,34.06422
2024-01-25 01:00:00+00:00,24.644202500000002,32.20132
2024-01-25 02:00:00+00:00,23.196418750000003,27.576488
2024-01-25 03:00:00+00:00,21.7636495,23.605621
2024-01-25 04:00:00+00:00,19.94457158333333,21.1276
2024-01-25 05:00:00+00:00,22.228536666666667,19.596262
2024-01-25 06:00:00+00:00,20.389507249999998,18.7543
2024-01-25 07:00:00+00:00,18.40925825,18.71035
2024-01-25 08:00:00+00:00,18.286277166666668,19.754833
2024-01-25 09:00:00+00:00,19.991738416666667,22.252441
2024-01-25 10:00:00+00:00,22.994951333333333,25.80365
2024-01-25 11:00:00+00:00,28.94725825,28.027996
2024-01-25 12:00:00+00:00,32.37145041666667,28.19271
2024-01-25 13:00:00+00:00,32.4654475,27.324444
2024-01-25 14:00:00+00:00,32.820226166666664,26.27185
2024-01-25 15:00:00+00:00,33.643087916666666,25.47047
2024-01-25 16:00:00+00:00,32.53271975,25.037508
2024-01-25 17:00:00+00:00,31.706071083333335,24.940907
2024-01-25 18:00:00+00:00,31.642572583333333,25.112312
2024-01-25 19:00:00+00:00,30.813150833333335,25.485832
2024-01-25 20:00:00+00:00,29.38821341666667,26.001387
2024-01-25 21:00:00+00:00,29.91346658333333,26.601469
2024-01-25 22:00:00+00:00,33.10766916666667,35.453796
2024-01-25 23:00:00+00:00,31.89614941666667,38.557575
2024-01-26 00:00:00+00:00,28.585843333333333,38.38463
2024-01-26 01:00:00+00:00,27.214765,34.07499
2024-01-26 02:00:00+00:00,24.446818333333336,29.707493
2024-01-26 03:00:00+00:00,22.02561416666667,26.565775
2024-01-26 04:00:00+00:00,17.823996,24.148975
2024-01-26 05:00:00+00:00,20.035180083333334,22.410492
2024-01-26 06:00:00+00:00,17.500019416666667,21.337673
2024-01-26 07:00:00+00:00,15.648253166666665,21.031715
2024-01-26 08:00:00+00:00,15.43418125,21.724129
2024-01-26 09:00:00+00:00,16.43372475,23.682322
2024-01-26 10:00:00+00:00,20.518769833333334,27.512932
2024-01-26 11:00:00+00:00,26.035180333333333,31.997322
2024-01-26 12:00:00+00:00,31.37885833333333,33.83007
2024-01-26 13:00:00+00:00,31.449287833333333,33.732147
2024-01-26 14:00:00+00:00,30.72807308333333,32.62785
2024-01-26 15:00:00+00:00,31.974741833333336,31.01732
2024-01-26 16:00:00+00:00,31.8731525,29.444378
2024-01-26 17:00:00+00:00,30.394535166666667,28.277855
2024-01-26 18:00:00+00:00,29.099723166666667,27.568525
2024-01-26 19:00:00+00:00,27.462942916666666,27.207893
2024-01-26 20:00:00+00:00,27.21618083333334,27.077375
2024-01-26 21:00:00+00:00,30.083539083333335,27.091516
2024-01-26 22:00:00+00:00,33.80919733333334,32.623436
2024-01-26 23:00:00+00:00,32.65264583333333,33.317158
2024-01-27 00:00:00+00:00,29.55285275,31.769438
2024-01-27 01:00:00+00:00,27.851176666666664,29.261106
2024-01-27 02:00:00+00:00,25.6165455,27.014723
2024-01-27 03:00:00+00:00,22.51917,25.01646
2024-01-27 04:00:00+00:00,21.100543166666665,23.336658
2024-01-27 05:00:00+00:00,21.268700250000002,22.098045
2024-01-27 06:00:00+00:00,19.356955333333335,21.280453
2024-01-27 07:00:00+00:00,18.178036583333334,20.88324
2024-01-27 08:00:00+00:00,18.01500441666667,20.993752
2024-01-27 09:00:00+00:00,18.592227833333336,21.73673
2024-01-27 10:00:00+00:00,19.017006416666664,23.178839
2024-01-27 11:00:00+00:00,21.279715333333332,25.222015
2024-01-27 12:00:00+00:00,22.97915175,27.033697
2024-01-27 13:00:00+00:00,26.669827249999997,28.099531
2024-01-27 14:00:00+00:00,27.54417025,28.504248
2024-01-27 15:00:00+00:00,26.71422875,28.459885
2024-01-27 16:00:00+00:00,27.288721749999997,28.084402
2024-01-27 17:00:00+00:00,25.891240416666665,27.511587
2024-01-27 18:00:00+00:00,24.529032083333334,26.975882
2024-01-27 19:00:00+00:00,23.52005766666667,26.641462
2024-01-27 20:00:00+00:00,23.478191166666665,26.515808
2024-01-27 21:00:00+00:00,24.960373500000003,26.534876
2024-01-27 22:00:00+00:00,31.010019416666665,27.44262
2024-01-27 23:00:00+00:00,28.729223416666667,26.831875
2024-01-28 00:00:00+00:00,24.094051750000002,25.57471
2024-01-28 01:00:00+00:00,22.618754666666668,23.879446
2024-01-28 02:00:00+00:00,21.33827691666667,22.319519
2024-01-28 03:00:00+00:00,20.440814333333336,21.012487
2024-01-28 04:00:00+00:00,17.732590916666666,19.972124
2024-01-28 05:00:00+00:00,15.77386591666667,19.228111
2024-01-28 06:00:00+00:00,15.197815749999998,18.690191
2024-01-28 07:00:00+00:00,14.545107083333335,18.294823
2024-01-28 08:00:00+00:00,14.380750916666665,18.076376
2024-01-28 09:00:00+00:00,14.538887583333334,18.088354
2024-01-28 10:00:00+00:00,14.725064083333335,18.456116
2024-01-28 11:00:00+00:00,15.622371083333336,19.466747
2024-01-28 12:00:00+00:00,16.445073,21.308084
2024-01-28 13:00:00+00:00,18.307896000000003,23.443348
2024-01-28 14:00:00+00:00,22.011123416666667,24.946932
2024-01-28 15:00:00+00:00,23.893285916666667,25.55437
2024-01-28 16:00:00+00:00,24.762959249999998,25.426577
2024-01-28 17:00:00+00:00,25.001520916666667,24.940432
2024-01-28 18:00:00+00:00,23.557247,24.502028
2024-01-28 19:00:00+00:00,22.884883416666668,24.290514
2024-01-28 20:00:00+00:00,22.612857166666668,24.287561
2024-01-28 21:00:00+00:00,24.13427075,24.414433
2024-01-28 22:00:00+00:00,32.372332416666666,28.263288
2024-01-28 23:00:00+00:00,31.090046583333333,31.39025
2024-01-29 00:00:00+00:00,28.64698466666667,32.06763
2024-01-29 01:00:00+00:00,27.205518249999997,28.660828
2024-01-29 02:00:00+00:00,25.459169750000004,24.53192
2024-01-29 03:00:00+00:00,23.47427641666667,21.881315
2024-01-29 04:00:00+00:00,22.10679675,20.016731
2024-01-29 05:00:00+00:00,19.171853333333335,18.769062
2024-01-29 06:00:00+00:00,17.92126025,18.161995
2024-01-29 07:00:00+00:00,18.032322,18.308353
2024-01-29 08:00:00+00:00,17.7289245,19.343208
2024-01-29 09:00:00+00:00,19.197704166666668,21.828917
2024-01-29 10:00:00+00:00,22.650055499999997,28.048416
2024-01-29 11:00:00+00:00,30.963232083333335,32.63135
2024-01-29 12:00:00+00:00,37.50447991666667,33.5562
2024-01-29 13:00:00+00:00,32.761929583333334,33.26929
2024-01-29 14:00:00+00:00,30.3407215,32.29485
2024-01-29 15:00:00+00:00,31.068839833333328,30.696585
2024-01-29 16:00:00+00:00,31.432805166666668,28.756042
2024-01-29 17:00:00+00:00,30.054880416666663,27.048779
2024-01-29 18:00:00+00:00,26.99416175,25.921099
2024-01-29 19:00:00+00:00,24.355885,25.32948
2024-01-29 20:00:00+00:00,25.099677916666668,25.100527
2024-01-29 21:00:00+00:00,28.88108275,25.090334
2024-01-29 22:00:00+00:00,39.672547333333334,33.158283
2024-01-29 23:00:00+00:00,35.46558708333333,36.792465
2024-01-30 00:00:00+00:00,31.151497583333335,37.41683
2024-01-30 01:00:00+00:00,28.5114055,35.017494
2024-01-30 02:00:00+00:00,24.185497916666666,30.792309
2024-01-30 03:00:00+00:00,22.506403249999998,27.228764
2024-01-30 04:00:00+00:00,20.999157083333333,24.60909
2024-01-30 05:00:00+00:00,22.051928333333333,22.71235
2024-01-30 06:00:00+00:00,20.456893500000003,21.727287
2024-01-30 07:00:00+00:00,20.250673000000006,21.693983
2024-01-30 08:00:00+00:00,20.848632916666666,22.31927
2024-01-30 09:00:00+00:00,22.615842416666666,23.834063
2024-01-30 10:00:00+00:00,23.86736408333333,26.63855
2024-01-30 11:00:00+00:00,36.15129408333333,28.945553
2024-01-30 12:00:00+00:00,42.66283383333333,29.79672
2024-01-30 13:00:00+00:00,33.57689525,29.725641
2024-01-30 14:00:00+00:00,29.273714333333334,29.131817
2024-01-30 15:00:00+00:00,30.276310666666664,28.168457
2024-01-30 16:00:00+00:00,28.31222108333333,27.029303
2024-01-30 17:00:00+00:00,27.657662333333334,26.036133
2024-01-30 18:00:00+00:00,27.134747416666666,25.400063
2024-01-30 19:00:00+00:00,26.7650135,25.112942
2024-01-30 20:00:00+00:00,26.15184458333333,25.071821
2024-01-30 21:00:00+00:00,28.648622666666668,25.17979
2024-01-30 22:00:00+00:00,36.13744625,35.08692
2024-01-30 23:00:00+00:00,35.67648116666667,37.4158
2024-01-31 00:00:00+00:00,33.01516183333333,35.553284
2024-01-31 01:00:00+00:00,31.42813425,30.773228
2024-01-31 02:00:00+00:00,29.205545916666665,26.73906
2024-01-31 03:00:00+00:00,26.15074258333333,23.813225
2024-01-31 04:00:00+00:00,25.441228833333337,21.581573
2024-01-31 05:00:00+00:00,25.18109779,20.057364
2024-01-31 06:00:00+00:00,24.920966746666668,19.304956
2024-01-31 07:00:00+00:00,24.660835703333337,19.448277
2024-02-01 05:00:00+00:00,18.93795275,20.471897
2024-02-01 06:00:00+00:00,18.925614916666667,22.470474
2024-02-01 07:00:00+00:00,18.722996083333335,26.405968
2024-02-01 08:00:00+00:00,18.503079500000002,30.507109
2024-02-01 09:00:00+00:00,18.992608666666666,32.348244
2024-02-01 10:00:00+00:00,21.449732083333334,32.596237
2024-02-01 11:00:00+00:00,31.015437416666664,32.001366
2024-02-01 12:00:00+00:00,36.911987833333335,30.830032
2024-02-01 13:00:00+00:00,27.97355966666667,29.278053
2024-02-01 14:00:00+00:00,24.084333583333333,27.78058
2024-02-01 15:00:00+00:00,23.310806916666667,26.730087
2024-02-01 16:00:00+00:00,21.583488916666667,26.180805
2024-02-01 17:00:00+00:00,21.661157916666667,25.996246
2024-02-01 18:00:00+00:00,20.138758250000002,26.034184
2024-02-01 19:00:00+00:00,19.850244916666668,20.93639
2024-02-01 20:00:00+00:00,19.67970525,21.443462
2024-02-01 21:00:00+00:00,22.667933333333334,22.965445
2024-02-01 22:00:00+00:00,30.014759583333333,25.285036
2024-02-01 23:00:00+00:00,29.65440816666667,26.381903
2024-02-02 00:00:00+00:00,27.056715999999998,25.174625
2024-02-02 01:00:00+00:00,25.627519749999998,22.840185
2024-02-02 02:00:00+00:00,22.421418583333335,21.06381
2024-02-02 03:00:00+00:00,20.821136583333335,19.942295
2024-02-02 04:00:00+00:00,17.86467891666667,19.226078
2024-02-02 05:00:00+00:00,17.131947833333335,18.771156
2024-02-02 06:00:00+00:00,16.66746925,18.53007
2024-02-02 07:00:00+00:00,15.915747916666671,18.510815
2024-02-02 08:00:00+00:00,15.979458000000001,18.739218
2024-02-02 09:00:00+00:00,16.794792833333336,19.280392
2024-02-02 10:00:00+00:00,18.745382833333334,20.335306
2024-02-02 11:00:00+00:00,26.5720675,22.03186
2024-02-02 12:00:00+00:00,27.96579875,23.393385
2024-02-02 13:00:00+00:00,26.634871,23.613073
2024-02-02 14:00:00+00:00,23.835970833333334,23.10419
2024-02-02 15:00:00+00:00,23.999661333333336,22.38126
2024-02-02 16:00:00+00:00,23.644290833333333,21.727482
2024-02-02 17:00:00+00:00,24.09985208333333,21.238588
2024-02-02 18:00:00+00:00,21.919860416666666,20.916744
2024-02-02 19:00:00+00:00,21.201116916666667,21.808115
2024-02-02 20:00:00+00:00,20.721557999999998,21.749653
2024-02-02 21:00:00+00:00,22.676753250000004,22.342873
2024-02-02 22:00:00+00:00,28.50225491666667,24.018805
2024-02-02 23:00:00+00:00,28.29993758333333,25.527973
2024-02-03 00:00:00+00:00,26.372798333333332,24.831966
2024-02-03 01:00:00+00:00,24.008123583333333,22.885675
2024-02-03 02:00:00+00:00,22.743675916666664,21.190174
2024-02-03 03:00:00+00:00,22.270606333333333,19.842098
2024-02-03 04:00:00+00:00,20.17309675,18.806244
2024-02-03 05:00:00+00:00,21.115261833333328,18.008623
2024-02-03 06:00:00+00:00,20.809145833333332,17.380785
2024-02-03 07:00:00+00:00,19.5568335,16.939259
2024-02-03 08:00:00+00:00,19.702627083333333,16.743671
2024-02-03 09:00:00+00:00,20.897190833333333,16.859331
2024-02-03 10:00:00+00:00,22.274648916666667,17.3945
2024-02-03 11:00:00+00:00,24.819564,18.57051
2024-02-03 12:00:00+00:00,26.651310249999998,20.334866
2024-02-03 13:00:00+00:00,23.832564083333335,21.484531
2024-02-03 14:00:00+00:00,19.44396991666667,21.75088
2024-02-03 15:00:00+00:00,19.324068250000003,21.574455
2024-02-03 16:00:00+00:00,18.654878749999998,21.23379
2024-02-03 17:00:00+00:00,18.12789725,20.93383
2024-02-03 18:00:00+00:00,16.865651416666665,20.776157
2024-02-03 19:00:00+00:00,15.730860833333331,18.24865
2024-02-03 20:00:00+00:00,16.389024916666667,18.861504
2024-02-03 21:00:00+00:00,18.13442458333333,20.065407
2024-02-03 22:00:00+00:00,24.409557250000002,21.586306
2024-02-03 23:00:00+00:00,25.657723083333334,22.233511
2024-02-04 00:00:00+00:00,23.01137425,21.31156
2024-02-04 01:00:00+00:00,22.137603666666667,19.633854
2024-02-04 02:00:00+00:00,21.022139499999998,18.293392
2024-02-04 03:00:00+00:00,20.567675083333334,17.398602
2024-02-04 04:00:00+00:00,20.21371525,16.819405
2024-02-04 05:00:00+00:00,21.561030916666667,16.45515
2024-02-04 06:00:00+00:00,20.911922416666666,16.251534
2024-02-04 07:00:00+00:00,20.499034333333338,16.19833
2024-02-04 08:00:00+00:00,21.53923466666667,16.300602
2024-02-04 09:00:00+00:00,22.046165666666667,16.570866
2024-02-04 10:00:00+00:00,23.118476083333334,17.048512
2024-02-04 11:00:00+00:00,25.12537491666667,17.766853
2024-02-04 12:00:00+00:00,26.34809633333333,18.523733
2024-02-04 13:00:00+00:00,21.229813500000002,18.913368
2024-02-04 14:00:00+00:00,18.33910975,18.874727
2024-02-04 15:00:00+00:00,17.838415583333337,18.613295
2024-02-04 16:00:00+00:00,17.167862750000005,18.301956
2024-02-04 17:00:00+00:00,17.18754375,18.025066
2024-02-04 18:00:00+00:00,15.919985166666669,17.809742
2024-02-04 19:00:00+00:00,15.065903083333334,16.43574
2024-02-04 20:00:00+00:00,15.274268,16.927431
2024-02-04 21:00:00+00:00,17.321585916666667,18.309212
2024-02-04 22:00:00+00:00,25.28577891666667,20.694817
2024-02-04 23:00:00+00:00,26.091731749999997,22.431543
2024-02-05 00:00:00+00:00,25.832190749999995,22.449049
2024-02-05 01:00:00+00:00,23.739089833333335,20.996864
2024-02-05 02:00:00+00:00,21.993905166666664,19.129463
2024-02-05 03:00:00+00:00,21.600354499999998,17.83533
2024-02-05 04:00:00+00:00,21.381014500000003,17.11222
2024-02-05 05:00:00+00:00,21.439459333333335,16.753605
2024-02-05 06:00:00+00:00,21.580630166666666,16.641655
2024-02-05 07:00:00+00:00,21.624835333333337,16.74219
2024-02-05 08:00:00+00:00,22.2536565,17.07058
2024-02-05 09:00:00+00:00,23.369306249999998,17.668392
2024-02-05 10:00:00+00:00,27.58922525,18.53716
2024-02-05 11:00:00+00:00,40.41052575,19.496485
2024-02-05 12:00:00+00:00,48.908400666666665,20.211636
2024-02-05 13:00:00+00:00,31.923526666666664,20.508162
2024-02-05 14:00:00+00:00,26.125304333333332,20.456524
2024-02-05 15:00:00+00:00,26.05003516666666,20.206333
2024-02-05 16:00:00+00:00,24.486959833333334,19.883097
2024-02-05 17:00:00+00:00,24.80689716666667,19.565262
2024-02-05 18:00:00+00:00,22.550860500000002,19.290928
2024-02-05 19:00:00+00:00,21.132025000000002,22.038975
2024-02-05 20:00:00+00:00,22.054627416666666,22.3544
2024-02-05 21:00:00+00:00,23.587127499999998,23.690304
2024-02-05 22:00:00+00:00,34.185622083333335,27.484852
2024-02-05 23:00:00+00:00,35.10601858333333,31.02539
2024-02-06 00:00:00+00:00,33.94895558333334,30.953997
2024-02-06 01:00:00+00:00,31.56979558333333,28.168001
2024-02-06 02:00:00+00:00,30.43659441666667,25.181372
2024-02-06 03:00:00+00:00,27.166477166666667,23.025698
2024-02-06 04:00:00+00:00,23.99016908333333,21.301476
2024-02-06 05:00:00+00:00,25.629685833333333,19.859245
2024-02-06 06:00:00+00:00,25.085349833333332,18.947874
2024-02-06 07:00:00+00:00,25.471019583333337,18.776875
2024-02-06 08:00:00+00:00,25.489853083333333,19.310465
2024-02-06 09:00:00+00:00,27.12806875,20.285194
2024-02-06 10:00:00+00:00,29.97046083333333,21.723614
2024-02-06 11:00:00+00:00,45.3190075,24.196543
2024-02-06 12:00:00+00:00,52.335911666666675,26.069382
2024-02-06 13:00:00+00:00,32.33418508333333,26.355087
2024-02-06 14:00:00+00:00,27.234922,25.847305
2024-02-06 15:00:00+00:00,26.630405,24.85941
2024-02-06 16:00:00+00:00,25.13762733333333,23.628155
2024-02-06 17:00:00+00:00,24.17390525,22.489408
2024-02-06 18:00:00+00:00,23.07314691666667,21.660301
2024-02-06 19:00:00+00:00,21.7821205,22.061367
2024-02-06 20:00:00+00:00,21.735386083333335,22.687119
2024-02-06 21:00:00+00:00,24.364046583333334,24.664701
2024-02-06 22:00:00+00:00,34.876272,29.272348
2024-02-06 23:00:00+00:00,39.09745625,32.899937
2024-02-07 00:00:00+00:00,34.16698658333333,32.541443
2024-02-07 01:00:00+00:00,32.41313725,29.11734
2024-02-07 02:00:00+00:00,31.585292499999998,25.523235
2024-02-07 03:00:00+00:00,28.375162166666662,23.029043
2024-02-07 04:00:00+00:00,25.876219250000002,20.998108
2024-02-07 05:00:00+00:00,24.47019291666666,19.35493
2024-02-07 06:00:00+00:00,23.561923333333336,18.32822
2024-02-07 07:00:00+00:00,23.40124916666666,18.109325
2024-02-07 08:00:00+00:00,23.634657583333333,18.769205
2024-02-07 09:00:00+00:00,24.857216083333334,20.080317
2024-02-07 10:00:00+00:00,29.425313833333337,21.952116
2024-02-07 11:00:00+00:00,44.03039208333333,24.91995
2024-02-07 12:00:00+00:00,49.80899058333334,27.228922
2024-02-07 13:00:00+00:00,31.195204166666667,27.646547
2024-02-07 14:00:00+00:00,23.9388175,27.06794
2024-02-07 15:00:00+00:00,22.025833916666663,25.904305
2024-02-07 16:00:00+00:00,21.158552499999995,24.480753
2024-02-07 17:00:00+00:00,20.025439833333333,23.17714
2024-02-07 18:00:00+00:00,18.697199750000003,22.211464
2024-02-07 19:00:00+00:00,17.872077333333333,19.075302
2024-02-07 20:00:00+00:00,17.907765833333336,19.91637
2024-02-07 21:00:00+00:00,19.976552666666667,22.02316
2024-02-07 22:00:00+00:00,27.570403499999998,25.53637
2024-02-07 23:00:00+00:00,28.486466249999996,27.716057
2024-02-08 00:00:00+00:00,24.46523175,27.014193
2024-02-08 01:00:00+00:00,21.974241000000003,24.182228
2024-02-08 02:00:00+00:00,21.335322000000005,21.347027
2024-02-08 03:00:00+00:00,19.477689,19.49538
2024-02-08 04:00:00+00:00,18.022521500000003,18.353565
2024-02-08 05:00:00+00:00,16.85800091666667,17.681614
2024-02-08 06:00:00+00:00,16.721665750000003,17.376297
2024-02-08 07:00:00+00:00,16.368517333333337,17.418358
2024-02-08 08:00:00+00:00,16.272927000000003,17.82051
2024-02-08 09:00:00+00:00,17.95753016666667,18.64458
2024-02-08 10:00:00+00:00,22.324894916666665,20.02262
2024-02-08 11:00:00+00:00,38.90442791666667,21.74517
2024-02-08 12:00:00+00:00,36.125837499999996,22.882357
2024-02-08 13:00:00+00:00,21.133609166666666,23.036386
2024-02-08 14:00:00+00:00,19.016108166666665,22.563297
2024-02-08 15:00:00+00:00,17.330290166666668,21.846813
2024-02-08 16:00:00+00:00,15.679447583333337,21.123398
2024-02-08 17:00:00+00:00,15.653211166666667,20.503782
2024-02-08 18:00:00+00:00,15.077534166666666,20.018787
2024-02-08 19:00:00+00:00,14.718508083333335,16.348698
2024-02-08 20:00:00+00:00,14.512340416666667,16.966324
2024-02-08 21:00:00+00:00,14.405873249999999,18.78679
2024-02-08 22:00:00+00:00,19.082162833333335,21.367214
2024-02-08 23:00:00+00:00,21.145095166666664,22.559484
2024-02-09 00:00:00+00:00,19.961348166666667,21.347347
2024-02-09 01:00:00+00:00,18.670954,18.90349
2024-02-09 02:00:00+00:00,16.538618750000005,16.904598
2024-02-09 03:00:00+00:00,14.800166833333334,15.625242
2024-02-09 04:00:00+00:00,14.4838605,14.856138
2024-02-09 05:00:00+00:00,13.462613249999999,14.435658
2024-02-09 06:00:00+00:00,12.869163416666666,14.299898
2024-02-09 07:00:00+00:00,12.670283500000002,14.441278
2024-02-09 08:00:00+00:00,12.825433250000001,14.877111
2024-02-09 09:00:00+00:00,13.968164333333334,15.656711
2024-02-09 10:00:00+00:00,15.620522166666667,16.791512
2024-02-09 11:00:00+00:00,23.155291333333334,17.963707
2024-02-09 12:00:00+00:00,27.554722333333334,18.61707
2024-02-09 13:00:00+00:00,21.917276833333332,18.639042
2024-02-09 14:00:00+00:00,19.103221,18.291613
2024-02-09 15:00:00+00:00,18.517411083333336,17.826042
2024-02-09 16:00:00+00:00,17.437239166666668,17.382303
2024-02-09 17:00:00+00:00,16.994120166666665,17.01582
2024-02-09 18:00:00+00:00,15.702066000000002,16.738338
2024-02-09 19:00:00+00:00,15.63005625,15.587173
2024-02-09 20:00:00+00:00,16.31071591666667,15.368033
2024-02-09 21:00:00+00:00,19.855729166666666,15.942709
2024-02-09 22:00:00+00:00,22.07412641666667,17.821266
2024-02-09 23:00:00+00:00,23.940828749999998,19.883518
2024-02-10 00:00:00+00:00,21.552350416666666,19.925083
2024-02-10 01:00:00+00:00,18.71879566666667,17.885132
2024-02-10 02:00:00+00:00,18.07325991666667,15.691047
2024-02-10 03:00:00+00:00,16.517928833333336,14.055859
2024-02-10 04:00:00+00:00,13.646881166666667,12.893402
2024-02-10 05:00:00+00:00,14.426553416666664,12.0452175
2024-02-10 06:00:00+00:00,13.795938833333333,11.422395
2024-02-10 07:00:00+00:00,11.977875083333332,11.045533
2024-02-10 08:00:00+00:00,11.456161583333333,10.99678
2024-02-10 09:00:00+00:00,11.956195333333334,11.378754
2024-02-10 10:00:00+00:00,13.345510333333335,12.323548
2024-02-10 11:00:00+00:00,14.347117833333334,13.97839
2024-02-10 12:00:00+00:00,15.703585416666668,15.634865
2024-02-10 13:00:00+00:00,17.619120750000004,16.228195
2024-02-10 14:00:00+00:00,21.172546333333333,16.054007
2024-02-10 15:00:00+00:00,22.502790166666667,15.594511
2024-02-10 16:00:00+00:00,22.142399666666666,15.147607
2024-02-10 17:00:00+00:00,19.399370833333336,14.852432
2024-02-10 18:00:00+00:00,17.58048691666667,14.731388
2024-02-10 19:00:00+00:00,15.829479000000003,17.49277
2024-02-10 20:00:00+00:00,16.21921925,17.745953
2024-02-10 21:00:00+00:00,18.94715225,18.764902
2024-02-10 22:00:00+00:00,22.055968916666668,20.928072
2024-02-10 23:00:00+00:00,24.9609895,21.943033
2024-02-11 00:00:00+00:00,22.7857105,20.527313
2024-02-11 01:00:00+00:00,21.939776,18.692226
2024-02-11 02:00:00+00:00,20.902961916666666,17.21972
2024-02-11 03:00:00+00:00,18.584053833333332,15.842092
2024-02-11 04:00:00+00:00,15.083593333333333,14.546041
2024-02-11 05:00:00+00:00,15.680384583333336,13.485619
2024-02-11 06:00:00+00:00,15.210355833333333,12.699715
2024-02-11 07:00:00+00:00,14.088938249999998,12.190359
2024-02-11 08:00:00+00:00,13.306117083333334,11.983686
2024-02-11 09:00:00+00:00,13.685266749999998,12.120556
2024-02-11 10:00:00+00:00,15.275867,12.680139
2024-02-11 11:00:00+00:00,15.696516833333336,13.759857
2024-02-11 12:00:00+00:00,17.721647583333333,15.475224
2024-02-11 13:00:00+00:00,20.01584241666667,16.941303
2024-02-11 14:00:00+00:00,21.808376,17.426027
2024-02-11 15:00:00+00:00,22.148676499999997,17.37523
2024-02-11 16:00:00+00:00,21.914315916666666,17.063335
2024-02-11 17:00:00+00:00,21.310105500000006,16.63363
2024-02-11 18:00:00+00:00,20.244766833333333,16.233501
2024-02-11 19:00:00+00:00,20.032512,20.040571
2024-02-11 20:00:00+00:00,18.841481583333337,20.995836
2024-02-11 21:00:00+00:00,20.855686083333335,23.555307
2024-02-11 22:00:00+00:00,26.173793166666666,26.585981
2024-02-11 23:00:00+00:00,28.300823249999997,27.007381
2024-02-12 00:00:00+00:00,27.018279916666664,25.668432
2024-02-12 01:00:00+00:00,26.06537833333333,23.508816
2024-02-12 02:00:00+00:00,25.180269166666665,21.07082
2024-02-12 03:00:00+00:00,22.507545583333332,18.85115
2024-02-12 04:00:00+00:00,19.035369416666665,17.051817
2024-02-12 05:00:00+00:00,19.22336941666667,15.741672
2024-02-12 06:00:00+00:00,20.88106541666667,15.001247
2024-02-12 07:00:00+00:00,19.120533916666666,14.921133
2024-02-12 08:00:00+00:00,19.354667000000003,15.467108
2024-02-12 09:00:00+00:00,21.558331499999998,16.54685
2024-02-12 10:00:00+00:00,24.384522583333332,18.9025
2024-02-12 11:00:00+00:00,30.859075750000002,22.204344
2024-02-12 12:00:00+00:00,33.61560683333334,23.797695
2024-02-12 13:00:00+00:00,33.976460083333336,24.150967
2024-02-12 14:00:00+00:00,32.72593216666667,23.950115
2024-02-12 15:00:00+00:00,31.661751833333337,23.396156
2024-02-12 16:00:00+00:00,31.323811583333335,22.5211
2024-02-12 17:00:00+00:00,30.006298166666667,21.467804
2024-02-12 18:00:00+00:00,27.81286916666667,20.553074
2024-02-12 19:00:00+00:00,26.755669583333333,25.0253
2024-02-12 20:00:00+00:00,27.009176333333333,25.344477
2024-02-12 21:00:00+00:00,27.958908416666663,26.887596
2024-02-12 22:00:00+00:00,33.02649225,30.366959
2024-02-12 23:00:00+00:00,32.569807,32.304127
2024-02-13 00:00:00+00:00,29.610583166666668,31.198425
2024-02-13 01:00:00+00:00,26.728761000000002,28.577164
2024-02-13 02:00:00+00:00,24.825344833333332,25.505764
2024-02-13 03:00:00+00:00,22.277758000000002,22.573645
2024-02-13 04:00:00+00:00,19.20068191666667,20.08613
2024-02-13 05:00:00+00:00,20.198121083333334,18.378975
2024-02-13 06:00:00+00:00,19.289153750000004,17.749298
2024-02-13 07:00:00+00:00,18.217445,18.149136
2024-02-13 08:00:00+00:00,18.778731416666666,19.372986
2024-02-13 09:00:00+00:00,20.62417591666667,21.707
2024-02-13 10:00:00+00:00,25.27107108333334,24.580378
2024-02-13 11:00:00+00:00,30.084572999999995,26.521694
2024-02-13 12:00:00+00:00,35.50802533333333,27.218117
2024-02-13 13:00:00+00:00,34.957315333333334,27.07947
2024-02-13 14:00:00+00:00,33.03667733333334,26.407124
2024-02-13 15:00:00+00:00,32.36882925,25.368076
2024-02-13 16:00:00+00:00,29.152471083333335,24.24157
2024-02-13 17:00:00+00:00,24.46052533333333,23.357744
2024-02-13 18:00:00+00:00,22.974152916666668,22.855444
2024-02-13 19:00:00+00:00,20.500992666666665,22.197025
2024-02-13 20:00:00+00:00,20.120377583333333,21.894287
2024-02-13 21:00:00+00:00,22.942116666666667,22.291616
2024-02-13 22:00:00+00:00,34.14044083333334,24.48177
2024-02-13 23:00:00+00:00,36.7470995,27.06679
2024-02-14 00:00:00+00:00,33.854090416666665,27.110119
2024-02-14 01:00:00+00:00,31.207909666666666,24.343538
2024-02-14 02:00:00+00:00,30.88627408333333,21.531063
2024-02-14 03:00:00+00:00,27.73760625,19.56651
2024-02-14 04:00:00+00:00,24.429640583333338,18.168665
2024-02-14 05:00:00+00:00,21.566036833333328,17.284967
2024-02-14 06:00:00+00:00,21.10498725,16.930107
2024-02-14 07:00:00+00:00,20.872783583333334,17.231634
2024-02-14 08:00:00+00:00,21.209522916666668,18.336952
2024-02-14 09:00:00+00:00,22.126043916666664,20.622345
2024-02-14 10:00:00+00:00,27.08191533333333,25.398394
2024-02-14 11:00:00+00:00,37.40271858333333,29.368603
2024-02-14 12:00:00+00:00,42.18069358333333,30.294907
2024-02-14 13:00:00+00:00,29.816762833333332,29.885654
2024-02-14 14:00:00+00:00,23.83025941666667,28.696087
2024-02-14 15:00:00+00:00,22.723157916666665,26.959396
2024-02-14 16:00:00+00:00,21.601056333333332,25.148354
2024-02-14 17:00:00+00:00,21.04234908333333,23.744015
2024-02-14 18:00:00+00:00,19.827053083333332,22.86376
2024-02-14 19:00:00+00:00,18.60714175,19.70869
2024-02-14 20:00:00+00:00,18.42555625,19.774988
2024-02-14 21:00:00+00:00,20.198985750000002,20.46778
2024-02-14 22:00:00+00:00,30.810350333333332,22.46156
2024-02-14 23:00:00+00:00,34.645577833333334,24.836092
2024-02-15 00:00:00+00:00,31.970168833333332,25.583933
2024-02-15 01:00:00+00:00,27.805135666666665,24.289894
2024-02-15 02:00:00+00:00,23.802987166666668,22.090282
2024-02-15 03:00:00+00:00,23.28905116666667,20.470074
2024-02-15 04:00:00+00:00,20.84637125,19.494556
2024-02-15 05:00:00+00:00,17.298197333333338,18.905537
2024-02-15 06:00:00+00:00,16.33668666666667,18.573807
2024-02-15 07:00:00+00:00,15.815837166666666,18.472797
2024-02-15 08:00:00+00:00,17.9858215,18.620275
2024-02-15 09:00:00+00:00,18.036077416666668,19.061598
2024-02-15 10:00:00+00:00,20.479774,19.923162
2024-02-15 11:00:00+00:00,33.07011225,21.315228
2024-02-15 12:00:00+00:00,32.75309308333333,22.634563
2024-02-15 13:00:00+00:00,22.094841416666668,23.077793
2024-02-15 14:00:00+00:00,18.221310083333332,22.793924
2024-02-15 15:00:00+00:00,16.597146333333335,22.203148
2024-02-15 16:00:00+00:00,17.01033691666667,21.585526
2024-02-15 17:00:00+00:00,17.039929916666672,21.0695
2024-02-15 18:00:00+00:00,16.894310583333333,20.687351
2024-02-15 19:00:00+00:00,14.972193249999997,18.508802
2024-02-15 20:00:00+00:00,14.40081825,19.075603
2024-02-15 21:00:00+00:00,16.540445166666668,20.577564
2024-02-15 22:00:00+00:00,23.185162583333334,22.530523
2024-02-15 23:00:00+00:00,25.710410999999997,23.3474
2024-02-16 00:00:00+00:00,23.587877916666667,22.242239
2024-02-16 01:00:00+00:00,22.464159249999994,20.156418
2024-02-16 02:00:00+00:00,20.846754083333334,18.45372
2024-02-16 03:00:00+00:00,18.69484041666667,17.330322
2024-02-16 04:00:00+00:00,17.770599833333332,16.622993
2024-02-16 05:00:00+00:00,19.611915083333333,16.198595
2024-02-16 06:00:00+00:00,19.286008166666665,15.996105
2024-02-16 07:00:00+00:00,18.32574916666667,16.006762
2024-02-16 08:00:00+00:00,20.173895166666668,16.23618
2024-02-16 09:00:00+00:00,21.46944516666667,16.706638
2024-02-16 10:00:00+00:00,25.285405333333333,17.46868
2024-02-16 11:00:00+00:00,33.16332633333334,18.439445
2024-02-16 12:00:00+00:00,34.506827666666666,19.16568
2024-02-16 13:00:00+00:00,25.91029041666667,19.338633
2024-02-16 14:00:00+00:00,24.202985000000005,19.116188
2024-02-16 15:00:00+00:00,24.5597615,18.740162
2024-02-16 16:00:00+00:00,23.588739,18.359602
2024-02-16 17:00:00+00:00,22.2773105,18.038849
2024-02-16 18:00:00+00:00,21.07290333333333,17.794746
2024-02-16 19:00:00+00:00,20.138463250000004,21.173946
2024-02-16 20:00:00+00:00,20.21729816666667,21.871466
2024-02-16 21:00:00+00:00,25.871409916666668,23.774405
2024-02-16 22:00:00+00:00,27.259334,26.483007
2024-02-16 23:00:00+00:00,29.50029616666667,27.27709
2024-02-17 00:00:00+00:00,26.790925416666667,25.550676
2024-02-17 01:00:00+00:00,24.14276591666666,23.157192
2024-02-17 02:00:00+00:00,22.535182000000002,21.366446
2024-02-17 03:00:00+00:00,20.137221083333337,19.861729
2024-02-17 04:00:00+00:00,19.269919916666666,18.502253
2024-02-17 05:00:00+00:00,17.49496116666667,17.40737
2024-02-17 06:00:00+00:00,16.287215166666666,16.653458
2024-02-17 07:00:00+00:00,15.977208666666668,16.336004
2024-02-17 08:00:00+00:00,15.989714416666667,16.566814
2024-02-17 09:00:00+00:00,16.168649750000004,17.343882
2024-02-17 10:00:00+00:00,17.131187,18.524303
2024-02-17 11:00:00+00:00,19.631820083333338,20.14144
2024-02-17 12:00:00+00:00,24.580532416666664,21.498041
2024-02-17 13:00:00+00:00,26.627551083333334,21.875456
2024-02-17 14:00:00+00:00,24.085565583333334,21.679193
2024-02-17 15:00:00+00:00,22.718205333333334,21.17726
2024-02-17 16:00:00+00:00,19.8347655,20.55319
2024-02-17 17:00:00+00:00,17.035508333333333,19.979332
2024-02-17 18:00:00+00:00,16.317957083333333,19.5499
2024-02-17 19:00:00+00:00,15.083855166666666,16.592262
2024-02-17 20:00:00+00:00,14.620883749999999,16.907045
2024-02-17 21:00:00+00:00,15.808450333333335,17.777466
2024-02-17 22:00:00+00:00,23.852910416666663,19.476456
2024-02-17 23:00:00+00:00,30.51043,20.990122
2024-02-18 00:00:00+00:00,24.947000666666668,20.829453
2024-02-18 01:00:00+00:00,21.411667333333327,19.260757
2024-02-18 02:00:00+00:00,20.357582083333334,17.69612
2024-02-18 03:00:00+00:00,19.981717,16.551662
2024-02-18 04:00:00+00:00,17.308227833333333,15.755243
2024-02-18 05:00:00+00:00,20.96311933333334,15.219126
2024-02-18 06:00:00+00:00,20.292988750000003,14.874947
2024-02-18 07:00:00+00:00,19.828938666666666,14.708664
2024-02-18 08:00:00+00:00,19.742884416666666,14.734877
2024-02-18 09:00:00+00:00,18.308501083333333,14.96839
2024-02-18 10:00:00+00:00,20.049541833333333,15.441266
2024-02-18 11:00:00+00:00,22.281378166666666,16.23968
2024-02-18 12:00:00+00:00,24.066962,17.22805
2024-02-18 13:00:00+00:00,23.184757083333334,17.782429
2024-02-18 14:00:00+00:00,18.996098666666665,17.758125
2024-02-18 15:00:00+00:00,18.167273166666668,17.442078
2024-02-18 16:00:00+00:00,16.99613841666667,17.061745
2024-02-18 17:00:00+00:00,16.008706166666666,16.734032
2024-02-18 18:00:00+00:00,13.41899191666667,16.49888
2024-02-18 19:00:00+00:00,12.794249916666667,13.337381
2024-02-18 20:00:00+00:00,13.002017416666668,13.702179
2024-02-18 21:00:00+00:00,17.229081750000002,14.937456
2024-02-18 22:00:00+00:00,23.229327833333333,17.610352
2024-02-18 23:00:00+00:00,30.734066583333334,20.502707
2024-02-19 00:00:00+00:00,29.4377545,21.6856
2024-02-19 01:00:00+00:00,28.934283583333336,20.934935
2024-02-19 02:00:00+00:00,26.088231499999996,18.960592
2024-02-19 03:00:00+00:00,24.193266249999997,17.110939
2024-02-19 04:00:00+00:00,22.150649250000004,15.942346
2024-02-19 05:00:00+00:00,24.166797333333335,15.341816
2024-02-19 06:00:00+00:00,23.29617991666667,15.144423
2024-02-19 07:00:00+00:00,21.534755,15.271931
2024-02-19 08:00:00+00:00,24.313621416666663,15.714046
2024-02-19 09:00:00+00:00,25.125557,16.48296
2024-02-19 10:00:00+00:00,26.96678475,17.539179
2024-02-19 11:00:00+00:00,38.64045183333334,18.684164
2024-02-19 12:00:00+00:00,42.65114266666667,19.60464
2024-02-19 13:00:00+00:00,27.782884833333334,20.106226
2024-02-19 14:00:00+00:00,24.337201833333335,20.213993
2024-02-19 15:00:00+00:00,23.970359583333334,20.062489
2024-02-19 16:00:00+00:00,23.2441955,19.787266
2024-02-19 17:00:00+00:00,22.418141666666667,19.485245
2024-02-19 18:00:00+00:00,20.394075833333332,19.211575
2024-02-19 19:00:00+00:00,18.289929,19.587006
2024-02-19 20:00:00+00:00,17.504315083333335,19.813274
2024-02-19 21:00:00+00:00,22.273048166666673,20.993038
2024-02-19 22:00:00+00:00,31.34137558333333,24.728754
2024-02-19 23:00:00+00:00,33.05211725,28.724072
2024-02-20 00:00:00+00:00,30.851863083333328,29.455795
2024-02-20 01:00:00+00:00,28.61208508333333,27.349628
2024-02-20 02:00:00+00:00,27.47021225,23.853848
2024-02-20 03:00:00+00:00,24.534940833333334,21.178617
2024-02-20 04:00:00+00:00,21.807827500000002,19.282965
2024-02-20 05:00:00+00:00,23.23403491666667,18.033195
2024-02-20 06:00:00+00:00,22.884376916666668,17.550627
2024-02-20 07:00:00+00:00,22.197443250000003,17.898056
2024-02-20 08:00:00+00:00,23.624570499999997,18.973791
2024-02-20 09:00:00+00:00,25.674442833333334,20.781961
2024-02-20 10:00:00+00:00,28.631751166666664,23.954744
2024-02-20 11:00:00+00:00,47.4611205,26.780632
2024-02-20 12:00:00+00:00,49.62972291666667,27.498232
2024-02-20 13:00:00+00:00,29.137994083333336,27.116077
2024-02-20 14:00:00+00:00,23.304893166666673,26.070223
2024-02-20 15:00:00+00:00,22.478173416666667,24.558867
2024-02-20 16:00:00+00:00,21.40644508333333,22.960712
2024-02-20 17:00:00+00:00,18.8668175,21.65411
2024-02-20 18:00:00+00:00,18.066905083333335,20.768293
2024-02-20 19:00:00+00:00,17.308457916666665,17.174084
2024-02-20 20:00:00+00:00,16.830920833333334,17.485874
2024-02-20 21:00:00+00:00,18.032914583333334,18.681122
2024-02-20 22:00:00+00:00,26.80641025,21.85445
2024-02-20 23:00:00+00:00,30.402657,25.402784
2024-02-21 00:00:00+00:00,26.712517666666667,26.273167
2024-02-21 01:00:00+00:00,23.934937,24.30424
2024-02-21 02:00:00+00:00,21.38993091666667,21.014206
2024-02-21 03:00:00+00:00,19.68229583333333,18.560135
2024-02-21 04:00:00+00:00,17.499700750000002,16.997047
2024-02-21 05:00:00+00:00,18.295334583333332,16.004265
2024-02-21 06:00:00+00:00,18.609795333333334,15.45119
2024-02-21 07:00:00+00:00,17.95215491666667,15.335437
2024-02-21 08:00:00+00:00,19.283102333333336,15.707112
2024-02-21 09:00:00+00:00,22.540187583333335,16.642612
2024-02-21 10:00:00+00:00,22.508334,18.425198
2024-02-21 11:00:00+00:00,38.320675,21.115192
2024-02-21 12:00:00+00:00,40.27508616666667,22.963924
2024-02-21 13:00:00+00:00,25.33214591666667,23.194176
2024-02-21 14:00:00+00:00,20.058908916666667,22.47258
2024-02-21 15:00:00+00:00,19.09576891666667,21.361225
2024-02-21 16:00:00+00:00,18.719346833333336,20.242887
2024-02-21 17:00:00+00:00,17.386858666666665,19.325531
2024-02-21 18:00:00+00:00,16.706802,18.66577
2024-02-21 19:00:00+00:00,15.240159666666665,17.029528
2024-02-21 20:00:00+00:00,15.253139749999999,17.694952
2024-02-21 21:00:00+00:00,16.976517916666673,19.61088
2024-02-21 22:00:00+00:00,24.6564855,22.75993
2024-02-21 23:00:00+00:00,27.069579666666666,24.590315
2024-02-22 00:00:00+00:00,26.592577583333334,23.78313
2024-02-22 01:00:00+00:00,24.472938499999998,21.132082
2024-02-22 02:00:00+00:00,23.617853166666666,18.638626
2024-02-22 03:00:00+00:00,19.89712666666667,16.99318
2024-02-22 04:00:00+00:00,18.340013500000005,15.95164
2024-02-22 05:00:00+00:00,19.36318541666667,15.322022
2024-02-22 06:00:00+00:00,19.172619500000003,15.026907
2024-02-22 07:00:00+00:00,18.160483,15.06141
2024-02-22 08:00:00+00:00,18.799376,15.4425535
2024-02-22 09:00:00+00:00,19.86032966666667,16.226612
2024-02-22 10:00:00+00:00,22.072392249999996,17.538223
2024-02-22 11:00:00+00:00,31.525098916666668,19.13675
2024-02-22 12:00:00+00:00,35.921014750000005,20.09459
2024-02-22 13:00:00+00:00,27.089713166666662,20.137873
2024-02-22 14:00:00+00:00,24.210905999999998,19.651876
2024-02-22 15:00:00+00:00,24.68992716666667,18.985798
2024-02-22 16:00:00+00:00,23.474217749999998,18.34441
2024-02-22 17:00:00+00:00,22.125385333333337,17.817533
2024-02-22 18:00:00+00:00,21.237684916666666,17.425194
2024-02-22 19:00:00+00:00,20.0972335,21.268265
2024-02-22 20:00:00+00:00,21.302455666666663,22.49563
2024-02-22 21:00:00+00:00,22.9368765,25.435368
2024-02-22 22:00:00+00:00,30.3746685,29.308968
2024-02-22 23:00:00+00:00,30.45371225,30.30765
2024-02-23 00:00:00+00:00,27.53274516666667,28.00415
2024-02-23 01:00:00+00:00,25.03992,24.746258
2024-02-23 02:00:00+00:00,20.610816583333335,22.387142
2024-02-23 03:00:00+00:00,17.920198916666667,20.52338
2024-02-23 04:00:00+00:00,15.118951666666668,18.824282
2024-02-23 05:00:00+00:00,14.49724825,17.433636
2024-02-23 06:00:00+00:00,13.76002425,16.504475
2024-02-23 07:00:00+00:00,13.16919575,16.1835
2024-02-23 08:00:00+00:00,13.4470905,16.600761
2024-02-23 09:00:00+00:00,14.957597166666666,17.677444
2024-02-23 10:00:00+00:00,16.500463333333332,19.236057
2024-02-23 11:00:00+00:00,24.49114283333333,21.545536
2024-02-23 12:00:00+00:00,28.20931966666667,23.532402
2024-02-23 13:00:00+00:00,27.06140591666667,24.007835
2024-02-23 14:00:00+00:00,26.840481666666665,23.617893
2024-02-23 15:00:00+00:00,26.468115416666667,22.761776
2024-02-23 16:00:00+00:00,24.670911750000002,21.725924
2024-02-23 17:00:00+00:00,20.998949333333336,20.78519
2024-02-23 18:00:00+00:00,18.940747416666667,20.083685
2024-02-23 19:00:00+00:00,18.34930866666667,18.372879
2024-02-23 20:00:00+00:00,17.849283083333336,18.442284
2024-02-23 21:00:00+00:00,17.17224308333333,19.203217
2024-02-23 22:00:00+00:00,20.47241041666667,21.326916
2024-02-23 23:00:00+00:00,23.67839075,23.36493
2024-02-24 00:00:00+00:00,22.985725666666667,23.162214
2024-02-24 01:00:00+00:00,21.429726333333335,21.172935
2024-02-24 02:00:00+00:00,20.12553191666667,19.249897
2024-02-24 03:00:00+00:00,18.533245083333334,17.75705
2024-02-24 04:00:00+00:00,17.686129583333333,16.573856
2024-02-24 05:00:00+00:00,17.080784583333333,15.6679735
2024-02-24 06:00:00+00:00,17.65742191666667,15.000544
2024-02-24 07:00:00+00:00,17.489860750000005,14.5999775
2024-02-24 08:00:00+00:00,17.699324,14.553151
2024-02-24 09:00:00+00:00,18.052369916666667,14.955326
2024-02-24 10:00:00+00:00,20.076808666666665,15.864077
2024-02-24 11:00:00+00:00,21.628911416666664,17.393253
2024-02-24 12:00:00+00:00,23.994253166666663,19.140434
2024-02-24 13:00:00+00:00,24.81925216666667,19.88219
2024-02-24 14:00:00+00:00,25.115691333333338,19.802444
2024-02-24 15:00:00+00:00,26.14246125,19.34123
2024-02-24 16:00:00+00:00,24.737054,18.771288
2024-02-24 17:00:00+00:00,24.269843083333328,18.284723
2024-02-24 18:00:00+00:00,21.308085916666666,17.956295
2024-02-24 19:00:00+00:00,20.72119508333333,20.267338
2024-02-24 20:00:00+00:00,20.61669991666666,20.011747
2024-02-24 21:00:00+00:00,23.083762500000002,20.18917
2024-02-24 22:00:00+00:00,27.545783583333332,21.76602
2024-02-24 23:00:00+00:00,35.83342916666667,23.896479
2024-02-25 00:00:00+00:00,32.38531125,23.749516
2024-02-25 01:00:00+00:00,29.186365833333337,22.161173
2024-02-25 02:00:00+00:00,26.40881516666667,20.590694
2024-02-25 03:00:00+00:00,25.75832416666667,19.119576
2024-02-25 04:00:00+00:00,21.19951775,17.848652
2024-02-25 05:00:00+00:00,20.564650083333333,16.893047
2024-02-25 06:00:00+00:00,18.498250416666668,16.21858
2024-02-25 07:00:00+00:00,16.834005750000003,15.7924385
2024-02-25 08:00:00+00:00,18.40652516666667,15.648994
2024-02-25 09:00:00+00:00,19.868694833333333,15.864422
2024-02-25 10:00:00+00:00,21.01090125,16.538715
2024-02-25 11:00:00+00:00,26.42324533333333,17.7976
2024-02-25 12:00:00+00:00,25.408675583333338,19.782225
2024-02-25 13:00:00+00:00,20.091773916666668,21.254913
2024-02-25 14:00:00+00:00,17.350437833333338,21.654684
2024-02-25 15:00:00+00:00,15.905952333333333,21.534
2024-02-25 16:00:00+00:00,14.622555416666666,21.149332
2024-02-25 17:00:00+00:00,14.06305616666667,20.640596
2024-02-25 18:00:00+00:00,12.207333083333333,20.17419
2024-02-25 19:00:00+00:00,12.303875249999997,14.16695
2024-02-25 20:00:00+00:00,13.453710833333332,15.392578
2024-02-25 21:00:00+00:00,15.2583185,17.880716
2024-02-25 22:00:00+00:00,22.61167383333333,20.712807
2024-02-25 23:00:00+00:00,35.05683741666667,21.699911
2024-02-26 00:00:00+00:00,28.910227000000003,20.59203
2024-02-26 01:00:00+00:00,24.55655333333333,18.153736
2024-02-26 02:00:00+00:00,22.42489075,15.984571
2024-02-26 03:00:00+00:00,19.657740416666666,14.713196
2024-02-26 04:00:00+00:00,19.352701749999998,14.055399
2024-02-26 05:00:00+00:00,22.643429333333334,13.767
2024-02-26 06:00:00+00:00,21.061354333333334,13.750827
2024-02-26 07:00:00+00:00,19.62149416666667,13.991211
2024-02-26 08:00:00+00:00,22.02133283333333,14.5054455
2024-02-26 09:00:00+00:00,23.23737783333333,15.296747
2024-02-26 10:00:00+00:00,25.33168616666667,16.270697
2024-02-26 11:00:00+00:00,43.33783033333333,17.185177
2024-02-26 12:00:00+00:00,41.86871416666667,17.78697
2024-02-26 13:00:00+00:00,24.318749083333334,17.996893
2024-02-26 14:00:00+00:00,22.628587,17.9032
2024-02-26 15:00:00+00:00,23.041167916666666,17.644974
2024-02-26 16:00:00+00:00,20.27822675,17.337528
2024-02-26 17:00:00+00:00,19.35314016666667,17.051117
2024-02-26 18:00:00+00:00,17.728469416666666,16.818216
2024-02-26 19:00:00+00:00,16.895974083333336,17.426935
2024-02-26 20:00:00+00:00,16.51960616666667,17.81704
2024-02-26 21:00:00+00:00,17.55453091666667,19.263353
2024-02-26 22:00:00+00:00,23.118473833333336,22.876585
2024-02-26 23:00:00+00:00,26.33940558333333,26.291973
2024-02-27 00:00:00+00:00,23.919282666666664,26.652338
2024-02-27 01:00:00+00:00,18.507512833333333,24.368153
2024-02-27 02:00:00+00:00,17.328688500000002,20.976192
2024-02-27 03:00:00+00:00,16.125741416666667,18.597523
2024-02-27 04:00:00+00:00,14.420845583333335,17.110271
2024-02-27 05:00:00+00:00,13.563900083333332,16.185886
2024-02-27 06:00:00+00:00,12.803030999999999,15.713021
2024-02-27 07:00:00+00:00,13.046165416666668,15.694097
2024-02-27 08:00:00+00:00,13.53617466666667,16.173935
2024-02-27 09:00:00+00:00,14.592157333333335,17.258825
2024-02-27 10:00:00+00:00,16.784829416666668,19.40738
2024-02-27 11:00:00+00:00,24.978613916666664,22.368868
2024-02-27 12:00:00+00:00,24.84918275,23.888374
2024-02-27 13:00:00+00:00,20.9989755,23.817677
2024-02-27 14:00:00+00:00,19.10952516666667,22.905945
2024-02-27 15:00:00+00:00,20.050991583333335,21.645073
2024-02-27 16:00:00+00:00,20.660293249999995,20.409918
2024-02-27 17:00:00+00:00,20.39947875,19.417171
2024-02-27 18:00:00+00:00,20.816102500000003,18.72008
2024-02-27 19:00:00+00:00,19.27025075,20.54052
2024-02-27 20:00:00+00:00,20.177427083333335,20.620419
2024-02-27 21:00:00+00:00,21.6104765,21.932549
2024-02-27 22:00:00+00:00,23.2390915,24.264313
2024-02-27 23:00:00+00:00,26.630528583333334,24.59488
2024-02-28 00:00:00+00:00,23.906193416666667,22.278395
2024-02-28 01:00:00+00:00,21.0091945,19.656696
2024-02-28 02:00:00+00:00,17.546279250000005,17.56873
2024-02-28 03:00:00+00:00,15.92813175,15.913007
2024-02-28 04:00:00+00:00,12.01540475,14.69813
2024-02-28 05:00:00+00:00,10.474069916666666,13.839777
2024-02-28 06:00:00+00:00,10.1383275,13.27876
2024-02-28 07:00:00+00:00,9.656428,13.015432
2024-02-28 08:00:00+00:00,9.408084333333333,13.09289
2024-02-28 09:00:00+00:00,9.962615666666666,13.696687
2024-02-28 10:00:00+00:00,11.867279666666668,15.213036
2024-02-28 11:00:00+00:00,20.359576750000002,17.768251
2024-02-28 12:00:00+00:00,22.20866908333333,19.81878
2024-02-28 13:00:00+00:00,21.678308666666663,20.602531
2024-02-28 14:00:00+00:00,23.600485916666667,20.705917
2024-02-28 15:00:00+00:00,25.20702425,20.434813
2024-02-28 16:00:00+00:00,25.356268583333332,19.910765
2024-02-28 17:00:00+00:00,25.459723166666667,19.3435
2024-02-28 18:00:00+00:00,24.6093795,18.92781
2024-02-28 19:00:00+00:00,23.910415166666667,23.122463
2024-02-28 20:00:00+00:00,23.295660416666664,22.503428
2024-02-28 21:00:00+00:00,23.237637833333334,22.742367
2024-02-28 22:00:00+00:00,29.081269916666667,24.436127
2024-02-28 23:00:00+00:00,36.838859416666665,25.449665
2024-02-29 00:00:00+00:00,33.29067358333334,24.28783
2024-02-29 01:00:00+00:00,31.994582499999996,22.111042
2024-02-29 02:00:00+00:00,28.73822183333333,19.700253
2024-02-29 03:00:00+00:00,26.312496999999997,17.356201
2024-02-29 04:00:00+00:00,22.762071083333336,15.44467
2024-02-29 05:00:00+00:00,22.645117683333336,14.081113
2024-02-29 06:00:00+00:00,22.528164283333336,13.171604
2024-02-29 07:00:00+00:00,22.411210883333336,12.68068
2024-03-01 05:00:00+00:00,19.83823608333333,12.631634
2024-03-01 06:00:00+00:00,19.484349416666667,13.16367
2024-03-01 07:00:00+00:00,19.304488583333338,14.527128
2024-03-01 08:00:00+00:00,19.840211,16.754593
2024-03-01 09:00:00+00:00,20.88941225,19.144335
2024-03-01 10:00:00+00:00,25.84847675,20.951105
2024-03-01 11:00:00+00:00,51.06490566666667,21.98037
2024-03-01 12:00:00+00:00,47.46859175,22.258705
2024-03-01 13:00:00+00:00,27.506793416666667,21.97061
2024-03-01 14:00:00+00:00,25.076080583333333,21.352098
2024-03-01 15:00:00+00:00,24.471602916666665,20.742748
2024-03-01 16:00:00+00:00,23.50863816666667,23.19786
2024-03-01 17:00:00+00:00,23.22805425,22.501095
2024-03-01 18:00:00+00:00,22.584730166666663,21.772211
2024-03-01 19:00:00+00:00,22.1776655,22.16229
2024-03-01 20:00:00+00:00,22.44976691666667,25.11433
2024-03-01 21:00:00+00:00,22.56296825,30.157974
2024-03-01 22:00:00+00:00,26.834826250000006,31.396828
2024-03-01 23:00:00+00:00,29.697834333333336,29.687407
2024-03-02 00:00:00+00:00,26.308115250000004,27.386044
2024-03-02 01:00:00+00:00,24.356191166666665,24.633327
2024-03-02 02:00:00+00:00,23.540376833333337,21.75532
2024-03-02 03:00:00+00:00,20.175202500000005,18.994846
2024-03-02 04:00:00+00:00,17.74498983333333,16.69679
2024-03-02 05:00:00+00:00,21.177513666666663,15.128239
2024-03-02 06:00:00+00:00,20.165867583333334,14.424145
2024-03-02 07:00:00+00:00,18.652028750000003,14.728149
2024-03-02 08:00:00+00:00,19.145207,15.899751
2024-03-02 09:00:00+00:00,20.275116833333335,17.777863
2024-03-02 10:00:00+00:00,19.043612166666666,21.042065
2024-03-02 11:00:00+00:00,22.9504115,24.25698
2024-03-02 12:00:00+00:00,25.36161925,25.464296
2024-03-02 13:00:00+00:00,26.680907333333334,25.43951
2024-03-02 14:00:00+00:00,28.402481499999997,24.816563
2024-03-02 15:00:00+00:00,29.266089750000003,23.816872
2024-03-02 16:00:00+00:00,27.56790583333333,26.521515
2024-03-02 17:00:00+00:00,25.209719250000003,24.866081
2024-03-02 18:00:00+00:00,23.570583999999997,23.214321
2024-03-02 19:00:00+00:00,19.73156991666667,22.310884
2024-03-02 20:00:00+00:00,18.126678583333334,22.263151
2024-03-02 21:00:00+00:00,18.63282666666667,23.177834
2024-03-02 22:00:00+00:00,23.088072166666667,24.293356
2024-03-02 23:00:00+00:00,26.57234425,24.608427
2024-03-03 00:00:00+00:00,23.802752333333334,23.85067
2024-03-03 01:00:00+00:00,19.12602991666667,22.139929
2024-03-03 02:00:00+00:00,17.22797491666667,19.98304
2024-03-03 03:00:00+00:00,15.424103833333332,18.003866
2024-03-03 04:00:00+00:00,12.886237416666665,16.479397
2024-03-03 05:00:00+00:00,11.120134583333334,15.388825
2024-03-03 06:00:00+00:00,10.339096333333332,14.715375
2024-03-03 07:00:00+00:00,8.828762916666667,14.398653
2024-03-03 08:00:00+00:00,9.166850250000001,14.379298
2024-03-03 09:00:00+00:00,8.707624833333334,14.729056
2024-03-03 10:00:00+00:00,9.1485725,15.669022
2024-03-03 11:00:00+00:00,10.268306916666667,17.32666
2024-03-03 12:00:00+00:00,11.07360325,19.29451
2024-03-03 13:00:00+00:00,10.469565916666665,20.993866
2024-03-03 14:00:00+00:00,10.459965583333334,22.249393
2024-03-03 15:00:00+00:00,10.595283,22.805466
2024-03-03 16:00:00+00:00,10.739502916666666,9.631533
2024-03-03 17:00:00+00:00,10.405481083333333,9.230957
2024-03-03 18:00:00+00:00,9.929246416666667,9.146711
2024-03-03 19:00:00+00:00,9.2090485,9.861713
2024-03-03 20:00:00+00:00,9.406030416666667,11.616915
2024-03-03 21:00:00+00:00,10.973511833333333,14.1940975
2024-03-03 22:00:00+00:00,12.947226749999997,16.638805
2024-03-03 23:00:00+00:00,20.917298249999998,17.134895
2024-03-04 00:00:00+00:00,19.24571925,15.613069
2024-03-04 01:00:00+00:00,14.627898083333333,13.5872345
2024-03-04 02:00:00+00:00,13.785452166666666,11.929407
2024-03-04 03:00:00+00:00,12.222979249999998,10.827709
2024-03-04 04:00:00+00:00,11.030595,10.169471
2024-03-04 05:00:00+00:00,11.8287755,9.831324
2024-03-04 06:00:00+00:00,11.819338166666665,9.778975
2024-03-04 07:00:00+00:00,10.833512083333334,10.05428
2024-03-04 08:00:00+00:00,10.614928083333334,10.764117
2024-03-04 09:00:00+00:00,12.393485333333333,12.10864
2024-03-04 10:00:00+00:00,17.304298083333336,14.209637
2024-03-04 11:00:00+00:00,27.590001583333333,16.441292
2024-03-04 12:00:00+00:00,29.682106416666667,17.722013
2024-03-04 13:00:00+00:00,21.445343500000003,17.885555
2024-03-04 14:00:00+00:00,19.21834325,17.403858
2024-03-04 15:00:00+00:00,19.458391833333337,16.70834
2024-03-04 16:00:00+00:00,20.482570916666667,19.681719
2024-03-04 17:00:00+00:00,19.830026750000002,18.550426
2024-03-04 18:00:00+00:00,19.08400183333334,17.234612
2024-03-04 19:00:00+00:00,16.536988,16.538586
2024-03-04 20:00:00+00:00,17.804344583333336,17.303871
2024-03-04 21:00:00+00:00,20.403881083333335,20.818064
2024-03-04 22:00:00+00:00,27.58973933333333,25.801498
2024-03-04 23:00:00+00:00,33.7969985,25.950869
2024-03-05 00:00:00+00:00,26.179821750000002,23.259783
2024-03-05 01:00:00+00:00,21.773994333333334,20.16078
2024-03-05 02:00:00+00:00,18.80340025,17.192055
2024-03-05 03:00:00+00:00,15.914538583333334,14.71201
2024-03-05 04:00:00+00:00,12.091920583333334,12.929658
2024-03-05 05:00:00+00:00,12.113417833333337,11.756839
2024-03-05 06:00:00+00:00,11.350155749999999,11.1323395
2024-03-05 07:00:00+00:00,11.022897583333332,11.214067
2024-03-05 08:00:00+00:00,11.204045916666667,12.170175
2024-03-05 09:00:00+00:00,11.841267166666666,14.141539
2024-03-05 10:00:00+00:00,15.102467500000001,18.519958
2024-03-05 11:00:00+00:00,24.439803333333337,24.292667
2024-03-05 12:00:00+00:00,25.028939583333333,26.391804
2024-03-05 13:00:00+00:00,24.913946666666664,26.360031
2024-03-05 14:00:00+00:00,23.79599908333333,25.405561
2024-03-05 15:00:00+00:00,24.159402083333333,23.838531
2024-03-05 16:00:00+00:00,24.030362583333332,23.668995
2024-03-05 17:00:00+00:00,24.224860083333336,22.485691
2024-03-05 18:00:00+00:00,22.64070658333333,20.825802
2024-03-05 19:00:00+00:00,19.253782,19.7843
2024-03-05 20:00:00+00:00,18.422110916666668,20.069016
2024-03-05 21:00:00+00:00,20.527675333333335,22.3899
2024-03-05 22:00:00+00:00,24.281939750000006,25.957241
2024-03-05 23:00:00+00:00,27.492570083333337,27.228514
2024-03-06 00:00:00+00:00,27.338162583333332,25.989897
2024-03-06 01:00:00+00:00,22.680255250000002,23.030954
2024-03-06 02:00:00+00:00,21.982654166666666,19.354103
2024-03-06 03:00:00+00:00,19.109301833333333,16.012075
2024-03-06 04:00:00+00:00,16.123528583333332,13.463484
2024-03-06 05:00:00+00:00,18.052439,11.737129
2024-03-06 06:00:00+00:00,15.682864833333333,10.7892685
2024-03-06 07:00:00+00:00,13.626017583333336,10.670574
2024-03-06 08:00:00+00:00,13.288802500000001,11.472246
2024-03-06 09:00:00+00:00,14.055617833333335,13.222912
2024-03-06 10:00:00+00:00,16.03255441666667,16.110165
2024-03-06 11:00:00+00:00,22.14430516666667,19.637363
2024-03-06 12:00:00+00:00,24.987224083333334,22.70233
2024-03-06 13:00:00+00:00,25.98220233333333,24.526033
2024-03-06 14:00:00+00:00,26.299985250000002,24.778812
2024-03-06 15:00:00+00:00,26.713389666666668,23.91108
2024-03-06 16:00:00+00:00,26.31202325,24.21679
2024-03-06 17:00:00+00:00,26.165085166666664,23.452784
2024-03-06 18:00:00+00:00,25.905528583333336,22.411795
2024-03-06 19:00:00+00:00,25.63592325,21.960447
2024-03-06 20:00:00+00:00,24.664396166666666,22.979475
2024-03-06 21:00:00+00:00,23.524150083333335,25.927534
2024-03-06 22:00:00+00:00,24.17157966666667,28.255814
2024-03-06 23:00:00+00:00,27.842877166666668,28.03968
2024-03-07 00:00:00+00:00,29.146064249999995,26.242138
2024-03-07 01:00:00+00:00,24.941007166666665,23.569263
2024-03-07 02:00:00+00:00,23.151721166666665,20.657356
2024-03-07 03:00:00+00:00,21.98078275,17.936268
2024-03-07 04:00:00+00:00,17.749162583333337,15.662716
2024-03-07 05:00:00+00:00,17.05479266666667,14.021978
2024-03-07 06:00:00+00:00,15.313609666666666,13.15428
2024-03-07 07:00:00+00:00,13.536145833333334,13.174736
2024-03-07 08:00:00+00:00,13.685956666666668,14.109663
2024-03-07 09:00:00+00:00,15.489256833333334,15.8476925
2024-03-07 10:00:00+00:00,19.97119725,18.249083
2024-03-07 11:00:00+00:00,27.61536316666667,20.671974
2024-03-07 12:00:00+00:00,29.136408833333334,22.671808
2024-03-07 13:00:00+00:00,27.201025333333334,23.838467
2024-03-07 14:00:00+00:00,26.03022658333333,23.950678
2024-03-07 15:00:00+00:00,25.818133583333335,23.317642
2024-03-07 16:00:00+00:00,24.0706145,24.064644
2024-03-07 17:00:00+00:00,22.606726666666663,23.406881
2024-03-07 18:00:00+00:00,22.07855475,22.760353
2024-03-07 19:00:00+00:00,19.197028166666666,23.190159
2024-03-07 20:00:00+00:00,18.757820916666667,25.661388
2024-03-07 21:00:00+00:00,21.790651333333333,28.89763
2024-03-07 22:00:00+00:00,26.515013916666668,29.420122
2024-03-07 23:00:00+00:00,32.77485025,28.21624
2024-03-08 00:00:00+00:00,29.327298,26.15427
2024-03-08 01:00:00+00:00,24.49481075,23.681667
2024-03-08 02:00:00+00:00,21.730386999999997,21.289057
2024-03-08 03:00:00+00:00,18.937321250000004,19.180098
2024-03-08 04:00:00+00:00,16.328446666666668,17.512756
2024-03-08 05:00:00+00:00,16.48222475,16.383291
2024-03-08 06:00:00+00:00,14.9953505,15.875456
2024-03-08 07:00:00+00:00,14.311308416666668,16.098057
2024-03-08 08:00:00+00:00,14.291772583333334,17.032696
2024-03-08 09:00:00+00:00,15.135488083333335,18.650658
2024-03-08 10:00:00+00:00,18.402725333333333,21.034706
2024-03-08 11:00:00+00:00,27.450407499999997,23.279032
2024-03-08 12:00:00+00:00,26.080944166666665,24.679989
2024-03-08 13:00:00+00:00,20.811802750000002,25.169434
2024-03-08 14:00:00+00:00,18.469289166666666,24.986454
2024-03-08 15:00:00+00:00,18.59874641666667,24.349384
2024-03-08 16:00:00+00:00,18.0281365,18.18528
2024-03-08 17:00:00+00:00,17.10912816666667,17.588737
2024-03-08 18:00:00+00:00,16.24608175,17.086605
2024-03-08 19:00:00+00:00,15.674001250000003,16.872604
2024-03-08 20:00:00+00:00,16.161334166666666,17.138672
2024-03-08 21:00:00+00:00,18.3266925,18.083199
2024-03-08 22:00:00+00:00,21.85643875,19.488585
2024-03-08 23:00:00+00:00,25.23034775,20.04298
2024-03-09 00:00:00+00:00,24.485865583333332,19.24823
2024-03-09 01:00:00+00:00,20.645050166666667,18.091093
2024-03-09 02:00:00+00:00,17.31076925,17.034662
2024-03-09 03:00:00+00:00,15.334324833333334,16.20578
2024-03-09 04:00:00+00:00,13.796308583333333,15.585407
2024-03-09 05:00:00+00:00,14.0802745,15.094089
2024-03-09 06:00:00+00:00,13.019427916666666,14.696026
2024-03-09 07:00:00+00:00,11.473866083333334,14.438352
2024-03-09 08:00:00+00:00,11.253276416666667,14.40419
2024-03-09 09:00:00+00:00,10.998526,14.666725
2024-03-09 10:00:00+00:00,10.84997491666667,15.31091
2024-03-09 11:00:00+00:00,13.079747249999999,16.53726
2024-03-09 12:00:00+00:00,15.1081275,17.970423
2024-03-09 13:00:00+00:00,18.722822333333337,18.621817
2024-03-09 14:00:00+00:00,23.246373000000002,18.663511
2024-03-09 15:00:00+00:00,25.07382558333333,18.447815
2024-03-09 16:00:00+00:00,23.1826315,24.241753
2024-03-09 17:00:00+00:00,20.677733000000003,23.050856
2024-03-09 18:00:00+00:00,18.29356041666667,21.552383
2024-03-09 19:00:00+00:00,16.156366416666668,20.443949
2024-03-09 20:00:00+00:00,15.583715833333335,19.906937
2024-03-09 21:00:00+00:00,16.147495,20.29394
2024-03-09 22:00:00+00:00,19.685301916666667,21.606064
2024-03-09 23:00:00+00:00,24.187127250000003,22.620186
2024-03-10 00:00:00+00:00,24.77659133333333,22.431004
2024-03-10 01:00:00+00:00,23.014132166666666,21.141249
2024-03-10 02:00:00+00:00,22.568447583333334,19.287176
2024-03-10 03:00:00+00:00,18.97320583333334,17.45973
2024-03-10 04:00:00+00:00,16.28687766666667,16.025167
2024-03-10 05:00:00+00:00,13.819351083333332,14.978597
2024-03-10 06:00:00+00:00,13.052701333333335,14.231962
2024-03-10 07:00:00+00:00,12.723816083333332,13.778586
2024-03-10 08:00:00+00:00,14.432077333333334,13.571577
2024-03-10 09:00:00+00:00,15.602318750000004,13.570924
2024-03-10 10:00:00+00:00,17.583349166666668,13.831104
2024-03-10 11:00:00+00:00,20.280579083333333,14.514866
2024-03-10 12:00:00+00:00,19.48882716666667,15.766176
2024-03-10 13:00:00+00:00,15.663284083333334,17.370796
2024-03-10 14:00:00+00:00,15.230644916666668,18.862707
2024-03-10 15:00:00+00:00,14.714219416666667,20.026438
2024-03-10 16:00:00+00:00,13.825203416666668,13.959536
2024-03-10 17:00:00+00:00,12.946736583333333,13.721754
2024-03-10 18:00:00+00:00,13.456348583333332,13.590635
2024-03-10 19:00:00+00:00,13.365905416666665,14.063511
2024-03-10 20:00:00+00:00,13.881152333333333,15.615658
2024-03-10 21:00:00+00:00,15.981416083333334,18.535532
2024-03-10 22:00:00+00:00,23.7793875,21.428436
2024-03-10 23:00:00+00:00,37.00950425,21.35906
2024-03-11 00:00:00+00:00,34.338840833333336,19.138132
2024-03-11 01:00:00+00:00,29.237308166666665,16.997557
2024-03-11 02:00:00+00:00,22.50627658333333,15.4249115
2024-03-11 03:00:00+00:00,19.767979166666667,14.322991
2024-03-11 04:00:00+00:00,18.719801083333333,13.603308
2024-03-11 05:00:00+00:00,17.018363083333334,13.183741
2024-03-11 06:00:00+00:00,15.546367750000002,13.052196
2024-03-11 07:00:00+00:00,16.782157083333335,13.249679
2024-03-11 08:00:00+00:00,18.29846875,13.83596
2024-03-11 09:00:00+00:00,24.203215,15.018645
2024-03-11 10:00:00+00:00,48.742965166666664,17.35138
2024-03-11 11:00:00+00:00,66.49689333333333,19.925716
2024-03-11 12:00:00+00:00,29.733714250000002,20.830208
2024-03-11 13:00:00+00:00,21.077976083333333,20.504656
2024-03-11 14:00:00+00:00,20.52100491666667,19.589508
2024-03-11 15:00:00+00:00,17.602561833333333,18.490614
2024-03-11 16:00:00+00:00,16.157852333333334,16.85622
2024-03-11 17:00:00+00:00,14.90950825,15.966773
2024-03-11 18:00:00+00:00,13.760724000000002,15.10157
2024-03-11 19:00:00+00:00,13.076463166666668,14.846117
2024-03-11 20:00:00+00:00,13.166245750000002,16.113007
2024-03-11 21:00:00+00:00,14.156256333333333,20.275404
2024-03-11 22:00:00+00:00,19.672570750000002,27.902668
2024-03-11 23:00:00+00:00,29.4052295,31.114807
2024-03-12 00:00:00+00:00,22.868828833333335,27.477255
2024-03-12 01:00:00+00:00,20.056461250000005,22.881874
2024-03-12 02:00:00+00:00,18.60238216666667,19.232658
2024-03-12 03:00:00+00:00,15.11909991666667,16.19771
2024-03-12 04:00:00+00:00,11.480464,13.795633
2024-03-12 05:00:00+00:00,11.549774583333335,12.172407
2024-03-12 06:00:00+00:00,11.448537416666667,11.389608
2024-03-12 07:00:00+00:00,11.554192333333333,11.591154
2024-03-12 08:00:00+00:00,14.426854416666666,12.8301735
2024-03-12 09:00:00+00:00,17.73037325,15.007748
2024-03-12 10:00:00+00:00,28.66076141666667,18.955261
2024-03-12 11:00:00+00:00,36.2369765,25.70441
2024-03-12 12:00:00+00:00,22.021511999999998,29.054832
2024-03-12 13:00:00+00:00,16.181313583333335,28.969707
2024-03-12 14:00:00+00:00,15.430454166666665,27.227856
2024-03-12 15:00:00+00:00,15.167583083333332,24.45848
2024-03-12 16:00:00+00:00,14.24535075,14.531454
2024-03-12 17:00:00+00:00,13.480563499999999,13.401919
2024-03-12 18:00:00+00:00,12.415869666666664,12.358911
2024-03-12 19:00:00+00:00,12.058492083333334,11.919963
2024-03-12 20:00:00+00:00,12.177937,12.665853
2024-03-12 21:00:00+00:00,14.310644833333331,15.082506
2024-03-12 22:00:00+00:00,23.756028833333332,18.395916
2024-03-12 23:00:00+00:00,36.567414,19.187056
2024-03-13 00:00:00+00:00,25.59788491666667,17.07383
2024-03-13 01:00:00+00:00,19.91605016666667,14.574774
2024-03-13 02:00:00+00:00,14.4670195,12.3966255
2024-03-13 03:00:00+00:00,12.739088583333334,10.698961
2024-03-13 04:00:00+00:00,13.4346715,9.434612
2024-03-13 05:00:00+00:00,12.86520075,8.488107
2024-03-13 06:00:00+00:00,12.96512525,7.8754263
2024-03-13 07:00:00+00:00,13.153278083333332,7.751728
2024-03-13 08:00:00+00:00,15.395862666666666,8.281718
2024-03-13 09:00:00+00:00,20.050400416666665,9.535522
2024-03-13 10:00:00+00:00,34.70044766666667,11.717264
2024-03-13 11:00:00+00:00,39.923839916666665,14.967722
2024-03-13 12:00:00+00:00,29.07340616666667,16.934944
2024-03-13 13:00:00+00:00,20.542221916666666,17.034939
2024-03-13 14:00:00+00:00,21.61479841666667,16.290493
2024-03-13 15:00:00+00:00,20.839049833333334,15.341697
2024-03-13 16:00:00+00:00,20.6883385,19.000013
2024-03-13 17:00:00+00:00,20.214537333333336,17.64326
2024-03-13 18:00:00+00:00,18.132224750000002,16.09151
2024-03-13 19:00:00+00:00,17.163628833333338,15.223834
2024-03-13 20:00:00+00:00,17.123365500000006,16.121305
2024-03-13 21:00:00+00:00,21.013530666666664,19.794374
2024-03-13 22:00:00+00:00,25.898297583333335,24.574924
2024-03-13 23:00:00+00:00,37.63089466666667,25.093
2024-03-14 00:00:00+00:00,27.761275083333334,22.578915
2024-03-14 01:00:00+00:00,21.828636,19.577251
2024-03-14 02:00:00+00:00,17.871385666666665,16.431986
2024-03-14 03:00:00+00:00,15.430193500000001,13.596873
2024-03-14 04:00:00+00:00,11.962204250000001,11.454439
2024-03-14 05:00:00+00:00,11.161151583333336,9.944412
2024-03-14 06:00:00+00:00,10.281514333333334,8.900978
2024-03-14 07:00:00+00:00,9.812495166666666,8.4007
2024-03-14 08:00:00+00:00,11.049835333333334,8.685269
2024-03-14 09:00:00+00:00,14.259352166666664,9.951527
2024-03-14 10:00:00+00:00,23.197831833333336,12.256189
2024-03-14 11:00:00+00:00,27.025691333333334,15.801765
2024-03-14 12:00:00+00:00,14.737917916666667,18.776487
2024-03-14 13:00:00+00:00,11.796831666666668,19.815897
2024-03-14 14:00:00+00:00,11.103567416666666,19.867584
2024-03-14 15:00:00+00:00,11.886728499999998,19.408886
2024-03-14 16:00:00+00:00,12.503335333333332,11.070809
2024-03-14 17:00:00+00:00,12.729772500000001,10.439421
2024-03-14 18:00:00+00:00,12.175654583333335,9.815341
2024-03-14 19:00:00+00:00,12.282211333333334,9.710411
2024-03-14 20:00:00+00:00,13.0330375,10.525762
2024-03-14 21:00:00+00:00,16.489299499999998,12.449032
2024-03-14 22:00:00+00:00,19.915614333333338,15.151344
2024-03-14 23:00:00+00:00,29.132539,17.052826
2024-03-15 00:00:00+00:00,24.133022666666665,16.511374
2024-03-15 01:00:00+00:00,18.6169795,14.600715
2024-03-15 02:00:00+00:00,14.914006916666667,12.681564
2024-03-15 03:00:00+00:00,12.577704333333335,11.084931
2024-03-15 04:00:00+00:00,10.175889249999999,9.925426
2024-03-15 05:00:00+00:00,9.75008625,9.138864
2024-03-15 06:00:00+00:00,9.398421666666666,8.602561
2024-03-15 07:00:00+00:00,9.104376583333334,8.273276
2024-03-15 08:00:00+00:00,9.4261465,8.20517
2024-03-15 09:00:00+00:00,11.130230416666668,8.472326
2024-03-15 10:00:00+00:00,13.81752725,9.1423855
2024-03-15 11:00:00+00:00,21.599874083333333,10.426935
2024-03-15 12:00:00+00:00,23.108929333333332,12.292799
2024-03-15 13:00:00+00:00,22.185051333333334,13.372412
2024-03-15 14:00:00+00:00,22.365903,13.317813
2024-03-15 15:00:00+00:00,22.469238,12.782366
2024-03-15 16:00:00+00:00,21.994472333333334,20.807917
2024-03-15 17:00:00+00:00,22.239592666666667,20.159103
2024-03-15 18:00:00+00:00,22.373126166666665,19.345482
2024-03-15 19:00:00+00:00,21.375418916666668,19.495504
2024-03-15 20:00:00+00:00,20.933791499999998,21.447174
2024-03-15 21:00:00+00:00,21.697606500000003,23.726788
2024-03-15 22:00:00+00:00,24.064212166666668,23.827799
2024-03-15 23:00:00+00:00,29.342355833333333,22.717236
2024-03-16 00:00:00+00:00,25.969229249999998,20.95211
2024-03-16 01:00:00+00:00,22.382198166666665,18.740736
2024-03-16 02:00:00+00:00,20.718206333333328,16.35365
2024-03-16 03:00:00+00:00,17.354806583333332,14.076264
2024-03-16 04:00:00+00:00,17.37021091666667,12.218178
2024-03-16 05:00:00+00:00,14.260009416666668,10.856899
2024-03-16 06:00:00+00:00,12.220515749999997,9.984213
2024-03-16 07:00:00+00:00,10.49022575,9.635819
2024-03-16 08:00:00+00:00,10.285871083333333,9.912107
2024-03-16 09:00:00+00:00,9.947096833333333,10.989156
2024-03-16 10:00:00+00:00,12.677960833333332,12.906363
2024-03-16 11:00:00+00:00,17.20789391666667,15.17904
2024-03-16 12:00:00+00:00,14.0376305,16.913218
2024-03-16 13:00:00+00:00,10.319994583333333,17.937315
2024-03-16 14:00:00+00:00,10.591908583333334,18.340788
2024-03-16 15:00:00+00:00,10.04037175,18.282572
2024-03-16 16:00:00+00:00,9.72547125,11.069101
2024-03-16 17:00:00+00:00,8.361153083333333,11.180819
2024-03-16 18:00:00+00:00,7.7721721666666665,11.535524
2024-03-16 19:00:00+00:00,7.75082,12.312298
2024-03-16 20:00:00+00:00,7.774283833333332,13.383473
2024-03-16 21:00:00+00:00,8.991889583333334,14.667741
2024-03-16 22:00:00+00:00,10.995203666666667,15.379929
2024-03-16 23:00:00+00:00,20.61397583333333,14.6021595
2024-03-17 00:00:00+00:00,21.825780666666663,13.196123
2024-03-17 01:00:00+00:00,14.958284916666665,11.79023
2024-03-17 02:00:00+00:00,12.253671833333334,10.486805
2024-03-17 03:00:00+00:00,10.468753,9.455368
2024-03-17 04:00:00+00:00,10.545306333333334,8.723988
2024-03-17 05:00:00+00:00,9.553572083333334,8.21749
2024-03-17 06:00:00+00:00,9.599817583333333,7.8958387
2024-03-17 07:00:00+00:00,9.58482675,7.7698536
2024-03-17 08:00:00+00:00,9.568286,7.859952
2024-03-17 09:00:00+00:00,9.569389416666667,8.1925745
2024-03-17 10:00:00+00:00,11.007427999999999,8.840221
2024-03-17 11:00:00+00:00,12.892493666666667,9.881315
2024-03-17 12:00:00+00:00,13.937025416666666,10.959455
2024-03-17 13:00:00+00:00,12.645242583333333,11.432284
2024-03-17 14:00:00+00:00,12.470604166666666,11.332512
2024-03-17 15:00:00+00:00,11.087514,10.987185
2024-03-17 16:00:00+00:00,11.733377166666665,10.314863
2024-03-17 17:00:00+00:00,10.87870275,9.694717
2024-03-17 18:00:00+00:00,10.715630916666667,9.163424
2024-03-17 19:00:00+00:00,10.794152416666668,9.233381
2024-03-17 20:00:00+00:00,11.334771916666666,10.398926
2024-03-17 21:00:00+00:00,12.517573166666669,12.887755
2024-03-17 22:00:00+00:00,15.517016,16.333916
2024-03-17 23:00:00+00:00,36.521082916666664,17.533855
2024-03-18 00:00:00+00:00,32.54522441666666,15.822546
2024-03-18 01:00:00+00:00,25.4351655,13.5778055
2024-03-18 02:00:00+00:00,22.105113416666665,11.545897
2024-03-18 03:00:00+00:00,18.01031366666667,9.970155
2024-03-18 04:00:00+00:00,14.399980083333334,8.886566
2024-03-18 05:00:00+00:00,14.2633085,8.194225
2024-03-18 06:00:00+00:00,13.399084500000003,7.885733
2024-03-18 07:00:00+00:00,13.876857000000001,8.0739155
2024-03-18 08:00:00+00:00,17.29097266666667,8.885086
2024-03-18 09:00:00+00:00,22.4181505,10.482496
2024-03-18 10:00:00+00:00,35.97885933333333,13.535072
2024-03-18 11:00:00+00:00,50.388848833333334,17.416544
2024-03-18 12:00:00+00:00,31.028289666666666,18.949306
2024-03-18 13:00:00+00:00,22.8066735,18.67896
2024-03-18 14:00:00+00:00,24.560550250000002,17.552917
2024-03-18 15:00:00+00:00,23.4747795,16.087229
2024-03-18 16:00:00+00:00,22.746693750000002,21.807318
2024-03-18 17:00:00+00:00,20.884944166666667,20.523952
2024-03-18 18:00:00+00:00,17.753820833333332,18.932775
2024-03-18 19:00:00+00:00,17.447227750000003,18.174252
2024-03-18 20:00:00+00:00,17.55790483333334,19.056469
2024-03-18 21:00:00+00:00,22.507029666666668,22.874989
2024-03-18 22:00:00+00:00,26.94418783333333,29.20114
2024-03-18 23:00:00+00:00,51.191733416666665,31.407257
2024-03-19 00:00:00+00:00,42.47304208333333,29.96427
2024-03-19 01:00:00+00:00,35.42709425,26.389797
2024-03-19 02:00:00+00:00,30.545909583333327,21.65988
2024-03-19 03:00:00+00:00,26.365077833333334,17.255651
2024-03-19 04:00:00+00:00,20.389240416666667,13.916044
2024-03-19 05:00:00+00:00,19.203207333333335,12.011648
2024-03-19 06:00:00+00:00,18.249506916666668,11.691677
2024-03-19 07:00:00+00:00,17.81945141666667,12.681407
2024-03-19 08:00:00+00:00,19.172056000000005,14.7226095
2024-03-19 09:00:00+00:00,25.498295499999998,18.85358
2024-03-19 10:00:00+00:00,46.427181,23.78503
2024-03-19 11:00:00+00:00,54.616015250000004,26.141102
2024-03-19 12:00:00+00:00,26.19947225,26.455233
2024-03-19 13:00:00+00:00,20.749668416666665,25.697468
2024-03-19 14:00:00+00:00,19.216435250000004,24.236843
2024-03-19 15:00:00+00:00,17.41050458333333,22.365755
2024-03-19 16:00:00+00:00,16.031831166666667,15.4452915
2024-03-19 17:00:00+00:00,14.039365333333334,14.153769
2024-03-19 18:00:00+00:00,13.243121583333334,12.777931
2024-03-19 19:00:00+00:00,12.529290416666665,12.251084
2024-03-19 20:00:00+00:00,11.776548750000002,13.908016
2024-03-19 21:00:00+00:00,15.383427833333334,19.625008
2024-03-19 22:00:00+00:00,20.5883475,27.949547
2024-03-19 23:00:00+00:00,37.27874391666666,29.381292
2024-03-20 00:00:00+00:00,34.121061,24.71794
2024-03-20 01:00:00+00:00,26.8841995,19.94854
2024-03-20 02:00:00+00:00,21.224504916666667,15.962813
2024-03-20 03:00:00+00:00,18.480533916666673,12.603055
2024-03-20 04:00:00+00:00,17.847312583333334,10.08944
2024-03-20 05:00:00+00:00,17.498841833333334,8.497467
2024-03-20 06:00:00+00:00,16.58765466666667,7.9158087
2024-03-20 07:00:00+00:00,16.698309166666668,8.595555
2024-03-20 08:00:00+00:00,17.080030333333333,10.552509
2024-03-20 09:00:00+00:00,22.59702833333333,13.593302
2024-03-20 10:00:00+00:00,36.72009191666667,18.730894
2024-03-20 11:00:00+00:00,46.84303633333334,24.79048
2024-03-20 12:00:00+00:00,28.188392750000002,26.783798
2024-03-20 13:00:00+00:00,19.913968833333332,26.079403
2024-03-20 14:00:00+00:00,20.5085275,23.992306
2024-03-20 15:00:00+00:00,20.253732333333335,21.271172
2024-03-20 16:00:00+00:00,19.31433925,18.14307
2024-03-20 17:00:00+00:00,17.819986083333333,16.925621
2024-03-20 18:00:00+00:00,16.73631225,15.556532
2024-03-20 19:00:00+00:00,16.966842333333336,14.817704
2024-03-20 20:00:00+00:00,16.6838445,15.850351
2024-03-20 21:00:00+00:00,18.74872433333333,20.043116
2024-03-20 22:00:00+00:00,23.691665166666667,26.296825
2024-03-20 23:00:00+00:00,40.831769333333334,27.956379
2024-03-21 00:00:00+00:00,43.65704958333333,24.86098
2024-03-21 01:00:00+00:00,32.88725358333333,21.188679
2024-03-21 02:00:00+00:00,27.937449833333332,17.788025
2024-03-21 03:00:00+00:00,25.883240833333332,14.932041
2024-03-21 04:00:00+00:00,24.462360333333333,12.8527
2024-03-21 05:00:00+00:00,24.832509666666667,11.486403
2024-03-21 06:00:00+00:00,24.661543166666668,10.843855
2024-03-21 07:00:00+00:00,24.945235999999998,11.171071
2024-03-21 08:00:00+00:00,26.592219166666666,12.617884
2024-03-21 09:00:00+00:00,29.92748916666666,14.969903
2024-03-21 10:00:00+00:00,68.49686416666667,18.485523
2024-03-21 11:00:00+00:00,76.62083791666667,22.79019
2024-03-21 12:00:00+00:00,36.98814425,24.575094
2024-03-21 13:00:00+00:00,27.2779185,24.28213
2024-03-21 14:00:00+00:00,25.63358,22.987705
2024-03-21 15:00:00+00:00,22.890359,21.291306
2024-03-21 16:00:00+00:00,22.004352083333334,19.860737
2024-03-21 17:00:00+00:00,20.505433083333337,18.742739
2024-03-21 18:00:00+00:00,19.122521583333334,17.374779
2024-03-21 19:00:00+00:00,17.80075691666667,16.730343
2024-03-21 20:00:00+00:00,17.35307575,18.169188
2024-03-21 21:00:00+00:00,19.909100833333337,23.137743
2024-03-21 22:00:00+00:00,28.225859166666666,31.100002
2024-03-21 23:00:00+00:00,45.251778,34.474777
2024-03-22 00:00:00+00:00,43.988450750000005,31.258522
2024-03-22 01:00:00+00:00,33.33427941666667,26.99915
2024-03-22 02:00:00+00:00,29.18395166666667,23.255816
2024-03-22 03:00:00+00:00,26.01492225,19.770939
2024-03-22 04:00:00+00:00,21.395375083333338,16.807877
2024-03-22 05:00:00+00:00,21.13528775,14.726279
2024-03-22 06:00:00+00:00,19.500872833333332,13.715527
2024-03-22 07:00:00+00:00,20.18166841666667,14.00138
2024-03-22 08:00:00+00:00,20.532794666666668,15.520872
2024-03-22 09:00:00+00:00,23.38215741666667,17.779446
2024-03-22 10:00:00+00:00,45.9054165,20.852589
2024-03-22 11:00:00+00:00,57.65918775,24.806877
2024-03-22 12:00:00+00:00,37.32937425,26.735819
2024-03-22 13:00:00+00:00,29.125906083333334,26.577187
2024-03-22 14:00:00+00:00,26.143931499999997,25.378082
2024-03-22 15:00:00+00:00,25.745141000000004,23.66373
2024-03-22 16:00:00+00:00,24.879608833333332,22.839613
2024-03-22 17:00:00+00:00,22.693508,21.237158
2024-03-22 18:00:00+00:00,21.97509275,19.48453
2024-03-22 19:00:00+00:00,22.283013083333334,18.619616
2024-03-22 20:00:00+00:00,21.95441891666667,19.740274
2024-03-22 21:00:00+00:00,22.93497125,23.66311
2024-03-22 22:00:00+00:00,20.179264416666665,27.908289
2024-03-22 23:00:00+00:00,23.340928916666666,27.923513
2024-03-23 00:00:00+00:00,22.53401033333333,25.49252
2024-03-23 01:00:00+00:00,22.233157666666667,22.423504
2024-03-23 02:00:00+00:00,21.209883500000004,19.14868
2024-03-23 03:00:00+00:00,16.92753316666667,16.281357
2024-03-23 04:00:00+00:00,18.723026166666667,14.148229
2024-03-23 05:00:00+00:00,19.33285025,12.641545
2024-03-23 06:00:00+00:00,18.580895833333333,11.706999
2024-03-23 07:00:00+00:00,17.18796875,11.541534
2024-03-23 08:00:00+00:00,17.324062166666668,12.379046
2024-03-23 09:00:00+00:00,19.717292333333337,14.223899
2024-03-23 10:00:00+00:00,17.70755725,17.038486
2024-03-23 11:00:00+00:00,23.681633833333333,20.542416
2024-03-23 12:00:00+00:00,27.994534583333333,22.55138
2024-03-23 13:00:00+00:00,27.656895916666667,23.023563
2024-03-23 14:00:00+00:00,27.99163791666666,22.817108
2024-03-23 15:00:00+00:00,26.0723225,22.217684
2024-03-23 16:00:00+00:00,24.01134883333333,24.57637
2024-03-23 17:00:00+00:00,22.26071758333333,22.710093
2024-03-23 18:00:00+00:00,20.353055583333333,20.80011
2024-03-23 19:00:00+00:00,19.297123166666665,19.55907
2024-03-23 20:00:00+00:00,18.843550750000002,19.355457
2024-03-23 21:00:00+00:00,18.12462975,20.254885
2024-03-23 22:00:00+00:00,19.00595641666667,21.723038
2024-03-23 23:00:00+00:00,25.835425416666666,22.276901
2024-03-24 00:00:00+00:00,27.498399499999998,21.184883
2024-03-24 01:00:00+00:00,22.269193083333334,19.003988
2024-03-24 02:00:00+00:00,21.003515166666663,16.65984
2024-03-24 03:00:00+00:00,21.293812416666665,14.786414
2024-03-24 04:00:00+00:00,22.467643749999997,13.487781
2024-03-24 05:00:00+00:00,19.750858916666665,12.527217
2024-03-24 06:00:00+00:00,19.750590583333334,11.696411
2024-03-24 07:00:00+00:00,20.48256625,11.059396
2024-03-24 08:00:00+00:00,22.449938,10.774087
2024-03-24 09:00:00+00:00,24.77961641666667,10.95012
2024-03-24 10:00:00+00:00,28.925464166666668,11.887737
2024-03-24 11:00:00+00:00,31.48051708333334,14.120152
2024-03-24 12:00:00+00:00,23.487007000000002,17.308407
2024-03-24 13:00:00+00:00,16.60905025,19.939081
2024-03-24 14:00:00+00:00,15.132519666666667,21.410458
2024-03-24 15:00:00+00:00,13.207758916666666,21.898426
2024-03-24 16:00:00+00:00,12.148409916666667,11.718946
2024-03-24 17:00:00+00:00,11.025624583333332,11.121309
2024-03-24 18:00:00+00:00,10.731563,10.683771
2024-03-24 19:00:00+00:00,10.531986416666667,10.89668
2024-03-24 20:00:00+00:00,10.499028416666667,12.3463335
2024-03-24 21:00:00+00:00,12.570405916666667,15.281037
2024-03-24 22:00:00+00:00,16.861168083333336,19.066095
2024-03-24 23:00:00+00:00,31.64913375,21.490442
2024-03-25 00:00:00+00:00,28.16704491666667,20.842552
2024-03-25 01:00:00+00:00,22.602128083333337,18.534286
2024-03-25 02:00:00+00:00,18.093746916666667,16.326984
2024-03-25 03:00:00+00:00,16.686508416666666,14.749869
2024-03-25 04:00:00+00:00,17.977533083333334,13.789584
2024-03-25 05:00:00+00:00,18.31905491666667,13.287862
2024-03-25 06:00:00+00:00,18.332721916666667,13.147981
2024-03-25 07:00:00+00:00,18.452468,13.371185
2024-03-25 08:00:00+00:00,19.97872525,14.039172
2024-03-25 09:00:00+00:00,25.307564666666668,15.318603
2024-03-25 10:00:00+00:00,39.871852999999994,17.326874
2024-03-25 11:00:00+00:00,44.24313708333333,19.566156
2024-03-25 12:00:00+00:00,21.74653516666666,21.005547
2024-03-25 13:00:00+00:00,18.523269583333338,21.325588
2024-03-25 14:00:00+00:00,17.289721666666672,20.90543
2024-03-25 15:00:00+00:00,16.688174916666664,20.17146
2024-03-25 16:00:00+00:00,16.284309,15.95269
2024-03-25 17:00:00+00:00,14.185146333333334,15.332503
2024-03-25 18:00:00+00:00,13.137600083333334,14.639111
2024-03-25 19:00:00+00:00,12.390588,14.280256
2024-03-25 20:00:00+00:00,11.969260750000002,14.741207
2024-03-25 21:00:00+00:00,15.078666083333333,16.617138
2024-03-25 22:00:00+00:00,19.481626416666668,20.059568
2024-03-25 23:00:00+00:00,31.498133416666665,22.537033
2024-03-26 00:00:00+00:00,27.22336833333333,21.463442
2024-03-26 01:00:00+00:00,19.7341235,18.876379
2024-03-26 02:00:00+00:00,16.952755166666666,16.84504
2024-03-26 03:00:00+00:00,17.508348333333338,15.470943
2024-03-26 04:00:00+00:00,13.846049416666665,14.58671
2024-03-26 05:00:00+00:00,12.864304666666667,14.063314
2024-03-26 06:00:00+00:00,12.799839416666666,13.873344
2024-03-26 07:00:00+00:00,11.979275333333334,14.074165
2024-03-26 08:00:00+00:00,13.054658500000002,14.733414
2024-03-26 09:00:00+00:00,16.124070833333334,16.066248
2024-03-26 10:00:00+00:00,29.852689583333333,18.784418
2024-03-26 11:00:00+00:00,34.34440441666667,21.839563
2024-03-26 12:00:00+00:00,28.895319416666666,22.75348
2024-03-26 13:00:00+00:00,28.3740075,22.108166
2024-03-26 14:00:00+00:00,27.39632583333334,20.817429
2024-03-26 15:00:00+00:00,24.09179358333333,19.494974
2024-03-26 16:00:00+00:00,23.557595333333335,22.700872
2024-03-26 17:00:00+00:00,20.79709183333333,21.032515
2024-03-26 18:00:00+00:00,19.42514608333334,19.289713
2024-03-26 19:00:00+00:00,18.74133241666667,18.420238
2024-03-26 20:00:00+00:00,19.027962666666667,18.783682
2024-03-26 21:00:00+00:00,19.85347941666667,20.709108
2024-03-26 22:00:00+00:00,19.66173975,23.210608
2024-03-26 23:00:00+00:00,25.56449425,23.956339
2024-03-27 00:00:00+00:00,25.3002305,22.77422
2024-03-27 01:00:00+00:00,23.178015833333333,20.468573
2024-03-27 02:00:00+00:00,18.636843583333334,17.823187
2024-03-27 03:00:00+00:00,16.364416250000005,15.552614
2024-03-27 04:00:00+00:00,18.498693,13.925038
2024-03-27 05:00:00+00:00,20.369412833333335,12.842385
2024-03-27 06:00:00+00:00,19.343332916666665,12.29332
2024-03-27 07:00:00+00:00,18.815052166666664,12.423113
2024-03-27 08:00:00+00:00,21.289640249999998,13.392027
2024-03-27 09:00:00+00:00,22.254243833333334,15.290326
2024-03-27 10:00:00+00:00,31.591696833333334,18.094847
2024-03-27 11:00:00+00:00,38.578934333333336,20.608393
2024-03-27 12:00:00+00:00,34.77850733333333,21.948393
2024-03-27 13:00:00+00:00,31.61418375,22.364464
2024-03-27 14:00:00+00:00,31.161635833333335,22.16974
2024-03-27 15:00:00+00:00,28.80179341666667,21.54521
2024-03-27 16:00:00+00:00,27.690484333333334,24.972183
2024-03-27 17:00:00+00:00,23.938657916666667,23.254505
2024-03-27 18:00:00+00:00,20.909490083333335,21.277544
2024-03-27 19:00:00+00:00,19.745431,19.99618
2024-03-27 20:00:00+00:00,19.958899750000004,19.688705
2024-03-27 21:00:00+00:00,21.407204916666668,20.574167
2024-03-27 22:00:00+00:00,23.588176500000003,23.32166
2024-03-27 23:00:00+00:00,32.414916,26.942593
2024-03-28 00:00:00+00:00,34.183693416666664,28.454613
2024-03-28 01:00:00+00:00,32.80255541666667,27.331432
2024-03-28 02:00:00+00:00,25.492520916666667,24.344738
2024-03-28 03:00:00+00:00,23.22961425,20.671228
2024-03-28 04:00:00+00:00,21.056305833333337,17.503174
2024-03-28 05:00:00+00:00,20.481237583333336,15.367865
2024-03-28 06:00:00+00:00,17.686142333333333,14.35706
2024-03-28 07:00:00+00:00,17.921753166666665,14.55462
2024-03-28 08:00:00+00:00,19.333841166666666,15.945019
2024-03-28 09:00:00+00:00,22.549050583333337,18.424461
2024-03-28 10:00:00+00:00,32.980890583333334,21.675095
2024-03-28 11:00:00+00:00,40.259040666666664,24.336731
2024-03-28 12:00:00+00:00,39.977820916666666,25.794285
2024-03-28 13:00:00+00:00,33.58216791666667,26.186567
2024-03-28 14:00:00+00:00,30.95116825,25.840363
2024-03-28 15:00:00+00:00,24.965204999999997,25.000742
2024-03-28 16:00:00+00:00,22.484644749999998,22.770844
2024-03-28 17:00:00+00:00,19.872217833333337,21.437012
2024-03-28 18:00:00+00:00,17.904198083333338,19.931885
2024-03-28 19:00:00+00:00,16.662915416666667,19.12052
2024-03-28 20:00:00+00:00,16.97228525,19.565283
2024-03-28 21:00:00+00:00,18.343372416666664,21.971506
2024-03-28 22:00:00+00:00,19.10496841666667,25.993881
2024-03-28 23:00:00+00:00,29.513973250000003,27.677322
2024-03-29 00:00:00+00:00,31.445836,26.621754
2024-03-29 01:00:00+00:00,24.519160499999998,24.639132
2024-03-29 02:00:00+00:00,19.213373583333333,22.233105
2024-03-29 03:00:00+00:00,17.85368525,19.860746
2024-03-29 04:00:00+00:00,22.18418216666667,18.066732
2024-03-29 05:00:00+00:00,21.527940749999996,17.100441
2024-03-29 06:00:00+00:00,20.431148250000003,17.104246
2024-03-29 07:00:00+00:00,20.258858250000003,18.01793
2024-03-29 08:00:00+00:00,22.242690416666665,19.508759
2024-03-29 09:00:00+00:00,24.595785833333334,21.858608
2024-03-29 10:00:00+00:00,34.274273916666665,24.882318
2024-03-29 11:00:00+00:00,38.040339499999995,26.260988
2024-03-29 12:00:00+00:00,24.647474416666668,26.261284
2024-03-29 13:00:00+00:00,19.87133908333334,25.663008
2024-03-29 14:00:00+00:00,18.940093166666667,24.738163
2024-03-29 15:00:00+00:00,16.961990166666666,23.671356
2024-03-29 16:00:00+00:00,15.277119583333333,16.114666
2024-03-29 17:00:00+00:00,13.314603,15.548253
2024-03-29 18:00:00+00:00,12.475373583333335,15.080034
2024-03-29 19:00:00+00:00,12.391055999999999,15.046242
2024-03-29 20:00:00+00:00,11.848996749999998,15.687769
2024-03-29 21:00:00+00:00,12.689169999999999,17.087034
2024-03-29 22:00:00+00:00,17.591435916666665,18.928757
2024-03-29 23:00:00+00:00,26.15638033333333,20.137415
2024-03-30 00:00:00+00:00,24.490803083333333,19.786543
2024-03-30 01:00:00+00:00,20.25741275,18.553394
2024-03-30 02:00:00+00:00,17.778177166666666,17.283945
2024-03-30 03:00:00+00:00,15.7086025,16.275425
2024-03-30 04:00:00+00:00,13.132701500000001,15.575705
2024-03-30 05:00:00+00:00,13.523095416666669,15.115599
2024-03-30 06:00:00+00:00,13.120864083333332,14.836973
2024-03-30 07:00:00+00:00,12.700560000000001,14.74192
2024-03-30 08:00:00+00:00,13.123614250000001,14.861409
2024-03-30 09:00:00+00:00,12.42011183333333,15.230292
2024-03-30 10:00:00+00:00,15.271854166666667,15.930142
2024-03-30 11:00:00+00:00,17.490371083333333,17.025288
2024-03-30 12:00:00+00:00,17.572733083333336,18.022797
2024-03-30 13:00:00+00:00,14.691630583333334,18.32656
2024-03-30 14:00:00+00:00,15.362561333333334,18.11481
2024-03-30 15:00:00+00:00,14.521135416666667,17.732103
2024-03-30 16:00:00+00:00,13.186868083333332,14.572921
2024-03-30 17:00:00+00:00,12.775911,13.8829975
2024-03-30 18:00:00+00:00,11.688772333333333,13.376713
2024-03-30 19:00:00+00:00,11.43946625,13.169969
2024-03-30 20:00:00+00:00,13.556985583333333,13.45368
2024-03-30 21:00:00+00:00,17.076422750000003,14.3656025
2024-03-30 22:00:00+00:00,23.047667666666666,15.604193
2024-03-30 23:00:00+00:00,27.553261083333336,16.309597
2024-03-31 00:00:00+00:00,28.728439249999997,15.877487
2024-03-31 01:00:00+00:00,22.956729416666665,14.732898
2024-03-31 02:00:00+00:00,21.612273916666666,13.51571
2024-03-31 03:00:00+00:00,16.890268416666668,12.547873
2024-03-31 04:00:00+00:00,16.73855242,11.852316
2024-03-31 05:00:00+00:00,16.586836423333335,11.34339
2024-03-31 06:00:00+00:00,16.43512042666667,10.982762
2024-04-01 04:00:00+00:00,13.0973685,10.81313
2024-04-01 05:00:00+00:00,11.767996916666666,10.899604
2024-04-01 06:00:00+00:00,12.0534065,11.298312
2024-04-01 07:00:00+00:00,11.952091500000002,12.130376
2024-04-01 08:00:00+00:00,12.645902083333334,13.527271
2024-04-01 09:00:00+00:00,15.416775000000001,14.73893
2024-04-01 10:00:00+00:00,20.000303499999998,15.040149
2024-04-01 11:00:00+00:00,24.788770916666667,14.799624
2024-04-01 12:00:00+00:00,27.21341775,14.444035
2024-04-01 13:00:00+00:00,28.28500825,25.577822
2024-04-01 14:00:00+00:00,29.306372999999997,24.844414
2024-04-01 15:00:00+00:00,28.89286241666666,23.040274
2024-04-01 16:00:00+00:00,28.07836783333333,21.082527
2024-04-01 17:00:00+00:00,26.816921583333336,19.556871
2024-04-01 18:00:00+00:00,27.15654558333333,18.48187
2024-04-01 19:00:00+00:00,27.092022166666666,18.07463
2024-04-01 20:00:00+00:00,26.5302595,18.45525
2024-04-01 21:00:00+00:00,28.459451833333333,19.80213
2024-04-01 22:00:00+00:00,25.88978516666667,22.540806
2024-04-01 23:00:00+00:00,30.551605249999998,25.125458
2024-04-02 00:00:00+00:00,31.60731583333333,24.858044
2024-04-02 01:00:00+00:00,25.024048166666663,22.403994
2024-04-02 02:00:00+00:00,21.2871215,19.305088
2024-04-02 03:00:00+00:00,18.289704083333334,16.550179
2024-04-02 04:00:00+00:00,14.780408999999999,14.524163
2024-04-02 05:00:00+00:00,14.739724166666667,13.2241535
2024-04-02 06:00:00+00:00,13.895362083333334,12.554259
2024-04-02 07:00:00+00:00,13.672377916666667,12.480821
2024-04-02 08:00:00+00:00,14.88157125,13.10783
2024-04-02 09:00:00+00:00,17.760352166666667,14.531647
2024-04-02 10:00:00+00:00,23.78861016666667,16.58078
2024-04-02 11:00:00+00:00,30.176434333333333,18.743328
2024-04-02 12:00:00+00:00,32.955637083333336,20.611174
2024-04-02 13:00:00+00:00,29.18993725,29.312227
2024-04-02 14:00:00+00:00,29.103003833333332,28.597206
2024-04-02 15:00:00+00:00,28.62869308333333,26.666466
2024-04-02 16:00:00+00:00,28.27281791666667,24.315653
2024-04-02 17:00:00+00:00,27.3652635,22.368332
2024-04-02 18:00:00+00:00,26.346102499999997,21.086353
2024-04-02 19:00:00+00:00,24.67566225,20.851063
2024-04-02 20:00:00+00:00,23.562117833333332,21.960579
2024-04-02 21:00:00+00:00,24.561926083333336,24.869661
2024-04-02 22:00:00+00:00,23.79446075,28.479403
2024-04-02 23:00:00+00:00,25.902248166666666,29.164078
2024-04-03 00:00:00+00:00,26.183568500000003,26.881294
2024-04-03 01:00:00+00:00,21.73554658333333,23.399147
2024-04-03 02:00:00+00:00,19.45165391666667,19.955828
2024-04-03 03:00:00+00:00,17.19592775,17.122738
2024-04-03 04:00:00+00:00,16.31711291666667,15.106597
2024-04-03 05:00:00+00:00,15.83915291666667,13.995707
2024-04-03 06:00:00+00:00,15.009054583333333,13.851537
2024-04-03 07:00:00+00:00,14.530359083333332,14.716515
2024-04-03 08:00:00+00:00,16.216286999999998,16.457584
2024-04-03 09:00:00+00:00,18.83511233333333,18.818312
2024-04-03 10:00:00+00:00,23.56212566666667,21.35134
2024-04-03 11:00:00+00:00,27.58171625,23.648838
2024-04-03 12:00:00+00:00,29.566539,25.142204
2024-04-03 13:00:00+00:00,27.927251666666663,28.291508
2024-04-03 14:00:00+00:00,27.29687925,26.941454
2024-04-03 15:00:00+00:00,27.506825583333335,24.7539
2024-04-03 16:00:00+00:00,27.708394583333334,22.940992
2024-04-03 17:00:00+00:00,26.69391108333333,21.754566
2024-04-03 18:00:00+00:00,24.762474916666665,20.99709
2024-04-03 19:00:00+00:00,23.62730141666667,20.941334
2024-04-03 20:00:00+00:00,22.756303916666667,22.14158
2024-04-03 21:00:00+00:00,24.33855133333333,25.22702
2024-04-03 22:00:00+00:00,26.433986333333333,28.641424
2024-04-03 23:00:00+00:00,32.59418125,29.048706
2024-04-04 00:00:00+00:00,35.74602025,26.763926
2024-04-04 01:00:00+00:00,28.805505499999995,23.402006
2024-04-04 02:00:00+00:00,26.03798866666667,20.247898
2024-04-04 03:00:00+00:00,23.334693333333334,17.835577
2024-04-04 04:00:00+00:00,19.25737725,16.197891
2024-04-04 05:00:00+00:00,19.293719499999998,15.243872
2024-04-04 06:00:00+00:00,18.615912166666668,14.950808
2024-04-04 07:00:00+00:00,18.511389916666673,15.406278
2024-04-04 08:00:00+00:00,18.81934916666667,16.730469
2024-04-04 09:00:00+00:00,22.38471183333333,18.921959
2024-04-04 10:00:00+00:00,32.69010975,21.659819
2024-04-04 11:00:00+00:00,39.34670941666666,24.276001
2024-04-04 12:00:00+00:00,30.87471675,26.322857
2024-04-04 13:00:00+00:00,27.49653775,28.766367
2024-04-04 14:00:00+00:00,27.198336749999996,27.650059
2024-04-04 15:00:00+00:00,25.797677416666666,26.04424
2024-04-04 16:00:00+00:00,24.905263416666664,24.6452
2024-04-04 17:00:00+00:00,23.258752833333332,23.66386
2024-04-04 18:00:00+00:00,21.205315583333334,23.050941
2024-04-04 19:00:00+00:00,19.628703666666667,22.931404
2024-04-04 20:00:00+00:00,19.519997500000002,23.559422
2024-04-04 21:00:00+00:00,21.92189866666667,25.405243
2024-04-04 22:00:00+00:00,26.43283416666667,28.398422
2024-04-04 23:00:00+00:00,35.33191766666667,30.059467
2024-04-05 00:00:00+00:00,40.39271083333333,29.14694
2024-04-05 01:00:00+00:00,34.17202666666667,26.618662
2024-04-05 02:00:00+00:00,30.086455,23.764986
2024-04-05 03:00:00+00:00,25.52248366666667,21.44592
2024-04-05 04:00:00+00:00,26.50261458333333,19.896856
2024-04-05 05:00:00+00:00,27.31907575,19.101156
2024-04-05 06:00:00+00:00,26.109534999999997,19.1165
2024-04-05 07:00:00+00:00,25.15525758333333,19.963577
2024-04-05 08:00:00+00:00,27.17210125,21.544912
2024-04-05 09:00:00+00:00,31.75659933333333,23.813042
2024-04-05 10:00:00+00:00,45.508909499999994,26.059881
2024-04-05 11:00:00+00:00,49.286146083333335,27.599474
2024-04-05 12:00:00+00:00,33.26513325,28.138876
2024-04-05 13:00:00+00:00,29.389431666666667,30.955875
2024-04-05 14:00:00+00:00,29.011760666666664,29.789843
2024-04-05 15:00:00+00:00,28.480694333333332,27.979174
2024-04-05 16:00:00+00:00,27.372932583333334,26.344168
2024-04-05 17:00:00+00:00,24.34362425,25.144936
2024-04-05 18:00:00+00:00,23.167036666666665,24.345823
2024-04-05 19:00:00+00:00,22.308998666666668,23.995047
2024-04-05 20:00:00+00:00,23.519693916666668,24.121586
2024-04-05 21:00:00+00:00,24.670185999999998,24.804228
2024-04-05 22:00:00+00:00,25.53737633333333,26.322948
2024-04-05 23:00:00+00:00,36.64929983333334,28.844566
2024-04-06 00:00:00+00:00,43.387928499999994,30.783213
2024-04-06 01:00:00+00:00,37.42704608333333,30.318123
2024-04-06 02:00:00+00:00,35.00124491666667,27.90199
2024-04-06 03:00:00+00:00,28.804400166666667,24.907047
2024-04-06 04:00:00+00:00,30.88923266666667,22.412657
2024-04-06 05:00:00+00:00,30.407892,20.812117
2024-04-06 06:00:00+00:00,27.588074250000002,20.198574
2024-04-06 07:00:00+00:00,26.45176508333333,20.629795
2024-04-06 08:00:00+00:00,29.149639750000002,21.906929
2024-04-06 09:00:00+00:00,29.256718666666668,24.000275
2024-04-06 10:00:00+00:00,32.296074749999995,26.644003
2024-04-06 11:00:00+00:00,32.27325808333333,28.629688
2024-04-06 12:00:00+00:00,27.121236916666664,29.381224
2024-04-06 13:00:00+00:00,25.98356833333333,26.573961
2024-04-06 14:00:00+00:00,24.70524175,26.068764
2024-04-06 15:00:00+00:00,21.02959925,25.332836
2024-04-06 16:00:00+00:00,19.844926083333334,24.665363
2024-04-06 17:00:00+00:00,17.790147750000003,24.23111
2024-04-06 18:00:00+00:00,17.43410533333333,23.952728
2024-04-06 19:00:00+00:00,16.681936083333337,23.610725
2024-04-06 20:00:00+00:00,17.156961916666667,23.159998
2024-04-06 21:00:00+00:00,18.727072583333335,22.879686
2024-04-06 22:00:00+00:00,21.618065333333334,23.229553
2024-04-06 23:00:00+00:00,31.514655666666666,24.286386
2024-04-07 00:00:00+00:00,36.07527975,25.007298
2024-04-07 01:00:00+00:00,29.13370075,24.764631
2024-04-07 02:00:00+00:00,25.204138249999996,23.84342
2024-04-07 03:00:00+00:00,22.75937575,22.709866
2024-04-07 04:00:00+00:00,21.834917833333336,21.761002
2024-04-07 05:00:00+00:00,20.976115583333335,21.119137
2024-04-07 06:00:00+00:00,18.995157250000002,20.723501
2024-04-07 07:00:00+00:00,18.614426,20.478333
2024-04-07 08:00:00+00:00,19.479501333333335,20.396648
2024-04-07 09:00:00+00:00,20.559472333333336,20.676466
2024-04-07 10:00:00+00:00,21.952084666666668,21.41663
2024-04-07 11:00:00+00:00,22.612914749999998,22.65268
2024-04-07 12:00:00+00:00,18.56665466666667,24.055416
2024-04-07 13:00:00+00:00,16.873946166666666,17.912283
2024-04-07 14:00:00+00:00,18.14785416666667,17.406855
2024-04-07 15:00:00+00:00,16.60627516666667,16.775513
2024-04-07 16:00:00+00:00,15.172294583333333,16.355988
2024-04-07 17:00:00+00:00,14.062901166666668,16.413982
2024-04-07 18:00:00+00:00,12.816325249999998,16.906708
2024-04-07 19:00:00+00:00,12.371796833333333,17.540455
2024-04-07 20:00:00+00:00,12.528841166666666,18.164959
2024-04-07 21:00:00+00:00,15.725594583333335,18.796427
2024-04-07 22:00:00+00:00,19.001902416666667,19.563623
2024-04-07 23:00:00+00:00,28.008017666666664,20.577143
2024-04-08 00:00:00+00:00,33.99060108333333,21.394386
2024-04-08 01:00:00+00:00,25.640172250000006,21.474432
2024-04-08 02:00:00+00:00,23.893342083333334,20.89237
2024-04-08 03:00:00+00:00,21.208205916666667,19.868767
2024-04-08 04:00:00+00:00,18.19333741666667,18.817623
2024-04-08 05:00:00+00:00,18.417021083333335,18.042091
2024-04-08 06:00:00+00:00,18.208746583333333,17.56319
2024-04-08 07:00:00+00:00,18.335090333333333,17.333473
2024-04-08 08:00:00+00:00,19.358466,17.357635
2024-04-08 09:00:00+00:00,24.442468000000005,17.691372
2024-04-08 10:00:00+00:00,36.043169416666665,18.425491
2024-04-08 11:00:00+00:00,40.20123833333333,19.520563
2024-04-08 12:00:00+00:00,24.89894166666667,20.428974
2024-04-08 13:00:00+00:00,20.85540608333333,25.068356
2024-04-08 14:00:00+00:00,20.93867675,24.116512
2024-04-08 15:00:00+00:00,20.117016833333338,22.77907
2024-04-08 16:00:00+00:00,20.15858533333333,21.69431
2024-04-08 17:00:00+00:00,19.28297025,21.315699
2024-04-08 18:00:00+00:00,20.453023083333335,21.521418
2024-04-08 19:00:00+00:00,22.503317083333332,21.956593
2024-04-08 20:00:00+00:00,18.425233833333333,22.330393
2024-04-08 21:00:00+00:00,20.599896416666667,22.875027
2024-04-08 22:00:00+00:00,25.852883083333335,24.600374
2024-04-08 23:00:00+00:00,40.83818325,26.689425
2024-04-09 00:00:00+00:00,41.298116,26.693085
2024-04-09 01:00:00+00:00,27.858433083333335,24.995085
2024-04-09 02:00:00+00:00,21.6499065,22.408178
2024-04-09 03:00:00+00:00,20.40523991666667,20.00659
2024-04-09 04:00:00+00:00,19.219702666666667,18.323378
2024-04-09 05:00:00+00:00,17.566725333333334,17.27399
2024-04-09 06:00:00+00:00,16.433352666666668,16.692514
2024-04-09 07:00:00+00:00,16.05516141666667,16.670319
2024-04-09 08:00:00+00:00,16.910947333333336,17.379538
2024-04-09 09:00:00+00:00,20.64705475,18.790255
2024-04-09 10:00:00+00:00,29.32590016666667,21.265053
2024-04-09 11:00:00+00:00,34.04032808333333,24.114107
2024-04-09 12:00:00+00:00,29.63646,25.287231
2024-04-09 13:00:00+00:00,28.433751333333333,28.73641
2024-04-09 14:00:00+00:00,29.170195250000003,27.698147
2024-04-09 15:00:00+00:00,29.07833525,25.719543
2024-04-09 16:00:00+00:00,29.61078816666667,23.780828
2024-04-09 17:00:00+00:00,30.990061666666666,22.338757
2024-04-09 18:00:00+00:00,29.791581249999997,21.33725
2024-04-09 19:00:00+00:00,29.731598833333333,20.880955
2024-04-09 20:00:00+00:00,30.815919916666672,21.12801
2024-04-09 21:00:00+00:00,36.03270175,22.387619
2024-04-09 22:00:00+00:00,33.592627,24.939703
2024-04-09 23:00:00+00:00,37.78676491666667,27.277227
2024-04-10 00:00:00+00:00,43.577130499999996,27.226053
2024-04-10 01:00:00+00:00,34.07294891666667,25.048973
2024-04-10 02:00:00+00:00,29.92463983333333,22.035019
2024-04-10 03:00:00+00:00,24.585802166666667,19.283005
2024-04-10 04:00:00+00:00,21.96964408333334,17.254757
2024-04-10 05:00:00+00:00,20.117104416666667,15.94211
2024-04-10 06:00:00+00:00,17.708241833333336,15.333996
2024-04-10 07:00:00+00:00,17.249764416666668,15.526464
2024-04-10 08:00:00+00:00,19.140206500000005,16.599436
2024-04-10 09:00:00+00:00,22.19181525,18.502863
2024-04-10 10:00:00+00:00,29.611702,20.99707
2024-04-10 11:00:00+00:00,35.83932475,23.287888
2024-04-10 12:00:00+00:00,31.00904625,24.877165
2024-04-10 13:00:00+00:00,32.65902608333334,30.516714
2024-04-10 14:00:00+00:00,30.681211833333332,29.910442
2024-04-10 15:00:00+00:00,29.42242908333333,28.555431
2024-04-10 16:00:00+00:00,29.579407166666662,27.033943
2024-04-10 17:00:00+00:00,28.949478416666665,26.059288
2024-04-10 18:00:00+00:00,27.715537249999997,25.565952
2024-04-10 19:00:00+00:00,27.83184675,25.616867
2024-04-10 20:00:00+00:00,28.47563775,26.900372
2024-04-10 21:00:00+00:00,29.46633125,30.671637
2024-04-10 22:00:00+00:00,29.097013166666667,34.747585
2024-04-10 23:00:00+00:00,34.21508166666667,35.311817
2024-04-11 00:00:00+00:00,34.85821525,33.241573
2024-04-11 01:00:00+00:00,27.857055916666667,29.620884
2024-04-11 02:00:00+00:00,23.055758333333333,25.702196
2024-04-11 03:00:00+00:00,17.961873833333332,22.261953
2024-04-11 04:00:00+00:00,22.16181275,19.683685
2024-04-11 05:00:00+00:00,20.303982750000003,18.076368
2024-04-11 06:00:00+00:00,18.4102955,17.56357
2024-04-11 07:00:00+00:00,17.292111333333334,18.244335
2024-04-11 08:00:00+00:00,16.98295116666667,19.866344
2024-04-11 09:00:00+00:00,19.311109249999998,22.631191
2024-04-11 10:00:00+00:00,24.512337416666668,26.463438
2024-04-11 11:00:00+00:00,29.228850250000004,29.321287
2024-04-11 12:00:00+00:00,30.922410833333334,30.50233
2024-04-11 13:00:00+00:00,33.60259491666667,30.179485
2024-04-11 14:00:00+00:00,30.610697916666666,28.877111
2024-04-11 15:00:00+00:00,29.98702341666667,27.155441
2024-04-11 16:00:00+00:00,29.91546166666667,25.703974
2024-04-11 17:00:00+00:00,29.83697391666667,24.731077
2024-04-11 18:00:00+00:00,27.03424933333333,24.111101
2024-04-11 19:00:00+00:00,25.796833833333334,23.948893
2024-04-11 20:00:00+00:00,23.644879,24.840866
2024-04-11 21:00:00+00:00,26.091977333333332,26.979567
2024-04-11 22:00:00+00:00,26.83331158333333,28.626463
2024-04-11 23:00:00+00:00,33.204503333333335,28.294725
2024-04-12 00:00:00+00:00,37.84561125,26.366201
2024-04-12 01:00:00+00:00,30.769793333333336,23.898575
2024-04-12 02:00:00+00:00,25.812673250000003,21.770845
2024-04-12 03:00:00+00:00,22.651678750000002,20.291195
2024-04-12 04:00:00+00:00,18.41016433333333,19.24134
2024-04-12 05:00:00+00:00,19.378007916666665,18.419127
2024-04-12 06:00:00+00:00,17.56295,17.897514
2024-04-12 07:00:00+00:00,16.831974083333332,17.748058
2024-04-12 08:00:00+00:00,17.532817333333334,18.055935
2024-04-12 09:00:00+00:00,18.452222333333335,19.051186
2024-04-12 10:00:00+00:00,27.302085999999996,20.878687
2024-04-12 11:00:00+00:00,30.638351749999998,23.123566
2024-04-12 12:00:00+00:00,28.18237125,25.08455
2024-04-12 13:00:00+00:00,26.397650416666664,29.053131
2024-04-12 14:00:00+00:00,25.49593283333333,28.172415
2024-04-12 15:00:00+00:00,23.81908525,27.04474
2024-04-12 16:00:00+00:00,23.359473750000006,26.113436
2024-04-12 17:00:00+00:00,22.978675083333332,25.516933
2024-04-12 18:00:00+00:00,21.41807183333333,25.053314
2024-04-12 19:00:00+00:00,21.68347125,24.527754
2024-04-12 20:00:00+00:00,22.16855533333333,24.247953
2024-04-12 21:00:00+00:00,22.640595500000003,24.950792
2024-04-12 22:00:00+00:00,24.29488516666667,26.74948
2024-04-12 23:00:00+00:00,30.625198416666667,27.826576
2024-04-13 00:00:00+00:00,36.986253749999996,27.277227
2024-04-13 01:00:00+00:00,31.981963500000003,25.590363
2024-04-13 02:00:00+00:00,30.005788749999997,23.619995
2024-04-13 03:00:00+00:00,24.94084408333333,22.062798
2024-04-13 04:00:00+00:00,21.3065495,21.067705
2024-04-13 05:00:00+00:00,22.84000958333333,20.426697
2024-04-13 06:00:00+00:00,18.563861,19.884338
2024-04-13 07:00:00+00:00,18.552436750000002,19.433243
2024-04-13 08:00:00+00:00,21.255506666666665,19.33868
2024-04-13 09:00:00+00:00,22.798133583333335,19.831944
2024-04-13 10:00:00+00:00,26.654743916666664,21.065434
2024-04-13 11:00:00+00:00,24.923048833333336,23.152035
2024-04-13 12:00:00+00:00,21.441677,25.209326
2024-04-13 13:00:00+00:00,21.2205475,22.09477
2024-04-13 14:00:00+00:00,21.63268325,21.80016
2024-04-13 15:00:00+00:00,19.928301666666666,21.457676
2024-04-13 16:00:00+00:00,17.37133175,21.271172
2024-04-13 17:00:00+00:00,16.112521666666666,21.239347
2024-04-13 18:00:00+00:00,13.8328705,21.204945
2024-04-13 19:00:00+00:00,13.397776916666666,21.148224
2024-04-13 20:00:00+00:00,13.882178666666666,21.171932
2024-04-13 21:00:00+00:00,15.169346583333335,21.435368
2024-04-13 22:00:00+00:00,19.37954866666667,22.279781
2024-04-13 23:00:00+00:00,36.81067458333333,23.61169
2024-04-14 00:00:00+00:00,31.5808495,24.378643
2024-04-14 01:00:00+00:00,22.227633333333333,23.95699
2024-04-14 02:00:00+00:00,18.307541666666665,22.54379
2024-04-14 03:00:00+00:00,15.353367583333334,21.084229
2024-04-14 04:00:00+00:00,15.533874249999998,20.011433
2024-04-14 05:00:00+00:00,16.347936833333335,19.282654
2024-04-14 06:00:00+00:00,14.322993250000001,18.776882
2024-04-14 07:00:00+00:00,13.987430583333333,18.43145
2024-04-14 08:00:00+00:00,15.202139833333334,18.284187
2024-04-14 09:00:00+00:00,15.651888833333333,18.399021
2024-04-14 10:00:00+00:00,17.725692,18.839262
2024-04-14 11:00:00+00:00,16.174235583333335,19.774359
2024-04-14 12:00:00+00:00,14.32548825,21.059967
2024-04-14 13:00:00+00:00,13.976114666666668,13.88489
2024-04-14 14:00:00+00:00,16.415035083333336,13.547354
2024-04-14 15:00:00+00:00,17.666000333333333,13.194855
2024-04-14 16:00:00+00:00,18.52692658333333,13.159127
2024-04-14 17:00:00+00:00,18.999408583333334,13.589848
2024-04-14 18:00:00+00:00,20.68866808333333,14.259478
2024-04-14 19:00:00+00:00,21.834223666666663,14.917253
2024-04-14 20:00:00+00:00,23.679960500000007,15.5477915
2024-04-14 21:00:00+00:00,31.90294166666667,16.153515
2024-04-14 22:00:00+00:00,37.15721683333333,16.868792
2024-04-14 23:00:00+00:00,44.8453565,17.93668
2024-04-15 00:00:00+00:00,46.855713916666666,18.94037
2024-04-15 01:00:00+00:00,35.28947266666667,19.277843
2024-04-15 02:00:00+00:00,32.49657583333333,18.500483
2024-04-15 03:00:00+00:00,27.23745708333334,16.90971
2024-04-15 04:00:00+00:00,20.247762583333333,15.454611
2024-04-15 05:00:00+00:00,18.35478325,14.457994
2024-04-15 06:00:00+00:00,14.799635249999998,13.860901
2024-04-15 07:00:00+00:00,14.024414166666666,13.584144
2024-04-15 08:00:00+00:00,15.565761333333334,13.619748
2024-04-15 09:00:00+00:00,21.021694666666665,14.020818
2024-04-15 10:00:00+00:00,29.106429083333335,14.868775
2024-04-15 11:00:00+00:00,28.612707333333333,16.090343
2024-04-15 12:00:00+00:00,25.23461383333333,17.166267
2024-04-15 13:00:00+00:00,24.517521833333333,26.849524
2024-04-15 14:00:00+00:00,26.08620025,27.242931
2024-04-15 15:00:00+00:00,28.587019749999996,27.307514
2024-04-15 16:00:00+00:00,30.485571750000002,27.091867
2024-04-15 17:00:00+00:00,31.595396166666664,26.985939
2024-04-15 18:00:00+00:00,31.660818916666667,27.465511
2024-04-15 19:00:00+00:00,33.719976833333334,28.608383
2024-04-15 20:00:00+00:00,38.4766725,29.703062
2024-04-15 21:00:00+00:00,46.832350999999996,32.76555
2024-04-15 22:00:00+00:00,51.20647066666667,37.28486
2024-04-15 23:00:00+00:00,56.29244091666666,37.642456
2024-04-16 00:00:00+00:00,55.202289416666666,35.41178
2024-04-16 01:00:00+00:00,32.22098125,31.895725
2024-04-16 02:00:00+00:00,24.201818333333335,27.763855
2024-04-16 03:00:00+00:00,18.52544425,23.781315
2024-04-16 04:00:00+00:00,16.5480505,20.431767
2024-04-16 05:00:00+00:00,15.347085083333333,17.998186
2024-04-16 06:00:00+00:00,14.537948499999999,16.674751
2024-04-16 07:00:00+00:00,14.42895675,16.599287
2024-04-16 08:00:00+00:00,15.20961175,17.635105
2024-04-16 09:00:00+00:00,19.395333750000002,19.559128
2024-04-16 10:00:00+00:00,24.480791416666666,23.42256
2024-04-16 11:00:00+00:00,22.330436666666667,28.332348
2024-04-16 12:00:00+00:00,16.91463025,30.219934
2024-04-16 13:00:00+00:00,16.749428,18.491241
2024-04-16 14:00:00+00:00,17.652104583333337,18.910717
2024-04-16 15:00:00+00:00,18.839289583333336,19.919556
2024-04-16 16:00:00+00:00,18.540413583333333,21.81255
2024-04-16 17:00:00+00:00,19.06923875,24.216898
2024-04-16 18:00:00+00:00,19.29859325,25.867895
2024-04-16 19:00:00+00:00,19.826957666666672,27.270939
2024-04-16 20:00:00+00:00,21.784364916666664,31.32717
2024-04-16 21:00:00+00:00,28.087414499999998,36.708244
2024-04-16 22:00:00+00:00,26.244055333333336,37.09681
2024-04-16 23:00:00+00:00,33.28140891666667,33.187973
2024-04-17 00:00:00+00:00,33.38073775,27.982683
2024-04-17 01:00:00+00:00,23.56560275,23.418118
2024-04-17 02:00:00+00:00,20.52035416666667,19.569927
2024-04-17 03:00:00+00:00,16.40453341666667,16.470276
2024-04-17 04:00:00+00:00,15.314924916666667,14.164513
2024-04-17 05:00:00+00:00,16.146732500000002,12.521051
2024-04-17 06:00:00+00:00,13.50782525,11.476621
2024-04-17 07:00:00+00:00,12.7878155,11.057233
2024-04-17 08:00:00+00:00,12.379960583333334,11.311519
2024-04-17 09:00:00+00:00,15.827655916666668,12.361022
2024-04-17 10:00:00+00:00,21.505989916666664,14.519298
2024-04-17 11:00:00+00:00,23.06138341666667,17.570312
2024-04-17 12:00:00+00:00,22.029319333333333,19.469458
2024-04-17 13:00:00+00:00,19.81263433333333,23.097881
2024-04-17 14:00:00+00:00,22.377958083333336,22.976866
2024-04-17 15:00:00+00:00,23.843293416666665,22.958532
2024-04-17 16:00:00+00:00,23.754583083333337,23.340332
2024-04-17 17:00:00+00:00,24.326943583333332,23.900362
2024-04-17 18:00:00+00:00,24.711834083333333,24.488398
2024-04-17 19:00:00+00:00,25.699927666666667,25.303284
2024-04-17 20:00:00+00:00,27.96965775,26.548353
2024-04-17 21:00:00+00:00,31.146747500000007,29.050594
2024-04-17 22:00:00+00:00,31.024559749999998,31.137072
2024-04-17 23:00:00+00:00,36.41368825,30.952534
2024-04-18 00:00:00+00:00,42.49162916666666,28.694872
2024-04-18 01:00:00+00:00,35.809945416666665,25.505219
2024-04-18 02:00:00+00:00,29.41437708333333,22.152836
2024-04-18 03:00:00+00:00,24.563784250000005,19.023008
2024-04-18 04:00:00+00:00,21.54281775,16.48074
2024-04-18 05:00:00+00:00,21.393179500000006,14.552637
2024-04-18 06:00:00+00:00,18.139792750000005,13.207594
2024-04-18 07:00:00+00:00,17.60380391666667,12.620931
2024-04-18 08:00:00+00:00,19.981452583333336,12.973823
2024-04-18 09:00:00+00:00,22.670037416666673,14.236113
2024-04-18 10:00:00+00:00,35.48414425,16.3256
2024-04-18 11:00:00+00:00,31.49489166666666,19.295633
2024-04-18 12:00:00+00:00,25.76903625,21.402105
2024-04-18 13:00:00+00:00,27.728388,25.118418
2024-04-18 14:00:00+00:00,29.15374091666667,25.199762
2024-04-18 15:00:00+00:00,33.4673075,25.429848
2024-04-18 16:00:00+00:00,32.961181833333335,25.7116
2024-04-18 17:00:00+00:00,31.819108083333333,26.14162
2024-04-18 18:00:00+00:00,30.345844416666665,26.907223
2024-04-18 19:00:00+00:00,30.650058250000004,27.985483
2024-04-18 20:00:00+00:00,33.88297416666666,29.204062
2024-04-18 21:00:00+00:00,39.53814525,31.82069
2024-04-18 22:00:00+00:00,47.69085949999999,34.757698
2024-04-18 23:00:00+00:00,52.33542616666667,34.65903
2024-04-19 00:00:00+00:00,44.48154791666667,32.546497
2024-04-19 01:00:00+00:00,31.799350249999996,29.753056
2024-04-19 02:00:00+00:00,27.12469475,26.640972
2024-04-19 03:00:00+00:00,20.711240916666664,23.461159
2024-04-19 04:00:00+00:00,16.89971,20.51692
2024-04-19 05:00:00+00:00,18.136786666666666,18.212904
2024-04-19 06:00:00+00:00,13.400276750000003,16.812584
2024-04-19 07:00:00+00:00,13.975156416666666,16.525719
2024-04-19 08:00:00+00:00,13.938146416666667,17.315672
2024-04-19 09:00:00+00:00,16.405179083333337,18.775406
2024-04-19 10:00:00+00:00,22.002715,20.94179
2024-04-19 11:00:00+00:00,25.543008083333334,23.617249
2024-04-19 12:00:00+00:00,27.680644583333333,24.88601
2024-04-19 13:00:00+00:00,25.036330083333336,29.187042
2024-04-19 14:00:00+00:00,22.992412416666667,28.790697
2024-04-19 15:00:00+00:00,21.527417249999996,27.84661
2024-04-19 16:00:00+00:00,20.138907916666668,26.674038
2024-04-19 17:00:00+00:00,20.140633333333337,25.608044
2024-04-19 18:00:00+00:00,18.65589841666667,24.645056
2024-04-19 19:00:00+00:00,18.088220250000003,24.089426
2024-04-19 20:00:00+00:00,18.59316958333333,25.3197
2024-04-19 21:00:00+00:00,21.502150666666665,28.442993
2024-04-19 22:00:00+00:00,24.795178833333335,29.872528
2024-04-19 23:00:00+00:00,30.40017525,28.844685
2024-04-20 00:00:00+00:00,36.13525825,26.740261
2024-04-20 01:00:00+00:00,28.293358,24.256575
2024-04-20 02:00:00+00:00,23.112128500000004,21.676807
2024-04-20 03:00:00+00:00,20.917249416666667,19.38658
2024-04-20 04:00:00+00:00,20.312461416666668,17.699867
2024-04-20 05:00:00+00:00,20.46290941666667,16.499084
2024-04-20 06:00:00+00:00,17.57839116666667,15.577654
2024-04-20 07:00:00+00:00,17.532832416666672,15.018119
2024-04-20 08:00:00+00:00,17.436291333333333,15.059973
2024-04-20 09:00:00+00:00,17.941402749999998,15.903712
2024-04-20 10:00:00+00:00,21.36177341666666,17.652912
2024-04-20 11:00:00+00:00,23.14656425,20.162664
2024-04-20 12:00:00+00:00,22.786820083333335,22.2798
2024-04-20 13:00:00+00:00,21.786759,23.319414
2024-04-20 14:00:00+00:00,18.990798666666667,23.019417
2024-04-20 15:00:00+00:00,17.688073750000004,22.714766
2024-04-20 16:00:00+00:00,15.355544000000002,22.412895
2024-04-20 17:00:00+00:00,13.960812666666667,22.023815
2024-04-20 18:00:00+00:00,13.049566833333335,21.540249
2024-04-20 19:00:00+00:00,12.56989475,21.000238
2024-04-20 20:00:00+00:00,13.943080333333334,20.517311
2024-04-20 21:00:00+00:00,16.12170141666667,20.636505
2024-04-20 22:00:00+00:00,21.253533749999995,22.128902
2024-04-20 23:00:00+00:00,27.3589825,24.332067
2024-04-21 00:00:00+00:00,37.69742608333333,25.269136
2024-04-21 01:00:00+00:00,32.71266766666667,24.439535
2024-04-21 02:00:00+00:00,28.517925166666668,22.402565
2024-04-21 03:00:00+00:00,25.416047666666667,20.264591
2024-04-21 04:00:00+00:00,20.737752083333334,18.595228
2024-04-21 05:00:00+00:00,21.29888016666667,17.392029
2024-04-21 06:00:00+00:00,20.615522333333335,16.465801
2024-04-21 07:00:00+00:00,21.153377583333334,15.687259
2024-04-21 08:00:00+00:00,20.285932666666668,15.140351
2024-04-21 09:00:00+00:00,20.345093166666672,15.009964
2024-04-21 10:00:00+00:00,22.775546583333337,15.40206
2024-04-21 11:00:00+00:00,21.737627,16.401396
2024-04-21 12:00:00+00:00,20.64513141666667,18.071968
2024-04-21 13:00:00+00:00,20.427969583333333,19.92444
2024-04-21 14:00:00+00:00,20.543614333333338,19.73129
2024-04-21 15:00:00+00:00,20.090203416666665,19.261623
2024-04-21 16:00:00+00:00,19.74906441666667,18.939907
2024-04-21 17:00:00+00:00,19.106684333333337,19.08942
2024-04-21 18:00:00+00:00,16.639257333333337,19.447388
2024-04-21 19:00:00+00:00,16.095610750000002,19.59195
2024-04-21 20:00:00+00:00,17.14705466666667,19.596527
2024-04-21 21:00:00+00:00,18.484313833333335,19.638456
2024-04-21 22:00:00+00:00,22.467284250000002,20.433292
2024-04-21 23:00:00+00:00,34.354572499999996,22.969028
2024-04-22 00:00:00+00:00,44.06317875,24.87309
2024-04-22 01:00:00+00:00,34.90429483333333,24.7268
2024-04-22 02:00:00+00:00,27.116105166666667,22.836199
2024-04-22 03:00:00+00:00,22.632356,20.074522
2024-04-22 04:00:00+00:00,18.7397615,17.736256
2024-04-22 05:00:00+00:00,19.20634108333333,16.162289
2024-04-22 06:00:00+00:00,16.962990916666666,15.214037
2024-04-22 07:00:00+00:00,15.411048666666666,14.811707
2024-04-22 08:00:00+00:00,17.360813750000005,15.060976
2024-04-22 09:00:00+00:00,27.801366666666667,16.008205
2024-04-22 10:00:00+00:00,50.908034916666665,17.639408
2024-04-22 11:00:00+00:00,47.31535433333334,20.342995
2024-04-22 12:00:00+00:00,25.36369241666667,22.626211
2024-04-22 13:00:00+00:00,22.534065,25.923697
2024-04-22 14:00:00+00:00,21.251310583333336,25.069033
2024-04-22 15:00:00+00:00,18.60907316666667,23.552776
2024-04-22 16:00:00+00:00,17.43660841666667,22.2291
2024-04-22 17:00:00+00:00,16.241904833333333,21.569042
2024-04-22 18:00:00+00:00,16.083275083333337,21.431833
2024-04-22 19:00:00+00:00,14.913510083333335,21.488527
2024-04-22 20:00:00+00:00,14.353298083333335,21.582869
2024-04-22 21:00:00+00:00,14.901455000000002,22.473486
2024-04-22 22:00:00+00:00,20.798951833333334,25.422224
2024-04-22 23:00:00+00:00,35.96498825,28.28741
2024-04-23 00:00:00+00:00,42.5325295,28.052664
2024-04-23 01:00:00+00:00,22.207808000000004,25.38464
2024-04-23 02:00:00+00:00,17.854432916666667,21.87381
2024-04-23 03:00:00+00:00,16.05780266666667,18.867239
2024-04-23 04:00:00+00:00,15.15619125,16.843082
2024-04-23 05:00:00+00:00,14.873481,15.644362
2024-04-23 06:00:00+00:00,14.094866166666668,15.102362
2024-04-23 07:00:00+00:00,13.935330583333332,15.371897
2024-04-23 08:00:00+00:00,14.363553916666667,16.4942
2024-04-23 09:00:00+00:00,18.08346733333334,18.499603
2024-04-23 10:00:00+00:00,30.85599425,22.039797
2024-04-23 11:00:00+00:00,27.117318166666667,25.142439
2024-04-23 12:00:00+00:00,19.400097333333335,26.147348
2024-04-23 13:00:00+00:00,18.04511591666667,19.701694
2024-04-23 14:00:00+00:00,18.36990258333333,18.786804
2024-04-23 15:00:00+00:00,17.103900750000005,17.72472
2024-04-23 16:00:00+00:00,16.989538750000005,16.922022
2024-04-23 17:00:00+00:00,16.966023416666673,16.65479
2024-04-23 18:00:00+00:00,16.56908075,16.71429
2024-04-23 19:00:00+00:00,16.743360083333336,16.744211
2024-04-23 20:00:00+00:00,17.074521416666666,16.7024
2024-04-23 21:00:00+00:00,18.49233525,16.926949
2024-04-23 22:00:00+00:00,23.3487085,18.14951
2024-04-23 23:00:00+00:00,29.51310191666667,19.711664
2024-04-24 00:00:00+00:00,38.050232333333334,19.724703
2024-04-24 01:00:00+00:00,27.95505808333333,18.477861
2024-04-24 02:00:00+00:00,22.235882833333335,16.678715
2024-04-24 03:00:00+00:00,19.688875166666666,14.8454275
2024-04-24 04:00:00+00:00,17.874461916666668,13.419227
2024-04-24 05:00:00+00:00,18.45971375,12.4563
2024-04-24 06:00:00+00:00,16.998800583333335,11.820567
2024-04-24 07:00:00+00:00,16.81560191666667,11.441608
2024-04-24 08:00:00+00:00,18.26157125,11.4584675
2024-04-24 09:00:00+00:00,21.448917499999997,12.056638
2024-04-24 10:00:00+00:00,32.08324725,13.2439165
2024-04-24 11:00:00+00:00,31.025525833333333,15.197766
2024-04-24 12:00:00+00:00,33.50033941666667,17.242292
2024-04-24 13:00:00+00:00,29.965804000000002,31.290312
2024-04-24 14:00:00+00:00,30.183748249999994,30.473518
2024-04-24 15:00:00+00:00,28.813523500000002,28.449558
2024-04-24 16:00:00+00:00,27.999673333333334,26.070917
2024-04-24 17:00:00+00:00,26.0011215,24.080502
2024-04-24 18:00:00+00:00,24.25807908333333,22.582396
2024-04-24 19:00:00+00:00,24.548531083333334,21.885464
2024-04-24 20:00:00+00:00,24.30099583333333,22.312937
2024-04-24 21:00:00+00:00,26.030048750000002,24.334772
2024-04-24 22:00:00+00:00,28.553337499999998,28.540546
2024-04-24 23:00:00+00:00,36.82754008333333,32.186455
2024-04-25 00:00:00+00:00,47.482890166666664,31.899427
2024-04-25 01:00:00+00:00,36.304028583333334,28.747412
2024-04-25 02:00:00+00:00,28.728582083333333,24.568829
2024-04-25 03:00:00+00:00,25.139309166666663,20.59742
2024-04-25 04:00:00+00:00,21.414185083333333,17.475641
2024-04-25 05:00:00+00:00,21.083004916666667,15.396058
2024-04-25 06:00:00+00:00,19.498545833333335,14.4002075
2024-04-25 07:00:00+00:00,19.46007008333333,14.582153
2024-04-25 08:00:00+00:00,20.571237333333332,15.98204
2024-04-25 09:00:00+00:00,27.508740500000002,18.455309
2024-04-25 10:00:00+00:00,39.86709691666667,21.662971
2024-04-25 11:00:00+00:00,35.50880383333333,24.678812
2024-04-25 12:00:00+00:00,26.027880666666665,26.95293
2024-04-25 13:00:00+00:00,23.844252916666665,24.56549
2024-04-25 14:00:00+00:00,23.08054041666667,23.754288
2024-04-25 15:00:00+00:00,21.615050416666666,22.574419
2024-04-25 16:00:00+00:00,21.627689083333333,21.521135
2024-04-25 17:00:00+00:00,21.515547666666667,20.999249
2024-04-25 18:00:00+00:00,19.97679775,21.000353
2024-04-25 19:00:00+00:00,20.100818333333336,21.211117
2024-04-25 20:00:00+00:00,19.761539916666667,21.448927
2024-04-25 21:00:00+00:00,20.89300025,22.59032
2024-04-25 22:00:00+00:00,24.134332249999996,25.335997
2024-04-25 23:00:00+00:00,33.02593075,27.301647
2024-04-26 00:00:00+00:00,41.042471,26.950212
2024-04-26 01:00:00+00:00,29.613525083333336,24.900475
2024-04-26 02:00:00+00:00,21.097142750000003,22.07658
2024-04-26 03:00:00+00:00,17.708175000000004,19.37682
2024-04-26 04:00:00+00:00,16.234479666666672,17.387218
2024-04-26 05:00:00+00:00,16.218540833333336,16.115767
2024-04-26 06:00:00+00:00,14.621833166666667,15.326996
2024-04-26 07:00:00+00:00,14.747028583333334,15.070368
2024-04-26 08:00:00+00:00,15.610547833333335,15.597441
2024-04-26 09:00:00+00:00,18.54963291666667,16.837101
2024-04-26 10:00:00+00:00,29.7606325,18.817745
2024-04-26 11:00:00+00:00,26.8672505,21.266441
2024-04-26 12:00:00+00:00,20.48899625,22.702454
2024-04-26 13:00:00+00:00,19.226219666666665,21.122906
2024-04-26 14:00:00+00:00,18.225036083333336,20.379967
2024-04-26 15:00:00+00:00,17.47904925,19.619678
2024-04-26 16:00:00+00:00,17.496793500000003,18.957548
2024-04-26 17:00:00+00:00,17.178324833333335,18.48756
2024-04-26 18:00:00+00:00,16.948777916666668,18.242458
2024-04-26 19:00:00+00:00,17.07121875,18.111881
2024-04-26 20:00:00+00:00,16.779530083333334,18.141893
2024-04-26 21:00:00+00:00,17.68983808333333,18.723503
2024-04-26 22:00:00+00:00,19.231323083333336,19.696104
2024-04-26 23:00:00+00:00,23.1661015,19.893333
2024-04-27 00:00:00+00:00,25.4623885,19.123466
2024-04-27 01:00:00+00:00,20.809914916666663,17.963787
2024-04-27 02:00:00+00:00,18.184863166666666,16.836924
2024-04-27 03:00:00+00:00,15.762467749999999,15.938467
2024-04-27 04:00:00+00:00,17.130029833333335,15.270343
2024-04-27 05:00:00+00:00,18.496098583333332,14.743841
2024-04-27 06:00:00+00:00,15.985822666666667,14.317672
2024-04-27 07:00:00+00:00,14.779216916666668,14.087035
2024-04-27 08:00:00+00:00,14.801753916666668,14.209312
2024-04-27 09:00:00+00:00,16.171792333333336,14.792946
2024-04-27 10:00:00+00:00,17.99862975,15.9441
2024-04-27 11:00:00+00:00,17.68729516666667,17.48927
2024-04-27 12:00:00+00:00,18.732359833333337,18.470758
2024-04-27 13:00:00+00:00,18.121551250000003,20.081413
2024-04-27 14:00:00+00:00,18.375954500000006,19.624495
2024-04-27 15:00:00+00:00,17.942291333333337,19.139482
2024-04-27 16:00:00+00:00,18.32098216666667,18.667547
2024-04-27 17:00:00+00:00,17.557396750000002,18.191105
2024-04-27 18:00:00+00:00,17.11535041666667,17.743595
2024-04-27 19:00:00+00:00,17.935526583333335,17.321331
2024-04-27 20:00:00+00:00,18.701074166666668,17.034924
2024-04-27 21:00:00+00:00,21.312796250000005,17.35488
2024-04-27 22:00:00+00:00,23.47244158333333,18.749184
2024-04-27 23:00:00+00:00,28.920807,20.269989
2024-04-28 00:00:00+00:00,32.5126535,20.599699
2024-04-28 01:00:00+00:00,27.2786195,19.782127
2024-04-28 02:00:00+00:00,21.640405416666667,18.166994
2024-04-28 03:00:00+00:00,16.70508741666667,16.563313
2024-04-28 04:00:00+00:00,15.915747250000004,15.353727
2024-04-28 05:00:00+00:00,14.252911916666667,14.483912
2024-04-28 06:00:00+00:00,12.465632166666667,13.802254
2024-04-28 07:00:00+00:00,12.039790416666667,13.250805
2024-04-28 08:00:00+00:00,10.618887666666668,12.940369
2024-04-28 09:00:00+00:00,11.547122583333332,13.01719
2024-04-28 10:00:00+00:00,13.986561750000002,13.572584
2024-04-28 11:00:00+00:00,11.903750833333334,14.746118
2024-04-28 12:00:00+00:00,12.303858916666668,16.383774
2024-04-28 13:00:00+00:00,13.363004250000001,12.907125
2024-04-28 14:00:00+00:00,13.410369333333335,13.785545
2024-04-28 15:00:00+00:00,14.933202583333332,14.484647
2024-04-28 16:00:00+00:00,15.582776666666666,15.319304
2024-04-28 17:00:00+00:00,18.012281583333337,16.014385
2024-04-28 18:00:00+00:00,19.062333916666667,16.370445
2024-04-28 19:00:00+00:00,20.985529583333335,16.64049
2024-04-28 20:00:00+00:00,24.37067408333333,17.096289
2024-04-28 21:00:00+00:00,28.606058666666666,18.059599
2024-04-28 22:00:00+00:00,32.613739833333334,20.041784
2024-04-28 23:00:00+00:00,38.53656433333334,22.27036
2024-04-29 00:00:00+00:00,40.10940083333333,22.66835
2024-04-29 01:00:00+00:00,30.045203,20.883106
2024-04-29 02:00:00+00:00,22.745237666666668,18.07056
2024-04-29 03:00:00+00:00,19.575851333333333,15.631319
2024-04-29 04:00:00+00:00,10.552740083333331,13.876007
2024-04-29 05:00:00+00:00,8.594606166666667,12.689401
2024-04-29 06:00:00+00:00,9.146806583333333,11.968143
2024-04-29 07:00:00+00:00,8.560987833333334,11.614685
2024-04-29 08:00:00+00:00,9.147566333333334,11.586441
2024-04-29 09:00:00+00:00,12.328088000000001,11.908507
2024-04-29 10:00:00+00:00,17.96122108333333,12.676444
2024-04-29 11:00:00+00:00,19.358065333333336,13.964718
2024-04-29 12:00:00+00:00,18.41426825,15.443119
2024-04-29 13:00:00+00:00,18.52135175,19.506973
2024-04-29 14:00:00+00:00,20.716209250000002,20.54461
2024-04-29 15:00:00+00:00,22.918186750000004,22.10354
2024-04-29 16:00:00+00:00,25.5951625,23.790796
2024-04-29 17:00:00+00:00,28.401692583333332,25.12759
2024-04-29 18:00:00+00:00,29.29679625,25.868082
2024-04-29 19:00:00+00:00,35.037481,26.823542
2024-04-29 20:00:00+00:00,41.977957749999995,29.968359
2024-04-29 21:00:00+00:00,47.27949475,33.868423
2024-04-29 22:00:00+00:00,49.6939645,34.038074
2024-04-29 23:00:00+00:00,56.52933408333334,31.732037
2024-04-30 00:00:00+00:00,52.91271166666667,28.547642
2024-04-30 01:00:00+00:00,37.82269658333333,25.176949
2024-04-30 02:00:00+00:00,24.886225,21.915915
2024-04-30 03:00:00+00:00,24.399413,19.000652
2024-04-30 04:00:00+00:00,24.088688516666664,16.430958
2024-04-30 05:00:00+00:00,23.777964033333333,14.357141
2024-04-30 06:00:00+00:00,23.46723955,12.98145
2024-05-01 04:00:00+00:00,16.631300916666667,12.443118
2024-05-01 05:00:00+00:00,14.940316000000001,12.792873
2024-05-01 06:00:00+00:00,11.757624916666666,13.93339
2024-05-01 07:00:00+00:00,10.463587833333333,16.100157
2024-05-01 08:00:00+00:00,11.721819583333334,20.05575
2024-05-01 09:00:00+00:00,15.625192583333336,22.771572
2024-05-01 10:00:00+00:00,22.722211750000003,21.069937
2024-05-01 11:00:00+00:00,24.063924916666664,22.342056
2024-05-01 12:00:00+00:00,21.967737416666665,23.734585
2024-05-01 13:00:00+00:00,22.120155999999994,25.281113
2024-05-01 14:00:00+00:00,21.7732515,26.799568
2024-05-01 15:00:00+00:00,22.202456833333333,27.857227
2024-05-01 16:00:00+00:00,23.024680166666666,27.866638
2024-05-01 17:00:00+00:00,24.11194625,28.839455
2024-05-01 18:00:00+00:00,26.974955833333336,32.6048
2024-05-01 19:00:00+00:00,29.229191,38.243793
2024-05-01 20:00:00+00:00,33.84872241666667,40.10762
2024-05-01 21:00:00+00:00,38.93783425,37.72267
2024-05-01 22:00:00+00:00,44.81831125,33.448845
2024-05-01 23:00:00+00:00,47.465294,29.111332
2024-05-02 00:00:00+00:00,46.245467749999996,25.109375
2024-05-02 01:00:00+00:00,33.098776666666666,21.226664
2024-05-02 02:00:00+00:00,22.886039833333328,17.837017
2024-05-02 03:00:00+00:00,21.33730733333333,15.210648
2024-05-02 04:00:00+00:00,21.38357333333333,13.156867
2024-05-02 05:00:00+00:00,16.913370083333337,11.558573
2024-05-02 06:00:00+00:00,13.850407166666667,10.575034
2024-05-02 07:00:00+00:00,12.041200666666665,10.360174
2024-05-02 08:00:00+00:00,12.406635583333333,11.027823
2024-05-02 09:00:00+00:00,14.933809916666666,12.732424
2024-05-02 10:00:00+00:00,20.9746065,18.172596
2024-05-02 11:00:00+00:00,22.59052008333333,21.56889
2024-05-02 12:00:00+00:00,18.935612333333335,24.69124
2024-05-02 13:00:00+00:00,18.718196250000005,27.387907
2024-05-02 14:00:00+00:00,20.76643808333333,29.364634
2024-05-02 15:00:00+00:00,22.648307083333332,30.501204
2024-05-02 16:00:00+00:00,23.792798416666667,30.54789
2024-05-02 17:00:00+00:00,25.064645416666668,29.928537
2024-05-02 18:00:00+00:00,28.302663499999998,30.88103
2024-05-02 19:00:00+00:00,34.54604941666667,35.004986
2024-05-02 20:00:00+00:00,39.536358916666664,40.105286
2024-05-02 21:00:00+00:00,48.6173385,41.293144
2024-05-02 22:00:00+00:00,54.38316708333334,39.161263
2024-05-02 23:00:00+00:00,53.88062333333334,35.029785
2024-05-03 00:00:00+00:00,47.65914658333333,30.110699
2024-05-03 01:00:00+00:00,39.565335749999996,25.560818
2024-05-03 02:00:00+00:00,30.52395033333333,21.646166
2024-05-03 03:00:00+00:00,25.332051083333337,18.55846
2024-05-03 04:00:00+00:00,23.566041166666665,16.159939
2024-05-03 05:00:00+00:00,22.177919583333335,14.206377
2024-05-03 06:00:00+00:00,18.39653566666667,12.769357
2024-05-03 07:00:00+00:00,17.545782250000002,12.054592
2024-05-03 08:00:00+00:00,17.861263583333333,12.12612
2024-05-03 09:00:00+00:00,19.835208416666667,13.007777
2024-05-03 10:00:00+00:00,27.086895166666665,22.350769
2024-05-03 11:00:00+00:00,28.49974933333333,25.192785
2024-05-03 12:00:00+00:00,28.091521083333333,27.814484
2024-05-03 13:00:00+00:00,30.724301333333333,30.40164
2024-05-03 14:00:00+00:00,31.656377000000003,32.7208
2024-05-03 15:00:00+00:00,31.62598433333333,34.70984
2024-05-03 16:00:00+00:00,33.52559375,35.360374
2024-05-03 17:00:00+00:00,34.97294991666667,34.85721
2024-05-03 18:00:00+00:00,34.39536258333333,35.70311
2024-05-03 19:00:00+00:00,32.90153491666667,39.281693
2024-05-03 20:00:00+00:00,34.341098333333335,44.46694
2024-05-03 21:00:00+00:00,34.414143,45.94102
2024-05-03 22:00:00+00:00,31.950581333333332,43.505737
2024-05-03 23:00:00+00:00,33.740164416666666,39.329292
2024-05-04 00:00:00+00:00,33.602821666666664,34.95198
2024-05-04 01:00:00+00:00,27.756542500000002,31.000675
2024-05-04 02:00:00+00:00,24.324873583333332,27.176893
2024-05-04 03:00:00+00:00,20.920294416666664,23.733187
2024-05-04 04:00:00+00:00,22.2925135,20.986809
2024-05-04 05:00:00+00:00,19.724885333333333,18.826077
2024-05-04 06:00:00+00:00,16.160094333333337,17.13602
2024-05-04 07:00:00+00:00,15.187988916666667,16.081715
2024-05-04 08:00:00+00:00,14.765497416666669,15.850144
2024-05-04 09:00:00+00:00,15.91266025,16.545628
2024-05-04 10:00:00+00:00,17.543285166666667,17.436325
2024-05-04 11:00:00+00:00,20.01771383333334,19.237007
2024-05-04 12:00:00+00:00,24.954678916666666,20.63306
2024-05-04 13:00:00+00:00,26.062366249999997,21.868906
2024-05-04 14:00:00+00:00,25.739162500000003,22.695168
2024-05-04 15:00:00+00:00,26.280220916666668,22.50798
2024-05-04 16:00:00+00:00,25.757009999999994,21.795025
2024-05-04 17:00:00+00:00,25.1952495,21.30967
2024-05-04 18:00:00+00:00,25.551935416666666,21.237967
2024-05-04 19:00:00+00:00,26.75679575,21.517187
2024-05-04 20:00:00+00:00,28.187565083333336,22.862682
2024-05-04 21:00:00+00:00,32.63563091666666,25.685799
2024-05-04 22:00:00+00:00,33.83268483333333,27.737955
2024-05-04 23:00:00+00:00,36.21152416666667,27.815538
2024-05-05 00:00:00+00:00,35.663071583333334,26.142927
2024-05-05 01:00:00+00:00,29.707197,23.50951
2024-05-05 02:00:00+00:00,24.317382416666664,20.984293
2024-05-05 03:00:00+00:00,21.333688833333337,18.967232
2024-05-05 04:00:00+00:00,17.9323985,17.336784
2024-05-05 05:00:00+00:00,16.52120725,15.994689
2024-05-05 06:00:00+00:00,13.549115333333335,15.020142
2024-05-05 07:00:00+00:00,11.369508416666667,14.464853
2024-05-05 08:00:00+00:00,11.482511500000001,14.316385
2024-05-05 09:00:00+00:00,12.321343,14.547743
2024-05-05 10:00:00+00:00,12.987319166666666,13.535427
2024-05-05 11:00:00+00:00,14.441349,14.850562
2024-05-05 12:00:00+00:00,18.728185,16.513248
2024-05-05 13:00:00+00:00,22.494444833333333,18.479877
2024-05-05 14:00:00+00:00,22.521977916666668,20.206928
2024-05-05 15:00:00+00:00,23.111925,21.044157
2024-05-05 16:00:00+00:00,24.82392175,21.193733
2024-05-05 17:00:00+00:00,23.452010916666666,21.15561
2024-05-05 18:00:00+00:00,23.48066475,21.008253
2024-05-05 19:00:00+00:00,24.71801641666667,20.918749
2024-05-05 20:00:00+00:00,26.839155083333335,21.650776
2024-05-05 21:00:00+00:00,29.339109416666663,24.118711
2024-05-05 22:00:00+00:00,31.271969916666666,26.877657
2024-05-05 23:00:00+00:00,34.44404358333333,27.700048
2024-05-06 00:00:00+00:00,36.06727225,26.22089
2024-05-06 01:00:00+00:00,31.15243291666667,23.307135
2024-05-06 02:00:00+00:00,23.60556708333333,20.4744
2024-05-06 03:00:00+00:00,20.092101333333336,18.218931
2024-05-06 04:00:00+00:00,15.367761416666667,16.378218
2024-05-06 05:00:00+00:00,14.325938416666666,14.916877
2024-05-06 06:00:00+00:00,11.965989833333333,13.9275875
2024-05-06 07:00:00+00:00,12.716787166666668,13.388082
2024-05-06 08:00:00+00:00,13.647100416666667,13.213487
2024-05-06 09:00:00+00:00,17.93754375,13.331535
2024-05-06 10:00:00+00:00,24.686960249999995,21.781067
2024-05-06 11:00:00+00:00,30.962143499999996,27.152102
2024-05-06 12:00:00+00:00,31.508579916666665,31.766262
2024-05-06 13:00:00+00:00,31.200664916666668,34.547935
2024-05-06 14:00:00+00:00,32.02541108333333,35.61643
2024-05-06 15:00:00+00:00,33.17490041666667,35.371235
2024-05-06 16:00:00+00:00,35.37767925,34.168156
2024-05-06 17:00:00+00:00,33.383915916666666,32.20125
2024-05-06 18:00:00+00:00,30.36265666666667,30.280243
2024-05-06 19:00:00+00:00,30.90076475,30.456394
2024-05-06 20:00:00+00:00,34.814295916666666,34.42128
2024-05-06 21:00:00+00:00,43.305596416666674,38.333145
2024-05-06 22:00:00+00:00,40.211496000000004,39.139015
2024-05-06 23:00:00+00:00,37.04983925,38.105305
2024-05-07 00:00:00+00:00,39.3800135,35.203564
2024-05-07 01:00:00+00:00,34.768834500000004,30.820246
2024-05-07 02:00:00+00:00,25.439713,26.291603
2024-05-07 03:00:00+00:00,21.502605583333334,22.708235
2024-05-07 04:00:00+00:00,17.644694416666667,20.220753
2024-05-07 05:00:00+00:00,17.891601083333335,18.415613
2024-05-07 06:00:00+00:00,14.503864666666667,17.125769
2024-05-07 07:00:00+00:00,13.0490755,16.411045
2024-05-07 08:00:00+00:00,13.815414666666667,16.292156
2024-05-07 09:00:00+00:00,17.142831083333338,16.808996
2024-05-07 10:00:00+00:00,21.623753166666663,21.066479
2024-05-07 11:00:00+00:00,24.22173325,25.616348
2024-05-07 12:00:00+00:00,22.37751316666667,29.772348
2024-05-07 13:00:00+00:00,23.48691475,32.717216
2024-05-07 14:00:00+00:00,25.186223416666667,34.170357
2024-05-07 15:00:00+00:00,26.137347000000002,34.714478
2024-05-07 16:00:00+00:00,26.95640091666667,34.397633
2024-05-07 17:00:00+00:00,28.311862583333333,33.355396
2024-05-07 18:00:00+00:00,28.191003583333334,33.04411
2024-05-07 19:00:00+00:00,30.53823216666667,35.831066
2024-05-07 20:00:00+00:00,37.11764575,39.990883
2024-05-07 21:00:00+00:00,46.63303166666665,41.39714
2024-05-07 22:00:00+00:00,48.252844083333336,40.478996
2024-05-07 23:00:00+00:00,48.85006033333334,38.149216
2024-05-08 00:00:00+00:00,47.61674441666667,34.37066
2024-05-08 01:00:00+00:00,40.74702325,29.99266
2024-05-08 02:00:00+00:00,28.748290916666665,25.814753
2024-05-08 03:00:00+00:00,24.98360375,22.410221
2024-05-08 04:00:00+00:00,21.583495583333328,19.852343
2024-05-08 05:00:00+00:00,20.895952666666666,17.87431
2024-05-08 06:00:00+00:00,17.598550666666664,16.45747
2024-05-08 07:00:00+00:00,16.262578083333334,15.718129
2024-05-08 08:00:00+00:00,17.187607,15.666639
2024-05-08 09:00:00+00:00,21.45998541666667,16.335934
2024-05-08 10:00:00+00:00,25.576199666666668,25.31111
2024-05-08 11:00:00+00:00,26.57661625,30.487158
2024-05-08 12:00:00+00:00,26.6484365,35.785976
2024-05-08 13:00:00+00:00,28.45305058333333,39.531815
2024-05-08 14:00:00+00:00,30.02029625,41.37864
2024-05-08 15:00:00+00:00,33.56186866666667,42.06264
2024-05-08 16:00:00+00:00,34.698066250000004,41.287422
2024-05-08 17:00:00+00:00,40.606236083333336,39.448425
2024-05-08 18:00:00+00:00,46.29157083333334,39.13102
2024-05-08 19:00:00+00:00,53.58686933333333,43.052883
2024-05-08 20:00:00+00:00,60.51216058333333,48.205105
2024-05-08 21:00:00+00:00,74.5005805,49.202835
2024-05-08 22:00:00+00:00,66.78414891666667,47.33323
2024-05-08 23:00:00+00:00,59.938318,43.6198
2024-05-09 00:00:00+00:00,51.27658266666666,39.202255
2024-05-09 01:00:00+00:00,38.05922925,34.587826
2024-05-09 02:00:00+00:00,26.807024,29.727514
2024-05-09 03:00:00+00:00,21.411384666666667,25.509186
2024-05-09 04:00:00+00:00,21.54460983333334,22.47343
2024-05-09 05:00:00+00:00,19.7615185,20.34358
2024-05-09 06:00:00+00:00,16.578069166666666,18.935907
2024-05-09 07:00:00+00:00,15.851699583333334,18.332533
2024-05-09 08:00:00+00:00,16.894062416666667,18.67336
2024-05-09 09:00:00+00:00,20.642887999999996,20.269947
2024-05-09 10:00:00+00:00,25.686550000000004,23.457405
2024-05-09 11:00:00+00:00,29.904232583333336,26.663046
2024-05-09 12:00:00+00:00,31.949645916666668,30.021517
2024-05-09 13:00:00+00:00,32.17845441666667,33.38488
2024-05-09 14:00:00+00:00,30.977358083333332,36.44914
2024-05-09 15:00:00+00:00,30.77475616666667,39.41915
2024-05-09 16:00:00+00:00,29.249677249999998,40.61563
2024-05-09 17:00:00+00:00,29.103761583333334,40.34893
2024-05-09 18:00:00+00:00,28.056548750000005,42.17019
2024-05-09 19:00:00+00:00,28.519719166666665,48.45337
2024-05-09 20:00:00+00:00,29.62115233333333,54.060482
2024-05-09 21:00:00+00:00,31.716791916666665,53.86071
2024-05-09 22:00:00+00:00,32.70719558333334,50.141228
2024-05-09 23:00:00+00:00,34.563722166666665,44.52813
2024-05-10 00:00:00+00:00,36.92359416666667,38.72294
2024-05-10 01:00:00+00:00,30.75055591666667,33.641743
2024-05-10 02:00:00+00:00,26.42882966666667,29.152866
2024-05-10 03:00:00+00:00,21.924938333333333,25.46449
2024-05-10 04:00:00+00:00,19.812136083333336,22.554607
2024-05-10 05:00:00+00:00,20.6910955,20.222435
2024-05-10 06:00:00+00:00,17.107211500000002,18.554346
2024-05-10 07:00:00+00:00,16.11113875,17.762913
2024-05-10 08:00:00+00:00,17.750413916666666,17.909752
2024-05-10 09:00:00+00:00,21.52200125,19.007105
2024-05-10 10:00:00+00:00,26.463619249999997,25.60331
2024-05-10 11:00:00+00:00,29.202004083333335,28.582226
2024-05-10 12:00:00+00:00,29.951701416666666,30.53932
2024-05-10 13:00:00+00:00,30.443260083333332,31.825823
2024-05-10 14:00:00+00:00,29.73163033333333,31.966843
2024-05-10 15:00:00+00:00,28.764869083333334,30.543095
2024-05-10 16:00:00+00:00,28.808566499999998,28.91235
2024-05-10 17:00:00+00:00,27.888675916666667,28.03044
2024-05-10 18:00:00+00:00,24.192800083333335,27.624249
2024-05-10 19:00:00+00:00,24.665347749999995,27.85763
2024-05-10 20:00:00+00:00,25.236332833333332,31.038857
2024-05-10 21:00:00+00:00,24.971629916666668,36.17985
2024-05-10 22:00:00+00:00,25.127765166666666,38.34243
2024-05-10 23:00:00+00:00,27.01184775,37.24086
2024-05-11 00:00:00+00:00,31.476981749999997,33.81375
2024-05-11 01:00:00+00:00,28.949087083333335,29.548998
2024-05-11 02:00:00+00:00,24.126742583333332,25.675589
2024-05-11 03:00:00+00:00,19.299648500000004,22.68649
2024-05-11 04:00:00+00:00,19.878896583333333,20.446491
2024-05-11 05:00:00+00:00,18.93134308333334,18.651802
2024-05-11 06:00:00+00:00,17.092786416666666,17.251919
2024-05-11 07:00:00+00:00,16.981510083333337,16.408535
2024-05-11 08:00:00+00:00,17.118381583333335,16.253887
2024-05-11 09:00:00+00:00,18.08469116666667,16.853981
2024-05-11 10:00:00+00:00,17.803060750000004,20.17971
2024-05-11 11:00:00+00:00,18.857214916666667,22.110704
2024-05-11 12:00:00+00:00,20.73716875,23.707483
2024-05-11 13:00:00+00:00,19.813694666666667,24.6469
2024-05-11 14:00:00+00:00,18.312446416666667,24.465658
2024-05-11 15:00:00+00:00,17.057259916666666,23.249084
2024-05-11 16:00:00+00:00,16.13266175,21.873291
2024-05-11 17:00:00+00:00,15.661505416666666,20.852146
2024-05-11 18:00:00+00:00,15.9629245,20.278622
2024-05-11 19:00:00+00:00,15.442290166666666,20.209753
2024-05-11 20:00:00+00:00,16.722101916666666,21.182787
2024-05-11 21:00:00+00:00,18.43120816666667,23.827555
2024-05-11 22:00:00+00:00,22.14626191666666,27.091461
2024-05-11 23:00:00+00:00,27.120058583333332,28.928616
2024-05-12 00:00:00+00:00,37.338991166666666,27.957998
2024-05-12 01:00:00+00:00,31.550916666666662,24.970676
2024-05-12 02:00:00+00:00,24.02274158333333,21.77637
2024-05-12 03:00:00+00:00,19.97092575,19.28977
2024-05-12 04:00:00+00:00,16.346939750000004,17.447235
2024-05-12 05:00:00+00:00,14.98010575,16.087627
2024-05-12 06:00:00+00:00,14.07090125,15.162792
2024-05-12 07:00:00+00:00,14.852610666666667,14.677466
2024-05-12 08:00:00+00:00,12.904061333333333,14.677293
2024-05-12 09:00:00+00:00,13.850609583333332,15.202717
2024-05-12 10:00:00+00:00,14.090619583333332,15.147554
2024-05-12 11:00:00+00:00,14.051212833333333,16.683151
2024-05-12 12:00:00+00:00,15.400366083333333,18.66208
2024-05-12 13:00:00+00:00,15.372603583333335,20.586224
2024-05-12 14:00:00+00:00,15.552497916666667,21.288475
2024-05-12 15:00:00+00:00,16.121485916666668,20.710007
2024-05-12 16:00:00+00:00,15.3801435,19.772367
2024-05-12 17:00:00+00:00,14.862610916666668,19.037722
2024-05-12 18:00:00+00:00,14.040913000000002,18.610968
2024-05-12 19:00:00+00:00,15.313797500000002,18.346859
2024-05-12 20:00:00+00:00,17.103492250000002,18.36891
2024-05-12 21:00:00+00:00,19.272139083333332,19.521542
2024-05-12 22:00:00+00:00,23.10696833333333,22.204565
2024-05-12 23:00:00+00:00,30.744286583333334,24.354488
2024-05-13 00:00:00+00:00,34.31818875,24.379139
2024-05-13 01:00:00+00:00,23.352525749999998,22.512207
2024-05-13 02:00:00+00:00,16.896004250000004,20.052492
2024-05-13 03:00:00+00:00,16.207256750000003,18.058128
2024-05-13 04:00:00+00:00,14.515458833333334,16.549057
2024-05-13 05:00:00+00:00,15.01556925,15.41971
2024-05-13 06:00:00+00:00,14.220345333333333,14.673607
2024-05-13 07:00:00+00:00,14.301499083333335,14.270503
2024-05-13 08:00:00+00:00,15.69606091666667,14.153989
2024-05-13 09:00:00+00:00,21.699116583333335,14.286186
2024-05-13 10:00:00+00:00,35.11758458333333,27.246372
2024-05-13 11:00:00+00:00,26.988610249999997,29.7304
2024-05-13 12:00:00+00:00,23.232931500000003,31.125046
2024-05-13 13:00:00+00:00,24.784639333333338,31.120403
2024-05-13 14:00:00+00:00,25.259132583333336,29.52575
2024-05-13 15:00:00+00:00,25.02170525,26.972689
2024-05-13 16:00:00+00:00,27.32226808333333,24.911495
2024-05-13 17:00:00+00:00,26.302444583333337,23.508205
2024-05-13 18:00:00+00:00,28.420153916666667,22.227285
2024-05-13 19:00:00+00:00,30.307043833333335,21.415253
2024-05-13 20:00:00+00:00,33.28647325,22.183544
2024-05-13 21:00:00+00:00,40.87256575,26.50022
2024-05-13 22:00:00+00:00,45.92189808333333,31.191666
2024-05-13 23:00:00+00:00,47.35736433333333,31.245708
2024-05-14 00:00:00+00:00,48.96882208333333,29.231976
2024-05-14 01:00:00+00:00,42.494632333333335,26.232992
2024-05-14 02:00:00+00:00,33.14716991666666,22.857685
2024-05-14 03:00:00+00:00,23.4915755,19.812075
2024-05-14 04:00:00+00:00,25.63739975,17.489384
2024-05-14 05:00:00+00:00,22.665248000000002,15.973465
2024-05-14 06:00:00+00:00,19.016025500000005,15.269252
2024-05-14 07:00:00+00:00,18.732488666666665,15.433245
2024-05-14 08:00:00+00:00,19.337512250000003,16.327242
2024-05-14 09:00:00+00:00,25.49280566666667,17.947504
2024-05-14 10:00:00+00:00,29.947194333333332,31.970524
2024-05-14 11:00:00+00:00,35.35328441666667,35.32562
2024-05-14 12:00:00+00:00,37.38532941666667,37.68889
2024-05-14 13:00:00+00:00,36.155906,38.678146
2024-05-14 14:00:00+00:00,35.34486916666666,38.412724
2024-05-14 15:00:00+00:00,37.54774808333333,37.514618
2024-05-14 16:00:00+00:00,36.60099775,36.836052
2024-05-14 17:00:00+00:00,36.507248249999996,36.11922
2024-05-14 18:00:00+00:00,34.14427425,35.224197
2024-05-14 19:00:00+00:00,33.80525216666667,34.90175
2024-05-14 20:00:00+00:00,36.73256158333333,36.63082
2024-05-14 21:00:00+00:00,37.86233433333333,41.49318
2024-05-14 22:00:00+00:00,32.92928533333333,43.53952
2024-05-14 23:00:00+00:00,31.428681,41.8016
2024-05-15 00:00:00+00:00,39.20579141666666,38.74801
2024-05-15 01:00:00+00:00,35.65927033333333,34.91858
2024-05-15 02:00:00+00:00,27.739141666666665,30.59898
2024-05-15 03:00:00+00:00,22.358631583333334,26.476658
2024-05-15 04:00:00+00:00,25.052291166666663,22.891708
2024-05-15 05:00:00+00:00,23.75848458333333,19.926926
2024-05-15 06:00:00+00:00,18.93996883333334,18.016687
2024-05-15 07:00:00+00:00,17.48270975,17.552652
2024-05-15 08:00:00+00:00,21.11299566666667,18.256655
2024-05-15 09:00:00+00:00,25.67135641666667,19.855373
2024-05-15 10:00:00+00:00,30.075207166666672,32.201946
2024-05-15 11:00:00+00:00,34.801624583333336,35.54033
2024-05-15 12:00:00+00:00,36.266805,37.121956
2024-05-15 13:00:00+00:00,39.732601333333335,37.08318
2024-05-15 14:00:00+00:00,40.426440416666665,35.557507
2024-05-15 15:00:00+00:00,38.34998733333334,32.92773
2024-05-15 16:00:00+00:00,35.41098916666667,30.75174
2024-05-15 17:00:00+00:00,37.453330083333334,29.625046
2024-05-15 18:00:00+00:00,36.320430083333335,28.507055
2024-05-15 19:00:00+00:00,36.61239858333334,27.994911
2024-05-15 20:00:00+00:00,36.46633683333334,31.821661
2024-05-15 21:00:00+00:00,39.7448,38.993053
2024-05-15 22:00:00+00:00,38.124339,41.26256
2024-05-15 23:00:00+00:00,38.138838916666664,39.64863
2024-05-16 00:00:00+00:00,44.140996666666666,36.486507
2024-05-16 01:00:00+00:00,38.520001,32.361633
2024-05-16 02:00:00+00:00,33.722613833333334,28.01145
2024-05-16 03:00:00+00:00,26.0128055,24.13412
2024-05-16 04:00:00+00:00,25.21224691666667,21.04923
2024-05-16 05:00:00+00:00,23.49708533333333,18.810257
2024-05-16 06:00:00+00:00,21.09779491666667,17.395655
2024-05-16 07:00:00+00:00,20.682368416666666,16.992851
2024-05-16 08:00:00+00:00,22.89840716666667,17.675755
2024-05-16 09:00:00+00:00,29.1512535,19.243792
2024-05-16 10:00:00+00:00,35.603253583333334,34.271755
2024-05-16 11:00:00+00:00,35.62823616666667,37.605312
2024-05-16 12:00:00+00:00,35.40002325,39.576412
2024-05-16 13:00:00+00:00,34.62225475,40.353676
2024-05-16 14:00:00+00:00,34.074292,39.782295
2024-05-16 15:00:00+00:00,34.21404908333333,37.98732
2024-05-16 16:00:00+00:00,36.72417766666667,36.288616
2024-05-16 17:00:00+00:00,39.459288666666666,35.12239
2024-05-16 18:00:00+00:00,39.60849541666666,34.08997
2024-05-16 19:00:00+00:00,40.668700333333334,34.089966
2024-05-16 20:00:00+00:00,41.41300174999999,38.279957
2024-05-16 21:00:00+00:00,47.96378525,43.161537
2024-05-16 22:00:00+00:00,57.879309833333345,43.65785
2024-05-16 23:00:00+00:00,56.84788716666667,41.68778
2024-05-17 00:00:00+00:00,61.89363116666667,38.805134
2024-05-17 01:00:00+00:00,51.546698666666664,35.457558
2024-05-17 02:00:00+00:00,40.097592999999996,32.044502
2024-05-17 03:00:00+00:00,30.40906575,29.080677
2024-05-17 04:00:00+00:00,27.04986291666667,26.82087
2024-05-17 05:00:00+00:00,26.072880249999997,25.155771
2024-05-17 06:00:00+00:00,20.86466,24.038551
2024-05-17 07:00:00+00:00,20.13799641666667,23.624205
2024-05-17 08:00:00+00:00,21.637896833333333,24.02053
2024-05-17 09:00:00+00:00,26.79907516666667,25.264324
2024-05-17 10:00:00+00:00,28.93334025,30.91197
2024-05-17 11:00:00+00:00,28.172849833333334,34.60551
2024-05-17 12:00:00+00:00,31.102368666666667,37.624077
2024-05-17 13:00:00+00:00,30.40884475,40.034653
2024-05-17 14:00:00+00:00,30.17144408333333,41.396225
2024-05-17 15:00:00+00:00,30.132770666666666,41.563644
2024-05-17 16:00:00+00:00,31.47321558333333,40.710114
2024-05-17 17:00:00+00:00,32.044308,39.182205
2024-05-17 18:00:00+00:00,34.959438666666664,38.312103
2024-05-17 19:00:00+00:00,32.45133466666667,40.251015
2024-05-17 20:00:00+00:00,34.64769966666667,44.830986
2024-05-17 21:00:00+00:00,38.113656,47.571415
2024-05-17 22:00:00+00:00,35.18147808333333,47.300846
2024-05-17 23:00:00+00:00,34.96162616666667,45.258476
2024-05-18 00:00:00+00:00,41.574075833333325,41.722755
2024-05-18 01:00:00+00:00,36.803613500000004,37.697098
2024-05-18 02:00:00+00:00,30.005839500000004,33.909504
2024-05-18 03:00:00+00:00,26.387375416666668,30.812536
2024-05-18 04:00:00+00:00,24.535035750000002,28.489902
2024-05-18 05:00:00+00:00,22.05658225,26.666172
2024-05-18 06:00:00+00:00,18.99475675,25.24542
2024-05-18 07:00:00+00:00,18.521475000000002,24.38102
2024-05-18 08:00:00+00:00,19.438319083333333,24.168808
2024-05-18 09:00:00+00:00,20.55603208333333,24.649971
2024-05-18 10:00:00+00:00,21.020617,22.414906
2024-05-18 11:00:00+00:00,21.788746833333335,24.570686
2024-05-18 12:00:00+00:00,26.188027833333337,26.52798
2024-05-18 13:00:00+00:00,28.877816666666664,28.463448
2024-05-18 14:00:00+00:00,28.854316416666666,29.786428
2024-05-18 15:00:00+00:00,29.291318333333333,29.89308
2024-05-18 16:00:00+00:00,30.712973333333334,29.37632
2024-05-18 17:00:00+00:00,32.1056675,28.911896
2024-05-18 18:00:00+00:00,33.978796833333334,28.722313
2024-05-18 19:00:00+00:00,37.32273141666666,29.224005
2024-05-18 20:00:00+00:00,39.174650416666665,31.300814
2024-05-18 21:00:00+00:00,41.72718533333333,34.428707
2024-05-18 22:00:00+00:00,43.206428833333334,36.268
2024-05-18 23:00:00+00:00,44.209086583333345,36.05585
2024-05-19 00:00:00+00:00,41.60633841666667,33.965683
2024-05-19 01:00:00+00:00,37.29333141666667,30.880281
2024-05-19 02:00:00+00:00,29.27181883333333,28.03712
2024-05-19 03:00:00+00:00,25.57100025,25.779379
2024-05-19 04:00:00+00:00,23.26917775,23.912558
2024-05-19 05:00:00+00:00,21.598953583333337,22.38176
2024-05-19 06:00:00+00:00,17.89615416666667,21.317146
2024-05-19 07:00:00+00:00,17.140255583333335,20.733828
2024-05-19 08:00:00+00:00,16.903344416666666,20.560204
2024-05-19 09:00:00+00:00,17.55478516666667,20.734444
2024-05-19 10:00:00+00:00,16.9882455,18.4045
2024-05-19 11:00:00+00:00,17.786874833333332,20.209904
2024-05-19 12:00:00+00:00,20.7669945,22.587658
2024-05-19 13:00:00+00:00,22.41995858333333,25.607277
2024-05-19 14:00:00+00:00,25.374473166666665,28.342415
2024-05-19 15:00:00+00:00,26.022548416666666,30.32834
2024-05-19 16:00:00+00:00,27.68037575,31.46325
2024-05-19 17:00:00+00:00,29.612224833333332,31.924223
2024-05-19 18:00:00+00:00,32.79991641666667,32.396866
2024-05-19 19:00:00+00:00,37.57355608333334,34.41751
2024-05-19 20:00:00+00:00,42.69636908333333,37.861954
2024-05-19 21:00:00+00:00,52.43715233333333,40.473137
2024-05-19 22:00:00+00:00,56.77172375,40.951885
2024-05-19 23:00:00+00:00,57.251880666666665,39.350304
2024-05-20 00:00:00+00:00,51.466617249999985,35.82276
2024-05-20 01:00:00+00:00,44.53659283333334,31.664478
2024-05-20 02:00:00+00:00,32.40673916666667,28.118528
2024-05-20 03:00:00+00:00,24.888392583333328,25.28692
2024-05-20 04:00:00+00:00,22.49173575,22.909893
2024-05-20 05:00:00+00:00,16.764068166666668,20.962425
2024-05-20 06:00:00+00:00,13.709871083333331,19.631096
2024-05-20 07:00:00+00:00,12.874084250000001,18.922161
2024-05-20 08:00:00+00:00,14.978459833333334,18.712353
2024-05-20 09:00:00+00:00,20.659170166666666,18.89712
2024-05-20 10:00:00+00:00,25.828449666666668,23.015621
2024-05-20 11:00:00+00:00,25.18394016666667,26.363356
2024-05-20 12:00:00+00:00,24.70947825,30.217678
2024-05-20 13:00:00+00:00,26.188391416666665,34.00657
2024-05-20 14:00:00+00:00,27.283636083333334,37.020863
2024-05-20 15:00:00+00:00,30.10594625,39.48442
2024-05-20 16:00:00+00:00,36.05360625,41.267723
2024-05-20 17:00:00+00:00,41.42462433333333,43.411728
2024-05-20 18:00:00+00:00,45.93787183333333,46.72212
2024-05-20 19:00:00+00:00,48.3909415,50.17211
2024-05-20 20:00:00+00:00,59.473600749999996,53.289406
2024-05-20 21:00:00+00:00,71.84212883333333,53.791245
2024-05-20 22:00:00+00:00,73.385913,51.736816
2024-05-20 23:00:00+00:00,72.01920408333334,47.55238
2024-05-21 00:00:00+00:00,58.48011333333333,41.74368
2024-05-21 01:00:00+00:00,45.96264208333333,36.104122
2024-05-21 02:00:00+00:00,35.392922750000004,31.382645
2024-05-21 03:00:00+00:00,29.9024735,27.613182
2024-05-21 04:00:00+00:00,26.027446916666662,24.760101
2024-05-21 05:00:00+00:00,20.870065083333333,22.540255
2024-05-21 06:00:00+00:00,17.458827,20.809738
2024-05-21 07:00:00+00:00,16.782793166666668,19.737726
2024-05-21 08:00:00+00:00,17.158347750000004,19.453463
2024-05-21 09:00:00+00:00,23.855638583333338,19.94635
2024-05-21 10:00:00+00:00,28.358968500000003,26.077732
2024-05-21 11:00:00+00:00,26.878182,29.125116
2024-05-21 12:00:00+00:00,26.964862666666665,32.445755
2024-05-21 13:00:00+00:00,28.09267475,35.87514
2024-05-21 14:00:00+00:00,29.586014583333334,39.00136
2024-05-21 15:00:00+00:00,30.914650499999997,42.397167
2024-05-21 16:00:00+00:00,38.08156616666667,45.241898
2024-05-21 17:00:00+00:00,47.701762083333335,47.06095
2024-05-21 18:00:00+00:00,47.72558741666666,50.342125
2024-05-21 19:00:00+00:00,55.97123625,55.833935
2024-05-21 20:00:00+00:00,67.04266016666666,61.96858
2024-05-21 21:00:00+00:00,81.30360316666666,62.13214
2024-05-21 22:00:00+00:00,74.614317,57.178223
2024-05-21 23:00:00+00:00,67.83214916666667,50.19304
2024-05-22 00:00:00+00:00,59.00784266666667,44.021706
2024-05-22 01:00:00+00:00,44.454149,38.967697
2024-05-22 02:00:00+00:00,33.65025741666667,34.101616
2024-05-22 03:00:00+00:00,26.615996749999997,29.563055
2024-05-22 04:00:00+00:00,24.136596916666665,25.866756
2024-05-22 05:00:00+00:00,19.733966833333334,23.02695
2024-05-22 06:00:00+00:00,18.277492083333332,20.952736
2024-05-22 07:00:00+00:00,17.871927083333336,19.804722
2024-05-22 08:00:00+00:00,18.187019000000003,19.80656
2024-05-22 09:00:00+00:00,21.10287891666667,21.10888
2024-05-22 10:00:00+00:00,26.582149249999997,24.275204
2024-05-22 11:00:00+00:00,28.21089925,27.64835
2024-05-22 12:00:00+00:00,30.254229083333332,30.746325
2024-05-22 13:00:00+00:00,33.293457249999996,33.895084
2024-05-22 14:00:00+00:00,34.161214,37.128628
2024-05-22 15:00:00+00:00,37.694879916666665,40.81713
2024-05-22 16:00:00+00:00,41.54335716666667,43.22862
2024-05-22 17:00:00+00:00,47.88605100000001,44.27612
2024-05-22 18:00:00+00:00,48.972768166666675,47.531143
2024-05-22 19:00:00+00:00,58.458962750000005,54.114174
2024-05-22 20:00:00+00:00,74.86904383333334,60.033478
2024-05-22 21:00:00+00:00,92.73765291666668,59.45462
2024-05-22 22:00:00+00:00,83.71956191666666,54.63288
2024-05-22 23:00:00+00:00,73.033022,48.07583
2024-05-23 00:00:00+00:00,61.88763025000001,41.618977
2024-05-23 01:00:00+00:00,51.441396749999996,35.954487
2024-05-23 02:00:00+00:00,39.36365766666666,30.878666
2024-05-23 03:00:00+00:00,32.659121,26.615845
2024-05-23 04:00:00+00:00,29.759842333333335,23.166954
2024-05-23 05:00:00+00:00,22.65184933333333,20.311451
2024-05-23 06:00:00+00:00,19.467164750000002,18.166382
2024-05-23 07:00:00+00:00,18.998517583333335,17.049759
2024-05-23 08:00:00+00:00,19.47694883333334,17.05948
2024-05-23 09:00:00+00:00,24.374387666666667,18.165056
2024-05-23 10:00:00+00:00,28.60331808333333,27.63176
2024-05-23 11:00:00+00:00,29.40291825,31.420147
2024-05-23 12:00:00+00:00,30.193496166666666,34.911377
2024-05-23 13:00:00+00:00,32.272218583333334,38.33884
2024-05-23 14:00:00+00:00,35.46206158333333,41.76141
2024-05-23 15:00:00+00:00,37.18505975,45.75512
2024-05-23 16:00:00+00:00,42.96635225,48.83909
2024-05-23 17:00:00+00:00,45.083992833333326,50.506172
2024-05-23 18:00:00+00:00,46.12138391666666,53.785427
2024-05-23 19:00:00+00:00,51.135974083333345,59.53721
2024-05-23 20:00:00+00:00,68.74452508333333,66.04686
2024-05-23 21:00:00+00:00,72.87121524999999,66.602196
2024-05-23 22:00:00+00:00,59.31683483333333,61.850155
2024-05-23 23:00:00+00:00,50.43848675,55.014023
2024-05-24 00:00:00+00:00,46.837492166666664,48.055927
2024-05-24 01:00:00+00:00,43.90765141666665,41.97622
2024-05-24 02:00:00+00:00,33.598361,36.40564
2024-05-24 03:00:00+00:00,30.848991333333334,31.49596
2024-05-24 04:00:00+00:00,27.413199833333334,27.478094
2024-05-24 05:00:00+00:00,22.456344666666666,24.177116
2024-05-24 06:00:00+00:00,19.283737416666668,21.558226
2024-05-24 07:00:00+00:00,18.1797985,19.960403
2024-05-24 08:00:00+00:00,18.389347166666667,19.606625
2024-05-24 09:00:00+00:00,21.942904666666667,20.502495
2024-05-24 10:00:00+00:00,25.948930583333333,25.795311
2024-05-24 11:00:00+00:00,26.845574916666667,29.208652
2024-05-24 12:00:00+00:00,28.612351666666665,31.829716
2024-05-24 13:00:00+00:00,29.095581999999997,34.54324
2024-05-24 14:00:00+00:00,30.21858775,37.555527
2024-05-24 15:00:00+00:00,31.68752883333333,40.18637
2024-05-24 16:00:00+00:00,32.61773241666666,40.906357
2024-05-24 17:00:00+00:00,37.748078666666665,40.591564
2024-05-24 18:00:00+00:00,39.82286716666666,42.447
2024-05-24 19:00:00+00:00,41.812806916666666,47.621716
2024-05-24 20:00:00+00:00,52.63329158333333,52.37465
2024-05-24 21:00:00+00:00,63.48995225000001,52.815495
2024-05-24 22:00:00+00:00,59.7229965,50.363155
2024-05-24 23:00:00+00:00,44.45761175,45.985504
2024-05-25 00:00:00+00:00,38.98784966666667,40.5283
2024-05-25 01:00:00+00:00,39.05556141666667,35.212753
2024-05-25 02:00:00+00:00,34.75658141666667,30.552479
2024-05-25 03:00:00+00:00,28.934914916666667,26.748684
2024-05-25 04:00:00+00:00,27.231372333333333,23.603117
2024-05-25 05:00:00+00:00,23.504371583333334,20.897945
2024-05-25 06:00:00+00:00,18.8473285,18.849205
2024-05-25 07:00:00+00:00,18.359246416666668,17.735859
2024-05-25 08:00:00+00:00,16.246471666666668,17.57736
2024-05-25 09:00:00+00:00,17.470347583333336,18.305702
2024-05-25 10:00:00+00:00,16.128790583333338,19.30851
2024-05-25 11:00:00+00:00,19.80351033333333,22.329407
2024-05-25 12:00:00+00:00,20.718740083333334,24.698498
2024-05-25 13:00:00+00:00,24.785615500000002,26.874222
2024-05-25 14:00:00+00:00,27.07213733333333,29.133005
2024-05-25 15:00:00+00:00,31.40731658333333,31.009285
2024-05-25 16:00:00+00:00,33.23696391666667,31.791069
2024-05-25 17:00:00+00:00,35.421665,31.875937
2024-05-25 18:00:00+00:00,34.625641,32.44035
2024-05-25 19:00:00+00:00,38.03326933333333,35.165802
2024-05-25 20:00:00+00:00,46.32705325,39.39371
2024-05-25 21:00:00+00:00,52.90171874999999,42.238556
2024-05-25 22:00:00+00:00,49.63060416666667,42.433838
2024-05-25 23:00:00+00:00,47.208707583333336,40.268787
2024-05-26 00:00:00+00:00,33.26303066666667,36.176704
2024-05-26 01:00:00+00:00,30.485743166666666,31.597189
2024-05-26 02:00:00+00:00,25.997076833333335,27.568163
2024-05-26 03:00:00+00:00,23.16579425,24.249199
2024-05-26 04:00:00+00:00,18.534567583333335,21.39802
2024-05-26 05:00:00+00:00,17.922738499999998,18.934284
2024-05-26 06:00:00+00:00,15.375235333333334,17.128109
2024-05-26 07:00:00+00:00,13.734115916666667,16.130438
2024-05-26 08:00:00+00:00,12.31921125,15.874203
2024-05-26 09:00:00+00:00,11.878238833333333,16.25491
2024-05-26 10:00:00+00:00,11.352594416666667,12.887934
2024-05-26 11:00:00+00:00,10.036705500000002,14.730181
2024-05-26 12:00:00+00:00,12.149256166666667,16.9636
2024-05-26 13:00:00+00:00,17.43322866666667,19.673038
2024-05-26 14:00:00+00:00,18.297286166666666,22.371937
2024-05-26 15:00:00+00:00,21.31669725,24.87991
2024-05-26 16:00:00+00:00,25.009479,26.830158
2024-05-26 17:00:00+00:00,27.420564083333332,28.267832
2024-05-26 18:00:00+00:00,28.07878216666667,30.304943
2024-05-26 19:00:00+00:00,30.03301858333333,33.79106
2024-05-26 20:00:00+00:00,36.81761891666667,37.303017
2024-05-26 21:00:00+00:00,44.31806683333334,39.35659
2024-05-26 22:00:00+00:00,41.83282066666667,39.0373
2024-05-26 23:00:00+00:00,37.22367,36.298252
2024-05-27 00:00:00+00:00,31.87566341666667,31.844238
2024-05-27 01:00:00+00:00,30.926734749999998,27.380627
2024-05-27 02:00:00+00:00,27.274818,23.681746
2024-05-27 03:00:00+00:00,22.242390999999998,20.596474
2024-05-27 04:00:00+00:00,20.548988916666666,17.900396
2024-05-27 05:00:00+00:00,18.375545916666667,15.747976
2024-05-27 06:00:00+00:00,16.1737625,14.354797
2024-05-27 07:00:00+00:00,13.617219416666666,13.658657
2024-05-27 08:00:00+00:00,13.206102,13.504559
2024-05-27 09:00:00+00:00,13.784488416666667,13.768736
2024-05-27 10:00:00+00:00,13.978651666666666,16.961872
2024-05-27 11:00:00+00:00,13.908468,19.90682
2024-05-27 12:00:00+00:00,16.218801,22.815756
2024-05-27 13:00:00+00:00,21.526405416666666,25.864414
2024-05-27 14:00:00+00:00,22.043638250000004,28.66302
2024-05-27 15:00:00+00:00,23.661213916666668,30.76283
2024-05-27 16:00:00+00:00,25.791647333333334,31.740105
2024-05-27 17:00:00+00:00,25.06015275,31.737322
2024-05-27 18:00:00+00:00,26.29400108333333,32.072075
2024-05-27 19:00:00+00:00,28.017642249999998,34.85517
2024-05-27 20:00:00+00:00,31.55802891666667,39.388424
2024-05-27 21:00:00+00:00,38.57048525,42.40556
2024-05-27 22:00:00+00:00,32.9322015,42.037907
2024-05-27 23:00:00+00:00,32.85933308333333,39.264427
2024-05-28 00:00:00+00:00,30.158718166666674,34.44684
2024-05-28 01:00:00+00:00,32.18953133333333,29.07657
2024-05-28 02:00:00+00:00,23.11820308333333,24.637344
2024-05-28 03:00:00+00:00,20.224602833333332,21.222668
2024-05-28 04:00:00+00:00,21.440567916666662,18.50549
2024-05-28 05:00:00+00:00,18.77187166666667,16.218252
2024-05-28 06:00:00+00:00,15.495993583333332,14.479584
2024-05-28 07:00:00+00:00,13.980033166666667,13.467377
2024-05-28 08:00:00+00:00,14.795805583333333,13.134526
2024-05-28 09:00:00+00:00,22.35544525,13.372085
2024-05-28 10:00:00+00:00,24.117620916666667,25.054949
2024-05-28 11:00:00+00:00,27.805189,27.670784
2024-05-28 12:00:00+00:00,30.628603666666667,30.016003
2024-05-28 13:00:00+00:00,32.572582583333336,31.949125
2024-05-28 14:00:00+00:00,31.80993925,33.22958
2024-05-28 15:00:00+00:00,32.85264416666667,33.375828
2024-05-28 16:00:00+00:00,35.55006216666667,32.336567
2024-05-28 17:00:00+00:00,34.60583066666667,31.009941
2024-05-28 18:00:00+00:00,36.137614,30.423437
2024-05-28 19:00:00+00:00,36.82126708333333,31.709812
2024-05-28 20:00:00+00:00,41.11353858333333,37.18044
2024-05-28 21:00:00+00:00,51.59162333333333,41.043346
2024-05-28 22:00:00+00:00,45.07689966666667,39.521484
2024-05-28 23:00:00+00:00,42.57911925,36.24585
2024-05-29 00:00:00+00:00,36.96139016666667,32.97101
2024-05-29 01:00:00+00:00,34.973683666666666,29.512417
2024-05-29 02:00:00+00:00,27.422327999999997,25.939486
2024-05-29 03:00:00+00:00,25.370519583333333,22.620892
2024-05-29 04:00:00+00:00,21.767494916666667,19.868969
2024-05-29 05:00:00+00:00,17.596953583333338,17.767447
2024-05-29 06:00:00+00:00,16.55804766666667,16.37938
2024-05-29 07:00:00+00:00,14.785632749999998,15.884425
2024-05-29 08:00:00+00:00,15.8063645,16.349178
2024-05-29 09:00:00+00:00,20.402786166666672,17.722609
2024-05-29 10:00:00+00:00,23.347784666666666,24.30195
2024-05-29 11:00:00+00:00,22.269779166666662,27.67977
2024-05-29 12:00:00+00:00,23.68925325,30.898277
2024-05-29 13:00:00+00:00,24.82518025,33.543694
2024-05-29 14:00:00+00:00,25.968324,35.31331
2024-05-29 15:00:00+00:00,25.44109575,36.37322
2024-05-29 16:00:00+00:00,25.370610666666664,35.905735
2024-05-29 17:00:00+00:00,26.879383833333335,34.52379
2024-05-29 18:00:00+00:00,28.276205666666666,34.94228
2024-05-29 19:00:00+00:00,27.996763916666666,39.269276
2024-05-29 20:00:00+00:00,29.415806083333333,44.01422
2024-05-29 21:00:00+00:00,31.905291000000002,44.366913
2024-05-29 22:00:00+00:00,29.872932416666668,41.98751
2024-05-29 23:00:00+00:00,32.78215016666667,38.19291
2024-05-30 00:00:00+00:00,31.648159333333336,34.260094
2024-05-30 01:00:00+00:00,27.465672666666666,30.388214
2024-05-30 02:00:00+00:00,22.25962416666667,26.505203
2024-05-30 03:00:00+00:00,18.91913575,23.173521
2024-05-30 04:00:00+00:00,18.182921750000002,20.657278
2024-05-30 05:00:00+00:00,16.910216666666667,18.765713
2024-05-30 06:00:00+00:00,13.6206265,17.460606
2024-05-30 07:00:00+00:00,12.830283500000002,16.888433
2024-05-30 08:00:00+00:00,13.222978166666666,17.172874
2024-05-30 09:00:00+00:00,16.621389583333332,18.496416
2024-05-30 10:00:00+00:00,20.315070666666667,19.97184
2024-05-30 11:00:00+00:00,19.503193,22.668655
2024-05-30 12:00:00+00:00,20.95108975,24.873423
2024-05-30 13:00:00+00:00,20.715991750000004,26.788242
2024-05-30 14:00:00+00:00,20.059884083333333,27.91595
2024-05-30 15:00:00+00:00,21.544585499999997,28.012234
2024-05-30 16:00:00+00:00,21.633647833333335,27.378191
2024-05-30 17:00:00+00:00,22.85076225,26.43164
2024-05-30 18:00:00+00:00,22.88268183333333,26.251549
2024-05-30 19:00:00+00:00,24.73749525,28.299545
2024-05-30 20:00:00+00:00,25.939079166666673,31.800774
2024-05-30 21:00:00+00:00,27.439536249999996,33.70511
2024-05-30 22:00:00+00:00,28.672207666666665,33.522625
2024-05-30 23:00:00+00:00,31.306316000000002,31.696543
2024-05-31 00:00:00+00:00,29.450103166666665,28.43417
2024-05-31 01:00:00+00:00,26.27111441666667,24.939877
2024-05-31 02:00:00+00:00,21.723644333333336,22.08835
2024-05-31 03:00:00+00:00,17.57046025,19.936275
2024-05-31 04:00:00+00:00,17.347827003333336,18.214035
2024-05-31 05:00:00+00:00,17.12519375666667,16.801178
2024-05-31 06:00:00+00:00,16.90256051,15.81696
2024-06-01 04:00:00+00:00,12.004629083333334,15.322658
2024-06-01 05:00:00+00:00,12.373628333333333,15.284275
2024-06-01 06:00:00+00:00,10.775997166666665,15.672802
2024-06-01 07:00:00+00:00,11.59008675,12.542526
2024-06-01 08:00:00+00:00,11.034666083333335,14.116939
2024-06-01 09:00:00+00:00,11.62430333333333,16.11259
2024-06-01 10:00:00+00:00,9.922741833333333,18.418983
2024-06-01 11:00:00+00:00,10.627168916666667,20.322556
2024-06-01 12:00:00+00:00,12.23907425,21.2267
2024-06-01 13:00:00+00:00,13.200904833333334,21.295815
2024-06-01 14:00:00+00:00,13.715751666666668,21.215683
2024-06-01 15:00:00+00:00,14.943315916666668,21.149433
2024-06-01 16:00:00+00:00,16.253898333333336,21.10754
2024-06-01 17:00:00+00:00,18.340683916666666,21.691977
2024-06-01 18:00:00+00:00,20.501225083333335,23.590992
2024-06-01 19:00:00+00:00,22.521881333333337,26.125216
2024-06-01 20:00:00+00:00,24.707407583333335,27.820997
2024-06-01 21:00:00+00:00,28.158618583333332,27.886612
2024-06-01 22:00:00+00:00,30.28054341666666,26.194407
2024-06-01 23:00:00+00:00,28.82385908333333,23.239265
2024-06-02 00:00:00+00:00,25.78570541666667,20.338432
2024-06-02 01:00:00+00:00,24.925524333333332,18.026577
2024-06-02 02:00:00+00:00,22.16377616666666,16.12415
2024-06-02 03:00:00+00:00,19.310848583333335,14.546672
2024-06-02 04:00:00+00:00,13.157782916666669,13.425061
2024-06-02 05:00:00+00:00,13.021509666666667,12.77215
2024-06-02 06:00:00+00:00,11.445422416666666,12.488489
2024-06-02 07:00:00+00:00,10.687211583333335,10.95491
2024-06-02 08:00:00+00:00,10.370469833333333,10.829894
2024-06-02 09:00:00+00:00,10.050517416666667,10.6594095
2024-06-02 10:00:00+00:00,9.491924416666667,10.838226
2024-06-02 11:00:00+00:00,9.290000666666666,11.942255
2024-06-02 12:00:00+00:00,11.400201416666665,14.086382
2024-06-02 13:00:00+00:00,13.190571749999998,16.184208
2024-06-02 14:00:00+00:00,15.314101666666666,17.63278
2024-06-02 15:00:00+00:00,18.76569891666667,18.659636
2024-06-02 16:00:00+00:00,20.819861833333334,19.454365
2024-06-02 17:00:00+00:00,21.053036833333334,20.451078
2024-06-02 18:00:00+00:00,21.775434833333335,22.136452
2024-06-02 19:00:00+00:00,24.56318125,24.14622
2024-06-02 20:00:00+00:00,27.666132666666666,25.829727
2024-06-02 21:00:00+00:00,30.263487499999997,26.953571
2024-06-02 22:00:00+00:00,31.082167,26.880575
2024-06-02 23:00:00+00:00,30.942707166666665,25.459349
2024-06-03 00:00:00+00:00,28.971586833333333,22.920061
2024-06-03 01:00:00+00:00,28.867521166666666,20.256784
2024-06-03 02:00:00+00:00,21.96532841666667,18.068115
2024-06-03 03:00:00+00:00,18.492501916666665,16.308887
2024-06-03 04:00:00+00:00,14.72998375,14.808928
2024-06-03 05:00:00+00:00,16.054288500000006,13.586695
2024-06-03 06:00:00+00:00,14.048344416666664,12.77959
2024-06-03 07:00:00+00:00,13.454736916666667,13.28871
2024-06-03 08:00:00+00:00,13.183831249999997,13.583663
2024-06-03 09:00:00+00:00,14.361412083333333,14.455635
2024-06-03 10:00:00+00:00,18.039386166666667,16.675955
2024-06-03 11:00:00+00:00,20.11453691666667,19.730827
2024-06-03 12:00:00+00:00,23.627039749999998,21.793272
2024-06-03 13:00:00+00:00,25.450985083333332,22.795961
2024-06-03 14:00:00+00:00,26.476505500000002,23.531881
2024-06-03 15:00:00+00:00,28.229741,24.324245
2024-06-03 16:00:00+00:00,31.430493666666667,25.13723
2024-06-03 17:00:00+00:00,33.71328991666667,26.281038
2024-06-03 18:00:00+00:00,34.750451,28.20916
2024-06-03 19:00:00+00:00,38.676359,30.23736
2024-06-03 20:00:00+00:00,45.95603775,32.483303
2024-06-03 21:00:00+00:00,55.95006333333333,33.589615
2024-06-03 22:00:00+00:00,50.67697491666667,32.73648
2024-06-03 23:00:00+00:00,43.14751283333334,30.429203
2024-06-04 00:00:00+00:00,35.52314966666666,26.990929
2024-06-04 01:00:00+00:00,33.16951133333333,23.59647
2024-06-04 02:00:00+00:00,30.00080875,20.71544
2024-06-04 03:00:00+00:00,25.45849158333333,18.41074
2024-06-04 04:00:00+00:00,21.173068583333333,16.65453
2024-06-04 05:00:00+00:00,15.82247475,15.304512
2024-06-04 06:00:00+00:00,14.554533166666667,14.31602
2024-06-04 07:00:00+00:00,12.497245,13.190737
2024-06-04 08:00:00+00:00,11.953256666666665,13.816721
2024-06-04 09:00:00+00:00,14.790656499999999,15.337664
2024-06-04 10:00:00+00:00,20.02177766666667,18.155922
2024-06-04 11:00:00+00:00,20.986246500000004,21.029554
2024-06-04 12:00:00+00:00,24.344975416666664,22.858917
2024-06-04 13:00:00+00:00,26.730822500000002,23.97449
2024-06-04 14:00:00+00:00,31.027496333333332,25.149813
2024-06-04 15:00:00+00:00,34.824962166666666,27.119228
2024-06-04 16:00:00+00:00,37.116414166666665,29.562538
2024-06-04 17:00:00+00:00,41.655818833333335,31.530651
2024-06-04 18:00:00+00:00,42.65307966666666,34.08911
2024-06-04 19:00:00+00:00,44.76967199999999,38.369766
2024-06-04 20:00:00+00:00,56.0559905,42.65126
2024-06-04 21:00:00+00:00,59.37865925,43.338963
2024-06-04 22:00:00+00:00,48.300665,40.875183
2024-06-04 23:00:00+00:00,39.82572341666667,36.413864
2024-06-05 00:00:00+00:00,36.31879133333333,31.220676
2024-06-05 01:00:00+00:00,33.49496083333333,26.781551
2024-06-05 02:00:00+00:00,27.97126191666667,23.065125
2024-06-05 03:00:00+00:00,24.303896249999998,19.999075
2024-06-05 04:00:00+00:00,21.021297833333332,17.583021
2024-06-05 05:00:00+00:00,19.255947333333335,15.735498
2024-06-05 06:00:00+00:00,16.931648416666665,14.487621
2024-06-05 07:00:00+00:00,15.966064916666669,15.34356
2024-06-05 08:00:00+00:00,15.866855166666669,15.869832
2024-06-05 09:00:00+00:00,18.545730250000002,17.133362
2024-06-05 10:00:00+00:00,22.54373541666667,20.342686
2024-06-05 11:00:00+00:00,25.666532333333333,25.025011
2024-06-05 12:00:00+00:00,28.178741333333335,28.614338
2024-06-05 13:00:00+00:00,28.28425675,30.531445
2024-06-05 14:00:00+00:00,30.072617500000003,31.973143
2024-06-05 15:00:00+00:00,32.451380666666665,33.952557
2024-06-05 16:00:00+00:00,33.29333833333333,36.010788
2024-06-05 17:00:00+00:00,36.42148925,37.8297
2024-06-05 18:00:00+00:00,38.09555483333333,41.161736
2024-06-05 19:00:00+00:00,37.5913745,46.912968
2024-06-05 20:00:00+00:00,39.06813041666667,51.727303
2024-06-05 21:00:00+00:00,46.471171500000004,51.956688
2024-06-05 22:00:00+00:00,41.97830341666667,48.80706
2024-06-05 23:00:00+00:00,40.11050575,42.751984
2024-06-06 00:00:00+00:00,36.259509,36.057583
2024-06-06 01:00:00+00:00,38.369873,30.351383
2024-06-06 02:00:00+00:00,27.740208,25.763504
2024-06-06 03:00:00+00:00,23.941474166666666,22.243673
2024-06-06 04:00:00+00:00,21.768807166666665,19.554361
2024-06-06 05:00:00+00:00,17.867452916666668,17.570168
2024-06-06 06:00:00+00:00,16.069994333333337,16.447515
2024-06-06 07:00:00+00:00,14.813677166666666,15.537271
2024-06-06 08:00:00+00:00,15.208821416666666,16.05014
2024-06-06 09:00:00+00:00,16.91088991666667,17.382784
2024-06-06 10:00:00+00:00,20.460836916666672,20.372555
2024-06-06 11:00:00+00:00,21.976412416666665,24.143959
2024-06-06 12:00:00+00:00,24.691188,26.784843
2024-06-06 13:00:00+00:00,26.49446041666667,28.400366
2024-06-06 14:00:00+00:00,27.343729083333333,29.408754
2024-06-06 15:00:00+00:00,28.382054749999995,30.06535
2024-06-06 16:00:00+00:00,27.834113416666668,30.55263
2024-06-06 17:00:00+00:00,29.212688166666666,30.756533
2024-06-06 18:00:00+00:00,30.86036975,31.4703
2024-06-06 19:00:00+00:00,31.09363325,33.745632
2024-06-06 20:00:00+00:00,32.19297708333334,37.258335
2024-06-06 21:00:00+00:00,34.80727958333333,40.04212
2024-06-06 22:00:00+00:00,31.535626583333336,40.149666
2024-06-06 23:00:00+00:00,30.018336,37.8264
2024-06-07 00:00:00+00:00,28.297501,33.36531
2024-06-07 01:00:00+00:00,30.056754166666664,28.605612
2024-06-07 02:00:00+00:00,25.426500333333333,24.809038
2024-06-07 03:00:00+00:00,22.142748916666662,21.926048
2024-06-07 04:00:00+00:00,19.55177591666667,19.592194
2024-06-07 05:00:00+00:00,19.49453241666667,17.675434
2024-06-07 06:00:00+00:00,17.209339916666668,16.371174
2024-06-07 07:00:00+00:00,15.737785500000003,16.451473
2024-06-07 08:00:00+00:00,15.28778233333333,16.653332
2024-06-07 09:00:00+00:00,16.84449058333334,17.43713
2024-06-07 10:00:00+00:00,18.865331500000003,19.552948
2024-06-07 11:00:00+00:00,20.03328591666667,22.878567
2024-06-07 12:00:00+00:00,21.539852333333332,25.674519
2024-06-07 13:00:00+00:00,21.685062166666665,26.915024
2024-06-07 14:00:00+00:00,21.169197999999998,26.801538
2024-06-07 15:00:00+00:00,22.969986083333335,26.120995
2024-06-07 16:00:00+00:00,22.032621333333335,25.460663
2024-06-07 17:00:00+00:00,26.782130416666664,24.794659
2024-06-07 18:00:00+00:00,25.38871875,23.955585
2024-06-07 19:00:00+00:00,26.966798333333333,23.746193
2024-06-07 20:00:00+00:00,30.994132333333337,26.295296
2024-06-07 21:00:00+00:00,31.144909416666664,31.090199
2024-06-07 22:00:00+00:00,31.509223500000004,33.63423
2024-06-07 23:00:00+00:00,31.218232083333334,32.872982
2024-06-08 00:00:00+00:00,29.532526083333334,29.559113
2024-06-08 01:00:00+00:00,28.595956083333334,25.675026
2024-06-08 02:00:00+00:00,27.765439416666663,22.633358
2024-06-08 03:00:00+00:00,22.383933666666664,20.396976
2024-06-08 04:00:00+00:00,17.816121833333334,18.636688
2024-06-08 05:00:00+00:00,14.483393583333333,17.301369
2024-06-08 06:00:00+00:00,12.968888666666667,16.48196
2024-06-08 07:00:00+00:00,11.843492833333334,13.215558
2024-06-08 08:00:00+00:00,11.399169916666667,13.040633
2024-06-08 09:00:00+00:00,11.688102833333334,12.916771
2024-06-08 10:00:00+00:00,10.33155575,13.256895
2024-06-08 11:00:00+00:00,10.319585083333333,14.589863
2024-06-08 12:00:00+00:00,11.751141666666667,17.032207
2024-06-08 13:00:00+00:00,13.526406083333335,19.434828
2024-06-08 14:00:00+00:00,13.973840583333335,21.148384
2024-06-08 15:00:00+00:00,15.72149591666667,22.235489
2024-06-08 16:00:00+00:00,16.751553666666666,22.983082
2024-06-08 17:00:00+00:00,18.500142083333337,23.714949
2024-06-08 18:00:00+00:00,20.547764500000003,24.677368
2024-06-08 19:00:00+00:00,23.20854083333333,26.435715
2024-06-08 20:00:00+00:00,23.834946666666664,28.701067
2024-06-08 21:00:00+00:00,27.679656416666667,30.628485
2024-06-08 22:00:00+00:00,29.668200583333338,31.260557
2024-06-08 23:00:00+00:00,28.991109833333336,30.166746
2024-06-09 00:00:00+00:00,24.58249516666666,27.40184
2024-06-09 01:00:00+00:00,24.058116,24.1194
2024-06-09 02:00:00+00:00,21.72195333333333,21.409338
2024-06-09 03:00:00+00:00,17.228532166666668,19.285204
2024-06-09 04:00:00+00:00,14.637986916666668,17.526505
2024-06-09 05:00:00+00:00,13.371104166666669,16.166117
2024-06-09 06:00:00+00:00,12.571160833333332,15.296242
2024-06-09 07:00:00+00:00,10.913054083333332,12.095063
2024-06-09 08:00:00+00:00,10.740850166666666,11.90004
2024-06-09 09:00:00+00:00,10.49625725,11.720614
2024-06-09 10:00:00+00:00,9.79725975,11.819392
2024-06-09 11:00:00+00:00,10.780716916666668,12.703594
2024-06-09 12:00:00+00:00,12.661745000000002,14.6294155
2024-06-09 13:00:00+00:00,15.375726083333333,16.730484
2024-06-09 14:00:00+00:00,17.268632333333333,18.13615
2024-06-09 15:00:00+00:00,18.132440916666667,18.793888
2024-06-09 16:00:00+00:00,18.369629000000003,19.164124
2024-06-09 17:00:00+00:00,20.393185,19.701447
2024-06-09 18:00:00+00:00,20.319341666666666,20.531757
2024-06-09 19:00:00+00:00,20.67016741666667,21.906876
2024-06-09 20:00:00+00:00,22.460967916666664,23.80169
2024-06-09 21:00:00+00:00,24.918913916666668,25.901533
2024-06-09 22:00:00+00:00,25.16768725,26.786486
2024-06-09 23:00:00+00:00,24.150747416666665,25.896246
2024-06-10 00:00:00+00:00,23.548951833333334,23.491755
2024-06-10 01:00:00+00:00,23.269974083333334,20.756254
2024-06-10 02:00:00+00:00,20.222470250000004,18.535673
2024-06-10 03:00:00+00:00,17.85320683333334,16.807108
2024-06-10 04:00:00+00:00,13.08812725,15.368544
2024-06-10 05:00:00+00:00,11.176840499999999,14.227364
2024-06-10 06:00:00+00:00,10.353390416666667,13.49448
2024-06-10 07:00:00+00:00,9.585477666666668,10.204977
2024-06-10 08:00:00+00:00,10.54598325,10.398432
2024-06-10 09:00:00+00:00,13.107673583333332,11.124344
2024-06-10 10:00:00+00:00,16.156402583333335,12.987835
2024-06-10 11:00:00+00:00,17.91188041666667,15.759647
2024-06-10 12:00:00+00:00,16.675500916666667,17.995253
2024-06-10 13:00:00+00:00,17.235653833333334,19.481083
2024-06-10 14:00:00+00:00,18.575632833333337,20.62452
2024-06-10 15:00:00+00:00,19.976069833333334,21.423449
2024-06-10 16:00:00+00:00,21.622423916666666,22.11525
2024-06-10 17:00:00+00:00,22.98774416666667,23.1249
2024-06-10 18:00:00+00:00,22.810334083333334,25.03561
2024-06-10 19:00:00+00:00,23.901380083333333,27.19189
2024-06-10 20:00:00+00:00,24.551143000000003,28.99507
2024-06-10 21:00:00+00:00,25.88469975,30.053593
2024-06-10 22:00:00+00:00,26.154182666666667,29.789213
2024-06-10 23:00:00+00:00,28.53309416666667,28.357027
2024-06-11 00:00:00+00:00,25.508277500000002,25.563456
2024-06-11 01:00:00+00:00,25.794620166666665,21.820873
2024-06-11 02:00:00+00:00,21.23845183333333,18.566698
2024-06-11 03:00:00+00:00,15.791603916666668,16.197926
2024-06-11 04:00:00+00:00,15.14424425,14.417838
2024-06-11 05:00:00+00:00,13.959882583333332,12.972727
2024-06-11 06:00:00+00:00,10.857239833333333,11.908028
2024-06-11 07:00:00+00:00,10.104055166666667,10.58563
2024-06-11 08:00:00+00:00,10.59681175,10.8964615
2024-06-11 09:00:00+00:00,14.717838833333333,11.789272
2024-06-11 10:00:00+00:00,15.414553416666665,13.55533
2024-06-11 11:00:00+00:00,15.523286416666664,15.565341
2024-06-11 12:00:00+00:00,15.561231083333332,16.956722
2024-06-11 13:00:00+00:00,16.220476666666666,17.976799
2024-06-11 14:00:00+00:00,17.348825083333338,19.054655
2024-06-11 15:00:00+00:00,18.45336575,19.981241
2024-06-11 16:00:00+00:00,19.586418333333334,20.729025
2024-06-11 17:00:00+00:00,20.97001675,21.57955
2024-06-11 18:00:00+00:00,22.154162,23.052317
2024-06-11 19:00:00+00:00,23.49795491666667,25.125816
2024-06-11 20:00:00+00:00,25.51688108333333,27.04417
2024-06-11 21:00:00+00:00,28.070958083333334,28.05822
2024-06-11 22:00:00+00:00,30.112397166666664,27.639723
2024-06-11 23:00:00+00:00,30.104592083333333,26.159607
2024-06-12 00:00:00+00:00,26.927164,23.667887
2024-06-12 01:00:00+00:00,25.61265233333333,20.55398
2024-06-12 02:00:00+00:00,22.349761,17.844889
2024-06-12 03:00:00+00:00,16.58684475,15.799038
2024-06-12 04:00:00+00:00,13.122396583333334,14.238436
2024-06-12 05:00:00+00:00,11.08208891666667,12.973
2024-06-12 06:00:00+00:00,10.08023475,12.005665
2024-06-12 07:00:00+00:00,9.475576666666667,10.037022
2024-06-12 08:00:00+00:00,9.28615625,10.288999
2024-06-12 09:00:00+00:00,10.743428166666664,11.112816
2024-06-12 10:00:00+00:00,13.229271833333334,12.882994
2024-06-12 11:00:00+00:00,15.755487000000004,15.027485
2024-06-12 12:00:00+00:00,16.6157465,16.683985
2024-06-12 13:00:00+00:00,17.018181333333334,18.050861
2024-06-12 14:00:00+00:00,19.11779541666667,19.591097
2024-06-12 15:00:00+00:00,23.08592858333333,20.95559
2024-06-12 16:00:00+00:00,24.635909583333333,22.085093
2024-06-12 17:00:00+00:00,26.746979166666666,23.800034
2024-06-12 18:00:00+00:00,26.4868365,26.419035
2024-06-12 19:00:00+00:00,30.157273166666666,28.782066
2024-06-12 20:00:00+00:00,34.81611291666667,30.324764
2024-06-12 21:00:00+00:00,41.85150591666667,30.657757
2024-06-12 22:00:00+00:00,42.318627166666666,29.824768
2024-06-12 23:00:00+00:00,38.155831166666665,27.859808
2024-06-13 00:00:00+00:00,31.961850916666663,24.545948
2024-06-13 01:00:00+00:00,28.9092335,20.687021
2024-06-13 02:00:00+00:00,23.525790166666667,17.594498
2024-06-13 03:00:00+00:00,18.306350583333337,15.384251
2024-06-13 04:00:00+00:00,15.328006416666668,13.719227
2024-06-13 05:00:00+00:00,14.226438583333335,12.436161
2024-06-13 06:00:00+00:00,13.91020675,11.590551
2024-06-13 07:00:00+00:00,13.071924166666667,12.956424
2024-06-13 08:00:00+00:00,12.682479499999998,13.283073
2024-06-13 09:00:00+00:00,13.707910916666668,14.1758995
2024-06-13 10:00:00+00:00,15.806826333333335,16.129625
2024-06-13 11:00:00+00:00,17.052713333333333,18.41171
2024-06-13 12:00:00+00:00,20.058326583333336,19.999865
2024-06-13 13:00:00+00:00,21.93070516666667,21.06524
2024-06-13 14:00:00+00:00,25.161019833333327,22.295437
2024-06-13 15:00:00+00:00,27.64915825,24.090904
2024-06-13 16:00:00+00:00,31.319624833333332,25.971512
2024-06-13 17:00:00+00:00,32.81406191666667,27.965944
2024-06-13 18:00:00+00:00,35.914426999999996,30.839054
2024-06-13 19:00:00+00:00,44.600977666666665,34.109108
2024-06-13 20:00:00+00:00,52.853754583333334,36.431282
2024-06-13 21:00:00+00:00,55.97318750000001,36.0918
2024-06-13 22:00:00+00:00,54.716756833333335,33.756924
2024-06-13 23:00:00+00:00,48.64622375,30.03646
2024-06-14 00:00:00+00:00,36.4029575,26.007673
2024-06-14 01:00:00+00:00,34.021494249999996,22.690853
2024-06-14 02:00:00+00:00,28.017558083333327,20.021759
2024-06-14 03:00:00+00:00,22.433682833333336,17.887568
2024-06-14 04:00:00+00:00,21.32357616666667,16.200531
2024-06-14 05:00:00+00:00,19.035717000000005,14.8808155
2024-06-14 06:00:00+00:00,16.61320091666667,13.990995
2024-06-14 07:00:00+00:00,15.283326083333334,14.75384
2024-06-14 08:00:00+00:00,15.106715666666666,15.193486
2024-06-14 09:00:00+00:00,17.446066083333335,16.250645
2024-06-14 10:00:00+00:00,19.843780500000005,18.714552
2024-06-14 11:00:00+00:00,21.522221166666668,21.83608
2024-06-14 12:00:00+00:00,22.646080166666664,24.00783
2024-06-14 13:00:00+00:00,26.08291333333333,25.262777
2024-06-14 14:00:00+00:00,27.36982825,26.472563
2024-06-14 15:00:00+00:00,32.10368775,28.551632
2024-06-14 16:00:00+00:00,34.06695683333333,31.330526
2024-06-14 17:00:00+00:00,36.53343533333334,34.02185
2024-06-14 18:00:00+00:00,38.895859916666666,37.675995
2024-06-14 19:00:00+00:00,43.987873916666665,42.343697
2024-06-14 20:00:00+00:00,45.60613674999999,45.82041
2024-06-14 21:00:00+00:00,47.8583975,44.987297
2024-06-14 22:00:00+00:00,43.572325416666665,41.085808
2024-06-14 23:00:00+00:00,38.538145,35.783104
2024-06-15 00:00:00+00:00,33.53608075,31.018702
2024-06-15 01:00:00+00:00,30.737342333333338,26.927923
2024-06-15 02:00:00+00:00,25.338764916666662,23.356947
2024-06-15 03:00:00+00:00,22.482887,20.443325
2024-06-15 04:00:00+00:00,17.140479750000004,18.198433
2024-06-15 05:00:00+00:00,16.43224916666667,16.588749
2024-06-15 06:00:00+00:00,14.829527916666668,15.725576
2024-06-15 07:00:00+00:00,13.890473250000001,12.840481
2024-06-15 08:00:00+00:00,13.3185345,12.544646
2024-06-15 09:00:00+00:00,13.523891916666663,12.222037
2024-06-15 10:00:00+00:00,13.273461166666666,12.454495
2024-06-15 11:00:00+00:00,11.626420416666667,14.106174
2024-06-15 12:00:00+00:00,13.513183083333333,16.954609
2024-06-15 13:00:00+00:00,16.71930991666667,19.318203
2024-06-15 14:00:00+00:00,16.843598166666666,20.836323
2024-06-15 15:00:00+00:00,18.652646583333333,22.389317
2024-06-15 16:00:00+00:00,20.566472083333334,24.253065
2024-06-15 17:00:00+00:00,21.811772666666666,26.308558
2024-06-15 18:00:00+00:00,23.45234908333333,28.778633
2024-06-15 19:00:00+00:00,25.96932716666667,32.001427
2024-06-15 20:00:00+00:00,31.063144166666664,35.355446
2024-06-15 21:00:00+00:00,34.10423741666667,36.814346
2024-06-15 22:00:00+00:00,34.498047916666664,35.550476
2024-06-15 23:00:00+00:00,30.3757035,32.14552
2024-06-16 00:00:00+00:00,23.282604416666672,28.128538
2024-06-16 01:00:00+00:00,21.347401500000004,24.598915
2024-06-16 02:00:00+00:00,17.627529083333336,21.66413
2024-06-16 03:00:00+00:00,15.255772250000001,19.213665
2024-06-16 04:00:00+00:00,12.146646,17.126608
2024-06-16 05:00:00+00:00,11.725779916666667,15.476474
2024-06-16 06:00:00+00:00,11.492125666666666,14.481673
2024-06-16 07:00:00+00:00,9.966112583333333,10.245467
2024-06-16 08:00:00+00:00,9.219223,9.769171
2024-06-16 09:00:00+00:00,9.458279416666667,9.322865
2024-06-16 10:00:00+00:00,9.204514,9.188141
2024-06-16 11:00:00+00:00,8.647642666666668,9.961711
2024-06-16 12:00:00+00:00,11.332269583333334,12.02571
2024-06-16 13:00:00+00:00,12.560764166666667,14.519578
2024-06-16 14:00:00+00:00,15.053374499999999,16.454655
2024-06-16 15:00:00+00:00,18.295451333333332,17.640564
2024-06-16 16:00:00+00:00,23.169905416666666,18.335613
2024-06-16 17:00:00+00:00,25.909594583333334,19.048939
2024-06-16 18:00:00+00:00,27.87750408333333,19.780369
2024-06-16 19:00:00+00:00,30.342376666666667,20.996176
2024-06-16 20:00:00+00:00,34.491609833333335,23.783882
2024-06-16 21:00:00+00:00,42.63910041666667,27.150425
2024-06-16 22:00:00+00:00,44.38394525,28.337421
2024-06-16 23:00:00+00:00,43.314704333333324,26.862206
2024-06-17 00:00:00+00:00,34.4094215,23.754095
2024-06-17 01:00:00+00:00,30.331862333333333,20.57839
2024-06-17 02:00:00+00:00,26.985561333333333,17.934414
2024-06-17 03:00:00+00:00,21.940788,15.738635
2024-06-17 04:00:00+00:00,16.039203,13.866795
2024-06-17 05:00:00+00:00,14.32873925,12.444788
2024-06-17 06:00:00+00:00,13.847108416666666,11.616518
2024-06-17 07:00:00+00:00,13.135842666666667,12.406554
2024-06-17 08:00:00+00:00,12.926691166666666,12.748242
2024-06-17 09:00:00+00:00,13.319952083333334,13.872423
2024-06-17 10:00:00+00:00,15.25070125,16.596752
2024-06-17 11:00:00+00:00,17.90209066666667,20.070944
2024-06-17 12:00:00+00:00,21.711748916666664,22.614122
2024-06-17 13:00:00+00:00,27.38524033333333,24.222298
2024-06-17 14:00:00+00:00,31.49604525,25.917177
2024-06-17 15:00:00+00:00,34.431731666666664,28.250578
2024-06-17 16:00:00+00:00,41.22603808333333,30.548971
2024-06-17 17:00:00+00:00,45.850389,32.748104
2024-06-17 18:00:00+00:00,48.69211000000001,36.21937
2024-06-17 19:00:00+00:00,55.53808624999999,40.98139
2024-06-17 20:00:00+00:00,66.99605375,45.22387
2024-06-17 21:00:00+00:00,76.23901308333333,46.100674
2024-06-17 22:00:00+00:00,73.37734183333333,43.856117
2024-06-17 23:00:00+00:00,64.22931975,39.272114
2024-06-18 00:00:00+00:00,46.776862333333334,33.147667
2024-06-18 01:00:00+00:00,39.95093191666667,27.73866
2024-06-18 02:00:00+00:00,31.709562416666667,23.526037
2024-06-18 03:00:00+00:00,30.366719250000003,20.263447
2024-06-18 04:00:00+00:00,25.884630666666666,17.723993
2024-06-18 05:00:00+00:00,19.644827,15.718662
2024-06-18 06:00:00+00:00,18.15734366666667,14.291329
2024-06-18 07:00:00+00:00,16.224524249999998,15.415356
2024-06-18 08:00:00+00:00,16.928078,16.234829
2024-06-18 09:00:00+00:00,18.60354141666667,18.335428
2024-06-18 10:00:00+00:00,23.33506975,22.329288
2024-06-18 11:00:00+00:00,24.80830416666667,26.546537
2024-06-18 12:00:00+00:00,27.452468916666664,29.25645
2024-06-18 13:00:00+00:00,29.334827666666666,30.867147
2024-06-18 14:00:00+00:00,34.36120808333333,32.541428
2024-06-18 15:00:00+00:00,36.61189033333333,35.6507
2024-06-18 16:00:00+00:00,44.598847750000004,40.160133
2024-06-18 17:00:00+00:00,50.88747491666666,43.715324
2024-06-18 18:00:00+00:00,57.10452233333334,47.37581
2024-06-18 19:00:00+00:00,64.26139725,53.602043
2024-06-18 20:00:00+00:00,72.05034133333334,60.447388
2024-06-18 21:00:00+00:00,79.56631666666667,61.248596
2024-06-18 22:00:00+00:00,72.24291475,56.262764
2024-06-18 23:00:00+00:00,61.64549733333333,48.260597
2024-06-19 00:00:00+00:00,45.517182083333324,40.902588
2024-06-19 01:00:00+00:00,38.3255165,34.722603
2024-06-19 02:00:00+00:00,30.102047416666665,29.094519
2024-06-19 03:00:00+00:00,27.885071,24.307991
2024-06-19 04:00:00+00:00,28.95995508333333,20.656467
2024-06-19 05:00:00+00:00,25.887176916666665,18.118229
2024-06-19 06:00:00+00:00,22.209326083333334,16.724064
2024-06-19 07:00:00+00:00,20.5004795,19.123266
2024-06-19 08:00:00+00:00,19.977337833333337,20.048042
2024-06-19 09:00:00+00:00,22.867014083333338,22.053478
2024-06-19 10:00:00+00:00,22.585334583333335,26.067177
2024-06-19 11:00:00+00:00,26.4795725,31.00958
2024-06-19 12:00:00+00:00,29.965541416666667,34.397385
2024-06-19 13:00:00+00:00,32.0445135,36.045734
2024-06-19 14:00:00+00:00,33.65995275,37.29052
2024-06-19 15:00:00+00:00,38.35422358333333,39.38538
2024-06-19 16:00:00+00:00,43.49839958333334,42.02888
2024-06-19 17:00:00+00:00,46.66484766666667,44.20807
2024-06-19 18:00:00+00:00,50.8254915,46.60689
2024-06-19 19:00:00+00:00,59.81957441666666,51.343582
2024-06-19 20:00:00+00:00,70.31754933333333,59.914185
2024-06-19 21:00:00+00:00,72.76599291666666,63.389824
2024-06-19 22:00:00+00:00,66.98040083333333,59.327316
2024-06-19 23:00:00+00:00,56.726361499999996,51.79254
2024-06-20 00:00:00+00:00,47.026597333333335,44.531815
2024-06-20 01:00:00+00:00,42.53435008333334,37.947193
2024-06-20 02:00:00+00:00,35.135367083333335,32.03485
2024-06-20 03:00:00+00:00,31.148053583333333,27.20866
2024-06-20 04:00:00+00:00,26.70314991666666,23.53366
2024-06-20 05:00:00+00:00,22.459131916666667,20.944202
2024-06-20 06:00:00+00:00,19.609450916666667,19.622322
2024-06-20 07:00:00+00:00,18.399786000000002,17.324352
2024-06-20 08:00:00+00:00,18.295783,17.8254
2024-06-20 09:00:00+00:00,20.213210250000003,19.122938
2024-06-20 10:00:00+00:00,23.920720416666665,22.51892
2024-06-20 11:00:00+00:00,26.438476499999997,27.010925
2024-06-20 12:00:00+00:00,28.853091833333334,30.278297
2024-06-20 13:00:00+00:00,32.42300341666667,32.299213
2024-06-20 14:00:00+00:00,40.46350133333333,34.464542
2024-06-20 15:00:00+00:00,46.38499183333334,37.256294
2024-06-20 16:00:00+00:00,55.77908891666667,39.997475
2024-06-20 17:00:00+00:00,63.926711583333336,42.941513
2024-06-20 18:00:00+00:00,68.24465933333333,47.56377
2024-06-20 19:00:00+00:00,74.11559625,53.34309
2024-06-20 20:00:00+00:00,89.39309850000002,57.745693
2024-06-20 21:00:00+00:00,94.963049,57.585045
2024-06-20 22:00:00+00:00,84.11258725,53.840103
2024-06-20 23:00:00+00:00,70.36543516666667,47.462265
2024-06-21 00:00:00+00:00,54.64161333333333,40.63295
2024-06-21 01:00:00+00:00,54.13028008333333,34.855904
2024-06-21 02:00:00+00:00,38.4660605,30.138058
2024-06-21 03:00:00+00:00,33.29220158333333,26.27159
2024-06-21 04:00:00+00:00,26.042276,23.009857
2024-06-21 05:00:00+00:00,20.5172575,20.412397
2024-06-21 06:00:00+00:00,17.139045749999998,18.827196
2024-06-21 07:00:00+00:00,16.075662666666666,15.12715
2024-06-21 08:00:00+00:00,15.650030666666668,15.460108
2024-06-21 09:00:00+00:00,17.371417333333333,16.738289
2024-06-21 10:00:00+00:00,19.94037316666667,20.761095
2024-06-21 11:00:00+00:00,24.361898749999998,26.01302
2024-06-21 12:00:00+00:00,27.93471225,29.905504
2024-06-21 13:00:00+00:00,31.973642416666667,32.575245
2024-06-21 14:00:00+00:00,36.449029833333334,35.699333
2024-06-21 15:00:00+00:00,44.45094208333333,40.0783
2024-06-21 16:00:00+00:00,52.20375349999999,45.084415
2024-06-21 17:00:00+00:00,61.27169091666667,52.048447
2024-06-21 18:00:00+00:00,71.25888016666666,60.164654
2024-06-21 19:00:00+00:00,87.14592575,67.39989
2024-06-21 20:00:00+00:00,107.84155408333334,71.28737
2024-06-21 21:00:00+00:00,115.37030816666667,69.57796
2024-06-21 22:00:00+00:00,96.47965233333335,63.617805
2024-06-21 23:00:00+00:00,71.76783275000001,54.83663
2024-06-22 00:00:00+00:00,50.890809749999995,45.684956
2024-06-22 01:00:00+00:00,43.56174416666667,38.21883
2024-06-22 02:00:00+00:00,34.26869683333333,32.363297
2024-06-22 03:00:00+00:00,31.368684416666667,27.645344
2024-06-22 04:00:00+00:00,25.017683583333334,23.667257
2024-06-22 05:00:00+00:00,22.503700416666664,20.451578
2024-06-22 06:00:00+00:00,19.629095833333334,18.383226
2024-06-22 07:00:00+00:00,18.36950175,15.245373
2024-06-22 08:00:00+00:00,16.962645583333334,14.768017
2024-06-22 09:00:00+00:00,16.395187333333336,14.1764145
2024-06-22 10:00:00+00:00,15.85321775,15.294046
2024-06-22 11:00:00+00:00,15.631902833333333,19.713055
2024-06-22 12:00:00+00:00,19.79430375,25.785551
2024-06-22 13:00:00+00:00,26.625375833333333,30.21838
2024-06-22 14:00:00+00:00,31.406190416666664,33.249077
2024-06-22 15:00:00+00:00,34.34684766666667,37.27985
2024-06-22 16:00:00+00:00,38.93749558333334,43.483517
2024-06-22 17:00:00+00:00,42.644282249999996,51.4929
2024-06-22 18:00:00+00:00,48.51839958333333,60.832146
2024-06-22 19:00:00+00:00,60.731383,69.42166
2024-06-22 20:00:00+00:00,75.36393283333334,74.53702
2024-06-22 21:00:00+00:00,83.48596866666666,73.00717
2024-06-22 22:00:00+00:00,76.54096333333332,66.40949
2024-06-22 23:00:00+00:00,62.422691083333326,57.06998
2024-06-23 00:00:00+00:00,44.48788533333333,48.220757
2024-06-23 01:00:00+00:00,37.55969708333333,40.891994
2024-06-23 02:00:00+00:00,31.199363,34.805046
2024-06-23 03:00:00+00:00,27.929734749999998,29.675648
2024-06-23 04:00:00+00:00,23.674731750000007,25.287195
2024-06-23 05:00:00+00:00,22.683102166666668,21.767157
2024-06-23 06:00:00+00:00,20.15131475,19.581095
2024-06-23 07:00:00+00:00,17.948928416666668,15.001358
2024-06-23 08:00:00+00:00,16.54368825,14.373453
2024-06-23 09:00:00+00:00,16.08547975,13.594648
2024-06-23 10:00:00+00:00,15.641811666666667,13.507952
2024-06-23 11:00:00+00:00,16.89662966666667,15.974026
2024-06-23 12:00:00+00:00,21.913577583333335,21.320704
2024-06-23 13:00:00+00:00,27.829275749999997,26.245602
2024-06-23 14:00:00+00:00,30.2868545,29.380741
2024-06-23 15:00:00+00:00,33.626509166666665,32.363613
2024-06-23 16:00:00+00:00,37.150075666666666,36.17688
2024-06-23 17:00:00+00:00,40.20017325,40.77906
2024-06-23 18:00:00+00:00,42.64572208333333,46.03981
2024-06-23 19:00:00+00:00,48.86331466666667,52.037228
2024-06-23 20:00:00+00:00,56.55908416666667,59.557934
2024-06-23 21:00:00+00:00,64.29970758333333,63.503098
2024-06-23 22:00:00+00:00,55.76493966666666,60.629295
2024-06-23 23:00:00+00:00,48.335992000000005,53.3686
2024-06-24 00:00:00+00:00,40.455320916666665,45.53518
2024-06-24 01:00:00+00:00,35.86837658333334,38.641186
2024-06-24 02:00:00+00:00,31.226238499999997,32.805477
2024-06-24 03:00:00+00:00,26.661446916666666,27.88393
2024-06-24 04:00:00+00:00,22.170556583333333,23.75093
2024-06-24 05:00:00+00:00,21.40360383333334,20.675081
2024-06-24 06:00:00+00:00,18.390092499999998,19.120789
2024-06-24 07:00:00+00:00,17.46167466666667,15.363741
2024-06-24 08:00:00+00:00,17.67672425,15.926823
2024-06-24 09:00:00+00:00,18.193965000000006,17.80869
2024-06-24 10:00:00+00:00,20.36036316666667,22.706406
2024-06-24 11:00:00+00:00,23.427747333333333,29.473019
2024-06-24 12:00:00+00:00,24.522146250000002,34.474243
2024-06-24 13:00:00+00:00,26.500339749999995,37.274075
2024-06-24 14:00:00+00:00,27.902419749999996,39.640694
2024-06-24 15:00:00+00:00,32.275956,42.03616
2024-06-24 16:00:00+00:00,35.83806516666667,44.264534
2024-06-24 17:00:00+00:00,38.49632941666667,46.075684
2024-06-24 18:00:00+00:00,38.6423615,48.89094
2024-06-24 19:00:00+00:00,40.6049395,54.962612
2024-06-24 20:00:00+00:00,45.82442475,64.133934
2024-06-24 21:00:00+00:00,48.714754,68.78685
2024-06-24 22:00:00+00:00,45.71303341666666,66.15178
2024-06-24 23:00:00+00:00,43.555591416666665,57.960827
2024-06-25 00:00:00+00:00,36.83562791666667,47.964386
2024-06-25 01:00:00+00:00,35.29428091666667,39.38227
2024-06-25 02:00:00+00:00,25.891442833333333,32.475044
2024-06-25 03:00:00+00:00,23.389121833333334,27.003002
2024-06-25 04:00:00+00:00,16.847201833333337,22.578753
2024-06-25 05:00:00+00:00,15.625190250000003,19.087494
2024-06-25 06:00:00+00:00,15.2406145,16.916748
2024-06-25 07:00:00+00:00,14.174690416666666,13.877176
2024-06-25 08:00:00+00:00,13.55732008333333,14.396284
2024-06-25 09:00:00+00:00,13.801517583333332,15.825598
2024-06-25 10:00:00+00:00,15.708056916666667,19.213306
2024-06-25 11:00:00+00:00,17.407458500000004,23.500023
2024-06-25 12:00:00+00:00,19.6546375,26.527304
2024-06-25 13:00:00+00:00,21.178190250000004,28.416452
2024-06-25 14:00:00+00:00,25.099903833333332,30.12141
2024-06-25 15:00:00+00:00,29.340223750000003,31.667328
2024-06-25 16:00:00+00:00,32.29750058333334,33.048527
2024-06-25 17:00:00+00:00,34.48729825,34.008316
2024-06-25 18:00:00+00:00,37.119574166666666,35.567295
2024-06-25 19:00:00+00:00,41.43815608333333,39.43614
2024-06-25 20:00:00+00:00,53.65001066666667,44.436317
2024-06-25 21:00:00+00:00,61.94858658333334,46.650135
2024-06-25 22:00:00+00:00,58.120922,45.239273
2024-06-25 23:00:00+00:00,55.26158383333334,40.711388
2024-06-26 00:00:00+00:00,41.90957183333333,34.700626
2024-06-26 01:00:00+00:00,37.69244608333333,29.379126
2024-06-26 02:00:00+00:00,31.65348158333333,25.120007
2024-06-26 03:00:00+00:00,26.30397191666667,21.6705
2024-06-26 04:00:00+00:00,24.690704333333333,18.75705
2024-06-26 05:00:00+00:00,21.391182,16.460875
2024-06-26 06:00:00+00:00,19.04604475,15.058025
2024-06-26 07:00:00+00:00,17.885035750000004,17.563202
2024-06-26 08:00:00+00:00,17.714881583333334,18.215061
2024-06-26 09:00:00+00:00,21.377198083333333,19.693256
2024-06-26 10:00:00+00:00,23.321218083333335,22.959301
2024-06-26 11:00:00+00:00,24.07752125,26.912804
2024-06-26 12:00:00+00:00,25.873046999999996,29.691984
2024-06-26 13:00:00+00:00,27.73140066666667,31.443169
2024-06-26 14:00:00+00:00,32.7885375,33.397423
2024-06-26 15:00:00+00:00,35.74065091666667,36.111523
2024-06-26 16:00:00+00:00,37.456143000000004,38.68585
2024-06-26 17:00:00+00:00,39.262543,41.390324
2024-06-26 18:00:00+00:00,42.00064983333333,46.097282
2024-06-26 19:00:00+00:00,47.51082225,52.266624
2024-06-26 20:00:00+00:00,54.387165083333336,56.307747
2024-06-26 21:00:00+00:00,56.91661425,55.491806
2024-06-26 22:00:00+00:00,50.1576895,51.332268
2024-06-26 23:00:00+00:00,43.4477775,44.61412
2024-06-27 00:00:00+00:00,40.18744258333333,37.807236
2024-06-27 01:00:00+00:00,35.787800833333336,32.404526
2024-06-27 02:00:00+00:00,28.578981666666667,28.16856
2024-06-27 03:00:00+00:00,24.08196466666667,24.83225
2024-06-27 04:00:00+00:00,24.89657216666667,22.151264
2024-06-27 05:00:00+00:00,22.69075966666666,20.068647
2024-06-27 06:00:00+00:00,19.008637833333335,18.797539
2024-06-27 07:00:00+00:00,17.657582750000003,17.53089
2024-06-27 08:00:00+00:00,17.415808250000005,17.942236
2024-06-27 09:00:00+00:00,18.761323166666667,18.96239
2024-06-27 10:00:00+00:00,22.18023425,21.442337
2024-06-27 11:00:00+00:00,25.163638499999998,24.624765
2024-06-27 12:00:00+00:00,25.430563333333335,26.888916
2024-06-27 13:00:00+00:00,25.710886666666664,28.272654
2024-06-27 14:00:00+00:00,27.48307366666667,29.720253
2024-06-27 15:00:00+00:00,29.46211466666666,31.47014
2024-06-27 16:00:00+00:00,32.43416475,33.11357
2024-06-27 17:00:00+00:00,34.89446791666666,34.734318
2024-06-27 18:00:00+00:00,36.61830525,37.404873
2024-06-27 19:00:00+00:00,39.03254033333334,41.201115
2024-06-27 20:00:00+00:00,43.20343966666666,44.95516
2024-06-27 21:00:00+00:00,43.42838166666667,45.78535
2024-06-27 22:00:00+00:00,41.50420016666667,43.683937
2024-06-27 23:00:00+00:00,36.91610425,39.437637
2024-06-28 00:00:00+00:00,31.969516833333333,34.46231
2024-06-28 01:00:00+00:00,30.573565916666663,30.199785
2024-06-28 02:00:00+00:00,23.054602916666667,26.744505
2024-06-28 03:00:00+00:00,20.654853583333335,23.952904
2024-06-28 04:00:00+00:00,18.352896166666667,21.635677
2024-06-28 05:00:00+00:00,17.023608,19.741282
2024-06-28 06:00:00+00:00,14.722031666666666,18.48069
2024-06-28 07:00:00+00:00,13.444215916666666,14.13122
2024-06-28 08:00:00+00:00,13.102588750000002,14.341866
2024-06-28 09:00:00+00:00,13.527445833333333,15.154755
2024-06-28 10:00:00+00:00,13.167304166666668,17.35885
2024-06-28 11:00:00+00:00,15.422560083333332,20.46636
2024-06-28 12:00:00+00:00,16.818994000000004,22.969475
2024-06-28 13:00:00+00:00,17.82555816666667,24.741827
2024-06-28 14:00:00+00:00,19.740697333333333,26.32674
2024-06-28 15:00:00+00:00,22.315624416666665,27.605047
2024-06-28 16:00:00+00:00,26.298880999999998,28.517412
2024-06-28 17:00:00+00:00,31.43978675,29.19226
2024-06-28 18:00:00+00:00,32.34136133333333,30.737478
2024-06-28 19:00:00+00:00,34.148994333333334,33.763012
2024-06-28 20:00:00+00:00,40.93701033333333,36.97046
2024-06-28 21:00:00+00:00,41.442029166666664,38.163624
2024-06-28 22:00:00+00:00,39.91616883333334,36.849854
2024-06-28 23:00:00+00:00,38.73850683333333,33.26266
2024-06-29 00:00:00+00:00,32.470731083333334,28.814953
2024-06-29 01:00:00+00:00,32.169878833333335,25.031048
2024-06-29 02:00:00+00:00,26.788620499999997,22.066662
2024-06-29 03:00:00+00:00,25.244800666666663,19.629313
2024-06-29 04:00:00+00:00,21.234307333333334,17.56831
2024-06-29 05:00:00+00:00,19.2993255,16.059446
2024-06-29 06:00:00+00:00,18.412444166666667,15.218049
2024-06-29 07:00:00+00:00,15.425203416666667,16.619972
2024-06-29 08:00:00+00:00,14.886062833333336,16.459688
2024-06-29 09:00:00+00:00,15.4592285,16.24106
2024-06-29 10:00:00+00:00,15.67769675,16.539543
2024-06-29 11:00:00+00:00,16.393695666666666,18.173012
2024-06-29 12:00:00+00:00,19.82367941666667,20.82735
2024-06-29 13:00:00+00:00,24.796782999999998,22.943022
2024-06-29 14:00:00+00:00,26.584569416666664,24.277327
2024-06-29 15:00:00+00:00,29.96629825,25.673473
2024-06-29 16:00:00+00:00,34.49193416666667,27.469551
2024-06-29 17:00:00+00:00,36.013743,29.586039
2024-06-29 18:00:00+00:00,37.826103333333336,32.304096
2024-06-29 19:00:00+00:00,40.07250825,35.477882
2024-06-29 20:00:00+00:00,47.88414641666665,38.613895
2024-06-29 21:00:00+00:00,52.952461666666665,39.919624
2024-06-29 22:00:00+00:00,52.40756866666667,38.56659
2024-06-29 23:00:00+00:00,47.00023683333334,35.20174
2024-06-30 00:00:00+00:00,39.86866091666666,31.316702
2024-06-30 01:00:00+00:00,36.73237233333334,27.967485
2024-06-30 02:00:00+00:00,31.99293791666667,25.200489
2024-06-30 03:00:00+00:00,27.827990666666665,22.903545
2024-06-30 04:00:00+00:00,27.444044610000002,20.954037
2024-06-30 05:00:00+00:00,27.060098553333333,19.358849
2024-06-30 06:00:00+00:00,26.676152496666663,18.31195
2024-07-01 04:00:00+00:00,18.229339250000002,23.724361
2024-07-01 05:00:00+00:00,17.027629666666666,23.642757
2024-07-01 06:00:00+00:00,15.026752666666667,23.673304
2024-07-01 07:00:00+00:00,14.175166666666668,24.444681
2024-07-01 08:00:00+00:00,13.147912499999999,26.443298
2024-07-01 09:00:00+00:00,14.4301775,28.969976
2024-07-01 10:00:00+00:00,17.01177475,30.878271
2024-07-01 11:00:00+00:00,17.291445083333333,32.325073
2024-07-01 12:00:00+00:00,17.987470666666667,34.24677
2024-07-01 13:00:00+00:00,18.53762075,37.586643
2024-07-01 14:00:00+00:00,18.670480833333336,41.066925
2024-07-01 15:00:00+00:00,20.832935250000006,42.831646
2024-07-01 16:00:00+00:00,22.75264608333333,44.779594
2024-07-01 17:00:00+00:00,26.221060249999997,49.941082
2024-07-01 18:00:00+00:00,26.658532500000003,50.64565
2024-07-01 19:00:00+00:00,27.351272416666664,46.880814
2024-07-01 20:00:00+00:00,29.805103916666667,42.731
2024-07-01 21:00:00+00:00,34.15762491666667,38.580574
2024-07-01 22:00:00+00:00,34.77182466666667,34.052383
2024-07-01 23:00:00+00:00,32.75788308333333,29.922333
2024-07-02 00:00:00+00:00,28.232153916666665,26.945646
2024-07-02 01:00:00+00:00,26.12772258333333,25.169254
2024-07-02 02:00:00+00:00,19.667151500000003,24.474295
2024-07-02 03:00:00+00:00,17.268198333333334,24.908537
2024-07-02 04:00:00+00:00,14.84196575,15.307978
2024-07-02 05:00:00+00:00,12.681292083333332,14.190303
2024-07-02 06:00:00+00:00,11.398849166666666,13.377217
2024-07-02 07:00:00+00:00,10.079993333333332,12.876804
2024-07-02 08:00:00+00:00,8.8784675,12.916026
2024-07-02 09:00:00+00:00,10.622718333333333,13.626817
2024-07-02 10:00:00+00:00,13.4756345,15.131691
2024-07-02 11:00:00+00:00,14.456146583333332,17.351128
2024-07-02 12:00:00+00:00,15.7037505,19.405918
2024-07-02 13:00:00+00:00,16.113498583333335,20.9465
2024-07-02 14:00:00+00:00,18.983127749999998,21.997334
2024-07-02 15:00:00+00:00,22.272842166666663,22.66963
2024-07-02 16:00:00+00:00,25.831450416666666,23.549665
2024-07-02 17:00:00+00:00,29.622847833333335,24.85853
2024-07-02 18:00:00+00:00,33.02430508333333,26.450615
2024-07-02 19:00:00+00:00,36.2878305,28.152182
2024-07-02 20:00:00+00:00,43.67408966666667,31.07278
2024-07-02 21:00:00+00:00,54.20694125,33.648712
2024-07-02 22:00:00+00:00,51.995303,33.31904
2024-07-02 23:00:00+00:00,51.107731,30.576784
2024-07-03 00:00:00+00:00,40.50588891666667,26.911026
2024-07-03 01:00:00+00:00,35.94917933333333,23.666872
2024-07-03 02:00:00+00:00,27.130958833333334,21.164307
2024-07-03 03:00:00+00:00,24.86880275,19.275608
2024-07-03 04:00:00+00:00,18.158496916666667,20.574488
2024-07-03 05:00:00+00:00,16.089178250000003,19.263294
2024-07-03 06:00:00+00:00,13.541422166666665,18.312798
2024-07-03 07:00:00+00:00,12.720197416666666,17.645609
2024-07-03 08:00:00+00:00,13.031285666666667,17.586117
2024-07-03 09:00:00+00:00,14.747395916666667,18.65906
2024-07-03 10:00:00+00:00,17.907630416666667,20.835115
2024-07-03 11:00:00+00:00,21.123179083333333,23.269833
2024-07-03 12:00:00+00:00,23.355971999999998,25.348068
2024-07-03 13:00:00+00:00,26.922766083333332,27.165747
2024-07-03 14:00:00+00:00,30.823103250000003,29.245495
2024-07-03 15:00:00+00:00,34.453765749999995,32.14594
2024-07-03 16:00:00+00:00,36.386416583333336,34.86136
2024-07-03 17:00:00+00:00,40.1460925,35.729237
2024-07-03 18:00:00+00:00,43.33383466666667,35.87459
2024-07-03 19:00:00+00:00,46.16319158333334,38.670364
2024-07-03 20:00:00+00:00,52.00847925,45.9149
2024-07-03 21:00:00+00:00,60.03348741666666,47.88012
2024-07-03 22:00:00+00:00,55.35609208333334,43.57849
2024-07-03 23:00:00+00:00,51.39114433333333,37.955166
2024-07-04 00:00:00+00:00,40.23599158333334,32.588997
2024-07-04 01:00:00+00:00,37.46464616666666,28.293848
2024-07-04 02:00:00+00:00,34.79572475,25.434458
2024-07-04 03:00:00+00:00,31.81342633333334,23.874903
2024-07-04 04:00:00+00:00,26.919529333333333,25.137596
2024-07-04 05:00:00+00:00,22.023657,22.70267
2024-07-04 06:00:00+00:00,18.838552083333333,20.919312
2024-07-04 07:00:00+00:00,15.180296750000002,19.670147
2024-07-04 08:00:00+00:00,14.534763750000002,19.36286
2024-07-04 09:00:00+00:00,15.645946166666668,20.371578
2024-07-04 10:00:00+00:00,15.646647500000002,22.46397
2024-07-04 11:00:00+00:00,13.947987083333333,24.992498
2024-07-04 12:00:00+00:00,18.482725666666667,27.434229
2024-07-04 13:00:00+00:00,27.361636166666667,29.683123
2024-07-04 14:00:00+00:00,28.303285416666668,32.123295
2024-07-04 15:00:00+00:00,34.11415091666667,34.48316
2024-07-04 16:00:00+00:00,38.6595845,35.473633
2024-07-04 17:00:00+00:00,40.69212766666667,35.683777
2024-07-04 18:00:00+00:00,43.06267591666667,37.17399
2024-07-04 19:00:00+00:00,44.378194416666666,42.102436
2024-07-04 20:00:00+00:00,52.90566175,43.427433
2024-07-04 21:00:00+00:00,56.30102291666665,39.183693
2024-07-04 22:00:00+00:00,50.135212249999995,34.30095
2024-07-04 23:00:00+00:00,46.632938833333334,30.470413
2024-07-05 00:00:00+00:00,38.79082091666667,28.289906
2024-07-05 01:00:00+00:00,41.37013208333333,27.830528
2024-07-05 02:00:00+00:00,33.566764416666665,28.529116
2024-07-05 03:00:00+00:00,29.738564166666666,29.047213
2024-07-05 04:00:00+00:00,24.083330333333336,23.983025
2024-07-05 05:00:00+00:00,20.405647249999998,21.542744
2024-07-05 06:00:00+00:00,16.703419416666666,19.76934
2024-07-05 07:00:00+00:00,15.246169416666667,18.46196
2024-07-05 08:00:00+00:00,14.788924,17.831987
2024-07-05 09:00:00+00:00,16.378030333333335,18.387363
2024-07-05 10:00:00+00:00,19.8171275,20.29822
2024-07-05 11:00:00+00:00,24.434104583333333,22.806747
2024-07-05 12:00:00+00:00,24.96446883333333,25.028288
2024-07-05 13:00:00+00:00,28.45119025,26.853891
2024-07-05 14:00:00+00:00,33.12812258333333,28.733938
2024-07-05 15:00:00+00:00,43.031603749999995,31.072851
2024-07-05 16:00:00+00:00,44.21240158333333,32.906677
2024-07-05 17:00:00+00:00,49.406150833333335,33.73886
2024-07-05 18:00:00+00:00,54.41084433333333,35.118866
2024-07-05 19:00:00+00:00,60.81261816666667,39.412567
2024-07-05 20:00:00+00:00,66.73796891666667,45.67303
2024-07-05 21:00:00+00:00,70.94540341666668,44.69382
2024-07-05 22:00:00+00:00,66.19329941666666,39.8469
2024-07-05 23:00:00+00:00,59.176493083333334,34.627964
2024-07-06 00:00:00+00:00,46.71923050000001,30.099869
2024-07-06 01:00:00+00:00,40.831076083333336,26.9039
2024-07-06 02:00:00+00:00,36.087128916666664,25.204924
2024-07-06 03:00:00+00:00,27.823657750000002,24.957521
2024-07-06 04:00:00+00:00,25.39038591666667,25.639769
2024-07-06 05:00:00+00:00,23.090918833333333,22.612309
2024-07-06 06:00:00+00:00,20.19937841666667,20.085522
2024-07-06 07:00:00+00:00,17.675159583333336,18.226486
2024-07-06 08:00:00+00:00,16.973247916666672,16.903437
2024-07-06 09:00:00+00:00,16.25418091666667,16.412949
2024-07-06 10:00:00+00:00,15.814816166666667,17.06081
2024-07-06 11:00:00+00:00,16.89635841666667,18.649446
2024-07-06 12:00:00+00:00,20.750698583333335,21.084324
2024-07-06 13:00:00+00:00,24.254972749999997,23.812233
2024-07-06 14:00:00+00:00,28.203863166666665,26.112167
2024-07-06 15:00:00+00:00,34.13179925,28.281519
2024-07-06 16:00:00+00:00,36.52200783333333,31.375105
2024-07-06 17:00:00+00:00,41.50181308333333,36.121635
2024-07-06 18:00:00+00:00,45.50044716666667,41.331993
2024-07-06 19:00:00+00:00,54.839065500000004,45.611378
2024-07-06 20:00:00+00:00,64.68019566666668,52.06344
2024-07-06 21:00:00+00:00,65.97091366666666,57.049377
2024-07-06 22:00:00+00:00,62.030837166666664,54.75649
2024-07-06 23:00:00+00:00,52.88033041666665,49.078724
2024-07-07 00:00:00+00:00,43.70597200000001,43.125416
2024-07-07 01:00:00+00:00,37.28627758333334,37.79495
2024-07-07 02:00:00+00:00,28.506409083333335,33.458633
2024-07-07 03:00:00+00:00,24.74505016666667,30.314112
2024-07-07 04:00:00+00:00,22.181810833333333,23.046074
2024-07-07 05:00:00+00:00,19.9602385,20.113667
2024-07-07 06:00:00+00:00,16.595410166666667,17.608221
2024-07-07 07:00:00+00:00,14.877495083333335,15.678524
2024-07-07 08:00:00+00:00,13.799124666666666,14.296112
2024-07-07 09:00:00+00:00,12.85661775,13.788603
2024-07-07 10:00:00+00:00,11.608501250000002,14.437571
2024-07-07 11:00:00+00:00,11.720566833333335,15.909069
2024-07-07 12:00:00+00:00,15.353305166666667,18.265108
2024-07-07 13:00:00+00:00,22.462685333333337,21.28616
2024-07-07 14:00:00+00:00,24.577951,24.059486
2024-07-07 15:00:00+00:00,30.39957216666667,26.790257
2024-07-07 16:00:00+00:00,36.158766916666664,30.430788
2024-07-07 17:00:00+00:00,40.742701333333336,35.50151
2024-07-07 18:00:00+00:00,45.79895083333333,41.503914
2024-07-07 19:00:00+00:00,53.48441725000001,47.87456
2024-07-07 20:00:00+00:00,63.66253391666667,55.495384
2024-07-07 21:00:00+00:00,71.83256233333333,57.10341
2024-07-07 22:00:00+00:00,72.50954608333333,52.507523
2024-07-07 23:00:00+00:00,58.58869683333334,45.70748
2024-07-08 00:00:00+00:00,45.33017924999999,39.36876
2024-07-08 01:00:00+00:00,39.27346491666666,34.25836
2024-07-08 02:00:00+00:00,30.38812891666667,30.419857
2024-07-08 03:00:00+00:00,25.752154166666667,27.674675
2024-07-08 04:00:00+00:00,22.87332616666667,21.251112
2024-07-08 05:00:00+00:00,18.937017166666667,19.162886
2024-07-08 06:00:00+00:00,15.776992166666666,17.673262
2024-07-08 07:00:00+00:00,15.902968500000002,16.649511
2024-07-08 08:00:00+00:00,15.701730833333336,16.587261
2024-07-08 09:00:00+00:00,17.064154666666667,17.887604
2024-07-08 10:00:00+00:00,19.160069250000003,20.54772
2024-07-08 11:00:00+00:00,22.75642541666667,24.414364
2024-07-08 12:00:00+00:00,28.493341666666662,28.085032
2024-07-08 13:00:00+00:00,34.29666108333333,31.009235
2024-07-08 14:00:00+00:00,41.68795791666667,34.090088
2024-07-08 15:00:00+00:00,48.85877716666668,38.69244
2024-07-08 16:00:00+00:00,58.722888000000005,44.91037
2024-07-08 17:00:00+00:00,62.46178341666667,51.48401
2024-07-08 18:00:00+00:00,72.02906308333333,57.15
2024-07-08 19:00:00+00:00,83.73298716666666,64.65228
2024-07-08 20:00:00+00:00,101.24990158333333,71.084335
2024-07-08 21:00:00+00:00,107.879554,68.58508
2024-07-08 22:00:00+00:00,94.39738541666668,60.34012
2024-07-08 23:00:00+00:00,74.05058708333333,51.220955
2024-07-09 00:00:00+00:00,58.17353875,43.273163
2024-07-09 01:00:00+00:00,52.61200258333333,36.835938
2024-07-09 02:00:00+00:00,38.364379666666665,32.02037
2024-07-09 03:00:00+00:00,34.56961425,28.677889
2024-07-09 04:00:00+00:00,30.479158666666663,26.75684
2024-07-09 05:00:00+00:00,27.153790666666666,24.147854
2024-07-09 06:00:00+00:00,23.08972808333333,22.259644
2024-07-09 07:00:00+00:00,21.05695575,21.082294
2024-07-09 08:00:00+00:00,20.775099,21.192093
2024-07-09 09:00:00+00:00,23.162114583333334,22.943424
2024-07-09 10:00:00+00:00,26.494468916666666,26.22253
2024-07-09 11:00:00+00:00,30.671305916666668,30.544065
2024-07-09 12:00:00+00:00,33.99191725,34.814976
2024-07-09 13:00:00+00:00,41.15749483333334,38.87885
2024-07-09 14:00:00+00:00,49.007617833333335,43.41225
2024-07-09 15:00:00+00:00,60.779304583333335,49.645218
2024-07-09 16:00:00+00:00,76.85502758333332,57.422874
2024-07-09 17:00:00+00:00,87.27795758333333,62.95423
2024-07-09 18:00:00+00:00,98.10911241666666,65.734024
2024-07-09 19:00:00+00:00,105.75995708333335,70.49268
2024-07-09 20:00:00+00:00,121.01150608333332,82.03943
2024-07-09 21:00:00+00:00,130.44111408333333,86.04923
2024-07-09 22:00:00+00:00,111.21948250000001,77.781906
2024-07-09 23:00:00+00:00,87.37045866666666,66.77311
2024-07-10 00:00:00+00:00,65.25834116666667,56.31054
2024-07-10 01:00:00+00:00,60.527165999999994,47.07594
2024-07-10 02:00:00+00:00,41.69207550000001,40.048534
2024-07-10 03:00:00+00:00,35.309749333333336,35.552925
2024-07-10 04:00:00+00:00,31.019195333333332,28.731293
2024-07-10 05:00:00+00:00,28.97806208333333,24.079992
2024-07-10 06:00:00+00:00,25.82775283333334,20.790789
2024-07-10 07:00:00+00:00,22.2956045,18.639988
2024-07-10 08:00:00+00:00,21.90445125,18.075377
2024-07-10 09:00:00+00:00,23.758524166666664,19.805876
2024-07-10 10:00:00+00:00,26.212405583333332,23.824306
2024-07-10 11:00:00+00:00,32.19129658333333,29.74758
2024-07-10 12:00:00+00:00,34.68685225,35.753525
2024-07-10 13:00:00+00:00,41.651838,41.102604
2024-07-10 14:00:00+00:00,47.71838416666668,47.210743
2024-07-10 15:00:00+00:00,55.836567583333334,56.324963
2024-07-10 16:00:00+00:00,62.0523835,67.04909
2024-07-10 17:00:00+00:00,75.21514733333333,74.90718
2024-07-10 18:00:00+00:00,78.3149085,82.71231
2024-07-10 19:00:00+00:00,92.57981675000002,98.6349
2024-07-10 20:00:00+00:00,101.26980899999998,107.354034
2024-07-10 21:00:00+00:00,104.61031433333333,99.44765
2024-07-10 22:00:00+00:00,88.36271624999999,84.86742
2024-07-10 23:00:00+00:00,74.4126095,70.440636
2024-07-11 00:00:00+00:00,59.723354416666666,57.8473
2024-07-11 01:00:00+00:00,50.34564724999999,47.940475
2024-07-11 02:00:00+00:00,37.853748083333336,41.013268
2024-07-11 03:00:00+00:00,30.82748033333333,36.823303
2024-07-11 04:00:00+00:00,28.75239916666667,26.470505
2024-07-11 05:00:00+00:00,26.61693441666667,21.91943
2024-07-11 06:00:00+00:00,22.133944,18.651539
2024-07-11 07:00:00+00:00,19.36835941666667,16.510895
2024-07-11 08:00:00+00:00,20.885304416666667,15.789806
2024-07-11 09:00:00+00:00,24.004227083333333,17.294315
2024-07-11 10:00:00+00:00,26.970423583333332,21.23872
2024-07-11 11:00:00+00:00,27.19725066666667,27.346165
2024-07-11 12:00:00+00:00,28.50487275,33.23792
2024-07-11 13:00:00+00:00,33.7865205,37.742462
2024-07-11 14:00:00+00:00,35.67577558333333,42.36821
2024-07-11 15:00:00+00:00,40.347895333333334,48.09111
2024-07-11 16:00:00+00:00,43.58349933333333,54.40576
2024-07-11 17:00:00+00:00,48.68463716666667,60.89808
2024-07-11 18:00:00+00:00,54.26534416666667,68.02921
2024-07-11 19:00:00+00:00,66.05186975,79.0841
2024-07-11 20:00:00+00:00,79.44850491666666,87.09981
2024-07-11 21:00:00+00:00,84.42918958333334,83.92507
2024-07-11 22:00:00+00:00,80.42528233333333,73.66214
2024-07-11 23:00:00+00:00,66.39107241666666,62.2853
2024-07-12 00:00:00+00:00,49.01200108333333,52.379333
2024-07-12 01:00:00+00:00,45.72334566666667,44.36965
2024-07-12 02:00:00+00:00,35.05512475,38.164284
2024-07-12 03:00:00+00:00,28.291462583333328,33.48123
2024-07-12 04:00:00+00:00,28.857351250000004,24.128368
2024-07-12 05:00:00+00:00,23.173474416666664,20.65969
2024-07-12 06:00:00+00:00,19.62974225,18.186752
2024-07-12 07:00:00+00:00,18.291129833333336,16.705322
2024-07-12 08:00:00+00:00,18.872542333333335,16.652992
2024-07-12 09:00:00+00:00,21.980513166666668,18.748188
2024-07-12 10:00:00+00:00,22.709706999999998,23.489853
2024-07-12 11:00:00+00:00,26.069995000000002,29.422691
2024-07-12 12:00:00+00:00,29.707948000000002,34.210617
2024-07-12 13:00:00+00:00,36.46512991666666,37.411427
2024-07-12 14:00:00+00:00,39.51547933333333,38.917667
2024-07-12 15:00:00+00:00,45.17071066666667,39.500023
2024-07-12 16:00:00+00:00,44.914827,39.575485
2024-07-12 17:00:00+00:00,49.595865833333335,39.572334
2024-07-12 18:00:00+00:00,51.725804499999995,43.070103
2024-07-12 19:00:00+00:00,58.34139775,53.124767
2024-07-12 20:00:00+00:00,64.20235191666667,61.762398
2024-07-12 21:00:00+00:00,64.25283883333334,61.813457
2024-07-12 22:00:00+00:00,55.27829158333333,55.501488
2024-07-12 23:00:00+00:00,50.912378249999996,47.038364
2024-07-13 00:00:00+00:00,45.89419216666667,39.594433
2024-07-13 01:00:00+00:00,42.224546333333336,33.927933
2024-07-13 02:00:00+00:00,35.43365741666667,29.632652
2024-07-13 03:00:00+00:00,31.894190749999996,26.336342
2024-07-13 04:00:00+00:00,25.360372833333333,29.235256
2024-07-13 05:00:00+00:00,23.055381833333335,25.304317
2024-07-13 06:00:00+00:00,19.143922,22.174564
2024-07-13 07:00:00+00:00,17.40803825,19.864275
2024-07-13 08:00:00+00:00,15.818504250000002,18.346554
2024-07-13 09:00:00+00:00,17.489560750000003,17.771633
2024-07-13 10:00:00+00:00,17.182343666666668,18.456747
2024-07-13 11:00:00+00:00,15.905106416666671,20.845966
2024-07-13 12:00:00+00:00,24.027746083333334,24.781075
2024-07-13 13:00:00+00:00,29.17427908333333,28.799881
2024-07-13 14:00:00+00:00,34.116129666666666,31.992058
2024-07-13 15:00:00+00:00,40.8625545,34.293793
2024-07-13 16:00:00+00:00,41.37171491666667,35.566376
2024-07-13 17:00:00+00:00,47.496058500000004,36.53502
2024-07-13 18:00:00+00:00,47.461902,37.88254
2024-07-13 19:00:00+00:00,54.62216316666667,40.778713
2024-07-13 20:00:00+00:00,68.99427758333333,47.2742
2024-07-13 21:00:00+00:00,75.11162283333333,55.31514
2024-07-13 22:00:00+00:00,73.18114458333334,56.65235
2024-07-13 23:00:00+00:00,60.70834375,52.340538
2024-07-14 00:00:00+00:00,47.19813025,45.959396
2024-07-14 01:00:00+00:00,44.57298491666666,39.981747
2024-07-14 02:00:00+00:00,36.43193358333333,35.37898
2024-07-14 03:00:00+00:00,32.081227750000004,32.135857
2024-07-14 04:00:00+00:00,22.842061666666666,29.39325
2024-07-14 05:00:00+00:00,19.718857333333332,25.94286
2024-07-14 06:00:00+00:00,17.402184583333334,23.119366
2024-07-14 07:00:00+00:00,15.136036583333334,20.966164
2024-07-14 08:00:00+00:00,15.507873083333331,19.33622
2024-07-14 09:00:00+00:00,16.125794750000004,18.512342
2024-07-14 10:00:00+00:00,15.236038666666667,18.948172
2024-07-14 11:00:00+00:00,14.379239750000002,20.549002
2024-07-14 12:00:00+00:00,19.61154283333334,23.133694
2024-07-14 13:00:00+00:00,26.67785358333333,26.333351
2024-07-14 14:00:00+00:00,32.692787333333335,29.21859
2024-07-14 15:00:00+00:00,39.0634085,31.828094
2024-07-14 16:00:00+00:00,43.76243841666667,35.26798
2024-07-14 17:00:00+00:00,45.913052416666666,40.24957
2024-07-14 18:00:00+00:00,53.37602591666666,45.981308
2024-07-14 19:00:00+00:00,61.21161525,51.36771
2024-07-14 20:00:00+00:00,76.08276758333334,59.655785
2024-07-14 21:00:00+00:00,83.90994558333334,66.13294
2024-07-14 22:00:00+00:00,81.57476283333334,63.73429
2024-07-14 23:00:00+00:00,71.85107608333333,57.01832
2024-07-15 00:00:00+00:00,53.67862,49.807472
2024-07-15 01:00:00+00:00,45.98027116666666,43.478046
2024-07-15 02:00:00+00:00,34.359508166666664,38.539745
2024-07-15 03:00:00+00:00,29.19638033333333,35.09708
2024-07-15 04:00:00+00:00,27.327882416666668,25.15805
2024-07-15 05:00:00+00:00,22.771582083333332,22.264223
2024-07-15 06:00:00+00:00,19.605401750000006,20.20311
2024-07-15 07:00:00+00:00,17.079353916666665,18.787329
2024-07-15 08:00:00+00:00,16.708470000000005,18.388212
2024-07-15 09:00:00+00:00,19.4468735,19.38471
2024-07-15 10:00:00+00:00,23.024947166666667,21.649107
2024-07-15 11:00:00+00:00,27.436288166666667,25.55653
2024-07-15 12:00:00+00:00,31.550002833333338,30.289646
2024-07-15 13:00:00+00:00,38.71143058333333,34.379402
2024-07-15 14:00:00+00:00,49.01391508333333,38.140224
2024-07-15 15:00:00+00:00,63.821268833333335,43.07779
2024-07-15 16:00:00+00:00,76.06257241666667,50.10002
2024-07-15 17:00:00+00:00,106.75712233333333,57.786404
2024-07-15 18:00:00+00:00,142.13911541666667,64.58259
2024-07-15 19:00:00+00:00,171.20003975,71.66168
2024-07-15 20:00:00+00:00,190.20209166666663,80.24991
2024-07-15 21:00:00+00:00,200.23405866666667,80.90411
2024-07-15 22:00:00+00:00,175.7409885,74.38452
2024-07-15 23:00:00+00:00,129.46132816666668,64.31278
2024-07-16 00:00:00+00:00,85.10802891666667,54.039074
2024-07-16 01:00:00+00:00,61.16021125,45.21583
2024-07-16 02:00:00+00:00,40.86529458333333,38.612568
2024-07-16 03:00:00+00:00,31.467377916666667,34.152374
2024-07-16 04:00:00+00:00,28.808677083333333,22.024252
2024-07-16 05:00:00+00:00,23.606484750000003,16.44429
2024-07-16 06:00:00+00:00,21.170777166666667,12.358593
2024-07-16 07:00:00+00:00,19.80487833333334,9.529869
2024-07-16 08:00:00+00:00,19.24506941666667,8.873394
2024-07-16 09:00:00+00:00,21.10204966666667,11.111481
2024-07-16 10:00:00+00:00,26.342549749999996,15.994865
2024-07-16 11:00:00+00:00,25.886551333333333,23.866592
2024-07-16 12:00:00+00:00,28.934328999999998,32.415558
2024-07-16 13:00:00+00:00,33.346964666666665,39.938564
2024-07-16 14:00:00+00:00,38.66140216666667,47.857166
2024-07-16 15:00:00+00:00,55.250040416666664,58.8798
2024-07-16 16:00:00+00:00,68.68370341666666,73.87288
2024-07-16 17:00:00+00:00,77.3035765,87.29718
2024-07-16 18:00:00+00:00,101.30111991666666,99.72808
2024-07-16 19:00:00+00:00,126.62947783333334,120.67115
2024-07-16 20:00:00+00:00,148.67280533333334,135.81076
2024-07-16 21:00:00+00:00,159.9810695,128.09297
2024-07-16 22:00:00+00:00,140.010664,108.39116
2024-07-16 23:00:00+00:00,96.1067855,88.04551
2024-07-17 00:00:00+00:00,75.05004641666666,70.29745
2024-07-17 01:00:00+00:00,58.04512466666667,55.692272
2024-07-17 02:00:00+00:00,39.61485966666667,44.69812
2024-07-17 03:00:00+00:00,31.605006666666668,37.255272
2024-07-17 04:00:00+00:00,30.71046258333334,21.879475
2024-07-17 05:00:00+00:00,27.579757333333333,15.339634
2024-07-17 06:00:00+00:00,23.16087075,10.732311
2024-07-17 07:00:00+00:00,20.441276500000004,7.7097816
2024-07-17 08:00:00+00:00,19.847177500000004,6.575733
2024-07-17 09:00:00+00:00,23.158014249999997,8.900719
2024-07-17 10:00:00+00:00,25.864940083333334,15.991825
2024-07-17 11:00:00+00:00,26.677732250000002,25.957882
2024-07-17 12:00:00+00:00,28.890170166666667,34.43236
2024-07-17 13:00:00+00:00,32.716629833333336,40.659454
2024-07-17 14:00:00+00:00,35.803166583333336,47.11303
2024-07-17 15:00:00+00:00,41.05847716666667,54.87677
2024-07-17 16:00:00+00:00,47.60109166666666,62.79719
2024-07-17 17:00:00+00:00,60.014474416666665,69.30957
2024-07-17 18:00:00+00:00,63.974672166666664,79.044365
2024-07-17 19:00:00+00:00,69.86626416666667,100.85245
2024-07-17 20:00:00+00:00,75.46520625000001,113.31795
2024-07-17 21:00:00+00:00,70.06092608333334,105.31666
2024-07-17 22:00:00+00:00,56.68885866666667,88.39577
2024-07-17 23:00:00+00:00,44.970843333333335,71.02354
2024-07-18 00:00:00+00:00,39.8602845,56.125614
2024-07-18 01:00:00+00:00,35.97924925,44.646072
2024-07-18 02:00:00+00:00,30.166282499999998,36.37198
2024-07-18 03:00:00+00:00,25.400113583333333,30.924736
2024-07-18 04:00:00+00:00,26.96138408333333,19.695831
2024-07-18 05:00:00+00:00,21.934778833333336,11.730507
2024-07-18 06:00:00+00:00,16.8204095,5.275608
2024-07-18 07:00:00+00:00,16.241241249999998,0.9652138
2024-07-18 08:00:00+00:00,17.090959166666668,-0.67974854
2024-07-18 09:00:00+00:00,20.1600705,0.71845245
2024-07-18 10:00:00+00:00,22.217586,5.604244
2024-07-18 11:00:00+00:00,25.5151955,14.165585
2024-07-18 12:00:00+00:00,27.621450916666664,23.786507
2024-07-18 13:00:00+00:00,29.843494250000003,31.31449
2024-07-18 14:00:00+00:00,32.379273000000005,35.433285
2024-07-18 15:00:00+00:00,35.60136466666666,36.968494
2024-07-18 16:00:00+00:00,35.400322583333335,37.179016
2024-07-18 17:00:00+00:00,38.461674,35.72283
2024-07-18 18:00:00+00:00,38.857787333333334,33.71203
2024-07-18 19:00:00+00:00,40.46054616666667,37.08707
2024-07-18 20:00:00+00:00,44.6994975,51.264645
2024-07-18 21:00:00+00:00,46.869673833333344,66.00825
2024-07-18 22:00:00+00:00,43.21650033333333,67.82941
2024-07-18 23:00:00+00:00,39.7694675,59.353275
2024-07-19 00:00:00+00:00,37.85631108333333,46.315865
2024-07-19 01:00:00+00:00,35.25454383333334,34.72657
2024-07-19 02:00:00+00:00,26.898156500000002,26.540876
2024-07-19 03:00:00+00:00,24.50792041666667,20.879166
2024-07-19 04:00:00+00:00,19.0145005,19.974834
2024-07-19 05:00:00+00:00,18.452857249999997,14.817982
2024-07-19 06:00:00+00:00,14.954659416666667,10.707592
2024-07-19 07:00:00+00:00,14.534167000000002,7.886429
2024-07-19 08:00:00+00:00,15.389524333333334,6.713066
2024-07-19 09:00:00+00:00,16.7453705,7.600643
2024-07-19 10:00:00+00:00,18.854575333333333,10.969341
2024-07-19 11:00:00+00:00,18.17357,16.821829
2024-07-19 12:00:00+00:00,18.07906041666667,23.320072
2024-07-19 13:00:00+00:00,20.361488666666666,28.455141
2024-07-19 14:00:00+00:00,22.30625041666667,31.288816
2024-07-19 15:00:00+00:00,27.35213333333333,31.96148
2024-07-19 16:00:00+00:00,28.997605250000003,31.453224
2024-07-19 17:00:00+00:00,31.568535083333334,29.928581
2024-07-19 18:00:00+00:00,34.358084166666664,27.749954
2024-07-19 19:00:00+00:00,37.53145525,27.606655
2024-07-19 20:00:00+00:00,42.259273583333325,34.28984
2024-07-19 21:00:00+00:00,47.12208808333333,46.85459
2024-07-19 22:00:00+00:00,41.885491583333334,52.39722
2024-07-19 23:00:00+00:00,37.54116666666666,48.691975
2024-07-20 00:00:00+00:00,33.0813375,40.121273
2024-07-20 01:00:00+00:00,30.63849025,31.56745
2024-07-20 02:00:00+00:00,25.909098916666668,25.428064
2024-07-20 03:00:00+00:00,22.779205750000003,21.41419
2024-07-20 04:00:00+00:00,22.438007499999998,21.857197
2024-07-20 05:00:00+00:00,21.6037705,19.357037
2024-07-20 06:00:00+00:00,18.30548775,17.310785
2024-07-20 07:00:00+00:00,14.658785083333333,15.799179
2024-07-20 08:00:00+00:00,15.277210833333333,14.868366
2024-07-20 09:00:00+00:00,15.808219000000003,14.621765
2024-07-20 10:00:00+00:00,16.407431499999998,15.130842
2024-07-20 11:00:00+00:00,16.599208416666666,16.564709
2024-07-20 12:00:00+00:00,19.546462500000004,19.04958
2024-07-20 13:00:00+00:00,21.48950533333333,21.82011
2024-07-20 14:00:00+00:00,24.149667249999997,24.05119
2024-07-20 15:00:00+00:00,28.107549416666668,25.62139
2024-07-20 16:00:00+00:00,30.940804666666665,26.538893
2024-07-20 17:00:00+00:00,31.306154416666665,27.435566
2024-07-20 18:00:00+00:00,32.49115191666667,28.696217
2024-07-20 19:00:00+00:00,35.06720491666667,30.906878
2024-07-20 20:00:00+00:00,37.711033,35.499832
2024-07-20 21:00:00+00:00,40.165276,41.259453
2024-07-20 22:00:00+00:00,39.68955883333333,42.413857
2024-07-20 23:00:00+00:00,35.59702908333333,39.298065
2024-07-21 00:00:00+00:00,32.4859745,34.56772
2024-07-21 01:00:00+00:00,32.56526216666666,30.274233
2024-07-21 02:00:00+00:00,25.414860083333334,27.007338
2024-07-21 03:00:00+00:00,24.04598841666667,24.63385
2024-07-21 04:00:00+00:00,17.056676083333333,22.007154
2024-07-21 05:00:00+00:00,15.994885749999998,20.281801
2024-07-21 06:00:00+00:00,13.25734175,18.953321
2024-07-21 07:00:00+00:00,11.653590416666667,17.93169
2024-07-21 08:00:00+00:00,11.115629750000002,17.178778
2024-07-21 09:00:00+00:00,12.327722666666666,16.8539
2024-07-21 10:00:00+00:00,11.907161916666666,17.233965
2024-07-21 11:00:00+00:00,11.182925416666668,18.35814
2024-07-21 12:00:00+00:00,14.025465999999998,20.087614
2024-07-21 13:00:00+00:00,16.93126133333334,21.95652
2024-07-21 14:00:00+00:00,19.48390158333333,23.498686
2024-07-21 15:00:00+00:00,25.281566666666667,24.92208
2024-07-21 16:00:00+00:00,31.7129315,26.63311
2024-07-21 17:00:00+00:00,34.03374933333333,28.823612
2024-07-21 18:00:00+00:00,35.149742833333335,31.339973
2024-07-21 19:00:00+00:00,39.25438641666667,33.640675
2024-07-21 20:00:00+00:00,46.24298091666666,37.836956
2024-07-21 21:00:00+00:00,54.966956333333336,41.502583
2024-07-21 22:00:00+00:00,52.156099916666676,40.439926
2024-07-21 23:00:00+00:00,42.927003000000006,36.890198
2024-07-22 00:00:00+00:00,37.167966166666666,32.890034
2024-07-22 01:00:00+00:00,35.05830983333333,29.397287
2024-07-22 02:00:00+00:00,27.769756916666665,26.802816
2024-07-22 03:00:00+00:00,24.27927975,25.092176
2024-07-22 04:00:00+00:00,21.712484166666666,20.69777
2024-07-22 05:00:00+00:00,19.782885333333336,19.285696
2024-07-22 06:00:00+00:00,16.240577,18.278645
2024-07-22 07:00:00+00:00,14.8519615,17.615265
2024-07-22 08:00:00+00:00,15.376206833333333,17.56792
2024-07-22 09:00:00+00:00,18.512092833333337,18.391964
2024-07-22 10:00:00+00:00,22.66212075,20.068066
2024-07-22 11:00:00+00:00,25.087661833333332,22.41356
2024-07-22 12:00:00+00:00,27.32457583333333,24.84096
2024-07-22 13:00:00+00:00,30.707887,27.181648
2024-07-22 14:00:00+00:00,35.65843725,29.830566
2024-07-22 15:00:00+00:00,39.64616183333333,33.518726
2024-07-22 16:00:00+00:00,43.09415741666667,38.247242
2024-07-22 17:00:00+00:00,43.13842941666667,42.00408
2024-07-22 18:00:00+00:00,45.83869216666667,44.247063
2024-07-22 19:00:00+00:00,50.07463224999999,47.204884
2024-07-22 20:00:00+00:00,54.38717558333334,52.53913
2024-07-22 21:00:00+00:00,63.8892885,53.09657
2024-07-22 22:00:00+00:00,50.80380575,48.90522
2024-07-22 23:00:00+00:00,44.79555491666667,42.975784
2024-07-23 00:00:00+00:00,41.96339675,36.884594
2024-07-23 01:00:00+00:00,41.22182525,31.577578
2024-07-23 02:00:00+00:00,32.51923225,27.774715
2024-07-23 03:00:00+00:00,26.014971250000002,25.487652
2024-07-23 04:00:00+00:00,24.73840241666667,22.253626
2024-07-23 05:00:00+00:00,22.252848916666665,20.434685
2024-07-23 06:00:00+00:00,18.020509833333335,19.14931
2024-07-23 07:00:00+00:00,16.007507750000002,18.309124
2024-07-23 08:00:00+00:00,16.344423916666667,18.147339
2024-07-23 09:00:00+00:00,21.075351583333333,18.876333
2024-07-23 10:00:00+00:00,23.45856308333333,20.416264
2024-07-23 11:00:00+00:00,24.032879750000003,22.789026
2024-07-23 12:00:00+00:00,25.602003,25.462997
2024-07-23 13:00:00+00:00,27.804151,27.982826
2024-07-23 14:00:00+00:00,32.43853408333333,30.629261
2024-07-23 15:00:00+00:00,38.99144941666667,34.13996
2024-07-23 16:00:00+00:00,44.43459325,38.707897
2024-07-23 17:00:00+00:00,50.03924025,42.372658
2024-07-23 18:00:00+00:00,57.25944175,44.485947
2024-07-23 19:00:00+00:00,62.021130666666664,47.35307
2024-07-23 20:00:00+00:00,74.21018558333334,53.937977
2024-07-23 21:00:00+00:00,91.19769208333332,56.524704
2024-07-23 22:00:00+00:00,76.905301,52.4991
2024-07-23 23:00:00+00:00,59.4163265,46.3233
2024-07-24 00:00:00+00:00,52.21397283333334,40.155434
2024-07-24 01:00:00+00:00,52.16819475,34.616257
2024-07-24 02:00:00+00:00,40.86431925,30.344023
2024-07-24 03:00:00+00:00,32.322351833333336,27.544044
2024-07-24 04:00:00+00:00,29.272110833333333,26.631237
2024-07-24 05:00:00+00:00,22.669978666666665,23.895409
2024-07-24 06:00:00+00:00,20.34475041666667,21.946045
2024-07-24 07:00:00+00:00,18.085072583333336,20.553892
2024-07-24 08:00:00+00:00,17.970870333333337,20.02488
2024-07-24 09:00:00+00:00,23.99771275,20.951578
2024-07-24 10:00:00+00:00,23.689036,23.423397
2024-07-24 11:00:00+00:00,28.765547833333336,26.88945
2024-07-24 12:00:00+00:00,31.330686249999996,30.506702
2024-07-24 13:00:00+00:00,36.242663416666666,33.995102
2024-07-24 14:00:00+00:00,36.61293366666666,37.97416
2024-07-24 15:00:00+00:00,44.279699,43.533203
2024-07-24 16:00:00+00:00,43.80423216666667,49.211903
2024-07-24 17:00:00+00:00,48.95186041666667,51.63475
2024-07-24 18:00:00+00:00,53.12647449999999,53.490288
2024-07-24 19:00:00+00:00,55.378165833333334,60.807945
2024-07-24 20:00:00+00:00,61.72552508333333,70.26084
2024-07-24 21:00:00+00:00,66.63799725,68.67679
2024-07-24 22:00:00+00:00,59.53801433333334,60.805595
2024-07-24 23:00:00+00:00,47.25429975000001,51.694996
2024-07-25 00:00:00+00:00,44.04263716666667,43.306458
2024-07-25 01:00:00+00:00,41.257431000000004,37.000423
2024-07-25 02:00:00+00:00,34.17288683333334,33.12342
2024-07-25 03:00:00+00:00,30.033260750000004,31.389856
2024-07-25 04:00:00+00:00,26.3238065,25.806799
2024-07-25 05:00:00+00:00,21.54333875,23.383062
2024-07-25 06:00:00+00:00,18.573188083333335,21.705091
2024-07-25 07:00:00+00:00,16.647318833333337,20.5998
2024-07-25 08:00:00+00:00,17.08796883333333,20.121426
2024-07-25 09:00:00+00:00,20.697610333333333,20.811605
2024-07-25 10:00:00+00:00,23.55483608333333,23.141546
2024-07-25 11:00:00+00:00,26.86377208333333,26.569292
2024-07-25 12:00:00+00:00,28.172268333333335,29.672604
2024-07-25 13:00:00+00:00,29.352560750000002,31.988823
2024-07-25 14:00:00+00:00,29.74940366666667,34.06555
2024-07-25 15:00:00+00:00,36.435637166666666,36.18618
2024-07-25 16:00:00+00:00,37.36374983333333,38.29178
2024-07-25 17:00:00+00:00,39.310481583333335,40.356735
2024-07-25 18:00:00+00:00,39.826469583333335,42.163242
2024-07-25 19:00:00+00:00,41.742996000000005,44.947124
2024-07-25 20:00:00+00:00,48.89879091666666,51.959694
2024-07-25 21:00:00+00:00,52.88660483333334,57.130157
2024-07-25 22:00:00+00:00,44.48061533333333,54.759743
2024-07-25 23:00:00+00:00,40.380643416666665,48.87195
2024-07-26 00:00:00+00:00,38.387824916666666,42.6497
2024-07-26 01:00:00+00:00,36.45859591666667,37.286953
2024-07-26 02:00:00+00:00,25.670935083333333,33.241394
2024-07-26 03:00:00+00:00,21.789818916666665,30.44292
2024-07-26 04:00:00+00:00,18.003425750000005,19.883886
2024-07-26 05:00:00+00:00,16.98287525,17.666014
2024-07-26 06:00:00+00:00,12.4871775,16.01
2024-07-26 07:00:00+00:00,11.553606666666667,15.039648
2024-07-26 08:00:00+00:00,11.736082000000001,15.011627
2024-07-26 09:00:00+00:00,14.800869833333335,16.053104
2024-07-26 10:00:00+00:00,17.892146750000002,18.378439
2024-07-26 11:00:00+00:00,19.743928999999998,21.953964
2024-07-26 12:00:00+00:00,21.119113333333335,25.469284
2024-07-26 13:00:00+00:00,23.197625583333334,27.834492
2024-07-26 14:00:00+00:00,23.059830083333335,28.89907
2024-07-26 15:00:00+00:00,27.618860499999997,29.401312
2024-07-26 16:00:00+00:00,30.173187416666668,29.74678
2024-07-26 17:00:00+00:00,32.169608833333335,29.641647
2024-07-26 18:00:00+00:00,34.18689083333333,29.632713
2024-07-26 19:00:00+00:00,36.23278425,32.082962
2024-07-26 20:00:00+00:00,44.632223333333336,37.863735
2024-07-26 21:00:00+00:00,48.672855999999996,42.216995
2024-07-26 22:00:00+00:00,44.91085,41.957756
2024-07-26 23:00:00+00:00,40.60906358333333,38.065273
2024-07-27 00:00:00+00:00,33.49589816666667,32.833954
2024-07-27 01:00:00+00:00,31.236833,28.446419
2024-07-27 02:00:00+00:00,25.57543683333333,25.261122
2024-07-27 03:00:00+00:00,20.18813675,22.841106
2024-07-27 04:00:00+00:00,15.866220750000005,19.80906
2024-07-27 05:00:00+00:00,13.857087166666666,17.634373
2024-07-27 06:00:00+00:00,12.097579083333335,15.884626
2024-07-27 07:00:00+00:00,11.180749083333334,14.622559
2024-07-27 08:00:00+00:00,10.665459583333334,13.981676
2024-07-27 09:00:00+00:00,10.07894375,14.022938
2024-07-27 10:00:00+00:00,10.496988,14.60989
2024-07-27 11:00:00+00:00,11.204645999999999,15.883268
2024-07-27 12:00:00+00:00,12.516994500000001,18.225506
2024-07-27 13:00:00+00:00,15.231685916666663,21.063335
2024-07-27 14:00:00+00:00,17.203479416666667,23.364628
2024-07-27 15:00:00+00:00,22.12190983333333,24.722216
2024-07-27 16:00:00+00:00,25.53796091666667,25.527061
2024-07-27 17:00:00+00:00,26.999402,26.621042
2024-07-27 18:00:00+00:00,29.201430333333334,28.254477
2024-07-27 19:00:00+00:00,33.1933475,30.668873
2024-07-27 20:00:00+00:00,40.631352,34.67203
2024-07-27 21:00:00+00:00,42.400164666666676,39.149303
2024-07-27 22:00:00+00:00,42.71975441666666,40.07682
2024-07-27 23:00:00+00:00,37.23694641666666,37.38587
2024-07-28 00:00:00+00:00,32.71965075,33.01899
2024-07-28 01:00:00+00:00,29.310328833333333,28.97726
2024-07-28 02:00:00+00:00,23.885934583333334,25.834694
2024-07-28 03:00:00+00:00,18.719999,23.417004
2024-07-28 04:00:00+00:00,15.882838583333333,17.791819
2024-07-28 05:00:00+00:00,15.299618249999998,15.788993
2024-07-28 06:00:00+00:00,12.25468025,14.112925
2024-07-28 07:00:00+00:00,11.396248083333333,12.823097
2024-07-28 08:00:00+00:00,10.066889583333333,11.957815
2024-07-28 09:00:00+00:00,10.545880083333333,11.730122
2024-07-28 10:00:00+00:00,10.407309249999997,12.230937
2024-07-28 11:00:00+00:00,10.065535500000001,13.255742
2024-07-28 12:00:00+00:00,11.192215333333333,14.994187
2024-07-28 13:00:00+00:00,14.050872000000002,17.32011
2024-07-28 14:00:00+00:00,17.99422291666667,19.428741
2024-07-28 15:00:00+00:00,22.538680499999998,21.203453
2024-07-28 16:00:00+00:00,27.316085083333334,22.874374
2024-07-28 17:00:00+00:00,30.445977583333338,25.121868
2024-07-28 18:00:00+00:00,31.0295045,28.492996
2024-07-28 19:00:00+00:00,35.91346525,31.822327
2024-07-28 20:00:00+00:00,42.52452366666667,36.17212
2024-07-28 21:00:00+00:00,52.747480333333336,39.443703
2024-07-28 22:00:00+00:00,48.81506541666667,38.504425
2024-07-28 23:00:00+00:00,40.14381208333334,34.76138
2024-07-29 00:00:00+00:00,35.32060125,30.429253
2024-07-29 01:00:00+00:00,33.06613225,26.681917
2024-07-29 02:00:00+00:00,25.473406916666665,23.774672
2024-07-29 03:00:00+00:00,24.157155916666667,21.596767
2024-07-29 04:00:00+00:00,21.200952416666667,19.31807
2024-07-29 05:00:00+00:00,18.275032416666665,17.566275
2024-07-29 06:00:00+00:00,15.828992666666668,16.25999
2024-07-29 07:00:00+00:00,14.102229666666666,15.279965
2024-07-29 08:00:00+00:00,14.735210666666667,14.965566
2024-07-29 09:00:00+00:00,18.53538575,15.743249
2024-07-29 10:00:00+00:00,20.80501041666666,17.616467
2024-07-29 11:00:00+00:00,24.290186583333334,20.123089
2024-07-29 12:00:00+00:00,23.751302749999997,22.682648
2024-07-29 13:00:00+00:00,29.819464,25.130787
2024-07-29 14:00:00+00:00,31.009758916666666,27.766418
2024-07-29 15:00:00+00:00,36.20256441666667,31.347042
2024-07-29 16:00:00+00:00,40.15135733333333,36.15455
2024-07-29 17:00:00+00:00,41.460394916666665,39.939926
2024-07-29 18:00:00+00:00,42.555921250000004,41.78926
2024-07-29 19:00:00+00:00,49.44930216666666,43.713104
2024-07-29 20:00:00+00:00,57.989923916666676,48.830116
2024-07-29 21:00:00+00:00,66.60390133333333,52.78296
2024-07-29 22:00:00+00:00,57.18640175,49.87803
2024-07-29 23:00:00+00:00,46.021376583333335,43.71625
2024-07-30 00:00:00+00:00,40.789504083333334,36.85135
2024-07-30 01:00:00+00:00,38.650968666666664,30.809738
2024-07-30 02:00:00+00:00,30.196139083333332,26.580696
2024-07-30 03:00:00+00:00,26.94374075,24.203384
2024-07-30 04:00:00+00:00,25.020007750000005,21.756384
2024-07-30 05:00:00+00:00,20.37493991666667,19.605103
2024-07-30 06:00:00+00:00,18.29799925,17.97463
2024-07-30 07:00:00+00:00,16.62381875,16.783854
2024-07-30 08:00:00+00:00,16.558666333333335,16.359165
2024-07-30 09:00:00+00:00,20.125883416666667,17.09937
2024-07-30 10:00:00+00:00,24.22434983333334,18.943016
2024-07-30 11:00:00+00:00,26.74236725,21.418068
2024-07-30 12:00:00+00:00,29.421726083333336,24.012299
2024-07-30 13:00:00+00:00,31.683201999999998,26.586418
2024-07-30 14:00:00+00:00,32.48456658333333,29.46034
2024-07-30 15:00:00+00:00,37.42789575,33.42082
2024-07-30 16:00:00+00:00,42.6420955,38.372185
2024-07-30 17:00:00+00:00,44.221097416666666,41.504738
2024-07-30 18:00:00+00:00,44.986588916666676,42.768837
2024-07-30 19:00:00+00:00,54.32668116666667,45.933723
2024-07-30 20:00:00+00:00,64.41207633333333,53.34447
2024-07-30 21:00:00+00:00,81.09001033333334,55.459995
2024-07-30 22:00:00+00:00,71.76705758333334,50.3293
2024-07-30 23:00:00+00:00,56.13129308333333,43.386665
2024-07-31 00:00:00+00:00,45.14252058333333,36.695633
2024-07-31 01:00:00+00:00,41.93309325,31.221254
2024-07-31 02:00:00+00:00,35.92307575,27.541117
2024-07-31 03:00:00+00:00,30.976489833333336,25.622442
2024-07-31 04:00:00+00:00,30.859855003333333,24.971226
2024-07-31 05:00:00+00:00,30.74322017333333,22.529354
2024-07-31 06:00:00+00:00,30.626585343333332,20.799015
2024-08-01 04:00:00+00:00,28.060619083333336,19.576118
2024-08-01 05:00:00+00:00,25.30511283333334,19.161362
2024-08-01 06:00:00+00:00,20.188120916666666,20.155258
2024-08-01 07:00:00+00:00,18.457283333333336,22.671684
2024-08-01 08:00:00+00:00,19.443269666666666,26.068304
2024-08-01 09:00:00+00:00,22.110174999999998,29.493559
2024-08-01 10:00:00+00:00,24.8769445,32.69685
2024-08-01 11:00:00+00:00,25.98084658333333,36.249825
2024-08-01 12:00:00+00:00,27.28264575,41.106003
2024-08-01 13:00:00+00:00,31.011793583333333,45.911743
2024-08-01 14:00:00+00:00,37.0111885,47.972263
2024-08-01 15:00:00+00:00,44.76654691666667,49.399555
2024-08-01 16:00:00+00:00,53.98632275,54.387947
2024-08-01 17:00:00+00:00,64.76172566666666,63.753574
2024-08-01 18:00:00+00:00,73.43759725,64.675186
2024-08-01 19:00:00+00:00,94.29416058333334,58.131912
2024-08-01 20:00:00+00:00,114.33659333333333,49.73723
2024-08-01 21:00:00+00:00,127.98420925,41.748573
2024-08-01 22:00:00+00:00,108.39571483333333,35.58933
2024-08-01 23:00:00+00:00,76.42066791666667,31.737324
2024-08-02 00:00:00+00:00,56.641623833333334,29.947823
2024-08-02 01:00:00+00:00,52.50732791666667,45.71893
2024-08-02 02:00:00+00:00,42.26057866666667,39.52774
2024-08-02 03:00:00+00:00,35.55678258333334,33.56093
2024-08-02 04:00:00+00:00,32.24754741666667,27.977962
2024-08-02 05:00:00+00:00,25.769940083333335,23.086111
2024-08-02 06:00:00+00:00,21.603421,19.77132
2024-08-02 07:00:00+00:00,19.397908583333333,18.505539
2024-08-02 08:00:00+00:00,18.464579083333334,19.134554
2024-08-02 09:00:00+00:00,20.70452675,21.330055
2024-08-02 10:00:00+00:00,27.085818333333336,24.729347
2024-08-02 11:00:00+00:00,26.44627158333333,28.898949
2024-08-02 12:00:00+00:00,29.84136666666667,33.649975
2024-08-02 13:00:00+00:00,31.4675495,39.019863
2024-08-02 14:00:00+00:00,35.715998,44.697716
2024-08-02 15:00:00+00:00,45.58287691666667,50.197685
2024-08-02 16:00:00+00:00,50.294916416666666,54.740433
2024-08-02 17:00:00+00:00,60.78553025,58.09722
2024-08-02 18:00:00+00:00,69.96434108333334,62.464035
2024-08-02 19:00:00+00:00,81.32324658333333,70.79457
2024-08-02 20:00:00+00:00,92.09235158333333,76.946175
2024-08-02 21:00:00+00:00,85.27810333333333,74.70874
2024-08-02 22:00:00+00:00,67.09201391666666,68.767975
2024-08-02 23:00:00+00:00,54.46237441666668,62.969276
2024-08-03 00:00:00+00:00,48.14728416666666,58.37468
2024-08-03 01:00:00+00:00,42.96393883333333,40.624096
2024-08-03 02:00:00+00:00,36.28324991666667,35.408943
2024-08-03 03:00:00+00:00,31.550478666666667,29.47931
2024-08-03 04:00:00+00:00,28.400879,23.587955
2024-08-03 05:00:00+00:00,26.77794466666667,18.616396
2024-08-03 06:00:00+00:00,21.98197383333333,14.985765
2024-08-03 07:00:00+00:00,18.93092175,12.907007
2024-08-03 08:00:00+00:00,17.176971833333333,12.614508
2024-08-03 09:00:00+00:00,17.59954925,14.15657
2024-08-03 10:00:00+00:00,18.383301833333334,17.112791
2024-08-03 11:00:00+00:00,19.014881333333335,20.749615
2024-08-03 12:00:00+00:00,22.751654583333334,24.31987
2024-08-03 13:00:00+00:00,27.462622499999995,27.541042
2024-08-03 14:00:00+00:00,31.146081416666664,30.795261
2024-08-03 15:00:00+00:00,38.30570058333333,34.682655
2024-08-03 16:00:00+00:00,40.536728333333336,39.334087
2024-08-03 17:00:00+00:00,43.97645250000001,43.94483
2024-08-03 18:00:00+00:00,46.136124416666675,47.41175
2024-08-03 19:00:00+00:00,53.836251583333336,50.338543
2024-08-03 20:00:00+00:00,62.08319041666666,56.056156
2024-08-03 21:00:00+00:00,64.51713683333334,61.068672
2024-08-03 22:00:00+00:00,57.76584766666667,57.918846
2024-08-03 23:00:00+00:00,47.77591233333334,52.09253
2024-08-04 00:00:00+00:00,41.57429066666666,46.999355
2024-08-04 01:00:00+00:00,38.55311558333333,37.025986
2024-08-04 02:00:00+00:00,31.812666999999998,31.44917
2024-08-04 03:00:00+00:00,27.90706133333333,24.925253
2024-08-04 04:00:00+00:00,20.5675685,18.652487
2024-08-04 05:00:00+00:00,19.456100250000002,13.658571
2024-08-04 06:00:00+00:00,15.46432408333333,10.257835
2024-08-04 07:00:00+00:00,13.961826583333334,8.441837
2024-08-04 08:00:00+00:00,13.6083425,8.237675
2024-08-04 09:00:00+00:00,14.000332333333334,9.678787
2024-08-04 10:00:00+00:00,14.012786666666665,12.525627
2024-08-04 11:00:00+00:00,12.29817525,16.290024
2024-08-04 12:00:00+00:00,14.740403166666669,20.259901
2024-08-04 13:00:00+00:00,19.935247416666666,23.847548
2024-08-04 14:00:00+00:00,23.536162916666665,27.160988
2024-08-04 15:00:00+00:00,31.978762583333335,30.737556
2024-08-04 16:00:00+00:00,34.42554058333334,34.87308
2024-08-04 17:00:00+00:00,38.1450155,38.889065
2024-08-04 18:00:00+00:00,40.08995025,41.643585
2024-08-04 19:00:00+00:00,43.19580358333334,43.712616
2024-08-04 20:00:00+00:00,53.37777083333333,47.843758
2024-08-04 21:00:00+00:00,63.27393466666666,52.958332
2024-08-04 22:00:00+00:00,63.136728416666664,51.78494
2024-08-04 23:00:00+00:00,51.44324666666666,46.957474
2024-08-05 00:00:00+00:00,42.217032666666675,42.094795
2024-08-05 01:00:00+00:00,39.39057533333334,33.546444
2024-08-05 02:00:00+00:00,31.972401416666667,28.482327
2024-08-05 03:00:00+00:00,27.83123375,23.705782
2024-08-05 04:00:00+00:00,18.82120116666667,19.797592
2024-08-05 05:00:00+00:00,16.16610808333333,16.91695
2024-08-05 06:00:00+00:00,13.894419083333332,15.167812
2024-08-05 07:00:00+00:00,12.228153166666667,14.736359
2024-08-05 08:00:00+00:00,12.6186595,15.725233
2024-08-05 09:00:00+00:00,14.296081000000001,17.936234
2024-08-05 10:00:00+00:00,17.804616749999997,20.977587
2024-08-05 11:00:00+00:00,20.418029583333333,24.369757
2024-08-05 12:00:00+00:00,21.702379333333337,27.754364
2024-08-05 13:00:00+00:00,26.726274500000002,31.254173
2024-08-05 14:00:00+00:00,33.32962925,35.2969
2024-08-05 15:00:00+00:00,41.98811425,40.011955
2024-08-05 16:00:00+00:00,43.021365583333335,44.957012
2024-08-05 17:00:00+00:00,54.121557583333335,49.24045
2024-08-05 18:00:00+00:00,65.47151083333334,52.101322
2024-08-05 19:00:00+00:00,79.54614283333333,53.596085
2024-08-05 20:00:00+00:00,86.36760833333334,55.634647
2024-08-05 21:00:00+00:00,100.55983816666667,62.49317
2024-08-05 22:00:00+00:00,93.38106991666666,67.37934
2024-08-05 23:00:00+00:00,72.48482691666668,63.208763
2024-08-06 00:00:00+00:00,51.279455833333344,57.03827
2024-08-06 01:00:00+00:00,40.47621808333333,42.576935
2024-08-06 02:00:00+00:00,32.151461833333336,36.54699
2024-08-06 03:00:00+00:00,29.09975125,30.861263
2024-08-06 04:00:00+00:00,26.0402155,25.537098
2024-08-06 05:00:00+00:00,21.52669016666667,20.859756
2024-08-06 06:00:00+00:00,18.069766250000004,17.581478
2024-08-06 07:00:00+00:00,16.691521583333333,16.005817
2024-08-06 08:00:00+00:00,16.218582916666666,15.909115
2024-08-06 09:00:00+00:00,19.55904333333333,17.018438
2024-08-06 10:00:00+00:00,25.377170000000003,19.169205
2024-08-06 11:00:00+00:00,27.034468833333335,22.21199
2024-08-06 12:00:00+00:00,27.930518583333335,25.941387
2024-08-06 13:00:00+00:00,31.914936,30.317713
2024-08-06 14:00:00+00:00,32.20866458333333,35.402195
2024-08-06 15:00:00+00:00,38.652156,40.86266
2024-08-06 16:00:00+00:00,40.37775166666666,46.202473
2024-08-06 17:00:00+00:00,45.76970575,50.71249
2024-08-06 18:00:00+00:00,53.93235333333333,54.337593
2024-08-06 19:00:00+00:00,57.09475091666667,59.70832
2024-08-06 20:00:00+00:00,64.29664925,69.047676
2024-08-06 21:00:00+00:00,63.4992805,74.17618
2024-08-06 22:00:00+00:00,54.48723733333333,71.20851
2024-08-06 23:00:00+00:00,45.71751691666667,65.24822
2024-08-07 00:00:00+00:00,42.27749816666667,59.739216
2024-08-07 01:00:00+00:00,35.8427625,34.525864
2024-08-07 02:00:00+00:00,27.233867333333333,28.885983
2024-08-07 03:00:00+00:00,23.276752166666665,23.247784
2024-08-07 04:00:00+00:00,23.619461,18.43413
2024-08-07 05:00:00+00:00,19.796913583333332,14.754887
2024-08-07 06:00:00+00:00,17.078018,12.428291
2024-08-07 07:00:00+00:00,15.818435583333335,11.6170845
2024-08-07 08:00:00+00:00,16.426676333333333,12.360666
2024-08-07 09:00:00+00:00,19.650366083333335,14.427776
2024-08-07 10:00:00+00:00,23.370530249999998,17.36651
2024-08-07 11:00:00+00:00,22.884642,20.685955
2024-08-07 12:00:00+00:00,25.241695583333332,24.161219
2024-08-07 13:00:00+00:00,27.80876075,27.887886
2024-08-07 14:00:00+00:00,28.88852433333333,31.60859
2024-08-07 15:00:00+00:00,30.87472625,34.638447
2024-08-07 16:00:00+00:00,30.73195241666667,37.03482
2024-08-07 17:00:00+00:00,33.150408,39.2572
2024-08-07 18:00:00+00:00,32.89320658333333,42.521267
2024-08-07 19:00:00+00:00,35.91657566666667,48.23501
2024-08-07 20:00:00+00:00,38.047114416666666,49.343414
2024-08-07 21:00:00+00:00,39.03758416666667,45.01867
2024-08-07 22:00:00+00:00,34.59992341666666,40.74594
2024-08-07 23:00:00+00:00,33.295695583333334,38.334244
2024-08-08 00:00:00+00:00,34.45220191666667,37.852684
2024-08-08 01:00:00+00:00,30.70476358333333,27.034046
2024-08-08 02:00:00+00:00,23.72376933333333,22.351234
2024-08-08 03:00:00+00:00,20.908810333333328,17.54632
2024-08-08 04:00:00+00:00,17.567928166666665,13.633488
2024-08-08 05:00:00+00:00,16.46992916666667,11.1425495
2024-08-08 06:00:00+00:00,13.644936083333334,10.288963
2024-08-08 07:00:00+00:00,13.592013333333334,10.984222
2024-08-08 08:00:00+00:00,14.045274666666666,12.948095
2024-08-08 09:00:00+00:00,16.19997841666667,15.947372
2024-08-08 10:00:00+00:00,23.301852666666665,19.583237
2024-08-08 11:00:00+00:00,21.586783916666665,23.255642
2024-08-08 12:00:00+00:00,22.647403666666662,26.54829
2024-08-08 13:00:00+00:00,25.376866166666673,29.015583
2024-08-08 14:00:00+00:00,27.262268000000002,30.453749
2024-08-08 15:00:00+00:00,31.54097891666667,31.07938
2024-08-08 16:00:00+00:00,35.461476499999996,31.001984
2024-08-08 17:00:00+00:00,35.57815591666667,30.803535
2024-08-08 18:00:00+00:00,39.23166066666666,31.391256
2024-08-08 19:00:00+00:00,43.71759558333333,33.63272
2024-08-08 20:00:00+00:00,43.45829483333333,36.82941
2024-08-08 21:00:00+00:00,43.682337749999995,37.939888
2024-08-08 22:00:00+00:00,40.641476833333336,37.027733
2024-08-08 23:00:00+00:00,36.089835416666666,35.679558
2024-08-09 00:00:00+00:00,35.48770733333333,34.40175
2024-08-09 01:00:00+00:00,31.88809675,30.785582
2024-08-09 02:00:00+00:00,27.138501416666667,27.333994
2024-08-09 03:00:00+00:00,25.722225249999997,24.02972
2024-08-09 04:00:00+00:00,22.914872583333334,21.127296
2024-08-09 05:00:00+00:00,21.095142499999998,18.772198
2024-08-09 06:00:00+00:00,18.566908500000004,17.084146
2024-08-09 07:00:00+00:00,18.026803166666667,16.157955
2024-08-09 08:00:00+00:00,18.209342,16.052696
2024-08-09 09:00:00+00:00,22.601991583333334,16.713255
2024-08-09 10:00:00+00:00,25.705111416666668,17.968563
2024-08-09 11:00:00+00:00,25.489199249999995,19.59378
2024-08-09 12:00:00+00:00,26.614082166666666,21.388542
2024-08-09 13:00:00+00:00,28.461174,23.309927
2024-08-09 14:00:00+00:00,29.043163250000006,25.519962
2024-08-09 15:00:00+00:00,31.071319166666665,28.051834
2024-08-09 16:00:00+00:00,31.094818333333336,30.472403
2024-08-09 17:00:00+00:00,33.40101775,32.451527
2024-08-09 18:00:00+00:00,35.50895508333333,34.37272
2024-08-09 19:00:00+00:00,35.983917416666664,37.512077
2024-08-09 20:00:00+00:00,38.48376233333334,42.075165
2024-08-09 21:00:00+00:00,39.729351916666666,42.37
2024-08-09 22:00:00+00:00,36.99709875,39.305004
2024-08-09 23:00:00+00:00,34.912205166666666,36.71135
2024-08-10 00:00:00+00:00,35.437552000000004,35.578484
2024-08-10 01:00:00+00:00,32.351748666666666,30.205585
2024-08-10 02:00:00+00:00,26.694366916666667,27.346445
2024-08-10 03:00:00+00:00,22.600881916666665,24.79282
2024-08-10 04:00:00+00:00,21.903889500000002,22.517029
2024-08-10 05:00:00+00:00,20.278197250000005,20.707653
2024-08-10 06:00:00+00:00,16.39674425,19.522127
2024-08-10 07:00:00+00:00,15.331492666666668,18.973175
2024-08-10 08:00:00+00:00,14.638934749999999,18.969887
2024-08-10 09:00:00+00:00,14.395955833333334,19.411146
2024-08-10 10:00:00+00:00,13.761908833333337,20.254923
2024-08-10 11:00:00+00:00,13.67225275,21.508831
2024-08-10 12:00:00+00:00,13.652570500000001,23.146961
2024-08-10 13:00:00+00:00,16.571512,25.07632
2024-08-10 14:00:00+00:00,18.957289333333335,27.176075
2024-08-10 15:00:00+00:00,19.38524866666667,29.223644
2024-08-10 16:00:00+00:00,22.259902416666666,30.97583
2024-08-10 17:00:00+00:00,24.154969166666664,32.40145
2024-08-10 18:00:00+00:00,25.466196083333333,33.936394
2024-08-10 19:00:00+00:00,29.247682333333334,36.42869
2024-08-10 20:00:00+00:00,34.79109008333334,39.31393
2024-08-10 21:00:00+00:00,41.69149066666667,40.19683
2024-08-10 22:00:00+00:00,40.785252166666666,39.23122
2024-08-10 23:00:00+00:00,35.212740583333336,37.7662
2024-08-11 00:00:00+00:00,29.916927666666663,36.379795
2024-08-11 01:00:00+00:00,26.025322916666667,28.124628
2024-08-11 02:00:00+00:00,21.79456241666667,25.160889
2024-08-11 03:00:00+00:00,20.41429116666667,22.288528
2024-08-11 04:00:00+00:00,13.960752333333334,19.825165
2024-08-11 05:00:00+00:00,14.3704175,17.88652
2024-08-11 06:00:00+00:00,12.6856235,16.465626
2024-08-11 07:00:00+00:00,11.220963416666665,15.584896
2024-08-11 08:00:00+00:00,10.356839666666668,15.309374
2024-08-11 09:00:00+00:00,10.800768583333332,15.653267
2024-08-11 10:00:00+00:00,11.213424166666668,16.511913
2024-08-11 11:00:00+00:00,11.3130385,17.683758
2024-08-11 12:00:00+00:00,11.72239175,18.979177
2024-08-11 13:00:00+00:00,13.810406833333333,20.336527
2024-08-11 14:00:00+00:00,14.356554000000003,21.850266
2024-08-11 15:00:00+00:00,17.696524333333333,23.658054
2024-08-11 16:00:00+00:00,20.94875075,25.78749
2024-08-11 17:00:00+00:00,22.721220916666667,28.035065
2024-08-11 18:00:00+00:00,24.513494833333336,30.127024
2024-08-11 19:00:00+00:00,27.564500499999998,32.754402
2024-08-11 20:00:00+00:00,30.285499416666667,35.971794
2024-08-11 21:00:00+00:00,35.85252475,35.964043
2024-08-11 22:00:00+00:00,37.45433808333333,33.589
2024-08-11 23:00:00+00:00,34.40652241666667,31.444536
2024-08-12 00:00:00+00:00,31.2497145,30.313406
2024-08-12 01:00:00+00:00,24.94311675,25.666
2024-08-12 02:00:00+00:00,21.70516825,22.276922
2024-08-12 03:00:00+00:00,18.039966,19.47929
2024-08-12 04:00:00+00:00,14.863677916666665,17.265362
2024-08-12 05:00:00+00:00,15.501403166666668,15.726353
2024-08-12 06:00:00+00:00,13.376059333333332,14.900034
2024-08-12 07:00:00+00:00,12.086462833333334,14.741801
2024-08-12 08:00:00+00:00,12.807602416666667,15.176467
2024-08-12 09:00:00+00:00,13.635289166666665,16.140879
2024-08-12 10:00:00+00:00,19.64196466666667,17.593252
2024-08-12 11:00:00+00:00,18.31631383333334,19.467783
2024-08-12 12:00:00+00:00,18.264021000000003,21.69608
2024-08-12 13:00:00+00:00,19.25899025,24.29291
2024-08-12 14:00:00+00:00,21.97500425,27.139572
2024-08-12 15:00:00+00:00,24.35612533333333,29.882378
2024-08-12 16:00:00+00:00,26.407655833333333,32.044968
2024-08-12 17:00:00+00:00,32.17221991666667,33.356373
2024-08-12 18:00:00+00:00,32.78390983333333,34.172268
2024-08-12 19:00:00+00:00,36.199882333333335,35.574333
2024-08-12 20:00:00+00:00,42.871637416666665,38.596203
2024-08-12 21:00:00+00:00,52.6513905,41.03444
2024-08-12 22:00:00+00:00,47.556397000000004,40.77148
2024-08-12 23:00:00+00:00,41.28580208333332,39.052116
2024-08-13 00:00:00+00:00,35.99224341666667,37.083008
2024-08-13 01:00:00+00:00,30.26279141666667,29.314728
2024-08-13 02:00:00+00:00,23.47462391666667,25.645018
2024-08-13 03:00:00+00:00,20.936476583333334,22.526632
2024-08-13 04:00:00+00:00,18.691740833333334,19.593597
2024-08-13 05:00:00+00:00,16.534620666666665,17.06941
2024-08-13 06:00:00+00:00,14.280193583333334,15.36796
2024-08-13 07:00:00+00:00,13.069620583333332,14.51936
2024-08-13 08:00:00+00:00,13.501524833333335,14.378606
2024-08-13 09:00:00+00:00,17.467942833333336,14.839866
2024-08-13 10:00:00+00:00,20.963746333333333,15.895828
2024-08-13 11:00:00+00:00,18.222823916666666,17.640223
2024-08-13 12:00:00+00:00,18.779178,20.141687
2024-08-13 13:00:00+00:00,20.107373083333332,23.208141
2024-08-13 14:00:00+00:00,22.08281141666667,26.357813
2024-08-13 15:00:00+00:00,25.343469833333334,29.184008
2024-08-13 16:00:00+00:00,28.758283833333333,31.550034
2024-08-13 17:00:00+00:00,32.1509325,33.580425
2024-08-13 18:00:00+00:00,34.49118575,35.931175
2024-08-13 19:00:00+00:00,36.59696266666666,39.23388
2024-08-13 20:00:00+00:00,44.52456183333334,42.263443
2024-08-13 21:00:00+00:00,49.649292833333334,43.02549
2024-08-13 22:00:00+00:00,47.44091433333333,41.65974
2024-08-13 23:00:00+00:00,42.309309500000005,39.31458
2024-08-14 00:00:00+00:00,37.51679991666666,36.844162
2024-08-14 01:00:00+00:00,34.01110516666667,30.14592
2024-08-14 02:00:00+00:00,26.91805125,26.03072
2024-08-14 03:00:00+00:00,23.216456583333336,22.603415
2024-08-14 04:00:00+00:00,20.302253750000006,19.392677
2024-08-14 05:00:00+00:00,18.73747566666667,16.697514
2024-08-14 06:00:00+00:00,16.007783000000003,14.914442
2024-08-14 07:00:00+00:00,13.702160916666665,14.042313
2024-08-14 08:00:00+00:00,14.077539,13.93326
2024-08-14 09:00:00+00:00,15.49739433333333,14.481205
2024-08-14 10:00:00+00:00,20.327548833333335,15.679877
2024-08-14 11:00:00+00:00,20.56199525,17.62773
2024-08-14 12:00:00+00:00,20.148007833333335,20.42294
2024-08-14 13:00:00+00:00,21.34717183333333,23.977478
2024-08-14 14:00:00+00:00,24.845832083333335,27.897863
2024-08-14 15:00:00+00:00,28.429362083333334,31.569656
2024-08-14 16:00:00+00:00,30.951891249999996,34.536114
2024-08-14 17:00:00+00:00,34.60953391666667,36.894108
2024-08-14 18:00:00+00:00,36.439912416666665,39.497734
2024-08-14 19:00:00+00:00,40.634922249999995,43.263115
2024-08-14 20:00:00+00:00,49.55500649999999,46.970512
2024-08-14 21:00:00+00:00,55.67653083333334,48.194874
2024-08-14 22:00:00+00:00,51.20183133333334,46.936817
2024-08-14 23:00:00+00:00,41.79531908333334,44.411083
2024-08-15 00:00:00+00:00,36.60128391666667,41.571014
2024-08-15 01:00:00+00:00,32.17627725,30.225536
2024-08-15 02:00:00+00:00,26.377464833333335,26.753422
2024-08-15 03:00:00+00:00,22.751411,23.612434
2024-08-15 04:00:00+00:00,17.675737666666667,20.68166
2024-08-15 05:00:00+00:00,16.449179166666667,18.137386
2024-08-15 06:00:00+00:00,13.892860083333332,16.423317
2024-08-15 07:00:00+00:00,12.999891666666665,15.673754
2024-08-15 08:00:00+00:00,13.574158583333334,15.763099
2024-08-15 09:00:00+00:00,15.69001291666667,16.541065
2024-08-15 10:00:00+00:00,18.61140675,17.918198
2024-08-15 11:00:00+00:00,18.351890500000003,19.819035
2024-08-15 12:00:00+00:00,18.669940250000003,22.119379
2024-08-15 13:00:00+00:00,19.906287750000004,24.76047
2024-08-15 14:00:00+00:00,22.305765250000004,27.709791
2024-08-15 15:00:00+00:00,25.861081916666667,30.732195
2024-08-15 16:00:00+00:00,28.117112666666667,33.401993
2024-08-15 17:00:00+00:00,32.22971225,35.311317
2024-08-15 18:00:00+00:00,33.868609916666664,36.703903
2024-08-15 19:00:00+00:00,39.941834166666666,38.781925
2024-08-15 20:00:00+00:00,51.75024033333333,42.708565
2024-08-15 21:00:00+00:00,58.10782699999999,45.566406
2024-08-15 22:00:00+00:00,54.435774333333335,44.685585
2024-08-15 23:00:00+00:00,42.35922466666667,42.03028
2024-08-16 00:00:00+00:00,38.06543933333334,39.34551
2024-08-16 01:00:00+00:00,32.94483566666667,31.908043
2024-08-16 02:00:00+00:00,27.17615566666667,28.310007
2024-08-16 03:00:00+00:00,24.147186333333334,25.021095
2024-08-16 04:00:00+00:00,21.76398358333333,21.903677
2024-08-16 05:00:00+00:00,20.8733125,19.088774
2024-08-16 06:00:00+00:00,17.4006925,17.050865
2024-08-16 07:00:00+00:00,15.821742333333335,15.98691
2024-08-16 08:00:00+00:00,15.879472916666668,15.796665
2024-08-16 09:00:00+00:00,21.016580416666667,16.323172
2024-08-16 10:00:00+00:00,26.272304249999998,17.464928
2024-08-16 11:00:00+00:00,26.361993416666667,19.173843
2024-08-16 12:00:00+00:00,24.79489666666667,21.386055
2024-08-16 13:00:00+00:00,26.846088249999994,24.02183
2024-08-16 14:00:00+00:00,29.35437575,27.0265
2024-08-16 15:00:00+00:00,32.391165083333334,30.23795
2024-08-16 16:00:00+00:00,35.28990575,33.372887
2024-08-16 17:00:00+00:00,37.77761625,36.053375
2024-08-16 18:00:00+00:00,39.91740716666667,38.523026
2024-08-16 19:00:00+00:00,47.71737625,42.37638
2024-08-16 20:00:00+00:00,56.311175416666664,47.471943
2024-08-16 21:00:00+00:00,61.04363933333334,49.054962
2024-08-16 22:00:00+00:00,51.53661975,46.84187
2024-08-16 23:00:00+00:00,43.29075116666667,43.613766
2024-08-17 00:00:00+00:00,39.53414983333334,40.811264
2024-08-17 01:00:00+00:00,35.90621375,33.23083
2024-08-17 02:00:00+00:00,31.913276166666666,29.706684
2024-08-17 03:00:00+00:00,26.603536666666667,26.38092
2024-08-17 04:00:00+00:00,23.5549925,23.086685
2024-08-17 05:00:00+00:00,21.304291500000005,20.017504
2024-08-17 06:00:00+00:00,18.91057908333334,17.670803
2024-08-17 07:00:00+00:00,17.08012516666667,16.29261
2024-08-17 08:00:00+00:00,16.002846666666667,15.820415
2024-08-17 09:00:00+00:00,16.143467333333334,16.078306
2024-08-17 10:00:00+00:00,16.561400666666668,16.910748
2024-08-17 11:00:00+00:00,17.977969250000005,18.222973
2024-08-17 12:00:00+00:00,21.399798416666666,19.950884
2024-08-17 13:00:00+00:00,23.6931785,22.021067
2024-08-17 14:00:00+00:00,25.168438666666663,24.387749
2024-08-17 15:00:00+00:00,30.058079250000006,27.025826
2024-08-17 16:00:00+00:00,32.33742675,29.813702
2024-08-17 17:00:00+00:00,33.72882741666667,32.52266
2024-08-17 18:00:00+00:00,33.363649833333334,35.07959
2024-08-17 19:00:00+00:00,35.480456583333336,38.549873
2024-08-17 20:00:00+00:00,37.823140583333334,43.753914
2024-08-17 21:00:00+00:00,39.842045,46.18562
2024-08-17 22:00:00+00:00,41.777511416666655,44.347435
2024-08-17 23:00:00+00:00,38.072001666666665,41.51921
2024-08-18 00:00:00+00:00,35.96148108333333,39.323227
2024-08-18 01:00:00+00:00,33.483272666666664,30.242947
2024-08-18 02:00:00+00:00,28.339305916666664,26.4474
2024-08-18 03:00:00+00:00,24.452751333333335,22.733013
2024-08-18 04:00:00+00:00,20.59071633333333,19.556961
2024-08-18 05:00:00+00:00,19.219047333333332,17.084373
2024-08-18 06:00:00+00:00,18.082280333333337,15.344814
2024-08-18 07:00:00+00:00,14.689484750000002,14.39084
2024-08-18 08:00:00+00:00,13.578826083333334,14.239268
2024-08-18 09:00:00+00:00,13.730710416666668,14.820431
2024-08-18 10:00:00+00:00,14.074560749999998,15.994759
2024-08-18 11:00:00+00:00,13.544899166666665,17.606123
2024-08-18 12:00:00+00:00,14.181031333333335,19.516125
2024-08-18 13:00:00+00:00,17.878146750000003,21.633919
2024-08-18 14:00:00+00:00,19.2701805,23.944756
2024-08-18 15:00:00+00:00,23.0697815,26.371733
2024-08-18 16:00:00+00:00,26.398346916666668,28.696026
2024-08-18 17:00:00+00:00,27.14017708333333,30.819809
2024-08-18 18:00:00+00:00,28.70068008333333,33.20081
2024-08-18 19:00:00+00:00,30.443514000000004,36.71219
2024-08-18 20:00:00+00:00,32.93089866666667,39.740932
2024-08-18 21:00:00+00:00,36.1729385,39.5435
2024-08-18 22:00:00+00:00,35.62620933333333,37.88873
2024-08-18 23:00:00+00:00,33.73769191666667,36.45771
2024-08-19 00:00:00+00:00,30.675576250000002,35.37164
2024-08-19 01:00:00+00:00,28.276829083333332,24.960165
2024-08-19 02:00:00+00:00,24.169686666666667,21.94981
2024-08-19 03:00:00+00:00,21.479063583333332,19.378754
2024-08-19 04:00:00+00:00,22.589793250000003,17.403292
2024-08-19 05:00:00+00:00,20.637197833333328,16.021053
2024-08-19 06:00:00+00:00,16.188559833333336,15.266989
2024-08-19 07:00:00+00:00,15.086330916666666,15.254251
2024-08-19 08:00:00+00:00,15.914107,16.058409
2024-08-19 09:00:00+00:00,21.9604465,17.563911
2024-08-19 10:00:00+00:00,23.958058166666664,19.505217
2024-08-19 11:00:00+00:00,25.017929749999997,21.58815
2024-08-19 12:00:00+00:00,22.72289975,23.714842
2024-08-19 13:00:00+00:00,23.656909250000002,26.05249
2024-08-19 14:00:00+00:00,26.176316,28.625383
2024-08-19 15:00:00+00:00,27.457720833333337,31.056742
2024-08-19 16:00:00+00:00,29.012947583333332,33.01869
2024-08-19 17:00:00+00:00,31.064086666666668,34.415375
2024-08-19 18:00:00+00:00,32.12440725,35.25355
2024-08-19 19:00:00+00:00,33.112339166666665,36.09314
2024-08-19 20:00:00+00:00,36.02222016666666,38.922348
2024-08-19 21:00:00+00:00,34.66741441666667,42.626915
2024-08-19 22:00:00+00:00,32.831541666666666,41.524143
2024-08-19 23:00:00+00:00,31.846280750000002,38.54366
2024-08-20 00:00:00+00:00,30.186907583333333,36.094116
2024-08-20 01:00:00+00:00,25.362002333333333,25.087141
2024-08-20 02:00:00+00:00,21.451585166666668,22.802612
2024-08-20 03:00:00+00:00,18.62920233333334,20.944561
2024-08-20 04:00:00+00:00,17.273562333333338,19.424662
2024-08-20 05:00:00+00:00,16.54242075,18.263885
2024-08-20 06:00:00+00:00,13.170147083333333,17.6162
2024-08-20 07:00:00+00:00,12.356763583333334,17.546835
2024-08-20 08:00:00+00:00,12.717650833333332,18.01225
2024-08-20 09:00:00+00:00,16.677363666666672,18.928005
2024-08-20 10:00:00+00:00,20.853010250000004,20.189903
2024-08-20 11:00:00+00:00,18.355468916666666,21.65411
2024-08-20 12:00:00+00:00,16.66689433333334,23.24755
2024-08-20 13:00:00+00:00,17.126619583333337,25.043524
2024-08-20 14:00:00+00:00,17.322099166666664,26.974182
2024-08-20 15:00:00+00:00,17.436444166666668,28.75059
2024-08-20 16:00:00+00:00,19.026163416666666,30.121975
2024-08-20 17:00:00+00:00,20.386494833333334,31.012081
2024-08-20 18:00:00+00:00,22.12460025,31.479721
2024-08-20 19:00:00+00:00,22.926044750000003,31.979774
2024-08-20 20:00:00+00:00,23.820721916666663,33.66175
2024-08-20 21:00:00+00:00,26.971055583333335,35.826195
2024-08-20 22:00:00+00:00,29.489353166666668,35.729313
2024-08-20 23:00:00+00:00,31.134078416666668,34.312412
2024-08-21 00:00:00+00:00,26.794350583333337,32.82229
2024-08-21 01:00:00+00:00,21.696502499999998,22.867958
2024-08-21 02:00:00+00:00,16.344491666666666,20.595217
2024-08-21 03:00:00+00:00,14.630737166666666,18.57317
2024-08-21 04:00:00+00:00,13.419843499999999,16.92612
2024-08-21 05:00:00+00:00,14.574957583333335,15.731667
2024-08-21 06:00:00+00:00,11.849759416666666,15.065744
2024-08-21 07:00:00+00:00,11.665024916666669,14.9896345
2024-08-21 08:00:00+00:00,12.022379166666667,15.526231
2024-08-21 09:00:00+00:00,15.834724083333334,16.617794
2024-08-21 10:00:00+00:00,17.925767750000006,18.109522
2024-08-21 11:00:00+00:00,16.452254500000002,19.798992
2024-08-21 12:00:00+00:00,14.699391749999998,21.644451
2024-08-21 13:00:00+00:00,14.530432750000001,23.561142
2024-08-21 14:00:00+00:00,15.085220999999999,25.27396
2024-08-21 15:00:00+00:00,15.640466,26.684345
2024-08-21 16:00:00+00:00,16.2948045,27.796911
2024-08-21 17:00:00+00:00,17.860240416666667,28.53108
2024-08-21 18:00:00+00:00,18.94795525,28.912943
2024-08-21 19:00:00+00:00,20.324753,29.472317
2024-08-21 20:00:00+00:00,24.5348925,31.01955
2024-08-21 21:00:00+00:00,27.29545816666667,32.76693
2024-08-21 22:00:00+00:00,28.736897916666663,32.96739
2024-08-21 23:00:00+00:00,29.51506933333333,32.02136
2024-08-22 00:00:00+00:00,29.753216666666663,30.754908
2024-08-22 01:00:00+00:00,25.808206583333334,24.385286
2024-08-22 02:00:00+00:00,20.8782835,21.286734
2024-08-22 03:00:00+00:00,15.966945083333338,18.826488
2024-08-22 04:00:00+00:00,12.581692833333333,16.971178
2024-08-22 05:00:00+00:00,12.175220416666667,15.561509
2024-08-22 06:00:00+00:00,11.676299083333333,14.626814
2024-08-22 07:00:00+00:00,11.649475666666667,14.23704
2024-08-22 08:00:00+00:00,11.812770666666665,14.448711
2024-08-22 09:00:00+00:00,13.24470275,15.319725
2024-08-22 10:00:00+00:00,17.240340166666666,16.83988
2024-08-22 11:00:00+00:00,16.229387583333335,18.796547
2024-08-22 12:00:00+00:00,15.5970875,20.86706
2024-08-22 13:00:00+00:00,15.256117166666668,22.936596
2024-08-22 14:00:00+00:00,16.3634165,24.887775
2024-08-22 15:00:00+00:00,17.664491916666666,26.531271
2024-08-22 16:00:00+00:00,19.632152583333337,27.779202
2024-08-22 17:00:00+00:00,21.511101166666666,28.696568
2024-08-22 18:00:00+00:00,24.1475425,29.434704
2024-08-22 19:00:00+00:00,23.12502075,30.178055
2024-08-22 20:00:00+00:00,26.90759008333333,31.071257
2024-08-22 21:00:00+00:00,28.79187591666667,32.058495
2024-08-22 22:00:00+00:00,30.193050333333332,32.804096
2024-08-22 23:00:00+00:00,28.915957083333335,32.95508
2024-08-23 00:00:00+00:00,27.78491325,32.42843
2024-08-23 01:00:00+00:00,23.022571666666664,22.950817
2024-08-23 02:00:00+00:00,20.701308583333333,20.36886
2024-08-23 03:00:00+00:00,16.264045749999998,18.246586
2024-08-23 04:00:00+00:00,12.750203666666664,16.38684
2024-08-23 05:00:00+00:00,12.22038825,14.93598
2024-08-23 06:00:00+00:00,11.6247485,13.9192095
2024-08-23 07:00:00+00:00,10.860632083333334,13.292185
2024-08-23 08:00:00+00:00,11.293822333333333,12.998636
2024-08-23 09:00:00+00:00,12.348927416666667,12.987585
2024-08-23 10:00:00+00:00,16.56520325,13.24064
2024-08-23 11:00:00+00:00,16.164265750000002,13.786945
2024-08-23 12:00:00+00:00,13.643341833333333,14.700395
2024-08-23 13:00:00+00:00,14.556850333333331,16.067675
2024-08-23 14:00:00+00:00,14.177021333333334,17.900114
2024-08-23 15:00:00+00:00,18.23361375,20.055437
2024-08-23 16:00:00+00:00,20.800862999999996,22.229916
2024-08-23 17:00:00+00:00,22.48544325,24.16848
2024-08-23 18:00:00+00:00,24.69859716666667,25.900082
2024-08-23 19:00:00+00:00,28.386859416666663,27.690897
2024-08-23 20:00:00+00:00,34.23775083333334,29.622595
2024-08-23 21:00:00+00:00,39.68508108333334,31.16652
2024-08-23 22:00:00+00:00,36.809899083333335,31.735962
2024-08-23 23:00:00+00:00,33.318422250000005,31.332623
2024-08-24 00:00:00+00:00,29.317430083333335,30.269445
2024-08-24 01:00:00+00:00,23.708749333333337,24.297295
2024-08-24 02:00:00+00:00,22.486694749999995,21.608232
2024-08-24 03:00:00+00:00,17.02174916666667,19.339697
2024-08-24 04:00:00+00:00,16.22711,17.187145
2024-08-24 05:00:00+00:00,13.89103875,15.353701
2024-08-24 06:00:00+00:00,11.432959083333332,14.023818
2024-08-24 07:00:00+00:00,11.394820916666667,13.175807
2024-08-24 08:00:00+00:00,10.978974083333332,12.747599
2024-08-24 09:00:00+00:00,11.478751916666667,12.687278
2024-08-24 10:00:00+00:00,11.668137166666668,12.969057
2024-08-24 11:00:00+00:00,11.410367333333333,13.614544
2024-08-24 12:00:00+00:00,11.432187666666668,14.6995945
2024-08-24 13:00:00+00:00,11.932521166666666,16.299477
2024-08-24 14:00:00+00:00,14.59749625,18.355871
2024-08-24 15:00:00+00:00,20.661174166666665,20.628326
2024-08-24 16:00:00+00:00,22.983674416666673,22.877209
2024-08-24 17:00:00+00:00,24.952151083333334,25.109983
2024-08-24 18:00:00+00:00,27.760438249999996,27.633392
2024-08-24 19:00:00+00:00,31.355268249999998,30.469719
2024-08-24 20:00:00+00:00,39.24032883333333,32.46044
2024-08-24 21:00:00+00:00,46.673046666666664,32.686653
2024-08-24 22:00:00+00:00,45.62402116666667,31.586416
2024-08-24 23:00:00+00:00,40.56166033333333,29.94737
2024-08-25 00:00:00+00:00,31.725643666666667,28.25684
2024-08-25 01:00:00+00:00,26.690547083333335,26.406702
2024-08-25 02:00:00+00:00,23.1559865,22.791557
2024-08-25 03:00:00+00:00,20.93043,19.674091
2024-08-25 04:00:00+00:00,16.216893583333334,16.873081
2024-08-25 05:00:00+00:00,13.687703916666667,14.614763
2024-08-25 06:00:00+00:00,12.832735083333333,13.033638
2024-08-25 07:00:00+00:00,12.179017333333334,12.068538
2024-08-25 08:00:00+00:00,11.157959666666665,11.630529
2024-08-25 09:00:00+00:00,10.938084083333335,11.648344
2024-08-25 10:00:00+00:00,10.888101416666665,12.088291
2024-08-25 11:00:00+00:00,10.544326083333333,12.976162
2024-08-25 12:00:00+00:00,11.107432083333336,14.388133
2024-08-25 13:00:00+00:00,12.507114166666668,16.376663
2024-08-25 14:00:00+00:00,16.317513666666667,18.876406
2024-08-25 15:00:00+00:00,23.25148683333333,21.717838
2024-08-25 16:00:00+00:00,28.286919583333333,24.803581
2024-08-25 17:00:00+00:00,31.453721250000005,28.350777
2024-08-25 18:00:00+00:00,34.20219775,32.851593
2024-08-25 19:00:00+00:00,38.038227666666664,37.33143
2024-08-25 20:00:00+00:00,47.4255805,39.17115
2024-08-25 21:00:00+00:00,63.09765591666666,38.291595
2024-08-25 22:00:00+00:00,60.92663275,36.17056
2024-08-25 23:00:00+00:00,49.399083,33.86541
2024-08-26 00:00:00+00:00,38.391766,31.734802
2024-08-26 01:00:00+00:00,30.63119841666667,30.823578
2024-08-26 02:00:00+00:00,25.438923166666665,25.632776
2024-08-26 03:00:00+00:00,22.40049983333333,21.19059
2024-08-26 04:00:00+00:00,21.483910916666666,17.341352
2024-08-26 05:00:00+00:00,19.461503583333336,14.527057
2024-08-26 06:00:00+00:00,15.38804225,12.962797
2024-08-26 07:00:00+00:00,13.781907583333334,12.451402
2024-08-26 08:00:00+00:00,14.274135916666664,12.784921
2024-08-26 09:00:00+00:00,16.630325333333335,13.903796
2024-08-26 10:00:00+00:00,23.281120916666666,15.906789
2024-08-26 11:00:00+00:00,21.171283416666665,18.953741
2024-08-26 12:00:00+00:00,22.14208875,23.00025
2024-08-26 13:00:00+00:00,25.464396333333337,27.534508
2024-08-26 14:00:00+00:00,30.078246583333332,31.856934
2024-08-26 15:00:00+00:00,36.602458,35.63785
2024-08-26 16:00:00+00:00,38.64236491666667,38.806297
2024-08-26 17:00:00+00:00,44.92905841666666,41.990833
2024-08-26 18:00:00+00:00,52.83141091666667,46.32483
2024-08-26 19:00:00+00:00,60.89095483333333,50.801178
2024-08-26 20:00:00+00:00,74.91947191666667,52.5335
2024-08-26 21:00:00+00:00,98.44411741666664,51.263016
2024-08-26 22:00:00+00:00,88.66891166666666,48.340202
2024-08-26 23:00:00+00:00,72.53336833333333,44.953827
2024-08-27 00:00:00+00:00,55.17554016666668,41.695107
2024-08-27 01:00:00+00:00,44.071289916666665,42.007717
2024-08-27 02:00:00+00:00,32.387845416666664,35.09288
2024-08-27 03:00:00+00:00,29.202740166666665,29.165138
2024-08-27 04:00:00+00:00,25.583698583333334,23.689411
2024-08-27 05:00:00+00:00,22.093686000000005,18.962078
2024-08-27 06:00:00+00:00,18.548194833333337,15.796916
2024-08-27 07:00:00+00:00,17.18311625,14.310946
2024-08-27 08:00:00+00:00,17.18334575,14.241
2024-08-27 09:00:00+00:00,19.44867575,15.417674
2024-08-27 10:00:00+00:00,25.91329575,17.89169
2024-08-27 11:00:00+00:00,25.55788325,21.852552
2024-08-27 12:00:00+00:00,27.26716091666667,27.17524
2024-08-27 13:00:00+00:00,31.96847658333333,33.045204
2024-08-27 14:00:00+00:00,36.46921141666667,38.524323
2024-08-27 15:00:00+00:00,44.947654416666666,43.298195
2024-08-27 16:00:00+00:00,50.163538499999994,47.474335
2024-08-27 17:00:00+00:00,62.65841016666667,51.9199
2024-08-27 18:00:00+00:00,74.5086085,57.906326
2024-08-27 19:00:00+00:00,98.87055483333334,64.079834
2024-08-27 20:00:00+00:00,127.06649433333332,66.56662
2024-08-27 21:00:00+00:00,145.60142425,64.70409
2024-08-27 22:00:00+00:00,140.04375483333334,60.489403
2024-08-27 23:00:00+00:00,96.95556975,55.748627
2024-08-28 00:00:00+00:00,64.14307533333333,51.297424
2024-08-28 01:00:00+00:00,47.2217225,49.485878
2024-08-28 02:00:00+00:00,35.37320908333333,40.29086
2024-08-28 03:00:00+00:00,30.75194025,31.974646
2024-08-28 04:00:00+00:00,28.221339083333334,24.201588
2024-08-28 05:00:00+00:00,21.963595666666667,17.376036
2024-08-28 06:00:00+00:00,18.02594675,12.721359
2024-08-28 07:00:00+00:00,16.4265145,10.641701
2024-08-28 08:00:00+00:00,15.920972333333333,10.808239
2024-08-28 09:00:00+00:00,19.156423666666665,12.833654
2024-08-28 10:00:00+00:00,25.042798583333333,16.496264
2024-08-28 11:00:00+00:00,26.80983566666667,21.605034
2024-08-28 12:00:00+00:00,27.237019916666664,27.896542
2024-08-28 13:00:00+00:00,29.173019333333333,35.240578
2024-08-28 14:00:00+00:00,35.73051133333333,43.312542
2024-08-28 15:00:00+00:00,46.58105408333334,51.35556
2024-08-28 16:00:00+00:00,55.571397749999996,58.319183
2024-08-28 17:00:00+00:00,67.26800300000001,63.772205
2024-08-28 18:00:00+00:00,87.502001,70.29465
2024-08-28 19:00:00+00:00,114.70625866666666,81.84401
2024-08-28 20:00:00+00:00,152.03872141666668,91.70275
2024-08-28 21:00:00+00:00,160.74982066666666,90.548065
2024-08-28 22:00:00+00:00,140.88049216666667,83.17459
2024-08-28 23:00:00+00:00,91.37028033333333,75.30622
2024-08-29 00:00:00+00:00,59.78941341666666,68.84984
2024-08-29 01:00:00+00:00,43.745043583333334,47.163094
2024-08-29 02:00:00+00:00,33.997861916666665,37.798386
2024-08-29 03:00:00+00:00,28.9344395,28.13553
2024-08-29 04:00:00+00:00,27.154486499999997,19.72826
2024-08-29 05:00:00+00:00,23.20717408333333,13.112007
2024-08-29 06:00:00+00:00,20.518130666666668,8.637615
2024-08-29 07:00:00+00:00,18.080681250000005,6.6958656
2024-08-29 08:00:00+00:00,17.32154375,7.463169
2024-08-29 09:00:00+00:00,18.979144833333336,10.59174
2024-08-29 10:00:00+00:00,29.519437916666664,15.275673
2024-08-29 11:00:00+00:00,25.909822166666668,20.513153
2024-08-29 12:00:00+00:00,26.017747999999997,25.678106
2024-08-29 13:00:00+00:00,29.01981725,31.025726
2024-08-29 14:00:00+00:00,31.957555083333332,37.255234
2024-08-29 15:00:00+00:00,36.37808975,44.482895
2024-08-29 16:00:00+00:00,39.254227,51.730743
2024-08-29 17:00:00+00:00,45.15687374999999,57.803825
2024-08-29 18:00:00+00:00,52.671214416666665,63.698536
2024-08-29 19:00:00+00:00,58.653118583333324,74.53651
2024-08-29 20:00:00+00:00,71.77772116666667,82.42667
2024-08-29 21:00:00+00:00,67.93743208333333,76.514725
2024-08-29 22:00:00+00:00,57.92789441666667,67.160065
2024-08-29 23:00:00+00:00,47.242093833333335,59.760185
2024-08-30 00:00:00+00:00,43.7972265,55.680523
2024-08-30 01:00:00+00:00,33.59401775,35.206074
2024-08-30 02:00:00+00:00,28.534294250000002,27.682735
2024-08-30 03:00:00+00:00,25.645424000000002,18.387825
2024-08-30 04:00:00+00:00,25.24556816666667,9.878883
2024-08-30 05:00:00+00:00,22.936667583333335,3.734085
2024-08-30 06:00:00+00:00,18.068111416666667,0.4812622
2024-08-30 07:00:00+00:00,16.256464416666667,0.18732071
2024-08-30 08:00:00+00:00,16.22337816666667,2.49889
2024-08-30 09:00:00+00:00,21.104416249999996,6.8195534
2024-08-30 10:00:00+00:00,25.15747783333333,12.484924
2024-08-30 11:00:00+00:00,24.52107266666667,18.482813
2024-08-30 12:00:00+00:00,28.22860075,24.221714
2024-08-30 13:00:00+00:00,30.839617416666666,29.684473
2024-08-30 14:00:00+00:00,35.30048841666667,34.38428
2024-08-30 15:00:00+00:00,39.13913975,37.128857
2024-08-30 16:00:00+00:00,42.07370825,37.691074
2024-08-30 17:00:00+00:00,47.47712008333335,37.78369
2024-08-30 18:00:00+00:00,48.824246333333335,38.96433
2024-08-30 19:00:00+00:00,52.99165983333333,42.63709
2024-08-30 20:00:00+00:00,58.3628455,46.392006
2024-08-30 21:00:00+00:00,59.546163166666666,45.20776
2024-08-30 22:00:00+00:00,54.57379650000001,41.384712
2024-08-30 23:00:00+00:00,50.654731749999996,37.907616
2024-08-31 00:00:00+00:00,41.919545416666665,36.07759
2024-08-31 01:00:00+00:00,34.6653755,34.428288
2024-08-31 02:00:00+00:00,31.23879691666667,27.644283
2024-08-31 03:00:00+00:00,26.706409833333336,20.11694
2024-08-31 04:00:00+00:00,26.385740733333332,13.337381
2024-08-31 05:00:00+00:00,26.065071633333336,8.241375
2024-08-31 06:00:00+00:00,25.744402533333336,5.1947975
2024-09-01 04:00:00+00:00,18.689682333333337,4.258129
2024-09-01 05:00:00+00:00,18.73536891666667,5.29126
2024-09-01 06:00:00+00:00,15.44025025,8.052681
2024-09-01 07:00:00+00:00,13.286304916666666,12.2432575
2024-09-01 08:00:00+00:00,12.333432,17.16475
2024-09-01 09:00:00+00:00,11.653305833333333,21.954361
2024-09-01 10:00:00+00:00,12.653904249999998,26.491405
2024-09-01 11:00:00+00:00,12.204361416666666,31.032028
2024-09-01 12:00:00+00:00,14.53613241666667,35.13617
2024-09-01 13:00:00+00:00,20.22549775,37.97963
2024-09-01 14:00:00+00:00,22.75101891666667,39.522923
2024-09-01 15:00:00+00:00,25.64433891666667,41.20203
2024-09-01 16:00:00+00:00,27.106411166666664,45.190674
2024-09-01 17:00:00+00:00,27.275618249999997,52.06075
2024-09-01 18:00:00+00:00,29.424792583333335,52.569775
2024-09-01 19:00:00+00:00,31.464388083333333,47.05567
2024-09-01 20:00:00+00:00,34.68775466666667,40.840958
2024-09-01 21:00:00+00:00,38.87473491666667,36.175232
2024-09-01 22:00:00+00:00,39.48703258333333,39.309803
2024-09-01 23:00:00+00:00,33.554802083333335,36.85608
2024-09-02 00:00:00+00:00,28.606744083333336,32.79964
2024-09-02 01:00:00+00:00,24.364995750000002,28.64059
2024-09-02 02:00:00+00:00,22.686423666666663,24.949774
2024-09-02 03:00:00+00:00,20.79628525,21.474483
2024-09-02 04:00:00+00:00,15.481967583333335,18.461739
2024-09-02 05:00:00+00:00,14.679158333333334,16.126656
2024-09-02 06:00:00+00:00,14.229273583333333,14.5467415
2024-09-02 07:00:00+00:00,11.883925666666668,13.717249
2024-09-02 08:00:00+00:00,13.045467083333332,13.469257
2024-09-02 09:00:00+00:00,12.938387666666666,13.751478
2024-09-02 10:00:00+00:00,13.57152075,14.8112335
2024-09-02 11:00:00+00:00,13.179734000000003,17.049807
2024-09-02 12:00:00+00:00,13.65421525,20.33762
2024-09-02 13:00:00+00:00,13.802637416666668,23.720537
2024-09-02 14:00:00+00:00,13.843138750000001,26.389454
2024-09-02 15:00:00+00:00,13.426215416666667,27.708641
2024-09-02 16:00:00+00:00,14.75229775,27.711838
2024-09-02 17:00:00+00:00,17.514865750000006,27.273579
2024-09-02 18:00:00+00:00,19.4040255,27.03746
2024-09-02 19:00:00+00:00,21.344995,27.152514
2024-09-02 20:00:00+00:00,25.128734249999997,27.562258
2024-09-02 21:00:00+00:00,30.34646933333333,28.179836
2024-09-02 22:00:00+00:00,31.563356666666667,28.036041
2024-09-02 23:00:00+00:00,29.906201250000002,25.68895
2024-09-03 00:00:00+00:00,24.30467291666666,23.431738
2024-09-03 01:00:00+00:00,17.343903416666667,20.746235
2024-09-03 02:00:00+00:00,13.266659333333331,17.596258
2024-09-03 03:00:00+00:00,13.08719175,14.612791
2024-09-03 04:00:00+00:00,12.543937583333333,12.29223
2024-09-03 05:00:00+00:00,11.634249416666666,10.8447275
2024-09-03 06:00:00+00:00,10.668751499999997,10.198038
2024-09-03 07:00:00+00:00,10.253172416666667,10.190998
2024-09-03 08:00:00+00:00,9.923331416666667,10.729853
2024-09-03 09:00:00+00:00,10.864730833333333,11.744211
2024-09-03 10:00:00+00:00,13.624083333333331,13.212588
2024-09-03 11:00:00+00:00,14.536273,15.117515
2024-09-03 12:00:00+00:00,13.382755416666667,17.062763
2024-09-03 13:00:00+00:00,13.740536583333332,18.467838
2024-09-03 14:00:00+00:00,14.025490249999999,19.19448
2024-09-03 15:00:00+00:00,14.550890416666666,19.595245
2024-09-03 16:00:00+00:00,16.1107585,19.949528
2024-09-03 17:00:00+00:00,18.758725083333335,20.333366
2024-09-03 18:00:00+00:00,19.975799750000004,20.753735
2024-09-03 19:00:00+00:00,20.849328166666666,21.212086
2024-09-03 20:00:00+00:00,22.52450358333333,21.710663
2024-09-03 21:00:00+00:00,27.143889916666666,22.240765
2024-09-03 22:00:00+00:00,36.0620075,27.3734
2024-09-03 23:00:00+00:00,32.0889435,25.396627
2024-09-04 00:00:00+00:00,24.168309833333335,22.084831
2024-09-04 01:00:00+00:00,21.475937,18.979082
2024-09-04 02:00:00+00:00,16.178099916666667,16.337057
2024-09-04 03:00:00+00:00,12.882449083333334,14.094131
2024-09-04 04:00:00+00:00,11.810867333333334,12.385185
2024-09-04 05:00:00+00:00,11.782755,11.296006
2024-09-04 06:00:00+00:00,11.049927583333334,10.73991
2024-09-04 07:00:00+00:00,10.771969333333333,10.563914
2024-09-04 08:00:00+00:00,10.908102833333333,10.703307
2024-09-04 09:00:00+00:00,12.483795083333334,11.237602
2024-09-04 10:00:00+00:00,17.82346,12.3537
2024-09-04 11:00:00+00:00,17.585611833333335,14.074057
2024-09-04 12:00:00+00:00,14.810720166666668,15.977622
2024-09-04 13:00:00+00:00,14.970019166666667,17.679394
2024-09-04 14:00:00+00:00,15.896681833333334,18.97812
2024-09-04 15:00:00+00:00,19.036677666666666,19.471659
2024-09-04 16:00:00+00:00,20.03572241666667,19.331469
2024-09-04 17:00:00+00:00,21.834324499999997,19.156075
2024-09-04 18:00:00+00:00,24.422475000000006,19.226837
2024-09-04 19:00:00+00:00,30.18275541666667,19.551401
2024-09-04 20:00:00+00:00,33.524515666666666,20.048094
2024-09-04 21:00:00+00:00,41.46535733333334,20.630041
2024-09-04 22:00:00+00:00,43.58054458333333,38.465424
2024-09-04 23:00:00+00:00,38.17265775,33.065083
2024-09-05 00:00:00+00:00,32.946746166666664,25.663452
2024-09-05 01:00:00+00:00,24.385347166666666,20.834747
2024-09-05 02:00:00+00:00,21.641339833333333,17.873522
2024-09-05 03:00:00+00:00,15.85607866666667,15.642168
2024-09-05 04:00:00+00:00,13.316595583333333,13.865014
2024-09-05 05:00:00+00:00,12.738355916666668,12.589924
2024-09-05 06:00:00+00:00,12.058165833333334,11.8130455
2024-09-05 07:00:00+00:00,11.254954416666665,11.476568
2024-09-05 08:00:00+00:00,11.285364916666667,11.5949135
2024-09-05 09:00:00+00:00,12.980450666666668,12.32839
2024-09-05 10:00:00+00:00,19.72414575,13.829339
2024-09-05 11:00:00+00:00,20.856122083333336,15.895805
2024-09-05 12:00:00+00:00,15.124875583333331,18.028788
2024-09-05 13:00:00+00:00,16.916579500000005,19.868744
2024-09-05 14:00:00+00:00,22.600475833333334,21.775871
2024-09-05 15:00:00+00:00,23.96151216666666,24.205181
2024-09-05 16:00:00+00:00,29.06628975,26.404411
2024-09-05 17:00:00+00:00,32.351296166666664,27.929758
2024-09-05 18:00:00+00:00,31.257838916666667,29.04678
2024-09-05 19:00:00+00:00,35.35558608333333,29.948973
2024-09-05 20:00:00+00:00,42.95128183333334,30.700394
2024-09-05 21:00:00+00:00,53.44822666666666,31.320408
2024-09-05 22:00:00+00:00,54.248199916666664,43.99273
2024-09-05 23:00:00+00:00,42.66880091666667,35.97119
2024-09-06 00:00:00+00:00,35.85034641666667,27.752134
2024-09-06 01:00:00+00:00,28.61879425,22.540411
2024-09-06 02:00:00+00:00,24.421936916666667,19.401026
2024-09-06 03:00:00+00:00,20.807822333333338,17.015402
2024-09-06 04:00:00+00:00,17.416704499999998,14.963934
2024-09-06 05:00:00+00:00,17.606481000000002,13.328773
2024-09-06 06:00:00+00:00,15.3957155,12.196858
2024-09-06 07:00:00+00:00,14.89554925,11.551589
2024-09-06 08:00:00+00:00,15.566340083333333,11.3824215
2024-09-06 09:00:00+00:00,18.007797083333333,11.81135
2024-09-06 10:00:00+00:00,23.274281416666668,13.089289
2024-09-06 11:00:00+00:00,24.110191666666665,15.246727
2024-09-06 12:00:00+00:00,21.100454666666668,17.783611
2024-09-06 13:00:00+00:00,22.802816500000002,20.048672
2024-09-06 14:00:00+00:00,25.654093666666668,22.10653
2024-09-06 15:00:00+00:00,25.997753333333335,25.157333
2024-09-06 16:00:00+00:00,27.400980750000002,29.42612
2024-09-06 17:00:00+00:00,28.442980083333335,33.021263
2024-09-06 18:00:00+00:00,28.213518333333337,35.359875
2024-09-06 19:00:00+00:00,26.603660916666666,36.916718
2024-09-06 20:00:00+00:00,30.155422416666667,38.015743
2024-09-06 21:00:00+00:00,33.31705491666667,38.81363
2024-09-06 22:00:00+00:00,29.068918416666666,29.582624
2024-09-06 23:00:00+00:00,26.612481833333334,27.445837
2024-09-07 00:00:00+00:00,25.372778416666666,24.351646
2024-09-07 01:00:00+00:00,24.1155745,21.140495
2024-09-07 02:00:00+00:00,22.97625925,18.162924
2024-09-07 03:00:00+00:00,19.360290000000003,15.523542
2024-09-07 04:00:00+00:00,19.825880583333333,13.499378
2024-09-07 05:00:00+00:00,19.144914750000005,12.232451
2024-09-07 06:00:00+00:00,16.96494416666667,11.618025
2024-09-07 07:00:00+00:00,15.5576425,11.483744
2024-09-07 08:00:00+00:00,16.188422666666668,11.790176
2024-09-07 09:00:00+00:00,16.877738583333333,12.691176
2024-09-07 10:00:00+00:00,16.96070216666667,14.397227
2024-09-07 11:00:00+00:00,16.248786083333336,16.679733
2024-09-07 12:00:00+00:00,18.833850250000005,18.811438
2024-09-07 13:00:00+00:00,20.664743583333333,20.411743
2024-09-07 14:00:00+00:00,19.2238855,21.338537
2024-09-07 15:00:00+00:00,18.334121166666666,21.572966
2024-09-07 16:00:00+00:00,18.07270041666667,21.608198
2024-09-07 17:00:00+00:00,18.879724166666666,21.807806
2024-09-07 18:00:00+00:00,17.844240333333335,22.235632
2024-09-07 19:00:00+00:00,18.585920333333338,22.834448
2024-09-07 20:00:00+00:00,19.060044583333333,23.517323
2024-09-07 21:00:00+00:00,21.3802455,24.20937
2024-09-07 22:00:00+00:00,22.370603583333335,22.260887
2024-09-07 23:00:00+00:00,24.592023416666667,20.942734
2024-09-08 00:00:00+00:00,22.52281975,19.147327
2024-09-08 01:00:00+00:00,21.621638416666666,17.111145
2024-09-08 02:00:00+00:00,18.148634,15.314717
2024-09-08 03:00:00+00:00,15.231837833333332,13.863772
2024-09-08 04:00:00+00:00,13.042894416666668,12.793092
2024-09-08 05:00:00+00:00,11.780093666666666,12.011696
2024-09-08 06:00:00+00:00,11.192163416666666,11.398098
2024-09-08 07:00:00+00:00,10.985629083333336,11.011872
2024-09-08 08:00:00+00:00,10.758708166666667,10.980732
2024-09-08 09:00:00+00:00,10.979887249999997,11.471457
2024-09-08 10:00:00+00:00,10.993877083333334,12.673712
2024-09-08 11:00:00+00:00,11.20460625,14.321308
2024-09-08 12:00:00+00:00,11.141428083333333,15.902695
2024-09-08 13:00:00+00:00,11.192043083333333,17.043884
2024-09-08 14:00:00+00:00,11.453724666666666,17.571938
2024-09-08 15:00:00+00:00,11.285447916666667,17.648628
2024-09-08 16:00:00+00:00,11.688458583333334,17.586489
2024-09-08 17:00:00+00:00,11.970338416666666,17.577225
2024-09-08 18:00:00+00:00,11.892269416666664,17.663576
2024-09-08 19:00:00+00:00,12.212630500000001,17.82422
2024-09-08 20:00:00+00:00,13.2821345,18.026478
2024-09-08 21:00:00+00:00,16.910847999999998,18.239288
2024-09-08 22:00:00+00:00,25.19087725,17.794926
2024-09-08 23:00:00+00:00,31.29677883333333,17.442322
2024-09-09 00:00:00+00:00,25.817494083333333,17.820656
2024-09-09 01:00:00+00:00,18.40430175,17.539978
2024-09-09 02:00:00+00:00,14.067466833333333,15.544519
2024-09-09 03:00:00+00:00,13.082884833333335,13.24934
2024-09-09 04:00:00+00:00,12.940261833333334,11.598106
2024-09-09 05:00:00+00:00,12.424971,10.507431
2024-09-09 06:00:00+00:00,10.976503249999999,9.789942
2024-09-09 07:00:00+00:00,10.492641666666666,9.377512
2024-09-09 08:00:00+00:00,11.172774166666668,9.351939
2024-09-09 09:00:00+00:00,13.196727666666666,9.925857
2024-09-09 10:00:00+00:00,25.379861916666666,11.408495
2024-09-09 11:00:00+00:00,21.407071916666666,13.518211
2024-09-09 12:00:00+00:00,16.28266566666667,15.109785
2024-09-09 13:00:00+00:00,16.333908333333337,15.874167
2024-09-09 14:00:00+00:00,18.350224083333337,16.024334
2024-09-09 15:00:00+00:00,20.017747416666666,15.801973
2024-09-09 16:00:00+00:00,21.85736375,15.510671
2024-09-09 17:00:00+00:00,22.8599285,15.356022
2024-09-09 18:00:00+00:00,22.99106775,15.378463
2024-09-09 19:00:00+00:00,25.569285583333336,15.533245
2024-09-09 20:00:00+00:00,29.210058166666666,15.757616
2024-09-09 21:00:00+00:00,41.34136775,15.994712
2024-09-09 22:00:00+00:00,44.10646033333333,36.159904
2024-09-09 23:00:00+00:00,47.16567800000001,34.0254
2024-09-10 00:00:00+00:00,39.19870675,27.966078
2024-09-10 01:00:00+00:00,29.410059500000003,22.401333
2024-09-10 02:00:00+00:00,24.747195666666666,18.906935
2024-09-10 03:00:00+00:00,22.41944058333333,16.472988
2024-09-10 04:00:00+00:00,17.521209416666668,14.718382
2024-09-10 05:00:00+00:00,15.818068916666665,13.56579
2024-09-10 06:00:00+00:00,13.406682166666668,12.937435
2024-09-10 07:00:00+00:00,13.002276333333333,12.789656
2024-09-10 08:00:00+00:00,13.357990333333335,13.204175
2024-09-10 09:00:00+00:00,19.036807000000003,14.325209
2024-09-10 10:00:00+00:00,29.03311975,16.101217
2024-09-10 11:00:00+00:00,28.568034,18.276863
2024-09-10 12:00:00+00:00,19.838203083333337,20.574697
2024-09-10 13:00:00+00:00,19.221195083333335,22.88007
2024-09-10 14:00:00+00:00,20.217115083333333,25.05202
2024-09-10 15:00:00+00:00,22.01175541666667,26.448181
2024-09-10 16:00:00+00:00,23.39475125,27.017471
2024-09-10 17:00:00+00:00,26.154335500000002,27.25777
2024-09-10 18:00:00+00:00,28.330985666666667,27.451496
2024-09-10 19:00:00+00:00,31.988774749999997,27.68052
2024-09-10 20:00:00+00:00,40.47350341666667,27.947124
2024-09-10 21:00:00+00:00,51.170002916666675,28.231367
2024-09-10 22:00:00+00:00,61.61701258333333,44.033974
2024-09-10 23:00:00+00:00,50.273141333333335,37.813423
2024-09-11 00:00:00+00:00,41.26545166666667,29.350178
2024-09-11 01:00:00+00:00,31.018436750000003,23.304976
2024-09-11 02:00:00+00:00,24.600652416666666,19.269745
2024-09-11 03:00:00+00:00,21.0910025,16.242582
2024-09-11 04:00:00+00:00,18.632638250000003,14.006114
2024-09-11 05:00:00+00:00,16.83353375,12.554636
2024-09-11 06:00:00+00:00,15.027531916666668,11.837788
2024-09-11 07:00:00+00:00,14.197957500000001,11.869935
2024-09-11 08:00:00+00:00,14.770407166666667,12.8428
2024-09-11 09:00:00+00:00,18.240282666666666,14.92736
2024-09-11 10:00:00+00:00,25.693768916666667,17.884296
2024-09-11 11:00:00+00:00,25.647034916666666,21.132597
2024-09-11 12:00:00+00:00,20.631216166666665,24.096779
2024-09-11 13:00:00+00:00,20.00660391666667,26.835077
2024-09-11 14:00:00+00:00,23.848000166666665,29.486786
2024-09-11 15:00:00+00:00,25.06361658333333,31.353111
2024-09-11 16:00:00+00:00,28.9725755,32.388985
2024-09-11 17:00:00+00:00,32.39910775,33.08444
2024-09-11 18:00:00+00:00,34.34119116666667,33.689266
2024-09-11 19:00:00+00:00,39.147848083333336,34.265877
2024-09-11 20:00:00+00:00,50.2890205,34.811222
2024-09-11 21:00:00+00:00,67.77019366666667,35.31163
2024-09-11 22:00:00+00:00,64.10136083333333,50.40168
2024-09-11 23:00:00+00:00,49.267358916666666,40.26497
2024-09-12 00:00:00+00:00,40.63862791666667,31.354574
2024-09-12 01:00:00+00:00,32.062595916666666,25.64196
2024-09-12 02:00:00+00:00,28.786251916666668,21.753313
2024-09-12 03:00:00+00:00,23.380728,18.804558
2024-09-12 04:00:00+00:00,19.078890000000005,16.640617
2024-09-12 05:00:00+00:00,18.333715833333333,15.224449
2024-09-12 06:00:00+00:00,14.951791833333335,14.468664
2024-09-12 07:00:00+00:00,14.406273083333332,14.351608
2024-09-12 08:00:00+00:00,15.016483833333332,15.054069
2024-09-12 09:00:00+00:00,19.481282500000002,16.889824
2024-09-12 10:00:00+00:00,27.47068708333333,19.787897
2024-09-12 11:00:00+00:00,24.475498166666668,23.014523
2024-09-12 12:00:00+00:00,22.210977249999996,25.787445
2024-09-12 13:00:00+00:00,22.529598583333335,28.31396
2024-09-12 14:00:00+00:00,25.947413916666665,31.809845
2024-09-12 15:00:00+00:00,29.299134916666663,35.990623
2024-09-12 16:00:00+00:00,33.90232875,39.239197
2024-09-12 17:00:00+00:00,36.20284791666666,41.414337
2024-09-12 18:00:00+00:00,38.808181999999995,42.951904
2024-09-12 19:00:00+00:00,43.71948258333333,44.103237
2024-09-12 20:00:00+00:00,56.50354008333333,44.986443
2024-09-12 21:00:00+00:00,69.92936083333333,45.675133
2024-09-12 22:00:00+00:00,62.004561833333334,56.46653
2024-09-12 23:00:00+00:00,49.5836825,45.402084
2024-09-13 00:00:00+00:00,39.734739749999996,35.883602
2024-09-13 01:00:00+00:00,32.90880466666667,29.601767
2024-09-13 02:00:00+00:00,27.54320558333333,25.397755
2024-09-13 03:00:00+00:00,23.589842916666665,22.088917
2024-09-13 04:00:00+00:00,19.041543750000002,19.437244
2024-09-13 05:00:00+00:00,17.350935500000002,17.525354
2024-09-13 06:00:00+00:00,14.845800666666667,16.313623
2024-09-13 07:00:00+00:00,14.418220833333335,15.665972
2024-09-13 08:00:00+00:00,14.750811250000002,15.49564
2024-09-13 09:00:00+00:00,17.696413500000002,15.89446
2024-09-13 10:00:00+00:00,24.426642416666667,17.20346
2024-09-13 11:00:00+00:00,23.28462875,19.747002
2024-09-13 12:00:00+00:00,23.691928000000004,23.158112
2024-09-13 13:00:00+00:00,24.364042999999995,26.440487
2024-09-13 14:00:00+00:00,26.245772,29.116959
2024-09-13 15:00:00+00:00,28.066922166666668,32.415462
2024-09-13 16:00:00+00:00,30.22638925,37.658764
2024-09-13 17:00:00+00:00,33.043287,43.13189
2024-09-13 18:00:00+00:00,32.954678916666666,47.151672
2024-09-13 19:00:00+00:00,36.59698733333333,50.005077
2024-09-13 20:00:00+00:00,41.28814691666667,52.12668
2024-09-13 21:00:00+00:00,50.879426333333335,53.72308
2024-09-13 22:00:00+00:00,41.8237665,44.3884
2024-09-13 23:00:00+00:00,36.79517325,39.638023
2024-09-14 00:00:00+00:00,31.949063750000004,33.9068
2024-09-14 01:00:00+00:00,27.780069416666663,28.88868
2024-09-14 02:00:00+00:00,24.16424508333333,24.665709
2024-09-14 03:00:00+00:00,22.64056558333333,20.994558
2024-09-14 04:00:00+00:00,23.21324758333333,18.079025
2024-09-14 05:00:00+00:00,22.339553833333337,16.12976
2024-09-14 06:00:00+00:00,17.464992833333334,15.053845
2024-09-14 07:00:00+00:00,15.953603000000003,14.610837
2024-09-14 08:00:00+00:00,15.574256750000002,14.636047
2024-09-14 09:00:00+00:00,17.96512375,15.142232
2024-09-14 10:00:00+00:00,19.342892666666668,16.380114
2024-09-14 11:00:00+00:00,18.525401666666667,18.695492
2024-09-14 12:00:00+00:00,19.031974083333335,21.85825
2024-09-14 13:00:00+00:00,21.297152416666663,24.853338
2024-09-14 14:00:00+00:00,23.15244041666667,27.024317
2024-09-14 15:00:00+00:00,25.649082833333335,28.616398
2024-09-14 16:00:00+00:00,29.62613525,29.808163
2024-09-14 17:00:00+00:00,31.0284555,30.698238
2024-09-14 18:00:00+00:00,32.71482408333333,31.659552
2024-09-14 19:00:00+00:00,35.940760833333336,32.81936
2024-09-14 20:00:00+00:00,40.00506683333333,34.105827
2024-09-14 21:00:00+00:00,49.72103141666667,35.413044
2024-09-14 22:00:00+00:00,54.60062641666667,47.835365
2024-09-14 23:00:00+00:00,43.89862266666666,41.878654
2024-09-15 00:00:00+00:00,35.70536775,34.875626
2024-09-15 01:00:00+00:00,30.120097500000004,29.593473
2024-09-15 02:00:00+00:00,25.744140416666667,25.829948
2024-09-15 03:00:00+00:00,23.387320833333334,22.626757
2024-09-15 04:00:00+00:00,20.910768666666666,19.812706
2024-09-15 05:00:00+00:00,17.67516791666667,17.63881
2024-09-15 06:00:00+00:00,15.752082333333336,16.227486
2024-09-15 07:00:00+00:00,14.002683416666665,15.45774
2024-09-15 08:00:00+00:00,13.72867975,15.135096
2024-09-15 09:00:00+00:00,13.767839583333334,15.126358
2024-09-15 10:00:00+00:00,14.579938666666667,15.40525
2024-09-15 11:00:00+00:00,14.20681283333333,16.106167
2024-09-15 12:00:00+00:00,15.240372166666667,17.562744
2024-09-15 13:00:00+00:00,18.664817500000005,20.00948
2024-09-15 14:00:00+00:00,20.57368608333333,22.947962
2024-09-15 15:00:00+00:00,24.19552341666666,25.41257
2024-09-15 16:00:00+00:00,27.38824025,27.223948
2024-09-15 17:00:00+00:00,33.35432666666667,29.068449
2024-09-15 18:00:00+00:00,33.60154283333333,30.889465
2024-09-15 19:00:00+00:00,38.28856566666666,32.547153
2024-09-15 20:00:00+00:00,50.16459066666667,34.263847
2024-09-15 21:00:00+00:00,65.00698858333334,36.06254
2024-09-15 22:00:00+00:00,63.74209575,59.320816
2024-09-15 23:00:00+00:00,52.93866975,50.37493
2024-09-16 00:00:00+00:00,41.442197666666665,39.003002
2024-09-16 01:00:00+00:00,31.96145375,31.468834
2024-09-16 02:00:00+00:00,26.481669916666664,27.122822
2024-09-16 03:00:00+00:00,23.834146083333334,23.972195
2024-09-16 04:00:00+00:00,20.581266166666666,21.290392
2024-09-16 05:00:00+00:00,18.068522666666667,19.130014
2024-09-16 06:00:00+00:00,15.697656083333335,17.641617
2024-09-16 07:00:00+00:00,14.545908083333334,16.870647
2024-09-16 08:00:00+00:00,15.277725833333333,16.896744
2024-09-16 09:00:00+00:00,19.047836,17.965755
2024-09-16 10:00:00+00:00,30.098047083333334,20.267544
2024-09-16 11:00:00+00:00,29.958944916666667,23.442644
2024-09-16 12:00:00+00:00,26.367235000000004,26.724504
2024-09-16 13:00:00+00:00,29.228493,29.91635
2024-09-16 14:00:00+00:00,34.22485783333333,34.5343
2024-09-16 15:00:00+00:00,34.05927991666667,41.165962
2024-09-16 16:00:00+00:00,35.72725783333333,46.637115
2024-09-16 17:00:00+00:00,40.55889966666667,49.939003
2024-09-16 18:00:00+00:00,40.76519258333334,51.990547
2024-09-16 19:00:00+00:00,46.437841166666665,53.366943
2024-09-16 20:00:00+00:00,59.55802975,54.32216
2024-09-16 21:00:00+00:00,71.72926941666667,54.99357
2024-09-16 22:00:00+00:00,58.096123,58.36842
2024-09-16 23:00:00+00:00,51.01548625,48.682743
2024-09-17 00:00:00+00:00,42.76863841666667,38.356407
2024-09-17 01:00:00+00:00,36.10297308333333,31.14478
2024-09-17 02:00:00+00:00,29.059071333333332,26.376184
2024-09-17 03:00:00+00:00,24.96016308333333,22.811014
2024-09-17 04:00:00+00:00,19.572838083333338,20.092943
2024-09-17 05:00:00+00:00,18.13089391666667,18.194702
2024-09-17 06:00:00+00:00,15.909756999999997,17.032036
2024-09-17 07:00:00+00:00,15.476650583333335,16.495356
2024-09-17 08:00:00+00:00,16.222956333333332,16.600113
2024-09-17 09:00:00+00:00,20.859344916666668,17.604149
2024-09-17 10:00:00+00:00,26.668563083333336,19.849575
2024-09-17 11:00:00+00:00,28.505420083333334,23.125628
2024-09-17 12:00:00+00:00,29.365523333333332,26.503395
2024-09-17 13:00:00+00:00,30.318161333333336,29.24594
2024-09-17 14:00:00+00:00,30.96708458333333,32.042454
2024-09-17 15:00:00+00:00,33.44951583333333,36.281776
2024-09-17 16:00:00+00:00,32.6697275,41.057186
2024-09-17 17:00:00+00:00,36.09807925,44.667618
2024-09-17 18:00:00+00:00,37.27241808333333,47.186417
2024-09-17 19:00:00+00:00,41.53566991666666,49.04276
2024-09-17 20:00:00+00:00,49.2028915,50.45308
2024-09-17 21:00:00+00:00,55.491370249999996,51.52404
2024-09-17 22:00:00+00:00,49.32742883333333,49.817513
2024-09-17 23:00:00+00:00,44.881415833333335,43.571243
2024-09-18 00:00:00+00:00,37.24932141666667,36.32003
2024-09-18 01:00:00+00:00,33.49911983333333,30.192371
2024-09-18 02:00:00+00:00,27.883744416666666,25.380692
2024-09-18 03:00:00+00:00,25.213075,21.53331
2024-09-18 04:00:00+00:00,20.81102225,18.727951
2024-09-18 05:00:00+00:00,18.856709,16.996426
2024-09-18 06:00:00+00:00,16.228604999999998,16.142708
2024-09-18 07:00:00+00:00,15.87726766666667,15.973867
2024-09-18 08:00:00+00:00,16.411459333333333,16.509373
2024-09-18 09:00:00+00:00,20.800707666666668,18.048552
2024-09-18 10:00:00+00:00,28.228500999999998,20.835335
2024-09-18 11:00:00+00:00,30.242321083333334,24.332104
2024-09-18 12:00:00+00:00,29.985079666666667,27.403017
2024-09-18 13:00:00+00:00,31.28429866666667,29.651566
2024-09-18 14:00:00+00:00,32.749415416666665,31.801325
2024-09-18 15:00:00+00:00,34.087310333333335,33.908607
2024-09-18 16:00:00+00:00,37.40741991666667,35.743183
2024-09-18 17:00:00+00:00,41.24877083333334,37.56146
2024-09-18 18:00:00+00:00,41.61968158333333,39.436264
2024-09-18 19:00:00+00:00,44.0728195,41.285446
2024-09-18 20:00:00+00:00,48.13951775,43.011368
2024-09-18 21:00:00+00:00,55.085615499999996,44.543526
2024-09-18 22:00:00+00:00,52.36661016666667,49.10533
2024-09-18 23:00:00+00:00,48.415504,43.052387
2024-09-19 00:00:00+00:00,42.82452516666667,36.381767
2024-09-19 01:00:00+00:00,40.18369216666667,30.968529
2024-09-19 02:00:00+00:00,33.553244,26.7294
2024-09-19 03:00:00+00:00,26.789077916666667,23.397835
2024-09-19 04:00:00+00:00,21.35874058333333,21.056969
2024-09-19 05:00:00+00:00,20.083842750000002,19.662117
2024-09-19 06:00:00+00:00,17.71253966666667,18.996286
2024-09-19 07:00:00+00:00,16.679251000000004,18.880657
2024-09-19 08:00:00+00:00,17.004879250000002,19.32367
2024-09-19 09:00:00+00:00,20.246778000000003,20.583347
2024-09-19 10:00:00+00:00,27.82923633333333,22.930965
2024-09-19 11:00:00+00:00,29.62530358333333,25.979105
2024-09-19 12:00:00+00:00,28.400050000000004,28.713032
2024-09-19 13:00:00+00:00,30.082484250000004,30.71098
2024-09-19 14:00:00+00:00,31.02900925,32.55064
2024-09-19 15:00:00+00:00,36.019199416666666,34.309635
2024-09-19 16:00:00+00:00,39.71282841666667,35.82934
2024-09-19 17:00:00+00:00,41.038695499999996,37.322067
2024-09-19 18:00:00+00:00,46.656448833333336,38.850964
2024-09-19 19:00:00+00:00,51.110077249999996,40.355328
2024-09-19 20:00:00+00:00,62.96258183333333,41.762554
2024-09-19 21:00:00+00:00,68.4273565,43.019646
2024-09-19 22:00:00+00:00,63.718064166666665,58.028366
2024-09-19 23:00:00+00:00,53.04889508333333,48.676533
2024-09-20 00:00:00+00:00,44.54911583333333,40.133347
2024-09-20 01:00:00+00:00,38.76996391666667,34.161827
2024-09-20 02:00:00+00:00,31.844857583333333,30.203314
2024-09-20 03:00:00+00:00,26.919734166666668,27.164902
2024-09-20 04:00:00+00:00,21.814118250000003,24.68219
2024-09-20 05:00:00+00:00,19.615228249999998,22.81039
2024-09-20 06:00:00+00:00,16.904358500000004,21.565449
2024-09-20 07:00:00+00:00,15.351956999999999,20.866978
2024-09-20 08:00:00+00:00,15.710328583333334,20.657665
2024-09-20 09:00:00+00:00,19.854214916666667,21.03461
2024-09-20 10:00:00+00:00,27.60468883333333,22.305534
2024-09-20 11:00:00+00:00,27.558020166666665,24.690453
2024-09-20 12:00:00+00:00,22.688387583333334,27.729416
2024-09-20 13:00:00+00:00,23.892203416666664,30.508102
2024-09-20 14:00:00+00:00,26.86470725,32.859913
2024-09-20 15:00:00+00:00,32.902042333333334,36.04223
2024-09-20 16:00:00+00:00,35.48237733333333,40.549644
2024-09-20 17:00:00+00:00,42.753555,44.68682
2024-09-20 18:00:00+00:00,49.16809391666666,47.722603
2024-09-20 19:00:00+00:00,53.840748916666655,49.982735
2024-09-20 20:00:00+00:00,66.45282075,51.720253
2024-09-20 21:00:00+00:00,81.30996941666668,53.04844
2024-09-20 22:00:00+00:00,69.48869233333333,68.124855
2024-09-20 23:00:00+00:00,53.51745124999999,57.342186
2024-09-21 00:00:00+00:00,41.410470249999996,45.676643
2024-09-21 01:00:00+00:00,36.338282166666666,37.756943
2024-09-21 02:00:00+00:00,30.898759166666668,32.81563
2024-09-21 03:00:00+00:00,27.5343175,29.08562
2024-09-21 04:00:00+00:00,29.36751633333333,25.941277
2024-09-21 05:00:00+00:00,25.543332666666664,23.454144
2024-09-21 06:00:00+00:00,20.85350191666667,21.706299
2024-09-21 07:00:00+00:00,17.207120333333336,20.620108
2024-09-21 08:00:00+00:00,16.079832916666668,20.06432
2024-09-21 09:00:00+00:00,16.901666833333337,19.993061
2024-09-21 10:00:00+00:00,19.031934000000003,20.570923
2024-09-21 11:00:00+00:00,19.70109125,22.201763
2024-09-21 12:00:00+00:00,20.0873205,25.111965
2024-09-21 13:00:00+00:00,22.3908435,28.690363
2024-09-21 14:00:00+00:00,28.658816666666667,31.907047
2024-09-21 15:00:00+00:00,32.69521783333334,34.659725
2024-09-21 16:00:00+00:00,36.50411425,38.387325
2024-09-21 17:00:00+00:00,39.854487166666665,43.614616
2024-09-21 18:00:00+00:00,41.874825916666666,48.356476
2024-09-21 19:00:00+00:00,50.49978333333333,51.72613
2024-09-21 20:00:00+00:00,59.20012066666666,54.1399
2024-09-21 21:00:00+00:00,70.8366135,55.943996
2024-09-21 22:00:00+00:00,66.78860108333333,64.31007
2024-09-21 23:00:00+00:00,51.05552,53.705307
2024-09-22 00:00:00+00:00,39.796894,43.62278
2024-09-22 01:00:00+00:00,37.939580666666664,36.306892
2024-09-22 02:00:00+00:00,32.51719983333333,31.481857
2024-09-22 03:00:00+00:00,30.559211083333338,27.757578
2024-09-22 04:00:00+00:00,22.95636216666667,24.475834
2024-09-22 05:00:00+00:00,18.903700666666666,21.76069
2024-09-22 06:00:00+00:00,17.233459166666666,19.809359
2024-09-22 07:00:00+00:00,14.938924333333333,18.589655
2024-09-22 08:00:00+00:00,13.379884583333332,17.934923
2024-09-22 09:00:00+00:00,14.525207250000001,17.689941
2024-09-22 10:00:00+00:00,16.97473775,17.806585
2024-09-22 11:00:00+00:00,16.506080333333337,18.437107
2024-09-22 12:00:00+00:00,16.002558833333335,19.99392
2024-09-22 13:00:00+00:00,16.765110166666666,22.816734
2024-09-22 14:00:00+00:00,18.841905083333337,26.359737
2024-09-22 15:00:00+00:00,23.692374083333334,29.444729
2024-09-22 16:00:00+00:00,26.930784083333332,32.045094
2024-09-22 17:00:00+00:00,29.43432125,35.707214
2024-09-22 18:00:00+00:00,33.27987825,40.58899
2024-09-22 19:00:00+00:00,35.618298,45.085728
2024-09-22 20:00:00+00:00,42.68189641666667,48.78003
2024-09-22 21:00:00+00:00,55.525218083333336,51.86451
2024-09-22 22:00:00+00:00,50.08424975,51.861748
2024-09-22 23:00:00+00:00,41.185292916666675,44.306686
2024-09-23 00:00:00+00:00,35.84090316666667,36.68548
2024-09-23 01:00:00+00:00,29.73105166666667,30.327126
2024-09-23 02:00:00+00:00,24.651359166666666,25.461899
2024-09-23 03:00:00+00:00,21.00654533333333,21.435284
2024-09-23 04:00:00+00:00,18.440569416666666,18.16789
2024-09-23 05:00:00+00:00,16.692865083333334,15.891136
2024-09-23 06:00:00+00:00,14.554666666666668,14.584837
2024-09-23 07:00:00+00:00,14.013920416666666,14.053835
2024-09-23 08:00:00+00:00,17.686064000000002,14.205118
2024-09-23 09:00:00+00:00,21.014192083333334,15.207178
2024-09-23 10:00:00+00:00,27.082743416666673,17.423622
2024-09-23 11:00:00+00:00,34.393060166666665,20.761002
2024-09-23 12:00:00+00:00,32.059961333333334,24.109062
2024-09-23 13:00:00+00:00,30.307545916666665,26.699574
2024-09-23 14:00:00+00:00,31.164334083333333,29.416704
2024-09-23 15:00:00+00:00,32.4389825,32.441555
2024-09-23 16:00:00+00:00,34.750671000000004,35.227406
2024-09-23 17:00:00+00:00,35.971287749999995,38.018646
2024-09-23 18:00:00+00:00,36.81139533333333,40.934273
2024-09-23 19:00:00+00:00,37.572186916666666,43.81013
2024-09-23 20:00:00+00:00,42.27936433333333,46.447845
2024-09-23 21:00:00+00:00,48.404866166666665,48.727695
2024-09-23 22:00:00+00:00,47.118912249999994,43.61442
2024-09-23 23:00:00+00:00,48.647753,39.364594
2024-09-24 00:00:00+00:00,37.713031916666665,34.754177
2024-09-24 01:00:00+00:00,34.444151166666664,29.680315
2024-09-24 02:00:00+00:00,30.411426333333335,25.031034
2024-09-24 03:00:00+00:00,23.430176583333335,21.159893
2024-09-24 04:00:00+00:00,25.04872333333333,18.286762
2024-09-24 05:00:00+00:00,22.874582750000002,16.507671
2024-09-24 06:00:00+00:00,17.571894166666667,15.642239
2024-09-24 07:00:00+00:00,16.97670066666667,15.465025
2024-09-24 08:00:00+00:00,18.058658916666673,15.923214
2024-09-24 09:00:00+00:00,24.36079191666667,17.212801
2024-09-24 10:00:00+00:00,32.47830475,19.512074
2024-09-24 11:00:00+00:00,37.621157583333336,22.283676
2024-09-24 12:00:00+00:00,36.279702416666666,24.6003
2024-09-24 13:00:00+00:00,36.839842,26.543903
2024-09-24 14:00:00+00:00,36.02476908333333,28.356733
2024-09-24 15:00:00+00:00,37.49114433333333,29.849344
2024-09-24 16:00:00+00:00,37.187111,31.265835
2024-09-24 17:00:00+00:00,39.40088708333334,32.785824
2024-09-24 18:00:00+00:00,37.25274175,34.373455
2024-09-24 19:00:00+00:00,36.33156333333333,35.92012
2024-09-24 20:00:00+00:00,37.39915166666667,37.339745
2024-09-24 21:00:00+00:00,41.83844033333334,38.589264
2024-09-24 22:00:00+00:00,45.87474758333334,43.234203
2024-09-24 23:00:00+00:00,50.67658408333333,41.287327
2024-09-25 00:00:00+00:00,42.44133283333333,36.487534
2024-09-25 01:00:00+00:00,34.394264916666664,30.822447
2024-09-25 02:00:00+00:00,30.154757583333335,26.081331
2024-09-25 03:00:00+00:00,26.448279083333333,22.439613
2024-09-25 04:00:00+00:00,24.493566833333333,19.909512
2024-09-25 05:00:00+00:00,21.691458333333333,18.42267
2024-09-25 06:00:00+00:00,18.702409750000005,17.832047
2024-09-25 07:00:00+00:00,18.599393,18.100304
2024-09-25 08:00:00+00:00,19.26656516666667,19.45099
2024-09-25 09:00:00+00:00,26.89510041666667,22.042515
2024-09-25 10:00:00+00:00,37.2197595,25.337372
2024-09-25 11:00:00+00:00,39.680346500000006,28.498514
2024-09-25 12:00:00+00:00,36.604315500000006,31.255733
2024-09-25 13:00:00+00:00,38.352405583333336,33.0192
2024-09-25 14:00:00+00:00,38.51203458333333,33.251244
2024-09-25 15:00:00+00:00,36.14443283333333,32.552616
2024-09-25 16:00:00+00:00,37.179971916666666,31.806103
2024-09-25 17:00:00+00:00,38.687432916666666,31.482285
2024-09-25 18:00:00+00:00,38.322282083333334,31.6179
2024-09-25 19:00:00+00:00,38.26603775,32.073383
2024-09-25 20:00:00+00:00,41.66079216666667,32.70474
2024-09-25 21:00:00+00:00,48.33702258333332,33.40959
2024-09-25 22:00:00+00:00,52.648335833333334,46.740288
2024-09-25 23:00:00+00:00,62.63912908333333,42.642845
2024-09-26 00:00:00+00:00,47.957019333333335,36.892242
2024-09-26 01:00:00+00:00,40.58460875,32.092167
2024-09-26 02:00:00+00:00,34.696911916666664,28.40068
2024-09-26 03:00:00+00:00,32.869432583333335,25.683996
2024-09-26 04:00:00+00:00,23.94058433333333,23.91502
2024-09-26 05:00:00+00:00,22.278780916666665,22.97049
2024-09-26 06:00:00+00:00,18.851483666666667,22.716911
2024-09-26 07:00:00+00:00,18.113505916666668,23.192955
2024-09-26 08:00:00+00:00,18.747297833333334,24.623997
2024-09-26 09:00:00+00:00,23.52951141666666,27.045748
2024-09-26 10:00:00+00:00,35.4001795,29.969593
2024-09-26 11:00:00+00:00,35.8941425,32.785248
2024-09-26 12:00:00+00:00,33.18999066666667,35.282955
2024-09-26 13:00:00+00:00,34.92363875,36.994865
2024-09-26 14:00:00+00:00,32.52612675,37.386227
2024-09-26 15:00:00+00:00,35.068627,37.132698
2024-09-26 16:00:00+00:00,37.354512416666665,36.986256
2024-09-26 17:00:00+00:00,39.446062250000004,37.15439
2024-09-26 18:00:00+00:00,40.6106655,37.589127
2024-09-26 19:00:00+00:00,40.102832416666665,38.186653
2024-09-26 20:00:00+00:00,46.60778858333333,38.854065
2024-09-26 21:00:00+00:00,50.69901591666667,39.52302
2024-09-26 22:00:00+00:00,47.237323583333335,46.55712
2024-09-26 23:00:00+00:00,52.26467175,41.942383
2024-09-27 00:00:00+00:00,39.53044975,36.87648
2024-09-27 01:00:00+00:00,32.01968791666667,32.954628
2024-09-27 02:00:00+00:00,29.436593000000006,29.8805
2024-09-27 03:00:00+00:00,26.933624749999996,27.331139
2024-09-27 04:00:00+00:00,23.300787499999995,25.419155
2024-09-27 05:00:00+00:00,23.285634583333334,24.219479
2024-09-27 06:00:00+00:00,19.597573,23.619642
2024-09-27 07:00:00+00:00,18.926479750000002,23.49326
2024-09-27 08:00:00+00:00,19.195206666666667,23.856632
2024-09-27 09:00:00+00:00,22.987124916666673,24.92738
2024-09-27 10:00:00+00:00,30.539866166666673,26.924227
2024-09-27 11:00:00+00:00,31.39279275,29.56107
2024-09-27 12:00:00+00:00,29.492686000000003,32.060955
2024-09-27 13:00:00+00:00,31.022863083333334,33.95082
2024-09-27 14:00:00+00:00,29.24562066666667,35.408737
2024-09-27 15:00:00+00:00,28.788192083333332,36.47634
2024-09-27 16:00:00+00:00,29.052841333333333,37.23894
2024-09-27 17:00:00+00:00,30.212751416666666,38.034233
2024-09-27 18:00:00+00:00,29.33008875,38.95761
2024-09-27 19:00:00+00:00,28.454935416666668,39.952168
2024-09-27 20:00:00+00:00,29.233042166666667,40.939877
2024-09-27 21:00:00+00:00,29.685985583333334,41.86026
2024-09-27 22:00:00+00:00,29.80021975,29.86559
2024-09-27 23:00:00+00:00,33.880790749999996,28.314714
2024-09-28 00:00:00+00:00,28.494688583333332,26.214653
2024-09-28 01:00:00+00:00,26.441908416666664,24.021921
2024-09-28 02:00:00+00:00,24.897090833333333,22.30546
2024-09-28 03:00:00+00:00,22.624831416666666,21.097832
2024-09-28 04:00:00+00:00,23.491347083333334,20.244741
2024-09-28 05:00:00+00:00,23.479360916666668,19.630299
2024-09-28 06:00:00+00:00,18.318434666666665,19.335972
2024-09-28 07:00:00+00:00,16.873320833333334,19.575397
2024-09-28 08:00:00+00:00,17.567779,20.559786
2024-09-28 09:00:00+00:00,20.383484916666667,22.074291
2024-09-28 10:00:00+00:00,24.026644333333333,23.69901
2024-09-28 11:00:00+00:00,26.542530916666667,25.198824
2024-09-28 12:00:00+00:00,26.203181583333333,26.231943
2024-09-28 13:00:00+00:00,26.293250333333333,26.659145
2024-09-28 14:00:00+00:00,27.06703225,26.713917
2024-09-28 15:00:00+00:00,28.52933775,26.69727
2024-09-28 16:00:00+00:00,28.66354,26.755146
2024-09-28 17:00:00+00:00,30.880401833333334,26.906584
2024-09-28 18:00:00+00:00,31.139788000000003,27.119614
2024-09-28 19:00:00+00:00,32.505875583333335,27.347649
2024-09-28 20:00:00+00:00,35.132386333333336,27.550106
2024-09-28 21:00:00+00:00,42.03637466666667,27.709919
2024-09-28 22:00:00+00:00,42.06728258333333,42.013855
2024-09-28 23:00:00+00:00,42.70796833333333,39.481514
2024-09-29 00:00:00+00:00,35.22327791666667,35.209534
2024-09-29 01:00:00+00:00,31.236193249999996,31.517239
2024-09-29 02:00:00+00:00,29.387709083333334,28.430592
2024-09-29 03:00:00+00:00,26.891687,25.62381
2024-09-29 04:00:00+00:00,21.42722025,23.247463
2024-09-29 05:00:00+00:00,21.173281666666668,21.494133
2024-09-29 06:00:00+00:00,19.051986083333336,20.392853
2024-09-29 07:00:00+00:00,17.86586541666667,19.822124
2024-09-29 08:00:00+00:00,17.09191716666667,19.627083
2024-09-29 09:00:00+00:00,16.886958083333333,19.74676
2024-09-29 10:00:00+00:00,18.274809583333333,20.266361
2024-09-29 11:00:00+00:00,19.646905333333333,21.433237
2024-09-29 12:00:00+00:00,21.171028166666666,23.459816
2024-09-29 13:00:00+00:00,21.410286,26.03012
2024-09-29 14:00:00+00:00,21.418522916666667,28.46643
2024-09-29 15:00:00+00:00,23.210133583333334,30.476006
2024-09-29 16:00:00+00:00,25.143152916666665,31.74431
2024-09-29 17:00:00+00:00,25.465537416666667,31.961895
2024-09-29 18:00:00+00:00,26.41589241666666,31.777353
2024-09-29 19:00:00+00:00,27.061789166666667,31.81198
2024-09-29 20:00:00+00:00,30.34996975,32.183212
2024-09-29 21:00:00+00:00,39.1759015,32.79716
2024-09-29 22:00:00+00:00,39.63689133333333,38.447674
2024-09-29 23:00:00+00:00,46.82665300000001,34.856712
2024-09-30 00:00:00+00:00,36.708429083333336,30.501131
2024-09-30 01:00:00+00:00,30.643740416666663,27.091106
2024-09-30 02:00:00+00:00,28.014780583333337,24.57101
2024-09-30 03:00:00+00:00,23.463495333333334,22.530754
2024-09-30 04:00:00+00:00,23.592266346666666,20.971401
2024-09-30 05:00:00+00:00,23.721037359999997,19.967663
2024-09-30 06:00:00+00:00,23.84980837333333,19.458378
2024-10-01 04:00:00+00:00,26.682770666666666,19.360191
2024-10-01 05:00:00+00:00,23.82313425,19.708847
2024-10-01 06:00:00+00:00,18.56992925,20.68523
2024-10-01 07:00:00+00:00,16.375292916666666,22.382887
2024-10-01 08:00:00+00:00,17.840689833333332,24.452232
2024-10-01 09:00:00+00:00,23.29864066666667,26.255262
2024-10-01 10:00:00+00:00,35.242865,27.62866
2024-10-01 11:00:00+00:00,39.53245283333333,28.85868
2024-10-01 12:00:00+00:00,36.9978985,29.86899
2024-10-01 13:00:00+00:00,34.768807,30.769583
2024-10-01 14:00:00+00:00,30.847126083333333,31.725134
2024-10-01 15:00:00+00:00,30.74548941666667,32.722893
2024-10-01 16:00:00+00:00,31.819038416666668,33.694508
2024-10-01 17:00:00+00:00,33.19896358333333,34.58226
2024-10-01 18:00:00+00:00,33.39956375,35.351246
2024-10-01 19:00:00+00:00,32.006567,34.47928
2024-10-01 20:00:00+00:00,34.51349316666667,37.45637
2024-10-01 21:00:00+00:00,41.56654266666667,40.537094
2024-10-01 22:00:00+00:00,46.67182366666666,40.804623
2024-10-01 23:00:00+00:00,50.04375975,37.513214
2024-10-02 00:00:00+00:00,37.1083825,33.60443
2024-10-02 01:00:00+00:00,31.35555825,30.524103
2024-10-02 02:00:00+00:00,28.282961416666666,27.748003
2024-10-02 03:00:00+00:00,22.72906508333333,25.11598
2024-10-02 04:00:00+00:00,19.772837750000004,22.907024
2024-10-02 05:00:00+00:00,17.747450583333336,21.292969
2024-10-02 06:00:00+00:00,16.23738175,20.275787
2024-10-02 07:00:00+00:00,15.821602916666668,19.929064
2024-10-02 08:00:00+00:00,17.966086250000004,20.39907
2024-10-02 09:00:00+00:00,23.54668325,21.740139
2024-10-02 10:00:00+00:00,33.17842725,23.868263
2024-10-02 11:00:00+00:00,39.33990175,26.324451
2024-10-02 12:00:00+00:00,33.704088000000006,28.3739
2024-10-02 13:00:00+00:00,31.058432666666665,29.769905
2024-10-02 14:00:00+00:00,27.07928425,30.357151
2024-10-02 15:00:00+00:00,28.495211916666666,30.26898
2024-10-02 16:00:00+00:00,28.314926,29.694466
2024-10-02 17:00:00+00:00,31.638547166666665,28.886145
2024-10-02 18:00:00+00:00,31.136179833333333,28.186174
2024-10-02 19:00:00+00:00,32.50727925,31.695068
2024-10-02 20:00:00+00:00,34.55929758333333,33.82489
2024-10-02 21:00:00+00:00,44.26069283333334,35.98356
2024-10-02 22:00:00+00:00,51.70385491666668,36.270153
2024-10-02 23:00:00+00:00,51.13999616666668,33.57782
2024-10-03 00:00:00+00:00,33.63940675,30.144882
2024-10-03 01:00:00+00:00,26.93447175,27.36819
2024-10-03 02:00:00+00:00,23.89538908333333,24.845404
2024-10-03 03:00:00+00:00,20.283360000000002,22.625986
2024-10-03 04:00:00+00:00,19.918787249999998,20.94059
2024-10-03 05:00:00+00:00,19.21845233333334,19.747505
2024-10-03 06:00:00+00:00,16.45987766666667,18.993046
2024-10-03 07:00:00+00:00,16.203964416666672,18.767002
2024-10-03 08:00:00+00:00,17.748808333333336,19.25238
2024-10-03 09:00:00+00:00,22.88442925,20.617004
2024-10-03 10:00:00+00:00,36.418170833333335,22.934967
2024-10-03 11:00:00+00:00,40.58589191666667,25.60829
2024-10-03 12:00:00+00:00,30.944156083333336,27.305931
2024-10-03 13:00:00+00:00,27.764056416666666,28.003988
2024-10-03 14:00:00+00:00,27.822327416666667,28.159288
2024-10-03 15:00:00+00:00,28.703217416666664,27.951216
2024-10-03 16:00:00+00:00,30.7508425,27.4389
2024-10-03 17:00:00+00:00,31.892641583333337,26.818762
2024-10-03 18:00:00+00:00,33.243684916666666,26.336504
2024-10-03 19:00:00+00:00,36.40295891666667,34.90799
2024-10-03 20:00:00+00:00,44.14871141666667,38.657925
2024-10-03 21:00:00+00:00,59.07670266666667,41.678215
2024-10-03 22:00:00+00:00,67.29748133333334,40.653908
2024-10-03 23:00:00+00:00,58.215093249999995,36.470596
2024-10-04 00:00:00+00:00,43.21728266666667,32.74735
2024-10-04 01:00:00+00:00,36.901719916666664,29.768291
2024-10-04 02:00:00+00:00,32.16356716666667,26.98392
2024-10-04 03:00:00+00:00,26.919139583333333,24.41603
2024-10-04 04:00:00+00:00,23.230666916666667,22.370747
2024-10-04 05:00:00+00:00,19.149322750000003,20.92249
2024-10-04 06:00:00+00:00,17.292057166666666,20.07938
2024-10-04 07:00:00+00:00,16.441327833333336,19.96332
2024-10-04 08:00:00+00:00,17.662933916666667,20.767838
2024-10-04 09:00:00+00:00,21.603567666666667,22.575392
2024-10-04 10:00:00+00:00,33.16190783333334,25.543571
2024-10-04 11:00:00+00:00,34.31846208333334,28.87684
2024-10-04 12:00:00+00:00,31.599048166666666,30.831007
2024-10-04 13:00:00+00:00,27.525930083333336,31.485735
2024-10-04 14:00:00+00:00,28.52974983333333,31.431425
2024-10-04 15:00:00+00:00,29.677428250000002,30.916212
2024-10-04 16:00:00+00:00,33.032661,30.066916
2024-10-04 17:00:00+00:00,38.07339325,29.168098
2024-10-04 18:00:00+00:00,41.698429583333336,28.507977
2024-10-04 19:00:00+00:00,44.53174525,43.89993
2024-10-04 20:00:00+00:00,49.89301616666667,47.036716
2024-10-04 21:00:00+00:00,62.946516333333335,46.45487
2024-10-04 22:00:00+00:00,63.090033500000004,42.56175
2024-10-04 23:00:00+00:00,54.909551666666665,38.220203
2024-10-05 00:00:00+00:00,35.477245833333335,34.604713
2024-10-05 01:00:00+00:00,32.52059791666667,31.272686
2024-10-05 02:00:00+00:00,29.244087583333336,27.896992
2024-10-05 03:00:00+00:00,25.295267499999998,24.767494
2024-10-05 04:00:00+00:00,23.991207166666666,22.25074
2024-10-05 05:00:00+00:00,22.148796416666666,20.389921
2024-10-05 06:00:00+00:00,18.420228250000005,19.15934
2024-10-05 07:00:00+00:00,17.317361166666668,18.49887
2024-10-05 08:00:00+00:00,17.251557583333334,18.308182
2024-10-05 09:00:00+00:00,17.684389250000002,18.617826
2024-10-05 10:00:00+00:00,20.12870025,19.676592
2024-10-05 11:00:00+00:00,22.432179916666666,21.785032
2024-10-05 12:00:00+00:00,22.157121916666668,24.66186
2024-10-05 13:00:00+00:00,21.2172355,27.409534
2024-10-05 14:00:00+00:00,20.933376166666665,29.708319
2024-10-05 15:00:00+00:00,21.184115666666667,31.482716
2024-10-05 16:00:00+00:00,22.940325333333334,32.256306
2024-10-05 17:00:00+00:00,23.83576875,32.05378
2024-10-05 18:00:00+00:00,26.814918833333337,31.414669
2024-10-05 19:00:00+00:00,29.120887666666665,30.032566
2024-10-05 20:00:00+00:00,34.86292275,31.10238
2024-10-05 21:00:00+00:00,49.49496291666667,32.86999
2024-10-05 22:00:00+00:00,55.46951966666666,33.915
2024-10-05 23:00:00+00:00,49.68178208333333,31.80868
2024-10-06 00:00:00+00:00,34.66909666666667,28.851925
2024-10-06 01:00:00+00:00,28.43311366666667,26.398733
2024-10-06 02:00:00+00:00,24.88461583333333,23.785618
2024-10-06 03:00:00+00:00,21.263302333333332,21.053638
2024-10-06 04:00:00+00:00,19.71258466666667,18.721811
2024-10-06 05:00:00+00:00,15.700013083333332,16.869942
2024-10-06 06:00:00+00:00,13.95483975,15.354189
2024-10-06 07:00:00+00:00,10.983982833333336,14.218157
2024-10-06 08:00:00+00:00,11.410067,13.546776
2024-10-06 09:00:00+00:00,12.994807999999997,13.279064
2024-10-06 10:00:00+00:00,15.938806833333334,13.39801
2024-10-06 11:00:00+00:00,18.380585916666668,14.219582
2024-10-06 12:00:00+00:00,16.643451166666665,16.173828
2024-10-06 13:00:00+00:00,16.157233916666666,18.677992
2024-10-06 14:00:00+00:00,17.893460833333332,20.775246
2024-10-06 15:00:00+00:00,19.48555575,22.155125
2024-10-06 16:00:00+00:00,22.25998525,22.825619
2024-10-06 17:00:00+00:00,22.33563525,22.930565
2024-10-06 18:00:00+00:00,24.65706283333333,22.736343
2024-10-06 19:00:00+00:00,25.97345575,27.565401
2024-10-06 20:00:00+00:00,30.938089166666668,30.215673
2024-10-06 21:00:00+00:00,47.60769508333333,36.331787
2024-10-06 22:00:00+00:00,61.03763141666667,41.61273
2024-10-06 23:00:00+00:00,58.77710416666666,39.26905
2024-10-07 00:00:00+00:00,38.236831583333334,32.415005
2024-10-07 01:00:00+00:00,29.474882500000003,27.197226
2024-10-07 02:00:00+00:00,27.63103325,23.433949
2024-10-07 03:00:00+00:00,26.55524708333333,19.996223
2024-10-07 04:00:00+00:00,23.355189,16.999828
2024-10-07 05:00:00+00:00,20.629462416666666,14.671677
2024-10-07 06:00:00+00:00,18.250674833333335,13.050674
2024-10-07 07:00:00+00:00,18.114867500000003,12.243198
2024-10-07 08:00:00+00:00,19.933533333333337,12.414446
2024-10-07 09:00:00+00:00,27.068433833333334,13.793739
2024-10-07 10:00:00+00:00,47.82569358333334,16.693209
2024-10-07 11:00:00+00:00,58.905823749999996,21.986464
2024-10-07 12:00:00+00:00,37.12628233333333,27.886566
2024-10-07 13:00:00+00:00,31.336816583333338,30.10242
2024-10-07 14:00:00+00:00,31.495529,29.700365
2024-10-07 15:00:00+00:00,32.37711766666667,27.97051
2024-10-07 16:00:00+00:00,32.871845,25.793518
2024-10-07 17:00:00+00:00,34.471540833333336,23.915222
2024-10-07 18:00:00+00:00,33.47162041666667,22.638168
2024-10-07 19:00:00+00:00,33.16180775,33.32078
2024-10-07 20:00:00+00:00,35.266666,36.961956
2024-10-07 21:00:00+00:00,60.61911491666667,44.050804
2024-10-07 22:00:00+00:00,80.22190425000001,49.12107
2024-10-07 23:00:00+00:00,66.18214441666667,46.9071
2024-10-08 00:00:00+00:00,39.67453891666667,39.74035
2024-10-08 01:00:00+00:00,35.11916825,33.637726
2024-10-08 02:00:00+00:00,32.60891275,29.0425
2024-10-08 03:00:00+00:00,30.229348416666667,24.84597
2024-10-08 04:00:00+00:00,29.01509491666667,21.063917
2024-10-08 05:00:00+00:00,25.380440250000003,18.165169
2024-10-08 06:00:00+00:00,23.99066375,16.318104
2024-10-08 07:00:00+00:00,22.956346,15.729323
2024-10-08 08:00:00+00:00,22.79403675,16.66401
2024-10-08 09:00:00+00:00,27.55308158333333,18.92912
2024-10-08 10:00:00+00:00,46.42674516666668,22.51524
2024-10-08 11:00:00+00:00,55.07461233333334,27.608538
2024-10-08 12:00:00+00:00,33.01799175,31.218803
2024-10-08 13:00:00+00:00,27.784102083333334,32.346832
2024-10-08 14:00:00+00:00,27.465549166666666,32.10871
2024-10-08 15:00:00+00:00,27.27437075,31.138487
2024-10-08 16:00:00+00:00,27.30445875,29.712654
2024-10-08 17:00:00+00:00,27.16252741666667,28.174856
2024-10-08 18:00:00+00:00,28.164123416666666,26.92485
2024-10-08 19:00:00+00:00,28.685327916666665,30.181635
2024-10-08 20:00:00+00:00,32.06190591666667,33.994755
2024-10-08 21:00:00+00:00,50.646225416666674,41.10402
2024-10-08 22:00:00+00:00,77.43171366666667,45.801292
2024-10-08 23:00:00+00:00,67.65923858333333,44.106117
2024-10-09 00:00:00+00:00,40.06746483333333,37.644924
2024-10-09 01:00:00+00:00,33.37010108333333,31.34548
2024-10-09 02:00:00+00:00,32.33585991666667,27.189451
2024-10-09 03:00:00+00:00,27.9593145,23.686317
2024-10-09 04:00:00+00:00,25.983283500000002,20.460701
2024-10-09 05:00:00+00:00,22.078732416666668,17.856655
2024-10-09 06:00:00+00:00,19.17467016666667,16.07877
2024-10-09 07:00:00+00:00,19.931719416666667,15.312887
2024-10-09 08:00:00+00:00,20.888071916666668,15.794597
2024-10-09 09:00:00+00:00,25.832085083333336,17.629543
2024-10-09 10:00:00+00:00,41.15485466666666,20.70803
2024-10-09 11:00:00+00:00,53.864743000000004,25.42046
2024-10-09 12:00:00+00:00,30.550031083333334,29.630867
2024-10-09 13:00:00+00:00,26.192783583333334,30.934776
2024-10-09 14:00:00+00:00,25.819760416666668,30.478035
2024-10-09 15:00:00+00:00,26.790835583333333,29.040012
2024-10-09 16:00:00+00:00,27.309308666666666,27.186817
2024-10-09 17:00:00+00:00,27.839132916666667,25.503416
2024-10-09 18:00:00+00:00,30.567973,24.29703
2024-10-09 19:00:00+00:00,31.07873216666667,31.27854
2024-10-09 20:00:00+00:00,33.490575166666666,32.876526
2024-10-09 21:00:00+00:00,53.11027758333334,37.10778
2024-10-09 22:00:00+00:00,76.76375391666666,41.56114
2024-10-09 23:00:00+00:00,70.57678750000001,41.536366
2024-10-10 00:00:00+00:00,40.033820666666664,36.850845
2024-10-10 01:00:00+00:00,36.43209083333333,31.269886
2024-10-10 02:00:00+00:00,31.017084083333334,27.036015
2024-10-10 03:00:00+00:00,24.462108416666666,23.599976
2024-10-10 04:00:00+00:00,19.886709916666664,20.897259
2024-10-10 05:00:00+00:00,17.812607583333335,18.879478
2024-10-10 06:00:00+00:00,16.03761875,17.47451
2024-10-10 07:00:00+00:00,15.933387250000004,16.717905
2024-10-10 08:00:00+00:00,16.06157825,16.667356
2024-10-10 09:00:00+00:00,21.73259733333333,17.491472
2024-10-10 10:00:00+00:00,39.57791275,19.620272
2024-10-10 11:00:00+00:00,49.25074008333333,23.491884
2024-10-10 12:00:00+00:00,28.788140916666666,27.450974
2024-10-10 13:00:00+00:00,23.687576916666668,29.219082
2024-10-10 14:00:00+00:00,22.350402916666667,29.418917
2024-10-10 15:00:00+00:00,22.63833716666667,28.826328
2024-10-10 16:00:00+00:00,23.787705083333332,27.863792
2024-10-10 17:00:00+00:00,23.53413775,26.92072
2024-10-10 18:00:00+00:00,22.498545500000002,26.251
2024-10-10 19:00:00+00:00,22.18911991666667,25.741821
2024-10-10 20:00:00+00:00,25.515944249999997,28.469479
2024-10-10 21:00:00+00:00,38.44662375,33.406204
2024-10-10 22:00:00+00:00,63.22229725,37.101944
2024-10-10 23:00:00+00:00,62.591372750000005,35.9205
2024-10-11 00:00:00+00:00,38.72474016666667,30.804653
2024-10-11 01:00:00+00:00,31.36373675,25.7391
2024-10-11 02:00:00+00:00,29.744088333333334,22.092735
2024-10-11 03:00:00+00:00,26.498371083333335,19.275492
2024-10-11 04:00:00+00:00,24.155999750000003,17.12528
2024-10-11 05:00:00+00:00,21.714869000000004,15.518194
2024-10-11 06:00:00+00:00,19.829087333333334,14.412947
2024-10-11 07:00:00+00:00,19.339414750000003,13.88954
2024-10-11 08:00:00+00:00,20.386727500000003,14.111464
2024-10-11 09:00:00+00:00,25.238280166666666,15.311867
2024-10-11 10:00:00+00:00,44.80265225,17.824268
2024-10-11 11:00:00+00:00,56.110618666666674,21.6492
2024-10-11 12:00:00+00:00,31.134117833333335,24.39259
2024-10-11 13:00:00+00:00,24.690765166666665,24.846062
2024-10-11 14:00:00+00:00,25.55097725,24.020699
2024-10-11 15:00:00+00:00,24.785848666666666,22.772945
2024-10-11 16:00:00+00:00,23.954150333333335,21.641785
2024-10-11 17:00:00+00:00,23.394500083333337,20.851635
2024-10-11 18:00:00+00:00,23.454841750000003,20.41093
2024-10-11 19:00:00+00:00,24.391147,25.79918
2024-10-11 20:00:00+00:00,26.916390583333335,28.612858
2024-10-11 21:00:00+00:00,36.726620000000004,33.628902
2024-10-11 22:00:00+00:00,47.78123516666667,37.647682
2024-10-11 23:00:00+00:00,35.8063025,36.66827
2024-10-12 00:00:00+00:00,28.004954333333334,31.76719
2024-10-12 01:00:00+00:00,24.0748095,27.072706
2024-10-12 02:00:00+00:00,22.360095,23.657288
2024-10-12 03:00:00+00:00,19.990396333333333,20.68202
2024-10-12 04:00:00+00:00,23.426973333333333,18.109234
2024-10-12 05:00:00+00:00,25.90647975,16.078762
2024-10-12 06:00:00+00:00,18.831496583333333,14.603081
2024-10-12 07:00:00+00:00,18.569670750000004,13.759678
2024-10-12 08:00:00+00:00,21.276347583333333,13.712778
2024-10-12 09:00:00+00:00,23.425173583333333,14.660486
2024-10-12 10:00:00+00:00,26.05998475,16.714546
2024-10-12 11:00:00+00:00,34.369964833333334,19.96088
2024-10-12 12:00:00+00:00,25.803060916666666,23.090317
2024-10-12 13:00:00+00:00,21.5913405,24.234608
2024-10-12 14:00:00+00:00,23.722961666666667,23.993355
2024-10-12 15:00:00+00:00,24.25877291666667,23.079987
2024-10-12 16:00:00+00:00,25.73455458333333,21.967884
2024-10-12 17:00:00+00:00,26.91943925,20.999979
2024-10-12 18:00:00+00:00,27.217485583333332,20.32059
2024-10-12 19:00:00+00:00,29.39274383333333,28.873835
2024-10-12 20:00:00+00:00,37.1493955,30.805151
2024-10-12 21:00:00+00:00,56.388721333333336,34.501812
2024-10-12 22:00:00+00:00,77.24672375,37.23595
2024-10-12 23:00:00+00:00,55.61934983333333,34.80531
2024-10-13 00:00:00+00:00,38.499508666666664,30.563112
2024-10-13 01:00:00+00:00,33.42703458333333,27.18033
2024-10-13 02:00:00+00:00,31.110144916666663,24.153938
2024-10-13 03:00:00+00:00,24.677676166666668,21.109606
2024-10-13 04:00:00+00:00,21.609049833333334,18.345661
2024-10-13 05:00:00+00:00,20.863216083333334,16.14156
2024-10-13 06:00:00+00:00,18.50437991666667,14.536431
2024-10-13 07:00:00+00:00,17.810599666666665,13.554829
2024-10-13 08:00:00+00:00,16.047221333333333,13.174164
2024-10-13 09:00:00+00:00,15.136448916666664,13.392984
2024-10-13 10:00:00+00:00,18.764368500000003,14.456903
2024-10-13 11:00:00+00:00,21.1300755,16.85937
2024-10-13 12:00:00+00:00,20.607386833333333,20.4724
2024-10-13 13:00:00+00:00,21.443133166666666,23.101952
2024-10-13 14:00:00+00:00,19.877122583333335,24.052025
2024-10-13 15:00:00+00:00,20.713467833333336,24.117176
2024-10-13 16:00:00+00:00,21.142341583333334,23.71403
2024-10-13 17:00:00+00:00,21.03135316666667,23.0742
2024-10-13 18:00:00+00:00,22.64262975,22.46255
2024-10-13 19:00:00+00:00,23.944479,27.206078
2024-10-13 20:00:00+00:00,29.78287516666667,30.67762
2024-10-13 21:00:00+00:00,48.65771866666666,37.25228
2024-10-13 22:00:00+00:00,72.06030700000001,41.084694
2024-10-13 23:00:00+00:00,63.628749666666664,37.769066
2024-10-14 00:00:00+00:00,36.418134333333334,30.966759
2024-10-14 01:00:00+00:00,30.227960166666666,26.067356
2024-10-14 02:00:00+00:00,24.619260166666667,22.570211
2024-10-14 03:00:00+00:00,20.90105541666667,19.453506
2024-10-14 04:00:00+00:00,17.537314083333335,16.850328
2024-10-14 05:00:00+00:00,15.617981,14.868905
2024-10-14 06:00:00+00:00,13.745719000000001,13.527738
2024-10-14 07:00:00+00:00,15.3066275,12.954389
2024-10-14 08:00:00+00:00,15.249580833333333,13.371769
2024-10-14 09:00:00+00:00,18.04163375,15.109489
2024-10-14 10:00:00+00:00,26.179242916666666,18.88597
2024-10-14 11:00:00+00:00,32.07648941666667,26.128807
2024-10-14 12:00:00+00:00,30.447382666666662,32.10528
2024-10-14 13:00:00+00:00,23.328576916666666,33.34585
2024-10-14 14:00:00+00:00,27.101891249999998,32.02115
2024-10-14 15:00:00+00:00,27.667114333333334,29.451725
2024-10-14 16:00:00+00:00,28.829337083333332,26.717772
2024-10-14 17:00:00+00:00,28.4649095,24.57501
2024-10-14 18:00:00+00:00,27.97727775,23.194532
2024-10-14 19:00:00+00:00,25.42527425,26.603758
2024-10-14 20:00:00+00:00,28.636793416666666,26.365313
2024-10-14 21:00:00+00:00,43.330117083333334,27.68884
2024-10-14 22:00:00+00:00,61.65870483333333,32.006207
2024-10-14 23:00:00+00:00,70.39544408333333,35.449783
2024-10-15 00:00:00+00:00,43.01413433333334,33.532234
2024-10-15 01:00:00+00:00,37.907795416666666,28.040949
2024-10-15 02:00:00+00:00,36.371744416666665,23.261879
2024-10-15 03:00:00+00:00,27.717858083333336,19.547264
2024-10-15 04:00:00+00:00,29.387314583333332,16.751457
2024-10-15 05:00:00+00:00,27.999071833333332,14.786495
2024-10-15 06:00:00+00:00,27.518769583333334,13.37853
2024-10-15 07:00:00+00:00,27.690646,12.394235
2024-10-15 08:00:00+00:00,27.385586583333332,11.891153
2024-10-15 09:00:00+00:00,31.492014749999996,12.01674
2024-10-15 10:00:00+00:00,45.83588791666667,13.110804
2024-10-15 11:00:00+00:00,60.992647583333344,15.6886835
2024-10-15 12:00:00+00:00,47.72431424999999,19.703674
2024-10-15 13:00:00+00:00,35.16650808333333,23.087631
2024-10-15 14:00:00+00:00,34.04185566666667,24.73471
2024-10-15 15:00:00+00:00,33.028387333333335,25.309708
2024-10-15 16:00:00+00:00,31.37309391666666,25.168749
2024-10-15 17:00:00+00:00,30.71421816666667,24.472107
2024-10-15 18:00:00+00:00,28.740077166666666,23.614922
2024-10-15 19:00:00+00:00,29.177565583333333,30.077955
2024-10-15 20:00:00+00:00,30.818437916666667,33.91531
2024-10-15 21:00:00+00:00,42.76363583333333,41.64846
2024-10-15 22:00:00+00:00,58.77069325,48.81178
2024-10-15 23:00:00+00:00,65.93791941666667,48.789
2024-10-16 00:00:00+00:00,48.44833458333333,42.858353
2024-10-16 01:00:00+00:00,44.182640750000004,35.453693
2024-10-16 02:00:00+00:00,45.85441741666667,30.603348
2024-10-16 03:00:00+00:00,38.04662108333333,27.198975
2024-10-16 04:00:00+00:00,32.757134916666665,23.976273
2024-10-16 05:00:00+00:00,30.46284975,21.051975
2024-10-16 06:00:00+00:00,27.775973750000002,19.124859
2024-10-16 07:00:00+00:00,29.089891583333337,18.738718
2024-10-16 08:00:00+00:00,30.91221516666667,19.933144
2024-10-16 09:00:00+00:00,35.899387,22.068333
2024-10-16 10:00:00+00:00,63.30269125,24.909786
2024-10-16 11:00:00+00:00,87.30828191666666,29.116495
2024-10-16 12:00:00+00:00,51.51517708333334,32.03622
2024-10-16 13:00:00+00:00,33.53455308333333,32.424713
2024-10-16 14:00:00+00:00,33.30051008333333,31.46862
2024-10-16 15:00:00+00:00,31.86611175,29.723305
2024-10-16 16:00:00+00:00,30.38751291666666,27.693132
2024-10-16 17:00:00+00:00,29.678527416666668,25.897444
2024-10-16 18:00:00+00:00,29.30257191666667,24.59452
2024-10-16 19:00:00+00:00,29.13779591666666,30.220673
2024-10-16 20:00:00+00:00,32.66995358333333,33.54269
2024-10-16 21:00:00+00:00,46.36978833333333,40.21599
2024-10-16 22:00:00+00:00,66.43602716666668,47.74411
2024-10-16 23:00:00+00:00,74.742603,49.087273
2024-10-17 00:00:00+00:00,52.64494799999999,44.38783
2024-10-17 01:00:00+00:00,43.62907966666667,37.44842
2024-10-17 02:00:00+00:00,41.2788685,32.511997
2024-10-17 03:00:00+00:00,37.91394991666667,28.97067
2024-10-17 04:00:00+00:00,33.38842775,25.821167
2024-10-17 05:00:00+00:00,30.68261,23.29964
2024-10-17 06:00:00+00:00,28.545589250000006,21.796185
2024-10-17 07:00:00+00:00,28.085633833333336,21.59769
2024-10-17 08:00:00+00:00,30.029900916666662,22.729288
2024-10-17 09:00:00+00:00,30.823811666666668,24.786564
2024-10-17 10:00:00+00:00,63.3481345,27.814592
2024-10-17 11:00:00+00:00,104.79478366666667,32.074917
2024-10-17 12:00:00+00:00,50.0250335,34.561592
2024-10-17 13:00:00+00:00,31.979804916666666,34.609386
2024-10-17 14:00:00+00:00,30.91480166666667,33.38624
2024-10-17 15:00:00+00:00,27.234744583333338,31.544893
2024-10-17 16:00:00+00:00,26.133678,29.624447
2024-10-17 17:00:00+00:00,25.083120750000003,27.99712
2024-10-17 18:00:00+00:00,22.70969,26.801893
2024-10-17 19:00:00+00:00,21.95932375,25.90912
2024-10-17 20:00:00+00:00,24.097723000000006,28.290924
2024-10-17 21:00:00+00:00,35.28416883333333,33.24883
2024-10-17 22:00:00+00:00,67.971159,39.18376
2024-10-17 23:00:00+00:00,57.58213633333333,40.89748
2024-10-18 00:00:00+00:00,36.158109583333335,37.315258
2024-10-18 01:00:00+00:00,31.626779333333328,31.40041
2024-10-18 02:00:00+00:00,30.092000666666664,26.785788
2024-10-18 03:00:00+00:00,26.61596941666667,23.672045
2024-10-18 04:00:00+00:00,30.211814416666662,21.59616
2024-10-18 05:00:00+00:00,25.283593666666665,20.303307
2024-10-18 06:00:00+00:00,23.812625250000004,19.673018
2024-10-18 07:00:00+00:00,25.362709499999998,19.686117
2024-10-18 08:00:00+00:00,28.095802250000002,20.342096
2024-10-18 09:00:00+00:00,30.57463958333333,21.691097
2024-10-18 10:00:00+00:00,56.18370866666667,23.941814
2024-10-18 11:00:00+00:00,101.662321,26.874039
2024-10-18 12:00:00+00:00,42.3451305,28.852121
2024-10-18 13:00:00+00:00,28.117770500000002,29.055492
2024-10-18 14:00:00+00:00,27.592476500000004,28.161411
2024-10-18 15:00:00+00:00,25.787252583333334,26.88586
2024-10-18 16:00:00+00:00,25.287004,25.64901
2024-10-18 17:00:00+00:00,24.441991833333333,24.632511
2024-10-18 18:00:00+00:00,23.046237083333335,23.876646
2024-10-18 19:00:00+00:00,23.36813925,25.74398
2024-10-18 20:00:00+00:00,28.551234833333336,28.606823
2024-10-18 21:00:00+00:00,37.77286758333333,34.28488
2024-10-18 22:00:00+00:00,55.25334191666667,40.094166
2024-10-18 23:00:00+00:00,48.063881083333335,40.632835
2024-10-19 00:00:00+00:00,35.05504008333333,35.687748
2024-10-19 01:00:00+00:00,32.65462383333333,29.423954
2024-10-19 02:00:00+00:00,31.50735933333333,24.763783
2024-10-19 03:00:00+00:00,27.132316333333335,21.340767
2024-10-19 04:00:00+00:00,27.553231,18.848913
2024-10-19 05:00:00+00:00,27.56196608333333,17.119854
2024-10-19 06:00:00+00:00,24.670759083333333,16.080309
2024-10-19 07:00:00+00:00,26.857545166666664,15.774796
2024-10-19 08:00:00+00:00,28.474523166666668,16.282244
2024-10-19 09:00:00+00:00,29.957769083333336,17.690311
2024-10-19 10:00:00+00:00,34.330910083333336,20.201797
2024-10-19 11:00:00+00:00,53.05448325,23.725502
2024-10-19 12:00:00+00:00,37.73893808333333,26.242008
2024-10-19 13:00:00+00:00,22.95514025,26.643433
2024-10-19 14:00:00+00:00,20.74142325,25.784405
2024-10-19 15:00:00+00:00,20.689518916666668,24.465485
2024-10-19 16:00:00+00:00,20.375789083333334,23.186344
2024-10-19 17:00:00+00:00,19.48614325,22.186434
2024-10-19 18:00:00+00:00,19.503202833333336,21.519262
2024-10-19 19:00:00+00:00,20.598430916666665,23.800339
2024-10-19 20:00:00+00:00,25.40569675,26.290993
2024-10-19 21:00:00+00:00,38.0242625,30.824312
2024-10-19 22:00:00+00:00,53.62216808333333,35.52763
2024-10-19 23:00:00+00:00,45.13364008333333,35.6012
2024-10-20 00:00:00+00:00,34.83613916666667,30.679337
2024-10-20 01:00:00+00:00,30.406306333333333,25.332848
2024-10-20 02:00:00+00:00,28.54270916666667,21.30511
2024-10-20 03:00:00+00:00,23.112729166666668,18.175121
2024-10-20 04:00:00+00:00,19.676178500000002,15.838362
2024-10-20 05:00:00+00:00,18.7589865,14.178837
2024-10-20 06:00:00+00:00,16.08714966666667,13.108957
2024-10-20 07:00:00+00:00,15.490137416666668,12.6581135
2024-10-20 08:00:00+00:00,16.318948916666667,12.889927
2024-10-20 09:00:00+00:00,17.910622333333333,13.874088
2024-10-20 10:00:00+00:00,23.593628499999998,15.760044
2024-10-20 11:00:00+00:00,32.98931508333333,18.75324
2024-10-20 12:00:00+00:00,23.026264166666667,21.665298
2024-10-20 13:00:00+00:00,15.78063,22.673943
2024-10-20 14:00:00+00:00,17.14878925,22.17849
2024-10-20 15:00:00+00:00,17.42554975,21.068388
2024-10-20 16:00:00+00:00,18.135677500000003,19.915688
2024-10-20 17:00:00+00:00,17.823306083333332,19.002525
2024-10-20 18:00:00+00:00,17.38049475,18.404268
2024-10-20 19:00:00+00:00,18.873973666666668,21.933008
2024-10-20 20:00:00+00:00,24.44106016666667,24.92111
2024-10-20 21:00:00+00:00,42.244586250000005,31.707226
2024-10-20 22:00:00+00:00,60.50047766666666,38.57319
2024-10-20 23:00:00+00:00,47.679184666666664,38.747864
2024-10-21 00:00:00+00:00,30.596952333333338,32.557247
2024-10-21 01:00:00+00:00,25.4597065,25.392405
2024-10-21 02:00:00+00:00,21.743759916666665,20.41985
2024-10-21 03:00:00+00:00,18.609446583333337,16.934977
2024-10-21 04:00:00+00:00,17.557757833333334,14.555667
2024-10-21 05:00:00+00:00,15.168752249999999,13.076668
2024-10-21 06:00:00+00:00,14.491960166666667,12.438801
2024-10-21 07:00:00+00:00,15.251478833333332,12.740465
2024-10-21 08:00:00+00:00,17.343804833333337,14.167508
2024-10-21 09:00:00+00:00,23.70763716666667,17.145107
2024-10-21 10:00:00+00:00,44.355455750000004,22.73129
2024-10-21 11:00:00+00:00,75.73400041666666,29.660192
2024-10-21 12:00:00+00:00,43.60275016666665,32.88471
2024-10-21 13:00:00+00:00,28.262846083333333,32.486557
2024-10-21 14:00:00+00:00,29.361951583333333,30.298328
2024-10-21 15:00:00+00:00,31.06779858333333,27.525723
2024-10-21 16:00:00+00:00,32.371859916666665,24.965763
2024-10-21 17:00:00+00:00,34.481911000000004,22.990644
2024-10-21 18:00:00+00:00,34.39929575,21.649014
2024-10-21 19:00:00+00:00,33.36347675,34.916786
2024-10-21 20:00:00+00:00,42.13727233333334,39.15922
2024-10-21 21:00:00+00:00,67.77777916666666,46.55108
2024-10-21 22:00:00+00:00,82.4256395,51.018555
2024-10-21 23:00:00+00:00,58.38533508333333,48.186134
2024-10-22 00:00:00+00:00,39.304784416666664,41.044754
2024-10-22 01:00:00+00:00,34.595847416666665,34.94029
2024-10-22 02:00:00+00:00,27.543132000000004,30.115204
2024-10-22 03:00:00+00:00,23.66402283333333,25.727573
2024-10-22 04:00:00+00:00,18.381441833333334,21.850563
2024-10-22 05:00:00+00:00,15.274017916666667,18.916792
2024-10-22 06:00:00+00:00,14.453040583333335,17.087227
2024-10-22 07:00:00+00:00,14.784218000000001,16.56585
2024-10-22 08:00:00+00:00,15.944138833333335,17.592134
2024-10-22 09:00:00+00:00,20.332027,19.949245
2024-10-22 10:00:00+00:00,35.94285300000001,23.78202
2024-10-22 11:00:00+00:00,44.72746933333334,29.196356
2024-10-22 12:00:00+00:00,25.881088250000005,33.02506
2024-10-22 13:00:00+00:00,20.71778983333333,34.352924
2024-10-22 14:00:00+00:00,20.80860775,34.22654
2024-10-22 15:00:00+00:00,21.016722666666666,33.292625
2024-10-22 16:00:00+00:00,21.97881191666667,31.800653
2024-10-22 17:00:00+00:00,23.746591249999998,30.077963
2024-10-22 18:00:00+00:00,24.526705750000005,28.610794
2024-10-22 19:00:00+00:00,28.43072708333333,26.206932
2024-10-22 20:00:00+00:00,34.50321833333333,29.13365
2024-10-22 21:00:00+00:00,58.858696916666666,35.114567
2024-10-22 22:00:00+00:00,70.33752199999999,39.491547
2024-10-22 23:00:00+00:00,52.93115375,37.48982
2024-10-23 00:00:00+00:00,32.684786583333334,30.835413
2024-10-23 01:00:00+00:00,27.497956666666663,24.955498
2024-10-23 02:00:00+00:00,23.853081583333335,20.707718
2024-10-23 03:00:00+00:00,19.23515808333334,17.12196
2024-10-23 04:00:00+00:00,16.721943166666666,14.22859
2024-10-23 05:00:00+00:00,14.725941749999999,12.028351
2024-10-23 06:00:00+00:00,13.550712916666667,10.477205
2024-10-23 07:00:00+00:00,13.311065333333334,9.627945
2024-10-23 08:00:00+00:00,14.353905833333334,9.533413
2024-10-23 09:00:00+00:00,17.080248583333336,10.352011
2024-10-23 10:00:00+00:00,32.35079075,12.5610695
2024-10-23 11:00:00+00:00,41.313684083333335,16.953192
2024-10-23 12:00:00+00:00,31.779235,22.22481
2024-10-23 13:00:00+00:00,24.365703916666664,24.82131
2024-10-23 14:00:00+00:00,24.663666916666667,25.13837
2024-10-23 15:00:00+00:00,24.088368416666672,24.317175
2024-10-23 16:00:00+00:00,25.38877525,22.986319
2024-10-23 17:00:00+00:00,27.304282583333332,21.693161
2024-10-23 18:00:00+00:00,27.849532416666666,20.77921
2024-10-23 19:00:00+00:00,31.066281833333335,29.348446
2024-10-23 20:00:00+00:00,37.583494333333334,33.01967
2024-10-23 21:00:00+00:00,54.371525749999996,39.797497
2024-10-23 22:00:00+00:00,71.35787775,44.026634
2024-10-23 23:00:00+00:00,60.180696250000004,41.640465
2024-10-24 00:00:00+00:00,44.64250475,34.840916
2024-10-24 01:00:00+00:00,37.10821925,29.010359
2024-10-24 02:00:00+00:00,32.832738416666665,24.699583
2024-10-24 03:00:00+00:00,27.22225225,20.778664
2024-10-24 04:00:00+00:00,27.822268416666663,17.340748
2024-10-24 05:00:00+00:00,23.17036866666666,14.691815
2024-10-24 06:00:00+00:00,21.59450975,12.904793
2024-10-24 07:00:00+00:00,21.4543795,12.088451
2024-10-24 08:00:00+00:00,22.153673083333334,12.44121
2024-10-24 09:00:00+00:00,24.74468775,14.189045
2024-10-24 10:00:00+00:00,41.849648833333326,17.415169
2024-10-24 11:00:00+00:00,73.21747166666667,22.265808
2024-10-24 12:00:00+00:00,42.155840500000004,26.425137
2024-10-24 13:00:00+00:00,28.50762741666666,27.866367
2024-10-24 14:00:00+00:00,26.627571833333334,27.658691
2024-10-24 15:00:00+00:00,24.533375250000002,26.539497
2024-10-24 16:00:00+00:00,23.333780083333334,24.99304
2024-10-24 17:00:00+00:00,23.305490250000005,23.530571
2024-10-24 18:00:00+00:00,22.818450249999998,22.463009
2024-10-24 19:00:00+00:00,23.202586083333333,26.519238
2024-10-24 20:00:00+00:00,26.684477416666667,30.907784
2024-10-24 21:00:00+00:00,49.25982666666667,38.226
2024-10-24 22:00:00+00:00,71.126993,43.283962
2024-10-24 23:00:00+00:00,55.55625116666667,41.861828
2024-10-25 00:00:00+00:00,33.88010083333333,35.62271
2024-10-25 01:00:00+00:00,29.155679416666672,29.28
2024-10-25 02:00:00+00:00,25.932970583333336,25.067894
2024-10-25 03:00:00+00:00,21.401652333333335,21.66695
2024-10-25 04:00:00+00:00,24.991451583333333,18.579332
2024-10-25 05:00:00+00:00,22.684743833333332,16.089794
2024-10-25 06:00:00+00:00,20.712960083333336,14.348352
2024-10-25 07:00:00+00:00,22.605409,13.481094
2024-10-25 08:00:00+00:00,24.71999458333333,13.681007
2024-10-25 09:00:00+00:00,31.816781250000002,15.056469
2024-10-25 10:00:00+00:00,51.38904600000001,17.529406
2024-10-25 11:00:00+00:00,75.8028245,21.35339
2024-10-25 12:00:00+00:00,50.74204,25.19984
2024-10-25 13:00:00+00:00,32.68378275,26.50714
2024-10-25 14:00:00+00:00,31.577694333333334,25.985588
2024-10-25 15:00:00+00:00,28.85973266666667,24.583334
2024-10-25 16:00:00+00:00,28.618860416666667,22.930672
2024-10-25 17:00:00+00:00,27.730760833333335,21.472044
2024-10-25 18:00:00+00:00,27.386531916666666,20.396038
2024-10-25 19:00:00+00:00,27.314545,29.123566
2024-10-25 20:00:00+00:00,28.699077583333334,32.56815
2024-10-25 21:00:00+00:00,42.106638583333336,39.02122
2024-10-25 22:00:00+00:00,51.57652683333333,44.61489
2024-10-25 23:00:00+00:00,38.71320083333333,43.85531
2024-10-26 00:00:00+00:00,33.68877508333333,37.994434
2024-10-26 01:00:00+00:00,34.09549891666666,32.22375
2024-10-26 02:00:00+00:00,30.167864416666664,28.246162
2024-10-26 03:00:00+00:00,27.0236285,24.869167
2024-10-26 04:00:00+00:00,25.296825416666668,21.609276
2024-10-26 05:00:00+00:00,21.833567916666667,18.817638
2024-10-26 06:00:00+00:00,19.54982991666667,16.804546
2024-10-26 07:00:00+00:00,18.541478166666668,15.823841
2024-10-26 08:00:00+00:00,18.8000665,16.144001
2024-10-26 09:00:00+00:00,18.933807666666667,17.793377
2024-10-26 10:00:00+00:00,20.712904583333334,20.378208
2024-10-26 11:00:00+00:00,27.00347075,23.910717
2024-10-26 12:00:00+00:00,27.510181916666667,27.325994
2024-10-26 13:00:00+00:00,21.275472166666663,28.533588
2024-10-26 14:00:00+00:00,21.499294000000003,28.27438
2024-10-26 15:00:00+00:00,21.62364375,27.232517
2024-10-26 16:00:00+00:00,21.34141575,25.812355
2024-10-26 17:00:00+00:00,20.28335725,24.42577
2024-10-26 18:00:00+00:00,19.20690475,23.341473
2024-10-26 19:00:00+00:00,20.24391316666667,20.473812
2024-10-26 20:00:00+00:00,21.450867999999996,20.72078
2024-10-26 21:00:00+00:00,33.26153475,21.801374
2024-10-26 22:00:00+00:00,45.22120216666667,24.334448
2024-10-26 23:00:00+00:00,42.32584141666667,26.625462
2024-10-27 00:00:00+00:00,30.5450475,25.649494
2024-10-27 01:00:00+00:00,29.348323083333337,22.462757
2024-10-27 02:00:00+00:00,27.534654416666665,19.281036
2024-10-27 03:00:00+00:00,26.85469116666667,16.699205
2024-10-27 04:00:00+00:00,23.334159666666665,14.81514
2024-10-27 05:00:00+00:00,21.27796683333333,13.448376
2024-10-27 06:00:00+00:00,18.857475333333333,12.406925
2024-10-27 07:00:00+00:00,18.913882416666667,11.670803
2024-10-27 08:00:00+00:00,19.723749333333334,11.33127
2024-10-27 09:00:00+00:00,21.16907241666667,11.501892
2024-10-27 10:00:00+00:00,23.5303705,12.349398
2024-10-27 11:00:00+00:00,30.881754916666665,14.187897
2024-10-27 12:00:00+00:00,30.661739666666666,16.874847
2024-10-27 13:00:00+00:00,21.33851925,18.639446
2024-10-27 14:00:00+00:00,19.54357575,18.915936
2024-10-27 15:00:00+00:00,19.48358566666667,18.474092
2024-10-27 16:00:00+00:00,19.572494583333334,17.92179
2024-10-27 17:00:00+00:00,18.7385205,17.582382
2024-10-27 18:00:00+00:00,18.344408166666668,17.550056
2024-10-27 19:00:00+00:00,19.089213333333333,21.459843
2024-10-27 20:00:00+00:00,22.77243025,23.872272
2024-10-27 21:00:00+00:00,34.50447033333334,29.744467
2024-10-27 22:00:00+00:00,48.5575245,36.897274
2024-10-27 23:00:00+00:00,47.839602500000005,38.62479
2024-10-28 00:00:00+00:00,33.163483666666664,34.377304
2024-10-28 01:00:00+00:00,29.883511416666664,27.654026
2024-10-28 02:00:00+00:00,26.8621625,22.654507
2024-10-28 03:00:00+00:00,24.680023416666668,19.230232
2024-10-28 04:00:00+00:00,18.622421166666665,16.879875
2024-10-28 05:00:00+00:00,17.475378833333334,15.438744
2024-10-28 06:00:00+00:00,17.196746333333333,14.826248
2024-10-28 07:00:00+00:00,18.088293083333337,15.094354
2024-10-28 08:00:00+00:00,19.772173833333333,16.361412
2024-10-28 09:00:00+00:00,24.324124166666664,18.926437
2024-10-28 10:00:00+00:00,44.66118958333333,23.656782
2024-10-28 11:00:00+00:00,83.02918391666667,29.647337
2024-10-28 12:00:00+00:00,47.07373275,32.61949
2024-10-28 13:00:00+00:00,26.481625666666666,32.47262
2024-10-28 14:00:00+00:00,25.421307416666668,30.719362
2024-10-28 15:00:00+00:00,25.402533666666667,28.319727
2024-10-28 16:00:00+00:00,24.077905416666667,25.952564
2024-10-28 17:00:00+00:00,21.979204333333332,24.012077
2024-10-28 18:00:00+00:00,21.482169583333334,22.612152
2024-10-28 19:00:00+00:00,20.981543583333334,22.44313
2024-10-28 20:00:00+00:00,24.391271,24.519045
2024-10-28 21:00:00+00:00,34.74763866666667,29.530376
2024-10-28 22:00:00+00:00,49.197728583333344,36.30249
2024-10-28 23:00:00+00:00,36.316577833333334,38.184326
2024-10-29 00:00:00+00:00,27.64783058333333,34.78394
2024-10-29 01:00:00+00:00,26.029316249999997,28.74518
2024-10-29 02:00:00+00:00,21.521758416666668,24.207163
2024-10-29 03:00:00+00:00,19.64189275,21.120077
2024-10-29 04:00:00+00:00,15.834803916666665,18.651663
2024-10-29 05:00:00+00:00,14.408527249999999,16.832191
2024-10-29 06:00:00+00:00,13.9781125,15.758739
2024-10-29 07:00:00+00:00,13.973161249999999,15.582353
2024-10-29 08:00:00+00:00,15.009137916666667,16.433743
2024-10-29 09:00:00+00:00,17.714992416666664,18.305454
2024-10-29 10:00:00+00:00,32.008889833333335,21.695354
2024-10-29 11:00:00+00:00,46.942258,27.098719
2024-10-29 12:00:00+00:00,31.457752833333334,30.365944
2024-10-29 13:00:00+00:00,23.687642083333333,30.500896
2024-10-29 14:00:00+00:00,22.94662675,28.992538
2024-10-29 15:00:00+00:00,23.638819416666667,26.727333
2024-10-29 16:00:00+00:00,25.031682083333333,24.443333
2024-10-29 17:00:00+00:00,26.175614166666666,22.602486
2024-10-29 18:00:00+00:00,26.082747083333334,21.317753
2024-10-29 19:00:00+00:00,27.457707999999997,26.315845
2024-10-29 20:00:00+00:00,31.498426249999998,28.101652
2024-10-29 21:00:00+00:00,46.93353325,32.56147
2024-10-29 22:00:00+00:00,58.900636083333325,37.027252
2024-10-29 23:00:00+00:00,45.11394666666666,36.345673
2024-10-30 00:00:00+00:00,32.76449508333334,31.171753
2024-10-30 01:00:00+00:00,29.477839166666666,26.210476
2024-10-30 02:00:00+00:00,24.5079515,22.493052
2024-10-30 03:00:00+00:00,21.427890166666668,19.310993
2024-10-30 04:00:00+00:00,15.969401083333334,16.770351
2024-10-30 05:00:00+00:00,14.172618416666666,14.928564
2024-10-30 06:00:00+00:00,12.92342375,13.7131605
2024-10-30 07:00:00+00:00,12.637216083333334,13.13514
2024-10-30 08:00:00+00:00,13.225350583333332,13.307976
2024-10-30 09:00:00+00:00,15.666309666666663,14.507931
2024-10-30 10:00:00+00:00,25.974839500000005,17.149712
2024-10-30 11:00:00+00:00,31.540471416666666,21.736088
2024-10-30 12:00:00+00:00,27.07574116666667,26.000729
2024-10-30 13:00:00+00:00,20.943323166666666,27.572916
2024-10-30 14:00:00+00:00,20.93514683333333,27.46971
2024-10-30 15:00:00+00:00,21.694263416666672,26.497925
2024-10-30 16:00:00+00:00,24.906145833333333,25.099848
2024-10-30 17:00:00+00:00,26.12315175,23.733107
2024-10-30 18:00:00+00:00,26.52963516666666,22.7243
2024-10-30 19:00:00+00:00,27.435456416666668,26.850746
2024-10-30 20:00:00+00:00,32.35024333333333,28.996752
2024-10-30 21:00:00+00:00,46.907387,33.64128
2024-10-30 22:00:00+00:00,52.7560335,37.347366
2024-10-30 23:00:00+00:00,42.18086,35.919537
2024-10-31 00:00:00+00:00,30.404550333333333,30.609987
2024-10-31 01:00:00+00:00,26.95768208333334,25.836458
2024-10-31 02:00:00+00:00,21.7639815,22.09093
2024-10-31 03:00:00+00:00,19.581818833333333,18.783169
2024-10-31 04:00:00+00:00,19.628251203333335,16.11919
2024-10-31 05:00:00+00:00,19.674683573333333,14.165154
2024-10-31 06:00:00+00:00,19.721115943333334,12.8067
2024-11-01 04:00:00+00:00,20.742628083333333,12.028432
2024-11-01 05:00:00+00:00,18.93119766666667,11.879728
2024-11-01 06:00:00+00:00,17.47495541666667,12.550863
2024-11-01 07:00:00+00:00,17.464009416666666,14.459075
2024-11-01 08:00:00+00:00,18.66759191666667,18.069088
2024-11-01 09:00:00+00:00,21.00709041666667,22.292871
2024-11-01 10:00:00+00:00,32.28509125,24.539387
2024-11-01 11:00:00+00:00,44.39417041666667,25.08602
2024-11-01 12:00:00+00:00,42.73439375,24.807878
2024-11-01 13:00:00+00:00,35.46978241666667,24.044344
2024-11-01 14:00:00+00:00,33.64769891666666,23.072027
2024-11-01 15:00:00+00:00,33.362921,22.228893
2024-11-01 16:00:00+00:00,34.275118166666665,31.018894
2024-11-01 17:00:00+00:00,32.03373391666667,30.915703
2024-11-01 18:00:00+00:00,31.07578641666667,30.880993
2024-11-01 19:00:00+00:00,30.798278333333332,32.460533
2024-11-01 20:00:00+00:00,37.44764525,37.835484
2024-11-01 21:00:00+00:00,47.125707999999996,42.46851
2024-11-01 22:00:00+00:00,52.928942916666664,41.290165
2024-11-01 23:00:00+00:00,44.169428,38.357674
2024-11-02 00:00:00+00:00,34.88496708333333,34.874554
2024-11-02 01:00:00+00:00,35.91086325,30.989796
2024-11-02 02:00:00+00:00,34.06419575,27.212662
2024-11-02 03:00:00+00:00,28.970594166666668,23.66192
2024-11-02 04:00:00+00:00,30.401036,20.529125
2024-11-02 05:00:00+00:00,25.099353249999993,18.074604
2024-11-02 06:00:00+00:00,20.956569333333334,16.385075
2024-11-02 07:00:00+00:00,20.210785000000005,15.541559
2024-11-02 08:00:00+00:00,21.217781416666668,15.704877
2024-11-02 09:00:00+00:00,21.33603208333333,17.040012
2024-11-02 10:00:00+00:00,24.445605166666663,19.54465
2024-11-02 11:00:00+00:00,34.75086875,23.07386
2024-11-02 12:00:00+00:00,32.032348166666665,26.306627
2024-11-02 13:00:00+00:00,22.01221108333333,28.300089
2024-11-02 14:00:00+00:00,20.42791383333333,29.12798
2024-11-02 15:00:00+00:00,19.348650500000005,29.141462
2024-11-02 16:00:00+00:00,18.911410583333332,20.444431
2024-11-02 17:00:00+00:00,17.354042166666666,20.872965
2024-11-02 18:00:00+00:00,17.639715833333337,21.647884
2024-11-02 19:00:00+00:00,17.736932666666668,22.997473
2024-11-02 20:00:00+00:00,20.579621333333332,24.887154
2024-11-02 21:00:00+00:00,28.997780416666664,26.851015
2024-11-02 22:00:00+00:00,42.377919416666664,26.764797
2024-11-02 23:00:00+00:00,38.61589583333333,24.557539
2024-11-03 00:00:00+00:00,29.86712208333333,22.276854
2024-11-03 01:00:00+00:00,26.82991241666667,20.192865
2024-11-03 02:00:00+00:00,24.350895166666664,18.241262
2024-11-03 03:00:00+00:00,20.458469333333337,16.660473
2024-11-03 04:00:00+00:00,17.080966666666665,15.474747
2024-11-03 05:00:00+00:00,13.79472675,14.577685
2024-11-03 06:00:00+00:00,13.564381249999999,13.945186
2024-11-03 07:00:00+00:00,13.531180666666668,13.610734
2024-11-03 08:00:00+00:00,14.3200065,13.608434
2024-11-03 09:00:00+00:00,14.41450525,14.000506
2024-11-03 10:00:00+00:00,18.005529583333335,14.931271
2024-11-03 11:00:00+00:00,22.35403816666667,16.532694
2024-11-03 12:00:00+00:00,20.659680916666666,18.075989
2024-11-03 13:00:00+00:00,15.255525416666664,18.660059
2024-11-03 14:00:00+00:00,15.179953,18.552752
2024-11-03 15:00:00+00:00,14.296283083333332,18.176205
2024-11-03 16:00:00+00:00,14.000543666666667,13.436934
2024-11-03 17:00:00+00:00,14.280906333333334,13.049922
2024-11-03 18:00:00+00:00,14.312063083333333,13.250845
2024-11-03 19:00:00+00:00,14.935856916666669,14.781328
2024-11-03 20:00:00+00:00,17.149164833333337,17.786257
2024-11-03 21:00:00+00:00,31.02039566666667,21.788713
2024-11-03 22:00:00+00:00,39.35165791666667,25.007679
2024-11-03 23:00:00+00:00,30.093441249999998,24.51561
2024-11-04 00:00:00+00:00,24.608473333333333,21.501139
2024-11-04 01:00:00+00:00,21.993575916666668,18.468742
2024-11-04 02:00:00+00:00,20.236621500000002,16.126493
2024-11-04 03:00:00+00:00,19.331192333333338,14.522661
2024-11-04 04:00:00+00:00,17.759914833333333,13.521614
2024-11-04 05:00:00+00:00,13.669826333333333,12.989198
2024-11-04 06:00:00+00:00,13.597363000000001,12.891153
2024-11-04 07:00:00+00:00,12.073364833333335,13.260752
2024-11-04 08:00:00+00:00,12.246251166666667,14.182667
2024-11-04 09:00:00+00:00,14.260521416666666,15.857257
2024-11-04 10:00:00+00:00,18.832302833333337,18.387383
2024-11-04 11:00:00+00:00,37.063831416666666,20.838596
2024-11-04 12:00:00+00:00,32.56398825,21.912756
2024-11-04 13:00:00+00:00,25.14709675,21.685236
2024-11-04 14:00:00+00:00,20.757489166666666,20.810295
2024-11-04 15:00:00+00:00,21.437571916666666,19.771547
2024-11-04 16:00:00+00:00,22.4073925,20.799572
2024-11-04 17:00:00+00:00,23.52320875,19.996473
2024-11-04 18:00:00+00:00,23.980254499999997,19.3735
2024-11-04 19:00:00+00:00,24.382398166666665,19.584047
2024-11-04 20:00:00+00:00,25.362191333333328,21.867386
2024-11-04 21:00:00+00:00,32.832898666666665,27.305618
2024-11-04 22:00:00+00:00,50.40315208333333,32.690754
2024-11-04 23:00:00+00:00,38.958744,31.599985
2024-11-05 00:00:00+00:00,33.043037,27.129112
2024-11-05 01:00:00+00:00,25.111226916666666,23.412027
2024-11-05 02:00:00+00:00,21.100628833333335,20.35416
2024-11-05 03:00:00+00:00,19.172511083333337,17.715952
2024-11-05 04:00:00+00:00,15.816286166666664,15.644418
2024-11-05 05:00:00+00:00,15.568964916666664,14.169624
2024-11-05 06:00:00+00:00,13.858018333333334,13.327955
2024-11-05 07:00:00+00:00,12.711286583333333,13.310736
2024-11-05 08:00:00+00:00,12.606712416666667,14.293351
2024-11-05 09:00:00+00:00,14.799303583333336,16.238201
2024-11-05 10:00:00+00:00,18.354522499999998,19.44051
2024-11-05 11:00:00+00:00,27.402637916666666,24.552956
2024-11-05 12:00:00+00:00,29.127846583333334,27.67355
2024-11-05 13:00:00+00:00,22.47628016666667,27.88259
2024-11-05 14:00:00+00:00,20.215586916666666,26.61935
2024-11-05 15:00:00+00:00,20.957551416666668,24.619968
2024-11-05 16:00:00+00:00,22.435860083333335,20.559376
2024-11-05 17:00:00+00:00,25.18827875,20.381695
2024-11-05 18:00:00+00:00,27.77325983333333,20.631462
2024-11-05 19:00:00+00:00,28.612788,22.072233
2024-11-05 20:00:00+00:00,29.625717750000003,25.810238
2024-11-05 21:00:00+00:00,41.49108883333333,31.018963
2024-11-05 22:00:00+00:00,53.292114166666664,31.650051
2024-11-05 23:00:00+00:00,39.794296583333335,27.784863
2024-11-06 00:00:00+00:00,33.25484408333333,24.41624
2024-11-06 01:00:00+00:00,29.300840166666664,22.04456
2024-11-06 02:00:00+00:00,27.739367666666663,19.843904
2024-11-06 03:00:00+00:00,25.084236416666663,17.538485
2024-11-06 04:00:00+00:00,21.646619833333332,15.397055
2024-11-06 05:00:00+00:00,20.470515083333332,13.730343
2024-11-06 06:00:00+00:00,19.231944166666672,12.661376
2024-11-06 07:00:00+00:00,16.99792125,12.283724
2024-11-06 08:00:00+00:00,17.082732000000004,12.709571
2024-11-06 09:00:00+00:00,21.136379083333335,13.976764
2024-11-06 10:00:00+00:00,25.526455999999996,16.091152
2024-11-06 11:00:00+00:00,37.46721333333333,19.551474
2024-11-06 12:00:00+00:00,38.377691750000004,22.631529
2024-11-06 13:00:00+00:00,32.095269916666666,23.500378
2024-11-06 14:00:00+00:00,31.486525416666666,23.082396
2024-11-06 15:00:00+00:00,34.17636133333333,21.995695
2024-11-06 16:00:00+00:00,35.62771825,31.489532
2024-11-06 17:00:00+00:00,35.54390733333333,31.931759
2024-11-06 18:00:00+00:00,36.95059233333333,32.64967
2024-11-06 19:00:00+00:00,37.79520133333333,35.31536
2024-11-06 20:00:00+00:00,41.544767916666665,42.261284
2024-11-06 21:00:00+00:00,49.989167916666666,47.10215
2024-11-06 22:00:00+00:00,66.91752616666666,45.815956
2024-11-06 23:00:00+00:00,48.93984475,42.241936
2024-11-07 00:00:00+00:00,40.37339866666667,37.7526
2024-11-07 01:00:00+00:00,34.69020391666667,32.798645
2024-11-07 02:00:00+00:00,32.73374508333333,28.407476
2024-11-07 03:00:00+00:00,30.31651775,24.793562
2024-11-07 04:00:00+00:00,27.338815416666666,21.719975
2024-11-07 05:00:00+00:00,29.584413666666666,19.18518
2024-11-07 06:00:00+00:00,23.115925333333333,17.607624
2024-11-07 07:00:00+00:00,19.669099166666665,17.428223
2024-11-07 08:00:00+00:00,19.2197475,18.582748
2024-11-07 09:00:00+00:00,20.38619591666667,20.740097
2024-11-07 10:00:00+00:00,24.128579916666666,24.111115
2024-11-07 11:00:00+00:00,35.82954791666666,27.730276
2024-11-07 12:00:00+00:00,40.5933045,30.322079
2024-11-07 13:00:00+00:00,37.631204833333335,31.52247
2024-11-07 14:00:00+00:00,33.97003041666667,31.56908
2024-11-07 15:00:00+00:00,36.73070366666666,30.825178
2024-11-07 16:00:00+00:00,35.72349208333333,34.219738
2024-11-07 17:00:00+00:00,36.50778091666667,34.554523
2024-11-07 18:00:00+00:00,35.719927250000005,35.223625
2024-11-07 19:00:00+00:00,33.55912141666666,38.347565
2024-11-07 20:00:00+00:00,35.53904166666667,43.60205
2024-11-07 21:00:00+00:00,47.77448225,44.141933
2024-11-07 22:00:00+00:00,70.1493635,41.20536
2024-11-07 23:00:00+00:00,52.68651200000001,38.022705
2024-11-08 00:00:00+00:00,40.38739941666667,34.561687
2024-11-08 01:00:00+00:00,34.62225475,31.052963
2024-11-08 02:00:00+00:00,32.52243333333333,27.690157
2024-11-08 03:00:00+00:00,29.130953249999997,24.52965
2024-11-08 04:00:00+00:00,24.1109885,21.790419
2024-11-08 05:00:00+00:00,21.339899499999998,19.684904
2024-11-08 06:00:00+00:00,18.5023265,18.333342
2024-11-08 07:00:00+00:00,16.723679666666666,17.86556
2024-11-08 08:00:00+00:00,16.92757025,18.457848
2024-11-08 09:00:00+00:00,18.02408875,20.231316
2024-11-08 10:00:00+00:00,23.86760058333333,23.103065
2024-11-08 11:00:00+00:00,35.21976983333334,26.44421
2024-11-08 12:00:00+00:00,38.9773985,29.085867
2024-11-08 13:00:00+00:00,28.975730500000004,30.723724
2024-11-08 14:00:00+00:00,24.19646075,31.372776
2024-11-08 15:00:00+00:00,24.38076,31.265488
2024-11-08 16:00:00+00:00,22.774720999999996,23.947285
2024-11-08 17:00:00+00:00,23.945872249999997,23.520954
2024-11-08 18:00:00+00:00,23.478570333333334,23.533823
2024-11-08 19:00:00+00:00,23.304771083333335,24.440676
2024-11-08 20:00:00+00:00,26.444360166666666,26.620104
2024-11-08 21:00:00+00:00,36.62757858333333,29.976974
2024-11-08 22:00:00+00:00,49.334316666666666,32.219013
2024-11-08 23:00:00+00:00,35.46380991666667,30.704865
2024-11-09 00:00:00+00:00,28.184515166666664,27.671854
2024-11-09 01:00:00+00:00,25.18455091666667,25.039318
2024-11-09 02:00:00+00:00,24.897340083333333,22.76755
2024-11-09 03:00:00+00:00,22.7145055,20.905008
2024-11-09 04:00:00+00:00,18.578751750000002,19.471308
2024-11-09 05:00:00+00:00,19.26481933333333,18.34893
2024-11-09 06:00:00+00:00,17.337704,17.502773
2024-11-09 07:00:00+00:00,16.11774175,17.005184
2024-11-09 08:00:00+00:00,15.689046916666667,16.95642
2024-11-09 09:00:00+00:00,16.450995083333336,17.472973
2024-11-09 10:00:00+00:00,17.77684025,18.696856
2024-11-09 11:00:00+00:00,21.936812583333335,20.8251
2024-11-09 12:00:00+00:00,21.311563166666666,23.072437
2024-11-09 13:00:00+00:00,18.2135885,23.982723
2024-11-09 14:00:00+00:00,16.838509583333334,23.884115
2024-11-09 15:00:00+00:00,16.455802000000002,23.37212
2024-11-09 16:00:00+00:00,16.660369083333332,17.791653
2024-11-09 17:00:00+00:00,16.17452391666667,17.665459
2024-11-09 18:00:00+00:00,15.942171250000003,18.00285
2024-11-09 19:00:00+00:00,16.484592916666667,18.98994
2024-11-09 20:00:00+00:00,22.250656333333335,20.62893
2024-11-09 21:00:00+00:00,31.134973083333335,22.771614
2024-11-09 22:00:00+00:00,41.50110891666667,24.422937
2024-11-09 23:00:00+00:00,33.111577000000004,23.977556
2024-11-10 00:00:00+00:00,29.949225916666666,21.99204
2024-11-10 01:00:00+00:00,27.8672545,19.709375
2024-11-10 02:00:00+00:00,26.076189,17.566347
2024-11-10 03:00:00+00:00,26.04817325,15.832555
2024-11-10 04:00:00+00:00,24.38202033333333,14.584452
2024-11-10 05:00:00+00:00,18.867223166666665,13.724644
2024-11-10 06:00:00+00:00,19.304211416666664,13.191307
2024-11-10 07:00:00+00:00,16.378883500000004,13.00318
2024-11-10 08:00:00+00:00,18.073963333333335,13.192045
2024-11-10 09:00:00+00:00,19.301004166666672,13.787834
2024-11-10 10:00:00+00:00,18.97836225,14.878196
2024-11-10 11:00:00+00:00,18.777530416666668,16.515373
2024-11-10 12:00:00+00:00,19.227094250000004,18.0849
2024-11-10 13:00:00+00:00,19.150067833333335,18.710356
2024-11-10 14:00:00+00:00,19.863519583333332,18.504284
2024-11-10 15:00:00+00:00,23.243580333333334,17.952232
2024-11-10 16:00:00+00:00,22.030814916666667,22.659027
2024-11-10 17:00:00+00:00,22.52272341666666,23.41288
2024-11-10 18:00:00+00:00,22.008416666666662,24.99202
2024-11-10 19:00:00+00:00,20.807683083333334,27.924654
2024-11-10 20:00:00+00:00,22.943981500000003,32.11155
2024-11-10 21:00:00+00:00,29.482735166666668,38.103127
2024-11-10 22:00:00+00:00,36.892030416666664,40.361813
2024-11-10 23:00:00+00:00,31.887774833333335,36.50627
2024-11-11 00:00:00+00:00,27.593292833333333,32.109417
2024-11-11 01:00:00+00:00,26.080018416666665,28.877605
2024-11-11 02:00:00+00:00,21.246737083333333,26.006655
2024-11-11 03:00:00+00:00,20.184914750000004,22.966053
2024-11-11 04:00:00+00:00,16.383882083333333,19.916504
2024-11-11 05:00:00+00:00,12.88866525,17.43462
2024-11-11 06:00:00+00:00,12.405168916666668,15.891161
2024-11-11 07:00:00+00:00,11.980564833333332,15.565267
2024-11-11 08:00:00+00:00,12.211346916666665,16.618477
2024-11-11 09:00:00+00:00,12.391660666666667,18.86187
2024-11-11 10:00:00+00:00,15.700550000000003,22.244186
2024-11-11 11:00:00+00:00,25.786565833333334,27.528406
2024-11-11 12:00:00+00:00,27.60538375,31.293833
2024-11-11 13:00:00+00:00,26.285201999999998,31.89433
2024-11-11 14:00:00+00:00,22.586888833333333,30.908663
2024-11-11 15:00:00+00:00,22.761878999999997,28.99082
2024-11-11 16:00:00+00:00,22.505276166666665,22.2344
2024-11-11 17:00:00+00:00,22.500579166666668,21.667944
2024-11-11 18:00:00+00:00,22.179940583333334,21.215792
2024-11-11 19:00:00+00:00,21.94927625,21.509266
2024-11-11 20:00:00+00:00,23.678613333333335,23.684752
2024-11-11 21:00:00+00:00,34.58262908333334,28.195988
2024-11-11 22:00:00+00:00,54.67620366666668,30.473618
2024-11-11 23:00:00+00:00,35.695772166666664,28.080782
2024-11-12 00:00:00+00:00,29.496744416666672,25.25892
2024-11-12 01:00:00+00:00,27.876704833333335,22.981955
2024-11-12 02:00:00+00:00,25.058737583333336,20.75394
2024-11-12 03:00:00+00:00,25.20898083333333,18.600573
2024-11-12 04:00:00+00:00,20.15709266666667,16.853046
2024-11-12 05:00:00+00:00,19.301043000000004,15.578142
2024-11-12 06:00:00+00:00,17.346204750000002,14.716927
2024-11-12 07:00:00+00:00,14.944950500000001,14.308278
2024-11-12 08:00:00+00:00,15.120366833333334,14.457233
2024-11-12 09:00:00+00:00,18.170924333333335,15.284666
2024-11-12 10:00:00+00:00,20.9817865,16.906456
2024-11-12 11:00:00+00:00,36.95166841666667,19.77869
2024-11-12 12:00:00+00:00,34.9972675,22.828053
2024-11-12 13:00:00+00:00,24.7768205,23.99644
2024-11-12 14:00:00+00:00,22.242446,23.91229
2024-11-12 15:00:00+00:00,22.378175083333332,23.240213
2024-11-12 16:00:00+00:00,22.449696333333332,21.826777
2024-11-12 17:00:00+00:00,22.547281083333335,21.617912
2024-11-12 18:00:00+00:00,22.23045533333333,21.790524
2024-11-12 19:00:00+00:00,21.60764441666667,22.961681
2024-11-12 20:00:00+00:00,24.862024166666668,26.243116
2024-11-12 21:00:00+00:00,38.3934075,31.376404
2024-11-12 22:00:00+00:00,61.494187583333336,33.015892
2024-11-12 23:00:00+00:00,42.686937416666666,29.773607
2024-11-13 00:00:00+00:00,36.42848133333333,26.261393
2024-11-13 01:00:00+00:00,32.25755575,23.895811
2024-11-13 02:00:00+00:00,28.825236666666672,21.873201
2024-11-13 03:00:00+00:00,25.962191166666667,19.8003
2024-11-13 04:00:00+00:00,24.88384716666667,17.84916
2024-11-13 05:00:00+00:00,23.408169333333333,16.324207
2024-11-13 06:00:00+00:00,22.313678083333333,15.384277
2024-11-13 07:00:00+00:00,20.807787,15.171899
2024-11-13 08:00:00+00:00,21.529762833333333,15.7880535
2024-11-13 09:00:00+00:00,23.633044499999997,17.120068
2024-11-13 10:00:00+00:00,30.804925583333333,19.118303
2024-11-13 11:00:00+00:00,69.54119366666667,22.27794
2024-11-13 12:00:00+00:00,69.60070991666667,24.721529
2024-11-13 13:00:00+00:00,33.90454716666667,25.201382
2024-11-13 14:00:00+00:00,25.2985905,24.621132
2024-11-13 15:00:00+00:00,25.927055749999997,23.479155
2024-11-13 16:00:00+00:00,25.156114916666663,23.493061
2024-11-13 17:00:00+00:00,24.41261925,22.912497
2024-11-13 18:00:00+00:00,24.206354083333338,22.6549
2024-11-13 19:00:00+00:00,25.51720816666667,23.667452
2024-11-13 20:00:00+00:00,30.92763791666666,27.545164
2024-11-13 21:00:00+00:00,44.18154825,35.11731
2024-11-13 22:00:00+00:00,56.22323616666667,41.336662
2024-11-13 23:00:00+00:00,45.98397208333333,39.71135
2024-11-14 00:00:00+00:00,39.263169,34.895985
2024-11-14 01:00:00+00:00,34.321593666666665,31.109833
2024-11-14 02:00:00+00:00,30.789039166666665,27.939936
2024-11-14 03:00:00+00:00,27.089862583333332,24.731905
2024-11-14 04:00:00+00:00,24.371754583333335,21.543541
2024-11-14 05:00:00+00:00,23.75010175,19.002623
2024-11-14 06:00:00+00:00,22.31322283333333,17.704762
2024-11-14 07:00:00+00:00,20.86505658333333,17.898376
2024-11-14 08:00:00+00:00,20.774872416666664,19.23345
2024-11-14 09:00:00+00:00,22.212010000000003,21.153599
2024-11-14 10:00:00+00:00,25.045786416666672,23.982645
2024-11-14 11:00:00+00:00,39.827704250000004,27.433609
2024-11-14 12:00:00+00:00,49.68224958333334,28.821388
2024-11-14 13:00:00+00:00,43.125694,28.544643
2024-11-14 14:00:00+00:00,39.12762566666667,27.43513
2024-11-14 15:00:00+00:00,39.281028,25.858734
2024-11-14 16:00:00+00:00,37.21969116666667,33.9542
2024-11-14 17:00:00+00:00,36.8917315,32.119236
2024-11-14 18:00:00+00:00,34.55445325,30.18015
2024-11-14 19:00:00+00:00,31.241021416666666,29.79135
2024-11-14 20:00:00+00:00,31.99972875,31.895893
2024-11-14 21:00:00+00:00,36.865275000000004,36.164124
2024-11-14 22:00:00+00:00,49.497436916666665,38.74641
2024-11-14 23:00:00+00:00,41.32912483333334,38.313026
2024-11-15 00:00:00+00:00,35.87894433333333,35.875565
2024-11-15 01:00:00+00:00,33.57625341666667,32.083324
2024-11-15 02:00:00+00:00,32.069847,27.797747
2024-11-15 03:00:00+00:00,27.081910500000006,23.841566
2024-11-15 04:00:00+00:00,25.118852083333334,20.776684
2024-11-15 05:00:00+00:00,25.208833333333338,18.666515
2024-11-15 06:00:00+00:00,23.76467375,17.521793
2024-11-15 07:00:00+00:00,22.905853250000003,17.49119
2024-11-15 08:00:00+00:00,23.10024116666667,18.786629
2024-11-15 09:00:00+00:00,24.670487583333333,21.414867
2024-11-15 10:00:00+00:00,25.08597341666666,25.102777
2024-11-15 11:00:00+00:00,36.75627683333333,28.646303
2024-11-15 12:00:00+00:00,45.7750255,31.128227
2024-11-15 13:00:00+00:00,43.08841508333333,32.409275
2024-11-15 14:00:00+00:00,33.53070508333334,32.617813
2024-11-15 15:00:00+00:00,30.101648083333334,32.055508
2024-11-15 16:00:00+00:00,27.897948416666665,27.855145
2024-11-15 17:00:00+00:00,26.911209250000002,26.757896
2024-11-15 18:00:00+00:00,25.519321833333333,25.614815
2024-11-15 19:00:00+00:00,25.361336499999997,25.146069
2024-11-15 20:00:00+00:00,27.225506583333328,26.283434
2024-11-15 21:00:00+00:00,33.94111433333333,29.476227
2024-11-15 22:00:00+00:00,45.86489916666667,32.73377
2024-11-15 23:00:00+00:00,36.290031,32.496914
2024-11-16 00:00:00+00:00,31.7603885,30.232153
2024-11-16 01:00:00+00:00,29.334045333333336,27.685406
2024-11-16 02:00:00+00:00,28.2775225,25.035006
2024-11-16 03:00:00+00:00,24.497145083333333,22.663174
2024-11-16 04:00:00+00:00,23.413401500000003,20.837729
2024-11-16 05:00:00+00:00,24.95128591666667,19.479622
2024-11-16 06:00:00+00:00,21.852399666666667,18.444683
2024-11-16 07:00:00+00:00,21.385593583333332,17.76042
2024-11-16 08:00:00+00:00,21.225189333333333,17.52512
2024-11-16 09:00:00+00:00,20.986635,17.82438
2024-11-16 10:00:00+00:00,21.919059083333334,18.861317
2024-11-16 11:00:00+00:00,25.773195916666666,20.942558
2024-11-16 12:00:00+00:00,25.087300583333334,23.715569
2024-11-16 13:00:00+00:00,21.585747000000005,25.56147
2024-11-16 14:00:00+00:00,21.022069833333333,26.33159
2024-11-16 15:00:00+00:00,20.850314583333333,26.526567
2024-11-16 16:00:00+00:00,18.561365083333335,21.33743
2024-11-16 17:00:00+00:00,16.989395333333334,21.165127
2024-11-16 18:00:00+00:00,15.891380750000005,21.1305
2024-11-16 19:00:00+00:00,16.41854391666667,21.446941
2024-11-16 20:00:00+00:00,19.407751750000003,22.27317
2024-11-16 21:00:00+00:00,27.144880416666666,23.61448
2024-11-16 22:00:00+00:00,29.601793583333333,24.82412
2024-11-16 23:00:00+00:00,25.92443341666667,24.847519
2024-11-17 00:00:00+00:00,24.797098833333333,23.696007
2024-11-17 01:00:00+00:00,23.719427,22.146425
2024-11-17 02:00:00+00:00,22.734448499999996,20.708332
2024-11-17 03:00:00+00:00,20.297140250000005,19.601543
2024-11-17 04:00:00+00:00,19.345017250000005,18.818174
2024-11-17 05:00:00+00:00,20.040576083333338,18.26152
2024-11-17 06:00:00+00:00,19.137847333333337,17.88387
2024-11-17 07:00:00+00:00,17.485649750000004,17.712933
2024-11-17 08:00:00+00:00,17.56426416666667,17.79147
2024-11-17 09:00:00+00:00,18.43870375,18.149788
2024-11-17 10:00:00+00:00,20.09804216666667,18.85778
2024-11-17 11:00:00+00:00,23.70087325,19.997921
2024-11-17 12:00:00+00:00,23.654560916666664,21.132313
2024-11-17 13:00:00+00:00,20.102336500000003,21.570889
2024-11-17 14:00:00+00:00,19.01673841666667,21.425943
2024-11-17 15:00:00+00:00,20.097798166666667,21.070679
2024-11-17 16:00:00+00:00,21.607304416666665,19.112823
2024-11-17 17:00:00+00:00,22.712914999999995,18.52613
2024-11-17 18:00:00+00:00,23.114177749999996,18.079021
2024-11-17 19:00:00+00:00,23.929793083333333,18.382153
2024-11-17 20:00:00+00:00,26.294803833333333,19.87968
2024-11-17 21:00:00+00:00,34.069081833333335,22.542557
2024-11-17 22:00:00+00:00,43.00304641666667,25.896473
2024-11-17 23:00:00+00:00,35.991417750000004,27.166111
2024-11-18 00:00:00+00:00,32.19086875,25.417309
2024-11-18 01:00:00+00:00,31.758959166666667,23.01412
2024-11-18 02:00:00+00:00,27.706337,20.87738
2024-11-18 03:00:00+00:00,25.8325895,19.247704
2024-11-18 04:00:00+00:00,22.413826666666665,18.137745
2024-11-18 05:00:00+00:00,19.27741483333334,17.4376
2024-11-18 06:00:00+00:00,17.753052750000002,17.106884
2024-11-18 07:00:00+00:00,17.303154000000003,17.201078
2024-11-18 08:00:00+00:00,19.703047333333338,17.781345
2024-11-18 09:00:00+00:00,21.245370416666667,18.945448
2024-11-18 10:00:00+00:00,25.95160266666667,21.129341
2024-11-18 11:00:00+00:00,34.37362533333333,24.282835
2024-11-18 12:00:00+00:00,42.500390583333335,26.023634
2024-11-18 13:00:00+00:00,29.24066825,25.87713
2024-11-18 14:00:00+00:00,24.0461015,24.817646
2024-11-18 15:00:00+00:00,23.941568500000002,23.535557
2024-11-18 16:00:00+00:00,22.4735845,23.647642
2024-11-18 17:00:00+00:00,21.33775425,23.629623
2024-11-18 18:00:00+00:00,21.046395083333337,24.041403
2024-11-18 19:00:00+00:00,20.191928333333337,25.374144
2024-11-18 20:00:00+00:00,21.60935041666667,28.269117
2024-11-18 21:00:00+00:00,27.497400083333332,32.878662
2024-11-18 22:00:00+00:00,38.87794316666667,34.690536
2024-11-18 23:00:00+00:00,27.19229191666667,31.793467
2024-11-19 00:00:00+00:00,25.298052166666665,28.34481
2024-11-19 01:00:00+00:00,24.090498083333333,26.131184
2024-11-19 02:00:00+00:00,21.162041249999998,24.390566
2024-11-19 03:00:00+00:00,16.471561250000004,22.673008
2024-11-19 04:00:00+00:00,14.062671416666669,20.98417
2024-11-19 05:00:00+00:00,13.89603075,19.614738
2024-11-19 06:00:00+00:00,12.782274583333333,18.813463
2024-11-19 07:00:00+00:00,12.070551166666666,18.755022
2024-11-19 08:00:00+00:00,11.839039833333334,19.42678
2024-11-19 09:00:00+00:00,13.734560583333332,20.574688
2024-11-19 10:00:00+00:00,17.37474041666667,22.252073
2024-11-19 11:00:00+00:00,25.13339516666667,24.725092
2024-11-19 12:00:00+00:00,26.858438666666668,26.1995
2024-11-19 13:00:00+00:00,24.3736365,26.276714
2024-11-19 14:00:00+00:00,22.2700675,25.633804
2024-11-19 15:00:00+00:00,22.835881166666667,24.610872
2024-11-19 16:00:00+00:00,23.258413083333334,22.412828
2024-11-19 17:00:00+00:00,23.461517833333332,21.544418
2024-11-19 18:00:00+00:00,23.661952,20.6266
2024-11-19 19:00:00+00:00,24.05944975,20.335667
2024-11-19 20:00:00+00:00,26.05991883333333,21.375051
2024-11-19 21:00:00+00:00,31.773073666666665,23.850288
2024-11-19 22:00:00+00:00,50.87725633333332,25.244375
2024-11-19 23:00:00+00:00,43.11324041666666,24.12676
2024-11-20 00:00:00+00:00,37.06815475,22.377058
2024-11-20 01:00:00+00:00,32.22074583333333,20.51863
2024-11-20 02:00:00+00:00,29.062912749999995,18.694872
2024-11-20 03:00:00+00:00,24.623409416666664,17.196669
2024-11-20 04:00:00+00:00,22.18895791666667,16.112123
2024-11-20 05:00:00+00:00,17.525144416666667,15.323425
2024-11-20 06:00:00+00:00,15.903961000000002,14.770815
2024-11-20 07:00:00+00:00,12.90143225,14.479992
2024-11-20 08:00:00+00:00,12.645462416666668,14.496868
2024-11-20 09:00:00+00:00,14.751769083333334,14.9604645
2024-11-20 10:00:00+00:00,17.765362916666668,16.135801
2024-11-20 11:00:00+00:00,27.097563750000003,18.21059
2024-11-20 12:00:00+00:00,31.28019925,20.247643
2024-11-20 13:00:00+00:00,30.676942,21.254503
2024-11-20 14:00:00+00:00,28.884912416666666,21.57769
2024-11-20 15:00:00+00:00,27.317551499999997,21.507156
2024-11-20 16:00:00+00:00,23.64899266666667,26.1516
2024-11-20 17:00:00+00:00,22.17192425,25.465248
2024-11-20 18:00:00+00:00,22.559288499999997,24.776457
2024-11-20 19:00:00+00:00,20.78309775,24.961927
2024-11-20 20:00:00+00:00,20.070422333333333,27.627056
2024-11-20 21:00:00+00:00,23.841721083333336,32.75508
2024-11-20 22:00:00+00:00,32.27758683333334,34.51269
2024-11-20 23:00:00+00:00,28.994531,32.50773
2024-11-21 00:00:00+00:00,27.819841583333332,30.145971
2024-11-21 01:00:00+00:00,25.085087,27.585106
2024-11-21 02:00:00+00:00,21.233156666666666,24.651793
2024-11-21 03:00:00+00:00,17.742763999999998,21.691822
2024-11-21 04:00:00+00:00,15.242934166666666,19.23822
2024-11-21 05:00:00+00:00,16.907369583333338,17.503345
2024-11-21 06:00:00+00:00,16.208776166666667,16.452068
2024-11-21 07:00:00+00:00,15.952917416666667,16.194857
2024-11-21 08:00:00+00:00,16.41541283333333,16.899315
2024-11-21 09:00:00+00:00,17.894993916666667,18.474205
2024-11-21 10:00:00+00:00,21.290477916666667,21.066616
2024-11-21 11:00:00+00:00,31.031637333333332,24.628931
2024-11-21 12:00:00+00:00,34.45965566666667,26.810139
2024-11-21 13:00:00+00:00,26.791383,27.37236
2024-11-21 14:00:00+00:00,28.01574041666667,27.162891
2024-11-21 15:00:00+00:00,29.452725416666667,26.508749
2024-11-21 16:00:00+00:00,29.17263675,27.057903
2024-11-21 17:00:00+00:00,28.708013583333333,26.19939
2024-11-21 18:00:00+00:00,29.966187666666666,25.102589
2024-11-21 19:00:00+00:00,30.262689416666664,24.851528
2024-11-21 20:00:00+00:00,32.328419583333336,26.43446
2024-11-21 21:00:00+00:00,37.41745641666667,29.867321
2024-11-21 22:00:00+00:00,51.00514166666667,31.719742
2024-11-21 23:00:00+00:00,46.074216916666664,31.17499
2024-11-22 00:00:00+00:00,43.016214,29.329632
2024-11-22 01:00:00+00:00,41.724273583333336,26.61375
2024-11-22 02:00:00+00:00,35.67981366666667,23.646168
2024-11-22 03:00:00+00:00,31.21842558333333,20.849876
2024-11-22 04:00:00+00:00,28.469407499999996,18.569513
2024-11-22 05:00:00+00:00,27.68074725,16.94618
2024-11-22 06:00:00+00:00,27.06937125,16.017548
2024-11-22 07:00:00+00:00,24.813751416666666,15.900362
2024-11-22 08:00:00+00:00,24.726023833333333,16.706076
2024-11-22 09:00:00+00:00,25.641891583333333,18.366785
2024-11-22 10:00:00+00:00,29.289713916666663,20.848394
2024-11-22 11:00:00+00:00,47.18364941666667,23.455454
2024-11-22 12:00:00+00:00,54.86282533333334,25.293646
2024-11-22 13:00:00+00:00,36.38471358333333,26.197857
2024-11-22 14:00:00+00:00,33.269252,26.308006
2024-11-22 15:00:00+00:00,33.54131266666666,25.862215
2024-11-22 16:00:00+00:00,33.792204,31.631166
2024-11-22 17:00:00+00:00,33.53043433333333,31.030706
2024-11-22 18:00:00+00:00,34.07464791666667,30.194181
2024-11-22 19:00:00+00:00,34.46129991666667,30.262783
2024-11-22 20:00:00+00:00,35.0648105,32.525856
2024-11-22 21:00:00+00:00,41.42704191666667,37.346706
2024-11-22 22:00:00+00:00,58.022326500000005,39.931553
2024-11-22 23:00:00+00:00,43.21464783333334,38.956963
2024-11-23 00:00:00+00:00,38.25160725,36.661747
2024-11-23 01:00:00+00:00,37.18374691666667,33.513283
2024-11-23 02:00:00+00:00,35.93127508333333,30.17345
2024-11-23 03:00:00+00:00,34.8198715,26.997147
2024-11-23 04:00:00+00:00,31.538932916666667,24.073784
2024-11-23 05:00:00+00:00,31.450516916666672,21.720135
2024-11-23 06:00:00+00:00,28.23254583333333,20.334352
2024-11-23 07:00:00+00:00,27.111067333333335,20.22574
2024-11-23 08:00:00+00:00,26.833700500000003,21.25479
2024-11-23 09:00:00+00:00,26.840506333333334,22.934595
2024-11-23 10:00:00+00:00,26.887113333333332,25.645233
2024-11-23 11:00:00+00:00,29.173723416666665,28.84525
2024-11-23 12:00:00+00:00,33.89717425,30.618979
2024-11-23 13:00:00+00:00,31.589426833333338,31.072239
2024-11-23 14:00:00+00:00,29.279201333333333,30.794727
2024-11-23 15:00:00+00:00,29.151896416666666,30.062296
2024-11-23 16:00:00+00:00,27.702969416666665,27.86164
2024-11-23 17:00:00+00:00,26.61276808333333,27.646748
2024-11-23 18:00:00+00:00,25.466455166666666,27.51497
2024-11-23 19:00:00+00:00,25.253842916666667,28.003794
2024-11-23 20:00:00+00:00,29.162900249999996,29.591774
2024-11-23 21:00:00+00:00,35.16033125,31.993742
2024-11-23 22:00:00+00:00,47.04945291666667,32.914665
2024-11-23 23:00:00+00:00,36.9772275,31.773504
2024-11-24 00:00:00+00:00,36.43369058333334,30.26875
2024-11-24 01:00:00+00:00,36.879996,28.564833
2024-11-24 02:00:00+00:00,33.967342583333334,26.464176
2024-11-24 03:00:00+00:00,30.219796750000004,24.26274
2024-11-24 04:00:00+00:00,27.790498166666666,22.402512
2024-11-24 05:00:00+00:00,26.558136250000004,20.967892
2024-11-24 06:00:00+00:00,23.919459583333335,19.908787
2024-11-24 07:00:00+00:00,23.27971641666667,19.264458
2024-11-24 08:00:00+00:00,23.043002583333333,19.058441
2024-11-24 09:00:00+00:00,22.638533499999998,19.306412
2024-11-24 10:00:00+00:00,22.67249691666666,20.154888
2024-11-24 11:00:00+00:00,23.891580333333334,21.859104
2024-11-24 12:00:00+00:00,24.32512925,24.26519
2024-11-24 13:00:00+00:00,23.274968416666667,25.956432
2024-11-24 14:00:00+00:00,23.6077135,26.586956
2024-11-24 15:00:00+00:00,23.080079083333334,26.678465
2024-11-24 16:00:00+00:00,22.321096,23.061184
2024-11-24 17:00:00+00:00,21.98649383333333,23.076223
2024-11-24 18:00:00+00:00,21.873302749999997,23.521675
2024-11-24 19:00:00+00:00,21.407256416666666,24.848732
2024-11-24 20:00:00+00:00,24.554807583333332,26.909937
2024-11-24 21:00:00+00:00,34.37469125,29.46177
2024-11-24 22:00:00+00:00,45.3680695,31.31337
2024-11-24 23:00:00+00:00,31.904043500000004,30.477259
2024-11-25 00:00:00+00:00,30.149048333333337,28.175835
2024-11-25 01:00:00+00:00,31.194695499999998,26.053751
2024-11-25 02:00:00+00:00,27.477985833333335,24.360207
2024-11-25 03:00:00+00:00,24.310371,23.112038
2024-11-25 04:00:00+00:00,22.372091,22.275536
2024-11-25 05:00:00+00:00,21.449314666666666,21.770367
2024-11-25 06:00:00+00:00,21.87704408333333,21.566975
2024-11-25 07:00:00+00:00,21.432031833333337,21.680553
2024-11-25 08:00:00+00:00,22.285253000000004,22.14637
2024-11-25 09:00:00+00:00,23.018299166666665,23.06873
2024-11-25 10:00:00+00:00,26.944098999999998,24.641953
2024-11-25 11:00:00+00:00,48.776176666666665,26.590744
2024-11-25 12:00:00+00:00,49.77596991666667,27.77523
2024-11-25 13:00:00+00:00,31.66112933333333,27.826756
2024-11-25 14:00:00+00:00,27.575423999999998,27.23424
2024-11-25 15:00:00+00:00,26.425289583333335,26.454409
2024-11-25 16:00:00+00:00,24.926294916666667,25.992168
2024-11-25 17:00:00+00:00,24.45667441666667,25.467411
2024-11-25 18:00:00+00:00,24.1479125,25.172365
2024-11-25 19:00:00+00:00,24.341111666666666,25.627821
2024-11-25 20:00:00+00:00,26.688855083333333,27.625702
2024-11-25 21:00:00+00:00,30.978313166666666,31.637423
2024-11-25 22:00:00+00:00,43.74288191666667,35.43312
2024-11-25 23:00:00+00:00,32.54600475,34.781998
2024-11-26 00:00:00+00:00,29.915020166666665,31.31854
2024-11-26 01:00:00+00:00,28.499810083333333,28.414835
2024-11-26 02:00:00+00:00,25.47769275,26.191378
2024-11-26 03:00:00+00:00,22.98688316666667,24.342426
2024-11-26 04:00:00+00:00,20.06517875,22.891998
2024-11-26 05:00:00+00:00,18.91939591666667,21.83754
2024-11-26 06:00:00+00:00,18.082283666666665,21.220089
2024-11-26 07:00:00+00:00,16.857871,21.176651
2024-11-26 08:00:00+00:00,16.71812666666667,21.811338
2024-11-26 09:00:00+00:00,18.181110083333337,23.08901
2024-11-26 10:00:00+00:00,22.280865083333335,25.175827
2024-11-26 11:00:00+00:00,30.862190166666664,28.45394
2024-11-26 12:00:00+00:00,38.39877633333334,30.609156
2024-11-26 13:00:00+00:00,37.70916275,30.727774
2024-11-26 14:00:00+00:00,34.57722725,29.779694
2024-11-26 15:00:00+00:00,32.772799416666665,28.42301
2024-11-26 16:00:00+00:00,28.295469416666663,31.823002
2024-11-26 17:00:00+00:00,26.95635316666667,30.602913
2024-11-26 18:00:00+00:00,26.071443833333333,28.975418
2024-11-26 19:00:00+00:00,25.5739205,28.120949
2024-11-26 20:00:00+00:00,26.658591916666666,28.740932
2024-11-26 21:00:00+00:00,39.59304875,31.10264
2024-11-26 22:00:00+00:00,53.602766083333336,33.4394
2024-11-26 23:00:00+00:00,47.51800075,33.669838
2024-11-27 00:00:00+00:00,39.37737858333333,32.308056
2024-11-27 01:00:00+00:00,38.23424083333333,29.871222
2024-11-27 02:00:00+00:00,35.339547083333336,26.9377
2024-11-27 03:00:00+00:00,32.54321066666667,24.22393
2024-11-27 04:00:00+00:00,28.557563916666666,22.16998
2024-11-27 05:00:00+00:00,30.308691999999997,20.739716
2024-11-27 06:00:00+00:00,28.575942083333327,19.809921
2024-11-27 07:00:00+00:00,27.963188083333332,19.428574
2024-11-27 08:00:00+00:00,28.244555166666668,19.727648
2024-11-27 09:00:00+00:00,30.262516250000004,20.885563
2024-11-27 10:00:00+00:00,32.86772441666667,23.004768
2024-11-27 11:00:00+00:00,42.38254499999999,25.792925
2024-11-27 12:00:00+00:00,50.748296333333336,28.196428
2024-11-27 13:00:00+00:00,40.3648035,29.671814
2024-11-27 14:00:00+00:00,35.0022055,30.179775
2024-11-27 15:00:00+00:00,36.85913033333333,29.944777
2024-11-27 16:00:00+00:00,36.695817416666664,33.431763
2024-11-27 17:00:00+00:00,36.401052666666665,32.334362
2024-11-27 18:00:00+00:00,36.486247,31.01582
2024-11-27 19:00:00+00:00,35.2428695,30.498524
2024-11-27 20:00:00+00:00,35.989242,31.829456
2024-11-27 21:00:00+00:00,41.208944666666675,36.16182
2024-11-27 22:00:00+00:00,47.266192499999995,41.596424
2024-11-27 23:00:00+00:00,41.2028015,42.81134
2024-11-28 00:00:00+00:00,41.21039816666667,41.35984
2024-11-28 01:00:00+00:00,38.14139566666667,38.406017
2024-11-28 02:00:00+00:00,34.76006025,34.513554
2024-11-28 03:00:00+00:00,32.97134666666667,30.608438
2024-11-28 04:00:00+00:00,28.8471645,27.30741
2024-11-28 05:00:00+00:00,24.856528416666666,25.180305
2024-11-28 06:00:00+00:00,22.686277416666666,24.578144
2024-11-28 07:00:00+00:00,21.854201333333332,25.326036
2024-11-28 08:00:00+00:00,21.761675083333333,26.901821
2024-11-28 09:00:00+00:00,21.929341583333333,29.692295
2024-11-28 10:00:00+00:00,23.579282833333334,33.238945
2024-11-28 11:00:00+00:00,24.720369249999997,35.236275
2024-11-28 12:00:00+00:00,26.79634075,35.72125
2024-11-28 13:00:00+00:00,29.904619250000003,35.40772
2024-11-28 14:00:00+00:00,32.84026425,34.603905
2024-11-28 15:00:00+00:00,32.72158825,33.453117
2024-11-28 16:00:00+00:00,31.800819,31.412964
2024-11-28 17:00:00+00:00,27.79788975,30.344923
2024-11-28 18:00:00+00:00,25.020796166666667,29.21859
2024-11-28 19:00:00+00:00,22.622163666666665,28.861374
2024-11-28 20:00:00+00:00,22.45485583333333,29.947025
2024-11-28 21:00:00+00:00,24.92266275,32.342308
2024-11-28 22:00:00+00:00,26.486366,33.6814
2024-11-28 23:00:00+00:00,26.997166583333335,32.928165
2024-11-29 00:00:00+00:00,25.94114341666667,31.316856
2024-11-29 01:00:00+00:00,25.507443416666664,29.247065
2024-11-29 02:00:00+00:00,24.068520833333334,26.891531
2024-11-29 03:00:00+00:00,23.705513999999997,24.792599
2024-11-29 04:00:00+00:00,22.418479583333333,23.273495
2024-11-29 05:00:00+00:00,21.497456,22.180258
2024-11-29 06:00:00+00:00,20.891939416666666,21.344578
2024-11-29 07:00:00+00:00,20.1435485,20.796844
2024-11-29 08:00:00+00:00,20.270306583333333,20.628376
2024-11-29 09:00:00+00:00,21.443094416666668,20.98049
2024-11-29 10:00:00+00:00,23.9416115,22.157116
2024-11-29 11:00:00+00:00,27.315596083333332,24.470192
2024-11-29 12:00:00+00:00,28.593991083333332,27.32391
2024-11-29 13:00:00+00:00,24.88720591666667,29.284176
2024-11-29 14:00:00+00:00,22.6463565,30.16277
2024-11-29 15:00:00+00:00,22.044504166666666,30.329437
2024-11-29 16:00:00+00:00,21.764634583333333,22.054888
2024-11-29 17:00:00+00:00,21.744332166666666,21.479519
2024-11-29 18:00:00+00:00,21.698921416666664,21.160988
2024-11-29 19:00:00+00:00,21.68716541666667,21.333878
2024-11-29 20:00:00+00:00,23.6291325,22.156391
2024-11-29 21:00:00+00:00,30.12320683333333,23.709583
2024-11-29 22:00:00+00:00,39.602939,25.47889
2024-11-29 23:00:00+00:00,34.7423155,26.002743
2024-11-30 00:00:00+00:00,33.1986455,24.813324
2024-11-30 01:00:00+00:00,33.52141341666667,23.146152
2024-11-30 02:00:00+00:00,32.48233391666667,21.692047
2024-11-30 03:00:00+00:00,30.82683258333333,20.621365
2024-11-30 04:00:00+00:00,29.3944515,19.88647
2024-11-30 05:00:00+00:00,29.67344628,19.377338
2024-11-30 06:00:00+00:00,29.952441059999998,19.047966
2024-11-30 07:00:00+00:00,30.23143584,18.927517
2024-12-01 05:00:00+00:00,36.369321,19.06041
2024-12-01 06:00:00+00:00,34.86018058333333,19.485174
2024-12-01 07:00:00+00:00,33.27723791666667,20.299698
2024-12-01 08:00:00+00:00,32.774748333333335,21.60195
2024-12-01 09:00:00+00:00,32.916744916666666,22.78778
2024-12-01 10:00:00+00:00,31.937007416666663,23.12262
2024-12-01 11:00:00+00:00,33.678139083333335,22.85908
2024-12-01 12:00:00+00:00,38.31234775,22.425983
2024-12-01 13:00:00+00:00,36.7070885,35.971195
2024-12-01 14:00:00+00:00,34.38217641666667,35.1602
2024-12-01 15:00:00+00:00,33.61632758333334,33.359764
2024-12-01 16:00:00+00:00,33.064515166666666,31.704498
2024-12-01 17:00:00+00:00,30.89846475,30.519547
2024-12-01 18:00:00+00:00,28.70257525,29.750078
2024-12-01 19:00:00+00:00,29.330921,29.6297
2024-12-01 20:00:00+00:00,31.326704583333335,30.251759
2024-12-01 21:00:00+00:00,40.25912966666667,31.775576
2024-12-01 22:00:00+00:00,56.385406749999994,35.179092
2024-12-01 23:00:00+00:00,49.220713499999995,38.259987
2024-12-02 00:00:00+00:00,46.88335616666667,37.70642
2024-12-02 01:00:00+00:00,46.362113666666666,34.98363
2024-12-02 02:00:00+00:00,43.58105641666666,31.821291
2024-12-02 03:00:00+00:00,43.32164158333333,28.91902
2024-12-02 04:00:00+00:00,38.15117333333333,26.45701
2024-12-02 05:00:00+00:00,47.429806500000005,24.56094
2024-12-02 06:00:00+00:00,42.81084633333333,23.369904
2024-12-02 07:00:00+00:00,43.546397750000004,22.969402
2024-12-02 08:00:00+00:00,47.018351499999994,23.453035
2024-12-02 09:00:00+00:00,48.786335,24.843248
2024-12-02 10:00:00+00:00,53.37998391666666,26.989475
2024-12-02 11:00:00+00:00,79.13672883333334,29.427279
2024-12-02 12:00:00+00:00,139.33736075,31.590946
2024-12-02 13:00:00+00:00,63.84485275,66.289185
2024-12-02 14:00:00+00:00,49.042055,62.427727
2024-12-02 15:00:00+00:00,49.24634041666666,55.08349
2024-12-02 16:00:00+00:00,45.17125275,47.89222
2024-12-02 17:00:00+00:00,43.986066833333325,43.3702
2024-12-02 18:00:00+00:00,41.71261141666667,42.07084
2024-12-02 19:00:00+00:00,41.143793583333334,43.537712
2024-12-02 20:00:00+00:00,45.28706625,47.345314
2024-12-02 21:00:00+00:00,66.06305166666667,53.403755
2024-12-02 22:00:00+00:00,99.53470941666667,59.35497
2024-12-02 23:00:00+00:00,78.37981208333333,60.144096
2024-12-03 00:00:00+00:00,74.42280825,54.65683
2024-12-03 01:00:00+00:00,69.0872485,45.847187
2024-12-03 02:00:00+00:00,63.5529565,37.204765
2024-12-03 03:00:00+00:00,59.999237666666666,30.825138
2024-12-03 04:00:00+00:00,63.20616891666666,27.393131
2024-12-03 05:00:00+00:00,44.68754575,27.038551
2024-12-03 06:00:00+00:00,37.685348499999996,29.68097
2024-12-03 07:00:00+00:00,36.182714833333335,34.59211
2024-12-03 08:00:00+00:00,36.06558483333333,40.486263
2024-12-03 09:00:00+00:00,38.6644535,46.09618
2024-12-03 10:00:00+00:00,40.059378333333335,50.458992
2024-12-03 11:00:00+00:00,68.20516158333334,52.916023
2024-12-03 12:00:00+00:00,95.70749358333335,53.855125
2024-12-03 13:00:00+00:00,54.43032066666667,71.06991
2024-12-03 14:00:00+00:00,39.849670583333335,64.87755
2024-12-03 15:00:00+00:00,39.758866000000005,56.312557
2024-12-03 16:00:00+00:00,37.60873516666667,49.11419
2024-12-03 17:00:00+00:00,34.884954,44.18231
2024-12-03 18:00:00+00:00,33.312080916666666,41.907276
2024-12-03 19:00:00+00:00,31.374691666666667,42.35204
2024-12-03 20:00:00+00:00,33.63674066666667,45.30209
2024-12-03 21:00:00+00:00,44.32759999999999,50.775887
2024-12-03 22:00:00+00:00,74.74842149999999,57.10594
2024-12-03 23:00:00+00:00,49.93152658333333,59.162872
2024-12-04 00:00:00+00:00,43.968510583333334,54.900063
2024-12-04 01:00:00+00:00,41.88313683333334,47.234356
2024-12-04 02:00:00+00:00,38.032689999999995,39.28946
2024-12-04 03:00:00+00:00,33.956522416666665,32.91281
2024-12-04 04:00:00+00:00,32.03568583333333,28.65263
2024-12-04 05:00:00+00:00,35.33085716666667,26.25667
2024-12-04 06:00:00+00:00,34.51082316666666,25.36736
2024-12-04 07:00:00+00:00,33.367675416666664,25.994968
2024-12-04 08:00:00+00:00,32.81316691666667,28.601206
2024-12-04 09:00:00+00:00,33.539136750000004,33.33806
2024-12-04 10:00:00+00:00,35.295910166666665,39.073402
2024-12-04 11:00:00+00:00,69.82194933333334,44.05145
2024-12-04 12:00:00+00:00,86.04436858333335,47.51476
2024-12-04 13:00:00+00:00,42.850270916666666,70.545074
2024-12-04 14:00:00+00:00,35.77714758333334,64.35557
2024-12-04 15:00:00+00:00,33.610477,56.403793
2024-12-04 16:00:00+00:00,32.51858908333333,49.91617
2024-12-04 17:00:00+00:00,29.907528499999998,45.287025
2024-12-04 18:00:00+00:00,30.176839083333334,42.80618
2024-12-04 19:00:00+00:00,28.38718366666667,42.643898
2024-12-04 20:00:00+00:00,29.841047083333336,44.51712
2024-12-04 21:00:00+00:00,36.388933,48.406876
2024-12-04 22:00:00+00:00,45.058758583333336,53.659866
2024-12-04 23:00:00+00:00,38.93346716666667,56.93422
2024-12-05 00:00:00+00:00,34.712098,54.833824
2024-12-05 01:00:00+00:00,32.20285058333334,48.574787
2024-12-05 02:00:00+00:00,29.2505585,41.418594
2024-12-05 03:00:00+00:00,29.005866916666665,35.45955
2024-12-05 04:00:00+00:00,26.56187458333333,31.35505
2024-12-05 05:00:00+00:00,26.808673833333337,28.92541
2024-12-05 06:00:00+00:00,24.40611683333333,27.713133
2024-12-05 07:00:00+00:00,23.3523235,27.361912
2024-12-05 08:00:00+00:00,23.952715083333334,27.801125
2024-12-05 09:00:00+00:00,26.05984816666667,29.36995
2024-12-05 10:00:00+00:00,31.19653583333333,32.71539
2024-12-05 11:00:00+00:00,37.114431083333336,37.83751
2024-12-05 12:00:00+00:00,42.426326249999995,43.23999
2024-12-05 13:00:00+00:00,34.90503641666667,42.453213
2024-12-05 14:00:00+00:00,33.09607391666666,40.315536
2024-12-05 15:00:00+00:00,32.884260250000004,37.534462
2024-12-05 16:00:00+00:00,32.168195000000004,35.400375
2024-12-05 17:00:00+00:00,32.22479008333333,34.14873
2024-12-05 18:00:00+00:00,31.517321416666665,33.465466
2024-12-05 19:00:00+00:00,32.62627641666667,32.70433
2024-12-05 20:00:00+00:00,35.0370545,32.03787
2024-12-05 21:00:00+00:00,49.31031441666667,32.998917
2024-12-05 22:00:00+00:00,86.98055066666666,36.83411
2024-12-05 23:00:00+00:00,67.71272316666666,40.377605
2024-12-06 00:00:00+00:00,61.85938933333333,40.210613
2024-12-06 01:00:00+00:00,61.155024749999995,37.35689
2024-12-06 02:00:00+00:00,53.92660466666667,33.199398
2024-12-06 03:00:00+00:00,45.82479966666667,29.395584
2024-12-06 04:00:00+00:00,45.4983085,26.690594
2024-12-06 05:00:00+00:00,42.41503541666667,24.876547
2024-12-06 06:00:00+00:00,38.5985855,23.473972
2024-12-06 07:00:00+00:00,38.29611175,22.231953
2024-12-06 08:00:00+00:00,37.883076583333334,21.376772
2024-12-06 09:00:00+00:00,41.16633166666667,21.373121
2024-12-06 10:00:00+00:00,43.03371408333334,22.716434
2024-12-06 11:00:00+00:00,76.94882458333333,25.977425
2024-12-06 12:00:00+00:00,98.22176583333334,30.724754
2024-12-06 13:00:00+00:00,48.176506166666655,69.99155
2024-12-06 14:00:00+00:00,36.962201416666666,69.21138
2024-12-06 15:00:00+00:00,37.94943216666667,64.99912
2024-12-06 16:00:00+00:00,35.30510366666667,58.562813
2024-12-06 17:00:00+00:00,33.22288475,52.728573
2024-12-06 18:00:00+00:00,31.07590325,48.712166
2024-12-06 19:00:00+00:00,30.927531916666666,47.082603
2024-12-06 20:00:00+00:00,32.78776366666667,47.573586
2024-12-06 21:00:00+00:00,45.55283516666666,49.54312
2024-12-06 22:00:00+00:00,62.65486516666667,53.296143
2024-12-06 23:00:00+00:00,48.96801658333333,60.079895
2024-12-07 00:00:00+00:00,47.77924466666668,66.315414
2024-12-07 01:00:00+00:00,48.794749833333334,65.58255
2024-12-07 02:00:00+00:00,49.48743916666667,59.344555
2024-12-07 03:00:00+00:00,44.13867491666667,51.351616
2024-12-07 04:00:00+00:00,43.18251083333333,43.81156
2024-12-07 05:00:00+00:00,43.031228416666664,37.649433
2024-12-07 06:00:00+00:00,39.81783875,33.406998
2024-12-07 07:00:00+00:00,38.76311116666667,31.478798
2024-12-07 08:00:00+00:00,39.062753,32.10343
2024-12-07 09:00:00+00:00,40.33373125,35.138874
2024-12-07 10:00:00+00:00,41.544336333333334,39.78251
2024-12-07 11:00:00+00:00,52.49436766666666,44.96601
2024-12-07 12:00:00+00:00,63.87858358333333,49.747658
2024-12-07 13:00:00+00:00,42.66437675,53.865383
2024-12-07 14:00:00+00:00,31.04888508333333,49.71776
2024-12-07 15:00:00+00:00,29.199165250000004,44.7072
2024-12-07 16:00:00+00:00,28.326518666666665,40.740276
2024-12-07 17:00:00+00:00,25.699291333333335,37.858334
2024-12-07 18:00:00+00:00,23.97519525,36.21963
2024-12-07 19:00:00+00:00,22.654303916666663,35.874546
2024-12-07 20:00:00+00:00,24.427016333333327,36.531628
2024-12-07 21:00:00+00:00,31.546915,38.16646
2024-12-07 22:00:00+00:00,38.877177,41.12057
2024-12-07 23:00:00+00:00,34.82372083333333,44.95541
2024-12-08 00:00:00+00:00,33.982682833333335,46.794994
2024-12-08 01:00:00+00:00,33.381234,44.630905
2024-12-08 02:00:00+00:00,31.943770833333332,39.920414
2024-12-08 03:00:00+00:00,28.982736333333335,34.8795
2024-12-08 04:00:00+00:00,25.2488065,30.816338
2024-12-08 05:00:00+00:00,26.940413083333336,28.070723
2024-12-08 06:00:00+00:00,23.16466775,26.515034
2024-12-08 07:00:00+00:00,21.680390250000002,25.935585
2024-12-08 08:00:00+00:00,21.30546766666667,26.328747
2024-12-08 09:00:00+00:00,21.730555666666664,28.019342
2024-12-08 10:00:00+00:00,22.496217249999997,31.21114
2024-12-08 11:00:00+00:00,26.20499166666667,35.172256
2024-12-08 12:00:00+00:00,28.654802250000003,38.55481
2024-12-08 13:00:00+00:00,24.190480583333336,27.834694
2024-12-08 14:00:00+00:00,21.357253166666663,27.032936
2024-12-08 15:00:00+00:00,20.901888833333338,25.945232
2024-12-08 16:00:00+00:00,19.833439583333334,25.16664
2024-12-08 17:00:00+00:00,19.28054941666667,24.960598
2024-12-08 18:00:00+00:00,18.83704166666667,25.114485
2024-12-08 19:00:00+00:00,19.0818605,25.216347
2024-12-08 20:00:00+00:00,20.464409916666668,25.215427
2024-12-08 21:00:00+00:00,24.066065,25.590668
2024-12-08 22:00:00+00:00,29.9700145,27.231506
2024-12-08 23:00:00+00:00,27.035178333333338,29.927269
2024-12-09 00:00:00+00:00,26.002833083333332,31.304737
2024-12-09 01:00:00+00:00,25.632609416666668,30.670383
2024-12-09 02:00:00+00:00,24.49474591666667,28.736599
2024-12-09 03:00:00+00:00,22.777152583333333,26.189816
2024-12-09 04:00:00+00:00,19.242991583333332,23.947948
2024-12-09 05:00:00+00:00,19.841326499999997,22.35254
2024-12-09 06:00:00+00:00,19.197744500000002,21.287262
2024-12-09 07:00:00+00:00,19.000803250000004,20.624624
2024-12-09 08:00:00+00:00,19.436855583333333,20.449911
2024-12-09 09:00:00+00:00,20.375714416666664,20.916063
2024-12-09 10:00:00+00:00,21.37081625,22.111387
2024-12-09 11:00:00+00:00,31.348493000000005,24.279121
2024-12-09 12:00:00+00:00,35.835277,26.532873
2024-12-09 13:00:00+00:00,35.948004,37.430893
2024-12-09 14:00:00+00:00,35.823964833333335,36.570755
2024-12-09 15:00:00+00:00,36.55562008333333,34.48762
2024-12-09 16:00:00+00:00,35.58451825,32.47884
2024-12-09 17:00:00+00:00,34.360418833333334,31.144745
2024-12-09 18:00:00+00:00,32.43092016666667,30.260769
2024-12-09 19:00:00+00:00,30.508592583333336,29.337132
2024-12-09 20:00:00+00:00,27.72216383333333,28.634811
2024-12-09 21:00:00+00:00,31.664981416666667,29.423073
2024-12-09 22:00:00+00:00,38.590998416666665,33.138447
2024-12-09 23:00:00+00:00,33.802956,37.360012
2024-12-10 00:00:00+00:00,33.02388975,37.39839
2024-12-10 01:00:00+00:00,31.136917416666666,33.97272
2024-12-10 02:00:00+00:00,27.189755916666666,29.41615
2024-12-10 03:00:00+00:00,25.014239583333335,25.437145
2024-12-10 04:00:00+00:00,21.695148833333334,22.685902
2024-12-10 05:00:00+00:00,21.48048316666667,20.899502
2024-12-10 06:00:00+00:00,20.830938333333332,19.572739
2024-12-10 07:00:00+00:00,19.927662166666668,18.68623
2024-12-10 08:00:00+00:00,20.014387666666668,18.62886
2024-12-10 09:00:00+00:00,21.823596749999997,19.749172
2024-12-10 10:00:00+00:00,23.445070583333333,22.267527
2024-12-10 11:00:00+00:00,30.92382766666667,26.358154
2024-12-10 12:00:00+00:00,35.91028541666667,30.471094
2024-12-10 13:00:00+00:00,36.04909425,37.097214
2024-12-10 14:00:00+00:00,36.60489458333333,36.52867
2024-12-10 15:00:00+00:00,36.082755,34.516853
2024-12-10 16:00:00+00:00,33.81533433333333,32.00437
2024-12-10 17:00:00+00:00,32.80736666666667,29.861174
2024-12-10 18:00:00+00:00,31.57023425,28.261173
2024-12-10 19:00:00+00:00,28.6127365,27.56529
2024-12-10 20:00:00+00:00,28.038352999999997,28.040524
2024-12-10 21:00:00+00:00,33.003566,30.175842
2024-12-10 22:00:00+00:00,38.71993283333333,34.03685
2024-12-10 23:00:00+00:00,33.788589083333335,35.986973
2024-12-11 00:00:00+00:00,32.74074025,34.725445
2024-12-11 01:00:00+00:00,31.190596333333332,31.802105
2024-12-11 02:00:00+00:00,27.84679483333333,28.564335
2024-12-11 03:00:00+00:00,26.009580833333327,25.704353
2024-12-11 04:00:00+00:00,21.854263166666666,23.44604
2024-12-11 05:00:00+00:00,23.684915583333336,21.83555
2024-12-11 06:00:00+00:00,22.669602166666667,20.855816
2024-12-11 07:00:00+00:00,21.65593158333333,20.45311
2024-12-11 08:00:00+00:00,21.137701916666668,20.65615
2024-12-11 09:00:00+00:00,22.01998141666667,21.633158
2024-12-11 10:00:00+00:00,26.126302416666665,23.466518
2024-12-11 11:00:00+00:00,30.769040916666665,25.888212
2024-12-11 12:00:00+00:00,39.796924,28.252028
2024-12-11 13:00:00+00:00,39.37860625,37.646446
2024-12-11 14:00:00+00:00,37.793546666666664,36.364197
2024-12-11 15:00:00+00:00,36.47871025,33.727936
2024-12-11 16:00:00+00:00,32.90172333333333,30.914295
2024-12-11 17:00:00+00:00,31.9793035,28.76612
2024-12-11 18:00:00+00:00,31.813887083333327,27.517456
2024-12-11 19:00:00+00:00,30.868588833333334,27.338894
2024-12-11 20:00:00+00:00,31.460470916666665,28.2542
2024-12-11 21:00:00+00:00,36.95504158333333,30.577456
2024-12-11 22:00:00+00:00,50.163916750000006,34.07714
2024-12-11 23:00:00+00:00,45.6428415,35.757183
2024-12-12 00:00:00+00:00,42.8616765,34.272526
2024-12-12 01:00:00+00:00,41.688761250000006,31.11713
2024-12-12 02:00:00+00:00,38.31902291666667,27.753134
2024-12-12 03:00:00+00:00,34.46605091666667,24.961853
2024-12-12 04:00:00+00:00,27.08361066666667,22.970972
2024-12-12 05:00:00+00:00,26.650744250000002,21.731241
2024-12-12 06:00:00+00:00,25.549921666666666,21.111475
2024-12-12 07:00:00+00:00,25.72942983333333,21.046234
2024-12-12 08:00:00+00:00,28.860481583333332,21.63892
2024-12-12 09:00:00+00:00,29.589134750000003,23.05105
2024-12-12 10:00:00+00:00,34.77601991666666,25.182642
2024-12-12 11:00:00+00:00,50.50924275,27.566004
2024-12-12 12:00:00+00:00,71.14180858333333,29.670547
2024-12-12 13:00:00+00:00,42.470115,52.402157
2024-12-12 14:00:00+00:00,35.560764999999996,50.914562
2024-12-12 15:00:00+00:00,35.61949091666667,47.02462
2024-12-12 16:00:00+00:00,33.93389608333333,42.235752
2024-12-12 17:00:00+00:00,33.424644416666666,38.6725
2024-12-12 18:00:00+00:00,32.777372166666666,36.897755
2024-12-12 19:00:00+00:00,33.403954416666664,36.760624
2024-12-12 20:00:00+00:00,35.71590583333333,37.81137
2024-12-12 21:00:00+00:00,50.95272333333333,40.097412
2024-12-12 22:00:00+00:00,78.80843041666667,44.249622
2024-12-12 23:00:00+00:00,65.68781641666666,48.183502
2024-12-13 00:00:00+00:00,58.295415999999996,48.05616
2024-12-13 01:00:00+00:00,57.163063333333334,44.240837
2024-12-13 02:00:00+00:00,53.02762766666667,39.042995
2024-12-13 03:00:00+00:00,45.54122066666667,34.33338
2024-12-13 04:00:00+00:00,43.6089465,30.687748
2024-12-13 05:00:00+00:00,34.91778958333333,28.190634
2024-12-13 06:00:00+00:00,32.08759075,26.887674
2024-12-13 07:00:00+00:00,31.06748441666667,26.848717
2024-12-13 08:00:00+00:00,30.771074333333328,28.149559
2024-12-13 09:00:00+00:00,32.829238583333336,30.616205
2024-12-13 10:00:00+00:00,36.83458375,33.80837
2024-12-13 11:00:00+00:00,55.173192,37.136497
2024-12-13 12:00:00+00:00,88.68075950000001,40.171604
2024-12-13 13:00:00+00:00,47.43722733333333,61.525955
2024-12-13 14:00:00+00:00,38.14338108333333,56.472984
2024-12-13 15:00:00+00:00,33.68594175,49.021782
2024-12-13 16:00:00+00:00,32.20223191666667,43.022392
2024-12-13 17:00:00+00:00,30.560059250000002,39.15576
2024-12-13 18:00:00+00:00,30.24405308333333,37.410812
2024-12-13 19:00:00+00:00,30.693454249999995,37.617336
2024-12-13 20:00:00+00:00,32.18960475,39.290115
2024-12-13 21:00:00+00:00,37.56669316666667,42.3165
2024-12-13 22:00:00+00:00,51.14187291666667,47.163338
2024-12-13 23:00:00+00:00,43.23703591666666,52.437935
2024-12-14 00:00:00+00:00,39.12482816666667,53.413445
2024-12-14 01:00:00+00:00,37.787462999999995,49.296635
2024-12-14 02:00:00+00:00,36.11889358333333,43.048874
2024-12-14 03:00:00+00:00,32.233396166666665,37.0003
2024-12-14 04:00:00+00:00,29.01482316666667,32.18247
2024-12-14 05:00:00+00:00,29.041212083333335,28.89448
2024-12-14 06:00:00+00:00,27.828380499999998,27.051857
2024-12-14 07:00:00+00:00,25.449626083333328,26.541578
2024-12-14 08:00:00+00:00,25.021803916666666,27.503002
2024-12-14 09:00:00+00:00,26.06367333333333,30.117966
2024-12-14 10:00:00+00:00,26.25446775,33.978424
2024-12-14 11:00:00+00:00,30.93273308333333,38.0919
2024-12-14 12:00:00+00:00,34.851843,41.50556
2024-12-14 13:00:00+00:00,31.574774416666667,34.390327
2024-12-14 14:00:00+00:00,28.431955916666666,32.96895
2024-12-14 15:00:00+00:00,25.834980666666667,31.518833
2024-12-14 16:00:00+00:00,24.549853249999998,30.489225
2024-12-14 17:00:00+00:00,23.69649383333334,29.906624
2024-12-14 18:00:00+00:00,23.409383416666667,29.564823
2024-12-14 19:00:00+00:00,22.978210416666663,29.054573
2024-12-14 20:00:00+00:00,24.823076750000002,28.339058
2024-12-14 21:00:00+00:00,28.94991758333333,28.224253
2024-12-14 22:00:00+00:00,35.76170591666666,29.89128
2024-12-14 23:00:00+00:00,32.621301833333334,33.049572
2024-12-15 00:00:00+00:00,31.47462808333333,34.91032
2024-12-15 01:00:00+00:00,30.77663191666667,34.09071
2024-12-15 02:00:00+00:00,29.02728575,31.474525
2024-12-15 03:00:00+00:00,26.540185166666664,28.67133
2024-12-15 04:00:00+00:00,24.716723416666664,26.470882
2024-12-15 05:00:00+00:00,23.98131641666667,24.90537
2024-12-15 06:00:00+00:00,23.631365083333332,23.745415
2024-12-15 07:00:00+00:00,22.92327525,22.785713
2024-12-15 08:00:00+00:00,23.8557055,22.090658
2024-12-15 09:00:00+00:00,24.853362583333332,21.970835
2024-12-15 10:00:00+00:00,23.83976325,22.706417
2024-12-15 11:00:00+00:00,24.417021333333334,24.546997
2024-12-15 12:00:00+00:00,27.274205750000004,27.486078
2024-12-15 13:00:00+00:00,30.44081925,26.109657
2024-12-15 14:00:00+00:00,29.351233500000003,25.559822
2024-12-15 15:00:00+00:00,29.766047999999998,24.718845
2024-12-15 16:00:00+00:00,28.709242166666666,24.203037
2024-12-15 17:00:00+00:00,29.630652916666666,24.53096
2024-12-15 18:00:00+00:00,29.03288083333333,25.43917
2024-12-15 19:00:00+00:00,29.716595583333334,26.243286
2024-12-15 20:00:00+00:00,28.285189,27.008787
2024-12-15 21:00:00+00:00,32.13500116666667,27.979694
2024-12-15 22:00:00+00:00,40.758074083333334,30.13681
2024-12-15 23:00:00+00:00,32.65868458333333,33.590042
2024-12-16 00:00:00+00:00,31.02326275,34.815273
2024-12-16 01:00:00+00:00,29.731204916666666,33.78861
2024-12-16 02:00:00+00:00,26.561422166666663,31.081234
2024-12-16 03:00:00+00:00,23.47316825,27.346859
2024-12-16 04:00:00+00:00,20.672306416666668,24.20737
2024-12-16 05:00:00+00:00,19.148851833333335,22.093403
2024-12-16 06:00:00+00:00,18.929910916666667,20.790901
2024-12-16 07:00:00+00:00,18.304816833333337,20.173523
2024-12-16 08:00:00+00:00,17.839212916666668,20.360022
2024-12-16 09:00:00+00:00,18.14606725,21.48055
2024-12-16 10:00:00+00:00,20.295045583333334,23.76132
2024-12-16 11:00:00+00:00,28.453327916666662,28.031378
2024-12-16 12:00:00+00:00,35.095982666666664,32.117256
2024-12-16 13:00:00+00:00,34.916152333333336,36.200146
2024-12-16 14:00:00+00:00,34.96187166666667,35.472687
2024-12-16 15:00:00+00:00,35.245702666666666,33.619812
2024-12-16 16:00:00+00:00,31.592307499999997,31.565435
2024-12-16 17:00:00+00:00,29.1923405,29.98359
2024-12-16 18:00:00+00:00,27.293167,28.88419
2024-12-16 19:00:00+00:00,24.956699333333336,28.246632
2024-12-16 20:00:00+00:00,25.255476666666667,28.360628
2024-12-16 21:00:00+00:00,27.82653625,29.936346
2024-12-16 22:00:00+00:00,34.90846675,33.53126
2024-12-16 23:00:00+00:00,31.510337000000003,36.01304
2024-12-17 00:00:00+00:00,28.24725316666667,34.974434
2024-12-17 01:00:00+00:00,26.700529083333333,31.830723
2024-12-17 02:00:00+00:00,23.988450166666667,28.445576
2024-12-17 03:00:00+00:00,21.707200999999998,25.801176
2024-12-17 04:00:00+00:00,20.109700250000003,23.996193
2024-12-17 05:00:00+00:00,20.054325750000004,22.771599
2024-12-17 06:00:00+00:00,19.707455833333334,21.999607
2024-12-17 07:00:00+00:00,19.393328083333337,21.678877
2024-12-17 08:00:00+00:00,19.428714083333336,21.87119
2024-12-17 09:00:00+00:00,20.005462416666667,22.78586
2024-12-17 10:00:00+00:00,22.381153833333332,24.633305
2024-12-17 11:00:00+00:00,27.379154,27.276503
2024-12-17 12:00:00+00:00,35.105546833333335,29.99018
2024-12-17 13:00:00+00:00,33.5610035,35.661995
2024-12-17 14:00:00+00:00,29.847195499999998,34.514862
2024-12-17 15:00:00+00:00,28.45647441666667,32.034542
2024-12-17 16:00:00+00:00,27.450158666666667,29.532608
2024-12-17 17:00:00+00:00,27.312153249999994,27.687458
2024-12-17 18:00:00+00:00,26.597099083333333,26.527826
2024-12-17 19:00:00+00:00,26.835672666666667,26.154718
2024-12-17 20:00:00+00:00,28.041042083333334,26.55808
2024-12-17 21:00:00+00:00,34.526559666666664,27.933987
2024-12-17 22:00:00+00:00,47.002062333333335,30.61564
2024-12-17 23:00:00+00:00,41.410581666666666,32.875553
2024-12-18 00:00:00+00:00,37.783412500000004,32.38424
2024-12-18 01:00:00+00:00,36.621651,29.895184
2024-12-18 02:00:00+00:00,32.76148608333333,27.005234
2024-12-18 03:00:00+00:00,29.703592833333335,24.649958
2024-12-18 04:00:00+00:00,26.96138591666667,22.998531
2024-12-18 05:00:00+00:00,23.644350833333334,21.939102
2024-12-18 06:00:00+00:00,21.76984183333333,21.338263
2024-12-18 07:00:00+00:00,21.474666833333334,21.08548
2024-12-18 08:00:00+00:00,21.207744916666666,21.152163
2024-12-18 09:00:00+00:00,21.3744615,21.64616
2024-12-18 10:00:00+00:00,23.958796999999997,22.753283
2024-12-18 11:00:00+00:00,30.21469258333333,24.49184
2024-12-18 12:00:00+00:00,35.41004458333333,26.52173
2024-12-18 13:00:00+00:00,34.197315,36.319633
2024-12-18 14:00:00+00:00,32.940282583333335,36.217075
2024-12-18 15:00:00+00:00,33.65541175,35.09618
2024-12-18 16:00:00+00:00,33.03861883333333,33.368366
2024-12-18 17:00:00+00:00,31.249085500000003,31.769138
2024-12-18 18:00:00+00:00,30.172949166666665,30.456335
2024-12-18 19:00:00+00:00,29.83263558333333,29.852295
2024-12-18 20:00:00+00:00,28.868759999999998,30.741507
2024-12-18 21:00:00+00:00,33.98177008333334,34.04696
2024-12-18 22:00:00+00:00,40.82261908333333,37.234863
2024-12-18 23:00:00+00:00,37.0287605,37.20509
2024-12-19 00:00:00+00:00,34.932366916666666,34.967888
2024-12-19 01:00:00+00:00,32.905881083333334,31.89286
2024-12-19 02:00:00+00:00,30.227073,28.979855
2024-12-19 03:00:00+00:00,27.502782166666666,26.492598
2024-12-19 04:00:00+00:00,23.98760891666667,24.426065
2024-12-19 05:00:00+00:00,22.991195166666667,22.872986
2024-12-19 06:00:00+00:00,22.14606841666667,22.005402
2024-12-19 07:00:00+00:00,21.78342033333334,21.96539
2024-12-19 08:00:00+00:00,22.15518425,22.81834
2024-12-19 09:00:00+00:00,24.431732666666665,24.493824
2024-12-19 10:00:00+00:00,26.161904583333335,26.93265
2024-12-19 11:00:00+00:00,34.950091083333334,29.523935
2024-12-19 12:00:00+00:00,40.016898250000004,31.720617
2024-12-19 13:00:00+00:00,35.543022,38.404655
2024-12-19 14:00:00+00:00,30.079406833333334,37.814625
2024-12-19 15:00:00+00:00,29.841643083333334,36.128624
2024-12-19 16:00:00+00:00,28.649910583333334,34.112972
2024-12-19 17:00:00+00:00,28.45563941666667,32.46526
2024-12-19 18:00:00+00:00,27.255519500000002,31.492804
2024-12-19 19:00:00+00:00,26.639632583333338,31.606192
2024-12-19 20:00:00+00:00,28.22538641666667,33.29581
2024-12-19 21:00:00+00:00,32.2691705,36.829666
2024-12-19 22:00:00+00:00,41.660072166666666,38.819115
2024-12-19 23:00:00+00:00,37.6121595,37.665123
2024-12-20 00:00:00+00:00,36.91194575,34.94975
2024-12-20 01:00:00+00:00,35.08339083333333,32.00696
2024-12-20 02:00:00+00:00,33.51350816666667,29.369978
2024-12-20 03:00:00+00:00,30.87370608333333,27.10663
2024-12-20 04:00:00+00:00,28.383776583333333,25.241547
2024-12-20 05:00:00+00:00,24.350725666666666,23.929657
2024-12-20 06:00:00+00:00,24.505221083333335,23.287964
2024-12-20 07:00:00+00:00,22.97627266666667,23.396894
2024-12-20 08:00:00+00:00,21.967608583333334,24.35358
2024-12-20 09:00:00+00:00,23.004346416666667,26.076025
2024-12-20 10:00:00+00:00,25.677196583333334,28.225578
2024-12-20 11:00:00+00:00,29.565912166666667,30.290316
2024-12-20 12:00:00+00:00,34.92001666666666,32.11538
2024-12-20 13:00:00+00:00,35.839301999999996,35.50378
2024-12-20 14:00:00+00:00,37.161741666666664,34.811615
2024-12-20 15:00:00+00:00,40.080236416666665,33.335075
2024-12-20 16:00:00+00:00,38.424022666666666,31.770906
2024-12-20 17:00:00+00:00,35.7625275,30.513088
2024-12-20 18:00:00+00:00,34.93081225,29.50466
2024-12-20 19:00:00+00:00,34.095023833333336,29.012407
2024-12-20 20:00:00+00:00,34.11105233333333,29.563612
2024-12-20 21:00:00+00:00,35.604059,31.708168
2024-12-20 22:00:00+00:00,41.04686508333334,34.281387
2024-12-20 23:00:00+00:00,38.46816875,34.645496
2024-12-21 00:00:00+00:00,38.00571816666667,33.23436
2024-12-21 01:00:00+00:00,37.2108675,31.109802
2024-12-21 02:00:00+00:00,35.19618258333333,28.902817
2024-12-21 03:00:00+00:00,33.02199775,26.975834
2024-12-21 04:00:00+00:00,29.20229075,25.512516
2024-12-21 05:00:00+00:00,27.668295666666666,24.440256
2024-12-21 06:00:00+00:00,27.319328833333334,23.71439
2024-12-21 07:00:00+00:00,26.168863,23.38228
2024-12-21 08:00:00+00:00,26.467438916666666,23.512789
2024-12-21 09:00:00+00:00,26.315699249999998,24.261688
2024-12-21 10:00:00+00:00,27.865331166666664,25.74382
2024-12-21 11:00:00+00:00,29.007776083333336,27.71917
2024-12-21 12:00:00+00:00,35.26442,29.525848
2024-12-21 13:00:00+00:00,35.703172333333335,36.88908
2024-12-21 14:00:00+00:00,32.53249075,36.393272
2024-12-21 15:00:00+00:00,39.210142,35.07834
2024-12-21 16:00:00+00:00,37.195836666666665,33.59086
2024-12-21 17:00:00+00:00,35.969738916666664,32.3082
2024-12-21 18:00:00+00:00,33.666317166666666,31.188585
2024-12-21 19:00:00+00:00,33.05707783333333,30.545786
2024-12-21 20:00:00+00:00,35.76044375,30.794611
2024-12-21 21:00:00+00:00,43.004003000000004,32.31408
2024-12-21 22:00:00+00:00,54.87783533333334,35.12382
2024-12-21 23:00:00+00:00,52.37131041666667,36.301422
2024-12-22 00:00:00+00:00,48.560729333333335,35.32264
2024-12-22 01:00:00+00:00,49.54577075,33.433193
2024-12-22 02:00:00+00:00,47.32263425,31.376707
2024-12-22 03:00:00+00:00,42.97135408333333,29.454288
2024-12-22 04:00:00+00:00,41.020976833333336,27.865814
2024-12-22 05:00:00+00:00,46.52315024999999,26.665009
2024-12-22 06:00:00+00:00,43.20355475,25.776407
2024-12-22 07:00:00+00:00,41.347849583333335,25.20324
2024-12-22 08:00:00+00:00,40.60632866666666,24.979008
2024-12-22 09:00:00+00:00,38.41234016666667,25.166569
2024-12-22 10:00:00+00:00,38.05519825,25.939
2024-12-22 11:00:00+00:00,40.631432499999995,27.410982
2024-12-22 12:00:00+00:00,47.03124308333333,29.257555
2024-12-22 13:00:00+00:00,42.39787033333334,44.2345
2024-12-22 14:00:00+00:00,36.47478591666667,44.39324
2024-12-22 15:00:00+00:00,37.48059691666666,43.10521
2024-12-22 16:00:00+00:00,36.906001583333335,41.6156
2024-12-22 17:00:00+00:00,33.94789458333333,40.856255
2024-12-22 18:00:00+00:00,32.75196016666667,41.112663
2024-12-22 19:00:00+00:00,33.46966258333333,42.242252
2024-12-22 20:00:00+00:00,37.29705308333333,43.644714
2024-12-22 21:00:00+00:00,47.27061566666666,45.955658
2024-12-22 22:00:00+00:00,66.86463883333333,51.435974
2024-12-22 23:00:00+00:00,60.873777249999996,55.129333
2024-12-23 00:00:00+00:00,55.449981833333325,54.681656
2024-12-23 01:00:00+00:00,54.032837,51.66539
2024-12-23 02:00:00+00:00,51.064488833333336,46.793278
2024-12-23 03:00:00+00:00,46.652901083333326,41.64187
2024-12-23 04:00:00+00:00,43.21331516666666,37.379555
2024-12-23 05:00:00+00:00,39.47903908333333,34.4982
2024-12-23 06:00:00+00:00,38.79145416666667,33.362705
2024-12-23 07:00:00+00:00,37.93528766666667,34.072655
2024-12-23 08:00:00+00:00,38.03905366666667,36.73758
2024-12-23 09:00:00+00:00,40.010133833333335,41.137848
2024-12-23 10:00:00+00:00,44.58457283333333,44.47673
2024-12-23 11:00:00+00:00,65.44620266666666,45.714275
2024-12-23 12:00:00+00:00,85.71325999999999,45.664726
2024-12-23 13:00:00+00:00,50.46213433333333,62.21517
2024-12-23 14:00:00+00:00,39.13047508333333,60.18267
2024-12-23 15:00:00+00:00,37.7027165,55.42297
2024-12-23 16:00:00+00:00,36.740745249999996,50.161438
2024-12-23 17:00:00+00:00,34.947099916666666,46.312668
2024-12-23 18:00:00+00:00,36.02659191666667,44.41046
2024-12-23 19:00:00+00:00,37.74947191666667,44.425457
2024-12-23 20:00:00+00:00,40.194449166666665,45.97953
2024-12-23 21:00:00+00:00,49.75118758333333,49.09099
2024-12-23 22:00:00+00:00,65.74784958333333,53.971554
2024-12-23 23:00:00+00:00,57.66471133333334,57.7872
2024-12-24 00:00:00+00:00,49.75583208333333,56.747204
2024-12-24 01:00:00+00:00,48.49146191666667,51.684975
2024-12-24 02:00:00+00:00,45.408790083333336,45.388336
2024-12-24 03:00:00+00:00,43.85051791666667,39.96825
2024-12-24 04:00:00+00:00,40.30740083333333,36.186863
2024-12-24 05:00:00+00:00,31.97276791666667,34.07986
2024-12-24 06:00:00+00:00,30.667720250000002,33.568542
2024-12-24 07:00:00+00:00,30.45200125,34.709026
2024-12-24 08:00:00+00:00,30.279722083333336,37.382793
2024-12-24 09:00:00+00:00,30.97373566666667,40.995163
2024-12-24 10:00:00+00:00,35.35708783333333,44.723495
2024-12-24 11:00:00+00:00,38.50022166666667,48.002216
2024-12-24 12:00:00+00:00,41.39871800000001,50.616627
2024-12-24 13:00:00+00:00,41.72305758333334,43.5453
2024-12-24 14:00:00+00:00,37.735981833333334,42.411385
2024-12-24 15:00:00+00:00,31.904194833333335,41.06997
2024-12-24 16:00:00+00:00,31.10140075,39.821747
2024-12-24 17:00:00+00:00,29.099379666666668,38.746284
2024-12-24 18:00:00+00:00,27.977110916666664,37.84495
2024-12-24 19:00:00+00:00,28.276845083333335,36.973854
2024-12-24 20:00:00+00:00,28.007974666666666,36.36871
2024-12-24 21:00:00+00:00,33.19781208333333,37.003555
2024-12-24 22:00:00+00:00,38.04052608333333,39.37983
2024-12-24 23:00:00+00:00,37.41902525,41.33937
2024-12-25 00:00:00+00:00,35.554218666666664,41.28603
2024-12-25 01:00:00+00:00,33.65391916666667,39.535957
2024-12-25 02:00:00+00:00,31.01127108333333,36.92298
2024-12-25 03:00:00+00:00,27.797117583333332,34.57233
2024-12-25 04:00:00+00:00,25.78200316666667,32.910603
2024-12-25 05:00:00+00:00,26.1800515,31.804905
2024-12-25 06:00:00+00:00,24.10459608333333,30.981174
2024-12-25 07:00:00+00:00,23.70978433333333,30.272411
2024-12-25 08:00:00+00:00,23.785168666666667,29.779781
2024-12-25 09:00:00+00:00,24.0763995,29.765062
2024-12-25 10:00:00+00:00,24.6738225,30.491493
2024-12-25 11:00:00+00:00,24.352665083333335,32.24904
2024-12-25 12:00:00+00:00,29.262460916666672,34.97758
2024-12-25 13:00:00+00:00,28.109165666666666,31.18198
2024-12-25 14:00:00+00:00,26.564418083333333,30.777483
2024-12-25 15:00:00+00:00,25.678346416666663,30.547468
2024-12-25 16:00:00+00:00,25.903560583333334,30.73543
2024-12-25 17:00:00+00:00,25.099762249999998,31.104525
2024-12-25 18:00:00+00:00,25.02184875,31.33699
2024-12-25 19:00:00+00:00,25.104091083333337,31.782156
2024-12-25 20:00:00+00:00,25.14032316666667,32.6839
2024-12-25 21:00:00+00:00,29.146430083333332,33.942802
2024-12-25 22:00:00+00:00,32.534422166666666,35.400047
2024-12-25 23:00:00+00:00,31.64638941666667,35.91323
2024-12-26 00:00:00+00:00,30.360542666666664,35.342953
2024-12-26 01:00:00+00:00,29.684668333333335,33.64559
2024-12-26 02:00:00+00:00,27.368669999999998,30.883345
2024-12-26 03:00:00+00:00,26.74030908333333,28.259335
2024-12-26 04:00:00+00:00,25.23408541666667,26.33207
2024-12-26 05:00:00+00:00,26.329276250000007,25.009602
2024-12-26 06:00:00+00:00,24.089254499999996,24.09898
2024-12-26 07:00:00+00:00,23.81186575,23.563087
2024-12-26 08:00:00+00:00,24.52005433333333,23.49851
2024-12-26 09:00:00+00:00,24.87979058333333,23.982767
2024-12-26 10:00:00+00:00,25.996218499999998,25.113655
2024-12-26 11:00:00+00:00,29.646670583333332,27.03458
2024-12-26 12:00:00+00:00,33.36371358333333,28.824581
2024-12-26 13:00:00+00:00,35.83142133333333,33.83265
2024-12-26 14:00:00+00:00,33.93915175,33.699017
2024-12-26 15:00:00+00:00,32.69959625,33.384003
2024-12-26 16:00:00+00:00,29.92290816666667,33.106728
2024-12-26 17:00:00+00:00,27.327403416666666,32.89975
2024-12-26 18:00:00+00:00,25.458349916666666,32.701576
2024-12-26 19:00:00+00:00,26.443968333333334,32.487206
2024-12-26 20:00:00+00:00,26.721540333333333,32.362217
2024-12-26 21:00:00+00:00,31.280925583333328,33.311394
2024-12-26 22:00:00+00:00,38.39610175,36.24644
2024-12-26 23:00:00+00:00,32.67931425,38.055244
2024-12-27 00:00:00+00:00,30.6493555,37.58728
2024-12-27 01:00:00+00:00,30.05126866666667,35.476463
2024-12-27 02:00:00+00:00,29.552095333333327,32.51843
2024-12-27 03:00:00+00:00,28.638875916666667,29.451593
2024-12-27 04:00:00+00:00,25.476589166666667,26.912998
2024-12-27 05:00:00+00:00,26.084108083333334,25.09584
2024-12-27 06:00:00+00:00,24.999408666666668,23.838793
2024-12-27 07:00:00+00:00,23.783350499999997,23.12947
2024-12-27 08:00:00+00:00,24.386864,23.180187
2024-12-27 09:00:00+00:00,24.479141,24.097885
2024-12-27 10:00:00+00:00,26.54220091666667,25.78251
2024-12-27 11:00:00+00:00,30.06715691666667,28.356462
2024-12-27 12:00:00+00:00,32.73751491666667,30.630014
2024-12-27 13:00:00+00:00,31.80878525,32.90042
2024-12-27 14:00:00+00:00,30.3127885,32.69792
2024-12-27 15:00:00+00:00,29.45832058333333,31.796467
2024-12-27 16:00:00+00:00,27.707089999999997,30.674189
2024-12-27 17:00:00+00:00,26.882806583333334,29.73066
2024-12-27 18:00:00+00:00,26.81574075,28.943491
2024-12-27 19:00:00+00:00,26.891543,28.40547
2024-12-27 20:00:00+00:00,27.237480083333335,28.426083
2024-12-27 21:00:00+00:00,29.026104333333333,29.36151
2024-12-27 22:00:00+00:00,31.6327495,31.341007
2024-12-27 23:00:00+00:00,29.62748483333333,32.57497
2024-12-28 00:00:00+00:00,27.17496583333333,32.14925
2024-12-28 01:00:00+00:00,26.032691083333333,30.782614
2024-12-28 02:00:00+00:00,24.19628216666667,29.111614
2024-12-28 03:00:00+00:00,22.170732833333332,27.494003
2024-12-28 04:00:00+00:00,19.87336316666667,26.158817
2024-12-28 05:00:00+00:00,21.551244250000003,25.165428
2024-12-28 06:00:00+00:00,19.659954,24.472849
2024-12-28 07:00:00+00:00,17.457044083333333,24.084152
2024-12-28 08:00:00+00:00,18.404540583333333,24.020834
2024-12-28 09:00:00+00:00,19.567284833333332,24.363684
2024-12-28 10:00:00+00:00,20.10940091666667,25.220097
2024-12-28 11:00:00+00:00,20.81201683333333,26.509176
2024-12-28 12:00:00+00:00,21.535537833333333,27.81735
2024-12-28 13:00:00+00:00,23.344353833333333,22.470722
2024-12-28 14:00:00+00:00,24.35245433333333,22.503233
2024-12-28 15:00:00+00:00,27.396499583333334,22.511585
2024-12-28 16:00:00+00:00,28.24688325,22.535381
2024-12-28 17:00:00+00:00,27.483964083333333,22.52982
2024-12-28 18:00:00+00:00,26.53497941666667,22.545471
2024-12-28 19:00:00+00:00,26.05775833333334,22.65683
2024-12-28 20:00:00+00:00,26.55914175,22.877691
2024-12-28 21:00:00+00:00,28.213389333333335,23.202282
2024-12-28 22:00:00+00:00,34.8535975,23.72005
2024-12-28 23:00:00+00:00,33.10227533333333,24.330889
2024-12-29 00:00:00+00:00,31.058935,24.529789
2024-12-29 01:00:00+00:00,29.4603855,23.961182
2024-12-29 02:00:00+00:00,26.740303666666666,23.027893
2024-12-29 03:00:00+00:00,25.215052083333337,22.196045
2024-12-29 04:00:00+00:00,21.944081416666666,21.58006
2024-12-29 05:00:00+00:00,17.616637083333334,21.160475
2024-12-29 06:00:00+00:00,16.861669916666667,20.89436
2024-12-29 07:00:00+00:00,15.801347500000002,20.756786
2024-12-29 08:00:00+00:00,15.327101833333336,20.746336
2024-12-29 09:00:00+00:00,15.25391175,20.867834
2024-12-29 10:00:00+00:00,15.577824999999999,21.125319
2024-12-29 11:00:00+00:00,16.214104000000003,21.488546
2024-12-29 12:00:00+00:00,17.5139395,21.81757
2024-12-29 13:00:00+00:00,19.695727333333338,17.823439
2024-12-29 14:00:00+00:00,20.258278833333335,18.844742
2024-12-29 15:00:00+00:00,20.897097916666667,20.34793
2024-12-29 16:00:00+00:00,22.15222691666667,22.613844
2024-12-29 17:00:00+00:00,20.872274166666667,25.260902
2024-12-29 18:00:00+00:00,20.42701791666667,27.658836
2024-12-29 19:00:00+00:00,20.172323916666667,30.28278
2024-12-29 20:00:00+00:00,19.640802250000004,33.037163
2024-12-29 21:00:00+00:00,24.44495691666667,34.878265
2024-12-29 22:00:00+00:00,28.65730775,35.549915
2024-12-29 23:00:00+00:00,25.695325749999995,34.897633
2024-12-30 00:00:00+00:00,24.322671916666668,32.855637
2024-12-30 01:00:00+00:00,22.974748083333335,29.705627
2024-12-30 02:00:00+00:00,20.700328083333332,26.427603
2024-12-30 03:00:00+00:00,19.06201241666667,23.720348
2024-12-30 04:00:00+00:00,17.373452833333335,21.621555
2024-12-30 05:00:00+00:00,16.14390291666667,20.032806
2024-12-30 06:00:00+00:00,14.828780916666668,18.97454
2024-12-30 07:00:00+00:00,14.880138166666667,18.387703
2024-12-30 08:00:00+00:00,14.891707333333335,18.151869
2024-12-30 09:00:00+00:00,15.857411166666667,18.185387
2024-12-30 10:00:00+00:00,17.265736166666667,18.453753
2024-12-30 11:00:00+00:00,21.92984541666667,18.94133
2024-12-30 12:00:00+00:00,28.192753749999998,19.593575
2024-12-30 13:00:00+00:00,25.468604166666665,30.330673
2024-12-30 14:00:00+00:00,23.71137225,30.320675
2024-12-30 15:00:00+00:00,21.9153455,29.219757
2024-12-30 16:00:00+00:00,20.949898416666667,27.585997
2024-12-30 17:00:00+00:00,20.708988583333333,26.143171
2024-12-30 18:00:00+00:00,20.921270583333335,25.067755
2024-12-30 19:00:00+00:00,20.261934666666665,24.51464
2024-12-30 20:00:00+00:00,22.950859499999996,24.871391
2024-12-30 21:00:00+00:00,30.475154416666665,27.15849
2024-12-30 22:00:00+00:00,40.21702666666667,31.011248
2024-12-30 23:00:00+00:00,33.48690833333333,31.921879
2024-12-31 00:00:00+00:00,31.147302916666668,30.054234
2024-12-31 01:00:00+00:00,29.14050316666667,26.999527
2024-12-31 02:00:00+00:00,25.98629191666667,24.121725
2024-12-31 03:00:00+00:00,22.413256750000002,21.795826
2024-12-31 04:00:00+00:00,19.260775416666668,19.995436
2024-12-31 05:00:00+00:00,19.32274375333333,18.686525
2024-12-31 06:00:00+00:00,19.384712089999997,17.875282
2024-12-31 07:00:00+00:00,19.446680426666664,17.600958
2025-01-01 05:00:00+00:00,20.809983833333334,17.943865
2025-01-01 06:00:00+00:00,20.473414333333334,18.986357
2025-01-01 07:00:00+00:00,19.824463166666664,20.81958
2025-01-01 08:00:00+00:00,19.843298166666667,23.378477
2025-01-01 09:00:00+00:00,19.87171375,25.929039
2025-01-01 10:00:00+00:00,20.152845083333336,25.318369
2025-01-01 11:00:00+00:00,20.860821833333333,26.978018
2025-01-01 12:00:00+00:00,24.9038355,27.878256
2025-01-01 13:00:00+00:00,23.948010666666665,28.015879
2025-01-01 14:00:00+00:00,22.696275,27.495564
2025-01-01 15:00:00+00:00,22.66781725,26.561785
2025-01-01 16:00:00+00:00,22.6771615,25.44869
2025-01-01 17:00:00+00:00,22.288147916666663,24.560438
2025-01-01 18:00:00+00:00,22.043376,24.097754
2025-01-01 19:00:00+00:00,22.211121000000002,24.648369
2025-01-01 20:00:00+00:00,22.908905750000002,27.791353
2025-01-01 21:00:00+00:00,25.898492916666672,30.929234
2025-01-01 22:00:00+00:00,31.94259025,31.050827
2025-01-01 23:00:00+00:00,31.93897,29.501915
2025-01-02 00:00:00+00:00,31.668655833333332,27.344856
2025-01-02 01:00:00+00:00,31.577849499999996,24.966574
2025-01-02 02:00:00+00:00,29.635718333333337,22.58151
2025-01-02 03:00:00+00:00,29.301638999999994,20.603525
2025-01-02 04:00:00+00:00,27.3888195,19.15536
2025-01-02 05:00:00+00:00,24.732709583333328,18.073221
2025-01-02 06:00:00+00:00,23.44310341666667,17.29898
2025-01-02 07:00:00+00:00,23.228544083333333,16.914227
2025-01-02 08:00:00+00:00,23.3149895,16.986761
2025-01-02 09:00:00+00:00,24.648573333333335,17.598347
2025-01-02 10:00:00+00:00,27.74556541666666,27.207455
2025-01-02 11:00:00+00:00,36.52670116666666,29.661737
2025-01-02 12:00:00+00:00,45.0134645,31.527458
2025-01-02 13:00:00+00:00,36.77272525,32.333313
2025-01-02 14:00:00+00:00,33.703393416666664,32.19305
2025-01-02 15:00:00+00:00,32.60500616666667,31.32552
2025-01-02 16:00:00+00:00,31.515715916666668,30.353611
2025-01-02 17:00:00+00:00,29.04979966666667,29.578545
2025-01-02 18:00:00+00:00,28.779192833333337,28.747343
2025-01-02 19:00:00+00:00,28.767341583333334,28.1318
2025-01-02 20:00:00+00:00,28.824178833333335,28.53484
2025-01-02 21:00:00+00:00,36.19769208333333,30.80411
2025-01-02 22:00:00+00:00,51.000391750000006,33.62625
2025-01-02 23:00:00+00:00,43.38363458333334,33.46961
2025-01-03 00:00:00+00:00,38.49756775,31.91209
2025-01-03 01:00:00+00:00,37.597876500000005,29.84616
2025-01-03 02:00:00+00:00,36.32955641666667,27.533073
2025-01-03 03:00:00+00:00,33.36682425,25.287888
2025-01-03 04:00:00+00:00,30.304658166666666,23.33605
2025-01-03 05:00:00+00:00,27.114762666666667,21.820219
2025-01-03 06:00:00+00:00,26.476197083333336,20.992619
2025-01-03 07:00:00+00:00,25.30615316666666,20.914873
2025-01-03 08:00:00+00:00,25.114425833333332,21.358652
2025-01-03 09:00:00+00:00,25.14889475,22.360886
2025-01-03 10:00:00+00:00,27.16330716666667,29.584284
2025-01-03 11:00:00+00:00,33.922539083333334,31.889418
2025-01-03 12:00:00+00:00,38.61420725,32.746784
2025-01-03 13:00:00+00:00,35.54838591666667,32.223732
2025-01-03 14:00:00+00:00,31.552479916666666,30.771765
2025-01-03 15:00:00+00:00,31.568984083333337,28.931543
2025-01-03 16:00:00+00:00,30.106810083333333,27.447697
2025-01-03 17:00:00+00:00,28.594572666666664,26.544474
2025-01-03 18:00:00+00:00,27.260491666666667,25.961882
2025-01-03 19:00:00+00:00,26.718784916666667,25.713572
2025-01-03 20:00:00+00:00,28.00812925,27.145773
2025-01-03 21:00:00+00:00,31.26508158333333,31.134224
2025-01-03 22:00:00+00:00,40.05259291666667,34.09368
2025-01-03 23:00:00+00:00,38.82637366666667,33.88667
2025-01-04 00:00:00+00:00,36.71140325,31.584991
2025-01-04 01:00:00+00:00,36.138477,28.684223
2025-01-04 02:00:00+00:00,34.618349916666666,26.030228
2025-01-04 03:00:00+00:00,33.05659083333333,23.884766
2025-01-04 04:00:00+00:00,30.832932666666665,22.30972
2025-01-04 05:00:00+00:00,33.29029983333333,21.160439
2025-01-04 06:00:00+00:00,32.61799991666667,20.313986
2025-01-04 07:00:00+00:00,31.819982333333336,19.870056
2025-01-04 08:00:00+00:00,32.391233,19.98939
2025-01-04 09:00:00+00:00,33.48253691666667,20.65485
2025-01-04 10:00:00+00:00,33.31016408333333,35.320267
2025-01-04 11:00:00+00:00,37.786812833333336,36.26011
2025-01-04 12:00:00+00:00,43.369024333333336,36.417313
2025-01-04 13:00:00+00:00,39.2120085,35.615685
2025-01-04 14:00:00+00:00,34.889798750000004,34.346203
2025-01-04 15:00:00+00:00,34.308323666666666,32.895355
2025-01-04 16:00:00+00:00,33.58934683333333,31.347895
2025-01-04 17:00:00+00:00,32.565264666666664,29.920153
2025-01-04 18:00:00+00:00,30.76061041666667,28.926853
2025-01-04 19:00:00+00:00,29.666777083333333,28.512297
2025-01-04 20:00:00+00:00,30.86575016666667,28.740843
2025-01-04 21:00:00+00:00,37.27554166666667,29.90611
2025-01-04 22:00:00+00:00,48.56244375,32.54178
2025-01-04 23:00:00+00:00,44.13605008333334,34.637306
2025-01-05 00:00:00+00:00,41.68293375,34.11363
2025-01-05 01:00:00+00:00,40.71675083333333,32.282806
2025-01-05 02:00:00+00:00,40.26806716666667,30.045267
2025-01-05 03:00:00+00:00,39.46368641666667,27.915588
2025-01-05 04:00:00+00:00,36.99038041666667,26.357342
2025-01-05 05:00:00+00:00,35.924405916666664,25.536438
2025-01-05 06:00:00+00:00,34.26925683333334,25.358498
2025-01-05 07:00:00+00:00,32.99949491666667,25.694456
2025-01-05 08:00:00+00:00,34.304566,26.374355
2025-01-05 09:00:00+00:00,34.49210158333333,27.579096
2025-01-05 10:00:00+00:00,35.07587958333333,34.43388
2025-01-05 11:00:00+00:00,37.33825791666667,35.424374
2025-01-05 12:00:00+00:00,43.58182183333333,36.099255
2025-01-05 13:00:00+00:00,38.352564083333334,36.18317
2025-01-05 14:00:00+00:00,31.87832566666666,35.86463
2025-01-05 15:00:00+00:00,32.40567491666666,35.339527
2025-01-05 16:00:00+00:00,32.280565,34.600296
2025-01-05 17:00:00+00:00,31.838928749999997,33.671497
2025-01-05 18:00:00+00:00,31.048245166666664,32.669407
2025-01-05 19:00:00+00:00,30.63199983333333,31.901905
2025-01-05 20:00:00+00:00,30.40173975,31.71105
2025-01-05 21:00:00+00:00,33.50421983333333,32.40878
2025-01-05 22:00:00+00:00,39.46935525,34.824425
2025-01-05 23:00:00+00:00,37.2639395,37.912796
2025-01-06 00:00:00+00:00,35.35074591666667,38.340355
2025-01-06 01:00:00+00:00,34.097755166666666,36.701458
2025-01-06 02:00:00+00:00,31.611911333333335,34.33106
2025-01-06 03:00:00+00:00,30.222862333333335,32.190727
2025-01-06 04:00:00+00:00,27.975668916666667,30.778687
2025-01-06 05:00:00+00:00,28.013565916666664,30.130692
2025-01-06 06:00:00+00:00,27.57629825,30.101593
2025-01-06 07:00:00+00:00,26.41006808333333,30.482784
2025-01-06 08:00:00+00:00,26.623309250000005,31.119335
2025-01-06 09:00:00+00:00,27.33693166666667,32.260193
2025-01-06 10:00:00+00:00,31.607448916666666,29.967075
2025-01-06 11:00:00+00:00,39.99351858333333,31.76132
2025-01-06 12:00:00+00:00,44.95773025,33.11797
2025-01-06 13:00:00+00:00,47.83678033333332,33.64804
2025-01-06 14:00:00+00:00,50.29178625000001,33.060196
2025-01-06 15:00:00+00:00,53.17146341666666,32.014404
2025-01-06 16:00:00+00:00,51.22796966666667,31.152056
2025-01-06 17:00:00+00:00,50.664786166666666,30.680838
2025-01-06 18:00:00+00:00,48.15184425,30.487724
2025-01-06 19:00:00+00:00,46.98578341666666,30.440882
2025-01-06 20:00:00+00:00,45.00601191666666,30.834478
2025-01-06 21:00:00+00:00,45.859438250000004,32.119137
2025-01-06 22:00:00+00:00,57.59557924999999,33.994873
2025-01-06 23:00:00+00:00,52.944223416666674,35.014416
2025-01-07 00:00:00+00:00,50.264214083333336,34.230156
2025-01-07 01:00:00+00:00,49.41413941666667,32.249283
2025-01-07 02:00:00+00:00,44.59458316666667,30.38993
2025-01-07 03:00:00+00:00,40.809975083333335,29.059265
2025-01-07 04:00:00+00:00,38.206883833333336,28.127136
2025-01-07 05:00:00+00:00,38.69734883333333,27.519794
2025-01-07 06:00:00+00:00,38.718570416666665,27.179924
2025-01-07 07:00:00+00:00,38.66915183333334,27.06621
2025-01-07 08:00:00+00:00,38.033960083333334,27.167978
2025-01-07 09:00:00+00:00,39.63717525,27.497139
2025-01-07 10:00:00+00:00,45.45650975,42.53942
2025-01-07 11:00:00+00:00,62.29112708333333,45.593346
2025-01-07 12:00:00+00:00,86.81202524999998,48.53712
2025-01-07 13:00:00+00:00,61.476219583333325,50.435284
2025-01-07 14:00:00+00:00,49.872834833333336,51.13433
2025-01-07 15:00:00+00:00,57.150254499999996,50.58644
2025-01-07 16:00:00+00:00,49.47351575,49.431366
2025-01-07 17:00:00+00:00,48.3809445,48.40251
2025-01-07 18:00:00+00:00,45.76295791666667,47.339508
2025-01-07 19:00:00+00:00,43.77936558333334,45.958614
2025-01-07 20:00:00+00:00,45.12633575,44.7819
2025-01-07 21:00:00+00:00,51.60054291666666,45.139763
2025-01-07 22:00:00+00:00,69.42685466666667,48.518124
2025-01-07 23:00:00+00:00,67.17670016666666,52.575073
2025-01-08 00:00:00+00:00,59.81655116666666,52.424953
2025-01-08 01:00:00+00:00,57.88704008333334,50.547672
2025-01-08 02:00:00+00:00,53.08265958333334,47.974464
2025-01-08 03:00:00+00:00,50.08650191666666,44.819027
2025-01-08 04:00:00+00:00,47.40160758333334,41.56416
2025-01-08 05:00:00+00:00,45.92237383333333,38.575493
2025-01-08 06:00:00+00:00,43.12527191666667,36.20227
2025-01-08 07:00:00+00:00,42.872318166666666,34.939026
2025-01-08 08:00:00+00:00,42.412338000000005,34.86927
2025-01-08 09:00:00+00:00,43.207808166666666,35.61945
2025-01-08 10:00:00+00:00,46.801769666666665,51.853294
2025-01-08 11:00:00+00:00,63.48416499999999,58.83672
2025-01-08 12:00:00+00:00,90.45895816666666,63.155884
2025-01-08 13:00:00+00:00,59.338302166666665,65.18452
2025-01-08 14:00:00+00:00,54.39012241666667,64.70523
2025-01-08 15:00:00+00:00,61.94551333333334,60.806286
2025-01-08 16:00:00+00:00,54.963511583333336,55.254196
2025-01-08 17:00:00+00:00,49.5394375,51.2906
2025-01-08 18:00:00+00:00,46.977024,49.149986
2025-01-08 19:00:00+00:00,45.612851750000004,47.1158
2025-01-08 20:00:00+00:00,46.958587416666674,45.574516
2025-01-08 21:00:00+00:00,53.06191449999999,47.610157
2025-01-08 22:00:00+00:00,76.42774183333334,57.756355
2025-01-08 23:00:00+00:00,67.7750465,65.782776
2025-01-09 00:00:00+00:00,62.935746916666666,65.16515
2025-01-09 01:00:00+00:00,61.73441025,61.20086
2025-01-09 02:00:00+00:00,57.22393116666667,55.510162
2025-01-09 03:00:00+00:00,55.20687841666666,49.194965
2025-01-09 04:00:00+00:00,54.80383366666666,43.59775
2025-01-09 05:00:00+00:00,51.01583775,39.236153
2025-01-09 06:00:00+00:00,47.352670499999995,36.2781
2025-01-09 07:00:00+00:00,47.11248391666667,34.78136
2025-01-09 08:00:00+00:00,47.770506833333336,34.80462
2025-01-09 09:00:00+00:00,51.25153875,36.086517
2025-01-09 10:00:00+00:00,55.32055416666665,56.387245
2025-01-09 11:00:00+00:00,76.7449965,60.05053
2025-01-09 12:00:00+00:00,111.95291791666666,62.06375
2025-01-09 13:00:00+00:00,76.70781441666666,62.28733
2025-01-09 14:00:00+00:00,55.1750475,60.661022
2025-01-09 15:00:00+00:00,47.210342250000004,57.72584
2025-01-09 16:00:00+00:00,44.79018916666666,54.982174
2025-01-09 17:00:00+00:00,41.983341583333335,52.914062
2025-01-09 18:00:00+00:00,38.48085141666667,51.229404
2025-01-09 19:00:00+00:00,37.3878855,49.961163
2025-01-09 20:00:00+00:00,39.641930583333334,49.866096
2025-01-09 21:00:00+00:00,47.29816308333333,53.040524
2025-01-09 22:00:00+00:00,64.31118500000001,59.96058
2025-01-09 23:00:00+00:00,56.24733116666667,63.427303
2025-01-10 00:00:00+00:00,55.47431425,62.305477
2025-01-10 01:00:00+00:00,52.982663249999995,59.078022
2025-01-10 02:00:00+00:00,50.346048166666655,54.906643
2025-01-10 03:00:00+00:00,47.77928808333334,50.642166
2025-01-10 04:00:00+00:00,45.23908316666667,46.936737
2025-01-10 05:00:00+00:00,43.27101766666667,44.198544
2025-01-10 06:00:00+00:00,41.40332025000001,42.456993
2025-01-10 07:00:00+00:00,42.26139916666667,41.754738
2025-01-10 08:00:00+00:00,42.64732633333333,42.19203
2025-01-10 09:00:00+00:00,43.64527233333334,43.511353
2025-01-10 10:00:00+00:00,46.84607175,49.69394
2025-01-10 11:00:00+00:00,68.09035275000001,52.676777
2025-01-10 12:00:00+00:00,87.93059858333334,53.937252
2025-01-10 13:00:00+00:00,56.819152583333334,53.696583
2025-01-10 14:00:00+00:00,51.06049733333333,52.057755
2025-01-10 15:00:00+00:00,45.180753833333334,49.6708
2025-01-10 16:00:00+00:00,43.834279583333334,47.66858
2025-01-10 17:00:00+00:00,41.048374333333335,46.514496
2025-01-10 18:00:00+00:00,40.5246325,46.10476
2025-01-10 19:00:00+00:00,41.001329750000004,46.529774
2025-01-10 20:00:00+00:00,41.37828241666667,48.897976
2025-01-10 21:00:00+00:00,44.62644866666667,52.793537
2025-01-10 22:00:00+00:00,54.512804333333335,56.368874
2025-01-10 23:00:00+00:00,46.985293500000004,57.781998
2025-01-11 00:00:00+00:00,42.488012250000004,55.297516
2025-01-11 01:00:00+00:00,41.030277,50.56692
2025-01-11 02:00:00+00:00,39.718879666666666,46.257263
2025-01-11 03:00:00+00:00,38.43584875,43.165
2025-01-11 04:00:00+00:00,36.42047,40.960026
2025-01-11 05:00:00+00:00,41.79965508333333,39.366062
2025-01-11 06:00:00+00:00,38.5799595,38.28086
2025-01-11 07:00:00+00:00,36.62773816666667,37.752945
2025-01-11 08:00:00+00:00,36.382352000000004,37.890507
2025-01-11 09:00:00+00:00,35.86591833333333,38.81138
2025-01-11 10:00:00+00:00,36.365603,37.364258
2025-01-11 11:00:00+00:00,38.842952,38.385433
2025-01-11 12:00:00+00:00,43.69190725000001,39.73636
2025-01-11 13:00:00+00:00,47.84897824999999,41.01051
2025-01-11 14:00:00+00:00,46.7546085,41.42945
2025-01-11 15:00:00+00:00,45.87809933333334,40.720867
2025-01-11 16:00:00+00:00,42.41863391666667,39.56479
2025-01-11 17:00:00+00:00,38.33614108333334,38.52684
2025-01-11 18:00:00+00:00,36.214583166666664,37.84237
2025-01-11 19:00:00+00:00,35.4426275,37.817863
2025-01-11 20:00:00+00:00,36.3113295,38.976894
2025-01-11 21:00:00+00:00,41.17004091666666,41.582237
2025-01-11 22:00:00+00:00,49.96255625,44.777145
2025-01-11 23:00:00+00:00,46.10037766666667,47.18985
2025-01-12 00:00:00+00:00,44.38031825,46.86679
2025-01-12 01:00:00+00:00,42.53790633333333,43.73832
2025-01-12 02:00:00+00:00,41.11181083333333,40.06926
2025-01-12 03:00:00+00:00,38.86262766666667,37.175278
2025-01-12 04:00:00+00:00,37.02186291666667,35.09871
2025-01-12 05:00:00+00:00,39.49712816666666,33.70031
2025-01-12 06:00:00+00:00,34.59996975,32.860695
2025-01-12 07:00:00+00:00,34.16149191666667,32.548103
2025-01-12 08:00:00+00:00,33.80388833333333,32.806107
2025-01-12 09:00:00+00:00,33.95178108333334,33.696396
2025-01-12 10:00:00+00:00,33.113053916666665,33.79027
2025-01-12 11:00:00+00:00,35.89529241666667,34.958836
2025-01-12 12:00:00+00:00,39.26748441666667,36.720535
2025-01-12 13:00:00+00:00,35.80247408333333,38.91903
2025-01-12 14:00:00+00:00,30.687033500000002,40.39392
2025-01-12 15:00:00+00:00,29.09504508333333,40.186207
2025-01-12 16:00:00+00:00,28.81138891666667,38.79059
2025-01-12 17:00:00+00:00,27.946064583333335,37.329514
2025-01-12 18:00:00+00:00,27.214327833333332,36.341366
2025-01-12 19:00:00+00:00,27.303147749999997,35.91673
2025-01-12 20:00:00+00:00,28.681127166666666,36.341736
2025-01-12 21:00:00+00:00,34.18917583333333,38.73908
2025-01-12 22:00:00+00:00,46.14456058333334,43.365017
2025-01-12 23:00:00+00:00,44.363971166666666,47.974716
2025-01-13 00:00:00+00:00,43.17304825000001,49.441975
2025-01-13 01:00:00+00:00,41.9875885,46.256252
2025-01-13 02:00:00+00:00,39.0190345,41.200993
2025-01-13 03:00:00+00:00,36.74305208333333,37.114307
2025-01-13 04:00:00+00:00,35.14178391666667,34.283237
2025-01-13 05:00:00+00:00,31.5890135,32.337463
2025-01-13 06:00:00+00:00,30.3518375,31.099989
2025-01-13 07:00:00+00:00,29.990691916666666,30.523657
2025-01-13 08:00:00+00:00,29.920826999999996,30.676003
2025-01-13 09:00:00+00:00,32.24933033333333,31.710697
2025-01-13 10:00:00+00:00,36.9135445,38.10081
2025-01-13 11:00:00+00:00,55.13264791666666,42.376316
2025-01-13 12:00:00+00:00,66.73008983333334,45.448357
2025-01-13 13:00:00+00:00,50.62586216666667,46.635574
2025-01-13 14:00:00+00:00,39.03393608333334,45.401985
2025-01-13 15:00:00+00:00,38.03760341666666,42.619385
2025-01-13 16:00:00+00:00,35.01764725,39.888435
2025-01-13 17:00:00+00:00,32.95950133333333,38.108994
2025-01-13 18:00:00+00:00,31.232012583333333,37.18328
2025-01-13 19:00:00+00:00,30.726863999999996,36.425335
2025-01-13 20:00:00+00:00,30.98560925,36.35825
2025-01-13 21:00:00+00:00,36.91499066666667,39.393986
2025-01-13 22:00:00+00:00,54.66638416666667,45.053677
2025-01-13 23:00:00+00:00,51.37054508333333,48.202095
2025-01-14 00:00:00+00:00,48.71314499999999,47.311466
2025-01-14 01:00:00+00:00,47.981694250000004,43.36316
2025-01-14 02:00:00+00:00,43.46491658333333,38.78442
2025-01-14 03:00:00+00:00,40.09893041666667,35.325275
2025-01-14 04:00:00+00:00,37.307627333333336,32.946384
2025-01-14 05:00:00+00:00,38.51682475,31.21644
2025-01-14 06:00:00+00:00,41.198832249999995,29.979418
2025-01-14 07:00:00+00:00,41.70925258333333,29.250412
2025-01-14 08:00:00+00:00,41.99006491666667,29.090029
2025-01-14 09:00:00+00:00,47.23699283333334,29.574379
2025-01-14 10:00:00+00:00,55.073691833333335,49.23165
2025-01-14 11:00:00+00:00,65.19613108333333,51.0422
2025-01-14 12:00:00+00:00,89.2510515,52.216034
2025-01-14 13:00:00+00:00,55.35960125,52.211784
2025-01-14 14:00:00+00:00,44.247062166666666,51.26023
2025-01-14 15:00:00+00:00,45.76426416666666,49.61844
2025-01-14 16:00:00+00:00,43.44685483333333,47.559025
2025-01-14 17:00:00+00:00,41.57181166666667,45.433147
2025-01-14 18:00:00+00:00,40.194634916666665,43.68076
2025-01-14 19:00:00+00:00,39.66875341666667,42.69928
2025-01-14 20:00:00+00:00,42.43005825,42.5065
2025-01-14 21:00:00+00:00,52.99062983333333,42.915134
2025-01-14 22:00:00+00:00,84.57055866666667,43.94036
2025-01-14 23:00:00+00:00,70.04098366666666,46.607586
2025-01-15 00:00:00+00:00,64.02223091666667,50.944805
2025-01-15 01:00:00+00:00,59.56611808333333,52.069412
2025-01-15 02:00:00+00:00,57.47806491666666,50.196793
2025-01-15 03:00:00+00:00,54.97662,47.103416
2025-01-15 04:00:00+00:00,53.82971758333332,43.646267
2025-01-15 05:00:00+00:00,47.26134458333333,40.60508
2025-01-15 06:00:00+00:00,46.165131,38.810184
2025-01-15 07:00:00+00:00,45.44531708333333,38.58186
2025-01-15 08:00:00+00:00,47.36021891666666,39.792656
2025-01-15 09:00:00+00:00,47.87842908333334,42.303505
2025-01-15 10:00:00+00:00,51.14590608333333,56.125328
2025-01-15 11:00:00+00:00,66.44143175,60.08098
2025-01-15 12:00:00+00:00,90.67809166666666,62.208607
2025-01-15 13:00:00+00:00,60.54068441666668,62.20558
2025-01-15 14:00:00+00:00,51.72733341666666,60.11841
2025-01-15 15:00:00+00:00,50.851819166666665,56.55787
2025-01-15 16:00:00+00:00,46.18315991666666,52.852867
2025-01-15 17:00:00+00:00,41.34363066666666,49.482708
2025-01-15 18:00:00+00:00,39.41524583333334,46.48195
2025-01-15 19:00:00+00:00,38.304243,44.47778
2025-01-15 20:00:00+00:00,40.26676758333333,43.99656
2025-01-15 21:00:00+00:00,49.75383775,45.920593
2025-01-15 22:00:00+00:00,78.56445041666667,53.000896
2025-01-15 23:00:00+00:00,59.83135108333334,60.37744
2025-01-16 00:00:00+00:00,53.871010500000004,60.313484
2025-01-16 01:00:00+00:00,51.44401500000001,56.791977
2025-01-16 02:00:00+00:00,49.666852500000005,51.865738
2025-01-16 03:00:00+00:00,48.680264083333334,46.33156
2025-01-16 04:00:00+00:00,43.860126916666665,41.32857
2025-01-16 05:00:00+00:00,48.70071008333334,38.04315
2025-01-16 06:00:00+00:00,45.62185416666667,36.94387
2025-01-16 07:00:00+00:00,44.29562241666667,37.484543
2025-01-16 08:00:00+00:00,42.868054,38.969376
2025-01-16 09:00:00+00:00,46.11036549999999,41.938293
2025-01-16 10:00:00+00:00,50.29958808333333,50.63392
2025-01-16 11:00:00+00:00,64.37064074999999,53.828484
2025-01-16 12:00:00+00:00,82.82782441666667,55.171997
2025-01-16 13:00:00+00:00,57.77855708333334,54.6121
2025-01-16 14:00:00+00:00,47.91753908333333,52.691315
2025-01-16 15:00:00+00:00,43.76348500000001,50.09866
2025-01-16 16:00:00+00:00,40.70251508333333,47.678913
2025-01-16 17:00:00+00:00,39.55528075,45.554405
2025-01-16 18:00:00+00:00,40.04035525,43.638203
2025-01-16 19:00:00+00:00,38.1910375,42.639683
2025-01-16 20:00:00+00:00,38.38576058333333,43.815025
2025-01-16 21:00:00+00:00,41.77608433333333,48.1572
2025-01-16 22:00:00+00:00,59.27355883333333,52.85909
2025-01-16 23:00:00+00:00,52.04118625,55.486206
2025-01-17 00:00:00+00:00,43.46836525,54.8846
2025-01-17 01:00:00+00:00,43.093703000000005,50.93436
2025-01-17 02:00:00+00:00,42.094500666666676,45.987938
2025-01-17 03:00:00+00:00,40.03363366666667,41.86525
2025-01-17 04:00:00+00:00,38.972841333333335,38.977043
2025-01-17 05:00:00+00:00,39.7135715,37.0342
2025-01-17 06:00:00+00:00,37.73743866666667,35.721222
2025-01-17 07:00:00+00:00,36.816046666666665,35.05728
2025-01-17 08:00:00+00:00,36.051825083333334,35.352753
2025-01-17 09:00:00+00:00,36.375780999999996,36.63816
2025-01-17 10:00:00+00:00,37.922480416666666,41.286873
2025-01-17 11:00:00+00:00,51.122747583333336,44.547207
2025-01-17 12:00:00+00:00,64.75709566666667,46.647785
2025-01-17 13:00:00+00:00,44.71708475,47.154465
2025-01-17 14:00:00+00:00,36.15061325,45.759663
2025-01-17 15:00:00+00:00,32.44859,43.528133
2025-01-17 16:00:00+00:00,30.406632666666667,41.672947
2025-01-17 17:00:00+00:00,29.047194083333334,40.618546
2025-01-17 18:00:00+00:00,28.435180833333334,40.288223
2025-01-17 19:00:00+00:00,28.166633166666667,40.601254
2025-01-17 20:00:00+00:00,28.589858000000003,42.178596
2025-01-17 21:00:00+00:00,31.343870999999996,45.16889
2025-01-17 22:00:00+00:00,39.619925333333335,48.30799
2025-01-17 23:00:00+00:00,38.439048166666666,50.43038
2025-01-18 00:00:00+00:00,36.97281125,49.214325
2025-01-18 01:00:00+00:00,36.34504225,45.129448
2025-01-18 02:00:00+00:00,35.23579375,40.990395
2025-01-18 03:00:00+00:00,32.886378,37.93978
2025-01-18 04:00:00+00:00,30.931210333333333,35.790157
2025-01-18 05:00:00+00:00,33.364132833333336,34.348625
2025-01-18 06:00:00+00:00,31.58900733333333,33.49302
2025-01-18 07:00:00+00:00,29.402991416666666,33.19263
2025-01-18 08:00:00+00:00,27.541233583333334,33.49734
2025-01-18 09:00:00+00:00,28.041948333333337,34.51301
2025-01-18 10:00:00+00:00,30.691632833333333,29.424612
2025-01-18 11:00:00+00:00,31.938770666666667,31.051434
2025-01-18 12:00:00+00:00,33.48259625,33.125828
2025-01-18 13:00:00+00:00,35.16668383333333,35.214848
2025-01-18 14:00:00+00:00,33.12270625,36.018356
2025-01-18 15:00:00+00:00,45.27274558333334,35.17433
2025-01-18 16:00:00+00:00,43.644307833333336,33.77453
2025-01-18 17:00:00+00:00,39.29971333333334,32.59971
2025-01-18 18:00:00+00:00,38.18212008333334,31.89382
2025-01-18 19:00:00+00:00,36.24819683333333,31.707947
2025-01-18 20:00:00+00:00,38.157816833333335,32.295494
2025-01-18 21:00:00+00:00,40.86963575,34.14507
2025-01-18 22:00:00+00:00,51.44679016666667,36.915363
2025-01-18 23:00:00+00:00,51.66642041666668,39.637497
2025-01-19 00:00:00+00:00,48.92449008333333,40.538635
2025-01-19 01:00:00+00:00,48.02295066666667,38.383255
2025-01-19 02:00:00+00:00,46.93302566666667,34.817184
2025-01-19 03:00:00+00:00,44.41718791666667,31.70753
2025-01-19 04:00:00+00:00,40.21013358333334,29.398205
2025-01-19 05:00:00+00:00,36.87674066666667,27.789055
2025-01-19 06:00:00+00:00,35.172595,26.785818
2025-01-19 07:00:00+00:00,34.38794325,26.317608
2025-01-19 08:00:00+00:00,33.93935375,26.373814
2025-01-19 09:00:00+00:00,34.253232833333335,26.969715
2025-01-19 10:00:00+00:00,33.61619291666667,34.390076
2025-01-19 11:00:00+00:00,35.78862341666667,36.26931
2025-01-19 12:00:00+00:00,42.20232075,38.562656
2025-01-19 13:00:00+00:00,45.10720975,40.662056
2025-01-19 14:00:00+00:00,47.262671083333345,41.97558
2025-01-19 15:00:00+00:00,68.84747333333333,41.987118
2025-01-19 16:00:00+00:00,67.60282058333333,40.91485
2025-01-19 17:00:00+00:00,66.768186,39.59981
2025-01-19 18:00:00+00:00,63.51246816666667,38.807793
2025-01-19 19:00:00+00:00,67.1633435,38.244984
2025-01-19 20:00:00+00:00,73.88902108333333,37.764572
2025-01-19 21:00:00+00:00,93.46038125,39.308723
2025-01-19 22:00:00+00:00,148.86727641666667,43.569614
2025-01-19 23:00:00+00:00,161.38954475,46.89788
2025-01-20 00:00:00+00:00,150.25030141666667,47.109844
2025-01-20 01:00:00+00:00,145.74983475,44.652912
2025-01-20 02:00:00+00:00,136.87244358333334,41.180355
2025-01-20 03:00:00+00:00,130.631685,37.84591
2025-01-20 04:00:00+00:00,102.6706895,35.20648
2025-01-20 05:00:00+00:00,91.49654808333332,33.276566
2025-01-20 06:00:00+00:00,92.34224158333335,31.926884
2025-01-20 07:00:00+00:00,94.74115133333332,31.192413
2025-01-20 08:00:00+00:00,115.5112965,31.165865
2025-01-20 09:00:00+00:00,95.36525649999999,31.898085
2025-01-20 10:00:00+00:00,121.56782191666666,117.516655
2025-01-20 11:00:00+00:00,139.18914566666666,128.85785
2025-01-20 12:00:00+00:00,242.11023724999995,134.99326
2025-01-20 13:00:00+00:00,211.66056633333335,135.50113
2025-01-20 14:00:00+00:00,145.02060316666666,132.80832
2025-01-20 15:00:00+00:00,204.86482708333332,128.87404
2025-01-20 16:00:00+00:00,178.50179733333334,125.23834
2025-01-20 17:00:00+00:00,165.7699155,121.95339
2025-01-20 18:00:00+00:00,157.61503316666668,116.818405
2025-01-20 19:00:00+00:00,142.88640666666666,110.73246
2025-01-20 20:00:00+00:00,156.89736508333334,108.07559
2025-01-20 21:00:00+00:00,193.59284433333335,118.2047
2025-01-20 22:00:00+00:00,284.19647741666665,139.16489
2025-01-20 23:00:00+00:00,299.39143641666664,142.28424
2025-01-21 00:00:00+00:00,290.69419366666665,132.52383
2025-01-21 01:00:00+00:00,286.3244373333333,117.73256
2025-01-21 02:00:00+00:00,274.10512608333335,101.39027
2025-01-21 03:00:00+00:00,263.4801480833333,86.22671
2025-01-21 04:00:00+00:00,250.67609283333334,73.895584
2025-01-21 05:00:00+00:00,174.2708726666667,65.760445
2025-01-21 06:00:00+00:00,177.37914008333334,63.402763
2025-01-21 07:00:00+00:00,177.11997974999997,67.811005
2025-01-21 08:00:00+00:00,192.84356875000003,79.12609
2025-01-21 09:00:00+00:00,209.92865774999999,88.20134
2025-01-21 10:00:00+00:00,245.6136894166667,268.706
2025-01-21 11:00:00+00:00,263.42328108333334,273.52774
2025-01-21 12:00:00+00:00,295.8804695,257.92755
2025-01-21 13:00:00+00:00,256.63151550000003,229.49307
2025-01-21 14:00:00+00:00,236.52382050000003,197.97588
2025-01-21 15:00:00+00:00,214.1692845,167.15344
2025-01-21 16:00:00+00:00,197.94732383333334,142.65521
2025-01-21 17:00:00+00:00,200.63047325,129.55588
2025-01-21 18:00:00+00:00,180.01556933333333,128.54639
2025-01-21 19:00:00+00:00,182.60666041666664,142.23935
2025-01-21 20:00:00+00:00,199.46341283333334,179.66713
2025-01-21 21:00:00+00:00,220.96245391666665,216.53864
2025-01-21 22:00:00+00:00,282.9201738333333,214.39505
2025-01-21 23:00:00+00:00,290.01035741666664,186.23865
2025-01-22 00:00:00+00:00,292.76765625,149.69559
2025-01-22 01:00:00+00:00,263.1568251666667,115.30325
2025-01-22 02:00:00+00:00,247.53887183333333,90.652145
2025-01-22 03:00:00+00:00,203.24587350000004,80.606186
2025-01-22 04:00:00+00:00,194.7664835,83.16886
2025-01-22 05:00:00+00:00,162.00982166666668,95.22516
2025-01-22 06:00:00+00:00,141.68606241666666,122.408325
2025-01-22 07:00:00+00:00,144.8686855,158.79494
2025-01-22 08:00:00+00:00,138.48976808333333,179.7572
2025-01-22 09:00:00+00:00,141.3502095,181.59308
2025-01-22 10:00:00+00:00,170.08045083333334,184.24564
2025-01-22 11:00:00+00:00,237.56690766666668,212.49467
2025-01-22 12:00:00+00:00,267.4800951666667,222.04675
2025-01-22 13:00:00+00:00,221.54791966666667,215.1058
2025-01-22 14:00:00+00:00,184.49011883333333,196.57863
2025-01-22 15:00:00+00:00,151.75530708333335,175.2531
2025-01-22 16:00:00+00:00,130.80645783333333,158.48297
2025-01-22 17:00:00+00:00,111.06920766666666,146.6979
2025-01-22 18:00:00+00:00,105.95543450000001,139.02817
2025-01-22 19:00:00+00:00,108.75876699999999,139.66318
2025-01-22 20:00:00+00:00,107.82470258333332,157.94044
2025-01-22 21:00:00+00:00,126.21690108333333,186.20834
2025-01-22 22:00:00+00:00,148.74481291666666,203.4126
2025-01-22 23:00:00+00:00,158.54439125,209.40497
2025-01-23 00:00:00+00:00,134.70148375,192.21565
2025-01-23 01:00:00+00:00,132.55671641666666,160.5354
2025-01-23 02:00:00+00:00,125.70377591666666,132.46997
2025-01-23 03:00:00+00:00,121.24772308333333,112.55452
2025-01-23 04:00:00+00:00,115.59851641666667,99.20419
2025-01-23 05:00:00+00:00,102.1058125,90.072495
2025-01-23 06:00:00+00:00,96.40475616666667,84.27609
2025-01-23 07:00:00+00:00,92.67645858333333,83.10766
2025-01-23 08:00:00+00:00,91.94860583333333,87.519684
2025-01-23 09:00:00+00:00,90.89448683333332,97.14773
2025-01-23 10:00:00+00:00,102.91146483333334,105.75738
2025-01-23 11:00:00+00:00,133.91140566666667,110.24635
2025-01-23 12:00:00+00:00,153.30994175,116.137856
2025-01-23 13:00:00+00:00,115.31851758333333,121.92666
2025-01-23 14:00:00+00:00,86.99912925000001,123.34349
2025-01-23 15:00:00+00:00,59.44182441666667,120.70214
2025-01-23 16:00:00+00:00,49.29740433333333,117.17764
2025-01-23 17:00:00+00:00,45.09395233333333,114.66326
2025-01-23 18:00:00+00:00,43.900221499999994,113.92623
2025-01-23 19:00:00+00:00,42.040802250000006,115.62442
2025-01-23 20:00:00+00:00,42.56530733333333,120.80192
2025-01-23 21:00:00+00:00,49.43133308333333,129.09077
2025-01-23 22:00:00+00:00,72.83274283333334,137.97339
2025-01-23 23:00:00+00:00,79.55737483333333,143.09158
2025-01-24 00:00:00+00:00,72.04311158333333,137.3233
2025-01-24 01:00:00+00:00,71.6006495,123.74165
2025-01-24 02:00:00+00:00,66.90030775,110.89359
2025-01-24 03:00:00+00:00,61.11327175,101.5106
2025-01-24 04:00:00+00:00,55.03574808333334,95.34917
2025-01-24 05:00:00+00:00,73.49434408333333,91.737236
2025-01-24 06:00:00+00:00,69.07515074999999,90.25867
2025-01-24 07:00:00+00:00,70.490284,90.79164
2025-01-24 08:00:00+00:00,69.47323341666667,93.28965
2025-01-24 09:00:00+00:00,68.07370741666666,97.31398
2025-01-24 10:00:00+00:00,79.88201991666666,83.74163
2025-01-24 11:00:00+00:00,104.06307583333334,97.12805
2025-01-24 12:00:00+00:00,150.36705883333335,111.424866
2025-01-24 13:00:00+00:00,98.13404033333335,120.26582
2025-01-24 14:00:00+00:00,71.10745675,117.3729
2025-01-24 15:00:00+00:00,60.70116291666667,106.83185
2025-01-24 16:00:00+00:00,49.72829066666666,96.27601
2025-01-24 17:00:00+00:00,44.330410833333325,88.814835
2025-01-24 18:00:00+00:00,42.70091583333333,84.64233
2025-01-24 19:00:00+00:00,40.484854750000004,84.00116
2025-01-24 20:00:00+00:00,39.99865991666667,90.790276
2025-01-24 21:00:00+00:00,47.548697666666676,106.577484
2025-01-24 22:00:00+00:00,66.9150755,121.95051
2025-01-24 23:00:00+00:00,62.563809416666665,132.33179
2025-01-25 00:00:00+00:00,57.430325,128.71504
2025-01-25 01:00:00+00:00,58.226674333333335,109.38462
2025-01-25 02:00:00+00:00,58.122908333333335,88.002594
2025-01-25 03:00:00+00:00,55.804890916666665,71.96999
2025-01-25 04:00:00+00:00,48.591353416666664,60.909714
2025-01-25 05:00:00+00:00,60.758116,53.670067
2025-01-25 06:00:00+00:00,59.1681145,49.500755
2025-01-25 07:00:00+00:00,60.09201541666667,48.349556
2025-01-25 08:00:00+00:00,61.374979249999996,50.614807
2025-01-25 09:00:00+00:00,62.58291225,56.86656
2025-01-25 10:00:00+00:00,64.54658975,68.89955
2025-01-25 11:00:00+00:00,78.01790083333333,73.555984
2025-01-25 12:00:00+00:00,96.35800750000001,78.95218
2025-01-25 13:00:00+00:00,78.99351408333334,81.806595
2025-01-25 14:00:00+00:00,58.29229091666667,79.6981
2025-01-25 15:00:00+00:00,41.006334333333335,73.633286
2025-01-25 16:00:00+00:00,38.28540016666667,66.74359
2025-01-25 17:00:00+00:00,32.872985166666666,60.181244
2025-01-25 18:00:00+00:00,31.878568916666666,54.53826
2025-01-25 19:00:00+00:00,30.10927141666667,52.200623
2025-01-25 20:00:00+00:00,29.488095833333333,56.740276
2025-01-25 21:00:00+00:00,33.76227383333333,68.921234
2025-01-25 22:00:00+00:00,41.3838515,79.66278
2025-01-25 23:00:00+00:00,41.230697000000006,84.25573
2025-01-26 00:00:00+00:00,41.089790666666666,81.413956
2025-01-26 01:00:00+00:00,38.936900333333334,70.51022
2025-01-26 02:00:00+00:00,37.076802,57.996033
2025-01-26 03:00:00+00:00,35.629963,48.34903
2025-01-26 04:00:00+00:00,34.970222666666665,41.790115
2025-01-26 05:00:00+00:00,36.41434375,37.515297
2025-01-26 06:00:00+00:00,33.07093941666667,34.99152
2025-01-26 07:00:00+00:00,32.5909695,34.45065
2025-01-26 08:00:00+00:00,33.195992833333335,36.39091
2025-01-26 09:00:00+00:00,33.16058075,41.34764
2025-01-26 10:00:00+00:00,34.69551716666667,34.49754
2025-01-26 11:00:00+00:00,38.15389583333333,35.3726
2025-01-26 12:00:00+00:00,42.12261583333334,36.391457
2025-01-26 13:00:00+00:00,41.54727316666666,37.87215
2025-01-26 14:00:00+00:00,34.88450591666667,38.869858
2025-01-26 15:00:00+00:00,35.163003583333335,38.28435
2025-01-26 16:00:00+00:00,34.0258995,36.58401
2025-01-26 17:00:00+00:00,33.797770416666665,34.57328
2025-01-26 18:00:00+00:00,32.22867033333333,32.846542
2025-01-26 19:00:00+00:00,31.38244958333333,32.35895
2025-01-26 20:00:00+00:00,32.475516166666665,34.367767
2025-01-26 21:00:00+00:00,35.128404583333335,39.133896
2025-01-26 22:00:00+00:00,46.18467966666666,43.97588
2025-01-26 23:00:00+00:00,46.32640841666667,46.706825
2025-01-27 00:00:00+00:00,43.80163666666666,46.4642
2025-01-27 01:00:00+00:00,41.752947166666665,42.195503
2025-01-27 02:00:00+00:00,40.14103541666667,36.500687
2025-01-27 03:00:00+00:00,38.102457916666665,31.936073
2025-01-27 04:00:00+00:00,34.034633416666665,28.892881
2025-01-27 05:00:00+00:00,33.9526,27.077442
2025-01-27 06:00:00+00:00,32.332076,26.243652
2025-01-27 07:00:00+00:00,31.782656499999998,26.430607
2025-01-27 08:00:00+00:00,31.647924916666668,27.84705
2025-01-27 09:00:00+00:00,32.70992833333333,30.571934
2025-01-27 10:00:00+00:00,35.514941,39.56881
2025-01-27 11:00:00+00:00,52.39945775,45.29502
2025-01-27 12:00:00+00:00,65.36730658333333,52.59744
2025-01-27 13:00:00+00:00,42.91946575,57.784767
2025-01-27 14:00:00+00:00,35.88931758333333,57.507275
2025-01-27 15:00:00+00:00,32.463876166666665,52.359047
2025-01-27 16:00:00+00:00,29.822017666666667,46.109386
2025-01-27 17:00:00+00:00,29.303059916666673,41.30217
2025-01-27 18:00:00+00:00,28.165522749999997,38.4523
2025-01-27 19:00:00+00:00,27.21007183333333,37.010612
2025-01-27 20:00:00+00:00,27.28095158333333,36.858864
2025-01-27 21:00:00+00:00,30.47750925,40.672462
2025-01-27 22:00:00+00:00,43.90024733333333,49.498524
2025-01-27 23:00:00+00:00,43.06511758333333,57.583683
2025-01-28 00:00:00+00:00,39.02627175,61.197166
2025-01-28 01:00:00+00:00,38.59700216666667,56.675682
2025-01-28 02:00:00+00:00,37.09930191666667,46.985382
2025-01-28 03:00:00+00:00,33.831999333333336,38.24743
2025-01-28 04:00:00+00:00,31.00790366666667,32.222008
2025-01-28 05:00:00+00:00,30.844440916666667,28.175413
2025-01-28 06:00:00+00:00,30.378187166666667,25.518705
2025-01-28 07:00:00+00:00,29.74904383333333,24.073927
2025-01-28 08:00:00+00:00,30.112345666666666,24.013527
2025-01-28 09:00:00+00:00,32.228473083333334,25.66045
2025-01-28 10:00:00+00:00,35.108519083333334,35.607815
2025-01-28 11:00:00+00:00,52.15473300000001,37.95338
2025-01-28 12:00:00+00:00,75.98538666666667,40.37818
2025-01-28 13:00:00+00:00,40.617798083333334,41.526863
2025-01-28 14:00:00+00:00,35.33125725,40.78135
2025-01-28 15:00:00+00:00,31.896844083333335,38.478317
2025-01-28 16:00:00+00:00,29.868332499999998,35.929394
2025-01-28 17:00:00+00:00,27.856695916666666,33.847263
2025-01-28 18:00:00+00:00,25.804747916666667,32.22648
2025-01-28 19:00:00+00:00,23.96936175,31.18957
2025-01-28 20:00:00+00:00,24.23662708333333,31.590347
2025-01-28 21:00:00+00:00,27.409966,34.66928
2025-01-28 22:00:00+00:00,41.891462833333335,39.027733
2025-01-28 23:00:00+00:00,41.51346899999999,41.849728
2025-01-29 00:00:00+00:00,39.8674385,42.6827
2025-01-29 01:00:00+00:00,36.50196641666667,39.961346
2025-01-29 02:00:00+00:00,34.325045833333334,35.23007
2025-01-29 03:00:00+00:00,29.84965275,31.117966
2025-01-29 04:00:00+00:00,26.082889416666664,28.26967
2025-01-29 05:00:00+00:00,25.554991416666667,26.368046
2025-01-29 06:00:00+00:00,24.99271416666667,25.106897
2025-01-29 07:00:00+00:00,24.845169416666664,24.435596
2025-01-29 08:00:00+00:00,26.74003191666667,24.5507
2025-01-29 09:00:00+00:00,27.319481,25.565292
2025-01-29 10:00:00+00:00,29.95660775,30.075363
2025-01-29 11:00:00+00:00,43.89602816666667,32.125298
2025-01-29 12:00:00+00:00,49.101427583333326,33.73211
2025-01-29 13:00:00+00:00,34.84962208333334,34.242382
2025-01-29 14:00:00+00:00,28.129136666666668,33.464767
2025-01-29 15:00:00+00:00,25.99978525,31.914528
2025-01-29 16:00:00+00:00,26.125877083333336,30.459301
2025-01-29 17:00:00+00:00,25.908955666666667,29.512293
2025-01-29 18:00:00+00:00,25.865545083333334,29.100185
2025-01-29 19:00:00+00:00,25.596292999999996,29.23693
2025-01-29 20:00:00+00:00,26.047867999999998,30.41448
2025-01-29 21:00:00+00:00,29.8045975,32.669125
2025-01-29 22:00:00+00:00,51.110148333333335,34.608643
2025-01-29 23:00:00+00:00,51.77086725,35.853596
2025-01-30 00:00:00+00:00,46.99081691666667,35.151115
2025-01-30 01:00:00+00:00,47.458642499999996,32.30948
2025-01-30 02:00:00+00:00,40.647754,29.323013
2025-01-30 03:00:00+00:00,36.14999541666666,27.149693
2025-01-30 04:00:00+00:00,33.33821558333333,25.671673
2025-01-30 05:00:00+00:00,30.654445,24.699112
2025-01-30 06:00:00+00:00,29.278066083333332,24.122063
2025-01-30 07:00:00+00:00,28.603112250000002,23.952919
2025-01-30 08:00:00+00:00,28.536654249999998,24.271305
2025-01-30 09:00:00+00:00,29.496438166666664,25.214823
2025-01-30 10:00:00+00:00,30.379959666666668,33.478012
2025-01-30 11:00:00+00:00,46.26928066666667,37.187397
2025-01-30 12:00:00+00:00,55.37969116666667,39.974533
2025-01-30 13:00:00+00:00,33.59216558333333,41.525074
2025-01-30 14:00:00+00:00,27.376504083333334,41.42363
2025-01-30 15:00:00+00:00,25.417783,39.478287
2025-01-30 16:00:00+00:00,25.785240083333335,36.898922
2025-01-30 17:00:00+00:00,25.892576083333335,34.932995
2025-01-30 18:00:00+00:00,25.80653525,33.875366
2025-01-30 19:00:00+00:00,26.28467225,32.942337
2025-01-30 20:00:00+00:00,27.034644166666663,32.04215
2025-01-30 21:00:00+00:00,31.173965083333332,33.411304
2025-01-30 22:00:00+00:00,37.46961925,38.19138
2025-01-30 23:00:00+00:00,37.11396941666667,42.228477
2025-01-31 00:00:00+00:00,36.34664416666667,42.861874
2025-01-31 01:00:00+00:00,35.53014675,40.546246
2025-01-31 02:00:00+00:00,32.961291,36.857323
2025-01-31 03:00:00+00:00,29.654296833333333,33.090298
2025-01-31 04:00:00+00:00,26.103370583333334,29.98119
2025-01-31 05:00:00+00:00,26.01617032,27.702978
2025-01-31 06:00:00+00:00,25.928970056666667,26.050505
2025-01-31 07:00:00+00:00,25.841769793333334,24.932474
2025-02-01 05:00:00+00:00,23.923364000000003,24.478127
2025-02-01 06:00:00+00:00,23.619611583333334,24.797394
2025-02-01 07:00:00+00:00,23.583213916666665,25.049143
2025-02-01 08:00:00+00:00,23.575193749999997,27.129032
2025-02-01 09:00:00+00:00,23.97021475,29.336613
2025-02-01 10:00:00+00:00,24.067263583333332,31.097574
2025-02-01 11:00:00+00:00,25.250489500000004,31.532978
2025-02-01 12:00:00+00:00,31.026501083333333,30.40426
2025-02-01 13:00:00+00:00,29.97671241666667,28.702215
2025-02-01 14:00:00+00:00,25.19268825,27.16968
2025-02-01 15:00:00+00:00,24.538925583333338,26.060858
2025-02-01 16:00:00+00:00,24.30167775,25.376694
2025-02-01 17:00:00+00:00,24.10897608333333,25.129
2025-02-01 18:00:00+00:00,23.312649333333336,25.705502
2025-02-01 19:00:00+00:00,23.617801,27.838507
2025-02-01 20:00:00+00:00,23.828976333333337,31.015656
2025-02-01 21:00:00+00:00,27.440734499999998,33.477535
2025-02-01 22:00:00+00:00,36.8566695,33.60694
2025-02-01 23:00:00+00:00,37.9862555,31.439072
2025-02-02 00:00:00+00:00,36.70073216666666,28.40859
2025-02-02 01:00:00+00:00,35.20706466666667,25.87656
2025-02-02 02:00:00+00:00,34.184751166666665,24.024231
2025-02-02 03:00:00+00:00,32.41151958333334,22.651957
2025-02-02 04:00:00+00:00,30.327939,21.69692
2025-02-02 05:00:00+00:00,31.174552083333335,21.155457
2025-02-02 06:00:00+00:00,30.5431085,21.062702
2025-02-02 07:00:00+00:00,29.775255083333334,29.530016
2025-02-02 08:00:00+00:00,30.211786250000003,29.740438
2025-02-02 09:00:00+00:00,30.799470583333335,30.26013
2025-02-02 10:00:00+00:00,32.01740541666667,31.256176
2025-02-02 11:00:00+00:00,35.17317575,32.12282
2025-02-02 12:00:00+00:00,42.431107833333336,32.203533
2025-02-02 13:00:00+00:00,38.17433666666667,31.500816
2025-02-02 14:00:00+00:00,35.350708250000004,30.387663
2025-02-02 15:00:00+00:00,34.7110135,29.199451
2025-02-02 16:00:00+00:00,34.208625833333336,28.07619
2025-02-02 17:00:00+00:00,32.34587291666667,27.108833
2025-02-02 18:00:00+00:00,31.845216500000003,26.39515
2025-02-02 19:00:00+00:00,31.218250916666666,26.044453
2025-02-02 20:00:00+00:00,31.503121666666665,26.264614
2025-02-02 21:00:00+00:00,34.24585041666666,27.609333
2025-02-02 22:00:00+00:00,41.261005583333336,30.456865
2025-02-02 23:00:00+00:00,47.15306558333333,32.16443
2025-02-03 00:00:00+00:00,42.07910275,31.199606
2025-02-03 01:00:00+00:00,37.70953425,29.175726
2025-02-03 02:00:00+00:00,34.392429666666665,27.313854
2025-02-03 03:00:00+00:00,32.335582,26.136833
2025-02-03 04:00:00+00:00,30.525909333333335,25.721394
2025-02-03 05:00:00+00:00,25.874105416666666,25.851591
2025-02-03 06:00:00+00:00,24.402144583333335,26.193687
2025-02-03 07:00:00+00:00,24.71722158333333,23.934883
2025-02-03 08:00:00+00:00,24.935440083333333,24.206861
2025-02-03 09:00:00+00:00,25.86479975,24.989363
2025-02-03 10:00:00+00:00,29.39296666666667,27.132362
2025-02-03 11:00:00+00:00,44.815197083333345,30.60435
2025-02-03 12:00:00+00:00,52.90434425,32.950863
2025-02-03 13:00:00+00:00,33.053152000000004,33.492558
2025-02-03 14:00:00+00:00,29.948628166666666,33.003822
2025-02-03 15:00:00+00:00,28.086498416666668,32.17448
2025-02-03 16:00:00+00:00,26.1851805,31.40891
2025-02-03 17:00:00+00:00,25.6972555,30.813478
2025-02-03 18:00:00+00:00,25.473078750000003,30.172075
2025-02-03 19:00:00+00:00,25.11175833333333,29.279428
2025-02-03 20:00:00+00:00,25.52124483333333,28.742653
2025-02-03 21:00:00+00:00,28.43285325,30.19898
2025-02-03 22:00:00+00:00,36.61030458333334,34.092346
2025-02-03 23:00:00+00:00,36.10683875,36.777344
2025-02-04 00:00:00+00:00,33.695201833333336,36.5727
2025-02-04 01:00:00+00:00,31.0535065,33.935905
2025-02-04 02:00:00+00:00,26.95695625,30.63755
2025-02-04 03:00:00+00:00,24.719672833333334,28.169483
2025-02-04 04:00:00+00:00,23.213363333333334,26.456528
2025-02-04 05:00:00+00:00,24.619285999999995,25.185394
2025-02-04 06:00:00+00:00,25.30203525,24.29034
2025-02-04 07:00:00+00:00,23.480583666666668,24.965572
2025-02-04 08:00:00+00:00,23.68448666666667,25.226189
2025-02-04 09:00:00+00:00,24.758300166666668,26.060106
2025-02-04 10:00:00+00:00,27.286754583333334,28.053383
2025-02-04 11:00:00+00:00,35.77530466666666,30.57684
2025-02-04 12:00:00+00:00,40.19323725,31.876093
2025-02-04 13:00:00+00:00,32.51055433333333,31.609865
2025-02-04 14:00:00+00:00,30.1265635,30.482433
2025-02-04 15:00:00+00:00,29.981866916666664,29.193373
2025-02-04 16:00:00+00:00,29.867453916666665,28.094408
2025-02-04 17:00:00+00:00,30.17218133333333,27.300406
2025-02-04 18:00:00+00:00,29.6008045,26.750177
2025-02-04 19:00:00+00:00,26.888124583333333,26.54452
2025-02-04 20:00:00+00:00,28.87592775,27.371746
2025-02-04 21:00:00+00:00,33.590781916666664,29.511583
2025-02-04 22:00:00+00:00,49.81406225,31.776392
2025-02-04 23:00:00+00:00,53.353078249999996,33.018578
2025-02-05 00:00:00+00:00,47.452809333333335,32.185272
2025-02-05 01:00:00+00:00,45.037538000000005,29.888208
2025-02-05 02:00:00+00:00,42.707716250000004,27.690838
2025-02-05 03:00:00+00:00,38.03080066666667,26.139069
2025-02-05 04:00:00+00:00,36.10771825,25.063625
2025-02-05 05:00:00+00:00,32.24591875,24.3354
2025-02-05 06:00:00+00:00,33.386558916666665,23.931896
2025-02-05 07:00:00+00:00,31.423821916666668,33.185333
2025-02-05 08:00:00+00:00,31.752606916666668,34.55152
2025-02-05 09:00:00+00:00,33.439967583333335,37.158478
2025-02-05 10:00:00+00:00,35.0955765,40.61864
2025-02-05 11:00:00+00:00,45.633035166666666,42.876156
2025-02-05 12:00:00+00:00,53.05805333333333,43.564285
2025-02-05 13:00:00+00:00,51.788026583333334,43.3105
2025-02-05 14:00:00+00:00,49.811235083333344,42.451015
2025-02-05 15:00:00+00:00,50.25405141666667,41.31946
2025-02-05 16:00:00+00:00,48.14856125,40.154686
2025-02-05 17:00:00+00:00,48.547808416666676,38.92204
2025-02-05 18:00:00+00:00,48.00766241666667,37.513004
2025-02-05 19:00:00+00:00,42.9502745,36.166985
2025-02-05 20:00:00+00:00,41.20712608333333,35.37064
2025-02-05 21:00:00+00:00,41.43991791666666,35.35268
2025-02-05 22:00:00+00:00,51.90500383333333,36.440327
2025-02-05 23:00:00+00:00,55.769225,39.893986
2025-02-06 00:00:00+00:00,48.58423908333334,43.79468
2025-02-06 01:00:00+00:00,45.45682525,43.350246
2025-02-06 02:00:00+00:00,47.028594,40.901142
2025-02-06 03:00:00+00:00,40.86982175,37.934456
2025-02-06 04:00:00+00:00,36.19580933333334,35.30554
2025-02-06 05:00:00+00:00,34.21484933333333,33.62794
2025-02-06 06:00:00+00:00,32.76285875,32.899662
2025-02-06 07:00:00+00:00,31.476375583333333,31.396275
2025-02-06 08:00:00+00:00,29.953819416666665,32.3908
2025-02-06 09:00:00+00:00,29.203179583333334,34.7912
2025-02-06 10:00:00+00:00,30.075725000000002,39.71612
2025-02-06 11:00:00+00:00,40.30136383333333,44.76286
2025-02-06 12:00:00+00:00,41.964412,46.995186
2025-02-06 13:00:00+00:00,42.23369175,47.007378
2025-02-06 14:00:00+00:00,41.80856216666667,45.659294
2025-02-06 15:00:00+00:00,40.235263333333336,43.729206
2025-02-06 16:00:00+00:00,37.067138166666666,42.11786
2025-02-06 17:00:00+00:00,32.83907775,40.64817
2025-02-06 18:00:00+00:00,32.26453358333333,38.615246
2025-02-06 19:00:00+00:00,28.652372416666665,36.66748
2025-02-06 20:00:00+00:00,27.203693250000004,36.57554
2025-02-06 21:00:00+00:00,28.776639583333335,40.80619
2025-02-06 22:00:00+00:00,37.537657,47.69403
2025-02-06 23:00:00+00:00,42.29339149999999,50.00805
2025-02-07 00:00:00+00:00,36.19286783333333,48.009598
2025-02-07 01:00:00+00:00,31.727735499999998,43.95443
2025-02-07 02:00:00+00:00,29.79135775,39.316246
2025-02-07 03:00:00+00:00,27.064434583333334,35.40982
2025-02-07 04:00:00+00:00,24.790882666666665,32.784485
2025-02-07 05:00:00+00:00,28.688048,31.242254
2025-02-07 06:00:00+00:00,28.69205958333333,30.607658
2025-02-07 07:00:00+00:00,29.095952083333337,28.363014
2025-02-07 08:00:00+00:00,30.87777041666667,28.897608
2025-02-07 09:00:00+00:00,32.41091375,30.459522
2025-02-07 10:00:00+00:00,37.01063583333333,33.89757
2025-02-07 11:00:00+00:00,50.848390916666666,37.10161
2025-02-07 12:00:00+00:00,62.67146408333334,37.487095
2025-02-07 13:00:00+00:00,46.98806508333333,35.832245
2025-02-07 14:00:00+00:00,37.35950733333333,33.791317
2025-02-07 15:00:00+00:00,35.50948825,32.134468
2025-02-07 16:00:00+00:00,34.67896416666667,30.996965
2025-02-07 17:00:00+00:00,32.64320058333333,30.309803
2025-02-07 18:00:00+00:00,32.62269883333334,30.19067
2025-02-07 19:00:00+00:00,31.961581833333337,31.364603
2025-02-07 20:00:00+00:00,32.97130683333334,34.369377
2025-02-07 21:00:00+00:00,40.079194083333334,37.908188
2025-02-07 22:00:00+00:00,52.20607000000001,39.68584
2025-02-07 23:00:00+00:00,57.23481516666667,38.2193
2025-02-08 00:00:00+00:00,50.012750833333335,34.71591
2025-02-08 01:00:00+00:00,49.06220491666666,31.611631
2025-02-08 02:00:00+00:00,43.85961233333333,29.544924
2025-02-08 03:00:00+00:00,43.40174691666667,28.161892
2025-02-08 04:00:00+00:00,38.24135991666667,27.267685
2025-02-08 05:00:00+00:00,36.91973375,26.794983
2025-02-08 06:00:00+00:00,35.60010333333333,26.763065
2025-02-08 07:00:00+00:00,34.02378675,35.002556
2025-02-08 08:00:00+00:00,33.652431,35.473896
2025-02-08 09:00:00+00:00,33.62506858333333,36.697136
2025-02-08 10:00:00+00:00,34.254153,39.540516
2025-02-08 11:00:00+00:00,37.0283865,42.96482
2025-02-08 12:00:00+00:00,39.76862283333333,44.727436
2025-02-08 13:00:00+00:00,44.37846291666667,44.45641
2025-02-08 14:00:00+00:00,47.887471,42.75171
2025-02-08 15:00:00+00:00,49.422930916666665,40.532913
2025-02-08 16:00:00+00:00,49.56175208333334,38.444637
2025-02-08 17:00:00+00:00,46.068433999999996,36.743385
2025-02-08 18:00:00+00:00,46.603908999999994,35.47559
2025-02-08 19:00:00+00:00,42.117388666666656,34.671352
2025-02-08 20:00:00+00:00,40.789948,34.46067
2025-02-08 21:00:00+00:00,40.417033833333335,35.581554
2025-02-08 22:00:00+00:00,41.05161783333333,40.04206
2025-02-08 23:00:00+00:00,43.207558416666664,45.54263
2025-02-09 00:00:00+00:00,41.73077416666667,46.526134
2025-02-09 01:00:00+00:00,38.468325166666666,44.028034
2025-02-09 02:00:00+00:00,35.52284341666667,40.233807
2025-02-09 03:00:00+00:00,33.15618308333333,37.007774
2025-02-09 04:00:00+00:00,31.178627916666667,34.91661
2025-02-09 05:00:00+00:00,29.800081666666667,33.712196
2025-02-09 06:00:00+00:00,28.74546083333333,33.114044
2025-02-09 07:00:00+00:00,28.214291583333335,27.920918
2025-02-09 08:00:00+00:00,29.573087916666665,27.447681
2025-02-09 09:00:00+00:00,30.087864,26.96695
2025-02-09 10:00:00+00:00,30.410349416666666,26.828964
2025-02-09 11:00:00+00:00,32.35013958333334,27.547867
2025-02-09 12:00:00+00:00,35.52445558333333,29.596277
2025-02-09 13:00:00+00:00,35.717951666666664,32.245083
2025-02-09 14:00:00+00:00,29.444713250000003,33.411144
2025-02-09 15:00:00+00:00,29.76470133333334,33.006657
2025-02-09 16:00:00+00:00,29.950845833333332,32.043446
2025-02-09 17:00:00+00:00,28.077308916666667,31.129913
2025-02-09 18:00:00+00:00,27.33967991666667,30.547928
2025-02-09 19:00:00+00:00,26.325284166666666,30.542164
2025-02-09 20:00:00+00:00,27.691957833333333,31.632324
2025-02-09 21:00:00+00:00,30.232679833333332,34.37475
2025-02-09 22:00:00+00:00,47.807879250000006,37.959305
2025-02-09 23:00:00+00:00,46.11491041666667,39.818195
2025-02-10 00:00:00+00:00,42.237306,38.470695
2025-02-10 01:00:00+00:00,41.659626833333334,35.246246
2025-02-10 02:00:00+00:00,42.49096375,32.42358
2025-02-10 03:00:00+00:00,39.53303825,30.497755
2025-02-10 04:00:00+00:00,36.887071999999996,29.196619
2025-02-10 05:00:00+00:00,36.25967925,28.385519
2025-02-10 06:00:00+00:00,33.562034000000004,28.006104
2025-02-10 07:00:00+00:00,33.89349658333333,33.114418
2025-02-10 08:00:00+00:00,34.090788583333335,34.20806
2025-02-10 09:00:00+00:00,34.80136266666667,37.142185
2025-02-10 10:00:00+00:00,39.167879166666665,43.35547
2025-02-10 11:00:00+00:00,67.831986,48.6392
2025-02-10 12:00:00+00:00,84.91300725,50.59362
2025-02-10 13:00:00+00:00,49.79035633333333,50.47225
2025-02-10 14:00:00+00:00,41.2134005,48.92571
2025-02-10 15:00:00+00:00,40.09903116666667,46.533955
2025-02-10 16:00:00+00:00,36.98515583333333,43.983727
2025-02-10 17:00:00+00:00,36.80190575,41.776657
2025-02-10 18:00:00+00:00,34.21391425,39.85152
2025-02-10 19:00:00+00:00,33.67244108333333,37.82099
2025-02-10 20:00:00+00:00,34.89757958333333,36.31502
2025-02-10 21:00:00+00:00,38.868023,37.03625
2025-02-10 22:00:00+00:00,57.0494305,43.049114
2025-02-10 23:00:00+00:00,67.882649,50.120155
2025-02-11 00:00:00+00:00,55.50736275,51.437202
2025-02-11 01:00:00+00:00,55.57426108333333,49.15897
2025-02-11 02:00:00+00:00,55.449194750000004,44.723648
2025-02-11 03:00:00+00:00,47.60328933333333,40.041058
2025-02-11 04:00:00+00:00,42.23829566666666,36.563843
2025-02-11 05:00:00+00:00,34.78728208333333,34.330074
2025-02-11 06:00:00+00:00,33.35550691666666,32.896782
2025-02-11 07:00:00+00:00,31.29398058333333,32.96089
2025-02-11 08:00:00+00:00,31.450127249999994,34.65996
2025-02-11 09:00:00+00:00,31.72991741666667,38.289833
2025-02-11 10:00:00+00:00,32.87940591666666,43.679455
2025-02-11 11:00:00+00:00,41.95218058333334,47.395042
2025-02-11 12:00:00+00:00,47.887554333333334,48.4718
2025-02-11 13:00:00+00:00,49.76710558333334,47.87829
2025-02-11 14:00:00+00:00,50.3322015,46.31312
2025-02-11 15:00:00+00:00,62.2923485,44.48713
2025-02-11 16:00:00+00:00,53.01061675,42.884426
2025-02-11 17:00:00+00:00,50.44371908333333,41.60694
2025-02-11 18:00:00+00:00,48.283097166666664,40.171062
2025-02-11 19:00:00+00:00,44.19983908333332,38.194393
2025-02-11 20:00:00+00:00,43.64427375,36.657375
2025-02-11 21:00:00+00:00,42.75724466666667,37.733635
2025-02-11 22:00:00+00:00,47.334001666666666,43.79117
2025-02-11 23:00:00+00:00,49.49271325,49.78918
2025-02-12 00:00:00+00:00,45.29477325,50.533215
2025-02-12 01:00:00+00:00,43.35051683333332,47.36865
2025-02-12 02:00:00+00:00,41.65983466666667,42.677967
2025-02-12 03:00:00+00:00,36.554822083333335,38.403957
2025-02-12 04:00:00+00:00,35.62443158333333,35.230064
2025-02-12 05:00:00+00:00,39.18182766666667,33.03102
2025-02-12 06:00:00+00:00,37.611174,31.543137
2025-02-12 07:00:00+00:00,34.39193491666666,35.966698
2025-02-12 08:00:00+00:00,34.533702416666664,36.72125
2025-02-12 09:00:00+00:00,35.78594975,38.787308
2025-02-12 10:00:00+00:00,38.61142916666667,43.514698
2025-02-12 11:00:00+00:00,42.36333858333334,49.187485
2025-02-12 12:00:00+00:00,48.55994116666667,52.421425
2025-02-12 13:00:00+00:00,49.88409433333334,52.819313
2025-02-12 14:00:00+00:00,48.93389583333334,51.116238
2025-02-12 15:00:00+00:00,55.819823750000005,48.25686
2025-02-12 16:00:00+00:00,49.15735449999999,45.505077
2025-02-12 17:00:00+00:00,46.99593266666667,43.254276
2025-02-12 18:00:00+00:00,46.011977083333335,41.090214
2025-02-12 19:00:00+00:00,42.940135166666664,39.95472
2025-02-12 20:00:00+00:00,43.13393525,42.38297
2025-02-12 21:00:00+00:00,43.44451591666667,49.815292
2025-02-12 22:00:00+00:00,49.7794855,55.31827
2025-02-12 23:00:00+00:00,50.886095250000004,56.612186
2025-02-13 00:00:00+00:00,49.512757750000006,53.78942
2025-02-13 01:00:00+00:00,46.26023633333333,48.204216
2025-02-13 02:00:00+00:00,41.57767391666667,42.458637
2025-02-13 03:00:00+00:00,37.29413533333334,38.45402
2025-02-13 04:00:00+00:00,33.75847575,36.159935
2025-02-13 05:00:00+00:00,37.49788575,35.098484
2025-02-13 06:00:00+00:00,35.301240666666665,35.09771
2025-02-13 07:00:00+00:00,33.06667616666667,34.31671
2025-02-13 08:00:00+00:00,32.41127816666667,34.734474
2025-02-13 09:00:00+00:00,33.771672,36.07077
2025-02-13 10:00:00+00:00,36.437463916666665,39.77382
2025-02-13 11:00:00+00:00,40.30642291666667,45.266037
2025-02-13 12:00:00+00:00,48.01745175,48.488647
2025-02-13 13:00:00+00:00,46.714032333333336,48.69662
2025-02-13 14:00:00+00:00,44.44523616666667,47.059593
2025-02-13 15:00:00+00:00,43.96168658333334,44.943638
2025-02-13 16:00:00+00:00,38.98711725,43.222725
2025-02-13 17:00:00+00:00,38.04871791666667,41.887836
2025-02-13 18:00:00+00:00,35.099278250000005,40.56432
2025-02-13 19:00:00+00:00,32.47296225,39.938805
2025-02-13 20:00:00+00:00,31.932341750000006,42.06729
2025-02-13 21:00:00+00:00,35.17251458333333,46.8525
2025-02-13 22:00:00+00:00,48.748767750000006,51.14227
2025-02-13 23:00:00+00:00,57.64881616666666,51.99454
2025-02-14 00:00:00+00:00,51.91040983333333,48.64124
2025-02-14 01:00:00+00:00,50.979423499999996,43.706875
2025-02-14 02:00:00+00:00,47.298281333333335,39.81902
2025-02-14 03:00:00+00:00,43.572735,37.16549
2025-02-14 04:00:00+00:00,39.40392616666667,35.304585
2025-02-14 05:00:00+00:00,42.68179249999999,34.068928
2025-02-14 06:00:00+00:00,42.40195883333333,33.462097
2025-02-14 07:00:00+00:00,41.74536308333334,42.666397
2025-02-14 08:00:00+00:00,41.982606499999996,44.52127
2025-02-14 09:00:00+00:00,45.89785933333334,48.13775
2025-02-14 10:00:00+00:00,45.83963958333334,52.41976
2025-02-14 11:00:00+00:00,66.97483774999999,54.711735
2025-02-14 12:00:00+00:00,84.54774816666666,55.1309
2025-02-14 13:00:00+00:00,47.431238083333334,54.224243
2025-02-14 14:00:00+00:00,38.60986591666667,52.33596
2025-02-14 15:00:00+00:00,40.46158225,50.003212
2025-02-14 16:00:00+00:00,37.268457833333336,47.71752
2025-02-14 17:00:00+00:00,35.73257125,45.764576
2025-02-14 18:00:00+00:00,34.58622858333333,44.146713
2025-02-14 19:00:00+00:00,34.02984358333333,42.909554
2025-02-14 20:00:00+00:00,34.83018308333333,42.34319
2025-02-14 21:00:00+00:00,37.578259333333335,42.84766
2025-02-14 22:00:00+00:00,48.93850225,45.676952
2025-02-14 23:00:00+00:00,49.92964191666667,52.244415
2025-02-15 00:00:00+00:00,47.0503615,54.991127
2025-02-15 01:00:00+00:00,46.322874500000005,53.02497
2025-02-15 02:00:00+00:00,42.29271408333333,49.28687
2025-02-15 03:00:00+00:00,39.47147575,45.38712
2025-02-15 04:00:00+00:00,36.669788583333336,42.682323
2025-02-15 05:00:00+00:00,38.04446166666667,41.367393
2025-02-15 06:00:00+00:00,36.65678316666666,41.060596
2025-02-15 07:00:00+00:00,36.136213,36.058174
2025-02-15 08:00:00+00:00,36.30016941666667,36.103886
2025-02-15 09:00:00+00:00,36.495197499999996,36.458412
2025-02-15 10:00:00+00:00,36.0587905,37.686035
2025-02-15 11:00:00+00:00,36.2371335,39.657833
2025-02-15 12:00:00+00:00,39.35098266666667,40.76583
2025-02-15 13:00:00+00:00,42.156889166666666,40.25768
2025-02-15 14:00:00+00:00,45.30092341666667,39.000275
2025-02-15 15:00:00+00:00,49.11256174999999,37.720592
2025-02-15 16:00:00+00:00,45.97622833333333,36.57961
2025-02-15 17:00:00+00:00,45.55784533333334,35.65566
2025-02-15 18:00:00+00:00,44.57086833333333,35.2325
2025-02-15 19:00:00+00:00,41.659212666666676,35.761456
2025-02-15 20:00:00+00:00,39.51171725,37.670567
2025-02-15 21:00:00+00:00,38.48978041666667,40.210926
2025-02-15 22:00:00+00:00,42.052343916666665,42.112217
2025-02-15 23:00:00+00:00,42.07944616666666,42.70806
2025-02-16 00:00:00+00:00,39.09935483333333,41.15348
2025-02-16 01:00:00+00:00,37.56528591666667,38.587986
2025-02-16 02:00:00+00:00,35.25753375,36.54016
2025-02-16 03:00:00+00:00,33.70981166666667,35.24006
2025-02-16 04:00:00+00:00,32.66218725,34.47113
2025-02-16 05:00:00+00:00,30.84023458333333,34.086266
2025-02-16 06:00:00+00:00,28.930709083333333,34.049347
2025-02-16 07:00:00+00:00,27.0180725,28.887642
2025-02-16 08:00:00+00:00,26.372597916666667,28.297974
2025-02-16 09:00:00+00:00,27.137775833333333,27.776588
2025-02-16 10:00:00+00:00,27.23206933333333,27.696888
2025-02-16 11:00:00+00:00,28.822239999999997,28.520195
2025-02-16 12:00:00+00:00,29.553213999999997,30.565022
2025-02-16 13:00:00+00:00,30.616948749999995,33.066013
2025-02-16 14:00:00+00:00,31.653681416666668,34.257927
2025-02-16 15:00:00+00:00,32.253205916666666,34.07922
2025-02-16 16:00:00+00:00,32.681633,33.371143
2025-02-16 17:00:00+00:00,31.434405666666663,32.646767
2025-02-16 18:00:00+00:00,30.020555666666667,32.134563
2025-02-16 19:00:00+00:00,29.09829675,31.984499
2025-02-16 20:00:00+00:00,28.610961750000005,32.46063
2025-02-16 21:00:00+00:00,30.242347083333332,33.959854
2025-02-16 22:00:00+00:00,35.44391708333333,36.591534
2025-02-16 23:00:00+00:00,42.927163166666666,39.202557
2025-02-17 00:00:00+00:00,41.87665275,39.479137
2025-02-17 01:00:00+00:00,39.79327175,37.156807
2025-02-17 02:00:00+00:00,38.27533975,34.290154
2025-02-17 03:00:00+00:00,36.226805250000005,32.147545
2025-02-17 04:00:00+00:00,34.70238175,30.685646
2025-02-17 05:00:00+00:00,35.38279525,29.751875
2025-02-17 06:00:00+00:00,35.581569583333334,29.23756
2025-02-17 07:00:00+00:00,35.09122191666667,35.398464
2025-02-17 08:00:00+00:00,35.876659499999995,37.010437
2025-02-17 09:00:00+00:00,37.48104166666666,40.791084
2025-02-17 10:00:00+00:00,42.0108275,47.078438
2025-02-17 11:00:00+00:00,58.08177666666666,51.600452
2025-02-17 12:00:00+00:00,60.53813241666666,53.03691
2025-02-17 13:00:00+00:00,48.109082666666666,52.197433
2025-02-17 14:00:00+00:00,40.59266283333333,49.658394
2025-02-17 15:00:00+00:00,41.403994000000004,46.233124
2025-02-17 16:00:00+00:00,39.657704083333336,42.809357
2025-02-17 17:00:00+00:00,37.038688416666666,40.039257
2025-02-17 18:00:00+00:00,36.39575558333333,37.976273
2025-02-17 19:00:00+00:00,36.01300583333333,36.350025
2025-02-17 20:00:00+00:00,36.347142416666664,35.277336
2025-02-17 21:00:00+00:00,40.74816191666667,35.3546
2025-02-17 22:00:00+00:00,67.33059691666666,38.464497
2025-02-17 23:00:00+00:00,81.44242975,47.444775
2025-02-18 00:00:00+00:00,68.32605441666666,52.68156
2025-02-18 01:00:00+00:00,64.91150958333334,51.33394
2025-02-18 02:00:00+00:00,61.62128899999999,46.435547
2025-02-18 03:00:00+00:00,56.90376275,40.82737
2025-02-18 04:00:00+00:00,54.17880399999999,36.811802
2025-02-18 05:00:00+00:00,56.06684533333333,34.517612
2025-02-18 06:00:00+00:00,56.33347733333333,33.375652
2025-02-18 07:00:00+00:00,55.37418516666666,56.136784
2025-02-18 08:00:00+00:00,54.97468008333333,59.48094
2025-02-18 09:00:00+00:00,56.35320683333333,62.33345
2025-02-18 10:00:00+00:00,65.53338891666667,63.88481
2025-02-18 11:00:00+00:00,102.18438275,64.14151
2025-02-18 12:00:00+00:00,116.6565615,63.32794
2025-02-18 13:00:00+00:00,72.68091075,61.771423
2025-02-18 14:00:00+00:00,61.201909666666666,59.894993
2025-02-18 15:00:00+00:00,63.139316666666666,58.188225
2025-02-18 16:00:00+00:00,59.79861866666667,56.899956
2025-02-18 17:00:00+00:00,58.76996041666666,56.026505
2025-02-18 18:00:00+00:00,53.80703475000001,55.46136
2025-02-18 19:00:00+00:00,50.31230433333334,55.2196
2025-02-18 20:00:00+00:00,50.34646166666667,56.00043
2025-02-18 21:00:00+00:00,59.08253416666667,59.310654
2025-02-18 22:00:00+00:00,84.24814875,62.996445
2025-02-18 23:00:00+00:00,114.332859,62.58892
2025-02-19 00:00:00+00:00,98.36421625000001,59.31774
2025-02-19 01:00:00+00:00,87.41622108333331,55.762665
2025-02-19 02:00:00+00:00,81.07560791666667,53.718773
2025-02-19 03:00:00+00:00,74.00055791666666,53.34962
2025-02-19 04:00:00+00:00,68.50464266666667,53.261353
2025-02-19 05:00:00+00:00,79.88589,52.56948
2025-02-19 06:00:00+00:00,78.15088875,51.19674
2025-02-19 07:00:00+00:00,74.27436116666667,75.940796
2025-02-19 08:00:00+00:00,75.73076958333333,79.795815
2025-02-19 09:00:00+00:00,69.63263216666667,83.71678
2025-02-19 10:00:00+00:00,73.02582116666666,86.318115
2025-02-19 11:00:00+00:00,124.84204658333334,86.94165
2025-02-19 12:00:00+00:00,142.90493925,86.059784
2025-02-19 13:00:00+00:00,123.49940275,84.3996
2025-02-19 14:00:00+00:00,103.35388749999998,82.40033
2025-02-19 15:00:00+00:00,127.70049,80.34012
2025-02-19 16:00:00+00:00,113.81825274999998,78.47405
2025-02-19 17:00:00+00:00,104.64751341666665,77.03241
2025-02-19 18:00:00+00:00,91.9052525,76.23419
2025-02-19 19:00:00+00:00,84.07244416666667,77.46832
2025-02-19 20:00:00+00:00,80.12233733333333,83.50939
2025-02-19 21:00:00+00:00,90.402376,88.59871
2025-02-19 22:00:00+00:00,102.24387625000001,85.55604
2025-02-19 23:00:00+00:00,144.49119366666667,79.006
2025-02-20 00:00:00+00:00,129.82660816666666,73.61956
2025-02-20 01:00:00+00:00,117.19890099999998,71.39694
2025-02-20 02:00:00+00:00,108.84450650000001,71.704056
2025-02-20 03:00:00+00:00,93.24716208333332,71.877754
2025-02-20 04:00:00+00:00,89.45748291666666,70.780495
2025-02-20 05:00:00+00:00,89.47340666666666,68.502335
2025-02-20 06:00:00+00:00,84.30419066666667,65.30218
2025-02-20 07:00:00+00:00,79.17105591666667,82.358116
2025-02-20 08:00:00+00:00,75.82503916666667,87.73798
2025-02-20 09:00:00+00:00,78.72147941666667,95.8806
2025-02-20 10:00:00+00:00,89.72183883333334,104.22899
2025-02-20 11:00:00+00:00,119.45522799999999,108.95891
2025-02-20 12:00:00+00:00,164.36971416666668,109.553345
2025-02-20 13:00:00+00:00,137.34489291666668,106.936035
2025-02-20 14:00:00+00:00,113.97629316666666,102.14902
2025-02-20 15:00:00+00:00,115.41459666666667,96.9447
2025-02-20 16:00:00+00:00,103.92628733333335,92.23205
2025-02-20 17:00:00+00:00,93.06095291666666,88.19103
2025-02-20 18:00:00+00:00,88.95172391666667,85.28052
2025-02-20 19:00:00+00:00,79.23451216666668,83.86764
2025-02-20 20:00:00+00:00,76.87154608333334,84.55934
2025-02-20 21:00:00+00:00,84.83016975,91.394295
2025-02-20 22:00:00+00:00,110.91468900000001,106.03837
2025-02-20 23:00:00+00:00,126.03343283333335,108.68148
2025-02-21 00:00:00+00:00,127.98470625,100.67499
2025-02-21 01:00:00+00:00,116.53241324999999,90.60401
2025-02-21 02:00:00+00:00,116.91525066666667,82.42891
2025-02-21 03:00:00+00:00,110.78942250000001,77.89879
2025-02-21 04:00:00+00:00,107.65604358333333,76.535034
2025-02-21 05:00:00+00:00,123.71945333333333,78.35865
2025-02-21 06:00:00+00:00,122.33630816666668,82.92938
2025-02-21 07:00:00+00:00,125.67511358333333,118.91165
2025-02-21 08:00:00+00:00,120.66914291666666,119.69061
2025-02-21 09:00:00+00:00,124.52531166666667,117.826355
2025-02-21 10:00:00+00:00,134.71969858333333,113.37314
2025-02-21 11:00:00+00:00,191.17617741666663,108.10085
2025-02-21 12:00:00+00:00,207.87127441666667,103.541046
2025-02-21 13:00:00+00:00,120.19261308333334,99.96755
2025-02-21 14:00:00+00:00,88.32131141666667,97.335655
2025-02-21 15:00:00+00:00,56.41657658333333,95.72466
2025-02-21 16:00:00+00:00,50.58836925,95.14484
2025-02-21 17:00:00+00:00,48.78919366666668,95.64169
2025-02-21 18:00:00+00:00,43.13976591666666,97.57897
2025-02-21 19:00:00+00:00,40.724023833333334,102.185646
2025-02-21 20:00:00+00:00,40.46780883333333,109.455315
2025-02-21 21:00:00+00:00,46.98603583333333,111.655205
2025-02-21 22:00:00+00:00,77.2880575,105.66304
2025-02-21 23:00:00+00:00,91.35242858333334,97.950134
2025-02-22 00:00:00+00:00,81.069186,92.991936
2025-02-22 01:00:00+00:00,65.95430958333334,92.132645
2025-02-22 02:00:00+00:00,66.2896845,94.9897
2025-02-22 03:00:00+00:00,62.18739841666667,100.96321
2025-02-22 04:00:00+00:00,57.726501750000004,105.768425
2025-02-22 05:00:00+00:00,57.693253999999996,106.39438
2025-02-22 06:00:00+00:00,55.595802666666664,104.2674
2025-02-22 07:00:00+00:00,55.2838275,55.571007
2025-02-22 08:00:00+00:00,56.291661166666664,53.046257
2025-02-22 09:00:00+00:00,59.971927083333334,50.730396
2025-02-22 10:00:00+00:00,60.53838375,49.75226
2025-02-22 11:00:00+00:00,76.72826441666668,50.949768
2025-02-22 12:00:00+00:00,77.28101666666667,53.707314
2025-02-22 13:00:00+00:00,55.50926808333333,56.25306
2025-02-22 14:00:00+00:00,45.083826833333326,57.35173
2025-02-22 15:00:00+00:00,36.34017541666667,57.012573
2025-02-22 16:00:00+00:00,35.271980250000006,55.824314
2025-02-22 17:00:00+00:00,32.2636025,54.489517
2025-02-22 18:00:00+00:00,30.573725,53.70486
2025-02-22 19:00:00+00:00,29.87796625,54.065998
2025-02-22 20:00:00+00:00,30.346502333333333,55.956093
2025-02-22 21:00:00+00:00,32.447310083333335,59.27703
2025-02-22 22:00:00+00:00,42.24209083333333,63.1434
2025-02-22 23:00:00+00:00,49.87633866666667,66.088005
2025-02-23 00:00:00+00:00,49.173987749999995,66.26619
2025-02-23 01:00:00+00:00,44.258531500000004,63.127
2025-02-23 02:00:00+00:00,39.7754965,58.81542
2025-02-23 03:00:00+00:00,36.50259225,55.317867
2025-02-23 04:00:00+00:00,34.73587233333333,53.047184
2025-02-23 05:00:00+00:00,38.61494391666667,51.788376
2025-02-23 06:00:00+00:00,36.732222166666666,51.394318
2025-02-23 07:00:00+00:00,36.620257083333335,35.876377
2025-02-23 08:00:00+00:00,39.22557483333333,34.061512
2025-02-23 09:00:00+00:00,42.93871066666666,32.910595
2025-02-23 10:00:00+00:00,44.509883083333335,34.722576
2025-02-23 11:00:00+00:00,46.08196908333334,40.39484
2025-02-23 12:00:00+00:00,46.91832516666667,46.2842
2025-02-23 13:00:00+00:00,34.630790166666664,48.038395
2025-02-23 14:00:00+00:00,31.8510675,46.124046
2025-02-23 15:00:00+00:00,31.232979083333333,42.69034
2025-02-23 16:00:00+00:00,29.83911175,39.061615
2025-02-23 17:00:00+00:00,28.868428750000003,36.21945
2025-02-23 18:00:00+00:00,27.5066325,35.241444
2025-02-23 19:00:00+00:00,27.044596749999997,37.37682
2025-02-23 20:00:00+00:00,27.427539999999997,43.524097
2025-02-23 21:00:00+00:00,29.693901333333333,51.518257
2025-02-23 22:00:00+00:00,40.87541975,57.575546
2025-02-23 23:00:00+00:00,50.96119516666667,59.0114
2025-02-24 00:00:00+00:00,44.14173133333333,53.576454
2025-02-24 01:00:00+00:00,37.713296,45.130413
2025-02-24 02:00:00+00:00,35.140776833333334,38.311024
2025-02-24 03:00:00+00:00,32.71603858333334,33.919003
2025-02-24 04:00:00+00:00,31.479136166666667,31.450573
2025-02-24 05:00:00+00:00,30.411158416666666,30.487316
2025-02-24 06:00:00+00:00,30.047196166666666,31.057697
2025-02-24 07:00:00+00:00,29.7869505,29.313179
2025-02-24 08:00:00+00:00,29.933319166666667,31.098793
2025-02-24 09:00:00+00:00,32.523445583333334,36.28012
2025-02-24 10:00:00+00:00,36.48175716666667,47.405663
2025-02-24 11:00:00+00:00,67.31554025,59.303406
2025-02-24 12:00:00+00:00,59.84687466666667,63.21099
2025-02-24 13:00:00+00:00,36.18633908333334,58.72119
2025-02-24 14:00:00+00:00,34.26640441666667,50.65759
2025-02-24 15:00:00+00:00,32.136902166666665,42.762638
2025-02-24 16:00:00+00:00,31.01472766666667,36.254837
2025-02-24 17:00:00+00:00,30.139304083333332,31.241695
2025-02-24 18:00:00+00:00,29.28418275,28.044481
2025-02-24 19:00:00+00:00,29.081459,27.597702
2025-02-24 20:00:00+00:00,29.794096666666665,32.592747
2025-02-24 21:00:00+00:00,31.426208666666668,45.243782
2025-02-24 22:00:00+00:00,45.18429125,58.164738
2025-02-24 23:00:00+00:00,56.610678166666666,65.032875
2025-02-25 00:00:00+00:00,49.80420883333333,61.050056
2025-02-25 01:00:00+00:00,46.181415416666674,48.724384
2025-02-25 02:00:00+00:00,41.94379391666667,36.735607
2025-02-25 03:00:00+00:00,34.61280858333333,28.61307
2025-02-25 04:00:00+00:00,34.093056833333335,23.550556
2025-02-25 05:00:00+00:00,31.002335833333333,20.720028
2025-02-25 06:00:00+00:00,30.721809250000003,19.870049
2025-02-25 07:00:00+00:00,30.327828333333336,30.422846
2025-02-25 08:00:00+00:00,30.805999083333337,31.35491
2025-02-25 09:00:00+00:00,32.386469749999996,33.71672
2025-02-25 10:00:00+00:00,37.280230249999995,38.34962
2025-02-25 11:00:00+00:00,58.24857633333334,42.9458
2025-02-25 12:00:00+00:00,64.06564791666666,44.754337
2025-02-25 13:00:00+00:00,37.883332333333335,43.93147
2025-02-25 14:00:00+00:00,33.4441885,41.671684
2025-02-25 15:00:00+00:00,32.9933205,39.066433
2025-02-25 16:00:00+00:00,30.473627500000003,36.745594
2025-02-25 17:00:00+00:00,29.227881166666666,34.998
2025-02-25 18:00:00+00:00,27.550844,33.698036
2025-02-25 19:00:00+00:00,25.791741416666667,32.704628
2025-02-25 20:00:00+00:00,26.10534783333334,32.972733
2025-02-25 21:00:00+00:00,28.22247691666666,36.32921
2025-02-25 22:00:00+00:00,40.4066325,41.571777
2025-02-25 23:00:00+00:00,55.8218565,45.249413
2025-02-26 00:00:00+00:00,50.09701208333333,45.205505
2025-02-26 01:00:00+00:00,42.64626858333333,41.586765
2025-02-26 02:00:00+00:00,36.67403616666667,36.986916
2025-02-26 03:00:00+00:00,32.985037999999996,33.39729
2025-02-26 04:00:00+00:00,29.28236075,30.906733
2025-02-26 05:00:00+00:00,28.202775583333334,29.181622
2025-02-26 06:00:00+00:00,26.63100283333333,28.115566
2025-02-26 07:00:00+00:00,24.87423383333333,26.244518
2025-02-26 08:00:00+00:00,25.112788499999997,26.765722
2025-02-26 09:00:00+00:00,26.388601249999997,28.61303
2025-02-26 10:00:00+00:00,31.675844916666666,33.4473
2025-02-26 11:00:00+00:00,51.879563749999996,39.089745
2025-02-26 12:00:00+00:00,46.53505783333334,41.346554
2025-02-26 13:00:00+00:00,30.49018566666667,40.50505
2025-02-26 14:00:00+00:00,28.139016833333333,38.24214
2025-02-26 15:00:00+00:00,28.9106075,35.80238
2025-02-26 16:00:00+00:00,27.168226416666663,33.787327
2025-02-26 17:00:00+00:00,26.67413025,32.301903
2025-02-26 18:00:00+00:00,25.891335916666666,31.069418
2025-02-26 19:00:00+00:00,24.909784083333335,30.29788
2025-02-26 20:00:00+00:00,25.215180166666666,31.386269
2025-02-26 21:00:00+00:00,26.096354166666668,35.188866
2025-02-26 22:00:00+00:00,37.240386916666665,39.627567
2025-02-26 23:00:00+00:00,44.61520658333333,41.846653
2025-02-27 00:00:00+00:00,35.91549691666667,40.296436
2025-02-27 01:00:00+00:00,33.81381183333333,36.057983
2025-02-27 02:00:00+00:00,29.752961,31.94947
2025-02-27 03:00:00+00:00,26.467383833333333,29.046082
2025-02-27 04:00:00+00:00,25.43084991666667,27.0192
2025-02-27 05:00:00+00:00,25.339679583333332,25.668114
2025-02-27 06:00:00+00:00,25.184998750000002,24.944757
2025-02-27 07:00:00+00:00,24.292946999999998,23.989983
2025-02-27 08:00:00+00:00,24.311537,24.136612
2025-02-27 09:00:00+00:00,24.811330416666667,25.032782
2025-02-27 10:00:00+00:00,26.392471583333332,28.030212
2025-02-27 11:00:00+00:00,35.60943258333334,33.005104
2025-02-27 12:00:00+00:00,40.77247608333334,36.361584
2025-02-27 13:00:00+00:00,37.18305766666666,36.755764
2025-02-27 14:00:00+00:00,35.542976833333334,35.3108
2025-02-27 15:00:00+00:00,34.259550499999996,33.375713
2025-02-27 16:00:00+00:00,30.404160250000004,31.698574
2025-02-27 17:00:00+00:00,29.210908166666666,30.396553
2025-02-27 18:00:00+00:00,27.409047166666667,29.21007
2025-02-27 19:00:00+00:00,26.595065333333334,28.578104
2025-02-27 20:00:00+00:00,26.17100541666667,30.09759
2025-02-27 21:00:00+00:00,27.782892583333336,33.96062
2025-02-27 22:00:00+00:00,34.720071,37.84442
2025-02-27 23:00:00+00:00,47.20216741666667,39.493103
2025-02-28 00:00:00+00:00,46.52010525,37.500916
2025-02-28 01:00:00+00:00,43.918182,33.356434
2025-02-28 02:00:00+00:00,41.92909675,29.624065
2025-02-28 03:00:00+00:00,32.19627908333333,26.969505
2025-02-28 04:00:00+00:00,29.050079,25.095037
2025-02-28 05:00:00+00:00,28.896781563333338,23.852272
2025-02-28 06:00:00+00:00,28.743484126666665,23.230675
2025-02-28 07:00:00+00:00,28.590186689999996,28.217152
2025-03-01 05:00:00+00:00,25.217643083333332,29.065964
2025-03-01 06:00:00+00:00,24.82432658333333,31.219559
2025-03-01 07:00:00+00:00,23.365302999999997,35.944626
2025-03-01 08:00:00+00:00,23.995137,40.72995
2025-03-01 09:00:00+00:00,24.785263250000003,42.74365
2025-03-01 10:00:00+00:00,26.764502750000002,42.438244
2025-03-01 11:00:00+00:00,28.543720250000003,40.613445
2025-03-01 12:00:00+00:00,32.31358975,38.160408
2025-03-01 13:00:00+00:00,27.363517833333336,35.823605
2025-03-01 14:00:00+00:00,26.365481500000005,33.950645
2025-03-01 15:00:00+00:00,27.05692375,32.28197
2025-03-01 16:00:00+00:00,26.231266666666667,30.613445
2025-03-01 17:00:00+00:00,26.011303833333333,29.820265
2025-03-01 18:00:00+00:00,25.988414333333335,31.610548
2025-03-01 19:00:00+00:00,25.938599,37.625854
2025-03-01 20:00:00+00:00,26.514464583333336,42.568867
2025-03-01 21:00:00+00:00,31.213472666666664,42.922215
2025-03-01 22:00:00+00:00,44.65566166666667,39.943985
2025-03-01 23:00:00+00:00,58.97364366666667,35.631203
2025-03-02 00:00:00+00:00,62.622464916666665,31.837448
2025-03-02 01:00:00+00:00,61.30682974999999,29.231134
2025-03-02 02:00:00+00:00,59.43619841666666,27.593855
2025-03-02 03:00:00+00:00,56.58458466666667,26.691235
2025-03-02 04:00:00+00:00,56.15134633333333,41.732388
2025-03-02 05:00:00+00:00,48.00243666666666,38.75688
2025-03-02 06:00:00+00:00,46.1871095,36.418224
2025-03-02 07:00:00+00:00,46.297948166666664,35.24961
2025-03-02 08:00:00+00:00,47.39349033333334,35.276722
2025-03-02 09:00:00+00:00,47.54134283333334,36.060677
2025-03-02 10:00:00+00:00,49.82773075,37.214973
2025-03-02 11:00:00+00:00,69.39640608333333,38.437935
2025-03-02 12:00:00+00:00,69.30157816666666,39.56582
2025-03-02 13:00:00+00:00,43.68348483333333,40.688637
2025-03-02 14:00:00+00:00,36.4489685,41.844627
2025-03-02 15:00:00+00:00,35.5650495,42.624645
2025-03-02 16:00:00+00:00,33.109229,42.707397
2025-03-02 17:00:00+00:00,31.160041666666668,42.502544
2025-03-02 18:00:00+00:00,29.323507250000002,42.435627
2025-03-02 19:00:00+00:00,28.362398416666668,42.24953
2025-03-02 20:00:00+00:00,29.794379666666668,41.602478
2025-03-02 21:00:00+00:00,33.13407525,40.654335
2025-03-02 22:00:00+00:00,50.8370145,39.793625
2025-03-02 23:00:00+00:00,81.16656491666667,39.259537
2025-03-03 00:00:00+00:00,74.78042675,39.08017
2025-03-03 01:00:00+00:00,63.80276733333333,39.17868
2025-03-03 02:00:00+00:00,56.14867366666667,39.459488
2025-03-03 03:00:00+00:00,52.432483166666664,39.841927
2025-03-03 04:00:00+00:00,51.46821025,40.82826
2025-03-03 05:00:00+00:00,53.887577916666665,38.057392
2025-03-03 06:00:00+00:00,52.402836083333334,36.721935
2025-03-03 07:00:00+00:00,49.661224833333335,37.190147
2025-03-03 08:00:00+00:00,50.80458116666668,39.17674
2025-03-03 09:00:00+00:00,48.99542208333333,42.021347
2025-03-03 10:00:00+00:00,53.28482291666667,44.764984
2025-03-03 11:00:00+00:00,112.97315058333334,46.658512
2025-03-03 12:00:00+00:00,107.83029441666667,47.59942
2025-03-03 13:00:00+00:00,48.039355916666665,47.967125
2025-03-03 14:00:00+00:00,39.027810333333335,48.133537
2025-03-03 15:00:00+00:00,37.57276125,48.26876
2025-03-03 16:00:00+00:00,35.35911158333334,48.42071
2025-03-03 17:00:00+00:00,32.89076466666666,48.640602
2025-03-03 18:00:00+00:00,30.925114583333336,49.065018
2025-03-03 19:00:00+00:00,29.640455916666667,49.90955
2025-03-03 20:00:00+00:00,30.20442608333333,51.295055
2025-03-03 21:00:00+00:00,33.23748025,52.935688
2025-03-03 22:00:00+00:00,47.42069466666667,54.15208
2025-03-03 23:00:00+00:00,58.2441225,54.41498
2025-03-04 00:00:00+00:00,50.19629466666667,53.658035
2025-03-04 01:00:00+00:00,46.67828708333334,52.0959
2025-03-04 02:00:00+00:00,48.01600966666666,50.04494
2025-03-04 03:00:00+00:00,43.09007383333333,47.8755
2025-03-04 04:00:00+00:00,38.91581475,34.069557
2025-03-04 05:00:00+00:00,38.62237425,32.46496
2025-03-04 06:00:00+00:00,37.18313641666666,31.45069
2025-03-04 07:00:00+00:00,34.435068666666666,31.97926
2025-03-04 08:00:00+00:00,33.89796258333333,34.427303
2025-03-04 09:00:00+00:00,34.767094416666666,38.136787
2025-03-04 10:00:00+00:00,35.97527658333333,41.68299
2025-03-04 11:00:00+00:00,61.19445066666666,43.651608
2025-03-04 12:00:00+00:00,59.718942500000004,43.85001
2025-03-04 13:00:00+00:00,39.60768791666667,43.171814
2025-03-04 14:00:00+00:00,37.86741083333333,42.24624
2025-03-04 15:00:00+00:00,35.45818825,41.280552
2025-03-04 16:00:00+00:00,32.277856166666666,40.338543
2025-03-04 17:00:00+00:00,30.70307683333333,39.448845
2025-03-04 18:00:00+00:00,30.03241158333333,38.623142
2025-03-04 19:00:00+00:00,27.920326916666667,37.89775
2025-03-04 20:00:00+00:00,28.35873266666667,37.428604
2025-03-04 21:00:00+00:00,29.436292833333336,37.614002
2025-03-04 22:00:00+00:00,34.04940258333333,39.228394
2025-03-04 23:00:00+00:00,39.65413775,42.962208
2025-03-05 00:00:00+00:00,37.688118,46.7701
2025-03-05 01:00:00+00:00,35.885847250000005,47.901306
2025-03-05 02:00:00+00:00,32.060561416666665,47.20498
2025-03-05 03:00:00+00:00,28.009616750000003,46.011375
2025-03-05 04:00:00+00:00,25.266276833333333,25.822498
2025-03-05 05:00:00+00:00,25.30884991666667,22.787834
2025-03-05 06:00:00+00:00,25.279723416666666,20.608263
2025-03-05 07:00:00+00:00,21.732219,19.906122
2025-03-05 08:00:00+00:00,21.525505999999996,20.685091
2025-03-05 09:00:00+00:00,23.06112591666667,22.921835
2025-03-05 10:00:00+00:00,27.195354499999997,26.952387
2025-03-05 11:00:00+00:00,35.29738808333333,31.909466
2025-03-05 12:00:00+00:00,41.161342166666664,35.330338
2025-03-05 13:00:00+00:00,42.11215658333333,36.493397
2025-03-05 14:00:00+00:00,43.00335716666667,36.35474
2025-03-05 15:00:00+00:00,40.872945083333335,35.67857
2025-03-05 16:00:00+00:00,36.87178025,34.710846
2025-03-05 17:00:00+00:00,35.274912,33.506706
2025-03-05 18:00:00+00:00,35.95419808333333,32.310246
2025-03-05 19:00:00+00:00,33.406720916666664,31.72107
2025-03-05 20:00:00+00:00,31.068054833333335,32.827877
2025-03-05 21:00:00+00:00,31.21163341666667,36.380756
2025-03-05 22:00:00+00:00,41.14429075,40.317802
2025-03-05 23:00:00+00:00,47.18770183333333,41.53185
2025-03-06 00:00:00+00:00,46.06990541666666,39.03208
2025-03-06 01:00:00+00:00,42.982322833333335,34.48171
2025-03-06 02:00:00+00:00,38.691424833333336,30.560936
2025-03-06 03:00:00+00:00,33.6618825,27.998852
2025-03-06 04:00:00+00:00,30.01518525,28.446999
2025-03-06 05:00:00+00:00,34.43167475,26.867683
2025-03-06 06:00:00+00:00,33.43737383333333,25.593788
2025-03-06 07:00:00+00:00,32.96032116666667,25.316914
2025-03-06 08:00:00+00:00,32.04835491666667,26.820566
2025-03-06 09:00:00+00:00,34.721462333333335,30.887054
2025-03-06 10:00:00+00:00,37.50678416666667,36.756413
2025-03-06 11:00:00+00:00,55.32925508333333,41.436943
2025-03-06 12:00:00+00:00,61.45411741666667,43.327835
2025-03-06 13:00:00+00:00,48.13401616666667,43.24041
2025-03-06 14:00:00+00:00,39.99936916666667,42.195354
2025-03-06 15:00:00+00:00,42.79626341666667,40.402122
2025-03-06 16:00:00+00:00,40.902638583333335,37.9864
2025-03-06 17:00:00+00:00,38.98588541666667,35.55034
2025-03-06 18:00:00+00:00,38.30726658333334,33.66922
2025-03-06 19:00:00+00:00,37.42745816666667,32.7572
2025-03-06 20:00:00+00:00,35.88248266666667,34.253696
2025-03-06 21:00:00+00:00,38.594977666666665,39.73188
2025-03-06 22:00:00+00:00,47.422497416666666,43.79075
2025-03-06 23:00:00+00:00,68.41105666666667,42.363243
2025-03-07 00:00:00+00:00,76.27695508333333,37.695286
2025-03-07 01:00:00+00:00,65.94807683333333,33.47159
2025-03-07 02:00:00+00:00,56.81782941666666,31.093006
2025-03-07 03:00:00+00:00,51.10144875,30.226185
2025-03-07 04:00:00+00:00,44.31788566666666,43.57741
2025-03-07 05:00:00+00:00,41.89999016666666,41.880154
2025-03-07 06:00:00+00:00,39.57404925,40.97847
2025-03-07 07:00:00+00:00,37.5555485,41.10472
2025-03-07 08:00:00+00:00,37.42512008333333,42.01011
2025-03-07 09:00:00+00:00,39.96261041666667,43.1677
2025-03-07 10:00:00+00:00,47.71859375,44.089893
2025-03-07 11:00:00+00:00,82.98646333333335,44.481903
2025-03-07 12:00:00+00:00,75.74004325,44.40053
2025-03-07 13:00:00+00:00,45.69624208333334,44.131065
2025-03-07 14:00:00+00:00,39.19958066666667,43.997818
2025-03-07 15:00:00+00:00,36.95976375,44.312572
2025-03-07 16:00:00+00:00,35.05452641666667,45.309982
2025-03-07 17:00:00+00:00,33.214474833333334,46.814743
2025-03-07 18:00:00+00:00,32.15225566666667,48.07097
2025-03-07 19:00:00+00:00,32.109349083333335,48.503757
2025-03-07 20:00:00+00:00,33.473155,48.134247
2025-03-07 21:00:00+00:00,37.452515416666664,47.169727
2025-03-07 22:00:00+00:00,51.988291000000004,45.826294
2025-03-07 23:00:00+00:00,61.22319408333333,44.360386
2025-03-08 00:00:00+00:00,49.11444225,43.042366
2025-03-08 01:00:00+00:00,48.33102641666667,42.06756
2025-03-08 02:00:00+00:00,45.93050483333334,41.487823
2025-03-08 03:00:00+00:00,39.222094166666665,41.245083
2025-03-08 04:00:00+00:00,37.12180491666667,34.65395
2025-03-08 05:00:00+00:00,39.68296966666667,32.79117
2025-03-08 06:00:00+00:00,35.43846825,31.1082
2025-03-08 07:00:00+00:00,33.14512091666666,30.044594
2025-03-08 08:00:00+00:00,33.51536041666667,29.936571
2025-03-08 09:00:00+00:00,34.917351333333336,30.872555
2025-03-08 10:00:00+00:00,37.098605,32.519035
2025-03-08 11:00:00+00:00,45.61216775,34.10011
2025-03-08 12:00:00+00:00,44.40246475,34.961
2025-03-08 13:00:00+00:00,36.14384833333333,35.110004
2025-03-08 14:00:00+00:00,34.041048249999996,34.928207
2025-03-08 15:00:00+00:00,33.171824666666666,34.687473
2025-03-08 16:00:00+00:00,30.425767333333336,34.49723
2025-03-08 17:00:00+00:00,26.446188916666667,34.387375
2025-03-08 18:00:00+00:00,24.633630416666666,34.360027
2025-03-08 19:00:00+00:00,22.827581166666665,34.420986
2025-03-08 20:00:00+00:00,22.293953416666668,34.61724
2025-03-08 21:00:00+00:00,25.428712166666667,35.05972
2025-03-08 22:00:00+00:00,32.94193308333333,35.88114
2025-03-08 23:00:00+00:00,59.142879,37.25178
2025-03-09 00:00:00+00:00,52.585182083333336,39.305428
2025-03-09 01:00:00+00:00,43.53869808333334,41.29138
2025-03-09 02:00:00+00:00,42.571795166666675,42.081047
2025-03-09 03:00:00+00:00,38.957402,41.72248
2025-03-09 04:00:00+00:00,36.85178475,35.61743
2025-03-09 05:00:00+00:00,37.715090499999995,33.58445
2025-03-09 06:00:00+00:00,36.479522333333335,31.74822
2025-03-09 07:00:00+00:00,38.09155616666667,30.552124
2025-03-09 08:00:00+00:00,40.291171999999996,30.330692
2025-03-09 09:00:00+00:00,42.6079755,31.061108
2025-03-09 10:00:00+00:00,53.02535666666666,32.23686
2025-03-09 11:00:00+00:00,59.21122716666667,33.05744
2025-03-09 12:00:00+00:00,46.87346491666667,33.14006
2025-03-09 13:00:00+00:00,35.07411808333333,32.726196
2025-03-09 14:00:00+00:00,32.78826741666666,32.168106
2025-03-09 15:00:00+00:00,28.899239833333333,31.655495
2025-03-09 16:00:00+00:00,26.42867308333333,31.257286
2025-03-09 17:00:00+00:00,24.57826125,30.996902
2025-03-09 18:00:00+00:00,23.624743499999997,30.894808
2025-03-09 19:00:00+00:00,23.007560166666668,30.996695
2025-03-09 20:00:00+00:00,23.67506575,31.39864
2025-03-09 21:00:00+00:00,26.38868408333333,32.242916
2025-03-09 22:00:00+00:00,35.48329316666667,33.649246
2025-03-09 23:00:00+00:00,59.24986008333334,35.62578
2025-03-10 00:00:00+00:00,53.46785641666667,37.941475
2025-03-10 01:00:00+00:00,40.550891916666664,40.03186
2025-03-10 02:00:00+00:00,36.32697091666667,41.313366
2025-03-10 03:00:00+00:00,33.09503058333333,41.596115
2025-03-10 04:00:00+00:00,29.140387666666665,29.450027
2025-03-10 05:00:00+00:00,27.112893666666665,28.441013
2025-03-10 06:00:00+00:00,28.729184083333333,27.5159
2025-03-10 07:00:00+00:00,29.538461416666667,27.317183
2025-03-10 08:00:00+00:00,31.650668250000003,28.61139
2025-03-10 09:00:00+00:00,35.094453666666666,31.96801
2025-03-10 10:00:00+00:00,71.02071883333333,36.364815
2025-03-10 11:00:00+00:00,116.06223958333334,39.1647
2025-03-10 12:00:00+00:00,70.37771041666666,39.690548
2025-03-10 13:00:00+00:00,38.958373,39.007767
2025-03-10 14:00:00+00:00,35.69446466666667,37.92607
2025-03-10 15:00:00+00:00,32.830424916666665,36.750683
2025-03-10 16:00:00+00:00,31.363493166666668,35.55612
2025-03-10 17:00:00+00:00,28.21517575,34.378468
2025-03-10 18:00:00+00:00,26.524567333333334,33.337036
2025-03-10 19:00:00+00:00,25.0598895,32.684425
2025-03-10 20:00:00+00:00,24.167561666666668,33.20539
2025-03-10 21:00:00+00:00,26.36421841666667,36.718254
2025-03-10 22:00:00+00:00,36.84049266666667,41.679825
2025-03-10 23:00:00+00:00,54.19760783333333,42.404545
2025-03-11 00:00:00+00:00,46.075151250000005,39.590355
2025-03-11 01:00:00+00:00,34.596341,35.850227
2025-03-11 02:00:00+00:00,29.98957366666667,33.174065
2025-03-11 03:00:00+00:00,24.6039,31.774466
2025-03-11 04:00:00+00:00,21.749496750000002,21.241861
2025-03-11 05:00:00+00:00,22.766390583333333,20.418144
2025-03-11 06:00:00+00:00,21.880104250000002,19.958324
2025-03-11 07:00:00+00:00,22.076418083333333,20.78514
2025-03-11 08:00:00+00:00,22.137652666666668,23.78506
2025-03-11 09:00:00+00:00,24.453543250000003,28.87866
2025-03-11 10:00:00+00:00,50.67182616666667,33.312782
2025-03-11 11:00:00+00:00,68.50224691666666,34.920338
2025-03-11 12:00:00+00:00,39.861034249999996,34.52415
2025-03-11 13:00:00+00:00,28.07773991666667,33.372135
2025-03-11 14:00:00+00:00,26.8931335,32.055637
2025-03-11 15:00:00+00:00,26.652386916666668,30.722078
2025-03-11 16:00:00+00:00,26.420081416666665,29.30946
2025-03-11 17:00:00+00:00,25.86506441666667,27.842108
2025-03-11 18:00:00+00:00,25.037942,26.747974
2025-03-11 19:00:00+00:00,24.61776625,27.049603
2025-03-11 20:00:00+00:00,25.377576166666667,30.481117
2025-03-11 21:00:00+00:00,27.71643625,35.96921
2025-03-11 22:00:00+00:00,39.57711533333333,38.46927
2025-03-11 23:00:00+00:00,58.070545083333336,36.6911
2025-03-12 00:00:00+00:00,48.69834,32.223454
2025-03-12 01:00:00+00:00,35.23696525,27.863014
2025-03-12 02:00:00+00:00,30.20628225,24.88765
2025-03-12 03:00:00+00:00,27.862756416666667,23.03263
2025-03-12 04:00:00+00:00,29.076464333333334,23.247757
2025-03-12 05:00:00+00:00,30.383421249999994,21.386475
2025-03-12 06:00:00+00:00,30.29078425,19.853989
2025-03-12 07:00:00+00:00,31.08811108333333,19.298723
2025-03-12 08:00:00+00:00,33.3791805,20.370014
2025-03-12 09:00:00+00:00,37.429743083333335,23.919426
2025-03-12 10:00:00+00:00,59.92768,30.02353
2025-03-12 11:00:00+00:00,95.00788908333334,35.597336
2025-03-12 12:00:00+00:00,61.26680916666667,37.965313
2025-03-12 13:00:00+00:00,35.68489591666667,37.914604
2025-03-12 14:00:00+00:00,33.848789000000004,36.801434
2025-03-12 15:00:00+00:00,33.60419875,35.08661
2025-03-12 16:00:00+00:00,32.20302408333333,32.855366
2025-03-12 17:00:00+00:00,32.38089566666667,30.497135
2025-03-12 18:00:00+00:00,30.820504416666665,28.57654
2025-03-12 19:00:00+00:00,30.614685250000004,27.594772
2025-03-12 20:00:00+00:00,32.55873866666666,29.026878
2025-03-12 21:00:00+00:00,38.58477416666667,34.90659
2025-03-12 22:00:00+00:00,57.62474716666667,39.98204
2025-03-12 23:00:00+00:00,78.63189416666667,38.95307
2025-03-13 00:00:00+00:00,65.39879241666667,34.00901
2025-03-13 01:00:00+00:00,51.635500583333325,29.1609
2025-03-13 02:00:00+00:00,44.01772616666667,26.25129
2025-03-13 03:00:00+00:00,36.93159775,24.945312
2025-03-13 04:00:00+00:00,33.08978775,28.86052
2025-03-13 05:00:00+00:00,31.323239333333333,26.76295
2025-03-13 06:00:00+00:00,30.4792075,25.034946
2025-03-13 07:00:00+00:00,30.181913750000003,24.57473
2025-03-13 08:00:00+00:00,30.6207235,26.191406
2025-03-13 09:00:00+00:00,33.72088275,30.14642
2025-03-13 10:00:00+00:00,46.91105291666667,35.47624
2025-03-13 11:00:00+00:00,78.225012,40.320354
2025-03-13 12:00:00+00:00,62.10440941666666,43.21608
2025-03-13 13:00:00+00:00,47.51588133333333,43.753525
2025-03-13 14:00:00+00:00,42.838889083333335,42.63118
2025-03-13 15:00:00+00:00,40.88800283333333,40.5774
2025-03-13 16:00:00+00:00,36.96430433333333,38.23817
2025-03-13 17:00:00+00:00,32.804293666666666,36.114304
2025-03-13 18:00:00+00:00,31.878704,34.39985
2025-03-13 19:00:00+00:00,29.775850416666668,33.227245
2025-03-13 20:00:00+00:00,30.625259416666665,33.18096
2025-03-13 21:00:00+00:00,31.536897416666665,35.97292
2025-03-13 22:00:00+00:00,43.22963808333333,41.504025
2025-03-13 23:00:00+00:00,62.802681833333345,42.7037
2025-03-14 00:00:00+00:00,56.24840575,39.83557
2025-03-14 01:00:00+00:00,39.096407666666664,37.00765
2025-03-14 02:00:00+00:00,31.79986225,35.774036
2025-03-14 03:00:00+00:00,29.166793833333333,35.98348
2025-03-14 04:00:00+00:00,24.370677166666663,26.015602
2025-03-14 05:00:00+00:00,23.957936583333336,24.153286
2025-03-14 06:00:00+00:00,23.14453916666666,22.614029
2025-03-14 07:00:00+00:00,22.958309083333333,21.923946
2025-03-14 08:00:00+00:00,24.008221583333338,22.622795
2025-03-14 09:00:00+00:00,26.684529833333333,25.180027
2025-03-14 10:00:00+00:00,42.80832216666667,28.976448
2025-03-14 11:00:00+00:00,68.64462233333333,31.752947
2025-03-14 12:00:00+00:00,54.21273450000001,32.475613
2025-03-14 13:00:00+00:00,38.816059583333335,31.918806
2025-03-14 14:00:00+00:00,35.23497308333334,30.879372
2025-03-14 15:00:00+00:00,30.478852333333332,29.740063
2025-03-14 16:00:00+00:00,27.079364833333337,28.667517
2025-03-14 17:00:00+00:00,27.330273666666667,27.780863
2025-03-14 18:00:00+00:00,26.723043166666667,27.320713
2025-03-14 19:00:00+00:00,26.195870999999997,28.115368
2025-03-14 20:00:00+00:00,26.47063891666667,31.424341
2025-03-14 21:00:00+00:00,29.55231125,35.146202
2025-03-14 22:00:00+00:00,41.83140075,35.94913
2025-03-14 23:00:00+00:00,59.14446275,33.76924
2025-03-15 00:00:00+00:00,45.20452241666666,30.438007
2025-03-15 01:00:00+00:00,35.887472,27.895329
2025-03-15 02:00:00+00:00,29.50772875,26.599878
2025-03-15 03:00:00+00:00,26.89504141666667,26.265213
2025-03-15 04:00:00+00:00,23.828107,24.877136
2025-03-15 05:00:00+00:00,23.77663683333333,22.644497
2025-03-15 06:00:00+00:00,21.738945499999996,20.736826
2025-03-15 07:00:00+00:00,21.626052666666666,19.467718
2025-03-15 08:00:00+00:00,20.957540416666667,19.225864
2025-03-15 09:00:00+00:00,20.27260108333333,20.210821
2025-03-15 10:00:00+00:00,22.935933083333335,22.635633
2025-03-15 11:00:00+00:00,28.4333335,26.036846
2025-03-15 12:00:00+00:00,32.13792783333333,28.732788
2025-03-15 13:00:00+00:00,30.564687083333336,29.824577
2025-03-15 14:00:00+00:00,30.01704616666667,29.7926
2025-03-15 15:00:00+00:00,27.990316500000006,29.25206
2025-03-15 16:00:00+00:00,21.766329083333332,28.54013
2025-03-15 17:00:00+00:00,19.889651833333335,27.837013
2025-03-15 18:00:00+00:00,18.513976583333335,27.261633
2025-03-15 19:00:00+00:00,18.5359935,26.908573
2025-03-15 20:00:00+00:00,19.207750416666666,27.029402
2025-03-15 21:00:00+00:00,21.024175500000002,28.568
2025-03-15 22:00:00+00:00,26.132644583333327,32.6149
2025-03-15 23:00:00+00:00,35.11526083333333,36.34873
2025-03-16 00:00:00+00:00,33.431128,36.540962
2025-03-16 01:00:00+00:00,29.472546166666664,33.96614
2025-03-16 02:00:00+00:00,26.758804500000004,30.380814
2025-03-16 03:00:00+00:00,23.24539283333333,27.526817
2025-03-16 04:00:00+00:00,21.22921475,21.190935
2025-03-16 05:00:00+00:00,22.552364333333333,19.09679
2025-03-16 06:00:00+00:00,21.441937999999997,17.39029
2025-03-16 07:00:00+00:00,19.652677833333332,16.275276
2025-03-16 08:00:00+00:00,19.441203416666667,16.027393
2025-03-16 09:00:00+00:00,20.458701833333336,16.873974
2025-03-16 10:00:00+00:00,20.994229999999998,19.154106
2025-03-16 11:00:00+00:00,20.958415,22.555283
2025-03-16 12:00:00+00:00,24.474221500000002,25.26223
2025-03-16 13:00:00+00:00,26.658540583333334,26.241625
2025-03-16 14:00:00+00:00,28.16920416666667,26.009657
2025-03-16 15:00:00+00:00,28.641663416666663,25.240944
2025-03-16 16:00:00+00:00,27.911457583333334,24.32582
2025-03-16 17:00:00+00:00,26.458442333333334,23.478352
2025-03-16 18:00:00+00:00,25.128776750000004,22.840046
2025-03-16 19:00:00+00:00,25.17005933333333,22.53609
2025-03-16 20:00:00+00:00,26.536180833333333,22.800373
2025-03-16 21:00:00+00:00,29.462140416666667,24.313824
2025-03-16 22:00:00+00:00,36.55151433333334,28.258951
2025-03-16 23:00:00+00:00,57.32186416666667,33.678295
2025-03-17 00:00:00+00:00,56.16359549999999,35.82811
2025-03-17 01:00:00+00:00,45.665121666666664,33.909275
2025-03-17 02:00:00+00:00,40.829091749999996,29.889032
2025-03-17 03:00:00+00:00,33.37041333333334,26.36702
2025-03-17 04:00:00+00:00,32.065057083333336,27.417059
2025-03-17 05:00:00+00:00,30.986017583333332,25.92499
2025-03-17 06:00:00+00:00,29.522428166666664,25.2966
2025-03-17 07:00:00+00:00,29.34461325,26.349806
2025-03-17 08:00:00+00:00,30.162149166666666,29.799395
2025-03-17 09:00:00+00:00,34.52522091666666,35.3101
2025-03-17 10:00:00+00:00,48.52978058333333,40.62307
2025-03-17 11:00:00+00:00,75.00555566666667,44.049583
2025-03-17 12:00:00+00:00,58.108337500000005,45.323982
2025-03-17 13:00:00+00:00,37.362097416666664,44.78704
2025-03-17 14:00:00+00:00,37.435690916666665,43.395386
2025-03-17 15:00:00+00:00,35.032415916666665,41.914833
2025-03-17 16:00:00+00:00,30.6319605,40.69983
2025-03-17 17:00:00+00:00,28.827795166666665,39.87993
2025-03-17 18:00:00+00:00,27.610886833333335,39.45582
2025-03-17 19:00:00+00:00,25.699966249999996,39.327023
2025-03-17 20:00:00+00:00,25.628622333333336,39.306557
2025-03-17 21:00:00+00:00,27.055169333333335,39.29182
2025-03-17 22:00:00+00:00,39.29541775,39.743942
2025-03-17 23:00:00+00:00,61.755144166666675,41.875843
2025-03-18 00:00:00+00:00,49.15266033333333,44.8516
2025-03-18 01:00:00+00:00,37.158376499999996,45.79912
2025-03-18 02:00:00+00:00,32.43930483333333,45.140984
2025-03-18 03:00:00+00:00,28.340624833333333,43.924934
2025-03-18 04:00:00+00:00,28.5233695,23.77629
2025-03-18 05:00:00+00:00,26.210528833333335,22.882273
2025-03-18 06:00:00+00:00,26.353277333333335,22.42263
2025-03-18 07:00:00+00:00,26.18244758333333,23.081947
2025-03-18 08:00:00+00:00,26.795491416666664,25.574532
2025-03-18 09:00:00+00:00,32.323258583333335,29.589622
2025-03-18 10:00:00+00:00,69.17958208333333,33.304718
2025-03-18 11:00:00+00:00,102.34841041666667,35.380173
2025-03-18 12:00:00+00:00,42.404302083333334,35.759407
2025-03-18 13:00:00+00:00,33.30414183333333,35.175804
2025-03-18 14:00:00+00:00,31.479438916666666,34.118954
2025-03-18 15:00:00+00:00,29.234946333333337,32.675934
2025-03-18 16:00:00+00:00,27.05344325,31.033298
2025-03-18 17:00:00+00:00,24.3249015,29.50471
2025-03-18 18:00:00+00:00,22.685586999999995,28.270552
2025-03-18 19:00:00+00:00,21.962975166666666,27.441242
2025-03-18 20:00:00+00:00,21.336708333333334,27.46282
2025-03-18 21:00:00+00:00,24.011174333333333,29.651255
2025-03-18 22:00:00+00:00,43.251347083333336,34.253956
2025-03-18 23:00:00+00:00,55.34412941666667,35.475536
2025-03-19 00:00:00+00:00,46.06760008333333,32.88719
2025-03-19 01:00:00+00:00,35.9204175,29.957527
2025-03-19 02:00:00+00:00,32.06934858333333,28.294836
2025-03-19 03:00:00+00:00,25.505573666666667,27.95425
2025-03-19 04:00:00+00:00,22.395333333333337,20.658005
2025-03-19 05:00:00+00:00,22.769014499999997,19.60547
2025-03-19 06:00:00+00:00,22.32421725,18.817646
2025-03-19 07:00:00+00:00,21.826162583333335,19.045687
2025-03-19 08:00:00+00:00,19.936447666666666,21.238983
2025-03-19 09:00:00+00:00,22.82867758333333,26.469633
2025-03-19 10:00:00+00:00,43.389905333333324,33.473404
2025-03-19 11:00:00+00:00,61.516858250000006,37.832764
2025-03-19 12:00:00+00:00,35.18822975,38.521194
2025-03-19 13:00:00+00:00,24.9666965,37.365467
2025-03-19 14:00:00+00:00,24.216099416666665,35.63932
2025-03-19 15:00:00+00:00,22.638628999999998,33.639286
2025-03-19 16:00:00+00:00,23.24037758333333,31.310946
2025-03-19 17:00:00+00:00,23.881861083333334,28.926456
2025-03-19 18:00:00+00:00,23.190552166666667,27.065113
2025-03-19 19:00:00+00:00,23.347127583333332,26.364765
2025-03-19 20:00:00+00:00,25.13808591666667,28.674414
2025-03-19 21:00:00+00:00,28.365901749999995,36.07549
2025-03-19 22:00:00+00:00,36.55106025,41.28784
2025-03-19 23:00:00+00:00,50.9468115,39.296078
2025-03-20 00:00:00+00:00,47.16354516666666,33.27075
2025-03-20 01:00:00+00:00,34.08956025,27.939926
2025-03-20 02:00:00+00:00,28.557072166666668,24.837265
2025-03-20 03:00:00+00:00,25.516212583333335,23.283028
2025-03-20 04:00:00+00:00,22.597278749999997,20.427376
2025-03-20 05:00:00+00:00,24.689785083333334,18.913786
2025-03-20 06:00:00+00:00,22.099143583333333,17.790302
2025-03-20 07:00:00+00:00,20.724224083333336,17.579721
2025-03-20 08:00:00+00:00,21.532383499999995,18.796268
2025-03-20 09:00:00+00:00,25.099510416666664,22.046642
2025-03-20 10:00:00+00:00,40.0357615,27.513723
2025-03-20 11:00:00+00:00,48.11164766666666,33.05491
2025-03-20 12:00:00+00:00,43.925860666666665,36.26065
2025-03-20 13:00:00+00:00,42.962616749999995,36.99654
2025-03-20 14:00:00+00:00,41.36635916666666,36.47406
2025-03-20 15:00:00+00:00,38.99231758333333,35.492935
2025-03-20 16:00:00+00:00,35.96523258333333,33.90846
2025-03-20 17:00:00+00:00,36.311458916666666,31.538015
2025-03-20 18:00:00+00:00,33.11456833333333,29.093586
2025-03-20 19:00:00+00:00,31.933059666666665,27.579102
2025-03-20 20:00:00+00:00,33.51970691666667,28.422092
2025-03-20 21:00:00+00:00,35.21631366666667,34.450294
2025-03-20 22:00:00+00:00,43.24941433333334,41.84318
2025-03-20 23:00:00+00:00,71.30722241666668,42.56244
2025-03-21 00:00:00+00:00,74.04889233333334,37.83986
2025-03-21 01:00:00+00:00,56.18800708333333,31.60766
2025-03-21 02:00:00+00:00,49.26428041666667,27.119616
2025-03-21 03:00:00+00:00,43.31976541666666,24.434765
2025-03-21 04:00:00+00:00,36.33042008333333,33.7152
2025-03-21 05:00:00+00:00,32.89429575,31.299994
2025-03-21 06:00:00+00:00,31.2178945,29.999348
2025-03-21 07:00:00+00:00,32.14123266666667,30.59909
2025-03-21 08:00:00+00:00,27.255418833333334,33.21309
2025-03-21 09:00:00+00:00,31.345023333333334,37.225082
2025-03-21 10:00:00+00:00,65.90699575000001,41.461586
2025-03-21 11:00:00+00:00,86.64176708333333,44.649017
2025-03-21 12:00:00+00:00,36.95884275,45.96591
2025-03-21 13:00:00+00:00,29.80802475,45.607727
2025-03-21 14:00:00+00:00,27.809907083333332,44.547123
2025-03-21 15:00:00+00:00,23.746474916666667,43.49068
2025-03-21 16:00:00+00:00,22.785999416666666,42.71685
2025-03-21 17:00:00+00:00,20.59740125,42.27494
2025-03-21 18:00:00+00:00,19.708181500000002,42.123566
2025-03-21 19:00:00+00:00,19.081672833333332,42.23831
2025-03-21 20:00:00+00:00,22.02542575,42.840378
2025-03-21 21:00:00+00:00,25.294070916666666,44.643017
2025-03-21 22:00:00+00:00,38.57332241666666,47.74926
2025-03-21 23:00:00+00:00,53.40923158333333,49.926605
2025-03-22 00:00:00+00:00,42.056086666666666,49.91793
2025-03-22 01:00:00+00:00,36.141340916666664,48.582623
2025-03-22 02:00:00+00:00,35.1296245,46.66861
2025-03-22 03:00:00+00:00,29.460137416666665,44.508286
2025-03-22 04:00:00+00:00,28.18885366666667,25.162542
2025-03-22 05:00:00+00:00,29.288465083333335,23.346457
2025-03-22 06:00:00+00:00,28.107395416666666,21.708637
2025-03-22 07:00:00+00:00,28.17936208333333,20.647518
2025-03-22 08:00:00+00:00,29.99819125,20.631296
2025-03-22 09:00:00+00:00,31.01220933333333,21.838875
2025-03-22 10:00:00+00:00,34.009662416666664,23.780743
2025-03-22 11:00:00+00:00,41.46781908333333,25.399055
2025-03-22 12:00:00+00:00,37.09737225,26.083317
2025-03-22 13:00:00+00:00,30.966999166666668,26.064283
2025-03-22 14:00:00+00:00,33.400935583333336,25.764294
2025-03-22 15:00:00+00:00,30.163566083333336,25.41867
2025-03-22 16:00:00+00:00,27.196118333333335,25.119692
2025-03-22 17:00:00+00:00,25.097141500000003,24.904572
2025-03-22 18:00:00+00:00,23.350090416666664,24.796741
2025-03-22 19:00:00+00:00,21.93989991666666,24.824211
2025-03-22 20:00:00+00:00,22.705303083333334,25.053932
2025-03-22 21:00:00+00:00,24.975749833333335,25.643064
2025-03-22 22:00:00+00:00,35.67928808333334,26.799025
2025-03-22 23:00:00+00:00,59.8882695,28.762571
2025-03-23 00:00:00+00:00,53.02135425,31.52142
2025-03-23 01:00:00+00:00,36.73671041666667,33.44556
2025-03-23 02:00:00+00:00,32.61480016666667,33.517174
2025-03-23 03:00:00+00:00,30.330754000000002,32.48749
2025-03-23 04:00:00+00:00,26.76517191666666,27.196613
2025-03-23 05:00:00+00:00,26.818176500000003,25.332264
2025-03-23 06:00:00+00:00,25.024078666666668,23.60463
2025-03-23 07:00:00+00:00,23.44404516666667,22.4142
2025-03-23 08:00:00+00:00,24.116710333333334,22.229595
2025-03-23 09:00:00+00:00,25.87000458333333,23.376589
2025-03-23 10:00:00+00:00,28.91859858333334,25.641144
2025-03-23 11:00:00+00:00,34.728276666666666,27.786427
2025-03-23 12:00:00+00:00,27.9305555,28.665138
2025-03-23 13:00:00+00:00,23.899620666666667,28.433739
2025-03-23 14:00:00+00:00,23.67320475,27.73386
2025-03-23 15:00:00+00:00,22.0338295,26.95971
2025-03-23 16:00:00+00:00,21.627344416666666,26.278591
2025-03-23 17:00:00+00:00,20.749602416666665,25.764145
2025-03-23 18:00:00+00:00,20.15696525,25.455025
2025-03-23 19:00:00+00:00,20.7405095,25.38824
2025-03-23 20:00:00+00:00,23.559099166666662,25.713436
2025-03-23 21:00:00+00:00,27.742416916666667,26.97228
2025-03-23 22:00:00+00:00,33.71113508333333,30.10478
2025-03-23 23:00:00+00:00,37.572543833333334,34.14654
2025-03-24 00:00:00+00:00,38.054300500000004,35.71201
2025-03-24 01:00:00+00:00,32.763328,34.92367
2025-03-24 02:00:00+00:00,28.776165083333336,33.488464
2025-03-24 03:00:00+00:00,27.676312916666667,32.58589
2025-03-24 04:00:00+00:00,26.057047416666663,22.888386
2025-03-24 05:00:00+00:00,26.543048583333334,21.874285
2025-03-24 06:00:00+00:00,26.2606715,21.072937
2025-03-24 07:00:00+00:00,24.423528,21.111435
2025-03-24 08:00:00+00:00,23.819314000000006,22.793034
2025-03-24 09:00:00+00:00,28.645726666666665,26.723488
2025-03-24 10:00:00+00:00,38.355393,31.837444
2025-03-24 11:00:00+00:00,50.563247749999995,35.579456
2025-03-24 12:00:00+00:00,43.57436691666667,36.867126
2025-03-24 13:00:00+00:00,40.755091666666665,36.356
2025-03-24 14:00:00+00:00,39.67082175,35.11627
2025-03-24 15:00:00+00:00,36.21161125,33.55264
2025-03-24 16:00:00+00:00,33.80917833333333,31.685823
2025-03-24 17:00:00+00:00,29.789097333333334,29.724768
2025-03-24 18:00:00+00:00,26.24758266666667,28.09827
2025-03-24 19:00:00+00:00,25.08827666666667,27.176855
2025-03-24 20:00:00+00:00,24.55268858333333,27.715593
2025-03-24 21:00:00+00:00,27.516133749999998,31.599804
2025-03-24 22:00:00+00:00,32.28867725,37.92548
2025-03-24 23:00:00+00:00,54.48911366666666,38.66969
2025-03-25 00:00:00+00:00,59.72731708333333,34.776085
2025-03-25 01:00:00+00:00,44.88688258333334,30.303265
2025-03-25 02:00:00+00:00,35.33386866666667,27.375698
2025-03-25 03:00:00+00:00,33.77267066666666,26.022398
2025-03-25 04:00:00+00:00,33.257165416666666,29.257372
2025-03-25 05:00:00+00:00,34.78429408333333,28.2049
2025-03-25 06:00:00+00:00,33.21564033333333,27.651163
2025-03-25 07:00:00+00:00,35.30068841666667,28.13598
2025-03-25 08:00:00+00:00,34.69993016666667,29.781393
2025-03-25 09:00:00+00:00,39.375137583333334,32.00655
2025-03-25 10:00:00+00:00,68.50092066666667,34.023766
2025-03-25 11:00:00+00:00,81.73324908333333,35.356476
2025-03-25 12:00:00+00:00,46.235900416666674,35.755276
2025-03-25 13:00:00+00:00,38.74505933333334,35.38063
2025-03-25 14:00:00+00:00,37.61982533333333,34.659058
2025-03-25 15:00:00+00:00,36.471857916666664,33.889675
2025-03-25 16:00:00+00:00,34.881469333333335,33.22954
2025-03-25 17:00:00+00:00,33.01385691666667,32.74581
2025-03-25 18:00:00+00:00,31.909792916666664,32.468155
2025-03-25 19:00:00+00:00,30.976555666666666,32.41505
2025-03-25 20:00:00+00:00,31.033840666666666,32.592495
2025-03-25 21:00:00+00:00,34.42436925,33.02919
2025-03-25 22:00:00+00:00,43.89750258333334,33.977375
2025-03-25 23:00:00+00:00,65.7354265,35.72373
2025-03-26 00:00:00+00:00,67.24786608333334,37.09133
2025-03-26 01:00:00+00:00,53.53035608333334,37.08168
2025-03-26 02:00:00+00:00,43.80723475,36.36519
2025-03-26 03:00:00+00:00,37.65187783333334,35.44571
2025-03-26 04:00:00+00:00,37.58041025,30.868359
2025-03-26 05:00:00+00:00,35.75949008333333,28.899818
2025-03-26 06:00:00+00:00,34.57156616666666,27.665726
2025-03-26 07:00:00+00:00,33.685218166666665,27.91383
2025-03-26 08:00:00+00:00,35.19068266666667,29.960846
2025-03-26 09:00:00+00:00,41.33424075,33.762085
2025-03-26 10:00:00+00:00,64.9280455,38.358162
2025-03-26 11:00:00+00:00,85.36385166666666,41.874767
2025-03-26 12:00:00+00:00,45.73599016666666,43.071014
2025-03-26 13:00:00+00:00,35.27736425,42.422523
2025-03-26 14:00:00+00:00,34.18865183333333,41.094715
2025-03-26 15:00:00+00:00,33.053151750000005,39.768353
2025-03-26 16:00:00+00:00,31.048113666666666,38.693382
2025-03-26 17:00:00+00:00,29.21555475,37.94316
2025-03-26 18:00:00+00:00,29.048006833333336,37.549526
2025-03-26 19:00:00+00:00,28.50079658333333,37.54856
2025-03-26 20:00:00+00:00,29.11450683333333,37.986805
2025-03-26 21:00:00+00:00,30.765584500000006,39.000603
2025-03-26 22:00:00+00:00,47.726173749999994,41.0454
2025-03-26 23:00:00+00:00,82.66329708333333,44.23316
2025-03-27 00:00:00+00:00,69.00441008333333,46.520996
2025-03-27 01:00:00+00:00,55.619933416666676,46.623516
2025-03-27 02:00:00+00:00,48.97043766666667,45.52606
2025-03-27 03:00:00+00:00,42.992200833333335,43.949722
2025-03-27 04:00:00+00:00,38.88981483333333,35.08224
2025-03-27 05:00:00+00:00,38.772412833333334,33.262863
2025-03-27 06:00:00+00:00,37.862616,32.157284
2025-03-27 07:00:00+00:00,36.979707166666664,32.606865
2025-03-27 08:00:00+00:00,36.15980458333333,34.79252
2025-03-27 09:00:00+00:00,43.93362866666667,38.114372
2025-03-27 10:00:00+00:00,86.5683805,41.490353
2025-03-27 11:00:00+00:00,112.586314,43.757053
2025-03-27 12:00:00+00:00,48.978640166666665,44.320393
2025-03-27 13:00:00+00:00,35.495236166666665,43.690342
2025-03-27 14:00:00+00:00,33.588405,42.619186
2025-03-27 15:00:00+00:00,32.82597208333333,41.53096
2025-03-27 16:00:00+00:00,31.07894075,40.601498
2025-03-27 17:00:00+00:00,29.91981216666667,39.891346
2025-03-27 18:00:00+00:00,28.095554333333336,39.442177
2025-03-27 19:00:00+00:00,27.435365833333332,39.320503
2025-03-27 20:00:00+00:00,29.268892833333332,39.619568
2025-03-27 21:00:00+00:00,31.480130249999995,40.48846
2025-03-27 22:00:00+00:00,42.892892749999994,42.287556
2025-03-27 23:00:00+00:00,62.23245758333334,45.113964
2025-03-28 00:00:00+00:00,50.87334358333334,47.20803
2025-03-28 01:00:00+00:00,39.50871166666666,47.277508
2025-03-28 02:00:00+00:00,33.81215733333333,46.22733
2025-03-28 03:00:00+00:00,31.105557083333338,44.800507
2025-03-28 04:00:00+00:00,28.633183166666665,27.151047
2025-03-28 05:00:00+00:00,29.20606475,24.650211
2025-03-28 06:00:00+00:00,27.700322166666666,22.511154
2025-03-28 07:00:00+00:00,26.823711,21.356304
2025-03-28 08:00:00+00:00,27.757461666666668,21.691164
2025-03-28 09:00:00+00:00,31.42370633333333,23.873886
2025-03-28 10:00:00+00:00,45.24702083333333,28.014793
2025-03-28 11:00:00+00:00,58.08671466666666,32.712982
2025-03-28 12:00:00+00:00,43.919958333333334,35.690506
2025-03-28 13:00:00+00:00,39.24434766666666,36.564613
2025-03-28 14:00:00+00:00,34.81971983333333,36.307503
2025-03-28 15:00:00+00:00,33.920119416666665,35.636703
2025-03-28 16:00:00+00:00,30.499947083333335,34.81224
2025-03-28 17:00:00+00:00,29.930415666666665,33.87303
2025-03-28 18:00:00+00:00,27.25182916666667,32.863487
2025-03-28 19:00:00+00:00,26.995603916666667,31.99156
2025-03-28 20:00:00+00:00,26.058619083333337,31.873262
2025-03-28 21:00:00+00:00,27.061000166666666,34.21562
2025-03-28 22:00:00+00:00,30.71246041666667,39.57379
2025-03-28 23:00:00+00:00,35.951347166666665,42.651253
2025-03-29 00:00:00+00:00,34.008751833333335,41.2603
2025-03-29 01:00:00+00:00,30.660711833333334,37.24286
2025-03-29 02:00:00+00:00,27.105104333333333,33.08198
2025-03-29 03:00:00+00:00,24.257281500000005,30.28144
2025-03-29 04:00:00+00:00,25.625848,22.350695
2025-03-29 05:00:00+00:00,24.42943108333333,19.672674
2025-03-29 06:00:00+00:00,22.417052500000004,17.522997
2025-03-29 07:00:00+00:00,22.21428908333333,16.29771
2025-03-29 08:00:00+00:00,22.39567575,16.248087
2025-03-29 09:00:00+00:00,23.591796083333335,17.425653
2025-03-29 10:00:00+00:00,26.86183641666667,19.937094
2025-03-29 11:00:00+00:00,29.710133416666665,23.253422
2025-03-29 12:00:00+00:00,29.89832758333333,25.869434
2025-03-29 13:00:00+00:00,29.27684325,27.01753
2025-03-29 14:00:00+00:00,29.015850999999998,27.105131
2025-03-29 15:00:00+00:00,27.441859333333337,26.690468
2025-03-29 16:00:00+00:00,26.783572583333335,26.106804
2025-03-29 17:00:00+00:00,27.358211083333334,25.539757
2025-03-29 18:00:00+00:00,28.245008916666666,25.106834
2025-03-29 19:00:00+00:00,28.239107666666666,24.903736
2025-03-29 20:00:00+00:00,30.665149583333328,25.175907
2025-03-29 21:00:00+00:00,34.3729145,26.705853
2025-03-29 22:00:00+00:00,41.29907008333333,30.214062
2025-03-29 23:00:00+00:00,53.44734675,33.524185
2025-03-30 00:00:00+00:00,48.76220408333333,33.88108
2025-03-30 01:00:00+00:00,35.57735808333333,31.536358
2025-03-30 02:00:00+00:00,30.677043416666667,28.106047
2025-03-30 03:00:00+00:00,30.310062666666667,25.3088
2025-03-30 04:00:00+00:00,29.615766833333335,27.589924
2025-03-30 05:00:00+00:00,27.548256249999998,25.098818
2025-03-30 06:00:00+00:00,22.793363083333332,22.760212
2025-03-30 07:00:00+00:00,22.460441166666662,20.96324
2025-03-30 08:00:00+00:00,21.254242083333335,20.09227
2025-03-30 09:00:00+00:00,22.382104416666667,20.457764
2025-03-30 10:00:00+00:00,25.321365333333333,22.432997
2025-03-30 11:00:00+00:00,24.901847249999996,25.830172
2025-03-30 12:00:00+00:00,26.90973741666667,28.963171
2025-03-30 13:00:00+00:00,28.182813666666668,30.13632
2025-03-30 14:00:00+00:00,30.485628833333337,29.605103
2025-03-30 15:00:00+00:00,28.450437500000003,28.391365
2025-03-30 16:00:00+00:00,27.97679325,27.141413
2025-03-30 17:00:00+00:00,27.468296249999998,26.144527
2025-03-30 18:00:00+00:00,27.577152749999996,25.508614
2025-03-30 19:00:00+00:00,28.695572749999997,25.30817
2025-03-30 20:00:00+00:00,31.597279416666666,25.960686
2025-03-30 21:00:00+00:00,34.35352341666667,28.888042
2025-03-30 22:00:00+00:00,35.960153166666665,34.486248
2025-03-30 23:00:00+00:00,44.78486616666666,37.259876
2025-03-31 00:00:00+00:00,42.57662200000001,35.928852
2025-03-31 01:00:00+00:00,33.96517583333333,33.31206
2025-03-31 02:00:00+00:00,30.487790750000002,31.444754
2025-03-31 03:00:00+00:00,27.105471333333334,31.002178
2025-03-31 04:00:00+00:00,27.249108796666665,24.45661
2025-03-31 05:00:00+00:00,27.39274626,23.730618
2025-03-31 06:00:00+00:00,27.53638372333333,23.221788
2025-04-01 04:00:00+00:00,30.69640791666667,23.090376
2025-04-01 05:00:00+00:00,28.033420083333336,23.752426
2025-04-01 06:00:00+00:00,26.560111250000002,26.510805
2025-04-01 07:00:00+00:00,26.38070225,32.78563
2025-04-01 08:00:00+00:00,27.094653500000003,38.166378
2025-04-01 09:00:00+00:00,28.224545250000002,40.59623
2025-04-01 10:00:00+00:00,48.327204916666666,41.261818
2025-04-01 11:00:00+00:00,58.212467000000004,40.797417
2025-04-01 12:00:00+00:00,38.045969,39.80267
2025-04-01 13:00:00+00:00,30.642506166666664,38.598736
2025-04-01 14:00:00+00:00,29.908805333333333,36.917606
2025-04-01 15:00:00+00:00,28.819647833333338,34.696224
2025-04-01 16:00:00+00:00,27.698724000000002,33.412216
2025-04-01 17:00:00+00:00,26.494111750000005,34.90792
2025-04-01 18:00:00+00:00,25.521702833333332,40.185528
2025-04-01 19:00:00+00:00,25.018195666666667,45.359203
2025-04-01 20:00:00+00:00,24.20318333333333,45.893295
2025-04-01 21:00:00+00:00,25.592317166666664,43.47385
2025-04-01 22:00:00+00:00,36.07975875,38.91597
2025-04-01 23:00:00+00:00,61.885338499999996,34.171112
2025-04-02 00:00:00+00:00,50.28314633333333,30.8663
2025-04-02 01:00:00+00:00,36.77189716666667,40.534714
2025-04-02 02:00:00+00:00,32.29281191666667,38.093647
2025-04-02 03:00:00+00:00,24.900406583333332,34.673107
2025-04-02 04:00:00+00:00,26.38827483333333,31.454561
2025-04-02 05:00:00+00:00,27.326630499999997,29.040646
2025-04-02 06:00:00+00:00,26.586717583333336,27.995129
2025-04-02 07:00:00+00:00,25.298684166666668,28.587015
2025-04-02 08:00:00+00:00,26.977911000000002,30.619497
2025-04-02 09:00:00+00:00,27.87510408333333,33.535572
2025-04-02 10:00:00+00:00,44.71914916666666,36.042095
2025-04-02 11:00:00+00:00,57.84560941666666,37.026752
2025-04-02 12:00:00+00:00,43.097755,36.795773
2025-04-02 13:00:00+00:00,37.60360058333333,36.172417
2025-04-02 14:00:00+00:00,35.519662000000004,35.665707
2025-04-02 15:00:00+00:00,34.07975233333334,35.434364
2025-04-02 16:00:00+00:00,33.63396575,35.455933
2025-04-02 17:00:00+00:00,34.488315916666664,35.65462
2025-04-02 18:00:00+00:00,33.41704191666667,35.956936
2025-04-02 19:00:00+00:00,33.64901841666667,36.30649
2025-04-02 20:00:00+00:00,35.4023125,36.664413
2025-04-02 21:00:00+00:00,39.06429466666667,37.006462
2025-04-02 22:00:00+00:00,45.3276625,37.31964
2025-04-02 23:00:00+00:00,51.53495591666667,37.599895
2025-04-03 00:00:00+00:00,55.5743,37.84915
2025-04-03 01:00:00+00:00,44.864644166666665,38.391426
2025-04-03 02:00:00+00:00,37.013681999999996,35.364784
2025-04-03 03:00:00+00:00,30.799675750000002,32.07867
2025-04-03 04:00:00+00:00,25.80001541666667,29.514418
2025-04-03 05:00:00+00:00,24.688427666666666,28.347214
2025-04-03 06:00:00+00:00,22.786137666666665,28.891024
2025-04-03 07:00:00+00:00,22.817186416666665,30.963114
2025-04-03 08:00:00+00:00,24.3398045,34.074883
2025-04-03 09:00:00+00:00,27.0727625,37.226154
2025-04-03 10:00:00+00:00,35.000508583333335,39.021805
2025-04-03 11:00:00+00:00,44.10884308333333,39.2688
2025-04-03 12:00:00+00:00,43.092586250000004,38.85924
2025-04-03 13:00:00+00:00,43.007322083333335,38.455097
2025-04-03 14:00:00+00:00,39.83604316666666,38.28207
2025-04-03 15:00:00+00:00,40.59492916666667,38.34462
2025-04-03 16:00:00+00:00,39.814508,38.577133
2025-04-03 17:00:00+00:00,40.57689283333334,38.908913
2025-04-03 18:00:00+00:00,39.32156858333333,39.283707
2025-04-03 19:00:00+00:00,39.94918558333333,39.66243
2025-04-03 20:00:00+00:00,41.2060005,40.021553
2025-04-03 21:00:00+00:00,47.038620583333326,40.349243
2025-04-03 22:00:00+00:00,54.284771250000006,40.64289
2025-04-03 23:00:00+00:00,74.74020900000001,40.90619
2025-04-04 00:00:00+00:00,72.01266625,41.14628
2025-04-04 01:00:00+00:00,51.703408083333336,45.420097
2025-04-04 02:00:00+00:00,45.66288125,39.0199
2025-04-04 03:00:00+00:00,38.07946508333333,34.26367
2025-04-04 04:00:00+00:00,34.1649205,31.388758
2025-04-04 05:00:00+00:00,33.874687333333334,30.418766
2025-04-04 06:00:00+00:00,31.311561833333336,31.2905
2025-04-04 07:00:00+00:00,31.08928416666667,33.68689
2025-04-04 08:00:00+00:00,32.12655575,37.188915
2025-04-04 09:00:00+00:00,33.31113,41.095158
2025-04-04 10:00:00+00:00,40.21747875,44.27688
2025-04-04 11:00:00+00:00,48.78093974999999,46.46996
2025-04-04 12:00:00+00:00,46.560466999999996,48.02954
2025-04-04 13:00:00+00:00,46.5764175,49.204758
2025-04-04 14:00:00+00:00,50.20173716666666,50.111862
2025-04-04 15:00:00+00:00,45.987186916666666,50.815388
2025-04-04 16:00:00+00:00,46.71185141666667,51.3656
2025-04-04 17:00:00+00:00,45.62356675,51.808533
2025-04-04 18:00:00+00:00,44.04560433333333,52.18449
2025-04-04 19:00:00+00:00,41.757927583333334,52.526413
2025-04-04 20:00:00+00:00,44.05672933333333,52.856705
2025-04-04 21:00:00+00:00,42.277546083333334,53.18724
2025-04-04 22:00:00+00:00,42.587923583333335,53.518818
2025-04-04 23:00:00+00:00,46.705193333333334,53.841812
2025-04-05 00:00:00+00:00,46.88647591666666,54.138897
2025-04-05 01:00:00+00:00,38.07097516666666,41.07986
2025-04-05 02:00:00+00:00,35.87090941666667,37.656956
2025-04-05 03:00:00+00:00,32.25599583333334,33.987812
2025-04-05 04:00:00+00:00,37.788178583333334,30.896004
2025-04-05 05:00:00+00:00,35.652523583333334,28.63686
2025-04-05 06:00:00+00:00,30.692186583333335,27.279501
2025-04-05 07:00:00+00:00,28.511897666666666,26.760118
2025-04-05 08:00:00+00:00,28.360268416666667,27.02943
2025-04-05 09:00:00+00:00,29.45620975,28.165289
2025-04-05 10:00:00+00:00,30.872608083333333,30.032038
2025-04-05 11:00:00+00:00,33.526194249999996,31.931229
2025-04-05 12:00:00+00:00,39.072024166666665,33.456696
2025-04-05 13:00:00+00:00,38.674875416666666,34.647503
2025-04-05 14:00:00+00:00,40.500524250000005,35.54395
2025-04-05 15:00:00+00:00,41.46674483333333,36.33249
2025-04-05 16:00:00+00:00,38.711723416666665,37.133667
2025-04-05 17:00:00+00:00,36.604913583333335,37.980312
2025-04-05 18:00:00+00:00,35.14143558333333,38.846035
2025-04-05 19:00:00+00:00,35.3010195,39.671135
2025-04-05 20:00:00+00:00,39.27230266666667,40.402428
2025-04-05 21:00:00+00:00,40.144590083333334,41.01532
2025-04-05 22:00:00+00:00,45.48895691666667,41.507923
2025-04-05 23:00:00+00:00,52.84404491666666,41.88849
2025-04-06 00:00:00+00:00,50.467097,42.170174
2025-04-06 01:00:00+00:00,45.5762145,44.17534
2025-04-06 02:00:00+00:00,38.92713066666666,41.552837
2025-04-06 03:00:00+00:00,38.01877891666667,38.505157
2025-04-06 04:00:00+00:00,41.04896225,35.450813
2025-04-06 05:00:00+00:00,38.284106666666666,32.726944
2025-04-06 06:00:00+00:00,31.737233333333332,30.63087
2025-04-06 07:00:00+00:00,31.9046865,29.31327
2025-04-06 08:00:00+00:00,32.068958,28.734413
2025-04-06 09:00:00+00:00,32.120224666666665,28.843506
2025-04-06 10:00:00+00:00,33.53432166666666,29.746857
2025-04-06 11:00:00+00:00,36.32365266666667,31.517347
2025-04-06 12:00:00+00:00,36.769088583333335,33.74284
2025-04-06 13:00:00+00:00,39.96357858333334,35.685917
2025-04-06 14:00:00+00:00,42.53244433333333,37.127235
2025-04-06 15:00:00+00:00,42.55043608333333,38.16126
2025-04-06 16:00:00+00:00,43.49233841666666,39.026443
2025-04-06 17:00:00+00:00,43.214931666666665,39.95729
2025-04-06 18:00:00+00:00,42.77187816666666,40.988758
2025-04-06 19:00:00+00:00,43.34231125,42.046516
2025-04-06 20:00:00+00:00,43.28288075000001,43.04361
2025-04-06 21:00:00+00:00,48.88574366666667,43.925312
2025-04-06 22:00:00+00:00,55.662269,44.67044
2025-04-06 23:00:00+00:00,70.10721141666666,45.27825
2025-04-07 00:00:00+00:00,72.10783158333332,45.7587
2025-04-07 01:00:00+00:00,62.657478000000005,51.560863
2025-04-07 02:00:00+00:00,52.94431733333334,45.05717
2025-04-07 03:00:00+00:00,44.28433700000001,40.72205
2025-04-07 04:00:00+00:00,42.721387416666666,38.20096
2025-04-07 05:00:00+00:00,37.65320883333333,36.905533
2025-04-07 06:00:00+00:00,32.64908308333333,36.747314
2025-04-07 07:00:00+00:00,31.819437166666663,37.83068
2025-04-07 08:00:00+00:00,34.521994416666665,40.27028
2025-04-07 09:00:00+00:00,41.289529083333335,44.34143
2025-04-07 10:00:00+00:00,56.04089325000001,49.517918
2025-04-07 11:00:00+00:00,66.40760966666666,53.538986
2025-04-07 12:00:00+00:00,66.79453158333332,55.81239
2025-04-07 13:00:00+00:00,63.061113416666664,57.070053
2025-04-07 14:00:00+00:00,57.723452083333335,57.81372
2025-04-07 15:00:00+00:00,52.9684875,58.281048
2025-04-07 16:00:00+00:00,47.32731116666667,58.59604
2025-04-07 17:00:00+00:00,44.227744166666675,58.83199
2025-04-07 18:00:00+00:00,45.15080183333334,59.033844
2025-04-07 19:00:00+00:00,44.45628666666667,59.227005
2025-04-07 20:00:00+00:00,45.455182083333334,59.422493
2025-04-07 21:00:00+00:00,44.654783,59.620697
2025-04-07 22:00:00+00:00,52.23309141666667,59.814423
2025-04-07 23:00:00+00:00,72.37152541666667,59.992287
2025-04-08 00:00:00+00:00,89.49210416666666,60.141556
2025-04-08 01:00:00+00:00,72.17036816666666,63.165478
2025-04-08 02:00:00+00:00,62.97118533333333,59.33716
2025-04-08 03:00:00+00:00,54.91941816666667,53.03586
2025-04-08 04:00:00+00:00,45.37764924999999,46.739132
2025-04-08 05:00:00+00:00,42.93329458333332,41.985893
2025-04-08 06:00:00+00:00,42.104651999999994,39.264652
2025-04-08 07:00:00+00:00,43.67080683333333,38.760433
2025-04-08 08:00:00+00:00,45.416813,40.493008
2025-04-08 09:00:00+00:00,56.54461083333333,44.15548
2025-04-08 10:00:00+00:00,104.81364916666666,49.140938
2025-04-08 11:00:00+00:00,112.32032791666666,53.98549
2025-04-08 12:00:00+00:00,61.91943166666667,56.69759
2025-04-08 13:00:00+00:00,47.58849708333333,57.207916
2025-04-08 14:00:00+00:00,43.29999541666666,56.768784
2025-04-08 15:00:00+00:00,40.28283583333333,56.25057
2025-04-08 16:00:00+00:00,37.30111541666667,55.977623
2025-04-08 17:00:00+00:00,35.435864083333335,55.98943
2025-04-08 18:00:00+00:00,33.451371583333334,56.22291
2025-04-08 19:00:00+00:00,32.33492866666666,56.59641
2025-04-08 20:00:00+00:00,32.424968666666665,57.04106
2025-04-08 21:00:00+00:00,36.89438858333333,57.508125
2025-04-08 22:00:00+00:00,50.09034799999999,57.968315
2025-04-08 23:00:00+00:00,91.38749725,58.408142
2025-04-09 00:00:00+00:00,113.16549099999999,58.824883
2025-04-09 01:00:00+00:00,72.61870041666667,60.515404
2025-04-09 02:00:00+00:00,66.54279241666667,53.22199
2025-04-09 03:00:00+00:00,60.04339316666667,45.506218
2025-04-09 04:00:00+00:00,53.55496291666667,40.08002
2025-04-09 05:00:00+00:00,49.69392066666666,36.970512
2025-04-09 06:00:00+00:00,47.48222258333334,35.722813
2025-04-09 07:00:00+00:00,47.086711,36.28087
2025-04-09 08:00:00+00:00,47.52702133333333,39.012016
2025-04-09 09:00:00+00:00,56.47516575000001,44.033672
2025-04-09 10:00:00+00:00,121.04365083333333,50.78298
2025-04-09 11:00:00+00:00,138.25383708333334,58.16934
2025-04-09 12:00:00+00:00,57.16383616666667,64.04668
2025-04-09 13:00:00+00:00,37.972473666666666,66.776764
2025-04-09 14:00:00+00:00,33.341642,67.42618
2025-04-09 15:00:00+00:00,31.932829416666664,67.50827
2025-04-09 16:00:00+00:00,31.2086415,67.68514
2025-04-09 17:00:00+00:00,30.640898000000004,68.10551
2025-04-09 18:00:00+00:00,30.173342416666667,68.72672
2025-04-09 19:00:00+00:00,29.949898,69.46143
2025-04-09 20:00:00+00:00,31.68248558333333,70.23192
2025-04-09 21:00:00+00:00,40.187175,70.98533
2025-04-09 22:00:00+00:00,57.91508658333333,71.69419
2025-04-09 23:00:00+00:00,70.82470425,72.35163
2025-04-10 00:00:00+00:00,69.8087725,72.9637
2025-04-10 01:00:00+00:00,58.526846666666664,51.889854
2025-04-10 02:00:00+00:00,53.077913916666674,45.48815
2025-04-10 03:00:00+00:00,43.483418916666665,38.42021
2025-04-10 04:00:00+00:00,50.119411250000006,32.542053
2025-04-10 05:00:00+00:00,42.411320249999996,28.73066
2025-04-10 06:00:00+00:00,38.13240575,27.020077
2025-04-10 07:00:00+00:00,37.051249750000004,27.28079
2025-04-10 08:00:00+00:00,35.8647775,29.755207
2025-04-10 09:00:00+00:00,39.14788841666667,34.512577
2025-04-10 10:00:00+00:00,58.62215241666666,40.145916
2025-04-10 11:00:00+00:00,84.65645466666668,44.660378
2025-04-10 12:00:00+00:00,57.281603833333335,46.988037
2025-04-10 13:00:00+00:00,59.5006675,47.417213
2025-04-10 14:00:00+00:00,50.748685666666674,47.380344
2025-04-10 15:00:00+00:00,48.630629583333324,47.7195
2025-04-10 16:00:00+00:00,48.96739241666666,48.537014
2025-04-10 17:00:00+00:00,45.10345950000001,49.67696
2025-04-10 18:00:00+00:00,43.17559133333333,50.94771
2025-04-10 19:00:00+00:00,42.666041416666665,52.20366
2025-04-10 20:00:00+00:00,41.47219533333333,53.364918
2025-04-10 21:00:00+00:00,39.433985,54.4017
2025-04-10 22:00:00+00:00,40.0813435,55.30884
2025-04-10 23:00:00+00:00,54.18263216666667,56.087856
2025-04-11 00:00:00+00:00,54.976327,56.74164
2025-04-11 01:00:00+00:00,49.15331325,43.01768
2025-04-11 02:00:00+00:00,43.510357,36.77774
2025-04-11 03:00:00+00:00,38.73457891666667,30.975471
2025-04-11 04:00:00+00:00,38.3636845,26.573236
2025-04-11 05:00:00+00:00,38.739459000000004,23.901617
2025-04-11 06:00:00+00:00,34.57850316666667,23.093355
2025-04-11 07:00:00+00:00,34.3825115,24.141422
2025-04-11 08:00:00+00:00,35.782114666666665,26.749554
2025-04-11 09:00:00+00:00,37.241988666666664,30.27829
2025-04-11 10:00:00+00:00,47.79084091666667,33.69741
2025-04-11 11:00:00+00:00,60.95413766666667,36.13034
2025-04-11 12:00:00+00:00,75.15323841666667,37.599403
2025-04-11 13:00:00+00:00,69.76756725,38.61753
2025-04-11 14:00:00+00:00,61.009848250000005,39.524242
2025-04-11 15:00:00+00:00,57.57503233333333,40.41208
2025-04-11 16:00:00+00:00,55.06294291666666,41.30349
2025-04-11 17:00:00+00:00,53.103446083333324,42.225574
2025-04-11 18:00:00+00:00,49.690474,43.196396
2025-04-11 19:00:00+00:00,46.2294625,44.177853
2025-04-11 20:00:00+00:00,43.34553291666667,45.06815
2025-04-11 21:00:00+00:00,42.197024,45.781296
2025-04-11 22:00:00+00:00,40.768995499999996,46.31217
2025-04-11 23:00:00+00:00,51.40159058333333,46.704086
2025-04-12 00:00:00+00:00,57.753180833333346,46.99706
2025-04-12 01:00:00+00:00,58.44148775,51.273964
2025-04-12 02:00:00+00:00,53.937272916666664,45.450817
2025-04-12 03:00:00+00:00,46.85358241666666,39.44024
2025-04-12 04:00:00+00:00,61.699464750000004,34.543625
2025-04-12 05:00:00+00:00,54.84367158333333,30.930668
2025-04-12 06:00:00+00:00,47.88244841666667,28.525991
2025-04-12 07:00:00+00:00,47.802642999999996,27.353468
2025-04-12 08:00:00+00:00,47.56162125,27.509136
2025-04-12 09:00:00+00:00,51.152056833333326,29.3116
2025-04-12 10:00:00+00:00,53.96864441666667,32.99415
2025-04-12 11:00:00+00:00,58.504885916666666,37.537743
2025-04-12 12:00:00+00:00,53.519366999999995,41.310345
2025-04-12 13:00:00+00:00,49.03554141666667,43.454823
2025-04-12 14:00:00+00:00,48.752602249999995,43.873497
2025-04-12 15:00:00+00:00,45.8128265,43.461124
2025-04-12 16:00:00+00:00,42.19590875000001,43.141983
2025-04-12 17:00:00+00:00,36.545081333333336,43.238377
2025-04-12 18:00:00+00:00,29.257981166666667,43.70321
2025-04-12 19:00:00+00:00,28.69257175,44.39941
2025-04-12 20:00:00+00:00,32.455907,45.193764
2025-04-12 21:00:00+00:00,38.149591916666665,45.981262
2025-04-12 22:00:00+00:00,40.54605633333333,46.698055
2025-04-12 23:00:00+00:00,61.078087999999994,47.319016
2025-04-13 00:00:00+00:00,64.23913958333334,47.84328
2025-04-13 01:00:00+00:00,48.85680358333334,54.251434
2025-04-13 02:00:00+00:00,43.49425324999999,51.332153
2025-04-13 03:00:00+00:00,42.564240500000004,47.534733
2025-04-13 04:00:00+00:00,47.85285391666667,43.741257
2025-04-13 05:00:00+00:00,31.00464033333333,40.636753
2025-04-13 06:00:00+00:00,23.838263333333334,38.45442
2025-04-13 07:00:00+00:00,23.873409499999998,37.163445
2025-04-13 08:00:00+00:00,22.727475333333334,36.655556
2025-04-13 09:00:00+00:00,28.87754025,36.916206
2025-04-13 10:00:00+00:00,34.80019608333333,38.14729
2025-04-13 11:00:00+00:00,29.930957666666668,40.514553
2025-04-13 12:00:00+00:00,23.24511708333333,43.639317
2025-04-13 13:00:00+00:00,21.035000166666666,46.641834
2025-04-13 14:00:00+00:00,19.813961000000006,48.79931
2025-04-13 15:00:00+00:00,19.025294083333332,49.802303
2025-04-13 16:00:00+00:00,18.824139833333334,50.0589
2025-04-13 17:00:00+00:00,18.588908500000002,50.274376
2025-04-13 18:00:00+00:00,18.808239583333336,50.700386
2025-04-13 19:00:00+00:00,18.985544083333338,51.305393
2025-04-13 20:00:00+00:00,20.94143916666666,51.999725
2025-04-13 21:00:00+00:00,24.106253499999998,52.708096
2025-04-13 22:00:00+00:00,31.065237,53.38052
2025-04-13 23:00:00+00:00,48.00894066666666,53.987537
2025-04-14 00:00:00+00:00,52.11745425,54.514748
2025-04-14 01:00:00+00:00,40.555610333333334,42.89089
2025-04-14 02:00:00+00:00,36.777693666666664,36.803097
2025-04-14 03:00:00+00:00,33.620845249999995,31.477936
2025-04-14 04:00:00+00:00,30.331826500000002,27.481344
2025-04-14 05:00:00+00:00,28.71716616666667,24.801136
2025-04-14 06:00:00+00:00,25.66913325,23.282743
2025-04-14 07:00:00+00:00,24.637006666666668,22.81445
2025-04-14 08:00:00+00:00,27.122932083333332,23.441908
2025-04-14 09:00:00+00:00,35.34056733333333,25.32044
2025-04-14 10:00:00+00:00,70.03845433333333,28.396946
2025-04-14 11:00:00+00:00,78.54481091666666,32.162872
2025-04-14 12:00:00+00:00,46.84527683333334,35.711983
2025-04-14 13:00:00+00:00,40.86096883333333,38.77286
2025-04-14 14:00:00+00:00,41.177709666666665,41.61177
2025-04-14 15:00:00+00:00,36.763380833333336,44.334858
2025-04-14 16:00:00+00:00,35.78113183333333,46.853153
2025-04-14 17:00:00+00:00,35.15401833333333,48.964905
2025-04-14 18:00:00+00:00,33.56787666666667,50.506744
2025-04-14 19:00:00+00:00,33.21955083333334,51.472305
2025-04-14 20:00:00+00:00,33.87145641666667,52.01291
2025-04-14 21:00:00+00:00,39.722757666666666,52.414825
2025-04-14 22:00:00+00:00,49.46544183333333,53.06676
2025-04-14 23:00:00+00:00,74.16262783333333,54.27984
2025-04-15 00:00:00+00:00,85.92003708333334,55.856117
2025-04-15 01:00:00+00:00,57.328765,59.381332
2025-04-15 02:00:00+00:00,50.01254816666667,50.21801
2025-04-15 03:00:00+00:00,37.71388591666666,41.19726
2025-04-15 04:00:00+00:00,27.92774216666666,34.774086
2025-04-15 05:00:00+00:00,25.179372333333333,31.206503
2025-04-15 06:00:00+00:00,21.58301108333333,30.357704
2025-04-15 07:00:00+00:00,21.480632749999998,32.115177
2025-04-15 08:00:00+00:00,22.450557916666668,36.033413
2025-04-15 09:00:00+00:00,24.436198583333333,41.07681
2025-04-15 10:00:00+00:00,33.3350755,45.8823
2025-04-15 11:00:00+00:00,36.349173,49.203377
2025-04-15 12:00:00+00:00,34.91423391666667,50.782795
2025-04-15 13:00:00+00:00,31.869988250000002,51.475746
2025-04-15 14:00:00+00:00,31.22963625,51.966793
2025-04-15 15:00:00+00:00,30.37125075,52.494606
2025-04-15 16:00:00+00:00,30.515871,53.09003
2025-04-15 17:00:00+00:00,29.05308258333333,53.719044
2025-04-15 18:00:00+00:00,27.72073908333333,54.3407
2025-04-15 19:00:00+00:00,27.186776249999998,54.925617
2025-04-15 20:00:00+00:00,26.727607333333335,55.460636
2025-04-15 21:00:00+00:00,28.861938166666665,55.944572
2025-04-15 22:00:00+00:00,34.976932999999995,56.385246
2025-04-15 23:00:00+00:00,60.271609500000004,56.7947
2025-04-16 00:00:00+00:00,87.74617741666668,57.184685
2025-04-16 01:00:00+00:00,65.46101416666666,47.18023
2025-04-16 02:00:00+00:00,52.36232716666667,37.748455
2025-04-16 03:00:00+00:00,44.314105833333336,30.155214
2025-04-16 04:00:00+00:00,32.82572116666667,25.331753
2025-04-16 05:00:00+00:00,32.12680625,22.609337
2025-04-16 06:00:00+00:00,31.328471250000003,21.313139
2025-04-16 07:00:00+00:00,31.53308366666667,21.139965
2025-04-16 08:00:00+00:00,32.271598,22.232487
2025-04-16 09:00:00+00:00,38.958785999999996,24.945534
2025-04-16 10:00:00+00:00,72.54865275,29.097246
2025-04-16 11:00:00+00:00,67.6204725,33.74279
2025-04-16 12:00:00+00:00,43.89845925,38.20868
2025-04-16 13:00:00+00:00,34.52078641666667,42.58826
2025-04-16 14:00:00+00:00,34.269730333333335,46.294014
2025-04-16 15:00:00+00:00,33.07117891666667,48.84975
2025-04-16 16:00:00+00:00,32.17649433333333,50.635674
2025-04-16 17:00:00+00:00,30.02504066666667,52.002182
2025-04-16 18:00:00+00:00,28.568546583333333,53.100273
2025-04-16 19:00:00+00:00,27.415555083333334,53.990494
2025-04-16 20:00:00+00:00,27.71726825,54.711254
2025-04-16 21:00:00+00:00,30.929022666666665,55.300133
2025-04-16 22:00:00+00:00,38.9323705,55.795788
2025-04-16 23:00:00+00:00,70.18443275,56.234077
2025-04-17 00:00:00+00:00,77.619541,56.64422
2025-04-17 01:00:00+00:00,50.48638233333333,47.565666
2025-04-17 02:00:00+00:00,44.19955133333333,42.201416
2025-04-17 03:00:00+00:00,39.520220916666666,35.911972
2025-04-17 04:00:00+00:00,28.384315999999995,30.752884
2025-04-17 05:00:00+00:00,24.538301416666666,27.528858
2025-04-17 06:00:00+00:00,21.80560375,26.296528
2025-04-17 07:00:00+00:00,22.264883333333334,27.091167
2025-04-17 08:00:00+00:00,25.619221333333332,30.02441
2025-04-17 09:00:00+00:00,24.190763750000002,34.668568
2025-04-17 10:00:00+00:00,59.07843916666667,39.961594
2025-04-17 11:00:00+00:00,49.605239833333336,44.518414
2025-04-17 12:00:00+00:00,29.632923166666668,47.059868
2025-04-17 13:00:00+00:00,24.342410833333332,47.703453
2025-04-17 14:00:00+00:00,23.503827166666667,47.675224
2025-04-17 15:00:00+00:00,22.54712533333333,47.72358
2025-04-17 16:00:00+00:00,21.50244933333333,48.037304
2025-04-17 17:00:00+00:00,21.630910749999995,48.579105
2025-04-17 18:00:00+00:00,21.572768916666664,49.25605
2025-04-17 19:00:00+00:00,21.445957500000002,49.981724
2025-04-17 20:00:00+00:00,23.356001500000005,50.69357
2025-04-17 21:00:00+00:00,26.868176333333334,51.35357
2025-04-17 22:00:00+00:00,32.49456083333333,51.943237
2025-04-17 23:00:00+00:00,39.52717641666667,52.459854
2025-04-18 00:00:00+00:00,40.987349916666666,52.91079
2025-04-18 01:00:00+00:00,33.20114933333333,31.841206
2025-04-18 02:00:00+00:00,28.99100816666667,28.065323
2025-04-18 03:00:00+00:00,24.27286616666666,24.159313
2025-04-18 04:00:00+00:00,21.088597416666666,20.724884
2025-04-18 05:00:00+00:00,24.391439916666666,18.184929
2025-04-18 06:00:00+00:00,23.646229333333338,16.700325
2025-04-18 07:00:00+00:00,23.183837666666665,16.280336
2025-04-18 08:00:00+00:00,24.476560583333338,16.88642
2025-04-18 09:00:00+00:00,25.927815499999998,18.535784
2025-04-18 10:00:00+00:00,34.03398241666667,21.099592
2025-04-18 11:00:00+00:00,37.982800833333336,23.848568
2025-04-18 12:00:00+00:00,28.483032750000003,25.918884
2025-04-18 13:00:00+00:00,23.608774916666665,27.176544
2025-04-18 14:00:00+00:00,22.210182333333336,27.97986
2025-04-18 15:00:00+00:00,22.43625316666667,28.685568
2025-04-18 16:00:00+00:00,25.725940833333333,29.420172
2025-04-18 17:00:00+00:00,26.988605083333333,30.201054
2025-04-18 18:00:00+00:00,29.53610541666667,31.027178
2025-04-18 19:00:00+00:00,31.14073775,31.887747
2025-04-18 20:00:00+00:00,31.661005833333334,32.745808
2025-04-18 21:00:00+00:00,36.047091916666666,33.539852
2025-04-18 22:00:00+00:00,45.68227516666667,34.21196
2025-04-18 23:00:00+00:00,64.55068816666666,34.735146
2025-04-19 00:00:00+00:00,60.172011749999996,35.11689
2025-04-19 01:00:00+00:00,46.41696033333333,44.06536
2025-04-19 02:00:00+00:00,40.71864866666667,37.702034
2025-04-19 03:00:00+00:00,32.02674966666667,31.584295
2025-04-19 04:00:00+00:00,28.41571,26.686853
2025-04-19 05:00:00+00:00,25.127917583333335,23.14837
2025-04-19 06:00:00+00:00,22.639490499999997,20.93805
2025-04-19 07:00:00+00:00,23.70300275,19.889626
2025-04-19 08:00:00+00:00,24.251620416666672,19.912941
2025-04-19 09:00:00+00:00,26.094158500000002,21.11552
2025-04-19 10:00:00+00:00,28.553221249999996,23.485046
2025-04-19 11:00:00+00:00,30.18981691666667,26.531292
2025-04-19 12:00:00+00:00,27.708714166666667,29.875036
2025-04-19 13:00:00+00:00,30.096991166666665,33.15597
2025-04-19 14:00:00+00:00,31.30365016666667,35.840954
2025-04-19 15:00:00+00:00,30.90012466666667,38.02918
2025-04-19 16:00:00+00:00,30.53948975,39.88266
2025-04-19 17:00:00+00:00,31.296915916666666,41.438885
2025-04-19 18:00:00+00:00,32.786645916666664,42.717552
2025-04-19 19:00:00+00:00,36.79244975,43.746407
2025-04-19 20:00:00+00:00,43.993696166666666,44.556343
2025-04-19 21:00:00+00:00,49.1977405,45.182148
2025-04-19 22:00:00+00:00,59.86366458333333,45.665455
2025-04-19 23:00:00+00:00,77.14494499999999,46.051586
2025-04-20 00:00:00+00:00,77.14980683333333,46.37984
2025-04-20 01:00:00+00:00,52.205693833333335,53.366024
2025-04-20 02:00:00+00:00,47.943746833333336,44.728786
2025-04-20 03:00:00+00:00,39.13392141666667,36.977165
2025-04-20 04:00:00+00:00,36.59634891666666,31.498522
2025-04-20 05:00:00+00:00,31.348373666666664,27.67416
2025-04-20 06:00:00+00:00,25.275736416666668,25.030125
2025-04-20 07:00:00+00:00,22.090751583333333,23.522171
2025-04-20 08:00:00+00:00,20.849678166666664,23.291615
2025-04-20 09:00:00+00:00,18.7494515,24.53049
2025-04-20 10:00:00+00:00,18.91265975,27.177322
2025-04-20 11:00:00+00:00,16.617519583333333,30.813911
2025-04-20 12:00:00+00:00,18.5156385,35.214294
2025-04-20 13:00:00+00:00,17.745774333333333,40.116074
2025-04-20 14:00:00+00:00,17.583232250000002,44.269268
2025-04-20 15:00:00+00:00,18.523460250000003,47.11047
2025-04-20 16:00:00+00:00,18.330333083333333,49.03218
2025-04-20 17:00:00+00:00,20.122151,50.39101
2025-04-20 18:00:00+00:00,21.784218749999997,51.37597
2025-04-20 19:00:00+00:00,24.098409,52.099426
2025-04-20 20:00:00+00:00,28.86767825,52.64627
2025-04-20 21:00:00+00:00,34.031227666666666,53.085224
2025-04-20 22:00:00+00:00,38.30815325,53.46855
2025-04-20 23:00:00+00:00,50.29309733333333,53.832603
2025-04-21 00:00:00+00:00,49.848917166666666,54.196445
2025-04-21 01:00:00+00:00,38.54950083333333,35.045986
2025-04-21 02:00:00+00:00,31.307499500000002,28.935318
2025-04-21 03:00:00+00:00,24.06098233333333,24.17526
2025-04-21 04:00:00+00:00,19.800394583333333,20.833014
2025-04-21 05:00:00+00:00,17.769391833333337,18.797745
2025-04-21 06:00:00+00:00,15.927700166666671,18.04908
2025-04-21 07:00:00+00:00,15.77568075,18.607254
2025-04-21 08:00:00+00:00,16.541353916666665,20.534058
2025-04-21 09:00:00+00:00,18.734409916666667,23.779629
2025-04-21 10:00:00+00:00,28.989649916666664,27.87147
2025-04-21 11:00:00+00:00,33.968976500000004,32.18076
2025-04-21 12:00:00+00:00,31.94555233333334,36.334164
2025-04-21 13:00:00+00:00,32.3836335,39.939
2025-04-21 14:00:00+00:00,32.57543016666667,42.726894
2025-04-21 15:00:00+00:00,30.62213875,44.74626
2025-04-21 16:00:00+00:00,29.9296585,46.296974
2025-04-21 17:00:00+00:00,29.997738583333334,47.80267
2025-04-21 18:00:00+00:00,31.69295741666667,49.644287
2025-04-21 19:00:00+00:00,30.882131083333334,51.79165
2025-04-21 20:00:00+00:00,32.94289666666666,53.546967
2025-04-21 21:00:00+00:00,40.50892775,54.101463
2025-04-21 22:00:00+00:00,46.19628316666667,53.262016
2025-04-21 23:00:00+00:00,75.95937233333333,51.353252
2025-04-22 00:00:00+00:00,98.146371,48.823067
2025-04-22 01:00:00+00:00,62.847613749999994,53.3641
2025-04-22 02:00:00+00:00,44.999064000000004,41.705128
2025-04-22 03:00:00+00:00,32.742001333333334,32.93591
2025-04-22 04:00:00+00:00,30.887214083333333,27.414104
2025-04-22 05:00:00+00:00,24.330844083333332,24.41428
2025-04-22 06:00:00+00:00,21.961999083333335,23.684954
2025-04-22 07:00:00+00:00,21.57159083333333,25.219124
2025-04-22 08:00:00+00:00,21.991036750000003,28.781237
2025-04-22 09:00:00+00:00,26.512004333333337,33.847115
2025-04-22 10:00:00+00:00,39.33498891666667,39.922646
2025-04-22 11:00:00+00:00,40.145889833333335,45.717308
2025-04-22 12:00:00+00:00,31.659312666666665,49.707886
2025-04-22 13:00:00+00:00,28.649248166666666,52.123985
2025-04-22 14:00:00+00:00,28.92171441666666,53.70725
2025-04-22 15:00:00+00:00,28.344370916666662,54.87343
2025-04-22 16:00:00+00:00,28.920552833333332,55.804085
2025-04-22 17:00:00+00:00,29.405412333333334,56.582825
2025-04-22 18:00:00+00:00,30.877567,57.25737
2025-04-22 19:00:00+00:00,32.17295058333333,57.862377
2025-04-22 20:00:00+00:00,32.69708283333333,58.42413
2025-04-22 21:00:00+00:00,37.206565250000004,58.962597
2025-04-22 22:00:00+00:00,52.859428083333334,59.49077
2025-04-22 23:00:00+00:00,80.96239325,60.01227
2025-04-23 00:00:00+00:00,81.49577025,60.521267
2025-04-23 01:00:00+00:00,42.65177858333334,44.982826
2025-04-23 02:00:00+00:00,34.547639583333336,35.305256
2025-04-23 03:00:00+00:00,29.334489750000003,27.840733
2025-04-23 04:00:00+00:00,31.3726355,23.004295
2025-04-23 05:00:00+00:00,28.215803333333334,20.480614
2025-04-23 06:00:00+00:00,25.007755916666667,20.010422
2025-04-23 07:00:00+00:00,25.413336583333336,21.579514
2025-04-23 08:00:00+00:00,27.806013833333335,25.001488
2025-04-23 09:00:00+00:00,29.819171083333334,29.559227
2025-04-23 10:00:00+00:00,43.67799158333333,34.596035
2025-04-23 11:00:00+00:00,44.87980575,39.656082
2025-04-23 12:00:00+00:00,33.06833425,43.725224
2025-04-23 13:00:00+00:00,31.083724583333336,46.55354
2025-04-23 14:00:00+00:00,29.716646,48.647717
2025-04-23 15:00:00+00:00,30.446511583333333,50.330055
2025-04-23 16:00:00+00:00,31.2603075,51.715626
2025-04-23 17:00:00+00:00,32.39961808333334,52.845055
2025-04-23 18:00:00+00:00,33.06308608333333,53.75214
2025-04-23 19:00:00+00:00,34.76066316666667,54.47876
2025-04-23 20:00:00+00:00,37.805655083333335,55.074608
2025-04-23 21:00:00+00:00,46.900273999999996,55.587563
2025-04-23 22:00:00+00:00,63.13464441666667,56.0593
2025-04-23 23:00:00+00:00,91.48559024999999,56.519882
2025-04-24 00:00:00+00:00,83.46186583333333,56.98669
2025-04-24 01:00:00+00:00,55.19309658333333,47.536194
2025-04-24 02:00:00+00:00,42.08054625,39.42648
2025-04-24 03:00:00+00:00,35.050770916666664,32.21756
2025-04-24 04:00:00+00:00,28.33309941666667,26.976067
2025-04-24 05:00:00+00:00,25.21189716666667,23.940966
2025-04-24 06:00:00+00:00,22.25726625,23.157528
2025-04-24 07:00:00+00:00,22.3936095,24.656448
2025-04-24 08:00:00+00:00,25.49086275,28.132702
2025-04-24 09:00:00+00:00,29.835585499999997,32.63791
2025-04-24 10:00:00+00:00,41.033361,37.211693
2025-04-24 11:00:00+00:00,38.67432458333334,41.216633
2025-04-24 12:00:00+00:00,29.13402425,44.117443
2025-04-24 13:00:00+00:00,27.073823416666666,46.146435
2025-04-24 14:00:00+00:00,30.186148583333335,47.77681
2025-04-24 15:00:00+00:00,31.228056416666664,49.21355
2025-04-24 16:00:00+00:00,33.01573141666667,50.49711
2025-04-24 17:00:00+00:00,34.2776255,51.616585
2025-04-24 18:00:00+00:00,37.416422583333336,52.56437
2025-04-24 19:00:00+00:00,38.93508766666667,53.349876
2025-04-24 20:00:00+00:00,43.12168808333333,53.99938
2025-04-24 21:00:00+00:00,55.276109416666664,54.546913
2025-04-24 22:00:00+00:00,65.952608,55.0281
2025-04-24 23:00:00+00:00,77.55172091666667,55.474113
2025-04-25 00:00:00+00:00,69.73151841666667,55.90719
2025-04-25 01:00:00+00:00,50.170391333333335,47.65254
2025-04-25 02:00:00+00:00,40.76765666666667,40.003098
2025-04-25 03:00:00+00:00,29.7407475,33.164555
2025-04-25 04:00:00+00:00,31.7242775,27.897116
2025-04-25 05:00:00+00:00,28.142973916666666,24.293562
2025-04-25 06:00:00+00:00,25.985446666666665,22.177353
2025-04-25 07:00:00+00:00,25.041909166666667,21.283737
2025-04-25 08:00:00+00:00,27.273477333333336,21.528515
2025-04-25 09:00:00+00:00,33.278862,23.071144
2025-04-25 10:00:00+00:00,43.92488608333334,25.892035
2025-04-25 11:00:00+00:00,48.21261941666667,29.46505
2025-04-25 12:00:00+00:00,46.74858008333334,33.523567
2025-04-25 13:00:00+00:00,46.454921833333344,37.8169
2025-04-25 14:00:00+00:00,40.5764005,41.645027
2025-04-25 15:00:00+00:00,44.87286383333333,44.9647
2025-04-25 16:00:00+00:00,50.02562716666666,47.886982
2025-04-25 17:00:00+00:00,50.832951666666666,50.39382
2025-04-25 18:00:00+00:00,47.14910416666667,52.465633
2025-04-25 19:00:00+00:00,46.16428008333333,54.115105
2025-04-25 20:00:00+00:00,45.427392166666664,55.381416
2025-04-25 21:00:00+00:00,49.6982285,56.325676
2025-04-25 22:00:00+00:00,45.42420833333334,57.029648
2025-04-25 23:00:00+00:00,49.7309865,57.57962
2025-04-26 00:00:00+00:00,53.86732083333333,58.048653
2025-04-26 01:00:00+00:00,48.65548208333333,43.36189
2025-04-26 02:00:00+00:00,42.80803675000001,37.822052
2025-04-26 03:00:00+00:00,33.4925945,32.467075
2025-04-26 04:00:00+00:00,36.163344583333334,28.214714
2025-04-26 05:00:00+00:00,29.854790249999997,25.195858
2025-04-26 06:00:00+00:00,25.00287025,23.310976
2025-04-26 07:00:00+00:00,22.928559666666665,22.329288
2025-04-26 08:00:00+00:00,23.78682825,22.049988
2025-04-26 09:00:00+00:00,24.297971833333335,22.457588
2025-04-26 10:00:00+00:00,27.397346,23.749962
2025-04-26 11:00:00+00:00,29.384631833333334,26.081814
2025-04-26 12:00:00+00:00,31.164638999999994,29.240858
2025-04-26 13:00:00+00:00,31.7185585,32.592724
2025-04-26 14:00:00+00:00,31.140511833333335,35.31719
2025-04-26 15:00:00+00:00,35.65089325,37.465244
2025-04-26 16:00:00+00:00,29.6688075,39.386654
2025-04-26 17:00:00+00:00,28.928430666666667,41.217728
2025-04-26 18:00:00+00:00,27.73317308333333,42.903984
2025-04-26 19:00:00+00:00,27.364439666666666,44.339333
2025-04-26 20:00:00+00:00,28.62440225,45.48404
2025-04-26 21:00:00+00:00,30.951515166666667,46.37394
2025-04-26 22:00:00+00:00,34.75478316666666,47.083694
2025-04-26 23:00:00+00:00,44.79772849999999,47.711327
2025-04-27 00:00:00+00:00,47.08156533333334,48.36653
2025-04-27 01:00:00+00:00,37.83049916666667,39.474335
2025-04-27 02:00:00+00:00,31.822173333333335,35.618988
2025-04-27 03:00:00+00:00,28.426159833333333,31.611895
2025-04-27 04:00:00+00:00,24.95471175,28.161213
2025-04-27 05:00:00+00:00,22.597263666666667,25.540096
2025-04-27 06:00:00+00:00,22.067003166666666,23.737831
2025-04-27 07:00:00+00:00,21.813748833333335,22.674816
2025-04-27 08:00:00+00:00,20.849205166666668,22.174486
2025-04-27 09:00:00+00:00,24.80067425,22.080456
2025-04-27 10:00:00+00:00,21.209068166666665,22.376625
2025-04-27 11:00:00+00:00,19.231273583333337,23.20461
2025-04-27 12:00:00+00:00,16.2525545,24.722504
2025-04-27 13:00:00+00:00,16.05778766666667,26.687405
2025-04-27 14:00:00+00:00,15.58414525,28.690636
2025-04-27 15:00:00+00:00,15.407152583333334,30.833794
2025-04-27 16:00:00+00:00,13.623642083333335,32.80271
2025-04-27 17:00:00+00:00,14.685038166666669,34.401608
2025-04-27 18:00:00+00:00,15.051064916666666,35.84606
2025-04-27 19:00:00+00:00,14.615432416666666,37.2969
2025-04-27 20:00:00+00:00,15.360221166666667,38.79261
2025-04-27 21:00:00+00:00,19.43147175,40.26009
2025-04-27 22:00:00+00:00,31.687177166666668,41.571857
2025-04-27 23:00:00+00:00,45.047360749999996,42.641758
2025-04-28 00:00:00+00:00,52.55980249999999,43.458775
2025-04-28 01:00:00+00:00,33.32021175,38.64651
2025-04-28 02:00:00+00:00,25.37472633333333,33.594223
2025-04-28 03:00:00+00:00,21.692072000000003,29.579842
2025-04-28 04:00:00+00:00,16.139239500000002,26.544395
2025-04-28 05:00:00+00:00,18.977210666666668,24.16383
2025-04-28 06:00:00+00:00,14.420385000000001,22.370087
2025-04-28 07:00:00+00:00,15.621254250000002,21.290085
2025-04-28 08:00:00+00:00,17.838356500000003,21.120092
2025-04-28 09:00:00+00:00,22.668490333333335,22.091948
2025-04-28 10:00:00+00:00,41.06606133333333,24.40775
2025-04-28 11:00:00+00:00,30.610825416666668,28.02981
2025-04-28 12:00:00+00:00,20.78568275,32.266834
2025-04-28 13:00:00+00:00,20.999741416666666,36.104156
2025-04-28 14:00:00+00:00,21.139765333333333,39.270157
2025-04-28 15:00:00+00:00,21.368678916666667,41.821575
2025-04-28 16:00:00+00:00,20.799420166666668,43.813538
2025-04-28 17:00:00+00:00,21.981838333333332,45.32483
2025-04-28 18:00:00+00:00,22.029934166666667,46.448666
2025-04-28 19:00:00+00:00,22.404726416666666,47.27781
2025-04-28 20:00:00+00:00,26.988556250000002,47.898746
2025-04-28 21:00:00+00:00,31.558140166666664,48.38282
2025-04-28 22:00:00+00:00,45.0648875,48.772392
2025-04-28 23:00:00+00:00,60.62942408333334,49.074425
2025-04-29 00:00:00+00:00,51.52125966666667,49.265778
2025-04-29 01:00:00+00:00,33.53200225,38.195145
2025-04-29 02:00:00+00:00,25.906843416666664,31.996416
2025-04-29 03:00:00+00:00,21.070112499999997,26.527508
2025-04-29 04:00:00+00:00,21.43361425,22.71159
2025-04-29 05:00:00+00:00,20.46211525,20.364185
2025-04-29 06:00:00+00:00,19.372949416666668,19.44143
2025-04-29 07:00:00+00:00,15.995475500000003,19.946924
2025-04-29 08:00:00+00:00,17.961287166666672,21.645205
2025-04-29 09:00:00+00:00,21.51686758333333,24.129902
2025-04-29 10:00:00+00:00,31.542258666666665,27.158792
2025-04-29 11:00:00+00:00,28.442622500000002,30.191185
2025-04-29 12:00:00+00:00,23.26311816666667,32.674435
2025-04-29 13:00:00+00:00,22.922453,34.62551
2025-04-29 14:00:00+00:00,25.335885750000003,36.16767
2025-04-29 15:00:00+00:00,27.152483999999998,37.37383
2025-04-29 16:00:00+00:00,31.6407435,38.293526
2025-04-29 17:00:00+00:00,34.86239125,38.97625
2025-04-29 18:00:00+00:00,36.46404625,39.478004
2025-04-29 19:00:00+00:00,39.633716,39.857613
2025-04-29 20:00:00+00:00,45.650286666666666,40.16737
2025-04-29 21:00:00+00:00,61.30459416666667,40.44453
2025-04-29 22:00:00+00:00,72.5933495,40.707706
2025-04-29 23:00:00+00:00,83.68254216666666,40.95659
2025-04-30 00:00:00+00:00,95.58780125,41.174942
2025-04-30 01:00:00+00:00,58.380300500000004,53.193996
2025-04-30 02:00:00+00:00,46.01611533333334,38.571228
2025-04-30 03:00:00+00:00,37.13173533333333,29.150253
2025-04-30 04:00:00+00:00,36.80787778333333,23.646368
2025-04-30 05:00:00+00:00,36.48402023333333,20.54777
2025-04-30 06:00:00+00:00,36.16016268333333,19.395172
2025-05-01 04:00:00+00:00,29.035296583333334,20.189295
2025-05-01 05:00:00+00:00,28.72895608333333,22.768982
2025-05-01 06:00:00+00:00,25.480170666666666,26.854557
2025-05-01 07:00:00+00:00,24.08760233333333,32.80784
2025-05-01 08:00:00+00:00,23.806622083333338,40.933735
2025-05-01 09:00:00+00:00,29.072335916666674,48.614147
2025-05-01 10:00:00+00:00,39.806067,53.61792
2025-05-01 11:00:00+00:00,33.48484833333333,56.526814
2025-05-01 12:00:00+00:00,29.369790916666666,58.241592
2025-05-01 13:00:00+00:00,29.281510833333332,59.293022
2025-05-01 14:00:00+00:00,30.326426666666663,59.98745
2025-05-01 15:00:00+00:00,31.753464249999997,60.509895
2025-05-01 16:00:00+00:00,32.26701833333333,60.96794
2025-05-01 17:00:00+00:00,37.67523741666667,61.41285
2025-05-01 18:00:00+00:00,35.146103333333336,61.85633
2025-05-01 19:00:00+00:00,35.921550583333335,62.284607
2025-05-01 20:00:00+00:00,47.410641749999996,62.669304
2025-05-01 21:00:00+00:00,50.939770583333335,62.9786
2025-05-01 22:00:00+00:00,58.34606308333332,46.901722
2025-05-01 23:00:00+00:00,72.19816008333333,42.43321
2025-05-02 00:00:00+00:00,70.67107558333333,35.977028
2025-05-02 01:00:00+00:00,56.48401258333333,30.012333
2025-05-02 02:00:00+00:00,38.055253083333334,24.816051
2025-05-02 03:00:00+00:00,34.24125675,20.670544
2025-05-02 04:00:00+00:00,29.27493916666667,17.797972
2025-05-02 05:00:00+00:00,25.461903000000003,16.12641
2025-05-02 06:00:00+00:00,22.88297075,15.426752
2025-05-02 07:00:00+00:00,22.565103583333336,15.588552
2025-05-02 08:00:00+00:00,23.36290141666667,16.834358
2025-05-02 09:00:00+00:00,26.854938833333335,19.550972
2025-05-02 10:00:00+00:00,35.07254775,23.46917
2025-05-02 11:00:00+00:00,42.425940916666676,27.452324
2025-05-02 12:00:00+00:00,33.55350391666666,30.866964
2025-05-02 13:00:00+00:00,30.52460375,33.570316
2025-05-02 14:00:00+00:00,33.360168916666666,34.783123
2025-05-02 15:00:00+00:00,35.74017575,34.501328
2025-05-02 16:00:00+00:00,36.5530435,33.769516
2025-05-02 17:00:00+00:00,38.37403125,33.34884
2025-05-02 18:00:00+00:00,41.81696875,33.4262
2025-05-02 19:00:00+00:00,46.33056641666667,33.894905
2025-05-02 20:00:00+00:00,49.957388083333335,34.595448
2025-05-02 21:00:00+00:00,59.91575791666667,35.401917
2025-05-02 22:00:00+00:00,66.15574375,50.25569
2025-05-02 23:00:00+00:00,70.77549158333333,44.284264
2025-05-03 00:00:00+00:00,63.1490365,37.87505
2025-05-03 01:00:00+00:00,48.190973583333346,32.59912
2025-05-03 02:00:00+00:00,40.265331833333335,28.234215
2025-05-03 03:00:00+00:00,35.63657333333334,24.57883
2025-05-03 04:00:00+00:00,40.96983225,21.872643
2025-05-03 05:00:00+00:00,32.58606416666667,20.189663
2025-05-03 06:00:00+00:00,29.526477083333333,19.319704
2025-05-03 07:00:00+00:00,28.588559916666668,19.00474
2025-05-03 08:00:00+00:00,27.270799166666663,19.094612
2025-05-03 09:00:00+00:00,27.57693275,19.600153
2025-05-03 10:00:00+00:00,27.100494666666666,20.761036
2025-05-03 11:00:00+00:00,25.450295999999998,22.994572
2025-05-03 12:00:00+00:00,28.268595333333334,26.273182
2025-05-03 13:00:00+00:00,29.541912166666666,29.576923
2025-05-03 14:00:00+00:00,30.880568749999995,31.980076
2025-05-03 15:00:00+00:00,31.47674041666667,33.73983
2025-05-03 16:00:00+00:00,32.09861225,35.23875
2025-05-03 17:00:00+00:00,34.63713408333333,36.454155
2025-05-03 18:00:00+00:00,36.70172183333333,37.66868
2025-05-03 19:00:00+00:00,41.51084891666667,39.023537
2025-05-03 20:00:00+00:00,43.35713525,40.45732
2025-05-03 21:00:00+00:00,44.95308049999999,41.867332
2025-05-03 22:00:00+00:00,41.324817583333335,43.65109
2025-05-03 23:00:00+00:00,44.32814200000001,40.46019
2025-05-04 00:00:00+00:00,39.927150250000004,36.437077
2025-05-04 01:00:00+00:00,36.142958416666666,32.75407
2025-05-04 02:00:00+00:00,31.476356499999998,29.615152
2025-05-04 03:00:00+00:00,28.937606583333334,26.895226
2025-05-04 04:00:00+00:00,31.344404833333332,24.671474
2025-05-04 05:00:00+00:00,29.102624083333335,23.078838
2025-05-04 06:00:00+00:00,24.03184691666667,22.169369
2025-05-04 07:00:00+00:00,23.35109208333333,21.78218
2025-05-04 08:00:00+00:00,22.745759500000002,21.749622
2025-05-04 09:00:00+00:00,23.259929,22.059895
2025-05-04 10:00:00+00:00,22.637805666666665,22.858253
2025-05-04 11:00:00+00:00,26.26439091666667,24.373325
2025-05-04 12:00:00+00:00,30.35240466666667,26.647846
2025-05-04 13:00:00+00:00,33.31087541666667,29.119223
2025-05-04 14:00:00+00:00,32.14051333333333,31.06559
2025-05-04 15:00:00+00:00,32.32426091666667,32.252617
2025-05-04 16:00:00+00:00,30.366344083333335,32.841
2025-05-04 17:00:00+00:00,30.279043333333334,33.2526
2025-05-04 18:00:00+00:00,29.106848916666667,33.725555
2025-05-04 19:00:00+00:00,28.467266416666664,34.30776
2025-05-04 20:00:00+00:00,28.05466291666667,35.00217
2025-05-04 21:00:00+00:00,32.72638975,35.80178
2025-05-04 22:00:00+00:00,34.01965916666666,34.57227
2025-05-04 23:00:00+00:00,40.554381,35.630848
2025-05-05 00:00:00+00:00,46.971199416666664,37.05647
2025-05-05 01:00:00+00:00,38.04372466666667,34.837646
2025-05-05 02:00:00+00:00,31.374493083333338,30.70932
2025-05-05 03:00:00+00:00,27.311205583333333,27.221954
2025-05-05 04:00:00+00:00,28.941529250000006,24.538029
2025-05-05 05:00:00+00:00,27.453553666666668,22.68142
2025-05-05 06:00:00+00:00,26.024355083333333,21.572634
2025-05-05 07:00:00+00:00,27.006091583333333,21.265747
2025-05-05 08:00:00+00:00,30.65233975,21.941936
2025-05-05 09:00:00+00:00,35.85522475,23.708828
2025-05-05 10:00:00+00:00,47.33316158333333,26.985264
2025-05-05 11:00:00+00:00,48.62660616666667,31.02194
2025-05-05 12:00:00+00:00,41.129061666666665,32.96335
2025-05-05 13:00:00+00:00,40.343574249999996,33.185432
2025-05-05 14:00:00+00:00,39.583711083333334,32.530197
2025-05-05 15:00:00+00:00,39.14846583333333,31.511034
2025-05-05 16:00:00+00:00,38.732395583333336,30.627224
2025-05-05 17:00:00+00:00,38.23766391666667,30.11869
2025-05-05 18:00:00+00:00,36.98325766666667,29.966581
2025-05-05 19:00:00+00:00,38.28962683333334,30.06185
2025-05-05 20:00:00+00:00,41.664293916666665,30.299934
2025-05-05 21:00:00+00:00,45.545403,30.60467
2025-05-05 22:00:00+00:00,51.29170166666667,49.49143
2025-05-05 23:00:00+00:00,60.829119999999996,51.24556
2025-05-06 00:00:00+00:00,66.02197408333333,48.069473
2025-05-06 01:00:00+00:00,49.1958875,41.86801
2025-05-06 02:00:00+00:00,39.329579583333334,36.543648
2025-05-06 03:00:00+00:00,34.326931083333335,32.412426
2025-05-06 04:00:00+00:00,30.510659333333333,29.278137
2025-05-06 05:00:00+00:00,27.972738500000002,27.141838
2025-05-06 06:00:00+00:00,25.148111583333332,25.953217
2025-05-06 07:00:00+00:00,24.888993833333334,25.756268
2025-05-06 08:00:00+00:00,26.914094083333335,26.728361
2025-05-06 09:00:00+00:00,37.00997275,28.925566
2025-05-06 10:00:00+00:00,42.90896491666666,31.993612
2025-05-06 11:00:00+00:00,44.39216833333333,35.076252
2025-05-06 12:00:00+00:00,34.81891641666667,37.69415
2025-05-06 13:00:00+00:00,35.32585816666667,39.510082
2025-05-06 14:00:00+00:00,34.76443733333333,40.076637
2025-05-06 15:00:00+00:00,34.14192241666667,39.596046
2025-05-06 16:00:00+00:00,33.64631725,38.574863
2025-05-06 17:00:00+00:00,32.06180833333333,37.569695
2025-05-06 18:00:00+00:00,31.441756333333334,36.94017
2025-05-06 19:00:00+00:00,30.982924833333332,36.7351
2025-05-06 20:00:00+00:00,35.95076558333333,36.8456
2025-05-06 21:00:00+00:00,39.751276833333336,37.14871
2025-05-06 22:00:00+00:00,46.68810091666666,42.360172
2025-05-06 23:00:00+00:00,63.87145225000001,40.83943
2025-05-07 00:00:00+00:00,68.92953183333333,36.9273
2025-05-07 01:00:00+00:00,48.186916249999996,33.035137
2025-05-07 02:00:00+00:00,38.02916975,29.934324
2025-05-07 03:00:00+00:00,30.161541916666668,27.643402
2025-05-07 04:00:00+00:00,29.033245583333333,26.064243
2025-05-07 05:00:00+00:00,27.408373583333333,25.048298
2025-05-07 06:00:00+00:00,23.6301545,24.52386
2025-05-07 07:00:00+00:00,23.62008325,24.462423
2025-05-07 08:00:00+00:00,26.75086208333333,24.986515
2025-05-07 09:00:00+00:00,30.708932166666667,26.424236
2025-05-07 10:00:00+00:00,45.01514433333333,28.91471
2025-05-07 11:00:00+00:00,41.99065875,31.851032
2025-05-07 12:00:00+00:00,30.871975750000004,34.422
2025-05-07 13:00:00+00:00,31.372756749999994,36.107635
2025-05-07 14:00:00+00:00,32.46281233333333,36.700302
2025-05-07 15:00:00+00:00,32.298220416666666,36.396202
2025-05-07 16:00:00+00:00,32.60909508333334,35.59154
2025-05-07 17:00:00+00:00,34.596019,34.824078
2025-05-07 18:00:00+00:00,35.7835035,34.422264
2025-05-07 19:00:00+00:00,38.25470108333334,34.389416
2025-05-07 20:00:00+00:00,45.997274833333336,34.59779
2025-05-07 21:00:00+00:00,53.743491666666664,34.92794
2025-05-07 22:00:00+00:00,59.16138541666667,52.340885
2025-05-07 23:00:00+00:00,65.77477216666666,48.66812
2025-05-08 00:00:00+00:00,67.76853941666667,43.09549
2025-05-08 01:00:00+00:00,47.03245016666667,38.266758
2025-05-08 02:00:00+00:00,36.90219975,34.355984
2025-05-08 03:00:00+00:00,29.4557345,31.276308
2025-05-08 04:00:00+00:00,24.531758583333332,29.097725
2025-05-08 05:00:00+00:00,21.98542175,27.76807
2025-05-08 06:00:00+00:00,21.256828916666667,27.108927
2025-05-08 07:00:00+00:00,20.774299416666665,26.977905
2025-05-08 08:00:00+00:00,21.842124583333334,27.408297
2025-05-08 09:00:00+00:00,27.8291415,28.651672
2025-05-08 10:00:00+00:00,33.521717333333335,30.907322
2025-05-08 11:00:00+00:00,34.23706925,33.79627
2025-05-08 12:00:00+00:00,32.73220825,36.58295
2025-05-08 13:00:00+00:00,30.334954666666665,38.9614
2025-05-08 14:00:00+00:00,30.534768,40.7173
2025-05-08 15:00:00+00:00,30.932491083333332,41.323612
2025-05-08 16:00:00+00:00,30.518154416666665,41.135014
2025-05-08 17:00:00+00:00,31.678734583333334,40.919697
2025-05-08 18:00:00+00:00,32.04505433333333,40.976246
2025-05-08 19:00:00+00:00,32.04732283333333,41.29739
2025-05-08 20:00:00+00:00,34.931850250000004,41.793118
2025-05-08 21:00:00+00:00,37.51020808333333,42.3747
2025-05-08 22:00:00+00:00,38.54539858333333,37.759323
2025-05-08 23:00:00+00:00,45.64575966666666,36.469692
2025-05-09 00:00:00+00:00,52.29407091666666,34.06403
2025-05-09 01:00:00+00:00,42.31912549999999,30.58823
2025-05-09 02:00:00+00:00,33.504810166666665,27.27589
2025-05-09 03:00:00+00:00,28.97418925,24.756996
2025-05-09 04:00:00+00:00,25.790513750000002,22.989986
2025-05-09 05:00:00+00:00,25.35221183333333,21.767387
2025-05-09 06:00:00+00:00,24.45245841666667,21.076881
2025-05-09 07:00:00+00:00,24.0068955,20.949903
2025-05-09 08:00:00+00:00,25.606804749999995,21.482481
2025-05-09 09:00:00+00:00,29.957498583333333,22.861332
2025-05-09 10:00:00+00:00,37.864177833333336,25.04149
2025-05-09 11:00:00+00:00,40.69907166666667,27.642826
2025-05-09 12:00:00+00:00,38.785284749999995,30.017426
2025-05-09 13:00:00+00:00,38.94914225,31.505014
2025-05-09 14:00:00+00:00,35.067372,31.919157
2025-05-09 15:00:00+00:00,32.17552233333333,31.64117
2025-05-09 16:00:00+00:00,31.711968833333334,31.225147
2025-05-09 17:00:00+00:00,32.25905408333333,30.995382
2025-05-09 18:00:00+00:00,31.127907750000006,31.0016
2025-05-09 19:00:00+00:00,30.250038500000002,31.18208
2025-05-09 20:00:00+00:00,32.40745725,31.467327
2025-05-09 21:00:00+00:00,31.01144475,31.805088
2025-05-09 22:00:00+00:00,33.965634083333335,33.16778
2025-05-09 23:00:00+00:00,38.4521415,33.61458
2025-05-10 00:00:00+00:00,42.577616666666664,33.423733
2025-05-10 01:00:00+00:00,38.44289625,31.317331
2025-05-10 02:00:00+00:00,32.90337958333333,28.020344
2025-05-10 03:00:00+00:00,28.217416416666666,25.349659
2025-05-10 04:00:00+00:00,30.957414666666665,23.49541
2025-05-10 05:00:00+00:00,27.187667333333337,22.20449
2025-05-10 06:00:00+00:00,25.216172916666665,21.283207
2025-05-10 07:00:00+00:00,23.60117925,20.706627
2025-05-10 08:00:00+00:00,24.071491416666667,20.591389
2025-05-10 09:00:00+00:00,27.728739750000003,21.213814
2025-05-10 10:00:00+00:00,26.833433999999997,22.955917
2025-05-10 11:00:00+00:00,23.557633999999997,25.27895
2025-05-10 12:00:00+00:00,22.792394750000003,26.973011
2025-05-10 13:00:00+00:00,22.47282033333333,27.858994
2025-05-10 14:00:00+00:00,22.375575166666664,28.151669
2025-05-10 15:00:00+00:00,22.128030416666665,28.056498
2025-05-10 16:00:00+00:00,21.907854166666667,27.834465
2025-05-10 17:00:00+00:00,21.961915416666667,27.702345
2025-05-10 18:00:00+00:00,21.966730333333334,27.733728
2025-05-10 19:00:00+00:00,22.453981833333337,27.904099
2025-05-10 20:00:00+00:00,22.852022250000005,28.158794
2025-05-10 21:00:00+00:00,23.907247083333335,28.442127
2025-05-10 22:00:00+00:00,30.390835416666665,27.69588
2025-05-10 23:00:00+00:00,39.76778933333333,28.14298
2025-05-11 00:00:00+00:00,36.53751991666667,28.160133
2025-05-11 01:00:00+00:00,31.05608175,26.628765
2025-05-11 02:00:00+00:00,25.840229500000003,24.424122
2025-05-11 03:00:00+00:00,21.353187750000004,22.425182
2025-05-11 04:00:00+00:00,21.087142416666666,20.857553
2025-05-11 05:00:00+00:00,20.00645041666667,19.712914
2025-05-11 06:00:00+00:00,18.80504891666667,18.856043
2025-05-11 07:00:00+00:00,18.408638083333333,18.228859
2025-05-11 08:00:00+00:00,18.243650083333332,17.895067
2025-05-11 09:00:00+00:00,19.10482675,17.989437
2025-05-11 10:00:00+00:00,20.067059666666673,18.73421
2025-05-11 11:00:00+00:00,18.720934083333336,20.382084
2025-05-11 12:00:00+00:00,17.824418083333335,22.26717
2025-05-11 13:00:00+00:00,18.541368416666668,23.137741
2025-05-11 14:00:00+00:00,19.167502833333334,23.160797
2025-05-11 15:00:00+00:00,19.049954500000005,22.86665
2025-05-11 16:00:00+00:00,20.693375333333332,22.608822
2025-05-11 17:00:00+00:00,20.909158083333335,22.549076
2025-05-11 18:00:00+00:00,21.851408500000005,22.702106
2025-05-11 19:00:00+00:00,24.111930666666666,23.018787
2025-05-11 20:00:00+00:00,28.370412583333334,23.434597
2025-05-11 21:00:00+00:00,34.20771083333333,23.886925
2025-05-11 22:00:00+00:00,36.15634991666666,37.255146
2025-05-11 23:00:00+00:00,45.6340435,39.195614
2025-05-12 00:00:00+00:00,47.46499683333334,37.95355
2025-05-12 01:00:00+00:00,35.838103749999995,33.848755
2025-05-12 02:00:00+00:00,27.73540291666667,29.689907
2025-05-12 03:00:00+00:00,23.422373583333336,26.166828
2025-05-12 04:00:00+00:00,22.296654333333333,23.333239
2025-05-12 05:00:00+00:00,21.215487166666666,21.285471
2025-05-12 06:00:00+00:00,19.497658583333333,19.96638
2025-05-12 07:00:00+00:00,18.680864750000005,19.329834
2025-05-12 08:00:00+00:00,20.614504999999998,19.438587
2025-05-12 09:00:00+00:00,26.039788416666667,20.47964
2025-05-12 10:00:00+00:00,31.949165333333333,22.642714
2025-05-12 11:00:00+00:00,35.90039791666667,25.947634
2025-05-12 12:00:00+00:00,33.031082833333336,29.412905
2025-05-12 13:00:00+00:00,33.433269083333336,31.995653
2025-05-12 14:00:00+00:00,33.6634585,33.223965
2025-05-12 15:00:00+00:00,33.09114841666666,33.17459
2025-05-12 16:00:00+00:00,35.16499925,32.277126
2025-05-12 17:00:00+00:00,37.117605000000005,31.087246
2025-05-12 18:00:00+00:00,37.52198025,30.162697
2025-05-12 19:00:00+00:00,39.12077816666667,29.720655
2025-05-12 20:00:00+00:00,43.063047833333336,29.68127
2025-05-12 21:00:00+00:00,52.78523874999999,29.894262
2025-05-12 22:00:00+00:00,50.86628508333333,48.962284
2025-05-12 23:00:00+00:00,53.24087708333334,45.667778
2025-05-13 00:00:00+00:00,61.137482500000004,38.897793
2025-05-13 01:00:00+00:00,47.390404333333336,32.814354
2025-05-13 02:00:00+00:00,39.31557633333333,28.663765
2025-05-13 03:00:00+00:00,31.593222333333333,25.587904
2025-05-13 04:00:00+00:00,27.25482166666667,23.230387
2025-05-13 05:00:00+00:00,25.239022000000002,21.589321
2025-05-13 06:00:00+00:00,22.782578916666665,20.646189
2025-05-13 07:00:00+00:00,22.385465999999997,20.374884
2025-05-13 08:00:00+00:00,24.457416249999998,20.877453
2025-05-13 09:00:00+00:00,30.592508083333332,22.335953
2025-05-13 10:00:00+00:00,36.73962516666666,24.679188
2025-05-13 11:00:00+00:00,42.519768500000005,27.507627
2025-05-13 12:00:00+00:00,49.40938225000001,30.292164
2025-05-13 13:00:00+00:00,49.36165316666666,32.808113
2025-05-13 14:00:00+00:00,44.75925466666666,35.115948
2025-05-13 15:00:00+00:00,41.528825833333336,36.71185
2025-05-13 16:00:00+00:00,42.32756333333334,37.450172
2025-05-13 17:00:00+00:00,43.07845475,37.85488
2025-05-13 18:00:00+00:00,40.3487445,38.23311
2025-05-13 19:00:00+00:00,39.691370416666665,38.655613
2025-05-13 20:00:00+00:00,41.61653375,39.10675
2025-05-13 21:00:00+00:00,45.66539541666666,39.554344
2025-05-13 22:00:00+00:00,51.54231758333333,49.54648
2025-05-13 23:00:00+00:00,60.461430916666664,48.143024
2025-05-14 00:00:00+00:00,68.85167866666667,43.08318
2025-05-14 01:00:00+00:00,48.469158416666666,36.603355
2025-05-14 02:00:00+00:00,39.12117333333333,31.177309
2025-05-14 03:00:00+00:00,33.4783995,26.934055
2025-05-14 04:00:00+00:00,26.606605000000002,23.79353
2025-05-14 05:00:00+00:00,23.580471833333338,21.795055
2025-05-14 06:00:00+00:00,22.18361708333333,20.964947
2025-05-14 07:00:00+00:00,21.73356808333334,21.438965
2025-05-14 08:00:00+00:00,22.753654583333333,23.384724
2025-05-14 09:00:00+00:00,29.444097083333332,26.725634
2025-05-14 10:00:00+00:00,35.428804416666665,30.979795
2025-05-14 11:00:00+00:00,36.414825083333334,35.272263
2025-05-14 12:00:00+00:00,35.502359750000004,39.10828
2025-05-14 13:00:00+00:00,34.9509375,41.35389
2025-05-14 14:00:00+00:00,35.48735675,41.4725
2025-05-14 15:00:00+00:00,34.91932091666666,40.210026
2025-05-14 16:00:00+00:00,35.21455041666666,38.58705
2025-05-14 17:00:00+00:00,37.3824275,37.39327
2025-05-14 18:00:00+00:00,39.028392583333336,36.881866
2025-05-14 19:00:00+00:00,41.21493891666667,36.937153
2025-05-14 20:00:00+00:00,45.46703616666667,37.356544
2025-05-14 21:00:00+00:00,53.4727885,37.971783
2025-05-14 22:00:00+00:00,55.58989466666667,51.570587
2025-05-14 23:00:00+00:00,67.67024825,47.331345
2025-05-15 00:00:00+00:00,70.041129,41.386833
2025-05-15 01:00:00+00:00,51.352512749999995,36.26502
2025-05-15 02:00:00+00:00,38.24304625,32.152607
2025-05-15 03:00:00+00:00,31.852463583333332,28.990276
2025-05-15 04:00:00+00:00,25.2661525,26.836628
2025-05-15 05:00:00+00:00,23.01434625,25.598783
2025-05-15 06:00:00+00:00,21.408618083333334,25.076225
2025-05-15 07:00:00+00:00,20.835774999999998,25.169178
2025-05-15 08:00:00+00:00,21.509318583333336,26.019787
2025-05-15 09:00:00+00:00,25.312730666666663,27.933458
2025-05-15 10:00:00+00:00,32.52391983333333,30.87737
2025-05-15 11:00:00+00:00,32.29752525,34.186848
2025-05-15 12:00:00+00:00,30.039993083333336,37.219543
2025-05-15 13:00:00+00:00,31.165760416666668,39.73942
2025-05-15 14:00:00+00:00,29.87227683333333,41.082207
2025-05-15 15:00:00+00:00,32.169483916666664,41.117867
2025-05-15 16:00:00+00:00,34.94768583333333,40.850533
2025-05-15 17:00:00+00:00,37.48168583333334,40.88134
2025-05-15 18:00:00+00:00,40.86449725,41.27167
2025-05-15 19:00:00+00:00,47.13115400000001,41.91163
2025-05-15 20:00:00+00:00,64.18454083333333,42.6789
2025-05-15 21:00:00+00:00,75.38163475,43.47896
2025-05-15 22:00:00+00:00,84.14158875,67.68009
2025-05-15 23:00:00+00:00,90.16722991666666,58.224907
2025-05-16 00:00:00+00:00,72.91686908333334,47.427353
2025-05-16 01:00:00+00:00,53.79399416666666,40.379143
2025-05-16 02:00:00+00:00,41.519529416666664,35.646904
2025-05-16 03:00:00+00:00,31.43976208333333,31.977169
2025-05-16 04:00:00+00:00,30.1426345,29.183376
2025-05-16 05:00:00+00:00,27.030978166666667,27.280304
2025-05-16 06:00:00+00:00,22.897549083333328,26.139187
2025-05-16 07:00:00+00:00,21.76358808333333,25.56321
2025-05-16 08:00:00+00:00,21.461449416666667,25.425125
2025-05-16 09:00:00+00:00,23.63095375,25.774353
2025-05-16 10:00:00+00:00,28.663524750000004,26.918184
2025-05-16 11:00:00+00:00,32.041208250000004,29.266823
2025-05-16 12:00:00+00:00,31.699466583333333,32.729874
2025-05-16 13:00:00+00:00,32.42846758333334,36.506145
2025-05-16 14:00:00+00:00,33.832897583333335,39.739426
2025-05-16 15:00:00+00:00,35.82397975,42.727997
2025-05-16 16:00:00+00:00,39.331480166666665,46.424427
2025-05-16 17:00:00+00:00,42.602554166666664,49.966827
2025-05-16 18:00:00+00:00,50.031622999999996,52.52208
2025-05-16 19:00:00+00:00,67.72986025,54.44244
2025-05-16 20:00:00+00:00,88.36260108333332,56.03211
2025-05-16 21:00:00+00:00,100.21470875,57.382603
2025-05-16 22:00:00+00:00,85.12860033333334,85.84732
2025-05-16 23:00:00+00:00,87.20008641666666,73.084915
2025-05-17 00:00:00+00:00,66.24061233333333,56.99465
2025-05-17 01:00:00+00:00,50.147355583333336,46.149437
2025-05-17 02:00:00+00:00,40.21349475,39.44888
2025-05-17 03:00:00+00:00,32.17830083333333,34.3209
2025-05-17 04:00:00+00:00,33.507469,30.054007
2025-05-17 05:00:00+00:00,27.739501166666667,26.782455
2025-05-17 06:00:00+00:00,22.86922916666667,24.57729
2025-05-17 07:00:00+00:00,21.90992016666667,23.301447
2025-05-17 08:00:00+00:00,20.386594000000002,22.805912
2025-05-17 09:00:00+00:00,21.262430583333334,23.149755
2025-05-17 10:00:00+00:00,20.05854233333333,24.7392
2025-05-17 11:00:00+00:00,22.045238333333334,28.053528
2025-05-17 12:00:00+00:00,22.769095583333335,32.777977
2025-05-17 13:00:00+00:00,24.783115249999998,37.691868
2025-05-17 14:00:00+00:00,26.956921499999996,41.742832
2025-05-17 15:00:00+00:00,27.83049541666667,45.65623
2025-05-17 16:00:00+00:00,31.732861083333333,51.141396
2025-05-17 17:00:00+00:00,29.574214333333334,57.016743
2025-05-17 18:00:00+00:00,29.798684833333336,61.360516
2025-05-17 19:00:00+00:00,35.675117166666666,64.41748
2025-05-17 20:00:00+00:00,39.4615645,66.739456
2025-05-17 21:00:00+00:00,57.82901350000001,68.57765
2025-05-17 22:00:00+00:00,57.076651,54.99642
2025-05-17 23:00:00+00:00,54.894640583333334,48.504337
2025-05-18 00:00:00+00:00,51.298182583333336,40.825455
2025-05-18 01:00:00+00:00,42.596783333333335,34.379765
2025-05-18 02:00:00+00:00,36.267005000000005,28.87772
2025-05-18 03:00:00+00:00,30.00595583333333,24.196836
2025-05-18 04:00:00+00:00,28.820447166666668,20.497437
2025-05-18 05:00:00+00:00,24.65963825,17.726692
2025-05-18 06:00:00+00:00,22.69609925,15.935097
2025-05-18 07:00:00+00:00,21.792960249999997,15.02903
2025-05-18 08:00:00+00:00,21.802871833333334,14.746698
2025-05-18 09:00:00+00:00,22.138441999999998,14.970535
2025-05-18 10:00:00+00:00,20.528757916666667,15.833746
2025-05-18 11:00:00+00:00,18.695453666666666,17.718828
2025-05-18 12:00:00+00:00,18.013795333333334,21.089775
2025-05-18 13:00:00+00:00,20.02142366666667,25.684113
2025-05-18 14:00:00+00:00,21.259017500000002,30.204523
2025-05-18 15:00:00+00:00,22.270388333333333,33.774582
2025-05-18 16:00:00+00:00,21.699110916666665,35.834164
2025-05-18 17:00:00+00:00,22.690054583333335,36.241844
2025-05-18 18:00:00+00:00,24.05861175,36.158028
2025-05-18 19:00:00+00:00,25.03132533333333,36.433235
2025-05-18 20:00:00+00:00,27.267143833333336,37.22354
2025-05-18 21:00:00+00:00,30.220387249999998,38.430862
2025-05-18 22:00:00+00:00,35.54617366666667,32.246037
2025-05-18 23:00:00+00:00,50.81006558333333,32.35055
2025-05-19 00:00:00+00:00,49.123115000000006,32.893257
2025-05-19 01:00:00+00:00,33.568136,29.974583
2025-05-19 02:00:00+00:00,28.567441583333338,24.286926
2025-05-19 03:00:00+00:00,24.062879416666664,19.199451
2025-05-19 04:00:00+00:00,20.55486591666667,15.453995
2025-05-19 05:00:00+00:00,19.453520750000003,12.891504
2025-05-19 06:00:00+00:00,16.606414916666672,11.238966
2025-05-19 07:00:00+00:00,15.38880775,10.503181
2025-05-19 08:00:00+00:00,15.23196825,11.000591
2025-05-19 09:00:00+00:00,20.141631583333336,13.289038
2025-05-19 10:00:00+00:00,32.28345575,17.64993
2025-05-19 11:00:00+00:00,25.556256583333333,22.008614
2025-05-19 12:00:00+00:00,21.682396083333334,24.431242
2025-05-19 13:00:00+00:00,21.788260249999997,25.36272
2025-05-19 14:00:00+00:00,21.729731333333334,25.317162
2025-05-19 15:00:00+00:00,21.191038083333336,24.743387
2025-05-19 16:00:00+00:00,21.744521250000002,24.17968
2025-05-19 17:00:00+00:00,23.758373333333335,23.946978
2025-05-19 18:00:00+00:00,24.292774249999997,24.077217
2025-05-19 19:00:00+00:00,24.317789416666667,24.467407
2025-05-19 20:00:00+00:00,27.941676333333334,24.99358
2025-05-19 21:00:00+00:00,30.357367416666666,25.548912
2025-05-19 22:00:00+00:00,33.981378166666666,29.997105
2025-05-19 23:00:00+00:00,43.125497083333336,28.608944
2025-05-20 00:00:00+00:00,40.59984216666667,27.733957
2025-05-20 01:00:00+00:00,31.936335,26.584932
2025-05-20 02:00:00+00:00,26.60675691666667,23.354973
2025-05-20 03:00:00+00:00,21.18064075,18.909573
2025-05-20 04:00:00+00:00,20.962086916666667,15.485895
2025-05-20 05:00:00+00:00,19.39339525,13.276241
2025-05-20 06:00:00+00:00,18.18496675,11.9546795
2025-05-20 07:00:00+00:00,17.027987916666667,11.422964
2025-05-20 08:00:00+00:00,17.270301416666666,11.777599
2025-05-20 09:00:00+00:00,22.030817250000002,13.269411
2025-05-20 10:00:00+00:00,28.873752083333333,15.841194
2025-05-20 11:00:00+00:00,28.990761083333336,18.823332
2025-05-20 12:00:00+00:00,25.735176416666665,21.393387
2025-05-20 13:00:00+00:00,24.794992166666663,23.003815
2025-05-20 14:00:00+00:00,25.472507500000003,23.570156
2025-05-20 15:00:00+00:00,25.98835,23.365072
2025-05-20 16:00:00+00:00,27.20443275,22.857645
2025-05-20 17:00:00+00:00,28.50741958333333,22.46846
2025-05-20 18:00:00+00:00,30.82772775,22.360962
2025-05-20 19:00:00+00:00,33.36677741666667,22.508091
2025-05-20 20:00:00+00:00,36.71163958333333,22.826027
2025-05-20 21:00:00+00:00,39.900594250000005,23.233734
2025-05-20 22:00:00+00:00,42.98330075000001,42.578568
2025-05-20 23:00:00+00:00,54.44081416666667,40.85594
2025-05-21 00:00:00+00:00,60.493817916666664,35.76477
2025-05-21 01:00:00+00:00,49.97845,30.336243
2025-05-21 02:00:00+00:00,38.199248833333336,25.997513
2025-05-21 03:00:00+00:00,30.561095249999997,22.591293
2025-05-21 04:00:00+00:00,27.858395583333333,20.055992
2025-05-21 05:00:00+00:00,24.070201833333332,18.392021
2025-05-21 06:00:00+00:00,22.29454975,17.50975
2025-05-21 07:00:00+00:00,21.323338166666666,17.323437
2025-05-21 08:00:00+00:00,22.501712666666666,17.92068
2025-05-21 09:00:00+00:00,28.36096075,19.536661
2025-05-21 10:00:00+00:00,35.81402741666667,22.116482
2025-05-21 11:00:00+00:00,38.785978,25.066643
2025-05-21 12:00:00+00:00,37.641067166666666,27.862692
2025-05-21 13:00:00+00:00,37.49318566666667,30.403011
2025-05-21 14:00:00+00:00,37.53109966666667,31.960464
2025-05-21 15:00:00+00:00,34.65748633333333,31.992851
2025-05-21 16:00:00+00:00,30.950356083333332,31.256378
2025-05-21 17:00:00+00:00,30.661564333333335,30.60338
2025-05-21 18:00:00+00:00,29.9238075,30.369032
2025-05-21 19:00:00+00:00,28.808508500000002,30.533808
2025-05-21 20:00:00+00:00,30.34787441666667,30.969337
2025-05-21 21:00:00+00:00,32.07033775,31.553669
2025-05-21 22:00:00+00:00,34.01542583333333,34.909725
2025-05-21 23:00:00+00:00,38.1899995,35.26538
2025-05-22 00:00:00+00:00,45.048450499999994,32.913677
2025-05-22 01:00:00+00:00,38.215964750000005,29.053604
2025-05-22 02:00:00+00:00,32.59360825,25.720776
2025-05-22 03:00:00+00:00,27.392253333333336,22.993534
2025-05-22 04:00:00+00:00,22.8421065,20.94273
2025-05-22 05:00:00+00:00,22.760657499999997,19.619785
2025-05-22 06:00:00+00:00,21.36602225,19.103216
2025-05-22 07:00:00+00:00,20.410688750000006,19.609852
2025-05-22 08:00:00+00:00,21.49551308333333,21.251133
2025-05-22 09:00:00+00:00,24.548751916666664,24.048195
2025-05-22 10:00:00+00:00,34.47229733333334,27.147348
2025-05-22 11:00:00+00:00,33.380557583333335,28.943958
2025-05-22 12:00:00+00:00,30.960273666666662,29.568134
2025-05-22 13:00:00+00:00,31.577367499999998,29.586157
2025-05-22 14:00:00+00:00,31.437346583333333,29.186419
2025-05-22 15:00:00+00:00,30.9903735,28.456696
2025-05-22 16:00:00+00:00,29.57011866666667,27.651224
2025-05-22 17:00:00+00:00,29.21843283333333,27.042063
2025-05-22 18:00:00+00:00,27.9399605,26.711226
2025-05-22 19:00:00+00:00,27.272054083333337,26.601067
2025-05-22 20:00:00+00:00,27.979874916666674,26.628883
2025-05-22 21:00:00+00:00,29.663768416666667,26.733196
2025-05-22 22:00:00+00:00,33.215577333333336,30.741678
2025-05-22 23:00:00+00:00,41.770816833333335,30.32839
2025-05-23 00:00:00+00:00,49.30119716666667,28.655891
2025-05-23 01:00:00+00:00,42.41318475,26.083979
2025-05-23 02:00:00+00:00,34.039980416666666,23.812174
2025-05-23 03:00:00+00:00,28.032545416666665,22.134184
2025-05-23 04:00:00+00:00,27.404452916666663,20.96326
2025-05-23 05:00:00+00:00,25.5664805,20.1498
2025-05-23 06:00:00+00:00,24.652521750000002,19.640606
2025-05-23 07:00:00+00:00,24.355280250000003,19.461052
2025-05-23 08:00:00+00:00,25.4095165,19.722622
2025-05-23 09:00:00+00:00,29.503127583333335,20.650848
2025-05-23 10:00:00+00:00,35.57179908333333,22.222504
2025-05-23 11:00:00+00:00,33.39141325,23.988485
2025-05-23 12:00:00+00:00,27.630113166666664,25.47988
2025-05-23 13:00:00+00:00,27.686420416666664,26.422403
2025-05-23 14:00:00+00:00,25.716113500000002,26.786625
2025-05-23 15:00:00+00:00,25.27933125,26.699915
2025-05-23 16:00:00+00:00,24.745534583333335,26.404652
2025-05-23 17:00:00+00:00,23.565447000000002,26.15046
2025-05-23 18:00:00+00:00,22.738781416666665,26.052336
2025-05-23 19:00:00+00:00,23.057363749999997,26.104393
2025-05-23 20:00:00+00:00,23.27375825,26.25746
2025-05-23 21:00:00+00:00,25.40796883333333,26.461128
2025-05-23 22:00:00+00:00,31.313577666666667,27.439507
2025-05-23 23:00:00+00:00,39.02553241666667,27.28195
2025-05-24 00:00:00+00:00,49.91965108333332,27.310528
2025-05-24 01:00:00+00:00,38.27407566666667,26.441444
2025-05-24 02:00:00+00:00,32.10888825,24.633022
2025-05-24 03:00:00+00:00,24.43728,22.90608
2025-05-24 04:00:00+00:00,24.063238916666666,21.632889
2025-05-24 05:00:00+00:00,23.575931999999998,20.743105
2025-05-24 06:00:00+00:00,21.88968683333333,20.089878
2025-05-24 07:00:00+00:00,22.132724333333332,19.607738
2025-05-24 08:00:00+00:00,23.600051583333336,19.356903
2025-05-24 09:00:00+00:00,24.945741916666666,19.507298
2025-05-24 10:00:00+00:00,23.074449666666666,20.34293
2025-05-24 11:00:00+00:00,17.944575583333332,21.922195
2025-05-24 12:00:00+00:00,17.479268416666667,23.318184
2025-05-24 13:00:00+00:00,17.442215,23.974728
2025-05-24 14:00:00+00:00,17.789012666666668,24.14067
2025-05-24 15:00:00+00:00,18.35506375,24.11326
2025-05-24 16:00:00+00:00,18.109362416666666,24.11245
2025-05-24 17:00:00+00:00,16.985317,24.228474
2025-05-24 18:00:00+00:00,16.50444775,24.449272
2025-05-24 19:00:00+00:00,16.956621666666667,24.725132
2025-05-24 20:00:00+00:00,18.262367583333333,25.00272
2025-05-24 21:00:00+00:00,19.164823833333337,25.24074
2025-05-24 22:00:00+00:00,23.27860866666667,22.972599
2025-05-24 23:00:00+00:00,29.405071666666664,23.265404
2025-05-25 00:00:00+00:00,33.724013166666666,23.48251
2025-05-25 01:00:00+00:00,32.102845,22.442251
2025-05-25 02:00:00+00:00,25.71539658333333,20.64095
2025-05-25 03:00:00+00:00,20.518341250000002,19.017712
2025-05-25 04:00:00+00:00,18.252309500000003,17.833893
2025-05-25 05:00:00+00:00,20.208102583333332,17.042805
2025-05-25 06:00:00+00:00,18.458878083333335,16.528643
2025-05-25 07:00:00+00:00,18.016135583333334,16.252356
2025-05-25 08:00:00+00:00,18.11382366666667,16.25277
2025-05-25 09:00:00+00:00,18.42904491666667,16.602411
2025-05-25 10:00:00+00:00,18.081862416666667,17.44232
2025-05-25 11:00:00+00:00,15.508732333333333,18.896164
2025-05-25 12:00:00+00:00,13.789557833333333,20.269129
2025-05-25 13:00:00+00:00,14.920914083333335,20.677979
2025-05-25 14:00:00+00:00,15.802885250000003,20.396444
2025-05-25 15:00:00+00:00,16.56527025,19.928177
2025-05-25 16:00:00+00:00,16.520784666666668,19.551147
2025-05-25 17:00:00+00:00,15.566382666666668,19.360477
2025-05-25 18:00:00+00:00,15.836210083333336,19.364468
2025-05-25 19:00:00+00:00,18.569459833333337,19.544426
2025-05-25 20:00:00+00:00,21.219074833333337,19.873085
2025-05-25 21:00:00+00:00,25.13657625,20.313028
2025-05-25 22:00:00+00:00,25.450514833333333,28.633846
2025-05-25 23:00:00+00:00,31.313985083333336,31.216145
2025-05-26 00:00:00+00:00,40.966844083333335,31.539396
2025-05-26 01:00:00+00:00,30.462489166666668,27.64373
2025-05-26 02:00:00+00:00,25.281741583333332,23.425001
2025-05-26 03:00:00+00:00,20.829095833333334,20.25193
2025-05-26 04:00:00+00:00,15.571763249999998,17.864635
2025-05-26 05:00:00+00:00,16.65360241666667,16.202839
2025-05-26 06:00:00+00:00,15.685567583333334,15.134345
2025-05-26 07:00:00+00:00,14.59821825,14.63981
2025-05-26 08:00:00+00:00,15.035721083333334,14.86901
2025-05-26 09:00:00+00:00,16.025312333333336,16.082977
2025-05-26 10:00:00+00:00,15.759728000000004,18.727413
2025-05-26 11:00:00+00:00,15.218166666666667,23.232107
2025-05-26 12:00:00+00:00,14.93011725,26.63792
2025-05-26 13:00:00+00:00,15.402551583333334,27.674244
2025-05-26 14:00:00+00:00,15.525581083333334,27.558613
2025-05-26 15:00:00+00:00,15.692924166666668,26.816113
2025-05-26 16:00:00+00:00,15.692078750000002,25.653152
2025-05-26 17:00:00+00:00,16.0667075,24.44962
2025-05-26 18:00:00+00:00,16.309692083333335,23.562809
2025-05-26 19:00:00+00:00,17.81563916666667,23.07069
2025-05-26 20:00:00+00:00,20.393129583333334,22.877195
2025-05-26 21:00:00+00:00,22.977546583333332,22.867485
2025-05-26 22:00:00+00:00,23.682024916666666,23.083311
2025-05-26 23:00:00+00:00,32.068147833333335,22.301247
2025-05-27 00:00:00+00:00,37.03668558333333,21.513348
2025-05-27 01:00:00+00:00,28.983270666666666,20.010794
2025-05-27 02:00:00+00:00,22.154909416666666,17.532906
2025-05-27 03:00:00+00:00,18.022692333333335,15.2372265
2025-05-27 04:00:00+00:00,18.810145833333333,13.612301
2025-05-27 05:00:00+00:00,20.08984141666667,12.541499
2025-05-27 06:00:00+00:00,17.400779916666668,11.925851
2025-05-27 07:00:00+00:00,17.50736166666667,11.70968
2025-05-27 08:00:00+00:00,19.139072166666672,11.875672
2025-05-27 09:00:00+00:00,23.06335,12.506363
2025-05-27 10:00:00+00:00,29.508143750000002,13.691277
2025-05-27 11:00:00+00:00,29.937822249999996,15.314716
2025-05-27 12:00:00+00:00,31.13488775,16.982405
2025-05-27 13:00:00+00:00,30.809532666666666,18.22549
2025-05-27 14:00:00+00:00,31.700710166666667,18.746815
2025-05-27 15:00:00+00:00,30.995350083333335,18.66201
2025-05-27 16:00:00+00:00,31.014211749999998,18.349957
2025-05-27 17:00:00+00:00,32.444571333333336,18.121773
2025-05-27 18:00:00+00:00,32.117016416666665,18.075201
2025-05-27 19:00:00+00:00,33.48177458333333,18.18346
2025-05-27 20:00:00+00:00,35.669420583333334,18.394169
2025-05-27 21:00:00+00:00,40.45794816666667,18.66029
2025-05-27 22:00:00+00:00,37.00468933333333,41.507446
2025-05-27 23:00:00+00:00,40.81266516666667,39.751724
2025-05-28 00:00:00+00:00,49.02450316666667,34.00633
2025-05-28 01:00:00+00:00,38.931756666666665,27.820082
2025-05-28 02:00:00+00:00,31.526522333333332,23.463003
2025-05-28 03:00:00+00:00,24.832854166666667,20.361221
2025-05-28 04:00:00+00:00,21.595080083333333,18.135786
2025-05-28 05:00:00+00:00,21.96692566666667,16.717377
2025-05-28 06:00:00+00:00,20.333227083333338,16.065247
2025-05-28 07:00:00+00:00,19.965663416666672,16.212685
2025-05-28 08:00:00+00:00,21.56999541666667,17.290764
2025-05-28 09:00:00+00:00,22.945325916666665,19.29525
2025-05-28 10:00:00+00:00,31.548166,22.00116
2025-05-28 11:00:00+00:00,37.893948916666666,25.05737
2025-05-28 12:00:00+00:00,38.847557916666666,28.195993
2025-05-28 13:00:00+00:00,36.39752333333333,30.865208
2025-05-28 14:00:00+00:00,35.813313,31.974133
2025-05-28 15:00:00+00:00,34.37799808333333,31.728447
2025-05-28 16:00:00+00:00,33.330238666666666,31.127998
2025-05-28 17:00:00+00:00,33.49554366666667,30.718433
2025-05-28 18:00:00+00:00,31.089772083333333,30.621342
2025-05-28 19:00:00+00:00,30.37196158333333,30.78263
2025-05-28 20:00:00+00:00,31.920972500000005,31.10746
2025-05-28 21:00:00+00:00,33.48292516666667,31.511797
2025-05-28 22:00:00+00:00,32.18158591666667,35.146942
2025-05-28 23:00:00+00:00,37.640872333333334,34.214058
2025-05-29 00:00:00+00:00,45.46063041666667,31.227552
2025-05-29 01:00:00+00:00,41.21500783333333,27.430801
2025-05-29 02:00:00+00:00,31.340332083333333,24.03306
2025-05-29 03:00:00+00:00,26.459885833333335,21.181498
2025-05-29 04:00:00+00:00,24.895057249999997,19.032406
2025-05-29 05:00:00+00:00,24.581608833333334,17.664585
2025-05-29 06:00:00+00:00,22.364116666666664,17.11142
2025-05-29 07:00:00+00:00,21.844574666666666,17.499012
2025-05-29 08:00:00+00:00,23.54183983333333,18.95362
2025-05-29 09:00:00+00:00,29.71361066666667,21.425816
2025-05-29 10:00:00+00:00,35.72946125,24.495808
2025-05-29 11:00:00+00:00,36.6267625,27.264433
2025-05-29 12:00:00+00:00,30.356981166666667,29.22721
2025-05-29 13:00:00+00:00,29.47525908333333,30.128525
2025-05-29 14:00:00+00:00,30.281638083333334,30.133062
2025-05-29 15:00:00+00:00,31.0330735,29.471836
2025-05-29 16:00:00+00:00,30.73991966666667,28.46597
2025-05-29 17:00:00+00:00,31.547313833333334,27.575422
2025-05-29 18:00:00+00:00,32.89238525,27.07315
2025-05-29 19:00:00+00:00,34.55251116666667,26.949207
2025-05-29 20:00:00+00:00,37.885498,27.083101
2025-05-29 21:00:00+00:00,41.760169499999996,27.364332
2025-05-29 22:00:00+00:00,47.662053166666674,40.577866
2025-05-29 23:00:00+00:00,55.06217566666667,37.560913
2025-05-30 00:00:00+00:00,61.978377833333326,33.673992
2025-05-30 01:00:00+00:00,51.92666966666667,30.389164
2025-05-30 02:00:00+00:00,44.4114085,27.71635
2025-05-30 03:00:00+00:00,33.64270758333333,25.619602
2025-05-30 04:00:00+00:00,25.237273499999997,24.135735
2025-05-30 05:00:00+00:00,22.44352491666666,23.218662
2025-05-30 06:00:00+00:00,20.33115808333333,22.753046
2025-05-30 07:00:00+00:00,19.662179416666664,22.644419
2025-05-30 08:00:00+00:00,20.094437833333334,22.910902
2025-05-30 09:00:00+00:00,23.747325333333333,23.72662
2025-05-30 10:00:00+00:00,27.9967245,25.280119
2025-05-30 11:00:00+00:00,30.673638666666665,27.419222
2025-05-30 12:00:00+00:00,33.55033341666667,29.670094
2025-05-30 13:00:00+00:00,32.48115816666667,31.743584
2025-05-30 14:00:00+00:00,31.096594083333333,33.43651
2025-05-30 15:00:00+00:00,27.984185333333333,34.14646
2025-05-30 16:00:00+00:00,29.446810916666667,33.97846
2025-05-30 17:00:00+00:00,27.773362416666668,33.670273
2025-05-30 18:00:00+00:00,29.052444333333334,33.591118
2025-05-30 19:00:00+00:00,28.708491583333327,33.772575
2025-05-30 20:00:00+00:00,31.13525666666667,34.13695
2025-05-30 21:00:00+00:00,31.73325758333333,34.599003
2025-05-30 22:00:00+00:00,30.40609625,31.902905
2025-05-30 23:00:00+00:00,31.54065258333333,30.720661
2025-05-31 00:00:00+00:00,32.817124416666665,28.712482
2025-05-31 01:00:00+00:00,31.736914083333332,26.280266
2025-05-31 02:00:00+00:00,25.588502166666665,24.186893
2025-05-31 03:00:00+00:00,23.145975833333335,22.640364
2025-05-31 04:00:00+00:00,22.855336923333336,21.545822
2025-05-31 05:00:00+00:00,22.564698013333338,20.76178
2025-05-31 06:00:00+00:00,22.274059103333336,20.30859
2025-06-01 04:00:00+00:00,15.880003083333332,20.235565
2025-06-01 05:00:00+00:00,16.552855083333334,20.623493
2025-06-01 06:00:00+00:00,16.134900833333333,21.562754
2025-06-01 07:00:00+00:00,15.801098750000001,22.920326
2025-06-01 08:00:00+00:00,15.67881191666667,24.523636
2025-06-01 09:00:00+00:00,16.18174225,26.122572
2025-06-01 10:00:00+00:00,16.267839833333333,27.262959
2025-06-01 11:00:00+00:00,15.805285249999999,27.710485
2025-06-01 12:00:00+00:00,15.10730425,27.657887
2025-06-01 13:00:00+00:00,15.110569000000002,27.46429
2025-06-01 14:00:00+00:00,15.560666583333335,27.354887
2025-06-01 15:00:00+00:00,15.493754750000003,27.377178
2025-06-01 16:00:00+00:00,15.317854916666667,27.499866
2025-06-01 17:00:00+00:00,15.538394583333334,27.682102
2025-06-01 18:00:00+00:00,15.169396833333332,27.892832
2025-06-01 19:00:00+00:00,16.309073666666666,18.632885
2025-06-01 20:00:00+00:00,16.448149333333333,18.983318
2025-06-01 21:00:00+00:00,19.358600166666665,20.081707
2025-06-01 22:00:00+00:00,24.021150583333334,21.852085
2025-06-01 23:00:00+00:00,27.503119916666666,22.767982
2025-06-02 00:00:00+00:00,34.15203375,21.337402
2025-06-02 01:00:00+00:00,30.776374333333333,18.775936
2025-06-02 02:00:00+00:00,25.42310941666667,16.547155
2025-06-02 03:00:00+00:00,20.312234583333336,14.933763
2025-06-02 04:00:00+00:00,15.1463305,13.855318
2025-06-02 05:00:00+00:00,14.948625166666666,13.143424
2025-06-02 06:00:00+00:00,14.853032166666665,12.698838
2025-06-02 07:00:00+00:00,14.125859333333333,12.524818
2025-06-02 08:00:00+00:00,14.803637416666664,12.665628
2025-06-02 09:00:00+00:00,16.336142916666667,13.175219
2025-06-02 10:00:00+00:00,21.470179333333334,14.166226
2025-06-02 11:00:00+00:00,19.894867166666668,15.757043
2025-06-02 12:00:00+00:00,18.489792166666664,17.441183
2025-06-02 13:00:00+00:00,17.586485583333335,18.232418
2025-06-02 14:00:00+00:00,17.452891083333338,18.113468
2025-06-02 15:00:00+00:00,17.6514615,17.597742
2025-06-02 16:00:00+00:00,18.55176141666667,17.048738
2025-06-02 17:00:00+00:00,20.185305333333336,16.627947
2025-06-02 18:00:00+00:00,20.117158916666668,16.382936
2025-06-02 19:00:00+00:00,21.406879166666666,20.204643
2025-06-02 20:00:00+00:00,24.54129825,20.520012
2025-06-02 21:00:00+00:00,29.079374583333333,22.159285
2025-06-02 22:00:00+00:00,33.803083916666665,25.322306
2025-06-02 23:00:00+00:00,50.883174833333335,27.191204
2025-06-03 00:00:00+00:00,47.61852483333333,25.403198
2025-06-03 01:00:00+00:00,32.64897,21.800472
2025-06-03 02:00:00+00:00,22.413847750000002,18.843359
2025-06-03 03:00:00+00:00,16.866792833333335,16.4921
2025-06-03 04:00:00+00:00,14.772291583333331,14.616907
2025-06-03 05:00:00+00:00,14.343359999999999,13.190862
2025-06-03 06:00:00+00:00,14.179166166666667,12.154362
2025-06-03 07:00:00+00:00,13.676653166666664,11.550827
2025-06-03 08:00:00+00:00,14.56030825,11.483684
2025-06-03 09:00:00+00:00,16.36126108333334,12.072921
2025-06-03 10:00:00+00:00,20.301059583333334,13.439435
2025-06-03 11:00:00+00:00,20.922210916666668,15.697641
2025-06-03 12:00:00+00:00,19.289312666666667,18.074488
2025-06-03 13:00:00+00:00,18.69508975,19.147629
2025-06-03 14:00:00+00:00,18.600881333333334,19.202415
2025-06-03 15:00:00+00:00,20.168228666666668,18.73654
2025-06-03 16:00:00+00:00,21.15128408333333,18.063065
2025-06-03 17:00:00+00:00,23.121701583333333,17.44382
2025-06-03 18:00:00+00:00,25.7181865,17.013823
2025-06-03 19:00:00+00:00,27.740751500000002,26.266647
2025-06-03 20:00:00+00:00,31.44903175,28.704306
2025-06-03 21:00:00+00:00,37.05407491666667,31.254555
2025-06-03 22:00:00+00:00,44.96791483333333,31.154118
2025-06-03 23:00:00+00:00,51.63886658333333,27.792673
2025-06-04 00:00:00+00:00,40.66817325,24.398388
2025-06-04 01:00:00+00:00,32.96263641666667,21.74186
2025-06-04 02:00:00+00:00,26.641339833333333,19.251978
2025-06-04 03:00:00+00:00,22.2524425,16.95858
2025-06-04 04:00:00+00:00,20.680817583333333,15.151569
2025-06-04 05:00:00+00:00,20.788067,13.8459015
2025-06-04 06:00:00+00:00,18.24924091666667,12.951611
2025-06-04 07:00:00+00:00,16.093779166666668,12.465432
2025-06-04 08:00:00+00:00,16.58820075,12.425187
2025-06-04 09:00:00+00:00,19.714220500000003,12.991417
2025-06-04 10:00:00+00:00,22.36682466666667,14.417169
2025-06-04 11:00:00+00:00,20.807340416666666,16.620468
2025-06-04 12:00:00+00:00,20.480946,18.86653
2025-06-04 13:00:00+00:00,21.77155833333333,20.63471
2025-06-04 14:00:00+00:00,25.993645166666667,21.756489
2025-06-04 15:00:00+00:00,30.847706666666664,22.164192
2025-06-04 16:00:00+00:00,30.590792750000002,21.995632
2025-06-04 17:00:00+00:00,33.84436325,21.431849
2025-06-04 18:00:00+00:00,36.36464183333333,20.781076
2025-06-04 19:00:00+00:00,38.57061133333333,38.208637
2025-06-04 20:00:00+00:00,43.77675108333333,41.85881
2025-06-04 21:00:00+00:00,57.60245199999999,42.741188
2025-06-04 22:00:00+00:00,67.04108808333334,40.26678
2025-06-04 23:00:00+00:00,60.90273966666667,35.307766
2025-06-05 00:00:00+00:00,50.8018175,30.588936
2025-06-05 01:00:00+00:00,44.709762500000004,26.775768
2025-06-05 02:00:00+00:00,34.566697500000004,23.278896
2025-06-05 03:00:00+00:00,29.781313416666666,20.070305
2025-06-05 04:00:00+00:00,25.308130833333333,17.469896
2025-06-05 05:00:00+00:00,24.160597083333336,15.611516
2025-06-05 06:00:00+00:00,21.32979,14.459055
2025-06-05 07:00:00+00:00,19.733686333333335,13.926379
2025-06-05 08:00:00+00:00,20.028773916666673,13.99109
2025-06-05 09:00:00+00:00,23.295587833333332,14.827897
2025-06-05 10:00:00+00:00,31.07764291666667,16.679825
2025-06-05 11:00:00+00:00,30.79792966666667,19.382269
2025-06-05 12:00:00+00:00,34.80088008333333,22.267958
2025-06-05 13:00:00+00:00,35.45279141666666,24.92524
2025-06-05 14:00:00+00:00,37.537819750000004,27.42551
2025-06-05 15:00:00+00:00,39.24477208333334,29.109596
2025-06-05 16:00:00+00:00,38.2430425,29.298727
2025-06-05 17:00:00+00:00,44.319558916666665,28.563885
2025-06-05 18:00:00+00:00,40.36359375,27.760048
2025-06-05 19:00:00+00:00,44.13949516666667,40.78739
2025-06-05 20:00:00+00:00,50.81280525,45.358986
2025-06-05 21:00:00+00:00,56.82476558333334,48.145397
2025-06-05 22:00:00+00:00,45.097679166666666,46.620483
2025-06-05 23:00:00+00:00,43.89082741666667,41.203056
2025-06-06 00:00:00+00:00,42.85245916666668,36.177773
2025-06-06 01:00:00+00:00,45.09769574999999,32.08682
2025-06-06 02:00:00+00:00,37.152839416666666,28.151285
2025-06-06 03:00:00+00:00,31.33742375,24.310669
2025-06-06 04:00:00+00:00,26.14874675,21.028477
2025-06-06 05:00:00+00:00,24.901190833333334,18.55933
2025-06-06 06:00:00+00:00,22.6881975,16.914719
2025-06-06 07:00:00+00:00,21.845491,16.1436
2025-06-06 08:00:00+00:00,22.101866916666665,16.377638
2025-06-06 09:00:00+00:00,24.788742916666667,17.89021
2025-06-06 10:00:00+00:00,28.151668333333333,20.7546
2025-06-06 11:00:00+00:00,29.73474508333333,24.361923
2025-06-06 12:00:00+00:00,28.96986491666667,27.622766
2025-06-06 13:00:00+00:00,28.900894500000003,30.287737
2025-06-06 14:00:00+00:00,31.812515416666667,32.094654
2025-06-06 15:00:00+00:00,35.41997225,32.70669
2025-06-06 16:00:00+00:00,35.80889825,32.32392
2025-06-06 17:00:00+00:00,38.24660683333334,31.3398
2025-06-06 18:00:00+00:00,38.85816,30.304258
2025-06-06 19:00:00+00:00,42.8678035,40.28621
2025-06-06 20:00:00+00:00,46.474178083333335,42.237328
2025-06-06 21:00:00+00:00,48.176897,42.982933
2025-06-06 22:00:00+00:00,44.45397191666667,40.892036
2025-06-06 23:00:00+00:00,46.008679,37.4438
2025-06-07 00:00:00+00:00,42.465388666666655,34.45669
2025-06-07 01:00:00+00:00,40.495245000000004,31.570614
2025-06-07 02:00:00+00:00,34.026122916666665,28.514425
2025-06-07 03:00:00+00:00,28.04684908333333,25.640877
2025-06-07 04:00:00+00:00,30.264150666666666,23.397465
2025-06-07 05:00:00+00:00,30.827453833333333,21.730705
2025-06-07 06:00:00+00:00,27.005811833333336,20.468138
2025-06-07 07:00:00+00:00,23.591048333333337,19.644398
2025-06-07 08:00:00+00:00,23.328205666666666,19.243643
2025-06-07 09:00:00+00:00,23.30856266666667,19.213282
2025-06-07 10:00:00+00:00,23.086675916666668,19.658052
2025-06-07 11:00:00+00:00,25.407451749999996,20.852638
2025-06-07 12:00:00+00:00,27.54076275,22.974775
2025-06-07 13:00:00+00:00,30.625253583333333,25.652817
2025-06-07 14:00:00+00:00,29.561187750000002,28.17329
2025-06-07 15:00:00+00:00,29.649461416666664,30.070164
2025-06-07 16:00:00+00:00,30.576594,31.038755
2025-06-07 17:00:00+00:00,34.59212766666666,31.139729
2025-06-07 18:00:00+00:00,37.75372216666667,30.690008
2025-06-07 19:00:00+00:00,38.2927585,39.727154
2025-06-07 20:00:00+00:00,40.676798416666664,40.707584
2025-06-07 21:00:00+00:00,54.92839491666667,41.898186
2025-06-07 22:00:00+00:00,48.90879949999999,41.344215
2025-06-07 23:00:00+00:00,50.46812258333333,38.824543
2025-06-08 00:00:00+00:00,44.10025658333333,36.380283
2025-06-08 01:00:00+00:00,40.11095316666667,33.906685
2025-06-08 02:00:00+00:00,34.770127333333335,31.160366
2025-06-08 03:00:00+00:00,29.120088499999998,28.402878
2025-06-08 04:00:00+00:00,26.383347166666667,26.160263
2025-06-08 05:00:00+00:00,23.328406416666667,24.56115
2025-06-08 06:00:00+00:00,20.956663583333334,23.345444
2025-06-08 07:00:00+00:00,17.60169475,22.396837
2025-06-08 08:00:00+00:00,16.79655766666667,21.78857
2025-06-08 09:00:00+00:00,17.357630166666667,21.514149
2025-06-08 10:00:00+00:00,16.267469416666668,21.555607
2025-06-08 11:00:00+00:00,18.102557083333334,22.062
2025-06-08 12:00:00+00:00,21.43200733333333,23.315788
2025-06-08 13:00:00+00:00,22.89494366666667,25.391098
2025-06-08 14:00:00+00:00,25.045108083333332,27.900326
2025-06-08 15:00:00+00:00,25.726677,30.187649
2025-06-08 16:00:00+00:00,26.356880666666665,31.708567
2025-06-08 17:00:00+00:00,27.694532083333332,32.312912
2025-06-08 18:00:00+00:00,25.567911000000002,32.18669
2025-06-08 19:00:00+00:00,26.58933275,28.902885
2025-06-08 20:00:00+00:00,29.117844583333333,30.517704
2025-06-08 21:00:00+00:00,31.218214833333334,33.92945
2025-06-08 22:00:00+00:00,31.440420333333332,36.79932
2025-06-08 23:00:00+00:00,34.41361233333333,35.743057
2025-06-09 00:00:00+00:00,41.49919416666667,31.791672
2025-06-09 01:00:00+00:00,36.2560475,28.40923
2025-06-09 02:00:00+00:00,31.729261666666666,25.989704
2025-06-09 03:00:00+00:00,25.495521333333333,23.9207
2025-06-09 04:00:00+00:00,17.373261666666668,22.236864
2025-06-09 05:00:00+00:00,15.989299750000002,20.960058
2025-06-09 06:00:00+00:00,13.746841916666666,20.064762
2025-06-09 07:00:00+00:00,13.155424250000001,19.597961
2025-06-09 08:00:00+00:00,14.50428275,19.662092
2025-06-09 09:00:00+00:00,20.098007,20.405445
2025-06-09 10:00:00+00:00,21.535125333333337,22.074287
2025-06-09 11:00:00+00:00,24.837693833333333,25.051483
2025-06-09 12:00:00+00:00,25.150373416666667,27.855978
2025-06-09 13:00:00+00:00,25.004898583333333,28.608181
2025-06-09 14:00:00+00:00,25.050819500000003,28.015724
2025-06-09 15:00:00+00:00,24.812373583333336,26.923557
2025-06-09 16:00:00+00:00,24.177614416666668,25.874947
2025-06-09 17:00:00+00:00,25.631980833333333,25.114159
2025-06-09 18:00:00+00:00,26.74820083333333,24.662296
2025-06-09 19:00:00+00:00,27.511700500000003,27.245104
2025-06-09 20:00:00+00:00,31.56809158333333,28.052147
2025-06-09 21:00:00+00:00,33.19180483333333,30.318176
2025-06-09 22:00:00+00:00,33.44369041666667,33.566353
2025-06-09 23:00:00+00:00,40.78225341666666,34.3564
2025-06-10 00:00:00+00:00,44.219773,31.502075
2025-06-10 01:00:00+00:00,37.792675583333335,27.908344
2025-06-10 02:00:00+00:00,32.299914666666666,25.27297
2025-06-10 03:00:00+00:00,23.22944116666666,23.038506
2025-06-10 04:00:00+00:00,22.186057083333335,21.090496
2025-06-10 05:00:00+00:00,21.464233166666663,19.552673
2025-06-10 06:00:00+00:00,18.623236666666667,18.412127
2025-06-10 07:00:00+00:00,17.899711583333332,17.680067
2025-06-10 08:00:00+00:00,17.9190145,17.40064
2025-06-10 09:00:00+00:00,22.11609191666666,17.63488
2025-06-10 10:00:00+00:00,24.33784633333333,18.54239
2025-06-10 11:00:00+00:00,25.545380166666664,20.370749
2025-06-10 12:00:00+00:00,24.3660015,22.896673
2025-06-10 13:00:00+00:00,25.525419166666666,24.592865
2025-06-10 14:00:00+00:00,25.297918083333332,25.106037
2025-06-10 15:00:00+00:00,26.740420166666663,24.957092
2025-06-10 16:00:00+00:00,27.827193166666664,24.459944
2025-06-10 17:00:00+00:00,29.042396166666666,23.860493
2025-06-10 18:00:00+00:00,30.355136666666667,23.362656
2025-06-10 19:00:00+00:00,32.0482895,29.54877
2025-06-10 20:00:00+00:00,35.27048275,29.911896
2025-06-10 21:00:00+00:00,40.57852425,31.819504
2025-06-10 22:00:00+00:00,45.266823249999995,35.5501
2025-06-10 23:00:00+00:00,50.958198333333335,36.395668
2025-06-11 00:00:00+00:00,45.27859758333333,32.783913
2025-06-11 01:00:00+00:00,37.355904083333336,28.772663
2025-06-11 02:00:00+00:00,28.24789283333333,25.538748
2025-06-11 03:00:00+00:00,23.65400741666667,22.736135
2025-06-11 04:00:00+00:00,18.918141000000002,20.506813
2025-06-11 05:00:00+00:00,15.226817250000002,18.912098
2025-06-11 06:00:00+00:00,13.89565975,17.7723
2025-06-11 07:00:00+00:00,11.96802175,17.014898
2025-06-11 08:00:00+00:00,11.653708,16.696838
2025-06-11 09:00:00+00:00,13.941152416666666,16.95405
2025-06-11 10:00:00+00:00,17.94322225,18.079453
2025-06-11 11:00:00+00:00,18.172901583333335,20.379814
2025-06-11 12:00:00+00:00,17.716801416666666,23.469969
2025-06-11 13:00:00+00:00,20.16969491666667,25.940607
2025-06-11 14:00:00+00:00,23.334328083333332,27.24153
2025-06-11 15:00:00+00:00,24.590843250000002,27.687885
2025-06-11 16:00:00+00:00,27.26648308333333,27.538317
2025-06-11 17:00:00+00:00,31.023373416666672,26.931597
2025-06-11 18:00:00+00:00,34.817988750000005,26.18028
2025-06-11 19:00:00+00:00,40.03857158333333,37.511494
2025-06-11 20:00:00+00:00,47.223009083333324,40.000862
2025-06-11 21:00:00+00:00,66.40277508333334,40.335716
2025-06-11 22:00:00+00:00,70.66479633333334,37.72134
2025-06-11 23:00:00+00:00,69.50166075,33.352345
2025-06-12 00:00:00+00:00,54.62849716666666,29.522366
2025-06-12 01:00:00+00:00,42.737883833333335,26.275555
2025-06-12 02:00:00+00:00,32.51347566666667,23.267376
2025-06-12 03:00:00+00:00,25.288859916666663,20.708773
2025-06-12 04:00:00+00:00,21.745538333333332,18.78352
2025-06-12 05:00:00+00:00,19.686713416666667,17.406963
2025-06-12 06:00:00+00:00,17.311741333333337,16.522621
2025-06-12 07:00:00+00:00,16.453025583333332,16.070961
2025-06-12 08:00:00+00:00,16.987056,15.966947
2025-06-12 09:00:00+00:00,19.75504691666667,16.22703
2025-06-12 10:00:00+00:00,23.588678249999997,17.030523
2025-06-12 11:00:00+00:00,22.73828175,18.64529
2025-06-12 12:00:00+00:00,23.001982166666664,21.027172
2025-06-12 13:00:00+00:00,23.895543833333335,23.607056
2025-06-12 14:00:00+00:00,29.288127,26.02711
2025-06-12 15:00:00+00:00,33.87028658333333,28.036236
2025-06-12 16:00:00+00:00,38.80122666666667,28.876665
2025-06-12 17:00:00+00:00,45.89795291666667,28.543974
2025-06-12 18:00:00+00:00,50.170494166666664,27.843504
2025-06-12 19:00:00+00:00,61.30248208333333,52.76094
2025-06-12 20:00:00+00:00,70.112958,57.488655
2025-06-12 21:00:00+00:00,91.48495933333334,57.312344
2025-06-12 22:00:00+00:00,86.46128583333332,52.192116
2025-06-12 23:00:00+00:00,70.11710275,45.12181
2025-06-13 00:00:00+00:00,55.53860266666667,39.039917
2025-06-13 01:00:00+00:00,47.336722333333334,34.220352
2025-06-13 02:00:00+00:00,38.59082516666667,29.868908
2025-06-13 03:00:00+00:00,31.918321416666668,25.66587
2025-06-13 04:00:00+00:00,26.59583016666667,21.90512
2025-06-13 05:00:00+00:00,24.535736583333332,18.96534
2025-06-13 06:00:00+00:00,21.437468166666665,16.988276
2025-06-13 07:00:00+00:00,20.47866516666667,15.899959
2025-06-13 08:00:00+00:00,20.046396916666666,15.564447
2025-06-13 09:00:00+00:00,22.648782583333332,16.023277
2025-06-13 10:00:00+00:00,26.62355325,17.597164
2025-06-13 11:00:00+00:00,32.03903341666667,20.52467
2025-06-13 12:00:00+00:00,32.09680316666667,24.294474
2025-06-13 13:00:00+00:00,33.8584035,27.938717
2025-06-13 14:00:00+00:00,36.089117333333334,31.177176
2025-06-13 15:00:00+00:00,41.84010099999999,34.190006
2025-06-13 16:00:00+00:00,41.51014583333333,36.054516
2025-06-13 17:00:00+00:00,44.054343916666674,36.10973
2025-06-13 18:00:00+00:00,47.15711091666666,35.42819
2025-06-13 19:00:00+00:00,45.72872208333334,48.900696
2025-06-13 20:00:00+00:00,50.051187083333325,53.035206
2025-06-13 21:00:00+00:00,50.360556916666674,54.28772
2025-06-13 22:00:00+00:00,43.33420666666667,50.817947
2025-06-13 23:00:00+00:00,41.87761283333334,44.849174
2025-06-14 00:00:00+00:00,41.610221833333334,39.531956
2025-06-14 01:00:00+00:00,40.44441208333333,34.652786
2025-06-14 02:00:00+00:00,33.780678083333335,29.664593
2025-06-14 03:00:00+00:00,28.760081333333336,24.826765
2025-06-14 04:00:00+00:00,32.076220416666665,20.834095
2025-06-14 05:00:00+00:00,28.884444666666663,17.819773
2025-06-14 06:00:00+00:00,23.85023275,15.596758
2025-06-14 07:00:00+00:00,22.910577,14.190155
2025-06-14 08:00:00+00:00,22.57223166666667,13.55818
2025-06-14 09:00:00+00:00,23.225062750000003,13.6706505
2025-06-14 10:00:00+00:00,23.046558,14.833672
2025-06-14 11:00:00+00:00,22.710081833333334,17.607136
2025-06-14 12:00:00+00:00,29.103759166666666,21.844353
2025-06-14 13:00:00+00:00,30.70090641666667,26.131634
2025-06-14 14:00:00+00:00,29.840082,29.641779
2025-06-14 15:00:00+00:00,34.44596716666667,32.15782
2025-06-14 16:00:00+00:00,35.86182516666667,33.279488
2025-06-14 17:00:00+00:00,37.63493341666666,33.15005
2025-06-14 18:00:00+00:00,36.668791,32.30527
2025-06-14 19:00:00+00:00,37.90605416666667,39.189987
2025-06-14 20:00:00+00:00,43.75302633333333,41.00228
2025-06-14 21:00:00+00:00,47.85802425000001,43.63919
2025-06-14 22:00:00+00:00,41.31654408333333,44.16855
2025-06-14 23:00:00+00:00,39.72939933333333,40.52854
2025-06-15 00:00:00+00:00,37.112874999999995,36.607994
2025-06-15 01:00:00+00:00,38.95537225,33.239655
2025-06-15 02:00:00+00:00,34.00934083333333,29.591846
2025-06-15 03:00:00+00:00,27.139446083333336,25.743683
2025-06-15 04:00:00+00:00,18.554590833333332,22.440605
2025-06-15 05:00:00+00:00,16.29956725,19.948347
2025-06-15 06:00:00+00:00,15.261393750000002,18.051773
2025-06-15 07:00:00+00:00,14.027462083333333,16.667591
2025-06-15 08:00:00+00:00,14.271069916666667,15.814743
2025-06-15 09:00:00+00:00,14.047658333333333,15.421837
2025-06-15 10:00:00+00:00,13.542723166666667,15.493227
2025-06-15 11:00:00+00:00,14.38761675,16.349617
2025-06-15 12:00:00+00:00,16.083028666666667,18.501553
2025-06-15 13:00:00+00:00,17.00817825,21.709623
2025-06-15 14:00:00+00:00,18.05997575,24.965584
2025-06-15 15:00:00+00:00,20.89017983333333,27.465378
2025-06-15 16:00:00+00:00,22.674925,28.89376
2025-06-15 17:00:00+00:00,23.58283691666667,29.34469
2025-06-15 18:00:00+00:00,25.174447166666667,29.0895
2025-06-15 19:00:00+00:00,26.892851333333333,27.707619
2025-06-15 20:00:00+00:00,30.247948249999997,29.081043
2025-06-15 21:00:00+00:00,32.557692583333335,32.920704
2025-06-15 22:00:00+00:00,34.02829775,38.117973
2025-06-15 23:00:00+00:00,37.78478808333333,38.542576
2025-06-16 00:00:00+00:00,35.531691583333334,33.340965
2025-06-16 01:00:00+00:00,33.96433866666666,28.121536
2025-06-16 02:00:00+00:00,27.31986716666667,24.256382
2025-06-16 03:00:00+00:00,21.629955749999997,20.937748
2025-06-16 04:00:00+00:00,19.025286583333333,18.178715
2025-06-16 05:00:00+00:00,20.215924583333333,16.015245
2025-06-16 06:00:00+00:00,16.441018916666668,14.368233
2025-06-16 07:00:00+00:00,15.3500865,13.312796
2025-06-16 08:00:00+00:00,17.037888499999998,13.020874
2025-06-16 09:00:00+00:00,20.868663833333333,13.693672
2025-06-16 10:00:00+00:00,23.848553083333332,15.554649
2025-06-16 11:00:00+00:00,28.21614091666666,18.971405
2025-06-16 12:00:00+00:00,31.814203916666667,23.437843
2025-06-16 13:00:00+00:00,34.10835683333333,25.90455
2025-06-16 14:00:00+00:00,35.784670166666665,26.051302
2025-06-16 15:00:00+00:00,38.92707225,25.067957
2025-06-16 16:00:00+00:00,46.188456,23.779364
2025-06-16 17:00:00+00:00,47.181247,22.708426
2025-06-16 18:00:00+00:00,50.28562066666666,22.035679
2025-06-16 19:00:00+00:00,50.170129416666676,50.294716
2025-06-16 20:00:00+00:00,55.79739608333333,52.33543
2025-06-16 21:00:00+00:00,60.75334966666667,54.55718
2025-06-16 22:00:00+00:00,59.40840991666666,55.96205
2025-06-16 23:00:00+00:00,61.23461041666667,53.891685
2025-06-17 00:00:00+00:00,60.36129433333334,48.62182
2025-06-17 01:00:00+00:00,54.041128333333326,42.522724
2025-06-17 02:00:00+00:00,44.501431,36.86583
2025-06-17 03:00:00+00:00,31.845157166666663,31.813814
2025-06-17 04:00:00+00:00,21.775663249999997,27.444794
2025-06-17 05:00:00+00:00,19.99553791666667,23.935223
2025-06-17 06:00:00+00:00,16.304643166666672,21.448318
2025-06-17 07:00:00+00:00,15.099803583333333,20.00078
2025-06-17 08:00:00+00:00,15.482722500000001,19.543953
2025-06-17 09:00:00+00:00,20.737199333333336,20.186537
2025-06-17 10:00:00+00:00,26.089385166666666,22.132296
2025-06-17 11:00:00+00:00,26.912353333333332,25.244812
2025-06-17 12:00:00+00:00,29.029867499999998,28.991623
2025-06-17 13:00:00+00:00,29.869310916666667,32.804054
2025-06-17 14:00:00+00:00,30.841765416666664,36.662064
2025-06-17 15:00:00+00:00,33.887210833333334,39.91376
2025-06-17 16:00:00+00:00,34.75014841666667,41.004585
2025-06-17 17:00:00+00:00,40.997602,40.31429
2025-06-17 18:00:00+00:00,45.84001441666667,39.26105
2025-06-17 19:00:00+00:00,49.163133416666675,52.24114
2025-06-17 20:00:00+00:00,54.32294558333333,58.638317
2025-06-17 21:00:00+00:00,60.08720258333333,60.222607
2025-06-17 22:00:00+00:00,56.116970333333335,55.76751
2025-06-17 23:00:00+00:00,53.30140883333333,47.073387
2025-06-18 00:00:00+00:00,48.10095483333333,39.725723
2025-06-18 01:00:00+00:00,43.81772708333333,34.129177
2025-06-18 02:00:00+00:00,32.811601833333334,29.15041
2025-06-18 03:00:00+00:00,28.727615416666666,24.688396
2025-06-18 04:00:00+00:00,29.44359808333333,21.091488
2025-06-18 05:00:00+00:00,26.564453,18.466677
2025-06-18 06:00:00+00:00,23.821489916666664,16.76265
2025-06-18 07:00:00+00:00,22.559001833333337,15.889885
2025-06-18 08:00:00+00:00,23.239298416666667,15.787163
2025-06-18 09:00:00+00:00,25.424746000000003,16.649405
2025-06-18 10:00:00+00:00,30.525409333333332,18.924118
2025-06-18 11:00:00+00:00,30.89325008333333,22.682865
2025-06-18 12:00:00+00:00,31.535792583333333,27.0362
2025-06-18 13:00:00+00:00,31.316464333333332,31.09942
2025-06-18 14:00:00+00:00,33.867871083333334,34.951878
2025-06-18 15:00:00+00:00,34.82598525,37.850918
2025-06-18 16:00:00+00:00,36.54072033333333,38.614372
2025-06-18 17:00:00+00:00,39.87688908333333,37.68161
2025-06-18 18:00:00+00:00,41.693257416666675,36.231
2025-06-18 19:00:00+00:00,47.254112166666665,42.010887
2025-06-18 20:00:00+00:00,55.80597658333333,44.08989
2025-06-18 21:00:00+00:00,62.73895191666667,46.27928
2025-06-18 22:00:00+00:00,62.681982166666664,46.242134
2025-06-18 23:00:00+00:00,58.68859166666667,41.980793
2025-06-19 00:00:00+00:00,50.429632500000004,37.01303
2025-06-19 01:00:00+00:00,44.06867441666666,32.826363
2025-06-19 02:00:00+00:00,36.81596458333333,28.887802
2025-06-19 03:00:00+00:00,31.792393500000003,25.513674
2025-06-19 04:00:00+00:00,30.809621083333337,23.02774
2025-06-19 05:00:00+00:00,27.798412499999998,21.221727
2025-06-19 06:00:00+00:00,24.700999249999995,19.946121
2025-06-19 07:00:00+00:00,22.887143,19.2384
2025-06-19 08:00:00+00:00,22.83874833333333,19.111397
2025-06-19 09:00:00+00:00,25.429944833333334,19.74096
2025-06-19 10:00:00+00:00,29.226358666666666,21.584332
2025-06-19 11:00:00+00:00,29.807593833333332,24.76125
2025-06-19 12:00:00+00:00,30.57103933333333,28.262249
2025-06-19 13:00:00+00:00,34.324041,31.158886
2025-06-19 14:00:00+00:00,37.30779725,33.1338
2025-06-19 15:00:00+00:00,38.567573833333334,34.002834
2025-06-19 16:00:00+00:00,39.76745758333333,33.930386
2025-06-19 17:00:00+00:00,44.06566541666667,33.249664
2025-06-19 18:00:00+00:00,43.79686375,32.462082
2025-06-19 19:00:00+00:00,48.41830441666667,44.26003
2025-06-19 20:00:00+00:00,58.24101216666667,46.307373
2025-06-19 21:00:00+00:00,67.3053675,48.035133
2025-06-19 22:00:00+00:00,61.570082000000006,47.504864
2025-06-19 23:00:00+00:00,57.07327408333333,43.65595
2025-06-20 00:00:00+00:00,53.62065691666667,39.42501
2025-06-20 01:00:00+00:00,45.76477716666667,35.70015
2025-06-20 02:00:00+00:00,37.82071316666667,31.956013
2025-06-20 03:00:00+00:00,34.17138858333333,28.52649
2025-06-20 04:00:00+00:00,27.174638083333335,25.927128
2025-06-20 05:00:00+00:00,26.050520583333334,24.038536
2025-06-20 06:00:00+00:00,23.284297249999998,22.612564
2025-06-20 07:00:00+00:00,22.436957666666665,21.68934
2025-06-20 08:00:00+00:00,22.267446666666668,21.284924
2025-06-20 09:00:00+00:00,22.559875333333334,21.405262
2025-06-20 10:00:00+00:00,24.049181416666666,22.308655
2025-06-20 11:00:00+00:00,24.300363083333334,24.436604
2025-06-20 12:00:00+00:00,23.79337741666667,27.645792
2025-06-20 13:00:00+00:00,23.983506000000002,30.90177
2025-06-20 14:00:00+00:00,25.718908916666667,33.494984
2025-06-20 15:00:00+00:00,28.886657416666665,35.06509
2025-06-20 16:00:00+00:00,31.634714833333334,35.55667
2025-06-20 17:00:00+00:00,33.75372266666667,35.224365
2025-06-20 18:00:00+00:00,35.89288966666667,34.49733
2025-06-20 19:00:00+00:00,36.310093333333334,38.36435
2025-06-20 20:00:00+00:00,39.382361583333335,40.421234
2025-06-20 21:00:00+00:00,45.967547249999996,43.314484
2025-06-20 22:00:00+00:00,46.86705375,44.25415
2025-06-20 23:00:00+00:00,51.666971916666654,41.38406
2025-06-21 00:00:00+00:00,39.74090391666667,37.580093
2025-06-21 01:00:00+00:00,36.85625525,34.63737
2025-06-21 02:00:00+00:00,32.25849683333333,31.813591
2025-06-21 03:00:00+00:00,27.84953708333333,28.872192
2025-06-21 04:00:00+00:00,22.200682166666667,26.254448
2025-06-21 05:00:00+00:00,21.301092999999998,24.19911
2025-06-21 06:00:00+00:00,19.48425816666667,22.618044
2025-06-21 07:00:00+00:00,18.457378000000002,21.501701
2025-06-21 08:00:00+00:00,17.881609916666665,20.850359
2025-06-21 09:00:00+00:00,17.256119416666667,20.564613
2025-06-21 10:00:00+00:00,17.487389750000006,20.644735
2025-06-21 11:00:00+00:00,17.373740083333335,21.385353
2025-06-21 12:00:00+00:00,19.79730166666667,23.162754
2025-06-21 13:00:00+00:00,21.815317166666667,25.593178
2025-06-21 14:00:00+00:00,26.348244249999993,27.825207
2025-06-21 15:00:00+00:00,30.07241541666667,29.38771
2025-06-21 16:00:00+00:00,32.64526683333333,30.209028
2025-06-21 17:00:00+00:00,34.686915,30.410446
2025-06-21 18:00:00+00:00,37.8738615,30.18422
2025-06-21 19:00:00+00:00,40.33113758333334,40.084015
2025-06-21 20:00:00+00:00,45.687486166666666,41.823944
2025-06-21 21:00:00+00:00,52.2652735,44.37573
2025-06-21 22:00:00+00:00,52.98687283333334,44.87947
2025-06-21 23:00:00+00:00,57.65088633333334,41.721767
2025-06-22 00:00:00+00:00,46.979099666666656,38.281437
2025-06-22 01:00:00+00:00,41.553823083333334,35.094795
2025-06-22 02:00:00+00:00,36.370613166666665,31.715748
2025-06-22 03:00:00+00:00,31.140787833333334,28.196468
2025-06-22 04:00:00+00:00,26.406942583333333,25.031044
2025-06-22 05:00:00+00:00,22.42519575,22.644302
2025-06-22 06:00:00+00:00,21.12344125,20.890331
2025-06-22 07:00:00+00:00,20.404094583333336,19.556297
2025-06-22 08:00:00+00:00,19.36803441666667,18.65907
2025-06-22 09:00:00+00:00,18.532405833333332,18.201048
2025-06-22 10:00:00+00:00,18.781875666666668,18.153242
2025-06-22 11:00:00+00:00,19.010312916666667,18.681118
2025-06-22 12:00:00+00:00,21.279616833333332,20.18649
2025-06-22 13:00:00+00:00,25.180555666666667,22.807213
2025-06-22 14:00:00+00:00,32.62042666666667,25.867802
2025-06-22 15:00:00+00:00,37.49150366666667,28.469109
2025-06-22 16:00:00+00:00,42.113235916666675,30.113958
2025-06-22 17:00:00+00:00,47.50377700000001,30.776516
2025-06-22 18:00:00+00:00,56.725214083333334,30.673904
2025-06-22 19:00:00+00:00,63.349150249999994,66.23796
2025-06-22 20:00:00+00:00,84.74655291666666,71.55112
2025-06-22 21:00:00+00:00,100.71199116666666,73.57388
2025-06-22 22:00:00+00:00,117.17509808333334,72.40018
2025-06-22 23:00:00+00:00,113.95960833333334,66.932434
2025-06-23 00:00:00+00:00,91.69245633333333,57.60511
2025-06-23 01:00:00+00:00,63.72652158333333,48.00048
2025-06-23 02:00:00+00:00,50.49898733333333,40.07966
2025-06-23 03:00:00+00:00,39.67843366666667,33.745636
2025-06-23 04:00:00+00:00,34.176503333333336,28.64317
2025-06-23 05:00:00+00:00,30.343036916666662,24.699392
2025-06-23 06:00:00+00:00,26.912016500000004,22.011467
2025-06-23 07:00:00+00:00,23.762184416666667,20.56725
2025-06-23 08:00:00+00:00,24.307743000000002,20.346535
2025-06-23 09:00:00+00:00,27.335939999999997,21.569845
2025-06-23 10:00:00+00:00,30.774867,24.49516
2025-06-23 11:00:00+00:00,33.275190583333334,29.000969
2025-06-23 12:00:00+00:00,34.903459250000004,34.60786
2025-06-23 13:00:00+00:00,42.80554683333333,40.765816
2025-06-23 14:00:00+00:00,59.938735,47.443527
2025-06-23 15:00:00+00:00,77.884312,52.557144
2025-06-23 16:00:00+00:00,85.557908,53.82834
2025-06-23 17:00:00+00:00,110.99531258333333,52.47107
2025-06-23 18:00:00+00:00,127.17349483333334,50.51194
2025-06-23 19:00:00+00:00,149.79191083333333,116.93797
2025-06-23 20:00:00+00:00,209.84865716666664,122.18918
2025-06-23 21:00:00+00:00,234.13858641666664,122.53053
2025-06-23 22:00:00+00:00,259.89443108333336,118.31862
2025-06-23 23:00:00+00:00,252.11790741666667,107.131714
2025-06-24 00:00:00+00:00,191.34029433333333,90.06416
2025-06-24 01:00:00+00:00,120.34167141666667,73.443504
2025-06-24 02:00:00+00:00,85.64637566666666,59.391853
2025-06-24 03:00:00+00:00,61.23422208333333,47.37157
2025-06-24 04:00:00+00:00,54.51078616666666,37.059822
2025-06-24 05:00:00+00:00,43.71248058333333,28.845488
2025-06-24 06:00:00+00:00,35.71780375,23.145384
2025-06-24 07:00:00+00:00,33.38481291666667,19.889511
2025-06-24 08:00:00+00:00,32.271128166666664,18.895916
2025-06-24 09:00:00+00:00,34.38622708333333,20.446573
2025-06-24 10:00:00+00:00,39.699091,25.179293
2025-06-24 11:00:00+00:00,43.138925416666666,32.97033
2025-06-24 12:00:00+00:00,49.86645491666667,42.678383
2025-06-24 13:00:00+00:00,59.11811541666666,52.847992
2025-06-24 14:00:00+00:00,77.47744433333334,62.808365
2025-06-24 15:00:00+00:00,97.48217749999999,72.38137
2025-06-24 16:00:00+00:00,123.44221974999999,78.8515
2025-06-24 17:00:00+00:00,155.604928,80.76381
2025-06-24 18:00:00+00:00,197.5759705,80.61847
2025-06-24 19:00:00+00:00,244.15623816666667,213.53668
2025-06-24 20:00:00+00:00,314.73707083333335,229.64926
2025-06-24 21:00:00+00:00,375.44656891666665,218.3912
2025-06-24 22:00:00+00:00,381.93290966666666,186.99707
2025-06-24 23:00:00+00:00,384.5988535833333,146.95969
2025-06-25 00:00:00+00:00,248.36178641666666,115.324234
2025-06-25 01:00:00+00:00,136.89713091666667,91.945984
2025-06-25 02:00:00+00:00,77.25446275,71.35326
2025-06-25 03:00:00+00:00,57.95496016666667,51.956497
2025-06-25 04:00:00+00:00,58.38124283333334,35.167385
2025-06-25 05:00:00+00:00,44.28536916666667,22.643692
2025-06-25 06:00:00+00:00,36.0523175,14.659126
2025-06-25 07:00:00+00:00,33.557441833333336,10.461105
2025-06-25 08:00:00+00:00,32.84980266666667,9.357048
2025-06-25 09:00:00+00:00,34.903402,11.609386
2025-06-25 10:00:00+00:00,41.92574341666667,18.752277
2025-06-25 11:00:00+00:00,43.101238249999994,32.01695
2025-06-25 12:00:00+00:00,47.74246608333334,49.524315
2025-06-25 13:00:00+00:00,58.123544,67.38337
2025-06-25 14:00:00+00:00,75.9838155,83.59513
2025-06-25 15:00:00+00:00,91.85495225,99.258705
2025-06-25 16:00:00+00:00,109.18845658333333,112.43025
2025-06-25 17:00:00+00:00,128.7282655,117.470436
2025-06-25 18:00:00+00:00,140.43127541666667,116.567474
2025-06-25 19:00:00+00:00,154.2749905,154.42819
2025-06-25 20:00:00+00:00,195.27727691666666,170.9938
2025-06-25 21:00:00+00:00,231.06530616666666,177.3052
2025-06-25 22:00:00+00:00,231.91442625,165.22293
2025-06-25 23:00:00+00:00,220.46589683333332,134.46391
2025-06-26 00:00:00+00:00,142.98617158333334,105.962494
2025-06-26 01:00:00+00:00,89.73909583333334,80.92755
2025-06-26 02:00:00+00:00,65.78734525,56.18901
2025-06-26 03:00:00+00:00,54.770428083333336,34.749046
2025-06-26 04:00:00+00:00,55.995744916666666,18.918602
2025-06-26 05:00:00+00:00,45.04546883333333,7.2005234
2025-06-26 06:00:00+00:00,32.960405333333334,-1.5194778
2025-06-26 07:00:00+00:00,29.33654816666667,-6.851181
2025-06-26 08:00:00+00:00,29.282805166666666,-8.844376
2025-06-26 09:00:00+00:00,34.352194583333336,-7.1834335
2025-06-26 10:00:00+00:00,38.77731058333333,0.30308533
2025-06-26 11:00:00+00:00,39.982991750000004,16.266937
2025-06-26 12:00:00+00:00,43.839296166666664,38.187023
2025-06-26 13:00:00+00:00,54.53982741666667,58.97638
2025-06-26 14:00:00+00:00,59.63022741666666,74.675446
2025-06-26 15:00:00+00:00,69.69599275,83.44594
2025-06-26 16:00:00+00:00,75.19951283333333,85.70352
2025-06-26 17:00:00+00:00,80.16969024999999,83.12636
2025-06-26 18:00:00+00:00,87.58005408333334,78.34819
2025-06-26 19:00:00+00:00,94.38410708333333,90.63893
2025-06-26 20:00:00+00:00,109.53745541666666,95.45667
2025-06-26 21:00:00+00:00,110.96716716666667,109.10913
2025-06-26 22:00:00+00:00,111.361837,125.14442
2025-06-26 23:00:00+00:00,111.56821516666665,122.559326
2025-06-27 00:00:00+00:00,81.03696416666666,98.97289
2025-06-27 01:00:00+00:00,67.47602133333334,74.82265
2025-06-27 02:00:00+00:00,54.36994583333333,54.376865
2025-06-27 03:00:00+00:00,50.01526208333333,35.655914
2025-06-27 04:00:00+00:00,40.63960341666667,20.319069
2025-06-27 05:00:00+00:00,35.57480125,8.669212
2025-06-27 06:00:00+00:00,28.672294750000002,-0.33174896
2025-06-27 07:00:00+00:00,25.82330433333333,-6.8708878
2025-06-27 08:00:00+00:00,26.316297250000005,-10.709625
2025-06-27 09:00:00+00:00,30.495044500000002,-12.0638275
2025-06-27 10:00:00+00:00,36.03020566666667,-10.370499
2025-06-27 11:00:00+00:00,35.322960916666666,-2.7239838
2025-06-27 12:00:00+00:00,37.96355258333333,13.058746
2025-06-27 13:00:00+00:00,41.96365383333333,30.481766
2025-06-27 14:00:00+00:00,42.91081424999999,42.94223
2025-06-27 15:00:00+00:00,47.92491833333334,49.945602
2025-06-27 16:00:00+00:00,56.76521316666667,52.619408
2025-06-27 17:00:00+00:00,56.247954916666664,52.17287
2025-06-27 18:00:00+00:00,57.39736799999999,50.33448
2025-06-27 19:00:00+00:00,57.02132108333333,66.30968
2025-06-27 20:00:00+00:00,59.268696250000005,72.667816
2025-06-27 21:00:00+00:00,63.28778516666667,87.390785
2025-06-27 22:00:00+00:00,61.11176883333334,104.08697
2025-06-27 23:00:00+00:00,67.611416,102.48892
2025-06-28 00:00:00+00:00,65.2861435,80.135765
2025-06-28 01:00:00+00:00,55.631820250000004,57.158035
2025-06-28 02:00:00+00:00,44.80300916666667,38.54764
2025-06-28 03:00:00+00:00,35.699298166666665,21.810516
2025-06-28 04:00:00+00:00,30.237846916666665,7.8217773
2025-06-28 05:00:00+00:00,25.958810083333333,-3.261444
2025-06-28 06:00:00+00:00,23.21573233333334,-12.2129135
2025-06-28 07:00:00+00:00,21.57193725,-18.925934
2025-06-28 08:00:00+00:00,21.404715333333332,-22.937645
2025-06-28 09:00:00+00:00,21.813286750000003,-24.372238
2025-06-28 10:00:00+00:00,21.904348416666668,-23.03302
2025-06-28 11:00:00+00:00,21.142835666666667,-16.647041
2025-06-28 12:00:00+00:00,23.765416416666667,-2.6060486
2025-06-28 13:00:00+00:00,28.007812083333334,13.099068
2025-06-28 14:00:00+00:00,31.69000325,23.283424
2025-06-28 15:00:00+00:00,35.72893925,28.315216
2025-06-28 16:00:00+00:00,37.21762625,29.815914
2025-06-28 17:00:00+00:00,37.94098725,29.07222
2025-06-28 18:00:00+00:00,41.09897133333333,27.686653
2025-06-28 19:00:00+00:00,44.21404558333334,49.206757
2025-06-28 20:00:00+00:00,51.09144366666667,53.44868
2025-06-28 21:00:00+00:00,61.62728425,62.52905
2025-06-28 22:00:00+00:00,64.59358991666666,73.67612
2025-06-28 23:00:00+00:00,66.45588158333334,71.580315
2025-06-29 00:00:00+00:00,56.08511975,57.490425
2025-06-29 01:00:00+00:00,47.12349641666666,45.182316
2025-06-29 02:00:00+00:00,38.222119416666665,35.147705
2025-06-29 03:00:00+00:00,33.77713991666666,25.545883
2025-06-29 04:00:00+00:00,32.20777991666667,17.02806
2025-06-29 05:00:00+00:00,29.85959366666667,10.1481285
2025-06-29 06:00:00+00:00,25.951620166666668,4.627163
2025-06-29 07:00:00+00:00,23.849630333333334,0.5049896
2025-06-29 08:00:00+00:00,22.535909833333335,-1.9523392
2025-06-29 09:00:00+00:00,22.360128916666667,-2.723343
2025-06-29 10:00:00+00:00,21.234786166666666,-1.6526909
2025-06-29 11:00:00+00:00,19.46910508333334,2.416317
2025-06-29 12:00:00+00:00,21.628363333333336,11.202969
2025-06-29 13:00:00+00:00,27.247781500000002,21.445621
2025-06-29 14:00:00+00:00,31.76248875,27.355503
2025-06-29 15:00:00+00:00,36.43442525,29.471146
2025-06-29 16:00:00+00:00,41.380600083333334,29.439983
2025-06-29 17:00:00+00:00,46.77317858333334,28.258179
2025-06-29 18:00:00+00:00,49.61481375,26.95802
2025-06-29 19:00:00+00:00,58.17515425,49.57695
2025-06-29 20:00:00+00:00,64.72698091666666,51.880497
2025-06-29 21:00:00+00:00,86.87027316666666,59.511467
2025-06-29 22:00:00+00:00,90.58434908333334,72.38927
2025-06-29 23:00:00+00:00,98.01133624999999,72.54686
2025-06-30 00:00:00+00:00,67.72432483333334,61.202965
2025-06-30 01:00:00+00:00,62.77416358333334,51.406284
2025-06-30 02:00:00+00:00,49.8395275,43.887222
2025-06-30 03:00:00+00:00,39.97393816666666,36.96877
2025-06-30 04:00:00+00:00,39.86942181,30.553997
2025-06-30 05:00:00+00:00,39.76490545333333,25.46095
2025-06-30 06:00:00+00:00,39.66038909666666,21.778748
2025-07-01 04:00:00+00:00,37.36102925,19.28978
2025-07-01 05:00:00+00:00,35.3972995,18.061247
2025-07-01 06:00:00+00:00,29.415809166666662,18.405859
2025-07-01 07:00:00+00:00,27.7630175,20.83671
2025-07-01 08:00:00+00:00,29.09934441666667,25.832594
2025-07-01 09:00:00+00:00,33.84199866666667,33.959755
2025-07-01 10:00:00+00:00,38.18765058333333,41.932053
2025-07-01 11:00:00+00:00,37.77045616666667,45.78927
2025-07-01 12:00:00+00:00,40.57998391666667,46.76365
2025-07-01 13:00:00+00:00,43.9845255,46.178116
2025-07-01 14:00:00+00:00,43.02889308333333,44.436466
2025-07-01 15:00:00+00:00,48.69318275,42.194885
2025-07-01 16:00:00+00:00,55.60060324999999,50.438683
2025-07-01 17:00:00+00:00,66.537723,53.68335
2025-07-01 18:00:00+00:00,63.78960433333333,60.298855
2025-07-01 19:00:00+00:00,70.35370741666667,72.851776
2025-07-01 20:00:00+00:00,77.4983505,84.987564
2025-07-01 21:00:00+00:00,73.93787791666666,84.09629
2025-07-01 22:00:00+00:00,68.91783766666667,72.2184
2025-07-01 23:00:00+00:00,65.07452666666667,60.877403
2025-07-02 00:00:00+00:00,59.36372058333334,52.719902
2025-07-02 01:00:00+00:00,48.73255291666666,46.21753
2025-07-02 02:00:00+00:00,39.057524416666666,40.84855
2025-07-02 03:00:00+00:00,35.725791666666666,36.017094
2025-07-02 04:00:00+00:00,37.44994166666667,31.44899
2025-07-02 05:00:00+00:00,31.06511091666667,27.550406
2025-07-02 06:00:00+00:00,26.632588166666665,24.806635
2025-07-02 07:00:00+00:00,25.108609916666666,23.45516
2025-07-02 08:00:00+00:00,25.25042675,23.713629
2025-07-02 09:00:00+00:00,27.535043916666666,25.773981
2025-07-02 10:00:00+00:00,35.7617275,29.601246
2025-07-02 11:00:00+00:00,35.77894625,35.15597
2025-07-02 12:00:00+00:00,36.20100491666667,40.050488
2025-07-02 13:00:00+00:00,38.057316666666665,42.516254
2025-07-02 14:00:00+00:00,39.70526783333333,43.207813
2025-07-02 15:00:00+00:00,43.31021191666667,42.90549
2025-07-02 16:00:00+00:00,48.433205750000006,45.055164
2025-07-02 17:00:00+00:00,54.09265416666667,46.922222
2025-07-02 18:00:00+00:00,57.06763858333333,50.924763
2025-07-02 19:00:00+00:00,60.54160975,57.096207
2025-07-02 20:00:00+00:00,69.933894,62.601616
2025-07-02 21:00:00+00:00,76.538749,61.025444
2025-07-02 22:00:00+00:00,87.26837741666667,54.102837
2025-07-02 23:00:00+00:00,91.15577208333333,48.503742
2025-07-03 00:00:00+00:00,73.73330108333333,44.391808
2025-07-03 01:00:00+00:00,59.27724141666667,40.474205
2025-07-03 02:00:00+00:00,47.638632166666675,36.340538
2025-07-03 03:00:00+00:00,41.72138608333334,32.16138
2025-07-03 04:00:00+00:00,34.0130045,28.526937
2025-07-03 05:00:00+00:00,29.448478499999997,25.750233
2025-07-03 06:00:00+00:00,25.91622458333333,23.93126
2025-07-03 07:00:00+00:00,24.02015883333333,23.005606
2025-07-03 08:00:00+00:00,23.738957999999997,22.828485
2025-07-03 09:00:00+00:00,25.808205083333334,23.512047
2025-07-03 10:00:00+00:00,27.699792666666667,25.638311
2025-07-03 11:00:00+00:00,28.13453583333333,29.628853
2025-07-03 12:00:00+00:00,29.485928,33.681877
2025-07-03 13:00:00+00:00,33.54638033333333,35.873276
2025-07-03 14:00:00+00:00,37.24836775,36.673492
2025-07-03 15:00:00+00:00,42.098846833333326,36.751617
2025-07-03 16:00:00+00:00,51.62488091666666,45.186287
2025-07-03 17:00:00+00:00,54.31934125,47.5378
2025-07-03 18:00:00+00:00,60.10456941666667,51.626102
2025-07-03 19:00:00+00:00,62.51338575,56.569656
2025-07-03 20:00:00+00:00,72.17257516666668,62.92764
2025-07-03 21:00:00+00:00,92.94789341666666,65.76367
2025-07-03 22:00:00+00:00,91.38133958333333,60.31391
2025-07-03 23:00:00+00:00,95.67265908333333,52.78575
2025-07-04 00:00:00+00:00,69.25111033333333,47.637905
2025-07-04 01:00:00+00:00,54.18139708333333,43.456017
2025-07-04 02:00:00+00:00,47.680597166666665,39.316174
2025-07-04 03:00:00+00:00,41.02244116666667,35.011368
2025-07-04 04:00:00+00:00,32.61369475,31.03264
2025-07-04 05:00:00+00:00,26.42201425,27.790165
2025-07-04 06:00:00+00:00,22.97596791666667,25.439734
2025-07-04 07:00:00+00:00,21.904742,24.062935
2025-07-04 08:00:00+00:00,21.013891916666665,23.666435
2025-07-04 09:00:00+00:00,20.93601908333333,24.310247
2025-07-04 10:00:00+00:00,21.736544499999994,26.2669
2025-07-04 11:00:00+00:00,20.506296666666668,29.884766
2025-07-04 12:00:00+00:00,20.499190333333335,33.957283
2025-07-04 13:00:00+00:00,26.509769583333334,36.153885
2025-07-04 14:00:00+00:00,27.66264333333334,36.78812
2025-07-04 15:00:00+00:00,32.50796,36.65666
2025-07-04 16:00:00+00:00,35.32479241666666,40.38764
2025-07-04 17:00:00+00:00,36.666202750000004,43.62507
2025-07-04 18:00:00+00:00,40.25469433333333,48.12703
2025-07-04 19:00:00+00:00,45.543370583333335,53.490944
2025-07-04 20:00:00+00:00,52.26986575,60.671085
2025-07-04 21:00:00+00:00,62.13816558333334,65.96393
2025-07-04 22:00:00+00:00,66.09936866666666,61.782444
2025-07-04 23:00:00+00:00,68.78583941666666,52.103645
2025-07-05 00:00:00+00:00,52.85801833333334,44.356102
2025-07-05 01:00:00+00:00,42.12701616666667,38.98468
2025-07-05 02:00:00+00:00,38.96681483333333,34.09177
2025-07-05 03:00:00+00:00,32.896013583333335,29.39019
2025-07-05 04:00:00+00:00,24.912701333333334,25.48896
2025-07-05 05:00:00+00:00,22.548571416666665,22.506468
2025-07-05 06:00:00+00:00,20.815094333333334,20.306171
2025-07-05 07:00:00+00:00,18.8837965,18.817228
2025-07-05 08:00:00+00:00,17.95989558333333,18.015224
2025-07-05 09:00:00+00:00,18.54020875,17.99686
2025-07-05 10:00:00+00:00,18.16708191666667,19.0436
2025-07-05 11:00:00+00:00,18.25003825,21.555132
2025-07-05 12:00:00+00:00,19.439688,25.315125
2025-07-05 13:00:00+00:00,22.347756666666665,28.188456
2025-07-05 14:00:00+00:00,26.377709833333334,29.209734
2025-07-05 15:00:00+00:00,33.490809,29.139143
2025-07-05 16:00:00+00:00,37.8963035,39.18785
2025-07-05 17:00:00+00:00,43.61770508333334,41.91141
2025-07-05 18:00:00+00:00,46.06063775000001,45.28743
2025-07-05 19:00:00+00:00,49.10260508333334,48.569023
2025-07-05 20:00:00+00:00,60.13131741666666,52.941845
2025-07-05 21:00:00+00:00,70.34941016666666,58.799835
2025-07-05 22:00:00+00:00,80.28084875,56.960182
2025-07-05 23:00:00+00:00,84.67323808333333,49.552124
2025-07-06 00:00:00+00:00,64.38893033333333,43.37256
2025-07-06 01:00:00+00:00,49.74324291666667,38.559803
2025-07-06 02:00:00+00:00,42.844434166666666,33.933914
2025-07-06 03:00:00+00:00,34.274443416666664,29.09493
2025-07-06 04:00:00+00:00,29.02179666666667,24.5409
2025-07-06 05:00:00+00:00,26.055029583333333,20.73564
2025-07-06 06:00:00+00:00,22.447303916666666,17.683758
2025-07-06 07:00:00+00:00,22.216600083333333,15.426741
2025-07-06 08:00:00+00:00,21.196094250000005,14.022905
2025-07-06 09:00:00+00:00,21.26386,13.481649
2025-07-06 10:00:00+00:00,20.348430916666672,13.8698635
2025-07-06 11:00:00+00:00,19.722896583333338,15.547636
2025-07-06 12:00:00+00:00,21.993780416666667,19.090273
2025-07-06 13:00:00+00:00,28.140839,23.271156
2025-07-06 14:00:00+00:00,34.56523441666666,25.786491
2025-07-06 15:00:00+00:00,37.87338858333333,26.815514
2025-07-06 16:00:00+00:00,43.736437333333335,40.170418
2025-07-06 17:00:00+00:00,50.246915083333334,45.15409
2025-07-06 18:00:00+00:00,50.05235158333334,51.92913
2025-07-06 19:00:00+00:00,54.367240583333334,59.788033
2025-07-06 20:00:00+00:00,64.67393783333334,72.130325
2025-07-06 21:00:00+00:00,86.36035275,82.92896
2025-07-06 22:00:00+00:00,93.25777375,78.575195
2025-07-06 23:00:00+00:00,99.31724483333333,65.00926
2025-07-07 00:00:00+00:00,67.29181083333333,54.25225
2025-07-07 01:00:00+00:00,58.75117641666665,46.8349
2025-07-07 02:00:00+00:00,51.13496966666668,40.613613
2025-07-07 03:00:00+00:00,40.55550041666667,34.79419
2025-07-07 04:00:00+00:00,37.403472666666666,28.95179
2025-07-07 05:00:00+00:00,32.1752745,23.64393
2025-07-07 06:00:00+00:00,28.40571216666666,19.658173
2025-07-07 07:00:00+00:00,26.541042083333334,17.390242
2025-07-07 08:00:00+00:00,27.139966583333337,17.011477
2025-07-07 09:00:00+00:00,30.775398416666665,18.62729
2025-07-07 10:00:00+00:00,35.373785250000005,22.117842
2025-07-07 11:00:00+00:00,37.63940683333333,27.650326
2025-07-07 12:00:00+00:00,40.90743316666667,34.11666
2025-07-07 13:00:00+00:00,43.64705141666667,37.38003
2025-07-07 14:00:00+00:00,45.198817749999996,37.75088
2025-07-07 15:00:00+00:00,54.28035683333333,36.64814
2025-07-07 16:00:00+00:00,58.888296249999996,57.79628
2025-07-07 17:00:00+00:00,62.274880583333335,62.312523
2025-07-07 18:00:00+00:00,62.66672066666666,70.43843
2025-07-07 19:00:00+00:00,67.31522108333333,84.85129
2025-07-07 20:00:00+00:00,73.35122691666668,96.69125
2025-07-07 21:00:00+00:00,80.32980858333333,95.4655
2025-07-07 22:00:00+00:00,76.51239941666667,83.78223
2025-07-07 23:00:00+00:00,73.71273816666667,70.37658
2025-07-08 00:00:00+00:00,69.83304075,58.979996
2025-07-08 01:00:00+00:00,56.12067525,49.762
2025-07-08 02:00:00+00:00,42.151572916666666,42.59353
2025-07-08 03:00:00+00:00,35.81144525,36.599743
2025-07-08 04:00:00+00:00,36.68849375,31.194794
2025-07-08 05:00:00+00:00,32.216513666666664,26.560993
2025-07-08 06:00:00+00:00,28.690274749999997,23.15773
2025-07-08 07:00:00+00:00,26.997948250000004,21.300755
2025-07-08 08:00:00+00:00,27.42635,21.245804
2025-07-08 09:00:00+00:00,31.285458833333333,23.30434
2025-07-08 10:00:00+00:00,35.12207075,27.525055
2025-07-08 11:00:00+00:00,36.1075045,33.723793
2025-07-08 12:00:00+00:00,35.69029841666667,40.088867
2025-07-08 13:00:00+00:00,44.19984241666667,44.802128
2025-07-08 14:00:00+00:00,44.735914666666666,47.315567
2025-07-08 15:00:00+00:00,53.70522883333334,47.910755
2025-07-08 16:00:00+00:00,61.18637941666666,56.61342
2025-07-08 17:00:00+00:00,72.04244866666666,58.839638
2025-07-08 18:00:00+00:00,78.13839825000001,63.544823
2025-07-08 19:00:00+00:00,82.75590058333334,72.69158
2025-07-08 20:00:00+00:00,100.76709941666667,81.09272
2025-07-08 21:00:00+00:00,113.84750383333333,76.52534
2025-07-08 22:00:00+00:00,103.10751483333333,66.27303
2025-07-08 23:00:00+00:00,100.368309,58.681416
2025-07-09 00:00:00+00:00,81.58363208333334,52.385307
2025-07-09 01:00:00+00:00,65.88992341666666,46.714188
2025-07-09 02:00:00+00:00,55.607942083333334,41.480904
2025-07-09 03:00:00+00:00,42.512020916666664,36.4446
2025-07-09 04:00:00+00:00,38.58252591666667,31.919647
2025-07-09 05:00:00+00:00,32.69488575,28.340664
2025-07-09 06:00:00+00:00,28.352659083333332,25.797571
2025-07-09 07:00:00+00:00,27.045535333333333,24.249737
2025-07-09 08:00:00+00:00,27.48142491666667,23.631516
2025-07-09 09:00:00+00:00,31.142629916666664,24.097027
2025-07-09 10:00:00+00:00,34.170761,26.282797
2025-07-09 11:00:00+00:00,35.63364516666667,30.753334
2025-07-09 12:00:00+00:00,39.50744366666667,36.257664
2025-07-09 13:00:00+00:00,42.43916591666667,40.58006
2025-07-09 14:00:00+00:00,46.249079583333334,43.130577
2025-07-09 15:00:00+00:00,52.17448475,44.21717
2025-07-09 16:00:00+00:00,64.34315124999999,57.336895
2025-07-09 17:00:00+00:00,64.55131908333333,61.777515
2025-07-09 18:00:00+00:00,68.09259416666667,69.420456
2025-07-09 19:00:00+00:00,74.56504925,80.84521
2025-07-09 20:00:00+00:00,91.55813366666666,94.22159
2025-07-09 21:00:00+00:00,95.22469774999999,94.95155
2025-07-09 22:00:00+00:00,79.28103958333334,80.99638
2025-07-09 23:00:00+00:00,80.30312175,67.858665
2025-07-10 00:00:00+00:00,72.09409,59.997704
2025-07-10 01:00:00+00:00,62.48829333333333,53.908447
2025-07-10 02:00:00+00:00,48.303055,48.47106
2025-07-10 03:00:00+00:00,39.76366841666667,43.112343
2025-07-10 04:00:00+00:00,38.78640141666667,37.64518
2025-07-10 05:00:00+00:00,33.88970741666667,32.78301
2025-07-10 06:00:00+00:00,30.152553083333334,29.231815
2025-07-10 07:00:00+00:00,27.745288000000002,27.206736
2025-07-10 08:00:00+00:00,27.45961791666667,26.642532
2025-07-10 09:00:00+00:00,32.05497075,27.621742
2025-07-10 10:00:00+00:00,35.85959341666666,30.509127
2025-07-10 11:00:00+00:00,36.738949,35.60067
2025-07-10 12:00:00+00:00,38.60750291666667,41.287464
2025-07-10 13:00:00+00:00,40.12149766666667,44.43709
2025-07-10 14:00:00+00:00,42.190541583333335,45.378777
2025-07-10 15:00:00+00:00,47.91341675,45.24498
2025-07-10 16:00:00+00:00,51.90046158333333,52.37779
2025-07-10 17:00:00+00:00,60.13566741666667,55.214523
2025-07-10 18:00:00+00:00,59.94325799999999,59.668594
2025-07-10 19:00:00+00:00,65.67992516666668,64.93684
2025-07-10 20:00:00+00:00,79.26174533333334,72.22646
2025-07-10 21:00:00+00:00,84.1126965,75.65004
2025-07-10 22:00:00+00:00,70.61959783333333,68.57807
2025-07-10 23:00:00+00:00,75.83535166666667,59.994167
2025-07-11 00:00:00+00:00,71.40712675,54.181923
2025-07-11 01:00:00+00:00,61.72835658333333,49.348305
2025-07-11 02:00:00+00:00,52.72105216666666,44.56054
2025-07-11 03:00:00+00:00,44.62456425,39.532608
2025-07-11 04:00:00+00:00,33.373824166666665,34.7375
2025-07-11 05:00:00+00:00,27.08653775,30.703426
2025-07-11 06:00:00+00:00,23.13165066666667,27.646362
2025-07-11 07:00:00+00:00,22.296068583333334,25.693083
2025-07-11 08:00:00+00:00,22.14111133333333,24.798475
2025-07-11 09:00:00+00:00,25.077793999999997,24.853779
2025-07-11 10:00:00+00:00,27.592585416666665,26.035967
2025-07-11 11:00:00+00:00,29.418727750000002,29.037607
2025-07-11 12:00:00+00:00,30.283687666666662,33.804825
2025-07-11 13:00:00+00:00,35.602955,37.648293
2025-07-11 14:00:00+00:00,40.55488925,39.463745
2025-07-11 15:00:00+00:00,47.28220158333334,40.08959
2025-07-11 16:00:00+00:00,54.56232691666667,53.94001
2025-07-11 17:00:00+00:00,56.21023241666666,57.05502
2025-07-11 18:00:00+00:00,59.1225085,61.719704
2025-07-11 19:00:00+00:00,67.03536816666666,67.0506
2025-07-11 20:00:00+00:00,77.97341866666666,74.85779
2025-07-11 21:00:00+00:00,91.25484341666667,77.977844
2025-07-11 22:00:00+00:00,88.29452033333332,69.384315
2025-07-11 23:00:00+00:00,90.12801775,60.07608
2025-07-12 00:00:00+00:00,74.42072666666667,53.924686
2025-07-12 01:00:00+00:00,57.592209249999996,48.87526
2025-07-12 02:00:00+00:00,48.54825808333334,43.99077
2025-07-12 03:00:00+00:00,40.47043883333333,38.854443
2025-07-12 04:00:00+00:00,45.22293533333334,33.814888
2025-07-12 05:00:00+00:00,38.15554758333334,29.50049
2025-07-12 06:00:00+00:00,31.378364499999996,26.205353
2025-07-12 07:00:00+00:00,29.99988158333333,24.071308
2025-07-12 08:00:00+00:00,28.576689916666666,23.043037
2025-07-12 09:00:00+00:00,29.031194,22.975958
2025-07-12 10:00:00+00:00,28.326819333333333,23.994812
2025-07-12 11:00:00+00:00,26.414916333333334,26.802498
2025-07-12 12:00:00+00:00,31.718815250000002,31.629253
2025-07-12 13:00:00+00:00,38.23952283333333,35.90548
2025-07-12 14:00:00+00:00,40.531129666666665,38.073914
2025-07-12 15:00:00+00:00,45.5894375,38.891903
2025-07-12 16:00:00+00:00,53.67554916666666,52.012985
2025-07-12 17:00:00+00:00,54.51898758333333,56.00067
2025-07-12 18:00:00+00:00,57.97476116666667,60.989296
2025-07-12 19:00:00+00:00,61.744388750000006,66.927864
2025-07-12 20:00:00+00:00,70.94993183333334,76.2403
2025-07-12 21:00:00+00:00,78.61563108333333,81.695404
2025-07-12 22:00:00+00:00,77.0470995,73.21637
2025-07-12 23:00:00+00:00,88.58210108333331,62.16768
2025-07-13 00:00:00+00:00,74.15793458333333,55.21528
2025-07-13 01:00:00+00:00,63.91331175,50.20395
2025-07-13 02:00:00+00:00,56.13646816666667,45.5678
2025-07-13 03:00:00+00:00,46.85612424999999,40.807327
2025-07-13 04:00:00+00:00,38.08982641666667,35.938713
2025-07-13 05:00:00+00:00,31.7321615,31.552483
2025-07-13 06:00:00+00:00,28.425085166666662,28.016096
2025-07-13 07:00:00+00:00,26.28241583333333,25.518654
2025-07-13 08:00:00+00:00,25.278645333333333,24.112658
2025-07-13 09:00:00+00:00,26.037120583333333,23.706964
2025-07-13 10:00:00+00:00,23.659745999999995,24.303562
2025-07-13 11:00:00+00:00,22.784202166666674,26.326553
2025-07-13 12:00:00+00:00,24.326333083333335,30.344217
2025-07-13 13:00:00+00:00,29.490620083333337,34.803436
2025-07-13 14:00:00+00:00,33.24623675,37.37743
2025-07-13 15:00:00+00:00,36.94084766666666,38.416954
2025-07-13 16:00:00+00:00,41.00743608333333,41.269344
2025-07-13 17:00:00+00:00,44.55094383333333,44.86161
2025-07-13 18:00:00+00:00,44.48601525,49.433258
2025-07-13 19:00:00+00:00,47.159996166666666,54.141926
2025-07-13 20:00:00+00:00,52.972926083333334,60.381775
2025-07-13 21:00:00+00:00,63.467013166666675,69.88194
2025-07-13 22:00:00+00:00,66.24912166666667,70.94268
2025-07-13 23:00:00+00:00,71.15953408333333,61.38543
2025-07-14 00:00:00+00:00,65.523893,52.397892
2025-07-14 01:00:00+00:00,51.706450499999995,46.19457
2025-07-14 02:00:00+00:00,45.943277333333334,40.72767
2025-07-14 03:00:00+00:00,38.35655141666667,35.34154
2025-07-14 04:00:00+00:00,39.926001,30.646732
2025-07-14 05:00:00+00:00,33.69035483333334,27.036543
2025-07-14 06:00:00+00:00,27.191311833333334,24.469933
2025-07-14 07:00:00+00:00,26.3426645,22.917404
2025-07-14 08:00:00+00:00,28.962608916666667,22.450777
2025-07-14 09:00:00+00:00,33.94832491666667,23.28328
2025-07-14 10:00:00+00:00,37.72333341666667,25.70731
2025-07-14 11:00:00+00:00,40.94861975,30.037785
2025-07-14 12:00:00+00:00,41.295267583333334,35.016846
2025-07-14 13:00:00+00:00,47.29051608333333,37.506092
2025-07-14 14:00:00+00:00,52.956413999999995,37.70254
2025-07-14 15:00:00+00:00,57.29621208333333,36.740807
2025-07-14 16:00:00+00:00,64.94591391666667,58.416584
2025-07-14 17:00:00+00:00,64.3102415,59.987827
2025-07-14 18:00:00+00:00,72.10465133333334,63.003353
2025-07-14 19:00:00+00:00,83.57134208333333,69.68396
2025-07-14 20:00:00+00:00,98.99646200000001,82.55623
2025-07-14 21:00:00+00:00,106.33564908333334,87.467186
2025-07-14 22:00:00+00:00,97.79490166666666,79.145424
2025-07-14 23:00:00+00:00,93.89102291666666,69.41222
2025-07-15 00:00:00+00:00,80.30893908333333,61.081688
2025-07-15 01:00:00+00:00,65.66518599999999,53.80217
2025-07-15 02:00:00+00:00,49.698178333333345,47.64632
2025-07-15 03:00:00+00:00,42.33545425,42.130978
2025-07-15 04:00:00+00:00,39.82512141666667,37.089928
2025-07-15 05:00:00+00:00,31.94058791666667,32.893265
2025-07-15 06:00:00+00:00,28.590912083333333,29.839443
2025-07-15 07:00:00+00:00,26.171723083333337,28.029484
2025-07-15 08:00:00+00:00,25.222196999999998,27.5545
2025-07-15 09:00:00+00:00,30.167631083333333,28.713854
2025-07-15 10:00:00+00:00,37.370436833333336,31.87926
2025-07-15 11:00:00+00:00,38.048647583333334,37.070015
2025-07-15 12:00:00+00:00,38.826373,42.853966
2025-07-15 13:00:00+00:00,41.55570083333333,47.095
2025-07-15 14:00:00+00:00,47.23470258333333,49.339424
2025-07-15 15:00:00+00:00,61.588247249999995,50.00114
2025-07-15 16:00:00+00:00,66.26690833333333,69.319016
2025-07-15 17:00:00+00:00,75.35468458333334,74.4668
2025-07-15 18:00:00+00:00,85.03515933333334,82.8185
2025-07-15 19:00:00+00:00,99.86873366666667,95.65361
2025-07-15 20:00:00+00:00,115.48383775,107.30559
2025-07-15 21:00:00+00:00,137.551245,105.41008
2025-07-15 22:00:00+00:00,127.92552925,91.98792
2025-07-15 23:00:00+00:00,127.49450608333332,78.20661
2025-07-16 00:00:00+00:00,98.03249883333334,67.26662
2025-07-16 01:00:00+00:00,79.03543258333333,58.247032
2025-07-16 02:00:00+00:00,63.272412333333335,51.19303
2025-07-16 03:00:00+00:00,51.39303525,45.51923
2025-07-16 04:00:00+00:00,51.889956833333336,40.391773
2025-07-16 05:00:00+00:00,38.32519358333334,35.538956
2025-07-16 06:00:00+00:00,32.47884616666666,31.461302
2025-07-16 07:00:00+00:00,29.46401175,28.722818
2025-07-16 08:00:00+00:00,30.429627333333332,27.616604
2025-07-16 09:00:00+00:00,34.75240333333333,28.429905
2025-07-16 10:00:00+00:00,38.262710416666664,31.484053
2025-07-16 11:00:00+00:00,41.39346150000001,36.797707
2025-07-16 12:00:00+00:00,43.90333583333332,43.32283
2025-07-16 13:00:00+00:00,52.66208574999999,48.59109
2025-07-16 14:00:00+00:00,55.27286433333333,51.75169
2025-07-16 15:00:00+00:00,68.13014891666667,53.00835
2025-07-16 16:00:00+00:00,76.56910458333333,74.097626
2025-07-16 17:00:00+00:00,80.57456641666667,80.7645
2025-07-16 18:00:00+00:00,90.77505283333333,92.537155
2025-07-16 19:00:00+00:00,101.26285125,111.166885
2025-07-16 20:00:00+00:00,118.18338016666667,126.67349
2025-07-16 21:00:00+00:00,123.97485058333332,123.08637
2025-07-16 22:00:00+00:00,111.673025,104.594406
2025-07-16 23:00:00+00:00,114.14626991666667,87.71087
2025-07-17 00:00:00+00:00,101.41368741666665,75.459045
2025-07-17 01:00:00+00:00,82.87199658333334,65.434814
2025-07-17 02:00:00+00:00,58.721356750000005,57.26979
2025-07-17 03:00:00+00:00,49.473504,50.37335
2025-07-17 04:00:00+00:00,41.516167333333335,43.883984
2025-07-17 05:00:00+00:00,34.282960583333335,37.721672
2025-07-17 06:00:00+00:00,29.845731583333333,32.70172
2025-07-17 07:00:00+00:00,29.067350666666666,29.51909
2025-07-17 08:00:00+00:00,28.829044,28.548355
2025-07-17 09:00:00+00:00,31.416042583333333,30.173872
2025-07-17 10:00:00+00:00,34.99506658333333,34.495766
2025-07-17 11:00:00+00:00,35.81530083333333,41.413815
2025-07-17 12:00:00+00:00,38.128867750000005,49.172977
2025-07-17 13:00:00+00:00,43.83487683333333,54.260506
2025-07-17 14:00:00+00:00,48.200827249999996,56.483963
2025-07-17 15:00:00+00:00,58.38250566666667,56.980713
2025-07-17 16:00:00+00:00,66.13182683333334,65.21443
2025-07-17 17:00:00+00:00,83.32545775,69.52099
2025-07-17 18:00:00+00:00,94.02573666666666,76.01431
2025-07-17 19:00:00+00:00,107.06609591666667,83.5746
2025-07-17 20:00:00+00:00,123.27368958333334,95.35566
2025-07-17 21:00:00+00:00,135.60929875,101.83648
2025-07-17 22:00:00+00:00,136.52591833333335,90.39576
2025-07-17 23:00:00+00:00,116.13906491666667,76.698
2025-07-18 00:00:00+00:00,79.255178,67.95322
2025-07-18 01:00:00+00:00,62.99800116666667,61.004665
2025-07-18 02:00:00+00:00,48.750487250000006,54.403984
2025-07-18 03:00:00+00:00,43.178005750000004,47.570644
2025-07-18 04:00:00+00:00,46.771590833333335,40.57646
2025-07-18 05:00:00+00:00,39.041524083333336,34.337593
2025-07-18 06:00:00+00:00,32.574409583333335,29.504326
2025-07-18 07:00:00+00:00,30.52909108333333,26.369484
2025-07-18 08:00:00+00:00,30.306773500000002,24.874065
2025-07-18 09:00:00+00:00,33.78006533333333,24.821918
2025-07-18 10:00:00+00:00,38.477036166666664,26.41124
2025-07-18 11:00:00+00:00,37.16524183333333,30.526505
2025-07-18 12:00:00+00:00,36.77427708333334,37.31579
2025-07-18 13:00:00+00:00,40.75842508333333,43.16294
2025-07-18 14:00:00+00:00,40.697417916666666,45.95951
2025-07-18 15:00:00+00:00,43.86803125,46.911003
2025-07-18 16:00:00+00:00,54.018586166666665,54.82853
2025-07-18 17:00:00+00:00,55.105488083333334,59.043644
2025-07-18 18:00:00+00:00,57.56298316666667,64.60538
2025-07-18 19:00:00+00:00,63.87592983333334,70.496826
2025-07-18 20:00:00+00:00,77.87383883333332,78.72025
2025-07-18 21:00:00+00:00,79.3321805,85.85073
2025-07-18 22:00:00+00:00,63.141121999999996,80.341225
2025-07-18 23:00:00+00:00,64.97447725,67.60473
2025-07-19 00:00:00+00:00,60.72626433333334,57.663773
2025-07-19 01:00:00+00:00,53.021686166666655,50.10631
2025-07-19 02:00:00+00:00,44.71120958333333,42.798225
2025-07-19 03:00:00+00:00,37.42053408333333,35.964058
2025-07-19 04:00:00+00:00,35.08958608333334,30.455101
2025-07-19 05:00:00+00:00,31.738509750000002,26.21481
2025-07-19 06:00:00+00:00,25.756688083333334,23.038303
2025-07-19 07:00:00+00:00,23.26379125,20.86974
2025-07-19 08:00:00+00:00,23.079800416666668,19.704952
2025-07-19 09:00:00+00:00,25.334447833333332,19.725601
2025-07-19 10:00:00+00:00,24.65434575,21.413544
2025-07-19 11:00:00+00:00,24.376035333333334,25.479939
2025-07-19 12:00:00+00:00,27.705801583333336,31.333462
2025-07-19 13:00:00+00:00,32.55193925,35.428547
2025-07-19 14:00:00+00:00,35.12488033333333,36.834244
2025-07-19 15:00:00+00:00,40.7873505,36.755013
2025-07-19 16:00:00+00:00,45.97317966666666,48.49506
2025-07-19 17:00:00+00:00,48.541880000000006,51.625946
2025-07-19 18:00:00+00:00,50.69997383333333,55.697693
2025-07-19 19:00:00+00:00,57.150942250000014,59.90008
2025-07-19 20:00:00+00:00,70.24072291666667,64.74313
2025-07-19 21:00:00+00:00,80.34498466666666,71.24794
2025-07-19 22:00:00+00:00,85.83032091666666,70.579636
2025-07-19 23:00:00+00:00,83.0293695,62.725716
2025-07-20 00:00:00+00:00,71.11624833333333,54.757957
2025-07-20 01:00:00+00:00,60.63934708333333,47.855686
2025-07-20 02:00:00+00:00,53.372564833333335,40.983093
2025-07-20 03:00:00+00:00,44.43346,34.1453
2025-07-20 04:00:00+00:00,34.434861250000004,28.316101
2025-07-20 05:00:00+00:00,31.244735916666663,23.685318
2025-07-20 06:00:00+00:00,27.010906083333335,20.045734
2025-07-20 07:00:00+00:00,24.859688,17.39225
2025-07-20 08:00:00+00:00,25.435343,15.766289
2025-07-20 09:00:00+00:00,25.628341666666667,15.262154
2025-07-20 10:00:00+00:00,24.803120916666668,16.171913
2025-07-20 11:00:00+00:00,23.275661333333332,19.163605
2025-07-20 12:00:00+00:00,25.73834725,24.65276
2025-07-20 13:00:00+00:00,31.359190666666667,29.883799
2025-07-20 14:00:00+00:00,34.99243,32.408146
2025-07-20 15:00:00+00:00,42.402419083333335,33.109596
2025-07-20 16:00:00+00:00,47.40001566666667,45.4638
2025-07-20 17:00:00+00:00,51.39259016666667,50.277527
2025-07-20 18:00:00+00:00,55.28631733333333,56.82476
2025-07-20 19:00:00+00:00,60.692423416666664,64.11112
2025-07-20 20:00:00+00:00,73.85031525,74.09243
2025-07-20 21:00:00+00:00,87.908875,84.662895
2025-07-20 22:00:00+00:00,88.7426105,81.82173
2025-07-20 23:00:00+00:00,89.83970233333334,70.20364
2025-07-21 00:00:00+00:00,74.53226591666667,60.40222
2025-07-21 01:00:00+00:00,60.08888083333333,52.918743
2025-07-21 02:00:00+00:00,46.505374749999994,46.109875
2025-07-21 03:00:00+00:00,40.18464458333333,39.18084
2025-07-21 04:00:00+00:00,32.47604933333333,32.359955
2025-07-21 05:00:00+00:00,29.340436166666667,26.624317
2025-07-21 06:00:00+00:00,23.760459999999995,22.515224
2025-07-21 07:00:00+00:00,23.268253083333335,20.322416
2025-07-21 08:00:00+00:00,24.022241833333332,20.322355
2025-07-21 09:00:00+00:00,27.208845499999995,22.693213
2025-07-21 10:00:00+00:00,31.80375358333333,27.282707
2025-07-21 11:00:00+00:00,31.30043541666667,34.094627
2025-07-21 12:00:00+00:00,32.31596716666667,40.520348
2025-07-21 13:00:00+00:00,34.937019416666665,42.98026
2025-07-21 14:00:00+00:00,36.270674750000005,42.765377
2025-07-21 15:00:00+00:00,41.066937083333336,41.142
2025-07-21 16:00:00+00:00,45.56504533333334,44.274124
2025-07-21 17:00:00+00:00,48.68891008333333,46.120262
2025-07-21 18:00:00+00:00,52.80713166666666,50.05758
2025-07-21 19:00:00+00:00,54.65324225,55.10707
2025-07-21 20:00:00+00:00,62.15645933333334,62.096375
2025-07-21 21:00:00+00:00,68.80378883333333,67.370316
2025-07-21 22:00:00+00:00,67.61205191666666,63.31184
2025-07-21 23:00:00+00:00,64.25472,54.400223
2025-07-22 00:00:00+00:00,54.35993691666667,48.00492
2025-07-22 01:00:00+00:00,45.152675916666674,43.247257
2025-07-22 02:00:00+00:00,36.96926083333333,38.757885
2025-07-22 03:00:00+00:00,29.91353383333333,34.09217
2025-07-22 04:00:00+00:00,24.23599333333333,29.662182
2025-07-22 05:00:00+00:00,23.377778333333335,26.004519
2025-07-22 06:00:00+00:00,22.106988416666667,23.346752
2025-07-22 07:00:00+00:00,21.217875916666667,21.803577
2025-07-22 08:00:00+00:00,21.3011575,21.391993
2025-07-22 09:00:00+00:00,22.252124499999997,22.185493
2025-07-22 10:00:00+00:00,25.593126,24.470238
2025-07-22 11:00:00+00:00,25.740596000000004,28.599133
2025-07-22 12:00:00+00:00,23.987122416666665,33.30793
2025-07-22 13:00:00+00:00,24.430018666666665,35.86184
2025-07-22 14:00:00+00:00,27.498666749999998,36.519047
2025-07-22 15:00:00+00:00,30.910387416666666,36.219048
2025-07-22 16:00:00+00:00,35.26333208333333,35.356857
2025-07-22 17:00:00+00:00,39.095305333333336,36.550186
2025-07-22 18:00:00+00:00,42.188485,39.146145
2025-07-22 19:00:00+00:00,44.36296083333334,42.300816
2025-07-22 20:00:00+00:00,50.641894416666666,46.01006
2025-07-22 21:00:00+00:00,57.61764616666667,48.833313
2025-07-22 22:00:00+00:00,63.81868166666666,46.897526
2025-07-22 23:00:00+00:00,74.98836924999999,41.266953
2025-07-23 00:00:00+00:00,63.615778416666664,36.24861
2025-07-23 01:00:00+00:00,47.5667585,32.174458
2025-07-23 02:00:00+00:00,39.252542999999996,28.243889
2025-07-23 03:00:00+00:00,33.330660083333335,24.765894
2025-07-23 04:00:00+00:00,28.185987833333332,22.020891
2025-07-23 05:00:00+00:00,25.184302333333335,19.907711
2025-07-23 06:00:00+00:00,22.383848333333333,18.382433
2025-07-23 07:00:00+00:00,21.064327666666667,17.476755
2025-07-23 08:00:00+00:00,20.804394833333333,17.279354
2025-07-23 09:00:00+00:00,22.11457341666667,18.002361
2025-07-23 10:00:00+00:00,25.864914833333334,19.985538
2025-07-23 11:00:00+00:00,26.824830666666667,23.368563
2025-07-23 12:00:00+00:00,27.363249,26.47418
2025-07-23 13:00:00+00:00,29.349835833333337,27.716139
2025-07-23 14:00:00+00:00,32.95322158333334,27.714846
2025-07-23 15:00:00+00:00,37.39468625,27.135107
2025-07-23 16:00:00+00:00,42.64164066666667,40.425804
2025-07-23 17:00:00+00:00,47.259299166666665,42.599968
2025-07-23 18:00:00+00:00,49.84722875,46.616238
2025-07-23 19:00:00+00:00,59.790635333333334,51.94984
2025-07-23 20:00:00+00:00,70.68502358333333,59.119354
2025-07-23 21:00:00+00:00,88.20587866666666,62.069176
2025-07-23 22:00:00+00:00,90.41519375,55.77101
2025-07-23 23:00:00+00:00,91.49811633333331,48.01593
2025-07-24 00:00:00+00:00,68.94836808333334,42.827335
2025-07-24 01:00:00+00:00,51.32967833333334,38.62079
2025-07-24 02:00:00+00:00,41.31765966666667,34.56796
2025-07-24 03:00:00+00:00,37.913611833333334,30.323893
2025-07-24 04:00:00+00:00,31.953567500000002,26.267569
2025-07-24 05:00:00+00:00,27.909754333333336,22.949432
2025-07-24 06:00:00+00:00,25.618813083333336,20.634047
2025-07-24 07:00:00+00:00,24.1114685,19.406515
2025-07-24 08:00:00+00:00,23.80834975,19.271923
2025-07-24 09:00:00+00:00,25.307614499999996,20.343933
2025-07-24 10:00:00+00:00,28.0498295,22.899618
2025-07-24 11:00:00+00:00,30.027275583333335,27.06118
2025-07-24 12:00:00+00:00,31.260546416666667,30.961483
2025-07-24 13:00:00+00:00,36.226901500000004,32.70472
2025-07-24 14:00:00+00:00,43.43276758333333,33.00031
2025-07-24 15:00:00+00:00,50.357474249999996,32.555595
2025-07-24 16:00:00+00:00,65.01014866666667,53.14965
2025-07-24 17:00:00+00:00,76.23792458333334,57.450165
2025-07-24 18:00:00+00:00,79.29440266666667,64.19151
2025-07-24 19:00:00+00:00,89.25247608333332,75.38809
2025-07-24 20:00:00+00:00,111.26500725,85.08278
2025-07-24 21:00:00+00:00,144.01840125,80.95447
2025-07-24 22:00:00+00:00,167.59372199999999,69.24268
2025-07-24 23:00:00+00:00,188.80935525,59.772995
2025-07-25 00:00:00+00:00,121.75235883333335,52.409973
2025-07-25 01:00:00+00:00,76.38002166666666,46.049362
2025-07-25 02:00:00+00:00,58.535971499999995,40.76182
2025-07-25 03:00:00+00:00,47.90647166666667,36.262203
2025-07-25 04:00:00+00:00,36.46255083333333,32.018974
2025-07-25 05:00:00+00:00,32.987822083333334,27.939697
2025-07-25 06:00:00+00:00,28.401336750000002,24.5161
2025-07-25 07:00:00+00:00,27.530082416666666,22.212812
2025-07-25 08:00:00+00:00,27.205919416666664,21.253786
2025-07-25 09:00:00+00:00,29.000519166666667,21.86803
2025-07-25 10:00:00+00:00,34.158389166666666,24.352448
2025-07-25 11:00:00+00:00,34.05192341666667,28.69468
2025-07-25 12:00:00+00:00,35.34684925,33.831074
2025-07-25 13:00:00+00:00,44.5146835,37.69827
2025-07-25 14:00:00+00:00,49.62308016666666,39.86134
2025-07-25 15:00:00+00:00,58.163688916666665,40.706512
2025-07-25 16:00:00+00:00,78.35408,63.842224
2025-07-25 17:00:00+00:00,87.38546083333334,70.55624
2025-07-25 18:00:00+00:00,101.77106808333333,80.54635
2025-07-25 19:00:00+00:00,118.91269983333335,95.19353
2025-07-25 20:00:00+00:00,154.7048495,110.82751
2025-07-25 21:00:00+00:00,166.86801608333334,107.55321
2025-07-25 22:00:00+00:00,188.6585589166667,89.44304
2025-07-25 23:00:00+00:00,177.84885591666665,74.83234
2025-07-26 00:00:00+00:00,95.76944708333333,64.711174
2025-07-26 01:00:00+00:00,75.27861866666667,55.858944
2025-07-26 02:00:00+00:00,59.182262333333334,47.761158
2025-07-26 03:00:00+00:00,48.71120341666666,40.212833
2025-07-26 04:00:00+00:00,39.09202633333333,32.568848
2025-07-26 05:00:00+00:00,35.826970249999995,25.120173
2025-07-26 06:00:00+00:00,30.84624041666667,19.040516
2025-07-26 07:00:00+00:00,26.218451666666667,15.0181465
2025-07-26 08:00:00+00:00,25.58573183333333,13.053692
2025-07-26 09:00:00+00:00,25.96679416666667,13.147678
2025-07-26 10:00:00+00:00,26.096571,15.874989
2025-07-26 11:00:00+00:00,26.18203825,21.961443
2025-07-26 12:00:00+00:00,30.13462808333334,30.622595
2025-07-26 13:00:00+00:00,32.844503833333334,37.471764
2025-07-26 14:00:00+00:00,35.74686341666666,40.757336
2025-07-26 15:00:00+00:00,38.30730125,41.934467
2025-07-26 16:00:00+00:00,46.543897750000006,50.375862
2025-07-26 17:00:00+00:00,51.93130341666667,56.75494
2025-07-26 18:00:00+00:00,55.22964841666666,63.97299
2025-07-26 19:00:00+00:00,58.20223283333333,71.91314
2025-07-26 20:00:00+00:00,74.27366658333334,83.3725
2025-07-26 21:00:00+00:00,71.69590883333333,93.36077
2025-07-26 22:00:00+00:00,69.84256016666667,85.50352
2025-07-26 23:00:00+00:00,71.20745808333334,69.177826
2025-07-27 00:00:00+00:00,63.10909316666667,56.888744
2025-07-27 01:00:00+00:00,53.318373666666666,47.4825
2025-07-27 02:00:00+00:00,41.76497391666667,38.08415
2025-07-27 03:00:00+00:00,35.66060825,28.653503
2025-07-27 04:00:00+00:00,32.22895475,20.592052
2025-07-27 05:00:00+00:00,30.836745166666667,14.162022
2025-07-27 06:00:00+00:00,25.926377416666668,9.092773
2025-07-27 07:00:00+00:00,23.85340833333333,5.3660774
2025-07-27 08:00:00+00:00,22.558367416666666,3.001091
2025-07-27 09:00:00+00:00,23.88779383333333,2.1101608
2025-07-27 10:00:00+00:00,22.98912766666666,3.0982666
2025-07-27 11:00:00+00:00,25.072351416666667,6.8765564
2025-07-27 12:00:00+00:00,26.524824,14.107632
2025-07-27 13:00:00+00:00,32.239910916666666,21.365654
2025-07-27 14:00:00+00:00,34.95439675,25.15606
2025-07-27 15:00:00+00:00,41.05697975,26.447453
2025-07-27 16:00:00+00:00,52.25455375000001,37.31363
2025-07-27 17:00:00+00:00,60.159745750000006,38.906143
2025-07-27 18:00:00+00:00,65.19575350000001,42.567978
2025-07-27 19:00:00+00:00,69.9662515,50.49587
2025-07-27 20:00:00+00:00,82.96588775,62.26247
2025-07-27 21:00:00+00:00,86.23564941666666,78.52637
2025-07-27 22:00:00+00:00,94.37723116666666,86.65489
2025-07-27 23:00:00+00:00,101.88462216666667,75.991486
2025-07-28 00:00:00+00:00,83.94314841666666,63.597633
2025-07-28 01:00:00+00:00,66.771246,53.984776
2025-07-28 02:00:00+00:00,56.837998666666664,44.38062
2025-07-28 03:00:00+00:00,42.71467825,34.24706
2025-07-28 04:00:00+00:00,38.09231875,25.09581
2025-07-28 05:00:00+00:00,32.17377608333333,17.903946
2025-07-28 06:00:00+00:00,28.617377083333334,12.994984
2025-07-28 07:00:00+00:00,26.287811,10.888393
2025-07-28 08:00:00+00:00,27.876063833333333,12.140438
2025-07-28 09:00:00+00:00,30.788393666666668,16.79823
2025-07-28 10:00:00+00:00,35.89518541666666,24.310913
2025-07-28 11:00:00+00:00,36.19246308333333,34.99216
2025-07-28 12:00:00+00:00,39.68123991666667,44.37498
2025-07-28 13:00:00+00:00,48.433032,47.20156
2025-07-28 14:00:00+00:00,47.38992391666667,45.86667
2025-07-28 15:00:00+00:00,59.97865008333333,42.454674
2025-07-28 16:00:00+00:00,79.21079725,66.59073
2025-07-28 17:00:00+00:00,105.37756375,71.10814
2025-07-28 18:00:00+00:00,113.12592233333334,80.23727
2025-07-28 19:00:00+00:00,144.73297575,93.28618
2025-07-28 20:00:00+00:00,185.33445191666667,112.37857
2025-07-28 21:00:00+00:00,231.28717200000003,120.48149
2025-07-28 22:00:00+00:00,309.41923575,104.208786
2025-07-28 23:00:00+00:00,329.87915216666664,84.55476
2025-07-29 00:00:00+00:00,199.16760175,71.534
2025-07-29 01:00:00+00:00,106.29107949999998,61.239136
2025-07-29 02:00:00+00:00,74.82726741666666,52.130585
2025-07-29 03:00:00+00:00,63.55751983333334,43.29293
2025-07-29 04:00:00+00:00,46.31182691666667,34.278156
2025-07-29 05:00:00+00:00,35.26473008333333,26.114578
2025-07-29 06:00:00+00:00,30.85240758333333,19.998413
2025-07-29 07:00:00+00:00,28.423310583333333,16.37547
2025-07-29 08:00:00+00:00,28.145920333333336,15.302635
2025-07-29 09:00:00+00:00,31.009106666666668,17.076271
2025-07-29 10:00:00+00:00,35.85109116666667,22.150494
2025-07-29 11:00:00+00:00,38.17625075,30.739496
2025-07-29 12:00:00+00:00,43.10174633333333,40.708126
2025-07-29 13:00:00+00:00,52.833112666666665,46.529602
2025-07-29 14:00:00+00:00,61.091243416666664,48.304527
2025-07-29 15:00:00+00:00,79.69251483333333,48.030136
2025-07-29 16:00:00+00:00,109.16574299999999,92.221725
2025-07-29 17:00:00+00:00,140.19662375,105.28073
2025-07-29 18:00:00+00:00,195.71190449999997,128.04637
2025-07-29 19:00:00+00:00,271.0545931666666,163.23932
2025-07-29 20:00:00+00:00,391.3010631666667,198.1778
2025-07-29 21:00:00+00:00,489.3005471666667,197.995
2025-07-29 22:00:00+00:00,502.64608116666665,161.12128
2025-07-29 23:00:00+00:00,481.74147516666665,124.07562
2025-07-30 00:00:00+00:00,286.32265725,99.66271
2025-07-30 01:00:00+00:00,136.68644516666666,80.418335
2025-07-30 02:00:00+00:00,76.13117483333333,64.16917
2025-07-30 03:00:00+00:00,63.78317241666667,49.571358
2025-07-30 04:00:00+00:00,51.860415499999995,35.12899
2025-07-30 05:00:00+00:00,36.58371008333334,21.493523
2025-07-30 06:00:00+00:00,30.552211333333332,10.844349
2025-07-30 07:00:00+00:00,27.668916916666667,4.4689407
2025-07-30 08:00:00+00:00,27.614071083333332,2.8082314
2025-07-30 09:00:00+00:00,30.13463716666666,6.4829865
2025-07-30 10:00:00+00:00,33.61017458333333,15.714367
2025-07-30 11:00:00+00:00,34.700847583333335,30.518723
2025-07-30 12:00:00+00:00,37.545612,46.88202
2025-07-30 13:00:00+00:00,52.2649925,56.16656
2025-07-30 14:00:00+00:00,55.899656666666665,59.132896
2025-07-30 15:00:00+00:00,68.63673091666666,58.95958
2025-07-30 16:00:00+00:00,79.802956,87.13283
2025-07-30 17:00:00+00:00,100.19942558333332,103.939285
2025-07-30 18:00:00+00:00,109.33831875,133.6612
2025-07-30 19:00:00+00:00,119.87139333333332,173.07861
2025-07-30 20:00:00+00:00,150.61849183333334,224.43289
2025-07-30 21:00:00+00:00,164.13622191666667,251.49829
2025-07-30 22:00:00+00:00,175.6162613333333,217.77814
2025-07-30 23:00:00+00:00,163.60792858333335,158.73267
2025-07-31 00:00:00+00:00,90.64297616666666,118.99921
2025-07-31 01:00:00+00:00,70.06422866666666,90.60385
2025-07-31 02:00:00+00:00,52.49730033333333,64.72621
2025-07-31 03:00:00+00:00,39.972133416666665,38.121414
2025-07-31 04:00:00+00:00,39.66184285333333,12.503296
2025-07-31 05:00:00+00:00,39.35155229,-8.706039
2025-07-31 06:00:00+00:00,39.04126172666667,-23.956268
2025-08-01 04:00:00+00:00,32.21486933333333,-32.580788
2025-08-01 05:00:00+00:00,29.442763666666668,-34.05903
2025-08-01 06:00:00+00:00,25.41104675,-27.510063
2025-08-01 07:00:00+00:00,23.61673775,-11.871933
2025-08-01 08:00:00+00:00,23.57529808333333,13.242409
2025-08-01 09:00:00+00:00,29.025617166666667,37.718277
2025-08-01 10:00:00+00:00,33.12141833333333,48.711693
2025-08-01 11:00:00+00:00,32.519080583333334,50.222946
2025-08-01 12:00:00+00:00,32.614088833333334,46.868687
2025-08-01 13:00:00+00:00,31.885458749999998,65.1421
2025-08-01 14:00:00+00:00,29.31548666666667,75.1534
2025-08-01 15:00:00+00:00,30.077033166666666,88.71857
2025-08-01 16:00:00+00:00,31.3100745,105.69851
2025-08-01 17:00:00+00:00,34.04529433333334,120.54018
2025-08-01 18:00:00+00:00,37.41536983333334,135.04079
2025-08-01 19:00:00+00:00,37.86061483333334,159.39397
2025-08-01 20:00:00+00:00,40.841707416666665,194.42392
2025-08-01 21:00:00+00:00,46.96974,203.4102
2025-08-01 22:00:00+00:00,41.76830983333333,171.6602
2025-08-01 23:00:00+00:00,43.246974666666674,132.5775
2025-08-02 00:00:00+00:00,42.676769583333325,100.76657
2025-08-02 01:00:00+00:00,35.30726541666667,72.66626
2025-08-02 02:00:00+00:00,30.840395583333333,44.91702
2025-08-02 03:00:00+00:00,23.81166866666667,19.749924
2025-08-02 04:00:00+00:00,23.68237591666667,-0.9620819
2025-08-02 05:00:00+00:00,22.221862083333335,-17.346039
2025-08-02 06:00:00+00:00,19.735733000000003,-29.216965
2025-08-02 07:00:00+00:00,18.638519666666667,-36.255463
2025-08-02 08:00:00+00:00,18.30827233333333,-38.29605
2025-08-02 09:00:00+00:00,19.639882750000005,-34.61203
2025-08-02 10:00:00+00:00,19.80327825,-23.776825
2025-08-02 11:00:00+00:00,18.015866083333336,-5.8248444
2025-08-02 12:00:00+00:00,17.750488166666667,10.681671
2025-08-02 13:00:00+00:00,18.99273983333334,33.54672
2025-08-02 14:00:00+00:00,19.146024833333335,28.906345
2025-08-02 15:00:00+00:00,20.289740416666667,24.970612
2025-08-02 16:00:00+00:00,21.740116749999995,22.218636
2025-08-02 17:00:00+00:00,23.178403250000002,18.981552
2025-08-02 18:00:00+00:00,24.56789883333333,15.503647
2025-08-02 19:00:00+00:00,28.180546333333336,13.280701
2025-08-02 20:00:00+00:00,31.341809916666666,14.22052
2025-08-02 21:00:00+00:00,35.93030708333333,23.956772
2025-08-02 22:00:00+00:00,38.45183141666667,45.004627
2025-08-02 23:00:00+00:00,39.973368,59.41889
2025-08-03 00:00:00+00:00,35.30280508333333,55.897194
2025-08-03 01:00:00+00:00,31.75137666666667,35.38083
2025-08-03 02:00:00+00:00,28.9625265,9.418739
2025-08-03 03:00:00+00:00,23.49550075,-12.678604
2025-08-03 04:00:00+00:00,20.08649541666667,-29.112854
2025-08-03 05:00:00+00:00,18.166522583333336,-41.566864
2025-08-03 06:00:00+00:00,17.861750583333333,-51.816193
2025-08-03 07:00:00+00:00,16.955198333333335,-59.613525
2025-08-03 08:00:00+00:00,16.621518666666667,-63.337494
2025-08-03 09:00:00+00:00,16.7817045,-61.684753
2025-08-03 10:00:00+00:00,16.253037,-53.674255
2025-08-03 11:00:00+00:00,15.411910916666665,-38.163544
2025-08-03 12:00:00+00:00,15.6640325,-20.50521
2025-08-03 13:00:00+00:00,16.812025000000002,12.624672
2025-08-03 14:00:00+00:00,17.671888333333335,12.721622
2025-08-03 15:00:00+00:00,18.614568333333334,12.631151
2025-08-03 16:00:00+00:00,20.743331166666668,13.838903
2025-08-03 17:00:00+00:00,23.85509,17.063328
2025-08-03 18:00:00+00:00,27.153207750000004,21.544277
2025-08-03 19:00:00+00:00,29.540561583333332,26.03332
2025-08-03 20:00:00+00:00,34.715191583333336,30.423672
2025-08-03 21:00:00+00:00,39.13098591666667,36.338875
2025-08-03 22:00:00+00:00,42.965075250000005,43.4147
2025-08-03 23:00:00+00:00,44.71649991666667,46.372147
2025-08-04 00:00:00+00:00,38.470507000000005,44.753956
2025-08-04 01:00:00+00:00,34.883865166666666,36.63183
2025-08-04 02:00:00+00:00,31.380770166666665,25.533794
2025-08-04 03:00:00+00:00,25.469991583333336,15.764599
2025-08-04 04:00:00+00:00,21.90490816666667,8.537533
2025-08-04 05:00:00+00:00,21.66912933333333,3.5748749
2025-08-04 06:00:00+00:00,18.46141908333334,0.5663376
2025-08-04 07:00:00+00:00,17.852543583333333,-0.3718872
2025-08-04 08:00:00+00:00,18.20011725,0.90522003
2025-08-04 09:00:00+00:00,21.92548041666667,4.445999
2025-08-04 10:00:00+00:00,25.893127333333336,10.771486
2025-08-04 11:00:00+00:00,23.24137908333333,18.826063
2025-08-04 12:00:00+00:00,22.57282175,23.094992
2025-08-04 13:00:00+00:00,23.9568475,24.222084
2025-08-04 14:00:00+00:00,28.71654,26.21505
2025-08-04 15:00:00+00:00,31.29534508333333,28.94809
2025-08-04 16:00:00+00:00,34.653886416666666,32.194942
2025-08-04 17:00:00+00:00,38.39303208333333,34.9718
2025-08-04 18:00:00+00:00,42.4787295,36.167305
2025-08-04 19:00:00+00:00,45.516371416666665,37.739124
2025-08-04 20:00:00+00:00,52.67655558333333,42.716568
2025-08-04 21:00:00+00:00,71.25739791666666,46.964653
2025-08-04 22:00:00+00:00,69.86214425,45.385216
2025-08-04 23:00:00+00:00,71.54246491666667,40.077644
2025-08-05 00:00:00+00:00,55.71776566666667,34.875996
2025-08-05 01:00:00+00:00,43.21438774999999,31.053015
2025-08-05 02:00:00+00:00,38.289469000000004,27.904472
2025-08-05 03:00:00+00:00,30.97014525,25.041317
2025-08-05 04:00:00+00:00,30.87181725,22.48545
2025-08-05 05:00:00+00:00,26.99355758333333,20.428001
2025-08-05 06:00:00+00:00,23.163578583333333,18.959145
2025-08-05 07:00:00+00:00,21.186941083333334,18.161737
2025-08-05 08:00:00+00:00,21.5786785,18.08811
2025-08-05 09:00:00+00:00,25.767583000000002,18.774942
2025-08-05 10:00:00+00:00,31.119532250000002,20.293951
2025-08-05 11:00:00+00:00,30.486989416666663,22.247768
2025-08-05 12:00:00+00:00,30.79010633333333,23.40372
2025-08-05 13:00:00+00:00,31.376918833333335,33.23622
2025-08-05 14:00:00+00:00,33.860873000000005,35.62007
2025-08-05 15:00:00+00:00,36.73089875,38.966225
2025-08-05 16:00:00+00:00,40.77189225,43.148888
2025-08-05 17:00:00+00:00,46.561244249999994,47.107918
2025-08-05 18:00:00+00:00,51.407969916666666,51.0894
2025-08-05 19:00:00+00:00,50.36026316666667,55.826576
2025-08-05 20:00:00+00:00,58.60203475000001,61.879555
2025-08-05 21:00:00+00:00,67.56981791666666,64.77273
2025-08-05 22:00:00+00:00,60.86344258333333,60.792908
2025-08-05 23:00:00+00:00,63.164004250000005,53.240547
2025-08-06 00:00:00+00:00,55.81582841666667,46.114876
2025-08-06 01:00:00+00:00,47.93595358333334,40.265602
2025-08-06 02:00:00+00:00,39.25894283333333,35.27018
2025-08-06 03:00:00+00:00,34.74950741666667,31.119202
2025-08-06 04:00:00+00:00,29.550214083333334,27.484318
2025-08-06 05:00:00+00:00,25.64901,23.970798
2025-08-06 06:00:00+00:00,22.223488666666668,20.870579
2025-08-06 07:00:00+00:00,21.31536025,18.914373
2025-08-06 08:00:00+00:00,21.920328,18.56105
2025-08-06 09:00:00+00:00,24.824626916666663,19.676758
2025-08-06 10:00:00+00:00,31.832765666666667,21.785864
2025-08-06 11:00:00+00:00,31.388738666666665,25.009865
2025-08-06 12:00:00+00:00,31.905484416666667,28.108242
2025-08-06 13:00:00+00:00,32.612538666666666,34.8721
2025-08-06 14:00:00+00:00,34.85730366666667,36.97963
2025-08-06 15:00:00+00:00,37.4339635,39.903137
2025-08-06 16:00:00+00:00,39.9419075,43.39522
2025-08-06 17:00:00+00:00,44.77124233333333,46.450954
2025-08-06 18:00:00+00:00,46.160843,49.357155
2025-08-06 19:00:00+00:00,47.44155100000001,54.687386
2025-08-06 20:00:00+00:00,52.025713499999995,62.76706
2025-08-06 21:00:00+00:00,59.75584933333334,64.70334
2025-08-06 22:00:00+00:00,56.32628358333333,57.832634
2025-08-06 23:00:00+00:00,64.95774658333333,49.77393
2025-08-07 00:00:00+00:00,60.171985416666665,43.945107
2025-08-07 01:00:00+00:00,47.744791666666664,39.36415
2025-08-07 02:00:00+00:00,39.9514495,35.281513
2025-08-07 03:00:00+00:00,33.49860266666666,31.376352
2025-08-07 04:00:00+00:00,31.844783583333335,27.50287
2025-08-07 05:00:00+00:00,27.747421833333334,24.054657
2025-08-07 06:00:00+00:00,24.106072166666667,21.442265
2025-08-07 07:00:00+00:00,22.652870583333335,19.94888
2025-08-07 08:00:00+00:00,23.03317008333333,19.779251
2025-08-07 09:00:00+00:00,26.980368249999998,20.985329
2025-08-07 10:00:00+00:00,33.965313083333335,23.464203
2025-08-07 11:00:00+00:00,33.52518716666667,26.9857
2025-08-07 12:00:00+00:00,32.181075416666665,29.656452
2025-08-07 13:00:00+00:00,34.104300083333335,34.405193
2025-08-07 14:00:00+00:00,36.83181441666667,36.279198
2025-08-07 15:00:00+00:00,42.07343666666667,38.59783
2025-08-07 16:00:00+00:00,47.85251433333334,41.49744
2025-08-07 17:00:00+00:00,49.627633249999995,44.11499
2025-08-07 18:00:00+00:00,52.214131833333326,45.96754
2025-08-07 19:00:00+00:00,55.59801241666667,49.547462
2025-08-07 20:00:00+00:00,62.382416666666664,55.82151
2025-08-07 21:00:00+00:00,67.41903841666667,58.41575
2025-08-07 22:00:00+00:00,66.44821141666667,53.956367
2025-08-07 23:00:00+00:00,71.25762233333333,47.81575
2025-08-08 00:00:00+00:00,56.69708283333333,42.984634
2025-08-08 01:00:00+00:00,47.564137249999995,39.100254
2025-08-08 02:00:00+00:00,40.468285,35.414913
2025-08-08 03:00:00+00:00,35.82503125,31.84502
2025-08-08 04:00:00+00:00,30.548935083333333,28.746632
2025-08-08 05:00:00+00:00,27.417190583333333,26.245602
2025-08-08 06:00:00+00:00,23.676832750000006,24.39352
2025-08-08 07:00:00+00:00,21.83415433333333,23.301388
2025-08-08 08:00:00+00:00,22.49871625,23.056145
2025-08-08 09:00:00+00:00,23.809035666666663,23.76598
2025-08-08 10:00:00+00:00,30.013347999999997,25.56106
2025-08-08 11:00:00+00:00,30.84887416666667,28.244026
2025-08-08 12:00:00+00:00,30.649158916666664,30.322454
2025-08-08 13:00:00+00:00,32.1958535,34.446617
2025-08-08 14:00:00+00:00,35.22097566666667,36.316998
2025-08-08 15:00:00+00:00,40.3396575,38.79628
2025-08-08 16:00:00+00:00,45.45728191666666,42.224308
2025-08-08 17:00:00+00:00,46.279968833333335,46.131588
2025-08-08 18:00:00+00:00,48.401709000000004,50.018333
2025-08-08 19:00:00+00:00,53.30623333333333,53.677658
2025-08-08 20:00:00+00:00,62.45824858333333,58.53338
2025-08-08 21:00:00+00:00,65.32178625,59.87642
2025-08-08 22:00:00+00:00,66.9174865,55.37572
2025-08-08 23:00:00+00:00,69.94552358333333,48.754128
2025-08-09 00:00:00+00:00,55.06188075,43.38421
2025-08-09 01:00:00+00:00,42.24884608333333,39.25569
2025-08-09 02:00:00+00:00,38.33919975,35.507996
2025-08-09 03:00:00+00:00,32.03908966666666,32.085648
2025-08-09 04:00:00+00:00,28.7675005,29.23325
2025-08-09 05:00:00+00:00,25.391543416666668,26.896559
2025-08-09 06:00:00+00:00,22.929733583333334,25.11409
2025-08-09 07:00:00+00:00,21.22640575,24.013098
2025-08-09 08:00:00+00:00,21.235426666666665,23.617714
2025-08-09 09:00:00+00:00,21.69759566666667,23.947966
2025-08-09 10:00:00+00:00,21.431959666666668,25.118494
2025-08-09 11:00:00+00:00,20.224389833333333,27.105917
2025-08-09 12:00:00+00:00,20.147846333333334,29.033836
2025-08-09 13:00:00+00:00,23.38655758333333,25.96827
2025-08-09 14:00:00+00:00,28.97872916666667,28.394678
2025-08-09 15:00:00+00:00,33.656250416666666,30.604435
2025-08-09 16:00:00+00:00,37.41322533333334,33.94715
2025-08-09 17:00:00+00:00,41.069845916666665,38.3934
2025-08-09 18:00:00+00:00,43.959026833333326,43.223137
2025-08-09 19:00:00+00:00,47.3115535,47.145798
2025-08-09 20:00:00+00:00,50.626603249999995,50.83722
2025-08-09 21:00:00+00:00,59.07398525,52.53875
2025-08-09 22:00:00+00:00,71.36536308333334,50.83331
2025-08-09 23:00:00+00:00,79.02250158333334,46.197456
2025-08-10 00:00:00+00:00,60.78813408333334,40.565666
2025-08-10 01:00:00+00:00,43.01444683333333,35.5197
2025-08-10 02:00:00+00:00,39.29016708333334,31.3549
2025-08-10 03:00:00+00:00,32.02558108333333,27.93307
2025-08-10 04:00:00+00:00,25.131348083333336,25.019875
2025-08-10 05:00:00+00:00,22.702888166666668,22.55032
2025-08-10 06:00:00+00:00,21.4370425,20.7671
2025-08-10 07:00:00+00:00,20.305467583333336,19.740742
2025-08-10 08:00:00+00:00,18.99585916666667,19.347256
2025-08-10 09:00:00+00:00,18.438663833333337,19.469177
2025-08-10 10:00:00+00:00,18.536162833333336,20.032595
2025-08-10 11:00:00+00:00,18.427357583333333,20.954031
2025-08-10 12:00:00+00:00,18.454336333333334,22.039223
2025-08-10 13:00:00+00:00,20.049667083333333,21.4289
2025-08-10 14:00:00+00:00,22.426556666666666,24.968079
2025-08-10 15:00:00+00:00,29.904817916666673,28.225735
2025-08-10 16:00:00+00:00,34.4044595,32.22285
2025-08-10 17:00:00+00:00,36.75723141666666,36.644073
2025-08-10 18:00:00+00:00,38.04154425,40.713383
2025-08-10 19:00:00+00:00,41.769118999999996,46.057182
2025-08-10 20:00:00+00:00,45.56060558333333,52.61193
2025-08-10 21:00:00+00:00,56.42351991666667,56.538605
2025-08-10 22:00:00+00:00,65.839763,55.02133
2025-08-10 23:00:00+00:00,74.27481108333333,49.194134
2025-08-11 00:00:00+00:00,59.039898916666665,42.16589
2025-08-11 01:00:00+00:00,42.9530725,36.072258
2025-08-11 02:00:00+00:00,37.916765833333336,31.035263
2025-08-11 03:00:00+00:00,32.549722833333334,26.843254
2025-08-11 04:00:00+00:00,29.491029666666666,23.33413
2025-08-11 05:00:00+00:00,27.233770000000003,20.574736
2025-08-11 06:00:00+00:00,23.693965083333335,18.775108
2025-08-11 07:00:00+00:00,22.744024999999997,17.8972
2025-08-11 08:00:00+00:00,22.721258749999997,17.780355
2025-08-11 09:00:00+00:00,25.60205825,18.300669
2025-08-11 10:00:00+00:00,30.631826750000002,19.348562
2025-08-11 11:00:00+00:00,32.247998,20.698343
2025-08-11 12:00:00+00:00,32.06708091666667,21.909437
2025-08-11 13:00:00+00:00,34.27051075,35.85237
2025-08-11 14:00:00+00:00,38.249242083333336,38.923637
2025-08-11 15:00:00+00:00,47.618751083333336,42.957214
2025-08-11 16:00:00+00:00,55.033557916666666,47.539146
2025-08-11 17:00:00+00:00,58.82090383333334,50.53471
2025-08-11 18:00:00+00:00,61.353328,50.60054
2025-08-11 19:00:00+00:00,63.82850691666667,52.111927
2025-08-11 20:00:00+00:00,73.38913508333333,59.986053
2025-08-11 21:00:00+00:00,83.41252124999998,68.83028
2025-08-11 22:00:00+00:00,95.02726108333333,66.09146
2025-08-11 23:00:00+00:00,98.83865566666667,56.985493
2025-08-12 00:00:00+00:00,69.1534725,49.03692
2025-08-12 01:00:00+00:00,56.31726141666667,43.093113
2025-08-12 02:00:00+00:00,45.693196416666666,38.08335
2025-08-12 03:00:00+00:00,36.338984583333335,33.45983
2025-08-12 04:00:00+00:00,33.72951725,29.062542
2025-08-12 05:00:00+00:00,29.665724416666666,25.280567
2025-08-12 06:00:00+00:00,25.702812249999997,22.431656
2025-08-12 07:00:00+00:00,24.126785833333333,20.753763
2025-08-12 08:00:00+00:00,24.446687416666666,20.453262
2025-08-12 09:00:00+00:00,27.522606166666666,21.605732
2025-08-12 10:00:00+00:00,33.45698041666667,24.155186
2025-08-12 11:00:00+00:00,37.265421583333335,27.848827
2025-08-12 12:00:00+00:00,35.08668225,30.64417
2025-08-12 13:00:00+00:00,40.18629133333334,39.237698
2025-08-12 14:00:00+00:00,43.0165105,42.258404
2025-08-12 15:00:00+00:00,53.19197033333333,46.45067
2025-08-12 16:00:00+00:00,60.75594541666667,51.446205
2025-08-12 17:00:00+00:00,61.705949333333336,55.143646
2025-08-12 18:00:00+00:00,66.20991866666667,57.08746
2025-08-12 19:00:00+00:00,70.85279616666666,62.353485
2025-08-12 20:00:00+00:00,82.34652308333334,74.46297
2025-08-12 21:00:00+00:00,100.48295050000002,80.02875
2025-08-12 22:00:00+00:00,110.12964616666665,71.643295
2025-08-12 23:00:00+00:00,105.53021691666666,60.06452
2025-08-13 00:00:00+00:00,72.52666775,51.82173
2025-08-13 01:00:00+00:00,58.92404558333334,45.683228
2025-08-13 02:00:00+00:00,48.9140435,40.329865
2025-08-13 03:00:00+00:00,41.665125499999995,35.21237
2025-08-13 04:00:00+00:00,37.22327883333333,30.193716
2025-08-13 05:00:00+00:00,32.072860666666664,25.827663
2025-08-13 06:00:00+00:00,28.257311000000005,22.584684
2025-08-13 07:00:00+00:00,26.68892008333333,20.765877
2025-08-13 08:00:00+00:00,26.548525749999996,20.603172
2025-08-13 09:00:00+00:00,31.801536916666667,22.164083
2025-08-13 10:00:00+00:00,38.192777,25.348694
2025-08-13 11:00:00+00:00,40.10421341666667,29.788557
2025-08-13 12:00:00+00:00,40.945525583333335,33.015987
2025-08-13 13:00:00+00:00,44.617432666666666,45.678703
2025-08-13 14:00:00+00:00,48.608443083333334,49.00889
2025-08-13 15:00:00+00:00,52.481861083333335,53.601196
2025-08-13 16:00:00+00:00,58.88003774999999,59.288445
2025-08-13 17:00:00+00:00,64.93329125,64.333496
2025-08-13 18:00:00+00:00,62.852841250000004,68.76516
2025-08-13 19:00:00+00:00,67.16147391666667,77.23786
2025-08-13 20:00:00+00:00,68.88234508333333,90.856346
2025-08-13 21:00:00+00:00,72.39925191666667,94.80516
2025-08-13 22:00:00+00:00,68.36336333333334,84.509384
2025-08-13 23:00:00+00:00,66.56467066666667,71.228935
2025-08-14 00:00:00+00:00,55.23271041666666,61.481075
2025-08-14 01:00:00+00:00,49.128980500000004,53.977386
2025-08-14 02:00:00+00:00,39.8341275,47.39739
2025-08-14 03:00:00+00:00,36.073606833333336,41.14066
2025-08-14 04:00:00+00:00,31.108825083333333,35.096035
2025-08-14 05:00:00+00:00,27.964198,29.897406
2025-08-14 06:00:00+00:00,25.010799083333335,26.05138
2025-08-14 07:00:00+00:00,23.044335583333332,23.911644
2025-08-14 08:00:00+00:00,23.605355,23.762444
2025-08-14 09:00:00+00:00,26.679577583333337,25.702444
2025-08-14 10:00:00+00:00,34.647726666666664,29.679668
2025-08-14 11:00:00+00:00,35.83801641666667,35.230255
2025-08-14 12:00:00+00:00,33.47297175,39.18151
2025-08-14 13:00:00+00:00,34.22547675,39.23191
2025-08-14 14:00:00+00:00,36.58270958333333,41.80017
2025-08-14 15:00:00+00:00,42.67422241666667,44.76096
2025-08-14 16:00:00+00:00,44.897089666666666,48.324265
2025-08-14 17:00:00+00:00,55.56046008333334,51.228706
2025-08-14 18:00:00+00:00,60.81363558333334,53.355858
2025-08-14 19:00:00+00:00,68.99591591666668,58.38138
2025-08-14 20:00:00+00:00,77.978803,66.776184
2025-08-14 21:00:00+00:00,84.66546683333333,69.23127
2025-08-14 22:00:00+00:00,88.19441841666666,63.325455
2025-08-14 23:00:00+00:00,88.05835474999999,55.164486
2025-08-15 00:00:00+00:00,63.48799775000001,48.068123
2025-08-15 01:00:00+00:00,52.630843999999996,42.03577
2025-08-15 02:00:00+00:00,40.65548833333333,36.578857
2025-08-15 03:00:00+00:00,33.8527335,31.99376
2025-08-15 04:00:00+00:00,31.426609416666665,28.3615
2025-08-15 05:00:00+00:00,28.470909500000005,25.618555
2025-08-15 06:00:00+00:00,25.23008308333333,23.776012
2025-08-15 07:00:00+00:00,23.64871408333333,22.855642
2025-08-15 08:00:00+00:00,23.84288425,22.859074
2025-08-15 09:00:00+00:00,25.424679750000003,23.879484
2025-08-15 10:00:00+00:00,34.186425416666665,26.126265
2025-08-15 11:00:00+00:00,34.67121291666667,29.309633
2025-08-15 12:00:00+00:00,32.84653591666667,31.713589
2025-08-15 13:00:00+00:00,35.660263083333334,39.394318
2025-08-15 14:00:00+00:00,42.06210516666667,42.837223
2025-08-15 15:00:00+00:00,49.68362849999999,47.086987
2025-08-15 16:00:00+00:00,57.871206666666666,52.34865
2025-08-15 17:00:00+00:00,68.08907141666667,57.89192
2025-08-15 18:00:00+00:00,71.03991541666666,64.134544
2025-08-15 19:00:00+00:00,84.40244391666667,71.243935
2025-08-15 20:00:00+00:00,104.37587741666665,79.353905
2025-08-15 21:00:00+00:00,106.11910133333333,80.42654
2025-08-15 22:00:00+00:00,102.28461325,72.65526
2025-08-15 23:00:00+00:00,97.31536458333333,61.958294
2025-08-16 00:00:00+00:00,76.39280116666667,53.43714
2025-08-16 01:00:00+00:00,65.56665516666666,46.8747
2025-08-16 02:00:00+00:00,54.58327391666666,40.962112
2025-08-16 03:00:00+00:00,43.43322816666668,35.712852
2025-08-16 04:00:00+00:00,34.0737375,31.387014
2025-08-16 05:00:00+00:00,31.008591916666663,27.897505
2025-08-16 06:00:00+00:00,24.75775916666667,25.372236
2025-08-16 07:00:00+00:00,22.710281416666664,23.946344
2025-08-16 08:00:00+00:00,21.466094416666667,23.590702
2025-08-16 09:00:00+00:00,22.88520025,24.311834
2025-08-16 10:00:00+00:00,23.616431916666667,26.244425
2025-08-16 11:00:00+00:00,23.603725999999998,29.204165
2025-08-16 12:00:00+00:00,24.139410583333333,31.833609
2025-08-16 13:00:00+00:00,29.384013916666664,30.573326
2025-08-16 14:00:00+00:00,35.057492333333336,34.38211
2025-08-16 15:00:00+00:00,42.450622,37.951782
2025-08-16 16:00:00+00:00,46.83140083333333,43.6167
2025-08-16 17:00:00+00:00,50.9965585,51.664158
2025-08-16 18:00:00+00:00,54.64710083333333,60.072784
2025-08-16 19:00:00+00:00,56.95084791666667,66.95325
2025-08-16 20:00:00+00:00,64.86754025,73.8681
2025-08-16 21:00:00+00:00,71.24042208333334,76.64412
2025-08-16 22:00:00+00:00,86.95009233333333,73.05194
2025-08-16 23:00:00+00:00,72.99608566666667,64.4399
2025-08-17 00:00:00+00:00,57.675814583333334,54.839855
2025-08-17 01:00:00+00:00,50.94089208333333,46.769497
2025-08-17 02:00:00+00:00,42.084596499999996,40.004486
2025-08-17 03:00:00+00:00,38.1973585,34.284096
2025-08-17 04:00:00+00:00,33.678413,29.548323
2025-08-17 05:00:00+00:00,30.8091785,25.523857
2025-08-17 06:00:00+00:00,26.6714515,22.363865
2025-08-17 07:00:00+00:00,23.845848666666672,20.399603
2025-08-17 08:00:00+00:00,22.766136583333335,19.603615
2025-08-17 09:00:00+00:00,23.121630083333333,19.820223
2025-08-17 10:00:00+00:00,24.099488249999997,20.95481
2025-08-17 11:00:00+00:00,24.084989250000003,22.868689
2025-08-17 12:00:00+00:00,24.556133666666668,25.05915
2025-08-17 13:00:00+00:00,30.150728749999995,26.722033
2025-08-17 14:00:00+00:00,35.454013833333335,31.280249
2025-08-17 15:00:00+00:00,42.77410591666666,35.238262
2025-08-17 16:00:00+00:00,47.13429441666667,39.92127
2025-08-17 17:00:00+00:00,51.52134233333333,44.910736
2025-08-17 18:00:00+00:00,57.933022916666665,48.307755
2025-08-17 19:00:00+00:00,63.151177,53.077568
2025-08-17 20:00:00+00:00,72.67706633333333,62.28282
2025-08-17 21:00:00+00:00,89.78953091666665,68.65596
2025-08-17 22:00:00+00:00,95.44548341666668,66.29765
2025-08-17 23:00:00+00:00,96.04730491666668,59.0816
2025-08-18 00:00:00+00:00,64.62812466666666,51.066376
2025-08-18 01:00:00+00:00,52.43398233333333,43.775127
2025-08-18 02:00:00+00:00,45.4048465,37.189762
2025-08-18 03:00:00+00:00,40.43417675,31.53659
2025-08-18 04:00:00+00:00,34.40335766666667,26.8789
2025-08-18 05:00:00+00:00,29.116455833333337,23.262766
2025-08-18 06:00:00+00:00,25.076626,20.91662
2025-08-18 07:00:00+00:00,23.963820833333333,19.863018
2025-08-18 08:00:00+00:00,24.431457666666663,19.980858
2025-08-18 09:00:00+00:00,30.045310666666666,21.192873
2025-08-18 10:00:00+00:00,35.23571425,23.38511
2025-08-18 11:00:00+00:00,36.54108566666667,25.943647
2025-08-18 12:00:00+00:00,34.959459333333335,27.71394
2025-08-18 13:00:00+00:00,35.674485499999996,40.092655
2025-08-18 14:00:00+00:00,37.02787433333334,44.77051
2025-08-18 15:00:00+00:00,40.721955083333334,50.861362
2025-08-18 16:00:00+00:00,45.972262416666666,57.95217
2025-08-18 17:00:00+00:00,52.89278016666666,63.75351
2025-08-18 18:00:00+00:00,57.64565291666667,66.49531
2025-08-18 19:00:00+00:00,62.05774466666667,72.02132
2025-08-18 20:00:00+00:00,65.64771533333334,86.017075
2025-08-18 21:00:00+00:00,66.57155133333333,94.16295
2025-08-18 22:00:00+00:00,69.97618491666667,86.34201
2025-08-18 23:00:00+00:00,72.90800466666667,71.78727
2025-08-19 00:00:00+00:00,66.43767916666667,60.233574
2025-08-19 01:00:00+00:00,50.96684308333334,51.99258
2025-08-19 02:00:00+00:00,38.872095333333334,44.92276
2025-08-19 03:00:00+00:00,32.6966175,38.28275
2025-08-19 04:00:00+00:00,28.386769333333337,32.475372
2025-08-19 05:00:00+00:00,25.492762583333334,27.883976
2025-08-19 06:00:00+00:00,23.2422825,24.691313
2025-08-19 07:00:00+00:00,22.108641083333332,23.055222
2025-08-19 08:00:00+00:00,22.897288083333333,23.031855
2025-08-19 09:00:00+00:00,26.033666083333333,24.709095
2025-08-19 10:00:00+00:00,34.52459708333333,28.193811
2025-08-19 11:00:00+00:00,35.64713316666667,32.413376
2025-08-19 12:00:00+00:00,33.52927008333334,34.833057
2025-08-19 13:00:00+00:00,34.42962933333333,38.231827
2025-08-19 14:00:00+00:00,35.62872108333334,40.749954
2025-08-19 15:00:00+00:00,39.01806466666667,44.102886
2025-08-19 16:00:00+00:00,42.82875108333334,47.974205
2025-08-19 17:00:00+00:00,50.918359083333335,50.504433
2025-08-19 18:00:00+00:00,53.685637750000005,51.166294
2025-08-19 19:00:00+00:00,57.84879091666667,54.136368
2025-08-19 20:00:00+00:00,61.799487666666664,62.386787
2025-08-19 21:00:00+00:00,63.09221683333334,66.00653
2025-08-19 22:00:00+00:00,61.92589650000001,60.211254
2025-08-19 23:00:00+00:00,69.45064608333333,52.380287
2025-08-20 00:00:00+00:00,60.495961750000006,46.15021
2025-08-20 01:00:00+00:00,50.833915,41.0248
2025-08-20 02:00:00+00:00,40.91401166666667,36.12887
2025-08-20 03:00:00+00:00,32.774593583333335,31.571423
2025-08-20 04:00:00+00:00,29.63194508333333,27.82607
2025-08-20 05:00:00+00:00,28.3935125,24.980986
2025-08-20 06:00:00+00:00,24.46607358333334,23.065546
2025-08-20 07:00:00+00:00,23.3333135,22.135706
2025-08-20 08:00:00+00:00,23.67995041666667,22.252434
2025-08-20 09:00:00+00:00,29.249754166666666,23.536966
2025-08-20 10:00:00+00:00,37.50256875,26.139399
2025-08-20 11:00:00+00:00,37.2254965,29.515331
2025-08-20 12:00:00+00:00,36.72037233333333,31.636585
2025-08-20 13:00:00+00:00,37.24904466666667,39.87963
2025-08-20 14:00:00+00:00,34.7945105,42.033386
2025-08-20 15:00:00+00:00,37.339197,44.888664
2025-08-20 16:00:00+00:00,40.658264333333335,48.185635
2025-08-20 17:00:00+00:00,46.00429416666666,50.36985
2025-08-20 18:00:00+00:00,47.91725883333334,50.88296
2025-08-20 19:00:00+00:00,50.79032575,53.273445
2025-08-20 20:00:00+00:00,51.916360166666664,60.476402
2025-08-20 21:00:00+00:00,54.76880175000001,64.09838
2025-08-20 22:00:00+00:00,51.9655905,59.45096
2025-08-20 23:00:00+00:00,54.69574175,52.77677
2025-08-21 00:00:00+00:00,52.108059749999995,47.25535
2025-08-21 01:00:00+00:00,45.88729141666667,42.51125
2025-08-21 02:00:00+00:00,36.6315275,37.91047
2025-08-21 03:00:00+00:00,31.382329333333335,33.46667
2025-08-21 04:00:00+00:00,27.344040333333336,29.677639
2025-08-21 05:00:00+00:00,24.762446333333333,26.71833
2025-08-21 06:00:00+00:00,22.345923166666665,24.66233
2025-08-21 07:00:00+00:00,21.51209425,23.642105
2025-08-21 08:00:00+00:00,21.7919455,23.810354
2025-08-21 09:00:00+00:00,24.708366583333333,25.29196
2025-08-21 10:00:00+00:00,30.009527583333334,28.146233
2025-08-21 11:00:00+00:00,32.9508755,31.915913
2025-08-21 12:00:00+00:00,31.42949575,34.34886
2025-08-21 13:00:00+00:00,31.465666083333332,34.820736
2025-08-21 14:00:00+00:00,31.51221241666667,36.511665
2025-08-21 15:00:00+00:00,33.551100416666664,38.370358
2025-08-21 16:00:00+00:00,34.417659416666666,40.278786
2025-08-21 17:00:00+00:00,36.76123116666667,41.61935
2025-08-21 18:00:00+00:00,37.63424358333334,42.046146
2025-08-21 19:00:00+00:00,39.341588,43.440678
2025-08-21 20:00:00+00:00,40.265592416666664,47.874664
2025-08-21 21:00:00+00:00,42.160582749999996,51.04374
2025-08-21 22:00:00+00:00,43.282395666666666,49.07126
2025-08-21 23:00:00+00:00,45.691545,44.82806
2025-08-22 00:00:00+00:00,43.212703583333344,40.564953
2025-08-22 01:00:00+00:00,36.55520875,36.746223
2025-08-22 02:00:00+00:00,30.7510375,33.130608
2025-08-22 03:00:00+00:00,26.25672891666666,29.957382
2025-08-22 04:00:00+00:00,22.15738675,27.431904
2025-08-22 05:00:00+00:00,21.63727516666667,25.495993
2025-08-22 06:00:00+00:00,19.16665691666667,24.122234
2025-08-22 07:00:00+00:00,17.18440191666667,23.353853
2025-08-22 08:00:00+00:00,17.527159416666667,23.226673
2025-08-22 09:00:00+00:00,21.094433916666667,23.815039
2025-08-22 10:00:00+00:00,26.383374583333335,25.27044
2025-08-22 11:00:00+00:00,25.182602916666667,27.53899
2025-08-22 12:00:00+00:00,22.316463166666665,29.429852
2025-08-22 13:00:00+00:00,23.493538,27.27986
2025-08-22 14:00:00+00:00,24.608333916666666,28.82637
2025-08-22 15:00:00+00:00,27.4069885,30.303638
2025-08-22 16:00:00+00:00,30.37897,31.607885
2025-08-22 17:00:00+00:00,33.76219008333333,32.624176
2025-08-22 18:00:00+00:00,36.02161675,33.269417
2025-08-22 19:00:00+00:00,38.360020999999996,34.729794
2025-08-22 20:00:00+00:00,41.4155755,38.399075
2025-08-22 21:00:00+00:00,48.27827083333333,41.495644
2025-08-22 22:00:00+00:00,51.63206400000001,40.835682
2025-08-22 23:00:00+00:00,50.08254966666667,37.5388
2025-08-23 00:00:00+00:00,42.13602225,33.374638
2025-08-23 01:00:00+00:00,37.692789749999996,29.56422
2025-08-23 02:00:00+00:00,33.71407225,26.432476
2025-08-23 03:00:00+00:00,26.344754416666664,23.941803
2025-08-23 04:00:00+00:00,24.4691345,22.046885
2025-08-23 05:00:00+00:00,20.70363425,20.745361
2025-08-23 06:00:00+00:00,19.410430250000005,19.971867
2025-08-23 07:00:00+00:00,18.31609975,19.665611
2025-08-23 08:00:00+00:00,17.362882250000006,19.794815
2025-08-23 09:00:00+00:00,17.280861583333333,20.353514
2025-08-23 10:00:00+00:00,18.6408885,21.337536
2025-08-23 11:00:00+00:00,17.312699,22.590591
2025-08-23 12:00:00+00:00,16.882654249999998,23.622156
2025-08-23 13:00:00+00:00,18.160474083333334,21.644453
2025-08-23 14:00:00+00:00,21.888754416666664,23.854557
2025-08-23 15:00:00+00:00,24.106258916666665,25.791943
2025-08-23 16:00:00+00:00,26.64044183333333,28.483974
2025-08-23 17:00:00+00:00,29.79368325,31.742855
2025-08-23 18:00:00+00:00,31.08127325,35.696774
2025-08-23 19:00:00+00:00,34.69064241666667,39.30027
2025-08-23 20:00:00+00:00,36.618281583333335,42.563393
2025-08-23 21:00:00+00:00,41.58346316666667,44.20717
2025-08-23 22:00:00+00:00,45.82948124999999,43.16716
2025-08-23 23:00:00+00:00,41.27417933333333,39.62815
2025-08-24 00:00:00+00:00,36.13388991666667,34.961548
2025-08-24 01:00:00+00:00,31.90738291666667,30.657814
2025-08-24 02:00:00+00:00,28.644747833333337,27.129671
2025-08-24 03:00:00+00:00,24.420386500000003,24.247562
2025-08-24 04:00:00+00:00,22.531499416666666,21.794456
2025-08-24 05:00:00+00:00,21.671602833333335,19.722282
2025-08-24 06:00:00+00:00,19.76848266666667,18.232288
2025-08-24 07:00:00+00:00,17.749606000000004,17.373774
2025-08-24 08:00:00+00:00,16.518387083333337,17.03302
2025-08-24 09:00:00+00:00,16.048477333333338,17.104786
2025-08-24 10:00:00+00:00,16.019652666666666,17.523178
2025-08-24 11:00:00+00:00,16.044713500000004,18.220417
2025-08-24 12:00:00+00:00,15.978921083333336,19.05555
2025-08-24 13:00:00+00:00,18.98263425,17.54596
2025-08-24 14:00:00+00:00,21.947472250000004,19.680859
2025-08-24 15:00:00+00:00,23.259301833333335,21.591095
2025-08-24 16:00:00+00:00,23.937790749999998,24.02848
2025-08-24 17:00:00+00:00,26.971517500000004,26.94001
2025-08-24 18:00:00+00:00,28.380591999999996,29.785543
2025-08-24 19:00:00+00:00,30.018829333333333,33.304543
2025-08-24 20:00:00+00:00,32.763309666666665,37.26921
2025-08-24 21:00:00+00:00,34.54208883333333,39.723804
2025-08-24 22:00:00+00:00,39.21528575,39.103252
2025-08-24 23:00:00+00:00,44.81018233333333,35.82483
2025-08-25 00:00:00+00:00,42.15826175,31.485178
2025-08-25 01:00:00+00:00,31.819253166666662,27.541452
2025-08-25 02:00:00+00:00,28.393379083333333,24.294373
2025-08-25 03:00:00+00:00,24.446135916666666,21.623764
2025-08-25 04:00:00+00:00,22.510217416666663,19.393284
2025-08-25 05:00:00+00:00,21.50087916666667,17.650581
2025-08-25 06:00:00+00:00,19.43152416666667,16.52454
2025-08-25 07:00:00+00:00,17.35097641666667,15.974433
2025-08-25 08:00:00+00:00,18.586910333333336,15.892716
2025-08-25 09:00:00+00:00,21.67719925,16.201647
2025-08-25 10:00:00+00:00,29.796259000000003,16.83817
2025-08-25 11:00:00+00:00,26.9046645,17.679049
2025-08-25 12:00:00+00:00,23.20600433333333,18.47047
2025-08-25 13:00:00+00:00,23.55355675,24.470041
2025-08-25 14:00:00+00:00,23.586923666666667,25.99138
2025-08-25 15:00:00+00:00,24.514412250000003,28.042349
2025-08-25 16:00:00+00:00,25.628788416666666,30.522985
2025-08-25 17:00:00+00:00,28.37536775,32.58128
2025-08-25 18:00:00+00:00,28.490397750000003,32.896935
2025-08-25 19:00:00+00:00,30.28243158333333,33.221527
2025-08-25 20:00:00+00:00,32.840231083333336,36.477432
2025-08-25 21:00:00+00:00,35.81033058333333,41.34312
2025-08-25 22:00:00+00:00,37.90300683333333,40.821648
2025-08-25 23:00:00+00:00,38.12577483333333,36.653515
2025-08-26 00:00:00+00:00,35.94909975,32.5353
2025-08-26 01:00:00+00:00,32.89527158333333,29.31399
2025-08-26 02:00:00+00:00,25.665584083333332,26.499529
2025-08-26 03:00:00+00:00,21.791888749999995,23.841547
2025-08-26 04:00:00+00:00,19.945768666666666,21.503471
2025-08-26 05:00:00+00:00,19.634673000000003,19.662008
2025-08-26 06:00:00+00:00,17.736551583333334,18.385904
2025-08-26 07:00:00+00:00,16.693759583333335,17.75131
2025-08-26 08:00:00+00:00,16.66223816666667,17.809656
2025-08-26 09:00:00+00:00,20.066190000000002,18.583916
2025-08-26 10:00:00+00:00,26.704534083333332,20.105534
2025-08-26 11:00:00+00:00,26.66185391666667,22.00597
2025-08-26 12:00:00+00:00,22.4908295,23.093157
2025-08-26 13:00:00+00:00,20.425638083333332,24.44496
2025-08-26 14:00:00+00:00,21.581416499999996,25.346043
2025-08-26 15:00:00+00:00,21.24883916666667,26.60528
2025-08-26 16:00:00+00:00,22.117232833333333,28.090744
2025-08-26 17:00:00+00:00,23.591818,29.039047
2025-08-26 18:00:00+00:00,24.606688166666668,29.125666
2025-08-26 19:00:00+00:00,26.163335416666666,29.846495
2025-08-26 20:00:00+00:00,27.97446066666667,32.726593
2025-08-26 21:00:00+00:00,32.36747741666667,34.824715
2025-08-26 22:00:00+00:00,37.59459008333334,33.194965
2025-08-26 23:00:00+00:00,39.14825008333333,30.181633
2025-08-27 00:00:00+00:00,36.75411183333333,27.560053
2025-08-27 01:00:00+00:00,31.46280858333333,25.377708
2025-08-27 02:00:00+00:00,26.188070333333332,23.309607
2025-08-27 03:00:00+00:00,21.614623499999997,21.378962
2025-08-27 04:00:00+00:00,18.64711133333333,19.796158
2025-08-27 05:00:00+00:00,18.58447575,18.598969
2025-08-27 06:00:00+00:00,16.77696375,17.795048
2025-08-27 07:00:00+00:00,16.03228175,17.4229
2025-08-27 08:00:00+00:00,16.03841216666667,17.529613
2025-08-27 09:00:00+00:00,17.286087416666664,18.166264
2025-08-27 10:00:00+00:00,21.985528916666667,19.390903
2025-08-27 11:00:00+00:00,22.034242083333336,20.986162
2025-08-27 12:00:00+00:00,17.23364016666667,21.962856
2025-08-27 13:00:00+00:00,15.920983749999998,19.771757
2025-08-27 14:00:00+00:00,16.010723500000005,20.791908
2025-08-27 15:00:00+00:00,16.83231483333333,22.231562
2025-08-27 16:00:00+00:00,17.19782333333334,23.98363
2025-08-27 17:00:00+00:00,18.374890750000002,25.279284
2025-08-27 18:00:00+00:00,19.79530666666667,25.915
2025-08-27 19:00:00+00:00,22.069123916666666,27.41056
2025-08-27 20:00:00+00:00,24.17621216666667,30.64685
2025-08-27 21:00:00+00:00,27.60785258333334,32.50857
2025-08-27 22:00:00+00:00,35.34275458333334,31.044786
2025-08-27 23:00:00+00:00,40.572628333333334,27.726162
2025-08-28 00:00:00+00:00,34.652242916666665,24.508585
2025-08-28 01:00:00+00:00,27.33107133333333,22.002031
2025-08-28 02:00:00+00:00,24.851241666666667,20.040405
2025-08-28 03:00:00+00:00,19.988178916666666,18.522938
2025-08-28 04:00:00+00:00,17.585507833333335,17.43153
2025-08-28 05:00:00+00:00,16.98804158333333,16.74183
2025-08-28 06:00:00+00:00,15.305216333333334,16.390291
2025-08-28 07:00:00+00:00,14.30151875,16.324305
2025-08-28 08:00:00+00:00,14.696881166666666,16.518139
2025-08-28 09:00:00+00:00,16.7163235,16.96682
2025-08-28 10:00:00+00:00,21.059244666666668,17.646788
2025-08-28 11:00:00+00:00,22.00540033333333,18.406477
2025-08-28 12:00:00+00:00,20.512549916666668,18.94699
2025-08-28 13:00:00+00:00,19.514909833333338,21.839731
2025-08-28 14:00:00+00:00,19.930692,22.745909
2025-08-28 15:00:00+00:00,20.923804083333334,23.751411
2025-08-28 16:00:00+00:00,23.18178983333334,24.914473
2025-08-28 17:00:00+00:00,27.125912333333332,25.848753
2025-08-28 18:00:00+00:00,27.319548666666662,26.070854
2025-08-28 19:00:00+00:00,27.37933658333333,26.640957
2025-08-28 20:00:00+00:00,30.66728516666667,29.062128
2025-08-28 21:00:00+00:00,31.535495166666667,31.677244
2025-08-28 22:00:00+00:00,37.064016333333335,31.020996
2025-08-28 23:00:00+00:00,41.440443833333326,28.577251
2025-08-29 00:00:00+00:00,37.011201666666665,26.163126
2025-08-29 01:00:00+00:00,30.73700825,24.091114
2025-08-29 02:00:00+00:00,26.3445385,22.129074
2025-08-29 03:00:00+00:00,20.142625083333332,20.245844
2025-08-29 04:00:00+00:00,19.963230916666667,18.631672
2025-08-29 05:00:00+00:00,19.729363833333334,17.354202
2025-08-29 06:00:00+00:00,16.839779500000002,16.427292
2025-08-29 07:00:00+00:00,15.872889583333336,15.908351
2025-08-29 08:00:00+00:00,16.89289025,15.85166
2025-08-29 09:00:00+00:00,19.51586041666667,16.304396
2025-08-29 10:00:00+00:00,27.470198166666666,17.31663
2025-08-29 11:00:00+00:00,26.652636333333334,18.797276
2025-08-29 12:00:00+00:00,19.875607750000004,19.898037
2025-08-29 13:00:00+00:00,20.133084916666665,20.577587
2025-08-29 14:00:00+00:00,21.33039775,21.4614
2025-08-29 15:00:00+00:00,21.925356249999997,22.570602
2025-08-29 16:00:00+00:00,22.422545416666665,23.940222
2025-08-29 17:00:00+00:00,24.544107916666665,25.30584
2025-08-29 18:00:00+00:00,25.924808833333337,26.111345
2025-08-29 19:00:00+00:00,26.167516333333335,27.51164
2025-08-29 20:00:00+00:00,27.53659491666667,30.642277
2025-08-29 21:00:00+00:00,29.245199666666668,32.621544
2025-08-29 22:00:00+00:00,37.986622833333335,30.98993
2025-08-29 23:00:00+00:00,41.79956558333333,28.112823
2025-08-30 00:00:00+00:00,33.84213675,25.651102
2025-08-30 01:00:00+00:00,26.904253916666665,23.639282
2025-08-30 02:00:00+00:00,23.732267833333335,21.733849
2025-08-30 03:00:00+00:00,17.788748083333335,19.89891
2025-08-30 04:00:00+00:00,18.36374725,18.321135
2025-08-30 05:00:00+00:00,19.034622583333334,17.0567
2025-08-30 06:00:00+00:00,16.590876500000004,16.120869
2025-08-30 07:00:00+00:00,15.646527999999998,15.572179
2025-08-30 08:00:00+00:00,15.200490416666668,15.455475
2025-08-30 09:00:00+00:00,16.238706500000003,15.816458
2025-08-30 10:00:00+00:00,16.95249916666667,16.717186
2025-08-30 11:00:00+00:00,16.435646000000002,18.065083
2025-08-30 12:00:00+00:00,14.457693749999999,19.09988
2025-08-30 13:00:00+00:00,13.3327735,16.959007
2025-08-30 14:00:00+00:00,14.560148750000002,17.93229
2025-08-30 15:00:00+00:00,14.73789025,18.590845
2025-08-30 16:00:00+00:00,15.157270416666668,19.224575
2025-08-30 17:00:00+00:00,15.332215750000001,19.784319
2025-08-30 18:00:00+00:00,16.476776833333332,20.33429
2025-08-30 19:00:00+00:00,19.366845083333335,21.475117
2025-08-30 20:00:00+00:00,23.30686,23.46305
2025-08-30 21:00:00+00:00,25.64873558333333,24.801662
2025-08-30 22:00:00+00:00,33.6558335,24.5361
2025-08-30 23:00:00+00:00,41.67228683333333,23.139729
2025-08-31 00:00:00+00:00,29.9000995,21.121239
2025-08-31 01:00:00+00:00,23.95457716666667,19.068304
2025-08-31 02:00:00+00:00,22.019455833333332,17.327911
2025-08-31 03:00:00+00:00,17.18526075,15.922409
2025-08-31 04:00:00+00:00,17.085056903333335,14.778009
2025-08-31 05:00:00+00:00,16.984853056666672,13.920648
2025-08-31 06:00:00+00:00,16.884649210000006,13.367928
2025-09-01 04:00:00+00:00,14.680164583333337,13.0910425
2025-09-01 05:00:00+00:00,15.404692083333332,13.06189
2025-09-01 06:00:00+00:00,13.965618916666665,13.265117
2025-09-01 07:00:00+00:00,13.759583333333335,13.690626
2025-09-01 08:00:00+00:00,13.283539750000003,14.281721
2025-09-01 09:00:00+00:00,14.560531166666665,14.839381
2025-09-01 10:00:00+00:00,16.893400583333335,16.485073
2025-09-01 11:00:00+00:00,14.740184999999999,17.793064
2025-09-01 12:00:00+00:00,12.059030833333331,18.944576
2025-09-01 13:00:00+00:00,12.439825500000001,20.139174
2025-09-01 14:00:00+00:00,15.089491833333332,21.248503
2025-09-01 15:00:00+00:00,16.16088316666667,21.879704
2025-09-01 16:00:00+00:00,18.34436116666667,21.858608
2025-09-01 17:00:00+00:00,19.590153083333337,21.447144
2025-09-01 18:00:00+00:00,22.030681916666666,21.443295
2025-09-01 19:00:00+00:00,24.089789,22.842457
2025-09-01 20:00:00+00:00,29.49316991666667,25.3496
2025-09-01 21:00:00+00:00,33.26225375,26.794283
2025-09-01 22:00:00+00:00,43.22285233333333,26.415253
2025-09-01 23:00:00+00:00,51.69285166666667,24.59632
2025-09-02 00:00:00+00:00,43.043703416666666,22.105558
2025-09-02 01:00:00+00:00,32.235016333333334,19.782068
2025-09-02 02:00:00+00:00,27.258803083333333,17.878904
2025-09-02 03:00:00+00:00,21.698741250000005,16.354471
2025-09-02 04:00:00+00:00,20.7907425,15.0889225
2025-09-02 05:00:00+00:00,19.488635166666665,14.111462
2025-09-02 06:00:00+00:00,17.4491605,13.513651
2025-09-02 07:00:00+00:00,16.502361666666673,13.303804
2025-09-02 08:00:00+00:00,17.904961833333335,13.450623
2025-09-02 09:00:00+00:00,21.763718000000004,13.92327
2025-09-02 10:00:00+00:00,34.66682683333333,23.143715
2025-09-02 11:00:00+00:00,32.1208965,25.33718
2025-09-02 12:00:00+00:00,22.7232595,27.771435
2025-09-02 13:00:00+00:00,22.07848416666667,30.070662
2025-09-02 14:00:00+00:00,23.800838916666667,31.747658
2025-09-02 15:00:00+00:00,25.663347250000005,33.042747
2025-09-02 16:00:00+00:00,28.310224916666666,34.120625
2025-09-02 17:00:00+00:00,31.947845416666667,34.510067
2025-09-02 18:00:00+00:00,33.72604283333333,35.076447
2025-09-02 19:00:00+00:00,32.611354999999996,36.335632
2025-09-02 20:00:00+00:00,33.837903250000004,39.17518
2025-09-02 21:00:00+00:00,41.47158266666667,42.629936
2025-09-02 22:00:00+00:00,52.459868166666666,40.943466
2025-09-02 23:00:00+00:00,63.5918685,37.13987
2025-09-03 00:00:00+00:00,50.40230333333333,33.820656
2025-09-03 01:00:00+00:00,34.96203875,30.615873
2025-09-03 02:00:00+00:00,31.98320191666667,27.101276
2025-09-03 03:00:00+00:00,24.879922583333336,23.739754
2025-09-03 04:00:00+00:00,21.171616916666668,20.766603
2025-09-03 05:00:00+00:00,19.846552499999998,18.271633
2025-09-03 06:00:00+00:00,16.78798625,16.562689
2025-09-03 07:00:00+00:00,15.434623833333335,15.909183
2025-09-03 08:00:00+00:00,16.099012083333335,16.264225
2025-09-03 09:00:00+00:00,19.463549,17.384617
2025-09-03 10:00:00+00:00,25.754595666666663,23.799019
2025-09-03 11:00:00+00:00,26.5229325,26.979555
2025-09-03 12:00:00+00:00,19.384645166666672,29.795607
2025-09-03 13:00:00+00:00,18.208015916666668,32.039574
2025-09-03 14:00:00+00:00,19.515959166666665,33.63221
2025-09-03 15:00:00+00:00,20.29139208333333,34.2334
2025-09-03 16:00:00+00:00,21.86911025,33.507965
2025-09-03 17:00:00+00:00,24.81168908333333,32.137554
2025-09-03 18:00:00+00:00,25.578245166666665,32.143467
2025-09-03 19:00:00+00:00,26.689496833333333,34.83219
2025-09-03 20:00:00+00:00,28.246955500000002,40.16119
2025-09-03 21:00:00+00:00,33.214521,43.225174
2025-09-03 22:00:00+00:00,41.48883741666667,41.40136
2025-09-03 23:00:00+00:00,48.75303783333333,37.246395
2025-09-04 00:00:00+00:00,39.634984333333335,33.0061
2025-09-04 01:00:00+00:00,33.142578416666666,29.075981
2025-09-04 02:00:00+00:00,28.830253166666665,25.16956
2025-09-04 03:00:00+00:00,22.970140833333332,21.615662
2025-09-04 04:00:00+00:00,20.714015833333335,18.805328
2025-09-04 05:00:00+00:00,20.646127583333335,16.678383
2025-09-04 06:00:00+00:00,18.00997058333333,15.126568
2025-09-04 07:00:00+00:00,17.39017916666667,14.289694
2025-09-04 08:00:00+00:00,17.992490916666668,14.3340435
2025-09-04 09:00:00+00:00,21.01169025,15.383017
2025-09-04 10:00:00+00:00,30.402446583333333,23.4482
2025-09-04 11:00:00+00:00,31.922351250000002,25.98678
2025-09-04 12:00:00+00:00,23.499013916666666,27.869547
2025-09-04 13:00:00+00:00,23.155701833333335,29.494974
2025-09-04 14:00:00+00:00,23.282127583333335,30.720173
2025-09-04 15:00:00+00:00,23.943247833333334,30.780005
2025-09-04 16:00:00+00:00,26.349586416666668,29.814884
2025-09-04 17:00:00+00:00,27.673666083333334,28.786604
2025-09-04 18:00:00+00:00,27.41497791666667,28.048206
2025-09-04 19:00:00+00:00,27.415195583333333,28.306381
2025-09-04 20:00:00+00:00,30.020918166666664,31.331387
2025-09-04 21:00:00+00:00,34.15816566666667,35.92559
2025-09-04 22:00:00+00:00,41.33711425,37.147034
2025-09-04 23:00:00+00:00,55.50869216666666,35.525333
2025-09-05 00:00:00+00:00,46.7719165,32.578705
2025-09-05 01:00:00+00:00,33.399432749999995,29.315819
2025-09-05 02:00:00+00:00,27.430027166666665,25.95778
2025-09-05 03:00:00+00:00,22.834982999999998,22.888664
2025-09-05 04:00:00+00:00,19.896096,20.467976
2025-09-05 05:00:00+00:00,16.71609716666667,18.610031
2025-09-05 06:00:00+00:00,15.079604166666666,17.165207
2025-09-05 07:00:00+00:00,13.963585916666666,16.24974
2025-09-05 08:00:00+00:00,13.263222416666666,16.04433
2025-09-05 09:00:00+00:00,15.474341166666667,16.641151
2025-09-05 10:00:00+00:00,23.032860083333333,19.143845
2025-09-05 11:00:00+00:00,25.071273500000004,21.465115
2025-09-05 12:00:00+00:00,21.290586,23.279488
2025-09-05 13:00:00+00:00,19.896660416666666,25.073902
2025-09-05 14:00:00+00:00,21.468428083333333,26.448494
2025-09-05 15:00:00+00:00,23.401746583333335,26.913378
2025-09-05 16:00:00+00:00,25.967893083333333,26.734417
2025-09-05 17:00:00+00:00,27.954208416666663,26.22111
2025-09-05 18:00:00+00:00,29.787765999999998,26.064528
2025-09-05 19:00:00+00:00,33.534950083333335,27.631248
2025-09-05 20:00:00+00:00,37.69300258333333,30.844774
2025-09-05 21:00:00+00:00,50.306461500000005,33.347733
2025-09-05 22:00:00+00:00,63.588045916666665,33.70238
2025-09-05 23:00:00+00:00,64.17058116666666,32.26789
2025-09-06 00:00:00+00:00,48.173895333333334,29.215858
2025-09-06 01:00:00+00:00,38.38163316666667,25.59779
2025-09-06 02:00:00+00:00,33.59998841666667,22.484865
2025-09-06 03:00:00+00:00,27.12151475,20.068062
2025-09-06 04:00:00+00:00,35.10377675,18.124107
2025-09-06 05:00:00+00:00,32.72828425,16.471317
2025-09-06 06:00:00+00:00,27.911536833333336,15.217895
2025-09-06 07:00:00+00:00,25.717681,14.4819975
2025-09-06 08:00:00+00:00,25.471650833333328,14.237288
2025-09-06 09:00:00+00:00,26.322287,14.422854
2025-09-06 10:00:00+00:00,26.5664075,26.385801
2025-09-06 11:00:00+00:00,26.28523858333334,28.760023
2025-09-06 12:00:00+00:00,26.23730491666667,30.758701
2025-09-06 13:00:00+00:00,27.962260166666667,32.301453
2025-09-06 14:00:00+00:00,27.347239833333333,33.625652
2025-09-06 15:00:00+00:00,28.92317608333333,34.24557
2025-09-06 16:00:00+00:00,29.435540083333333,34.11785
2025-09-06 17:00:00+00:00,31.184104166666668,33.819828
2025-09-06 18:00:00+00:00,33.0710795,33.65935
2025-09-06 19:00:00+00:00,33.31192133333333,34.09487
2025-09-06 20:00:00+00:00,32.723718,35.68077
2025-09-06 21:00:00+00:00,35.052481666666665,40.244305
2025-09-06 22:00:00+00:00,38.78823333333333,42.74876
2025-09-06 23:00:00+00:00,45.85642491666667,40.796448
2025-09-07 00:00:00+00:00,39.8285125,38.125458
2025-09-07 01:00:00+00:00,32.57881616666666,35.508354
2025-09-07 02:00:00+00:00,28.700417666666667,32.414986
2025-09-07 03:00:00+00:00,25.591905416666663,28.934832
2025-09-07 04:00:00+00:00,25.365902916666666,25.661825
2025-09-07 05:00:00+00:00,23.673145333333334,23.033329
2025-09-07 06:00:00+00:00,20.743756999999995,21.154608
2025-09-07 07:00:00+00:00,19.399545416666665,20.150276
2025-09-07 08:00:00+00:00,18.586684583333337,20.143015
2025-09-07 09:00:00+00:00,19.062622666666666,21.071863
2025-09-07 10:00:00+00:00,19.126322166666665,18.773808
2025-09-07 11:00:00+00:00,19.0036585,20.033733
2025-09-07 12:00:00+00:00,19.2278235,21.266163
2025-09-07 13:00:00+00:00,18.864222000000005,22.404232
2025-09-07 14:00:00+00:00,19.108395083333335,23.514153
2025-09-07 15:00:00+00:00,18.650951833333338,24.275356
2025-09-07 16:00:00+00:00,18.433198333333333,24.327148
2025-09-07 17:00:00+00:00,18.251233750000004,24.126743
2025-09-07 18:00:00+00:00,18.223325750000004,24.151457
2025-09-07 19:00:00+00:00,18.897357166666666,24.600346
2025-09-07 20:00:00+00:00,21.441495750000005,26.419619
2025-09-07 21:00:00+00:00,24.923596500000006,29.914322
2025-09-07 22:00:00+00:00,33.138645333333336,32.154633
2025-09-07 23:00:00+00:00,44.49417416666666,31.82181
2025-09-08 00:00:00+00:00,39.085977416666665,29.468489
2025-09-08 01:00:00+00:00,27.07856525,26.41996
2025-09-08 02:00:00+00:00,25.8926385,23.762316
2025-09-08 03:00:00+00:00,20.853452,21.694637
2025-09-08 04:00:00+00:00,20.086770333333334,20.034721
2025-09-08 05:00:00+00:00,19.453663083333335,18.712652
2025-09-08 06:00:00+00:00,17.729495750000005,17.820034
2025-09-08 07:00:00+00:00,17.19042125,17.41275
2025-09-08 08:00:00+00:00,17.973080333333336,17.486385
2025-09-08 09:00:00+00:00,23.164040583333332,18.018589
2025-09-08 10:00:00+00:00,39.51635266666667,26.865646
2025-09-08 11:00:00+00:00,36.429434416666666,29.648577
2025-09-08 12:00:00+00:00,21.895289416666667,31.712072
2025-09-08 13:00:00+00:00,19.853969250000002,33.114273
2025-09-08 14:00:00+00:00,20.935747583333335,33.25827
2025-09-08 15:00:00+00:00,20.961179,31.649311
2025-09-08 16:00:00+00:00,21.876143666666668,29.690378
2025-09-08 17:00:00+00:00,22.569507833333333,28.49416
2025-09-08 18:00:00+00:00,21.981234166666667,27.675735
2025-09-08 19:00:00+00:00,22.453844583333336,26.903711
2025-09-08 20:00:00+00:00,25.953001499999996,28.246334
2025-09-08 21:00:00+00:00,31.756592,33.75763
2025-09-08 22:00:00+00:00,44.463208083333335,37.861763
2025-09-08 23:00:00+00:00,58.13081116666667,37.49952
2025-09-09 00:00:00+00:00,45.91790516666667,34.46471
2025-09-09 01:00:00+00:00,34.599789333333334,30.618874
2025-09-09 02:00:00+00:00,30.71560033333333,26.936962
2025-09-09 03:00:00+00:00,23.133376249999998,23.896992
2025-09-09 04:00:00+00:00,18.697939583333337,21.638315
2025-09-09 05:00:00+00:00,17.312913249999998,19.947744
2025-09-09 06:00:00+00:00,15.266646416666665,18.672714
2025-09-09 07:00:00+00:00,14.917081166666668,17.930517
2025-09-09 08:00:00+00:00,15.630442583333336,17.886751
2025-09-09 09:00:00+00:00,18.893387416666666,18.603237
2025-09-09 10:00:00+00:00,32.614748666666664,23.124437
2025-09-09 11:00:00+00:00,32.53206075,25.731632
2025-09-09 12:00:00+00:00,20.205853166666667,27.654207
2025-09-09 13:00:00+00:00,18.480553250000003,28.961834
2025-09-09 14:00:00+00:00,21.820911666666664,29.40457
2025-09-09 15:00:00+00:00,21.965716583333332,28.70551
2025-09-09 16:00:00+00:00,23.536151416666662,27.565325
2025-09-09 17:00:00+00:00,25.9543505,26.544624
2025-09-09 18:00:00+00:00,26.3440785,25.806232
2025-09-09 19:00:00+00:00,27.385472833333335,25.838337
2025-09-09 20:00:00+00:00,31.012389083333332,27.961859
2025-09-09 21:00:00+00:00,35.1546565,31.944603
2025-09-09 22:00:00+00:00,53.660507083333336,33.843876
2025-09-09 23:00:00+00:00,61.115596000000004,33.16723
2025-09-10 00:00:00+00:00,48.613286499999994,30.561253
2025-09-10 01:00:00+00:00,36.46906491666667,27.175484
2025-09-10 02:00:00+00:00,30.186304250000003,24.041624
2025-09-10 03:00:00+00:00,23.68816925,21.540617
2025-09-10 04:00:00+00:00,21.0619145,19.64821
2025-09-10 05:00:00+00:00,22.326441250000002,18.144636
2025-09-10 06:00:00+00:00,20.22259316666667,16.978085
2025-09-10 07:00:00+00:00,19.493660916666666,16.261017
2025-09-10 08:00:00+00:00,20.53695625,16.065063
2025-09-10 09:00:00+00:00,27.518572000000002,16.412086
2025-09-10 10:00:00+00:00,37.81634258333333,33.256626
2025-09-10 11:00:00+00:00,43.46450158333334,37.353477
2025-09-10 12:00:00+00:00,32.17629275,40.15215
2025-09-10 13:00:00+00:00,29.59211925,41.008045
2025-09-10 14:00:00+00:00,31.45593608333333,39.902687
2025-09-10 15:00:00+00:00,30.754388333333335,37.26432
2025-09-10 16:00:00+00:00,30.133698000000003,34.99786
2025-09-10 17:00:00+00:00,35.84057525,33.763664
2025-09-10 18:00:00+00:00,36.211793416666666,32.201004
2025-09-10 19:00:00+00:00,38.274803416666664,31.055065
2025-09-10 20:00:00+00:00,38.97180508333333,33.432484
2025-09-10 21:00:00+00:00,44.66000483333334,41.688755
2025-09-10 22:00:00+00:00,53.94759358333334,45.937927
2025-09-10 23:00:00+00:00,65.2688905,44.30735
2025-09-11 00:00:00+00:00,54.81346183333333,41.009308
2025-09-11 01:00:00+00:00,41.01042433333333,36.663353
2025-09-11 02:00:00+00:00,34.676762583333335,31.800821
2025-09-11 03:00:00+00:00,29.7995825,27.332241
2025-09-11 04:00:00+00:00,25.49585833333333,23.451393
2025-09-11 05:00:00+00:00,22.132810000000003,20.367783
2025-09-11 06:00:00+00:00,20.326701416666666,18.470358
2025-09-11 07:00:00+00:00,19.18098466666667,18.03404
2025-09-11 08:00:00+00:00,19.936710583333333,18.887133
2025-09-11 09:00:00+00:00,24.98136583333333,20.607136
2025-09-11 10:00:00+00:00,34.429974666666666,30.464054
2025-09-11 11:00:00+00:00,34.43964225,33.95934
2025-09-11 12:00:00+00:00,26.607686333333334,35.91646
2025-09-11 13:00:00+00:00,22.23530458333333,36.6272
2025-09-11 14:00:00+00:00,25.040673416666667,36.048824
2025-09-11 15:00:00+00:00,26.038215416666663,34.05217
2025-09-11 16:00:00+00:00,28.088011750000007,31.99177
2025-09-11 17:00:00+00:00,32.32167316666666,30.926386
2025-09-11 18:00:00+00:00,34.70640383333333,30.253529
2025-09-11 19:00:00+00:00,37.38240391666667,29.947266
2025-09-11 20:00:00+00:00,41.77694933333334,33.077686
2025-09-11 21:00:00+00:00,55.04633041666667,39.37712
2025-09-11 22:00:00+00:00,63.52623500000001,41.929295
2025-09-11 23:00:00+00:00,61.91382008333333,40.58417
2025-09-12 00:00:00+00:00,44.83130524999999,37.12041
2025-09-12 01:00:00+00:00,35.053902666666666,32.9026
2025-09-12 02:00:00+00:00,32.16086766666667,28.70087
2025-09-12 03:00:00+00:00,26.77334575,25.119736
2025-09-12 04:00:00+00:00,24.2158645,22.42383
2025-09-12 05:00:00+00:00,21.239743166666663,20.377901
2025-09-12 06:00:00+00:00,19.126906916666666,18.776932
2025-09-12 07:00:00+00:00,18.114919416666666,17.771751
2025-09-12 08:00:00+00:00,18.868376083333334,17.60987
2025-09-12 09:00:00+00:00,22.823638999999996,18.394773
2025-09-12 10:00:00+00:00,29.541281666666666,26.250648
2025-09-12 11:00:00+00:00,31.189535833333334,29.023771
2025-09-12 12:00:00+00:00,22.60123516666667,31.141903
2025-09-12 13:00:00+00:00,20.3576235,33.15625
2025-09-12 14:00:00+00:00,24.855883666666667,34.833508
2025-09-12 15:00:00+00:00,27.979331833333333,35.59528
2025-09-12 16:00:00+00:00,31.315390083333334,35.090614
2025-09-12 17:00:00+00:00,37.5319515,33.990757
2025-09-12 18:00:00+00:00,39.199108583333334,33.980095
2025-09-12 19:00:00+00:00,40.387543666666666,36.96794
2025-09-12 20:00:00+00:00,44.479975333333336,41.610867
2025-09-12 21:00:00+00:00,54.68811333333332,43.429035
2025-09-12 22:00:00+00:00,73.18054416666666,42.535355
2025-09-12 23:00:00+00:00,71.20295266666666,39.861034
2025-09-13 00:00:00+00:00,47.601138166666665,36.05974
2025-09-13 01:00:00+00:00,37.66508675,32.108505
2025-09-13 02:00:00+00:00,33.824614333333336,28.487583
2025-09-13 03:00:00+00:00,27.421929916666667,25.540918
2025-09-13 04:00:00+00:00,24.20163375,23.23508
2025-09-13 05:00:00+00:00,22.09204166666667,21.324667
2025-09-13 06:00:00+00:00,20.131979333333334,19.819607
2025-09-13 07:00:00+00:00,18.158477333333337,18.932919
2025-09-13 08:00:00+00:00,17.749144916666673,18.765306
2025-09-13 09:00:00+00:00,19.382777250000004,19.34579
2025-09-13 10:00:00+00:00,20.859010333333334,20.156086
2025-09-13 11:00:00+00:00,20.331514583333334,22.596407
2025-09-13 12:00:00+00:00,17.904340500000004,24.461117
2025-09-13 13:00:00+00:00,17.239401250000004,26.256598
2025-09-13 14:00:00+00:00,20.18701075,28.268055
2025-09-13 15:00:00+00:00,22.9830195,30.431963
2025-09-13 16:00:00+00:00,25.621116916666665,32.251938
2025-09-13 17:00:00+00:00,28.334918583333334,33.747955
2025-09-13 18:00:00+00:00,31.929097833333334,36.215275
2025-09-13 19:00:00+00:00,33.937170333333334,39.79359
2025-09-13 20:00:00+00:00,38.60058708333333,43.361816
2025-09-13 21:00:00+00:00,44.47777391666667,44.40316
2025-09-13 22:00:00+00:00,57.22122791666666,42.85244
2025-09-13 23:00:00+00:00,51.84843383333333,39.688816
2025-09-14 00:00:00+00:00,38.78306991666667,35.551
2025-09-14 01:00:00+00:00,33.96868858333334,31.487717
2025-09-14 02:00:00+00:00,30.417822166666667,27.978773
2025-09-14 03:00:00+00:00,26.75803783333333,25.091888
2025-09-14 04:00:00+00:00,21.50932125,22.662613
2025-09-14 05:00:00+00:00,20.805801583333334,20.519112
2025-09-14 06:00:00+00:00,18.756100999999997,18.818214
2025-09-14 07:00:00+00:00,17.547038333333333,17.804781
2025-09-14 08:00:00+00:00,16.801500666666666,17.492373
2025-09-14 09:00:00+00:00,16.23556675,17.799364
2025-09-14 10:00:00+00:00,17.58864016666667,16.530338
2025-09-14 11:00:00+00:00,17.580795750000004,18.427305
2025-09-14 12:00:00+00:00,16.2752835,20.480476
2025-09-14 13:00:00+00:00,17.046618750000004,22.688816
2025-09-14 14:00:00+00:00,19.723249083333332,24.847193
2025-09-14 15:00:00+00:00,23.169449083333333,26.52104
2025-09-14 16:00:00+00:00,27.015954333333337,27.497356
2025-09-14 17:00:00+00:00,31.810074999999994,27.911453
2025-09-14 18:00:00+00:00,36.15292258333333,28.264088
2025-09-14 19:00:00+00:00,38.616925583333334,29.936983
2025-09-14 20:00:00+00:00,40.488705583333335,33.49659
2025-09-14 21:00:00+00:00,50.84111683333333,37.084675
2025-09-14 22:00:00+00:00,68.61983516666668,38.121258
2025-09-14 23:00:00+00:00,60.1044775,36.40795
2025-09-15 00:00:00+00:00,42.58333483333333,32.65597
2025-09-15 01:00:00+00:00,35.793905333333335,28.500671
2025-09-15 02:00:00+00:00,29.617755333333335,24.931406
2025-09-15 03:00:00+00:00,26.830325416666668,22.042229
2025-09-15 04:00:00+00:00,25.225453500000004,19.617027
2025-09-15 05:00:00+00:00,20.73122425,17.56982
2025-09-15 06:00:00+00:00,18.356873583333332,16.100655
2025-09-15 07:00:00+00:00,17.98395675,15.33197
2025-09-15 08:00:00+00:00,18.74392883333333,15.212652
2025-09-15 09:00:00+00:00,22.220248416666664,15.656289
2025-09-15 10:00:00+00:00,35.28247925,24.852812
2025-09-15 11:00:00+00:00,35.062649416666666,27.98767
2025-09-15 12:00:00+00:00,29.855356999999998,31.04774
2025-09-15 13:00:00+00:00,31.092522666666667,34.31829
2025-09-15 14:00:00+00:00,33.221336666666666,37.512524
2025-09-15 15:00:00+00:00,36.29873775,40.575542
2025-09-15 16:00:00+00:00,41.248013500000006,42.077682
2025-09-15 17:00:00+00:00,49.185170666666664,41.519566
2025-09-15 18:00:00+00:00,50.410315833333335,41.652042
2025-09-15 19:00:00+00:00,55.113132,45.744946
2025-09-15 20:00:00+00:00,65.84373716666667,53.31619
2025-09-15 21:00:00+00:00,98.92675358333334,56.451736
2025-09-15 22:00:00+00:00,98.82208758333333,53.605476
2025-09-15 23:00:00+00:00,75.16829666666666,47.761467
2025-09-16 00:00:00+00:00,55.14683341666667,41.487766
2025-09-16 01:00:00+00:00,42.52240075000001,36.19848
2025-09-16 02:00:00+00:00,37.87863025,31.387503
2025-09-16 03:00:00+00:00,31.16021966666667,27.120407
2025-09-16 04:00:00+00:00,26.441167250000003,23.72603
2025-09-16 05:00:00+00:00,22.378251583333334,21.10376
2025-09-16 06:00:00+00:00,19.444560583333335,19.136787
2025-09-16 07:00:00+00:00,18.87538125,17.9897
2025-09-16 08:00:00+00:00,19.943564750000004,17.843044
2025-09-16 09:00:00+00:00,24.100332166666668,18.803963
2025-09-16 10:00:00+00:00,34.635139833333334,28.352629
2025-09-16 11:00:00+00:00,38.69906641666667,31.931717
2025-09-16 12:00:00+00:00,33.893753833333335,35.578285
2025-09-16 13:00:00+00:00,33.603650083333335,39.253197
2025-09-16 14:00:00+00:00,35.28150416666667,42.66642
2025-09-16 15:00:00+00:00,36.02525408333333,46.185223
2025-09-16 16:00:00+00:00,39.2289645,47.91046
2025-09-16 17:00:00+00:00,43.50149291666667,47.22702
2025-09-16 18:00:00+00:00,46.66715725,47.910183
2025-09-16 19:00:00+00:00,51.3309205,53.589104
2025-09-16 20:00:00+00:00,55.292164250000006,62.305645
2025-09-16 21:00:00+00:00,67.68769716666667,64.357735
2025-09-16 22:00:00+00:00,68.77915416666666,59.82967
2025-09-16 23:00:00+00:00,70.82219358333333,52.79822
2025-09-17 00:00:00+00:00,53.13902433333333,46.311977
2025-09-17 01:00:00+00:00,44.17830083333334,40.65831
2025-09-17 02:00:00+00:00,37.56767691666666,34.9746
2025-09-17 03:00:00+00:00,30.54522025,29.555927
2025-09-17 04:00:00+00:00,27.381534833333333,25.09915
2025-09-17 05:00:00+00:00,24.278395666666665,21.65285
2025-09-17 06:00:00+00:00,22.089984666666663,19.126251
2025-09-17 07:00:00+00:00,21.2247135,17.731115
2025-09-17 08:00:00+00:00,21.50208683333333,17.706291
2025-09-17 09:00:00+00:00,25.184457750000004,19.231339
2025-09-17 10:00:00+00:00,36.090921333333334,29.25388
2025-09-17 11:00:00+00:00,39.88679966666667,33.577606
2025-09-17 12:00:00+00:00,32.688358,37.266758
2025-09-17 13:00:00+00:00,31.189030416666665,40.79365
2025-09-17 14:00:00+00:00,31.952264,43.821827
2025-09-17 15:00:00+00:00,35.96463691666667,45.815186
2025-09-17 16:00:00+00:00,38.775064416666666,45.90379
2025-09-17 17:00:00+00:00,43.90006175,44.47928
2025-09-17 18:00:00+00:00,46.148807166666664,44.310432
2025-09-17 19:00:00+00:00,49.09794083333333,49.266197
2025-09-17 20:00:00+00:00,52.86129491666668,58.19256
2025-09-17 21:00:00+00:00,59.76995466666666,61.777443
2025-09-17 22:00:00+00:00,69.94521608333334,59.39956
2025-09-17 23:00:00+00:00,78.074667,53.72229
2025-09-18 00:00:00+00:00,54.79648266666667,46.96014
2025-09-18 01:00:00+00:00,45.92356216666667,40.533455
2025-09-18 02:00:00+00:00,39.793517666666666,34.588745
2025-09-18 03:00:00+00:00,32.865815000000005,29.62526
2025-09-18 04:00:00+00:00,28.43033391666667,25.76353
2025-09-18 05:00:00+00:00,24.546311833333338,22.678028
2025-09-18 06:00:00+00:00,21.705111249999998,20.351328
2025-09-18 07:00:00+00:00,20.690070499999997,19.095316
2025-09-18 08:00:00+00:00,21.131213166666665,19.089869
2025-09-18 09:00:00+00:00,26.288218,20.436699
2025-09-18 10:00:00+00:00,38.08992116666666,30.295572
2025-09-18 11:00:00+00:00,40.617802833333336,33.806538
2025-09-18 12:00:00+00:00,31.203421583333334,36.40725
2025-09-18 13:00:00+00:00,27.73084775,39.024143
2025-09-18 14:00:00+00:00,28.6195405,41.64745
2025-09-18 15:00:00+00:00,34.56592441666667,43.630993
2025-09-18 16:00:00+00:00,38.976857083333336,43.923443
2025-09-18 17:00:00+00:00,45.02562966666667,43.103783
2025-09-18 18:00:00+00:00,49.12968808333333,43.80131
2025-09-18 19:00:00+00:00,51.42989633333334,48.70624
2025-09-18 20:00:00+00:00,56.15904866666667,54.976654
2025-09-18 21:00:00+00:00,91.27664066666667,56.759308
2025-09-18 22:00:00+00:00,97.61294574999998,54.877438
2025-09-18 23:00:00+00:00,83.70176925,50.585575
2025-09-19 00:00:00+00:00,58.358593083333346,44.99801
2025-09-19 01:00:00+00:00,47.065543416666664,39.472626
2025-09-19 02:00:00+00:00,40.22897525,34.53911
2025-09-19 03:00:00+00:00,30.634433333333337,30.528667
2025-09-19 04:00:00+00:00,32.2783645,27.315178
2025-09-19 05:00:00+00:00,26.199669166666666,24.623796
2025-09-19 06:00:00+00:00,24.248990000000003,22.577755
2025-09-19 07:00:00+00:00,23.46339783333333,21.477507
2025-09-19 08:00:00+00:00,24.147471083333333,21.414148
2025-09-19 09:00:00+00:00,32.20262375,22.388182
2025-09-19 10:00:00+00:00,40.63542575,35.342155
2025-09-19 11:00:00+00:00,42.450707333333334,38.702522
2025-09-19 12:00:00+00:00,32.06532166666667,41.624428
2025-09-19 13:00:00+00:00,30.61090025,44.708946
2025-09-19 14:00:00+00:00,34.20581833333333,47.76669
2025-09-19 15:00:00+00:00,38.879738833333334,50.485798
2025-09-19 16:00:00+00:00,44.895154749999996,51.27612
2025-09-19 17:00:00+00:00,49.1209015,50.598957
2025-09-19 18:00:00+00:00,49.026904333333334,51.885014
2025-09-19 19:00:00+00:00,55.19326783333333,56.283028
2025-09-19 20:00:00+00:00,62.55355825,62.694878
2025-09-19 21:00:00+00:00,84.3346115,64.42511
2025-09-19 22:00:00+00:00,97.31919525,61.080956
2025-09-19 23:00:00+00:00,73.91070291666666,55.779575
2025-09-20 00:00:00+00:00,50.67861775,50.650078
2025-09-20 01:00:00+00:00,43.90959883333333,45.80513
2025-09-20 02:00:00+00:00,38.98866133333333,40.735004
2025-09-20 03:00:00+00:00,33.08692258333333,35.924908
2025-09-20 04:00:00+00:00,34.41286366666667,32.010254
2025-09-20 05:00:00+00:00,30.884419416666663,28.945282
2025-09-20 06:00:00+00:00,26.95280525,26.580431
2025-09-20 07:00:00+00:00,25.12675158333333,25.128382
2025-09-20 08:00:00+00:00,24.65028458333333,24.867802
2025-09-20 09:00:00+00:00,25.790016499999997,25.98978
2025-09-20 10:00:00+00:00,28.55032466666667,27.238504
2025-09-20 11:00:00+00:00,29.833728249999997,30.66734
2025-09-20 12:00:00+00:00,25.545012083333333,33.0848
2025-09-20 13:00:00+00:00,25.16817941666666,35.151978
2025-09-20 14:00:00+00:00,27.737204083333335,37.385002
2025-09-20 15:00:00+00:00,31.78455775,39.263443
2025-09-20 16:00:00+00:00,36.84287283333333,39.83602
2025-09-20 17:00:00+00:00,39.49287783333333,39.730717
2025-09-20 18:00:00+00:00,42.06686899999999,40.49497
2025-09-20 19:00:00+00:00,43.442083583333336,43.943253
2025-09-20 20:00:00+00:00,48.06508650000001,49.13926
2025-09-20 21:00:00+00:00,58.25388241666668,52.131462
2025-09-20 22:00:00+00:00,67.70334933333334,51.80483
2025-09-20 23:00:00+00:00,57.568523583333324,49.081318
2025-09-21 00:00:00+00:00,48.81040316666667,44.49523
2025-09-21 01:00:00+00:00,42.96614708333333,39.40148
2025-09-21 02:00:00+00:00,40.19657541666667,34.746475
2025-09-21 03:00:00+00:00,34.223068000000005,30.910206
2025-09-21 04:00:00+00:00,30.227608166666666,27.794064
2025-09-21 05:00:00+00:00,26.131391249999997,25.117178
2025-09-21 06:00:00+00:00,23.38029391666667,22.944733
2025-09-21 07:00:00+00:00,20.618154999999998,21.59381
2025-09-21 08:00:00+00:00,20.195016500000005,21.18768
2025-09-21 09:00:00+00:00,21.60891358333333,21.695946
2025-09-21 10:00:00+00:00,24.316362166666664,21.231277
2025-09-21 11:00:00+00:00,26.662531416666667,23.501577
2025-09-21 12:00:00+00:00,24.875613416666667,25.948473
2025-09-21 13:00:00+00:00,24.763675666666668,28.56126
2025-09-21 14:00:00+00:00,27.68132975,31.27887
2025-09-21 15:00:00+00:00,30.08052616666667,33.861095
2025-09-21 16:00:00+00:00,32.36957341666667,35.977257
2025-09-21 17:00:00+00:00,34.38444416666667,37.15552
2025-09-21 18:00:00+00:00,36.46969141666667,37.89234
2025-09-21 19:00:00+00:00,37.897245500000004,40.327324
2025-09-21 20:00:00+00:00,43.324458,45.273617
2025-09-21 21:00:00+00:00,50.12662041666667,49.642494
2025-09-21 22:00:00+00:00,68.6152625,50.38501
2025-09-21 23:00:00+00:00,74.51527191666666,47.67016
2025-09-22 00:00:00+00:00,51.11795233333333,42.588333
2025-09-22 01:00:00+00:00,45.23337125,37.230396
2025-09-22 02:00:00+00:00,39.286235166666664,32.620167
2025-09-22 03:00:00+00:00,33.79396933333333,28.832653
2025-09-22 04:00:00+00:00,30.317303749999997,25.627935
2025-09-22 05:00:00+00:00,25.543019,22.944334
2025-09-22 06:00:00+00:00,22.552853916666667,21.060707
2025-09-22 07:00:00+00:00,22.230628999999997,20.132189
2025-09-22 08:00:00+00:00,24.771580333333333,20.08722
2025-09-22 09:00:00+00:00,36.96106841666667,20.803473
2025-09-22 10:00:00+00:00,50.198018999999995,42.323994
2025-09-22 11:00:00+00:00,55.80543625000001,47.672966
2025-09-22 12:00:00+00:00,42.292670666666666,52.188435
2025-09-22 13:00:00+00:00,36.447958416666665,55.50684
2025-09-22 14:00:00+00:00,38.590326,56.819843
2025-09-22 15:00:00+00:00,43.368444833333335,55.03409
2025-09-22 16:00:00+00:00,47.79607225,52.03018
2025-09-22 17:00:00+00:00,54.240792666666664,49.654003
2025-09-22 18:00:00+00:00,52.63593658333334,47.90103
2025-09-22 19:00:00+00:00,52.29629258333334,47.96517
2025-09-22 20:00:00+00:00,55.654,54.983177
2025-09-22 21:00:00+00:00,74.0567965,66.763954
2025-09-22 22:00:00+00:00,92.9236975,67.334465
2025-09-22 23:00:00+00:00,84.57038516666665,62.0269
2025-09-23 00:00:00+00:00,61.04151108333334,55.95095
2025-09-23 01:00:00+00:00,53.80788133333333,49.351814
2025-09-23 02:00:00+00:00,48.35637249999999,42.728912
2025-09-23 03:00:00+00:00,39.344501916666665,36.83588
2025-09-23 04:00:00+00:00,36.344775166666665,31.918941
2025-09-23 05:00:00+00:00,31.669608916666665,28.128708
2025-09-23 06:00:00+00:00,26.99889933333333,25.624578
2025-09-23 07:00:00+00:00,25.276906666666665,24.741161
2025-09-23 08:00:00+00:00,28.548970666666666,25.56134
2025-09-23 09:00:00+00:00,34.75755358333333,27.802769
2025-09-23 10:00:00+00:00,56.26456616666666,39.91727
2025-09-23 11:00:00+00:00,62.762154833333334,43.891655
2025-09-23 12:00:00+00:00,46.46724658333333,47.46199
2025-09-23 13:00:00+00:00,43.12580991666667,50.836113
2025-09-23 14:00:00+00:00,45.259020333333325,53.40572
2025-09-23 15:00:00+00:00,50.21250066666667,54.774235
2025-09-23 16:00:00+00:00,58.68271358333333,54.313232
2025-09-23 17:00:00+00:00,61.96854941666666,52.27908
2025-09-23 18:00:00+00:00,62.50923574999999,51.020607
2025-09-23 19:00:00+00:00,66.34866083333334,53.16666
2025-09-23 20:00:00+00:00,72.79611150000001,60.48366
2025-09-23 21:00:00+00:00,102.13397124999999,67.33089
2025-09-23 22:00:00+00:00,115.65540308333334,66.12933
2025-09-23 23:00:00+00:00,101.49729925000001,60.83493
2025-09-24 00:00:00+00:00,67.27783000000001,55.32529
2025-09-24 01:00:00+00:00,59.08997208333333,50.052803
2025-09-24 02:00:00+00:00,48.55279225,44.41662
2025-09-24 03:00:00+00:00,40.915638333333334,38.83309
2025-09-24 04:00:00+00:00,31.805896166666667,34.107807
2025-09-24 05:00:00+00:00,26.051810083333333,30.498547
2025-09-24 06:00:00+00:00,24.0868155,27.927397
2025-09-24 07:00:00+00:00,23.018883416666668,26.555265
2025-09-24 08:00:00+00:00,24.39759583333333,26.595085
2025-09-24 09:00:00+00:00,28.431244250000002,28.153296
2025-09-24 10:00:00+00:00,39.283944166666664,35.68657
2025-09-24 11:00:00+00:00,40.36819775,42.02934
2025-09-24 12:00:00+00:00,36.34073591666667,48.070206
2025-09-24 13:00:00+00:00,36.48851891666667,53.893227
2025-09-24 14:00:00+00:00,38.40522083333334,58.320724
2025-09-24 15:00:00+00:00,38.87361775,61.550148
2025-09-24 16:00:00+00:00,44.243647333333335,62.09343
2025-09-24 17:00:00+00:00,48.4513905,60.42124
2025-09-24 18:00:00+00:00,49.81641475000001,61.81614
2025-09-24 19:00:00+00:00,49.95198258333334,71.31027
2025-09-24 20:00:00+00:00,50.707892750000006,81.38135
2025-09-24 21:00:00+00:00,64.22411091666666,82.79477
2025-09-24 22:00:00+00:00,68.03980833333334,78.76283
2025-09-24 23:00:00+00:00,72.16719525,70.94261
2025-09-25 00:00:00+00:00,52.03080708333333,60.875877
2025-09-25 01:00:00+00:00,43.765106833333334,51.405113
2025-09-25 02:00:00+00:00,35.146888,43.41017
2025-09-25 03:00:00+00:00,31.500680166666665,37.198486
2025-09-25 04:00:00+00:00,37.65786283333333,32.40682
2025-09-25 05:00:00+00:00,35.28748408333333,28.545027
2025-09-25 06:00:00+00:00,32.01817666666667,25.750263
2025-09-25 07:00:00+00:00,30.304154249999996,24.357586
2025-09-25 08:00:00+00:00,31.606289916666668,24.425135
2025-09-25 09:00:00+00:00,40.500851583333336,25.967392
2025-09-25 10:00:00+00:00,52.06679725,45.3396
2025-09-25 11:00:00+00:00,59.85357958333333,49.957497
2025-09-25 12:00:00+00:00,57.89939325,53.30027
2025-09-25 13:00:00+00:00,54.04536316666667,55.715733
2025-09-25 14:00:00+00:00,48.83587158333332,56.965355
2025-09-25 15:00:00+00:00,52.67126575,55.89707
2025-09-25 16:00:00+00:00,53.41426108333334,53.815845
2025-09-25 17:00:00+00:00,56.977287999999994,52.280815
2025-09-25 18:00:00+00:00,57.711390916666666,51.261143
2025-09-25 19:00:00+00:00,60.336499333333336,52.53986
2025-09-25 20:00:00+00:00,60.66624483333334,60.304966
2025-09-25 21:00:00+00:00,76.979905,67.67069
2025-09-25 22:00:00+00:00,81.69048108333334,67.93344
2025-09-25 23:00:00+00:00,92.15283383333333,63.874916
2025-09-26 00:00:00+00:00,71.2697535,58.29461
2025-09-26 01:00:00+00:00,60.13114291666667,52.118355
2025-09-26 02:00:00+00:00,52.437370249999994,45.856667
2025-09-26 03:00:00+00:00,44.489416500000004,40.459908
2025-09-26 04:00:00+00:00,41.09409433333334,36.31289
2025-09-26 05:00:00+00:00,34.4124045,33.11699
2025-09-26 06:00:00+00:00,30.54301375,30.824965
2025-09-26 07:00:00+00:00,27.965238916666667,29.795801
2025-09-26 08:00:00+00:00,30.235567583333335,30.278492
2025-09-26 09:00:00+00:00,38.5470585,32.37214
2025-09-26 10:00:00+00:00,57.904494916666664,44.167824
2025-09-26 11:00:00+00:00,59.20634741666667,48.890682
2025-09-26 12:00:00+00:00,52.458599166666666,52.496037
2025-09-26 13:00:00+00:00,45.459232750000005,55.885902
2025-09-26 14:00:00+00:00,43.27125733333333,58.50341
2025-09-26 15:00:00+00:00,44.63930966666666,59.113598
2025-09-26 16:00:00+00:00,49.58178541666666,57.71867
2025-09-26 17:00:00+00:00,52.22474033333333,55.542835
2025-09-26 18:00:00+00:00,54.42396733333334,54.228733
2025-09-26 19:00:00+00:00,55.634462000000006,56.40587
2025-09-26 20:00:00+00:00,61.25072216666666,63.857864
2025-09-26 21:00:00+00:00,75.590796,70.576904
2025-09-26 22:00:00+00:00,92.95693783333333,71.043236
2025-09-26 23:00:00+00:00,82.25018608333333,67.27055
2025-09-27 00:00:00+00:00,59.78453966666667,61.072243
2025-09-27 01:00:00+00:00,53.05006591666666,54.42854
2025-09-27 02:00:00+00:00,45.042869,48.08652
2025-09-27 03:00:00+00:00,37.52487858333333,42.71395
2025-09-27 04:00:00+00:00,37.42941458333333,38.605312
2025-09-27 05:00:00+00:00,29.925155333333333,35.38552
2025-09-27 06:00:00+00:00,25.731593750000002,32.815407
2025-09-27 07:00:00+00:00,23.9871045,31.158009
2025-09-27 08:00:00+00:00,23.551476166666664,30.694277
2025-09-27 09:00:00+00:00,25.62652891666667,31.553766
2025-09-27 10:00:00+00:00,29.674784916666667,29.446623
2025-09-27 11:00:00+00:00,35.67979275,32.833397
2025-09-27 12:00:00+00:00,34.718987750000004,35.535934
2025-09-27 13:00:00+00:00,34.541519083333334,38.298317
2025-09-27 14:00:00+00:00,33.67874175,40.567158
2025-09-27 15:00:00+00:00,35.7533865,41.40187
2025-09-27 16:00:00+00:00,38.406716333333335,41.27109
2025-09-27 17:00:00+00:00,41.093050416666664,40.98692
2025-09-27 18:00:00+00:00,42.60148375,41.261536
2025-09-27 19:00:00+00:00,44.47603608333334,43.498875
2025-09-27 20:00:00+00:00,47.14172033333333,47.83203
2025-09-27 21:00:00+00:00,56.77548416666666,51.813396
2025-09-27 22:00:00+00:00,69.31849916666667,53.205498
2025-09-27 23:00:00+00:00,73.65161041666667,51.697964
2025-09-28 00:00:00+00:00,58.711980000000004,47.566883
2025-09-28 01:00:00+00:00,45.190386916666654,42.453453
2025-09-28 02:00:00+00:00,38.977633250000004,38.000835
2025-09-28 03:00:00+00:00,36.7259225,34.430244
2025-09-28 04:00:00+00:00,29.24672766666667,31.396643
2025-09-28 05:00:00+00:00,24.87691975,28.88413
2025-09-28 06:00:00+00:00,22.033094083333335,27.146187
2025-09-28 07:00:00+00:00,20.29089625,26.198174
2025-09-28 08:00:00+00:00,19.668082333333334,25.904572
2025-09-28 09:00:00+00:00,20.72886,26.146736
2025-09-28 10:00:00+00:00,23.414181916666667,21.934544
2025-09-28 11:00:00+00:00,25.802108083333334,24.543983
2025-09-28 12:00:00+00:00,24.873179083333333,27.846571
2025-09-28 13:00:00+00:00,22.671713,32.00689
2025-09-28 14:00:00+00:00,25.610363833333334,35.94629
2025-09-28 15:00:00+00:00,30.944190833333334,38.475628
2025-09-28 16:00:00+00:00,36.05000483333333,39.640125
2025-09-28 17:00:00+00:00,37.57424283333334,40.128536
2025-09-28 18:00:00+00:00,39.001566833333335,40.51443
2025-09-28 19:00:00+00:00,43.5324185,42.612144
2025-09-28 20:00:00+00:00,50.296710499999996,47.502846
2025-09-28 21:00:00+00:00,73.78391883333333,52.779877
2025-09-28 22:00:00+00:00,110.56766041666667,55.1003
2025-09-28 23:00:00+00:00,82.71298366666666,53.435432
2025-09-29 00:00:00+00:00,53.04499358333334,48.225952
2025-09-29 01:00:00+00:00,42.18371066666666,41.882473
2025-09-29 02:00:00+00:00,36.452267166666665,36.466503
2025-09-29 03:00:00+00:00,34.374664333333335,32.095894
2025-09-29 04:00:00+00:00,25.966610333333335,28.401596
2025-09-29 05:00:00+00:00,23.373628083333333,25.511871
2025-09-29 06:00:00+00:00,21.3906515,23.658064
2025-09-29 07:00:00+00:00,20.321329250000005,22.742092
2025-09-29 08:00:00+00:00,22.05866825,22.570541
2025-09-29 09:00:00+00:00,29.856939583333332,22.999065
2025-09-29 10:00:00+00:00,43.14332325,37.198357
2025-09-29 11:00:00+00:00,52.066978,44.73162
2025-09-29 12:00:00+00:00,38.027471416666664,51.562725
2025-09-29 13:00:00+00:00,32.51702041666667,57.472557
2025-09-29 14:00:00+00:00,34.900761583333335,61.094467
2025-09-29 15:00:00+00:00,42.14594325,61.94152
2025-09-29 16:00:00+00:00,48.86465258333334,60.17909
2025-09-29 17:00:00+00:00,56.07006608333333,56.562187
2025-09-29 18:00:00+00:00,61.38882625,54.47994
2025-09-29 19:00:00+00:00,62.585316666666664,58.738247
2025-09-29 20:00:00+00:00,75.71941691666667,69.836334
2025-09-29 21:00:00+00:00,105.90786658333333,76.68187
2025-09-29 22:00:00+00:00,127.0068435,75.582054
2025-09-29 23:00:00+00:00,101.12386933333333,69.6
2025-09-30 00:00:00+00:00,70.32826233333333,60.89393
2025-09-30 01:00:00+00:00,48.908800750000005,51.974297
2025-09-30 02:00:00+00:00,40.186970333333335,43.637486
2025-09-30 03:00:00+00:00,32.096331666666664,36.862938
2025-09-30 04:00:00+00:00,31.98900759333333,31.872389
2025-09-30 05:00:00+00:00,31.88168352,28.085678
2025-09-30 06:00:00+00:00,31.774359446666665,25.312014
2025-10-01 04:00:00+00:00,29.413229833333332,23.847366
2025-10-01 05:00:00+00:00,24.103874083333334,23.916508
2025-10-01 06:00:00+00:00,21.80132875,25.761032
2025-10-01 07:00:00+00:00,21.139703166666663,23.585043
2025-10-01 08:00:00+00:00,22.416368166666672,28.764881
2025-10-01 09:00:00+00:00,28.627903416666665,34.75772
2025-10-01 10:00:00+00:00,41.85535808333334,40.333065
2025-10-01 11:00:00+00:00,47.53402358333333,44.676754
2025-10-01 12:00:00+00:00,32.7134135,47.94577
2025-10-01 13:00:00+00:00,27.044578166666664,50.848785
2025-10-01 14:00:00+00:00,27.58603475,54.09666
2025-10-01 15:00:00+00:00,29.780984083333333,56.93403
2025-10-01 16:00:00+00:00,32.4832065,59.56819
2025-10-01 17:00:00+00:00,35.677072583333334,64.79787
2025-10-01 18:00:00+00:00,35.41249116666666,73.370804
2025-10-01 19:00:00+00:00,35.64539725,82.096146
2025-10-01 20:00:00+00:00,36.83433058333333,84.535576
2025-10-01 21:00:00+00:00,49.38996658333334,80.4932
2025-10-01 22:00:00+00:00,84.03175833333334,72.72413
2025-10-01 23:00:00+00:00,79.23858975,62.119194
2025-10-02 00:00:00+00:00,45.727627583333344,51.916603
2025-10-02 01:00:00+00:00,37.45655766666667,43.590324
2025-10-02 02:00:00+00:00,32.44207025,36.85053
2025-10-02 03:00:00+00:00,29.5181975,31.435097
2025-10-02 04:00:00+00:00,26.340152999999997,26.981108
2025-10-02 05:00:00+00:00,24.072719250000002,23.450508
2025-10-02 06:00:00+00:00,22.042413333333332,21.279047
2025-10-02 07:00:00+00:00,22.133311583333334,20.659359
2025-10-02 08:00:00+00:00,23.346759083333335,22.176338
2025-10-02 09:00:00+00:00,28.959610583333333,25.71029
2025-10-02 10:00:00+00:00,44.882294333333334,32.588745
2025-10-02 11:00:00+00:00,52.79045125,40.312584
2025-10-02 12:00:00+00:00,31.251915583333332,44.646057
2025-10-02 13:00:00+00:00,26.159193166666668,45.822006
2025-10-02 14:00:00+00:00,28.173420916666668,44.892025
2025-10-02 15:00:00+00:00,31.832187750000003,43.060192
2025-10-02 16:00:00+00:00,34.57717591666667,41.493633
2025-10-02 17:00:00+00:00,39.034667750000004,39.991257
2025-10-02 18:00:00+00:00,40.99441566666667,38.188316
2025-10-02 19:00:00+00:00,43.543027083333335,38.435204
2025-10-02 20:00:00+00:00,45.74234941666666,46.011307
2025-10-02 21:00:00+00:00,64.53408416666667,57.376797
2025-10-02 22:00:00+00:00,103.74821658333335,61.312706
2025-10-02 23:00:00+00:00,103.49723891666666,57.74618
2025-10-03 00:00:00+00:00,63.59266425,49.32448
2025-10-03 01:00:00+00:00,49.11259183333333,40.558487
2025-10-03 02:00:00+00:00,41.48893475,33.587543
2025-10-03 03:00:00+00:00,34.637678333333334,28.375734
2025-10-03 04:00:00+00:00,30.24414333333333,24.31051
2025-10-03 05:00:00+00:00,26.656653833333333,21.108282
2025-10-03 06:00:00+00:00,23.751458666666668,19.0481
2025-10-03 07:00:00+00:00,23.171669,22.327435
2025-10-03 08:00:00+00:00,25.035851750000003,24.336687
2025-10-03 09:00:00+00:00,32.913412666666666,28.24325
2025-10-03 10:00:00+00:00,49.35271133333333,34.875744
2025-10-03 11:00:00+00:00,57.71982125,42.01456
2025-10-03 12:00:00+00:00,38.739942416666665,46.0888
2025-10-03 13:00:00+00:00,29.94397225,47.497295
2025-10-03 14:00:00+00:00,30.81266008333333,47.343582
2025-10-03 15:00:00+00:00,35.60183941666667,46.264233
2025-10-03 16:00:00+00:00,37.27573666666667,45.21524
2025-10-03 17:00:00+00:00,42.19320891666667,43.82698
2025-10-03 18:00:00+00:00,43.90522208333334,42.06414
2025-10-03 19:00:00+00:00,50.424428583333345,42.54182
2025-10-03 20:00:00+00:00,53.3184225,50.667587
2025-10-03 21:00:00+00:00,79.90860108333334,61.541386
2025-10-03 22:00:00+00:00,119.52819608333334,64.53954
2025-10-03 23:00:00+00:00,103.58849158333334,60.092285
2025-10-04 00:00:00+00:00,54.241055916666674,51.37239
2025-10-04 01:00:00+00:00,45.232652333333334,42.816883
2025-10-04 02:00:00+00:00,38.79525308333333,35.919952
2025-10-04 03:00:00+00:00,34.13844266666667,30.605082
2025-10-04 04:00:00+00:00,36.62243841666666,26.399298
2025-10-04 05:00:00+00:00,28.693575,23.146702
2025-10-04 06:00:00+00:00,24.829792583333333,21.153719
2025-10-04 07:00:00+00:00,22.547978333333337,21.477007
2025-10-04 08:00:00+00:00,23.26141475,21.504
2025-10-04 09:00:00+00:00,25.072792416666672,21.741692
2025-10-04 10:00:00+00:00,28.734698166666664,23.310818
2025-10-04 11:00:00+00:00,34.962643166666666,27.460518
2025-10-04 12:00:00+00:00,25.561946583333334,32.783745
2025-10-04 13:00:00+00:00,23.133321499999994,36.273823
2025-10-04 14:00:00+00:00,24.969282250000003,38.002888
2025-10-04 15:00:00+00:00,28.922009916666664,38.73849
2025-10-04 16:00:00+00:00,32.16692716666667,38.712753
2025-10-04 17:00:00+00:00,35.03851683333333,38.71911
2025-10-04 18:00:00+00:00,39.217767083333335,38.646885
2025-10-04 19:00:00+00:00,43.215452666666664,38.418304
2025-10-04 20:00:00+00:00,50.623733833333326,41.462746
2025-10-04 21:00:00+00:00,79.53149808333333,50.32939
2025-10-04 22:00:00+00:00,118.43287866666667,56.21422
2025-10-04 23:00:00+00:00,89.41057366666666,55.435486
2025-10-05 00:00:00+00:00,52.36456958333333,50.138973
2025-10-05 01:00:00+00:00,40.71878225,43.55895
2025-10-05 02:00:00+00:00,37.74596258333333,37.584747
2025-10-05 03:00:00+00:00,30.195421,32.661068
2025-10-05 04:00:00+00:00,29.48320066666666,28.69109
2025-10-05 05:00:00+00:00,25.157352166666673,25.490795
2025-10-05 06:00:00+00:00,21.646010833333335,23.248434
2025-10-05 07:00:00+00:00,19.534787166666668,18.021143
2025-10-05 08:00:00+00:00,18.549429,17.504452
2025-10-05 09:00:00+00:00,20.256454416666667,17.043364
2025-10-05 10:00:00+00:00,25.268798166666667,17.455515
2025-10-05 11:00:00+00:00,27.51987241666667,20.354322
2025-10-05 12:00:00+00:00,22.761644333333333,26.068584
2025-10-05 13:00:00+00:00,20.216874083333337,31.368563
2025-10-05 14:00:00+00:00,22.286517333333336,34.36838
2025-10-05 15:00:00+00:00,25.616236333333333,35.6433
2025-10-05 16:00:00+00:00,28.916798416666662,35.79398
2025-10-05 17:00:00+00:00,34.5086845,36.012512
2025-10-05 18:00:00+00:00,37.00272883333333,36.510715
2025-10-05 19:00:00+00:00,41.360343416666666,37.47082
2025-10-05 20:00:00+00:00,48.49220716666667,41.901245
2025-10-05 21:00:00+00:00,85.95820258333333,51.985977
2025-10-05 22:00:00+00:00,123.95845983333334,59.050674
2025-10-05 23:00:00+00:00,85.42475166666668,58.16455
2025-10-06 00:00:00+00:00,48.652728833333335,51.590126
2025-10-06 01:00:00+00:00,40.37142083333333,43.550327
2025-10-06 02:00:00+00:00,34.59784533333333,36.659294
2025-10-06 03:00:00+00:00,30.56612925,31.244148
2025-10-06 04:00:00+00:00,24.63606475,26.91903
2025-10-06 05:00:00+00:00,21.140253083333334,23.434881
2025-10-06 06:00:00+00:00,19.63514791666667,21.071423
2025-10-06 07:00:00+00:00,19.951161416666668,17.344006
2025-10-06 08:00:00+00:00,21.98993858333333,18.491587
2025-10-06 09:00:00+00:00,28.688596416666666,21.509325
2025-10-06 10:00:00+00:00,39.45095275,28.575115
2025-10-06 11:00:00+00:00,56.056641750000004,38.044556
2025-10-06 12:00:00+00:00,38.23522491666667,44.19825
2025-10-06 13:00:00+00:00,33.404462,46.7367
2025-10-06 14:00:00+00:00,33.903775833333334,47.646362
2025-10-06 15:00:00+00:00,40.13026116666666,47.538242
2025-10-06 16:00:00+00:00,45.09170066666666,47.592403
2025-10-06 17:00:00+00:00,54.02734025,47.791206
2025-10-06 18:00:00+00:00,59.78695266666667,47.743027
2025-10-06 19:00:00+00:00,73.02277333333333,49.673286
2025-10-06 20:00:00+00:00,96.61849566666666,57.821312
2025-10-06 21:00:00+00:00,143.61983133333334,69.96524
2025-10-06 22:00:00+00:00,196.95144466666665,73.89697
2025-10-06 23:00:00+00:00,144.40241041666667,69.60738
2025-10-07 00:00:00+00:00,90.04202666666667,59.2714
2025-10-07 01:00:00+00:00,56.27953708333333,48.095943
2025-10-07 02:00:00+00:00,44.85022841666665,38.94678
2025-10-07 03:00:00+00:00,36.17114541666667,31.949465
2025-10-07 04:00:00+00:00,36.510730083333335,26.552383
2025-10-07 05:00:00+00:00,32.23002575,22.242682
2025-10-07 06:00:00+00:00,29.91939975,19.177137
2025-10-07 07:00:00+00:00,28.863038666666668,24.844185
2025-10-07 08:00:00+00:00,30.962477666666665,27.316711
2025-10-07 09:00:00+00:00,34.90303316666667,32.50468
2025-10-07 10:00:00+00:00,50.77892608333334,41.48045
2025-10-07 11:00:00+00:00,62.26992108333334,50.799305
2025-10-07 12:00:00+00:00,46.65351833333333,56.182583
2025-10-07 13:00:00+00:00,41.38662941666667,58.2924
2025-10-07 14:00:00+00:00,41.085287666666666,59.672913
2025-10-07 15:00:00+00:00,44.05356850000001,62.358524
2025-10-07 16:00:00+00:00,46.705738,66.09987
2025-10-07 17:00:00+00:00,50.98360416666666,69.089615
2025-10-07 18:00:00+00:00,52.7588,70.38304
2025-10-07 19:00:00+00:00,54.09441641666666,71.21225
2025-10-07 20:00:00+00:00,65.48485624999999,80.30124
2025-10-07 21:00:00+00:00,82.06254733333334,95.30504
2025-10-07 22:00:00+00:00,109.12751366666667,95.972
2025-10-07 23:00:00+00:00,109.37711408333332,86.09155
2025-10-08 00:00:00+00:00,74.02837233333334,74.39348
2025-10-08 01:00:00+00:00,55.11987133333333,63.298378
2025-10-08 02:00:00+00:00,46.60479241666667,52.261055
2025-10-08 03:00:00+00:00,39.50756508333333,42.28192
2025-10-08 04:00:00+00:00,39.49907508333333,34.403793
2025-10-08 05:00:00+00:00,33.01241008333333,28.760452
2025-10-08 06:00:00+00:00,28.562526666666667,25.464779
2025-10-08 07:00:00+00:00,26.797788333333333,24.527792
2025-10-08 08:00:00+00:00,28.072767083333332,26.172537
2025-10-08 09:00:00+00:00,32.772899833333334,30.171898
2025-10-08 10:00:00+00:00,46.24859016666666,38.83707
2025-10-08 11:00:00+00:00,62.363115666666666,50.166008
2025-10-08 12:00:00+00:00,50.54630233333334,57.620148
2025-10-08 13:00:00+00:00,43.98454133333333,60.356018
2025-10-08 14:00:00+00:00,39.8395515,60.626965
2025-10-08 15:00:00+00:00,37.25293625,58.93136
2025-10-08 16:00:00+00:00,37.894024083333335,56.71219
2025-10-08 17:00:00+00:00,37.45704166666667,55.190006
2025-10-08 18:00:00+00:00,35.596178916666666,52.89741
2025-10-08 19:00:00+00:00,34.21894925,49.602425
2025-10-08 20:00:00+00:00,36.054193,51.608784
2025-10-08 21:00:00+00:00,51.56056166666667,67.949005
2025-10-08 22:00:00+00:00,84.12401966666665,84.27661
2025-10-08 23:00:00+00:00,64.58132049999999,85.59108
2025-10-09 00:00:00+00:00,40.95824983333333,76.34874
2025-10-09 01:00:00+00:00,34.26929175,63.495678
2025-10-09 02:00:00+00:00,32.598388916666664,51.399895
2025-10-09 03:00:00+00:00,30.486830833333332,41.467903
2025-10-09 04:00:00+00:00,31.922072083333337,33.94371
2025-10-09 05:00:00+00:00,27.183546833333335,28.275984
2025-10-09 06:00:00+00:00,26.018334416666665,24.272148
2025-10-09 07:00:00+00:00,24.99120541666667,23.812061
2025-10-09 08:00:00+00:00,25.96469633333333,24.741898
2025-10-09 09:00:00+00:00,29.515578416666667,27.507221
2025-10-09 10:00:00+00:00,48.55779841666667,33.529655
2025-10-09 11:00:00+00:00,61.17096825,40.952663
2025-10-09 12:00:00+00:00,36.2554085,45.43054
2025-10-09 13:00:00+00:00,26.473794,45.26364
2025-10-09 14:00:00+00:00,28.22383108333333,41.913383
2025-10-09 15:00:00+00:00,30.089802416666668,37.832703
2025-10-09 16:00:00+00:00,29.854862999999998,34.39534
2025-10-09 17:00:00+00:00,28.99467475,31.945564
2025-10-09 18:00:00+00:00,28.185098916666664,30.390236
2025-10-09 19:00:00+00:00,29.04391141666667,30.947826
2025-10-09 20:00:00+00:00,31.214405333333332,36.895786
2025-10-09 21:00:00+00:00,52.92731191666667,47.171158
2025-10-09 22:00:00+00:00,99.28286975,55.047783
2025-10-09 23:00:00+00:00,92.05083558333332,55.08058
2025-10-10 00:00:00+00:00,56.479279166666664,47.781445
2025-10-10 01:00:00+00:00,46.15997591666667,38.434704
2025-10-10 02:00:00+00:00,41.36263816666666,31.019688
2025-10-10 03:00:00+00:00,35.47415616666667,25.803953
2025-10-10 04:00:00+00:00,29.372949666666663,22.099012
2025-10-10 05:00:00+00:00,25.02367933333333,19.635015
2025-10-10 06:00:00+00:00,23.293567,18.462132
2025-10-10 07:00:00+00:00,24.34752475,23.516243
2025-10-10 08:00:00+00:00,26.007487833333332,25.614388
2025-10-10 09:00:00+00:00,30.078621166666665,29.894197
2025-10-10 10:00:00+00:00,49.355063916666666,36.889606
2025-10-10 11:00:00+00:00,65.17374891666667,43.113297
2025-10-10 12:00:00+00:00,38.561922,45.294506
2025-10-10 13:00:00+00:00,30.505771000000003,44.01894
2025-10-10 14:00:00+00:00,30.506775166666667,41.11129
2025-10-10 15:00:00+00:00,30.332780333333336,38.141655
2025-10-10 16:00:00+00:00,30.220495083333333,35.898598
2025-10-10 17:00:00+00:00,29.82175641666667,34.34647
2025-10-10 18:00:00+00:00,29.60252716666667,32.901367
2025-10-10 19:00:00+00:00,29.23509991666667,32.473217
2025-10-10 20:00:00+00:00,32.38448125,36.157646
2025-10-10 21:00:00+00:00,43.42301791666667,44.12849
2025-10-10 22:00:00+00:00,62.11480458333333,50.602116
2025-10-10 23:00:00+00:00,57.92250533333333,50.974808
2025-10-11 00:00:00+00:00,40.848179583333334,45.590313
2025-10-11 01:00:00+00:00,39.15140383333333,38.197437
2025-10-11 02:00:00+00:00,37.48546833333334,32.19542
2025-10-11 03:00:00+00:00,31.957132666666666,27.829142
2025-10-11 04:00:00+00:00,42.9305665,24.540743
2025-10-11 05:00:00+00:00,35.42350416666667,22.223305
2025-10-11 06:00:00+00:00,29.75925725,20.92583
2025-10-11 07:00:00+00:00,28.751746249999993,28.094849
2025-10-11 08:00:00+00:00,30.43598108333333,28.144806
2025-10-11 09:00:00+00:00,32.347220916666664,28.649832
2025-10-11 10:00:00+00:00,37.303500166666666,30.506802
2025-10-11 11:00:00+00:00,46.12531258333335,33.963856
2025-10-11 12:00:00+00:00,46.64174883333334,37.110794
2025-10-11 13:00:00+00:00,39.787515416666665,38.19877
2025-10-11 14:00:00+00:00,35.37147958333333,37.121994
2025-10-11 15:00:00+00:00,34.923471416666665,34.952946
2025-10-11 16:00:00+00:00,36.57777491666666,32.638657
2025-10-11 17:00:00+00:00,36.58845,30.532772
2025-10-11 18:00:00+00:00,35.560729,28.801828
2025-10-11 19:00:00+00:00,37.56018591666667,27.82021
2025-10-11 20:00:00+00:00,40.22938283333333,28.183144
2025-10-11 21:00:00+00:00,52.31796083333333,31.168594
2025-10-11 22:00:00+00:00,70.22406858333333,37.03878
2025-10-11 23:00:00+00:00,67.5936495,41.810486
2025-10-12 00:00:00+00:00,47.13025033333333,42.538136
2025-10-12 01:00:00+00:00,40.15969725,39.497627
2025-10-12 02:00:00+00:00,39.09640258333334,34.900352
2025-10-12 03:00:00+00:00,32.780342499999996,30.97358
2025-10-12 04:00:00+00:00,38.53712958333333,28.28601
2025-10-12 05:00:00+00:00,34.494396583333334,26.53044
2025-10-12 06:00:00+00:00,25.80710175,25.451145
2025-10-12 07:00:00+00:00,25.288734083333335,23.286957
2025-10-12 08:00:00+00:00,25.70918491666667,22.83326
2025-10-12 09:00:00+00:00,26.528012249999996,22.456257
2025-10-12 10:00:00+00:00,30.371548833333335,22.67372
2025-10-12 11:00:00+00:00,34.434545416666666,24.63087
2025-10-12 12:00:00+00:00,36.24422325,28.999908
2025-10-12 13:00:00+00:00,35.739106416666665,33.488537
2025-10-12 14:00:00+00:00,40.987935416666666,35.801468
2025-10-12 15:00:00+00:00,43.23629091666667,36.257076
2025-10-12 16:00:00+00:00,39.47672983333333,35.643646
2025-10-12 17:00:00+00:00,40.92103216666667,34.947334
2025-10-12 18:00:00+00:00,40.882907749999994,34.414055
2025-10-12 19:00:00+00:00,44.036324083333334,33.74617
2025-10-12 20:00:00+00:00,46.57280791666667,33.893745
2025-10-12 21:00:00+00:00,57.388754166666665,38.43518
2025-10-12 22:00:00+00:00,79.91946116666666,46.764484
2025-10-12 23:00:00+00:00,82.89614583333334,50.616356
2025-10-13 00:00:00+00:00,53.91535158333335,48.809223
2025-10-13 01:00:00+00:00,45.1496785,43.54021
2025-10-13 02:00:00+00:00,41.922220583333335,37.99175
2025-10-13 03:00:00+00:00,36.90126,33.585495
2025-10-13 04:00:00+00:00,32.80354016666667,30.243858
2025-10-13 05:00:00+00:00,27.409505666666664,27.650692
2025-10-13 06:00:00+00:00,25.83998558333333,25.834248
2025-10-13 07:00:00+00:00,25.95908475,24.764862
2025-10-13 08:00:00+00:00,28.65059791666667,25.503464
2025-10-13 09:00:00+00:00,32.196062833333336,28.03996
2025-10-13 10:00:00+00:00,48.757938583333335,35.59728
2025-10-13 11:00:00+00:00,58.91943933333334,44.936325
2025-10-13 12:00:00+00:00,52.565428999999995,49.574715
2025-10-13 13:00:00+00:00,46.23666324999999,51.328102
2025-10-13 14:00:00+00:00,44.99031291666665,51.86996
2025-10-13 15:00:00+00:00,47.46166425000001,51.70332
2025-10-13 16:00:00+00:00,46.236213416666665,51.383934
2025-10-13 17:00:00+00:00,49.67081291666667,50.840805
2025-10-13 18:00:00+00:00,49.17286991666666,50.68644
2025-10-13 19:00:00+00:00,49.960540333333334,52.77901
2025-10-13 20:00:00+00:00,56.509556583333335,57.403008
2025-10-13 21:00:00+00:00,75.74544350000001,61.79708
2025-10-13 22:00:00+00:00,124.74423025,62.918846
2025-10-13 23:00:00+00:00,129.77430708333335,61.397118
2025-10-14 00:00:00+00:00,70.06831675,56.884186
2025-10-14 01:00:00+00:00,53.531541583333336,49.757103
2025-10-14 02:00:00+00:00,48.343056999999995,42.695477
2025-10-14 03:00:00+00:00,44.05062108333333,37.16736
2025-10-14 04:00:00+00:00,34.46044083333333,33.056572
2025-10-14 05:00:00+00:00,29.711545833333332,29.853394
2025-10-14 06:00:00+00:00,25.59306375,27.552143
2025-10-14 07:00:00+00:00,25.26051683333333,24.549221
2025-10-14 08:00:00+00:00,28.495476166666666,25.970291
2025-10-14 09:00:00+00:00,32.424293416666664,29.39729
2025-10-14 10:00:00+00:00,50.84061691666667,37.149796
2025-10-14 11:00:00+00:00,73.30417116666666,46.09324
2025-10-14 12:00:00+00:00,53.04541816666667,51.029625
2025-10-14 13:00:00+00:00,38.92586566666667,53.140385
2025-10-14 14:00:00+00:00,39.70915825,54.21852
2025-10-14 15:00:00+00:00,38.37351616666667,54.58853
2025-10-14 16:00:00+00:00,39.852908750000005,54.752487
2025-10-14 17:00:00+00:00,40.21692958333333,54.46195
2025-10-14 18:00:00+00:00,40.34909175,53.84028
2025-10-14 19:00:00+00:00,39.75294175,54.81129
2025-10-14 20:00:00+00:00,45.72095216666667,60.64136
2025-10-14 21:00:00+00:00,65.14483433333334,69.145905
2025-10-14 22:00:00+00:00,101.89396825000001,72.269615
2025-10-14 23:00:00+00:00,94.67027833333333,70.13828
2025-10-15 00:00:00+00:00,50.23063691666667,63.24153
2025-10-15 01:00:00+00:00,43.98466283333333,53.97984
2025-10-15 02:00:00+00:00,37.738353249999996,45.673412
2025-10-15 03:00:00+00:00,33.5312445,39.10152
2025-10-15 04:00:00+00:00,33.13653033333333,33.988316
2025-10-15 05:00:00+00:00,31.202987249999996,29.884281
2025-10-15 06:00:00+00:00,28.002507333333327,26.879665
2025-10-15 07:00:00+00:00,28.144653333333334,27.179415
2025-10-15 08:00:00+00:00,30.81519341666667,28.669909
2025-10-15 09:00:00+00:00,34.54895741666667,32.572777
2025-10-15 10:00:00+00:00,56.41521508333333,41.833153
2025-10-15 11:00:00+00:00,74.9400965,53.54385
2025-10-15 12:00:00+00:00,45.512303333333335,59.27316
2025-10-15 13:00:00+00:00,33.450921,58.65239
2025-10-15 14:00:00+00:00,32.47656608333333,54.30546
2025-10-15 15:00:00+00:00,36.6042245,49.06159
2025-10-15 16:00:00+00:00,37.75838508333333,44.715046
2025-10-15 17:00:00+00:00,38.2456915,41.664253
2025-10-15 18:00:00+00:00,37.248453000000005,39.132904
2025-10-15 19:00:00+00:00,37.29738525,37.474625
2025-10-15 20:00:00+00:00,40.43547566666667,41.07505
2025-10-15 21:00:00+00:00,61.4695635,53.64193
2025-10-15 22:00:00+00:00,91.93684408333333,64.79137
2025-10-15 23:00:00+00:00,84.39928716666665,66.48181
2025-10-16 00:00:00+00:00,55.006100333333336,59.9643
2025-10-16 01:00:00+00:00,41.49731166666667,49.411613
2025-10-16 02:00:00+00:00,37.89062475,40.46495
2025-10-16 03:00:00+00:00,33.956937,34.31341
2025-10-16 04:00:00+00:00,31.659452916666666,29.935225
2025-10-16 05:00:00+00:00,28.274219833333333,26.736122
2025-10-16 06:00:00+00:00,26.930660333333332,24.763626
2025-10-16 07:00:00+00:00,26.7707075,26.045238
2025-10-16 08:00:00+00:00,28.092337583333332,27.296257
2025-10-16 09:00:00+00:00,32.765605666666666,30.559101
2025-10-16 10:00:00+00:00,54.55856433333334,37.46481
2025-10-16 11:00:00+00:00,77.88216625,45.546803
2025-10-16 12:00:00+00:00,40.32595991666667,49.777515
2025-10-16 13:00:00+00:00,26.81304366666667,49.76813
2025-10-16 14:00:00+00:00,27.19553825,47.233994
2025-10-16 15:00:00+00:00,27.640119583333334,44.01611
2025-10-16 16:00:00+00:00,28.849279,41.229385
2025-10-16 17:00:00+00:00,29.0400455,39.169308
2025-10-16 18:00:00+00:00,28.60329708333333,37.252617
2025-10-16 19:00:00+00:00,28.79434175,35.757156
2025-10-16 20:00:00+00:00,29.754556249999997,38.090794
2025-10-16 21:00:00+00:00,46.994704500000005,46.964558
2025-10-16 22:00:00+00:00,71.47337666666667,55.877743
2025-10-16 23:00:00+00:00,64.76598125,58.053875
2025-10-17 00:00:00+00:00,43.22640924999999,53.55704
2025-10-17 01:00:00+00:00,36.98472725,45.522568
2025-10-17 02:00:00+00:00,34.5910365,38.235172
2025-10-17 03:00:00+00:00,30.52915683333333,32.895187
2025-10-17 04:00:00+00:00,32.70749891666667,28.916548
2025-10-17 05:00:00+00:00,29.57979075,25.93517
2025-10-17 06:00:00+00:00,27.399396749999998,24.041227
2025-10-17 07:00:00+00:00,26.4350385,27.025547
2025-10-17 08:00:00+00:00,28.70081325,28.314072
2025-10-17 09:00:00+00:00,36.70026583333333,31.373741
2025-10-17 10:00:00+00:00,61.35384825,37.34198
2025-10-17 11:00:00+00:00,92.15213441666667,43.53751
2025-10-17 12:00:00+00:00,48.213569500000006,45.768593
2025-10-17 13:00:00+00:00,29.51833975,44.016247
2025-10-17 14:00:00+00:00,29.515988749999998,40.478645
2025-10-17 15:00:00+00:00,29.47377891666666,36.958138
2025-10-17 16:00:00+00:00,29.959670999999997,34.24913
2025-10-17 17:00:00+00:00,29.758373416666668,32.43135
2025-10-17 18:00:00+00:00,29.435878499999998,31.155987
2025-10-17 19:00:00+00:00,30.24085775,30.865318
2025-10-17 20:00:00+00:00,33.50881125,33.79381
2025-10-17 21:00:00+00:00,52.38752575,40.490498
2025-10-17 22:00:00+00:00,66.65672666666667,46.966473
2025-10-17 23:00:00+00:00,55.08798241666667,49.01572
2025-10-18 00:00:00+00:00,40.146791916666665,45.306583
2025-10-18 01:00:00+00:00,36.94860308333333,38.701008
2025-10-18 02:00:00+00:00,34.41959008333333,32.996445
2025-10-18 03:00:00+00:00,30.63532475,29.024216
2025-10-18 04:00:00+00:00,33.05449458333333,26.234838
2025-10-18 05:00:00+00:00,30.45420708333333,24.33174
2025-10-18 06:00:00+00:00,26.088144166666662,23.290394
2025-10-18 07:00:00+00:00,25.993959999999998,24.498096
2025-10-18 08:00:00+00:00,26.859026166666663,24.179762
2025-10-18 09:00:00+00:00,29.50273675,24.109625
2025-10-18 10:00:00+00:00,33.54489375,25.137913
2025-10-18 11:00:00+00:00,40.16834866666667,28.184149
2025-10-18 12:00:00+00:00,36.198504666666665,32.194355
2025-10-18 13:00:00+00:00,27.856846166666667,34.595432
2025-10-18 14:00:00+00:00,27.798606333333336,34.43999
2025-10-18 15:00:00+00:00,28.461271916666664,32.72347
2025-10-18 16:00:00+00:00,31.441648749999995,30.611336
2025-10-18 17:00:00+00:00,32.07842725,28.662663
2025-10-18 18:00:00+00:00,31.93405725,27.175583
2025-10-18 19:00:00+00:00,34.99795216666667,26.550327
2025-10-18 20:00:00+00:00,44.47994308333333,27.571033
2025-10-18 21:00:00+00:00,67.06764958333333,31.297222
2025-10-18 22:00:00+00:00,83.33501041666666,36.574917
2025-10-18 23:00:00+00:00,63.29352333333333,40.442417
2025-10-19 00:00:00+00:00,42.77091166666667,40.50742
2025-10-19 01:00:00+00:00,43.54883391666666,36.955376
2025-10-19 02:00:00+00:00,37.443786333333335,32.323383
2025-10-19 03:00:00+00:00,32.72843966666667,28.610958
2025-10-19 04:00:00+00:00,31.88701275,25.973175
2025-10-19 05:00:00+00:00,27.00064391666666,24.115704
2025-10-19 06:00:00+00:00,24.692368416666667,22.94279
2025-10-19 07:00:00+00:00,22.944504416666664,21.935913
2025-10-19 08:00:00+00:00,22.87376083333334,21.529522
2025-10-19 09:00:00+00:00,22.401417833333337,21.114592
2025-10-19 10:00:00+00:00,24.40302358333333,21.22295
2025-10-19 11:00:00+00:00,28.75404466666667,23.033735
2025-10-19 12:00:00+00:00,25.617604583333332,27.371136
2025-10-19 13:00:00+00:00,23.848243999999998,31.86858
2025-10-19 14:00:00+00:00,24.33940216666667,34.157536
2025-10-19 15:00:00+00:00,24.944882333333332,34.853867
2025-10-19 16:00:00+00:00,25.948957916666668,34.704346
2025-10-19 17:00:00+00:00,26.28012075,34.487247
2025-10-19 18:00:00+00:00,25.9992745,34.29124
2025-10-19 19:00:00+00:00,27.233077750000007,33.940723
2025-10-19 20:00:00+00:00,34.17736775,35.776474
2025-10-19 21:00:00+00:00,44.09448533333333,43.329895
2025-10-19 22:00:00+00:00,61.35971849999999,50.288086
2025-10-19 23:00:00+00:00,66.02068258333334,50.942482
2025-10-20 00:00:00+00:00,47.42355525,46.783627
2025-10-20 01:00:00+00:00,39.67764433333333,40.928192
2025-10-20 02:00:00+00:00,36.07605175,35.715717
2025-10-20 03:00:00+00:00,29.576881166666663,31.632917
2025-10-20 04:00:00+00:00,27.471458916666666,28.443192
2025-10-20 05:00:00+00:00,24.672648499999998,26.008297
2025-10-20 06:00:00+00:00,23.583574,24.521221
2025-10-20 07:00:00+00:00,23.347828250000003,22.92848
2025-10-20 08:00:00+00:00,26.079069833333335,24.0
2025-10-20 09:00:00+00:00,30.79622516666667,26.952267
2025-10-20 10:00:00+00:00,53.82060091666667,34.49644
2025-10-20 11:00:00+00:00,86.5729525,43.882473
2025-10-20 12:00:00+00:00,51.05451324999999,48.259872
2025-10-20 13:00:00+00:00,33.75828833333333,48.65115
2025-10-20 14:00:00+00:00,31.174339500000002,46.95269
2025-10-20 15:00:00+00:00,30.874397583333334,44.43714
2025-10-20 16:00:00+00:00,28.83470416666667,42.075233
2025-10-20 17:00:00+00:00,27.885865333333335,40.17656
2025-10-20 18:00:00+00:00,27.61517958333333,38.185406
2025-10-20 19:00:00+00:00,26.676273499999997,36.241886
2025-10-20 20:00:00+00:00,31.62487458333333,37.336052
2025-10-20 21:00:00+00:00,50.8726435,45.46833
2025-10-20 22:00:00+00:00,74.713196,54.114586
2025-10-20 23:00:00+00:00,69.50424741666667,55.94394
2025-10-21 00:00:00+00:00,49.56253658333333,52.71331
2025-10-21 01:00:00+00:00,37.97441825,45.739094
2025-10-21 02:00:00+00:00,33.94009783333333,38.360516
2025-10-21 03:00:00+00:00,30.57610875,32.660553
2025-10-21 04:00:00+00:00,30.449161,28.62384
2025-10-21 05:00:00+00:00,25.871771249999995,25.591599
2025-10-21 06:00:00+00:00,24.37169516666667,23.290037
2025-10-21 07:00:00+00:00,24.830460166666665,24.299938
2025-10-21 08:00:00+00:00,26.399772666666667,25.96526
2025-10-21 09:00:00+00:00,30.466245583333333,29.544872
2025-10-21 10:00:00+00:00,58.85126508333334,35.401375
2025-10-21 11:00:00+00:00,82.26235675000001,40.482147
2025-10-21 12:00:00+00:00,49.47433383333334,42.421474
2025-10-21 13:00:00+00:00,26.905612583333333,41.86196
2025-10-21 14:00:00+00:00,28.261979999999998,39.798832
2025-10-21 15:00:00+00:00,26.734488499999998,37.24712
2025-10-21 16:00:00+00:00,26.10365941666667,34.92277
2025-10-21 17:00:00+00:00,26.171093583333334,33.185253
2025-10-21 18:00:00+00:00,26.00639683333333,31.694118
2025-10-21 19:00:00+00:00,25.77185883333333,30.018034
2025-10-21 20:00:00+00:00,31.904937,29.694107
2025-10-21 21:00:00+00:00,51.28249091666667,34.063503
2025-10-21 22:00:00+00:00,64.84243500000001,42.033478
2025-10-21 23:00:00+00:00,64.61074158333334,46.363277
2025-10-22 00:00:00+00:00,49.373525333333326,45.215263
2025-10-22 01:00:00+00:00,41.77391383333333,40.170494
2025-10-22 02:00:00+00:00,34.684521249999996,34.372383
2025-10-22 03:00:00+00:00,29.70749425,29.762577
2025-10-22 04:00:00+00:00,30.010676,26.433638
2025-10-22 05:00:00+00:00,26.023581333333336,23.96939
2025-10-22 06:00:00+00:00,23.63122033333333,22.22924
2025-10-22 07:00:00+00:00,23.435300416666664,22.483585
2025-10-22 08:00:00+00:00,26.153770333333334,23.498793
2025-10-22 09:00:00+00:00,35.8301845,26.231876
2025-10-22 10:00:00+00:00,55.802328083333336,33.139854
2025-10-22 11:00:00+00:00,73.81599108333333,42.732376
2025-10-22 12:00:00+00:00,49.12598558333334,47.88836
2025-10-22 13:00:00+00:00,27.929209333333333,48.222404
2025-10-22 14:00:00+00:00,30.011370583333328,45.612534
2025-10-22 15:00:00+00:00,29.947219583333332,41.828987
2025-10-22 16:00:00+00:00,29.897717500000002,38.445442
2025-10-22 17:00:00+00:00,30.01876058333333,35.93134
2025-10-22 18:00:00+00:00,29.10539866666667,33.665287
2025-10-22 19:00:00+00:00,28.858085916666667,31.272991
2025-10-22 20:00:00+00:00,30.909303249999997,30.805061
2025-10-22 21:00:00+00:00,47.8906335,36.102734
2025-10-22 22:00:00+00:00,78.71649883333333,45.93907
2025-10-22 23:00:00+00:00,87.47767066666667,52.19763
2025-10-23 00:00:00+00:00,58.894230666666665,51.182335
2025-10-23 01:00:00+00:00,44.41049075,44.352448
2025-10-23 02:00:00+00:00,40.23016875,36.519005
2025-10-23 03:00:00+00:00,35.28211666666667,30.640104
2025-10-23 04:00:00+00:00,37.67015275,26.599995
2025-10-23 05:00:00+00:00,36.591493166666666,23.73326
2025-10-23 06:00:00+00:00,35.06542725,21.833141
2025-10-23 07:00:00+00:00,35.36029325,32.817978
2025-10-23 08:00:00+00:00,38.39877558333333,34.31043
2025-10-23 09:00:00+00:00,53.80599691666666,37.66213
2025-10-23 10:00:00+00:00,87.06337416666668,43.5955
2025-10-23 11:00:00+00:00,127.48298249999999,49.458973
2025-10-23 12:00:00+00:00,73.69681125,52.366814
2025-10-23 13:00:00+00:00,51.19079075,52.578865
2025-10-23 14:00:00+00:00,41.898047,50.91451
2025-10-23 15:00:00+00:00,41.37345916666667,48.20124
2025-10-23 16:00:00+00:00,40.859549916666666,45.43704
2025-10-23 17:00:00+00:00,40.10562733333334,43.046726
2025-10-23 18:00:00+00:00,38.65950608333333,40.64104
2025-10-23 19:00:00+00:00,38.43958925,37.95725
2025-10-23 20:00:00+00:00,42.596910083333334,36.41165
2025-10-23 21:00:00+00:00,61.91338516666667,37.910263
2025-10-23 22:00:00+00:00,94.97579758333335,45.8917
2025-10-23 23:00:00+00:00,111.29180633333334,56.39801
2025-10-24 00:00:00+00:00,78.22069083333334,57.940353
2025-10-24 01:00:00+00:00,67.45650816666667,53.523495
2025-10-24 02:00:00+00:00,62.620126416666665,47.00791
2025-10-24 03:00:00+00:00,58.216986999999996,40.481167
2025-10-24 04:00:00+00:00,45.15059325000001,35.510548
2025-10-24 05:00:00+00:00,39.59878,32.37021
2025-10-24 06:00:00+00:00,38.06283691666667,30.699818
2025-10-24 07:00:00+00:00,37.72399266666667,37.591156
2025-10-24 08:00:00+00:00,41.557914916666675,40.757652
2025-10-24 09:00:00+00:00,51.67784508333333,46.306637
2025-10-24 10:00:00+00:00,97.83156891666665,53.104942
2025-10-24 11:00:00+00:00,148.56574766666668,57.17557
2025-10-24 12:00:00+00:00,77.89979858333334,56.982803
2025-10-24 13:00:00+00:00,47.38588266666667,53.665306
2025-10-24 14:00:00+00:00,39.83984933333333,49.17998
2025-10-24 15:00:00+00:00,39.435136416666666,44.845337
2025-10-24 16:00:00+00:00,38.35369633333333,41.17377
2025-10-24 17:00:00+00:00,37.89861008333333,38.260586
2025-10-24 18:00:00+00:00,35.974455999999996,36.141487
2025-10-24 19:00:00+00:00,35.288943249999996,35.013245
2025-10-24 20:00:00+00:00,36.75767975,35.87786
2025-10-24 21:00:00+00:00,49.67583075,42.015778
2025-10-24 22:00:00+00:00,74.98235841666667,53.466118
2025-10-24 23:00:00+00:00,77.71973125,59.713203
2025-10-25 00:00:00+00:00,57.483767583333325,56.99856
2025-10-25 01:00:00+00:00,50.87973725,49.205563
2025-10-25 02:00:00+00:00,47.21175208333333,41.25476
2025-10-25 03:00:00+00:00,40.966995833333335,35.47283
2025-10-25 04:00:00+00:00,53.781286083333335,31.897667
2025-10-25 05:00:00+00:00,47.39547041666667,29.946257
2025-10-25 06:00:00+00:00,44.819068,29.211279
2025-10-25 07:00:00+00:00,44.02083475,41.64669
2025-10-25 08:00:00+00:00,44.63137025,42.282555
2025-10-25 09:00:00+00:00,44.84413441666666,43.88658
2025-10-25 10:00:00+00:00,56.41901525,46.746536
2025-10-25 11:00:00+00:00,97.01835716666666,49.123913
2025-10-25 12:00:00+00:00,68.46010708333334,49.07493
2025-10-25 13:00:00+00:00,44.99489341666666,46.85768
2025-10-25 14:00:00+00:00,43.338960500000006,43.77375
2025-10-25 15:00:00+00:00,39.41426525,40.525234
2025-10-25 16:00:00+00:00,39.16188225,37.306335
2025-10-25 17:00:00+00:00,37.39346508333333,34.473583
2025-10-25 18:00:00+00:00,36.70281133333334,32.646294
2025-10-25 19:00:00+00:00,37.45396791666666,32.569695
2025-10-25 20:00:00+00:00,40.16928108333333,35.53831
2025-10-25 21:00:00+00:00,48.951379,41.857536
2025-10-25 22:00:00+00:00,66.70094350000001,46.737423
2025-10-25 23:00:00+00:00,67.69965916666666,47.359497
2025-10-26 00:00:00+00:00,56.25056683333333,43.973213
2025-10-26 01:00:00+00:00,49.179243750000005,38.787323
2025-10-26 02:00:00+00:00,46.18660608333334,34.329586
2025-10-26 03:00:00+00:00,41.91881733333333,31.662369
2025-10-26 04:00:00+00:00,41.334179416666665,30.75695
2025-10-26 05:00:00+00:00,38.233834,31.097038
2025-10-26 06:00:00+00:00,34.15405725,31.947578
2025-10-26 07:00:00+00:00,32.253101916666665,31.878307
2025-10-26 08:00:00+00:00,34.94694358333333,30.792997
2025-10-26 09:00:00+00:00,34.492356666666666,29.708075
2025-10-26 10:00:00+00:00,41.52194074999999,29.80973
2025-10-26 11:00:00+00:00,54.22139833333333,32.716003
2025-10-26 12:00:00+00:00,53.13511625,38.120266
2025-10-26 13:00:00+00:00,35.89406266666666,42.079346
2025-10-26 14:00:00+00:00,32.639258000000005,42.05744
2025-10-26 15:00:00+00:00,30.722019083333333,39.689728
2025-10-26 16:00:00+00:00,30.628327083333332,36.790817
2025-10-26 17:00:00+00:00,29.334063583333332,34.067787
2025-10-26 18:00:00+00:00,29.298355250000004,32.061188
2025-10-26 19:00:00+00:00,30.257866833333335,31.593824
2025-10-26 20:00:00+00:00,34.51553233333333,33.803673
2025-10-26 21:00:00+00:00,42.866808000000006,39.676456
2025-10-26 22:00:00+00:00,65.11324241666667,47.466896
2025-10-26 23:00:00+00:00,63.951816416666674,53.387867
2025-10-27 00:00:00+00:00,51.03105766666667,53.396492
2025-10-27 01:00:00+00:00,40.646872333333334,47.61421
2025-10-27 02:00:00+00:00,39.83573833333333,40.806244
2025-10-27 03:00:00+00:00,34.84177125,35.861214
2025-10-27 04:00:00+00:00,32.11752258333333,32.62404
2025-10-27 05:00:00+00:00,31.079243916666666,30.628168
2025-10-27 06:00:00+00:00,30.116957083333332,29.692211
2025-10-27 07:00:00+00:00,30.159251583333333,29.491716
2025-10-27 08:00:00+00:00,31.77071525,31.48936
2025-10-27 09:00:00+00:00,38.138519,37.162926
2025-10-27 10:00:00+00:00,55.214563333333324,49.96169
2025-10-27 11:00:00+00:00,85.87038466666667,62.139404
2025-10-27 12:00:00+00:00,65.31571058333333,66.3669
2025-10-27 13:00:00+00:00,42.71694033333334,64.71278
2025-10-27 14:00:00+00:00,38.792221250000004,59.927616
2025-10-27 15:00:00+00:00,41.933639083333325,54.231308
2025-10-27 16:00:00+00:00,37.765840250000004,49.12574
2025-10-27 17:00:00+00:00,37.609953,45.180943
2025-10-27 18:00:00+00:00,37.055399083333334,41.771782
2025-10-27 19:00:00+00:00,37.30880558333333,38.810734
2025-10-27 20:00:00+00:00,42.62664158333333,39.300022
2025-10-27 21:00:00+00:00,57.427502583333336,47.91281
2025-10-27 22:00:00+00:00,78.45832583333333,60.796677
2025-10-27 23:00:00+00:00,77.69866158333333,67.21993
2025-10-28 00:00:00+00:00,55.34312366666666,65.192
2025-10-28 01:00:00+00:00,44.34583325,56.556976
2025-10-28 02:00:00+00:00,41.98574875,46.52703
2025-10-28 03:00:00+00:00,36.51665283333333,38.987617
2025-10-28 04:00:00+00:00,34.75847891666667,33.746742
2025-10-28 05:00:00+00:00,32.70515508333333,30.014936
2025-10-28 06:00:00+00:00,31.0822615,27.677874
2025-10-28 07:00:00+00:00,31.740859249999996,31.087032
2025-10-28 08:00:00+00:00,34.45860366666667,33.01085
2025-10-28 09:00:00+00:00,40.739605833333336,37.46014
2025-10-28 10:00:00+00:00,56.71278783333332,44.90298
2025-10-28 11:00:00+00:00,98.82616233333333,50.68929
2025-10-28 12:00:00+00:00,72.21169541666667,52.458706
2025-10-28 13:00:00+00:00,56.938890166666674,51.55296
2025-10-28 14:00:00+00:00,47.41697391666667,49.256878
2025-10-28 15:00:00+00:00,44.480575249999994,46.61589
2025-10-28 16:00:00+00:00,44.81941441666667,44.291225
2025-10-28 17:00:00+00:00,42.221105666666666,42.485806
2025-10-28 18:00:00+00:00,40.67501775,40.70006
2025-10-28 19:00:00+00:00,40.66210075,38.78058
2025-10-28 20:00:00+00:00,43.770823,38.742916
2025-10-28 21:00:00+00:00,54.87835333333334,43.62657
2025-10-28 22:00:00+00:00,88.45365274999999,51.02858
2025-10-28 23:00:00+00:00,78.8970895,54.946217
2025-10-29 00:00:00+00:00,54.34567941666666,53.745926
2025-10-29 01:00:00+00:00,45.29096058333334,48.556206
2025-10-29 02:00:00+00:00,40.835833916666665,42.504402
2025-10-29 03:00:00+00:00,37.89014366666667,37.69223
2025-10-29 04:00:00+00:00,34.042832833333335,34.13952
2025-10-29 05:00:00+00:00,31.919042583333333,31.4595
2025-10-29 06:00:00+00:00,29.442074,29.637539
2025-10-29 07:00:00+00:00,28.67853875,28.186079
2025-10-29 08:00:00+00:00,31.240718166666664,29.275995
2025-10-29 09:00:00+00:00,34.06451358333333,32.71668
2025-10-29 10:00:00+00:00,56.424114083333336,42.09946
2025-10-29 11:00:00+00:00,81.70824125,53.268196
2025-10-29 12:00:00+00:00,71.88965424999999,58.04191
2025-10-29 13:00:00+00:00,53.22460408333333,57.757572
2025-10-29 14:00:00+00:00,46.34064675,54.54689
2025-10-29 15:00:00+00:00,44.88631675,50.30809
2025-10-29 16:00:00+00:00,41.61188716666667,46.499332
2025-10-29 17:00:00+00:00,43.913081000000005,43.555363
2025-10-29 18:00:00+00:00,41.849707083333335,40.910084
2025-10-29 19:00:00+00:00,43.003600500000005,38.58306
2025-10-29 20:00:00+00:00,49.0189495,39.250202
2025-10-29 21:00:00+00:00,56.739180833333336,46.288216
2025-10-29 22:00:00+00:00,73.585315,55.91983
2025-10-29 23:00:00+00:00,69.62667241666666,60.693913
2025-10-30 00:00:00+00:00,52.87013316666667,58.662815
2025-10-30 01:00:00+00:00,46.56375375,51.259056
2025-10-30 02:00:00+00:00,42.80072766666667,43.067974
2025-10-30 03:00:00+00:00,39.25211016666667,37.014355
2025-10-30 04:00:00+00:00,40.03755575,32.77992
2025-10-30 05:00:00+00:00,37.23559891666667,29.767803
2025-10-30 06:00:00+00:00,34.44029691666666,27.895853
2025-10-30 07:00:00+00:00,34.41092725,32.836346
2025-10-30 08:00:00+00:00,36.514471,33.58631
2025-10-30 09:00:00+00:00,44.45580883333332,36.02471
2025-10-30 10:00:00+00:00,63.93313383333333,43.054314
2025-10-30 11:00:00+00:00,79.33485175,53.129734
2025-10-30 12:00:00+00:00,78.28106533333333,58.638268
2025-10-30 13:00:00+00:00,72.037194,58.982685
2025-10-30 14:00:00+00:00,67.27948983333333,56.230324
2025-10-30 15:00:00+00:00,63.49601983333333,52.41185
2025-10-30 16:00:00+00:00,57.270697,48.953686
2025-10-30 17:00:00+00:00,53.685261416666656,46.232548
2025-10-30 18:00:00+00:00,44.81452408333333,43.66123
2025-10-30 19:00:00+00:00,42.85898366666667,41.300148
2025-10-30 20:00:00+00:00,47.39993983333332,41.828365
2025-10-30 21:00:00+00:00,62.97956083333333,48.383373
2025-10-30 22:00:00+00:00,80.39935891666666,57.267273
2025-10-30 23:00:00+00:00,79.87294924999999,62.007275
2025-10-31 00:00:00+00:00,59.606926666666666,60.28392
2025-10-31 01:00:00+00:00,51.84767408333334,53.555313
2025-10-31 02:00:00+00:00,46.116850666666664,46.081673
2025-10-31 03:00:00+00:00,41.620772333333335,40.43319
2025-10-31 04:00:00+00:00,41.71609066333333,36.463104
2025-10-31 05:00:00+00:00,41.811408993333345,33.64935
2025-10-31 06:00:00+00:00,41.906727323333335,31.913082
2025-11-01 04:00:00+00:00,44.00373058333333,41.310905
2025-11-01 05:00:00+00:00,39.78816616666666,43.019356
2025-11-01 06:00:00+00:00,37.182309249999996,47.042538
2025-11-01 07:00:00+00:00,38.18841008333333,54.800316
2025-11-01 08:00:00+00:00,38.320201583333336,62.086887
2025-11-01 09:00:00+00:00,39.390629583333336,64.716484
2025-11-01 10:00:00+00:00,49.46599274999999,63.10814
2025-11-01 11:00:00+00:00,79.35433075,58.880272
2025-11-01 12:00:00+00:00,73.54405166666668,54.211998
2025-11-01 13:00:00+00:00,40.22393925,50.56718
2025-11-01 14:00:00+00:00,35.164234416666666,48.06707
2025-11-01 15:00:00+00:00,34.61034708333333,45.941975
2025-11-01 16:00:00+00:00,31.99305475,45.169804
2025-11-01 17:00:00+00:00,29.6740105,49.23963
2025-11-01 18:00:00+00:00,29.71757091666667,57.728542
2025-11-01 19:00:00+00:00,31.6715595,64.18436
2025-11-01 20:00:00+00:00,43.47896525,66.23882
2025-11-01 21:00:00+00:00,68.47673658333333,62.036507
2025-11-01 22:00:00+00:00,86.82715866666666,54.51073
2025-11-01 23:00:00+00:00,78.16178941666666,47.755295
2025-11-02 00:00:00+00:00,64.25082091666667,43.078423
2025-11-02 01:00:00+00:00,63.368320250000004,40.055878
2025-11-02 02:00:00+00:00,61.20865558333334,38.26215
2025-11-02 03:00:00+00:00,52.27204591666666,37.67342
2025-11-02 04:00:00+00:00,45.47544908333333,46.896267
2025-11-02 05:00:00+00:00,41.12552083333333,43.85515
2025-11-02 06:00:00+00:00,37.203586333333334,41.026268
2025-11-02 07:00:00+00:00,39.55128916666667,39.08216
2025-11-02 08:00:00+00:00,39.42149175,38.484985
2025-11-02 09:00:00+00:00,39.37171133333333,39.16996
2025-11-02 10:00:00+00:00,39.90289425,40.767303
2025-11-02 11:00:00+00:00,52.40329408333332,42.706112
2025-11-02 12:00:00+00:00,63.50979075,44.28895
2025-11-02 13:00:00+00:00,47.099991249999995,44.74751
2025-11-02 14:00:00+00:00,38.33099091666667,43.99632
2025-11-02 15:00:00+00:00,36.820111583333336,42.750183
2025-11-02 16:00:00+00:00,35.197826666666664,41.60233
2025-11-02 17:00:00+00:00,34.390651416666664,40.841545
2025-11-02 18:00:00+00:00,33.77038408333333,40.688316
2025-11-02 19:00:00+00:00,35.13608516666667,41.530556
2025-11-02 20:00:00+00:00,38.402861333333334,44.045753
2025-11-02 21:00:00+00:00,55.305506,47.971916
2025-11-02 22:00:00+00:00,76.49531016666667,50.123108
2025-11-02 23:00:00+00:00,74.35946625,49.624966
2025-11-03 00:00:00+00:00,68.7328045,48.468708
2025-11-03 01:00:00+00:00,54.066848083333326,47.957817
2025-11-03 02:00:00+00:00,45.55890633333333,48.3596
2025-11-03 03:00:00+00:00,39.07278433333334,48.927513
2025-11-03 04:00:00+00:00,37.71901233333333,35.710762
2025-11-03 05:00:00+00:00,35.34164483333333,33.375084
2025-11-03 06:00:00+00:00,30.818971583333337,31.386454
2025-11-03 07:00:00+00:00,29.177405416666673,30.218102
2025-11-03 08:00:00+00:00,28.734415916666666,30.259184
2025-11-03 09:00:00+00:00,31.177348999999996,31.578285
2025-11-03 10:00:00+00:00,41.13563724999999,34.613068
2025-11-03 11:00:00+00:00,60.834746083333336,40.19348
2025-11-03 12:00:00+00:00,86.24344774999999,46.455242
2025-11-03 13:00:00+00:00,52.48223333333333,50.090885
2025-11-03 14:00:00+00:00,42.25765125,50.792786
2025-11-03 15:00:00+00:00,37.48243875,50.10474
2025-11-03 16:00:00+00:00,36.991642250000005,49.15566
2025-11-03 17:00:00+00:00,36.21904975,48.211876
2025-11-03 18:00:00+00:00,35.03726966666667,47.001595
2025-11-03 19:00:00+00:00,34.39205991666667,45.62773
2025-11-03 20:00:00+00:00,36.447251,45.68769
2025-11-03 21:00:00+00:00,50.95929966666668,49.248272
2025-11-03 22:00:00+00:00,86.05992825,57.580036
2025-11-03 23:00:00+00:00,83.83501791666667,64.66441
2025-11-04 00:00:00+00:00,70.53862325,64.46373
2025-11-04 01:00:00+00:00,58.38589558333334,58.82603
2025-11-04 02:00:00+00:00,48.33138791666667,50.95767
2025-11-04 03:00:00+00:00,44.832027000000004,44.94967
2025-11-04 04:00:00+00:00,39.280827583333334,37.89784
2025-11-04 05:00:00+00:00,37.827391999999996,36.53528
2025-11-04 06:00:00+00:00,35.71598241666667,35.54953
2025-11-04 07:00:00+00:00,35.293646083333336,35.56106
2025-11-04 08:00:00+00:00,36.92102191666667,37.393227
2025-11-04 09:00:00+00:00,39.69839841666666,41.110588
2025-11-04 10:00:00+00:00,45.94311291666667,45.303818
2025-11-04 11:00:00+00:00,83.6503095,48.546078
2025-11-04 12:00:00+00:00,79.88025675,50.421303
2025-11-04 13:00:00+00:00,41.02198983333333,50.83657
2025-11-04 14:00:00+00:00,34.56069433333333,50.34618
2025-11-04 15:00:00+00:00,35.59502258333333,49.478718
2025-11-04 16:00:00+00:00,31.400179416666663,48.219124
2025-11-04 17:00:00+00:00,29.9649365,46.56301
2025-11-04 18:00:00+00:00,28.419287666666662,44.886234
2025-11-04 19:00:00+00:00,28.7236715,43.68347
2025-11-04 20:00:00+00:00,34.999384,43.506058
2025-11-04 21:00:00+00:00,48.19250241666666,45.12268
2025-11-04 22:00:00+00:00,76.16892591666667,49.630516
2025-11-04 23:00:00+00:00,62.98297333333333,55.058693
2025-11-05 00:00:00+00:00,50.26941333333334,54.187855
2025-11-05 01:00:00+00:00,41.427504,49.674103
2025-11-05 02:00:00+00:00,37.60014683333333,45.402668
2025-11-05 03:00:00+00:00,36.697529333333335,42.693302
2025-11-05 04:00:00+00:00,32.779394,32.797348
2025-11-05 05:00:00+00:00,31.295677166666668,30.730465
2025-11-05 06:00:00+00:00,28.270506166666667,28.988245
2025-11-05 07:00:00+00:00,26.319653666666667,28.054071
2025-11-05 08:00:00+00:00,27.576392583333337,28.384548
2025-11-05 09:00:00+00:00,29.700804333333334,30.49095
2025-11-05 10:00:00+00:00,33.7841225,34.67331
2025-11-05 11:00:00+00:00,58.61347908333334,39.56363
2025-11-05 12:00:00+00:00,53.667958750000004,42.615585
2025-11-05 13:00:00+00:00,32.26633425,43.266945
2025-11-05 14:00:00+00:00,27.301728833333332,42.651787
2025-11-05 15:00:00+00:00,29.282070750000006,41.596313
2025-11-05 16:00:00+00:00,29.205102333333333,40.298157
2025-11-05 17:00:00+00:00,29.451641499999997,38.749676
2025-11-05 18:00:00+00:00,29.260796166666665,37.219234
2025-11-05 19:00:00+00:00,29.429348333333333,36.307346
2025-11-05 20:00:00+00:00,34.67634066666667,37.34927
2025-11-05 21:00:00+00:00,55.64125933333333,42.60313
2025-11-05 22:00:00+00:00,78.7982955,48.400967
2025-11-05 23:00:00+00:00,65.72467458333334,48.61427
2025-11-06 00:00:00+00:00,59.62626741666667,44.595146
2025-11-06 01:00:00+00:00,49.5528235,39.636303
2025-11-06 02:00:00+00:00,46.09589033333333,36.10357
2025-11-06 03:00:00+00:00,41.224647583333336,34.08799
2025-11-06 04:00:00+00:00,35.763008750000004,33.461742
2025-11-06 05:00:00+00:00,35.704385333333335,31.975122
2025-11-06 06:00:00+00:00,33.07011858333333,30.913029
2025-11-06 07:00:00+00:00,32.534732166666664,30.741207
2025-11-06 08:00:00+00:00,33.952318749999996,32.155846
2025-11-06 09:00:00+00:00,35.860526916666664,35.52344
2025-11-06 10:00:00+00:00,40.60515866666667,39.96669
2025-11-06 11:00:00+00:00,72.64150041666666,43.95146
2025-11-06 12:00:00+00:00,78.86240683333334,46.886486
2025-11-06 13:00:00+00:00,42.1885975,48.66603
2025-11-06 14:00:00+00:00,33.99536716666667,49.070156
2025-11-06 15:00:00+00:00,34.761218,48.383823
2025-11-06 16:00:00+00:00,34.05352025,46.713318
2025-11-06 17:00:00+00:00,32.969871166666664,44.377674
2025-11-06 18:00:00+00:00,32.571914166666666,42.232147
2025-11-06 19:00:00+00:00,31.696520166666673,40.970608
2025-11-06 20:00:00+00:00,36.68784708333333,41.283
2025-11-06 21:00:00+00:00,55.76188391666667,44.6783
2025-11-06 22:00:00+00:00,78.62714133333334,52.24048
2025-11-06 23:00:00+00:00,71.296397,55.110004
2025-11-07 00:00:00+00:00,63.26992208333333,50.78842
2025-11-07 01:00:00+00:00,56.65450933333333,45.184258
2025-11-07 02:00:00+00:00,50.61212750000001,40.949028
2025-11-07 03:00:00+00:00,44.62116333333333,38.554638
2025-11-07 04:00:00+00:00,37.66192183333333,36.896484
2025-11-07 05:00:00+00:00,35.61057975,35.09972
2025-11-07 06:00:00+00:00,32.32835025,33.805954
2025-11-07 07:00:00+00:00,29.734842583333332,33.691696
2025-11-07 08:00:00+00:00,30.34068775,35.30163
2025-11-07 09:00:00+00:00,33.28365375,38.37294
2025-11-07 10:00:00+00:00,38.108939916666664,41.926693
2025-11-07 11:00:00+00:00,65.78065766666667,44.977345
2025-11-07 12:00:00+00:00,67.39280766666667,46.88319
2025-11-07 13:00:00+00:00,40.998847166666664,47.241417
2025-11-07 14:00:00+00:00,38.746330416666666,46.343513
2025-11-07 15:00:00+00:00,39.45610925,44.73555
2025-11-07 16:00:00+00:00,37.9627425,42.90932
2025-11-07 17:00:00+00:00,38.08364875,41.283993
2025-11-07 18:00:00+00:00,38.1121555,40.129726
2025-11-07 19:00:00+00:00,37.82318333333333,39.774506
2025-11-07 20:00:00+00:00,37.669397,40.983917
2025-11-07 21:00:00+00:00,50.86135108333334,44.985004
2025-11-07 22:00:00+00:00,68.87171675,48.178307
2025-11-07 23:00:00+00:00,55.412796250000014,46.813313
2025-11-08 00:00:00+00:00,47.01016575,44.36394
2025-11-08 01:00:00+00:00,44.753729,42.778545
2025-11-08 02:00:00+00:00,45.17424625,42.437153
2025-11-08 03:00:00+00:00,39.07764675,42.86016
2025-11-08 04:00:00+00:00,37.00978108333333,34.716026
2025-11-08 05:00:00+00:00,48.64972408333334,32.270607
2025-11-08 06:00:00+00:00,43.997920666666666,30.140766
2025-11-08 07:00:00+00:00,39.80847658333333,28.599337
2025-11-08 08:00:00+00:00,40.08164775,27.944412
2025-11-08 09:00:00+00:00,40.73466741666667,28.434658
2025-11-08 10:00:00+00:00,44.50739475000001,30.27097
2025-11-08 11:00:00+00:00,53.23230558333333,33.108704
2025-11-08 12:00:00+00:00,57.280360916666666,35.962986
2025-11-08 13:00:00+00:00,44.6845925,38.06054
2025-11-08 14:00:00+00:00,42.49011816666667,38.95034
2025-11-08 15:00:00+00:00,41.51425125000001,38.765167
2025-11-08 16:00:00+00:00,39.07783491666667,38.041058
2025-11-08 17:00:00+00:00,38.73448583333333,37.116386
2025-11-08 18:00:00+00:00,38.04233191666667,36.18951
2025-11-08 19:00:00+00:00,39.01875475,35.486816
2025-11-08 20:00:00+00:00,44.24263058333333,35.551758
2025-11-08 21:00:00+00:00,65.948764,37.786304
2025-11-08 22:00:00+00:00,81.43538108333333,42.547398
2025-11-08 23:00:00+00:00,72.37109758333334,44.47424
2025-11-09 00:00:00+00:00,62.94897841666667,42.58088
2025-11-09 01:00:00+00:00,59.29932825,39.42848
2025-11-09 02:00:00+00:00,53.985229583333336,36.764065
2025-11-09 03:00:00+00:00,45.86182358333333,35.28219
2025-11-09 04:00:00+00:00,42.00810808333333,40.67381
2025-11-09 05:00:00+00:00,36.760749249999996,38.260876
2025-11-09 06:00:00+00:00,32.386831666666666,36.076073
2025-11-09 07:00:00+00:00,29.336634,34.58002
2025-11-09 08:00:00+00:00,28.267979916666665,34.116043
2025-11-09 09:00:00+00:00,28.48347691666666,34.798096
2025-11-09 10:00:00+00:00,29.700004000000003,36.69474
2025-11-09 11:00:00+00:00,34.241158416666664,39.536556
2025-11-09 12:00:00+00:00,37.96335775,42.46411
2025-11-09 13:00:00+00:00,38.597374,44.579163
2025-11-09 14:00:00+00:00,39.10680466666667,45.326015
2025-11-09 15:00:00+00:00,37.38606633333333,44.829323
2025-11-09 16:00:00+00:00,38.5641265,43.777355
2025-11-09 17:00:00+00:00,39.14051008333333,42.68733
2025-11-09 18:00:00+00:00,37.4071225,41.899525
2025-11-09 19:00:00+00:00,37.09995983333334,41.753536
2025-11-09 20:00:00+00:00,40.021082416666665,42.68207
2025-11-09 21:00:00+00:00,50.741321166666665,45.518265
2025-11-09 22:00:00+00:00,68.14585433333333,50.64438
2025-11-09 23:00:00+00:00,63.59789866666667,52.1645
2025-11-10 00:00:00+00:00,58.38742241666666,49.843796
2025-11-10 01:00:00+00:00,55.621802083333336,47.214638
2025-11-10 02:00:00+00:00,48.77435616666667,45.610703
2025-11-10 03:00:00+00:00,42.98964683333333,45.288677
2025-11-10 04:00:00+00:00,38.64703633333333,36.790684
2025-11-10 05:00:00+00:00,35.70885916666666,35.451046
2025-11-10 06:00:00+00:00,33.089539083333335,34.527004
2025-11-10 07:00:00+00:00,30.902374166666664,34.304455
2025-11-10 08:00:00+00:00,33.155568083333335,35.371803
2025-11-10 09:00:00+00:00,38.13251075,38.581387
2025-11-10 10:00:00+00:00,43.99776591666667,43.970512
2025-11-10 11:00:00+00:00,66.01408483333334,49.29361
2025-11-10 12:00:00+00:00,77.72532983333333,52.987396
2025-11-10 13:00:00+00:00,62.87436883333333,55.02911
2025-11-10 14:00:00+00:00,55.189440749999996,55.462788
2025-11-10 15:00:00+00:00,54.96951008333334,54.694225
2025-11-10 16:00:00+00:00,51.028268499999996,53.11984
2025-11-10 17:00:00+00:00,53.775453666666664,50.897495
2025-11-10 18:00:00+00:00,50.20735549999999,48.890194
2025-11-10 19:00:00+00:00,46.30938975,48.310467
2025-11-10 20:00:00+00:00,50.23358433333333,49.487896
2025-11-10 21:00:00+00:00,69.84082191666667,51.755177
2025-11-10 22:00:00+00:00,116.05912533333331,56.91431
2025-11-10 23:00:00+00:00,112.88867333333333,62.851463
2025-11-11 00:00:00+00:00,104.33775958333332,60.6465
2025-11-11 01:00:00+00:00,84.4844675,54.494495
2025-11-11 02:00:00+00:00,67.41283583333333,48.933384
2025-11-11 03:00:00+00:00,62.88765708333333,45.304092
2025-11-11 04:00:00+00:00,59.36816124999999,50.042442
2025-11-11 05:00:00+00:00,54.81309458333334,47.51429
2025-11-11 06:00:00+00:00,50.0556905,46.38187
2025-11-11 07:00:00+00:00,45.49223791666666,46.98507
2025-11-11 08:00:00+00:00,45.36314991666667,49.909054
2025-11-11 09:00:00+00:00,52.273250999999995,54.384605
2025-11-11 10:00:00+00:00,66.41726275,58.677326
2025-11-11 11:00:00+00:00,123.51043491666667,61.869877
2025-11-11 12:00:00+00:00,142.09475858333334,64.268166
2025-11-11 13:00:00+00:00,69.983198,66.0306
2025-11-11 14:00:00+00:00,56.38070325,66.54838
2025-11-11 15:00:00+00:00,53.9266595,65.91521
2025-11-11 16:00:00+00:00,47.69474508333334,64.86515
2025-11-11 17:00:00+00:00,41.582194666666666,63.88836
2025-11-11 18:00:00+00:00,41.373709166666664,63.108
2025-11-11 19:00:00+00:00,40.339469,62.53492
2025-11-11 20:00:00+00:00,50.36083899999999,62.680447
2025-11-11 21:00:00+00:00,74.51180883333333,65.06608
2025-11-11 22:00:00+00:00,110.00043941666667,68.9186
2025-11-11 23:00:00+00:00,99.62882866666668,69.84839
2025-11-12 00:00:00+00:00,86.82842749999999,68.22949
2025-11-12 01:00:00+00:00,78.08417633333333,65.900505
2025-11-12 02:00:00+00:00,66.51227408333334,63.542187
2025-11-12 03:00:00+00:00,58.15485433333333,61.30921
2025-11-12 04:00:00+00:00,54.917946,45.49288
2025-11-12 05:00:00+00:00,45.88871641666666,42.2951
2025-11-12 06:00:00+00:00,38.60725766666667,40.049587
2025-11-12 07:00:00+00:00,37.08256433333333,40.012695
2025-11-12 08:00:00+00:00,36.607193083333335,42.91568
2025-11-12 09:00:00+00:00,39.436135416666666,48.672455
2025-11-12 10:00:00+00:00,45.70176291666667,56.048916
2025-11-12 11:00:00+00:00,84.20363241666666,62.52623
2025-11-12 12:00:00+00:00,91.93074758333334,65.70266
2025-11-12 13:00:00+00:00,47.308469583333334,65.27618
2025-11-12 14:00:00+00:00,38.16887608333334,62.814255
2025-11-12 15:00:00+00:00,37.88596916666667,59.645138
2025-11-12 16:00:00+00:00,33.456775416666666,56.57084
2025-11-12 17:00:00+00:00,32.4518835,53.9904
2025-11-12 18:00:00+00:00,30.81725708333333,52.112015
2025-11-12 19:00:00+00:00,29.690974083333334,51.304104
2025-11-12 20:00:00+00:00,33.6869965,52.53474
2025-11-12 21:00:00+00:00,53.6693845,57.98923
2025-11-12 22:00:00+00:00,80.34946916666667,66.15416
2025-11-12 23:00:00+00:00,64.56607916666667,68.36343
2025-11-13 00:00:00+00:00,54.24408283333332,66.668686
2025-11-13 01:00:00+00:00,47.763365,65.38505
2025-11-13 02:00:00+00:00,44.673307083333334,64.93508
2025-11-13 03:00:00+00:00,41.22543816666668,63.933594
2025-11-13 04:00:00+00:00,41.22738208333333,37.21533
2025-11-13 05:00:00+00:00,37.897218083333335,33.090965
2025-11-13 06:00:00+00:00,35.0427805,29.566248
2025-11-13 07:00:00+00:00,34.67398825,27.383812
2025-11-13 08:00:00+00:00,35.87670791666667,27.141666
2025-11-13 09:00:00+00:00,37.081342916666664,29.1978
2025-11-13 10:00:00+00:00,42.74916250000001,33.952435
2025-11-13 11:00:00+00:00,67.76816366666667,40.6575
2025-11-13 12:00:00+00:00,80.41868191666667,46.231785
2025-11-13 13:00:00+00:00,45.81134883333333,48.60383
2025-11-13 14:00:00+00:00,37.179369,48.637524
2025-11-13 15:00:00+00:00,42.06103916666667,47.694923
2025-11-13 16:00:00+00:00,39.83717733333334,46.433327
2025-11-13 17:00:00+00:00,36.366051,45.044434
2025-11-13 18:00:00+00:00,34.24315225,43.604828
2025-11-13 19:00:00+00:00,33.39111391666667,42.38179
2025-11-13 20:00:00+00:00,39.62118183333333,42.279682
2025-11-13 21:00:00+00:00,59.63829883333333,45.856804
2025-11-13 22:00:00+00:00,77.66051508333334,54.160366
2025-11-13 23:00:00+00:00,69.87179716666667,59.15508
2025-11-14 00:00:00+00:00,64.50780341666666,57.096542
2025-11-14 01:00:00+00:00,55.8261745,50.917603
2025-11-14 02:00:00+00:00,50.57631583333333,44.602013
2025-11-14 03:00:00+00:00,44.947230166666664,40.394608
2025-11-14 04:00:00+00:00,42.04345858333333,38.29814
2025-11-14 05:00:00+00:00,38.9990465,35.170616
2025-11-14 06:00:00+00:00,38.152247583333335,32.506424
2025-11-14 07:00:00+00:00,35.011946333333334,30.885767
2025-11-14 08:00:00+00:00,35.36618925,30.950644
2025-11-14 09:00:00+00:00,40.09878283333333,33.442535
2025-11-14 10:00:00+00:00,47.679365499999996,38.798485
2025-11-14 11:00:00+00:00,76.79681983333333,45.54935
2025-11-14 12:00:00+00:00,89.12830225,50.8259
2025-11-14 13:00:00+00:00,47.54618316666667,53.072132
2025-11-14 14:00:00+00:00,39.76546175,52.847755
2025-11-14 15:00:00+00:00,41.518799666666666,51.50783
2025-11-14 16:00:00+00:00,42.08846341666666,49.593216
2025-11-14 17:00:00+00:00,40.209793166666664,47.172874
2025-11-14 18:00:00+00:00,37.22002083333333,44.677387
2025-11-14 19:00:00+00:00,38.110964,42.878956
2025-11-14 20:00:00+00:00,46.40201425,43.076817
2025-11-14 21:00:00+00:00,63.43567783333332,48.556435
2025-11-14 22:00:00+00:00,76.49242641666667,57.884377
2025-11-14 23:00:00+00:00,58.68685416666667,60.04882
2025-11-15 00:00:00+00:00,50.961871333333335,55.286655
2025-11-15 01:00:00+00:00,51.53122583333334,48.396458
2025-11-15 02:00:00+00:00,46.11873,43.08161
2025-11-15 03:00:00+00:00,39.56736625,40.113224
2025-11-15 04:00:00+00:00,38.54617116666667,37.256718
2025-11-15 05:00:00+00:00,29.647518999999996,34.652683
2025-11-15 06:00:00+00:00,25.279336583333333,32.408764
2025-11-15 07:00:00+00:00,22.889722250000002,30.692623
2025-11-15 08:00:00+00:00,21.642235,29.80173
2025-11-15 09:00:00+00:00,23.147390333333334,29.96429
2025-11-15 10:00:00+00:00,23.969036333333335,31.388893
2025-11-15 11:00:00+00:00,28.12706516666667,34.27002
2025-11-15 12:00:00+00:00,30.815648749999998,37.925674
2025-11-15 13:00:00+00:00,26.85560325,40.836708
2025-11-15 14:00:00+00:00,25.084696583333336,42.13564
2025-11-15 15:00:00+00:00,26.174764999999997,42.15332
2025-11-15 16:00:00+00:00,26.937101333333334,41.577805
2025-11-15 17:00:00+00:00,26.081982833333335,40.743008
2025-11-15 18:00:00+00:00,25.304019583333332,39.79194
2025-11-15 19:00:00+00:00,25.594345416666666,39.02129
2025-11-15 20:00:00+00:00,27.250961833333335,39.355694
2025-11-15 21:00:00+00:00,32.92419758333333,42.8545
2025-11-15 22:00:00+00:00,39.591773249999996,49.050846
2025-11-15 23:00:00+00:00,33.47947191666667,51.41111
2025-11-16 00:00:00+00:00,31.383048416666668,49.28021
2025-11-16 01:00:00+00:00,30.314688,45.025696
2025-11-16 02:00:00+00:00,27.746193833333333,41.069397
2025-11-16 03:00:00+00:00,26.413087916666665,38.44498
2025-11-16 04:00:00+00:00,24.361998999999997,24.959728
2025-11-16 05:00:00+00:00,25.64225325,22.251862
2025-11-16 06:00:00+00:00,25.951542500000002,20.059198
2025-11-16 07:00:00+00:00,24.157902333333336,18.566263
2025-11-16 08:00:00+00:00,24.01396325,17.982765
2025-11-16 09:00:00+00:00,24.686124500000002,18.361341
2025-11-16 10:00:00+00:00,26.639749333333334,19.776154
2025-11-16 11:00:00+00:00,29.40862175,22.181358
2025-11-16 12:00:00+00:00,32.100192666666665,24.847792
2025-11-16 13:00:00+00:00,26.192299833333337,26.674112
2025-11-16 14:00:00+00:00,25.707745833333334,27.356182
2025-11-16 15:00:00+00:00,25.074817,27.276962
2025-11-16 16:00:00+00:00,25.024318583333333,26.841852
2025-11-16 17:00:00+00:00,24.800188250000005,26.314808
2025-11-16 18:00:00+00:00,24.200446166666666,25.89175
2025-11-16 19:00:00+00:00,25.087808083333332,25.797523
2025-11-16 20:00:00+00:00,27.434459750000002,26.419064
2025-11-16 21:00:00+00:00,41.33329908333334,28.365007
2025-11-16 22:00:00+00:00,56.44850458333334,31.958508
2025-11-16 23:00:00+00:00,59.22519533333334,36.15704
2025-11-17 00:00:00+00:00,52.4354825,38.183887
2025-11-17 01:00:00+00:00,48.819450749999994,36.796356
2025-11-17 02:00:00+00:00,44.16228908333332,33.27069
2025-11-17 03:00:00+00:00,43.08010525,29.88481
2025-11-17 04:00:00+00:00,38.311563416666665,33.29697
2025-11-17 05:00:00+00:00,36.463723916666666,30.982496
2025-11-17 06:00:00+00:00,35.09895025,29.495752
2025-11-17 07:00:00+00:00,34.85228583333333,29.303549
2025-11-17 08:00:00+00:00,37.03239083333333,31.105265
2025-11-17 09:00:00+00:00,39.06376125,35.110954
2025-11-17 10:00:00+00:00,48.951590333333336,40.628975
2025-11-17 11:00:00+00:00,83.46328291666666,45.88775
2025-11-17 12:00:00+00:00,76.81091825,49.78069
2025-11-17 13:00:00+00:00,38.565793500000005,52.44062
2025-11-17 14:00:00+00:00,33.108741916666666,53.707893
2025-11-17 15:00:00+00:00,34.2357995,53.35942
2025-11-17 16:00:00+00:00,34.4100475,52.195496
2025-11-17 17:00:00+00:00,32.202568750000005,51.078323
2025-11-17 18:00:00+00:00,29.691869250000003,50.381714
2025-11-17 19:00:00+00:00,29.49271908333333,50.07129
2025-11-17 20:00:00+00:00,34.2787435,49.851585
2025-11-17 21:00:00+00:00,50.36239941666667,49.486595
2025-11-17 22:00:00+00:00,77.24136675,49.48529
2025-11-17 23:00:00+00:00,67.69761633333333,51.813473
2025-11-18 00:00:00+00:00,60.657307083333336,55.826073
2025-11-18 01:00:00+00:00,53.15433775,56.613808
2025-11-18 02:00:00+00:00,48.795957416666674,55.091484
2025-11-18 03:00:00+00:00,46.03456125,53.08957
2025-11-18 04:00:00+00:00,41.772671083333336,35.822926
2025-11-18 05:00:00+00:00,50.087623416666666,33.62672
2025-11-18 06:00:00+00:00,47.89929325,32.52867
2025-11-18 07:00:00+00:00,44.13686116666667,32.94775
2025-11-18 08:00:00+00:00,42.91891041666668,35.04544
2025-11-18 09:00:00+00:00,45.65800575,38.186718
2025-11-18 10:00:00+00:00,54.72111025,41.286213
2025-11-18 11:00:00+00:00,100.73742016666667,43.69364
2025-11-18 12:00:00+00:00,106.33700633333335,45.35785
2025-11-18 13:00:00+00:00,60.15990358333334,46.08703
2025-11-18 14:00:00+00:00,56.340449666666665,45.921204
2025-11-18 15:00:00+00:00,56.276904,45.358143
2025-11-18 16:00:00+00:00,54.73043941666666,44.78975
2025-11-18 17:00:00+00:00,55.548126833333335,44.34912
2025-11-18 18:00:00+00:00,56.73646866666666,44.02293
2025-11-18 19:00:00+00:00,55.35145283333333,43.85225
2025-11-18 20:00:00+00:00,58.463581166666664,44.217262
2025-11-18 21:00:00+00:00,75.59980175,45.874332
2025-11-18 22:00:00+00:00,97.73487225000001,48.454292
2025-11-18 23:00:00+00:00,85.34086333333332,49.755516
2025-11-19 00:00:00+00:00,74.60173933333333,49.255672
2025-11-19 01:00:00+00:00,69.80077391666667,47.83103
2025-11-19 02:00:00+00:00,62.41350158333334,46.06736
2025-11-19 03:00:00+00:00,55.49133225,44.20684
2025-11-19 04:00:00+00:00,53.30626858333333,42.425365
2025-11-19 05:00:00+00:00,51.260696249999995,39.510742
2025-11-19 06:00:00+00:00,48.47587550000001,38.18727
2025-11-19 07:00:00+00:00,41.13672291666666,39.27415
2025-11-19 08:00:00+00:00,40.358607666666664,43.294567
2025-11-19 09:00:00+00:00,42.43367266666666,50.038548
2025-11-19 10:00:00+00:00,48.86950450000001,57.730717
2025-11-19 11:00:00+00:00,84.96275874999998,64.06208
2025-11-19 12:00:00+00:00,90.70508375000001,67.71372
2025-11-19 13:00:00+00:00,67.5207985,68.11362
2025-11-19 14:00:00+00:00,58.24380391666668,66.414734
2025-11-19 15:00:00+00:00,55.93639858333333,64.25177
2025-11-19 16:00:00+00:00,52.394071000000004,62.446545
2025-11-19 17:00:00+00:00,47.57759225,61.242462
2025-11-19 18:00:00+00:00,48.29133775,60.653244
2025-11-19 19:00:00+00:00,47.85875866666667,60.68702
2025-11-19 20:00:00+00:00,51.13347100000001,61.782993
2025-11-19 21:00:00+00:00,67.39467891666668,65.707466
2025-11-19 22:00:00+00:00,90.01784408333333,72.06332
2025-11-19 23:00:00+00:00,80.85297725,74.365906
2025-11-20 00:00:00+00:00,70.55477183333333,72.67542
2025-11-20 01:00:00+00:00,65.36614250000001,69.88525
2025-11-20 02:00:00+00:00,57.6914185,66.898224
2025-11-20 03:00:00+00:00,51.49904066666667,63.84603
2025-11-20 04:00:00+00:00,50.12945083333333,43.062786
2025-11-20 05:00:00+00:00,55.16028908333333,40.88278
2025-11-20 06:00:00+00:00,48.13470375,39.281666
2025-11-20 07:00:00+00:00,42.66148425,38.771698
2025-11-20 08:00:00+00:00,42.007804416666666,39.98802
2025-11-20 09:00:00+00:00,42.745530083333335,43.733414
2025-11-20 10:00:00+00:00,49.81007133333333,50.35549
2025-11-20 11:00:00+00:00,87.09702708333333,57.889957
2025-11-20 12:00:00+00:00,109.12612766666666,63.552395
2025-11-20 13:00:00+00:00,76.41047516666667,66.23639
2025-11-20 14:00:00+00:00,72.6302895,66.242424
2025-11-20 15:00:00+00:00,68.29589166666666,64.61077
2025-11-20 16:00:00+00:00,59.17842625,61.709274
2025-11-20 17:00:00+00:00,56.81330283333333,58.114388
2025-11-20 18:00:00+00:00,55.796911333333334,54.93728
2025-11-20 19:00:00+00:00,55.6048655,52.859436
2025-11-20 20:00:00+00:00,58.692489333333334,52.54784
2025-11-20 21:00:00+00:00,66.95401833333334,56.085922
2025-11-20 22:00:00+00:00,82.25043674999999,66.107346
2025-11-20 23:00:00+00:00,70.72457858333333,71.85285
2025-11-21 00:00:00+00:00,61.08698808333333,66.81203
2025-11-21 01:00:00+00:00,59.375010583333335,58.72002
2025-11-21 02:00:00+00:00,56.22157233333333,52.75246
2025-11-21 03:00:00+00:00,52.510608749999996,49.567883
2025-11-21 04:00:00+00:00,45.419132499999996,47.586044
2025-11-21 05:00:00+00:00,44.10008758333334,45.553005
2025-11-21 06:00:00+00:00,39.48932225,43.952477
2025-11-21 07:00:00+00:00,35.32011275,43.28475
2025-11-21 08:00:00+00:00,34.16549091666666,44.181152
2025-11-21 09:00:00+00:00,36.22369891666667,47.690434
2025-11-21 10:00:00+00:00,40.22693,54.35491
2025-11-21 11:00:00+00:00,59.7424615,60.99984
2025-11-21 12:00:00+00:00,70.83990874999999,64.08841
2025-11-21 13:00:00+00:00,72.17722991666666,63.99231
2025-11-21 14:00:00+00:00,73.44741416666666,62.503765
2025-11-21 15:00:00+00:00,72.91351391666667,60.48083
2025-11-21 16:00:00+00:00,66.817351,57.955597
2025-11-21 17:00:00+00:00,63.89271708333333,55.16745
2025-11-21 18:00:00+00:00,58.777436416666674,52.954037
2025-11-21 19:00:00+00:00,57.17353483333333,52.27941
2025-11-21 20:00:00+00:00,53.06542708333333,55.406704
2025-11-21 21:00:00+00:00,56.852504083333336,63.636696
2025-11-21 22:00:00+00:00,64.86873091666666,68.48977
2025-11-21 23:00:00+00:00,56.63450508333333,66.26087
2025-11-22 00:00:00+00:00,50.91333791666667,60.089085
2025-11-22 01:00:00+00:00,50.365570166666664,54.34509
2025-11-22 02:00:00+00:00,45.18507283333333,50.816788
2025-11-22 03:00:00+00:00,43.08297425,48.991203
2025-11-22 04:00:00+00:00,36.33016025,42.59301
2025-11-22 05:00:00+00:00,38.56344091666667,39.674248
2025-11-22 06:00:00+00:00,35.85122975,37.332382
2025-11-22 07:00:00+00:00,31.701537083333335,35.879776
2025-11-22 08:00:00+00:00,30.964444083333333,35.534122
2025-11-22 09:00:00+00:00,31.09203466666667,36.155083
2025-11-22 10:00:00+00:00,31.78081425,37.7429
2025-11-22 11:00:00+00:00,34.960831750000004,40.72824
2025-11-22 12:00:00+00:00,37.3810565,44.71634
2025-11-22 13:00:00+00:00,42.232390333333335,47.645153
2025-11-22 14:00:00+00:00,43.4674935,48.636497
2025-11-22 15:00:00+00:00,41.91953766666666,48.426407
2025-11-22 16:00:00+00:00,38.389551,47.727516
2025-11-22 17:00:00+00:00,36.46658675,46.883686
2025-11-22 18:00:00+00:00,32.962211833333335,46.074318
2025-11-22 19:00:00+00:00,32.378739583333335,45.554794
2025-11-22 20:00:00+00:00,35.354893499999996,46.002056
2025-11-22 21:00:00+00:00,46.55398675000001,48.774418
2025-11-22 22:00:00+00:00,55.58122825000001,53.761147
2025-11-22 23:00:00+00:00,48.06840541666667,56.778664
2025-11-23 00:00:00+00:00,45.204951,55.68875
2025-11-23 01:00:00+00:00,44.150191333333325,51.725437
2025-11-23 02:00:00+00:00,40.536758,47.469765
2025-11-23 03:00:00+00:00,36.926869333333336,44.434807
2025-11-23 04:00:00+00:00,34.159834249999996,36.333187
2025-11-23 05:00:00+00:00,29.4487835,33.560646
2025-11-23 06:00:00+00:00,27.075507416666667,31.273924
2025-11-23 07:00:00+00:00,26.22084433333333,29.619768
2025-11-23 08:00:00+00:00,27.11042833333333,28.889748
2025-11-23 09:00:00+00:00,28.070595333333333,29.113531
2025-11-23 10:00:00+00:00,29.85990008333333,30.351774
2025-11-23 11:00:00+00:00,34.56535233333333,33.02869
2025-11-23 12:00:00+00:00,38.984575666666665,37.18721
2025-11-23 13:00:00+00:00,33.28226083333333,40.80768
2025-11-23 14:00:00+00:00,28.76343866666667,42.099525
2025-11-23 15:00:00+00:00,28.95584633333333,41.64499
2025-11-23 16:00:00+00:00,30.66570283333333,40.473137
2025-11-23 17:00:00+00:00,29.480235583333336,39.197727
2025-11-23 18:00:00+00:00,27.792518166666667,38.16082
2025-11-23 19:00:00+00:00,27.70383358333334,37.600647
2025-11-23 20:00:00+00:00,30.523506499999996,37.91258
2025-11-23 21:00:00+00:00,42.187704999999994,40.375797
2025-11-23 22:00:00+00:00,58.325839916666666,46.938087
2025-11-23 23:00:00+00:00,48.55570125,53.75829
2025-11-24 00:00:00+00:00,46.79303491666668,54.51247
2025-11-24 01:00:00+00:00,46.42086841666667,50.10627
2025-11-24 02:00:00+00:00,42.39841966666666,44.141567
2025-11-24 03:00:00+00:00,38.15437175,39.845787
2025-11-24 04:00:00+00:00,34.507045,33.548714
2025-11-24 05:00:00+00:00,32.82278075,32.647465
2025-11-24 06:00:00+00:00,32.16023783333333,31.96045
2025-11-24 07:00:00+00:00,30.928866000000003,32.137688
2025-11-24 08:00:00+00:00,30.403706583333328,34.376236
2025-11-24 09:00:00+00:00,29.764405999999997,40.30324
2025-11-24 10:00:00+00:00,38.870827999999996,48.295082
2025-11-24 11:00:00+00:00,61.88405850000001,53.56731
2025-11-24 12:00:00+00:00,80.2934005,55.239872
2025-11-24 13:00:00+00:00,42.71332075,54.360264
2025-11-24 14:00:00+00:00,35.23008025,52.35392
2025-11-24 15:00:00+00:00,35.34720575,49.91881
2025-11-24 16:00:00+00:00,35.11323225,46.946682
2025-11-24 17:00:00+00:00,34.85747,43.524567
2025-11-24 18:00:00+00:00,35.00489541666666,40.703835
2025-11-24 19:00:00+00:00,36.1344585,39.643364
2025-11-24 20:00:00+00:00,37.80351016666667,41.56811
2025-11-24 21:00:00+00:00,47.23410775,48.832573
2025-11-24 22:00:00+00:00,61.60906799999999,58.349453
2025-11-24 23:00:00+00:00,56.65520791666666,58.495796
2025-11-25 00:00:00+00:00,46.985899333333336,52.15107
2025-11-25 01:00:00+00:00,46.23935924999999,44.901814
2025-11-25 02:00:00+00:00,42.372015833333336,40.061874
2025-11-25 03:00:00+00:00,39.32400991666667,37.49827
2025-11-25 04:00:00+00:00,38.5266485,34.52277
2025-11-25 05:00:00+00:00,34.68423833333333,33.272793
2025-11-25 06:00:00+00:00,32.71902958333333,32.312363
2025-11-25 07:00:00+00:00,31.71643233333333,32.016937
2025-11-25 08:00:00+00:00,32.179470333333335,32.784306
2025-11-25 09:00:00+00:00,33.3502045,34.656483
2025-11-25 10:00:00+00:00,35.54137075,37.115356
2025-11-25 11:00:00+00:00,46.218971833333335,39.367207
2025-11-25 12:00:00+00:00,47.15336949999999,40.99153
2025-11-25 13:00:00+00:00,49.1305525,41.785717
2025-11-25 14:00:00+00:00,48.30080908333333,41.646027
2025-11-25 15:00:00+00:00,49.528272249999986,40.826565
2025-11-25 16:00:00+00:00,48.17877166666666,39.63273
2025-11-25 17:00:00+00:00,46.65975258333333,38.44251
2025-11-25 18:00:00+00:00,45.34948216666667,37.591827
2025-11-25 19:00:00+00:00,40.875502583333336,37.34033
2025-11-25 20:00:00+00:00,40.772217000000005,37.943268
2025-11-25 21:00:00+00:00,45.78495125,40.06408
2025-11-25 22:00:00+00:00,49.839256166666665,43.075054
2025-11-25 23:00:00+00:00,43.19781866666668,42.767616
2025-11-26 00:00:00+00:00,40.50311008333333,40.809044
2025-11-26 01:00:00+00:00,38.00987883333333,39.194645
2025-11-26 02:00:00+00:00,35.49263466666667,38.45226
2025-11-26 03:00:00+00:00,30.551190083333335,38.55089
2025-11-26 04:00:00+00:00,27.224496333333335,28.757616
2025-11-26 05:00:00+00:00,24.84667908333333,27.247147
2025-11-26 06:00:00+00:00,23.642803,26.18077
2025-11-26 07:00:00+00:00,22.486421333333336,25.728474
2025-11-26 08:00:00+00:00,22.182677583333334,26.021523
2025-11-26 09:00:00+00:00,22.634677333333332,27.247402
2025-11-26 10:00:00+00:00,23.768088249999998,30.234539
2025-11-26 11:00:00+00:00,30.616232999999998,35.191277
2025-11-26 12:00:00+00:00,34.10794391666666,39.105328
2025-11-26 13:00:00+00:00,32.750769166666664,40.472015
2025-11-26 14:00:00+00:00,31.168139999999998,40.27052
2025-11-26 15:00:00+00:00,31.911229666666667,39.72043
2025-11-26 16:00:00+00:00,31.360245416666668,38.981934
2025-11-26 17:00:00+00:00,30.12065675,37.528534
2025-11-26 18:00:00+00:00,30.147534,35.865883
2025-11-26 19:00:00+00:00,28.503287583333332,36.185917
2025-11-26 20:00:00+00:00,30.012192166666665,40.938572
2025-11-26 21:00:00+00:00,35.51204741666667,47.139725
2025-11-26 22:00:00+00:00,40.178525666666665,48.982468
2025-11-26 23:00:00+00:00,37.96370241666667,46.14573
2025-11-27 00:00:00+00:00,35.964274583333335,40.745365
2025-11-27 01:00:00+00:00,35.36964916666667,36.19523
2025-11-27 02:00:00+00:00,31.654244833333337,33.20383
2025-11-27 03:00:00+00:00,29.812210583333336,31.224388
2025-11-27 04:00:00+00:00,29.361720666666667,27.429483
2025-11-27 05:00:00+00:00,27.414595,25.997831
2025-11-27 06:00:00+00:00,26.624473,24.896725
2025-11-27 07:00:00+00:00,26.300332166666664,24.442627
2025-11-27 08:00:00+00:00,25.696834083333332,24.838245
2025-11-27 09:00:00+00:00,26.179342750000004,26.259361
2025-11-27 10:00:00+00:00,26.582169750000002,29.191383
2025-11-27 11:00:00+00:00,29.426871666666667,33.37915
2025-11-27 12:00:00+00:00,33.735038833333334,36.595856
2025-11-27 13:00:00+00:00,29.1880115,37.677277
2025-11-27 14:00:00+00:00,28.93241925,37.449005
2025-11-27 15:00:00+00:00,29.360301833333335,36.817295
2025-11-27 16:00:00+00:00,29.60197525,35.953552
2025-11-27 17:00:00+00:00,28.64419366666667,34.630013
2025-11-27 18:00:00+00:00,27.92806566666667,33.061157
2025-11-27 19:00:00+00:00,27.69823741666667,32.153797
2025-11-27 20:00:00+00:00,28.695415999999998,33.423428
2025-11-27 21:00:00+00:00,37.24770066666667,38.579952
2025-11-27 22:00:00+00:00,43.06654633333333,43.25624
2025-11-27 23:00:00+00:00,44.153509500000006,43.229336
2025-11-28 00:00:00+00:00,43.35538150000001,39.76811
2025-11-28 01:00:00+00:00,41.72725391666667,35.277046
2025-11-28 02:00:00+00:00,40.965877166666665,32.042316
2025-11-28 03:00:00+00:00,39.932966,30.031898
2025-11-28 04:00:00+00:00,35.844664333333334,35.73103
2025-11-28 05:00:00+00:00,33.95019333333334,34.421173
2025-11-28 06:00:00+00:00,33.60419783333333,33.577454
2025-11-28 07:00:00+00:00,33.05519183333333,33.475956
2025-11-28 08:00:00+00:00,33.81064733333333,34.14278
2025-11-28 09:00:00+00:00,35.27648516666667,35.273228
2025-11-28 10:00:00+00:00,38.18458758333333,36.536587
2025-11-28 11:00:00+00:00,42.52584641666667,37.61695
2025-11-28 12:00:00+00:00,55.29161341666668,38.17069
2025-11-28 13:00:00+00:00,39.6463825,38.083294
2025-11-28 14:00:00+00:00,34.89863941666667,37.633945
2025-11-28 15:00:00+00:00,36.33601183333334,37.13013
2025-11-28 16:00:00+00:00,36.92001533333333,36.781776
2025-11-28 17:00:00+00:00,35.30374725,36.825542
2025-11-28 18:00:00+00:00,35.321512750000004,37.77217
2025-11-28 19:00:00+00:00,33.24348258333333,39.885807
2025-11-28 20:00:00+00:00,37.116331583333334,41.36135
2025-11-28 21:00:00+00:00,51.05912824999999,41.445168
2025-11-28 22:00:00+00:00,64.47652975,41.28268
2025-11-28 23:00:00+00:00,62.85994266666666,41.23384
2025-11-29 00:00:00+00:00,62.90170891666667,40.91722
2025-11-29 01:00:00+00:00,61.330915250000004,40.137794
2025-11-29 02:00:00+00:00,61.01094958333334,38.992817
2025-11-29 03:00:00+00:00,57.42930825,37.709545
2025-11-29 04:00:00+00:00,48.2671635,44.946926
2025-11-29 05:00:00+00:00,47.160476166666655,42.43487
2025-11-29 06:00:00+00:00,43.68648091666666,40.502316
2025-11-29 07:00:00+00:00,40.60247533333333,39.63042
2025-11-29 08:00:00+00:00,41.135815083333334,39.94451
2025-11-29 09:00:00+00:00,40.569363333333335,40.96287
2025-11-29 10:00:00+00:00,39.21219725,42.276917
2025-11-29 11:00:00+00:00,44.47646841666666,43.63513
2025-11-29 12:00:00+00:00,48.634572416666664,44.966873
2025-11-29 13:00:00+00:00,39.35219416666667,46.528816
2025-11-29 14:00:00+00:00,34.291054833333334,48.265312
2025-11-29 15:00:00+00:00,34.10513091666667,49.015324
2025-11-29 16:00:00+00:00,32.79405491666667,48.157207
2025-11-29 17:00:00+00:00,32.538716083333334,46.829967
2025-11-29 18:00:00+00:00,31.188898,46.167564
2025-11-29 19:00:00+00:00,29.39600083333333,45.99923
2025-11-29 20:00:00+00:00,33.86371308333333,45.517456
2025-11-29 21:00:00+00:00,40.78204658333333,44.458298
2025-11-29 22:00:00+00:00,44.586233083333326,43.160282
2025-11-29 23:00:00+00:00,42.7418755,42.07938
2025-11-30 00:00:00+00:00,42.33419883333333,41.441837
2025-11-30 01:00:00+00:00,40.00971275,41.235294
2025-11-30 02:00:00+00:00,37.77734458333334,41.349083
2025-11-30 03:00:00+00:00,35.51966066666667,41.667885
2025-11-30 04:00:00+00:00,33.85741291666667,32.86893
2025-11-30 05:00:00+00:00,34.245467516666665,30.92401
2025-11-30 06:00:00+00:00,34.63352211666667,29.188206
2025-11-30 07:00:00+00:00,35.021576716666665,27.827621
2025-12-01 05:00:00+00:00,43.55877791666666,27.000343
2025-12-01 06:00:00+00:00,43.74982666666667,26.880356
2025-12-01 07:00:00+00:00,42.08647333333333,27.626122
2025-12-01 08:00:00+00:00,44.767912,29.184185
2025-12-01 09:00:00+00:00,45.7500215,31.121752
2025-12-01 10:00:00+00:00,52.86183716666667,32.825768
2025-12-01 11:00:00+00:00,67.05459725,33.798397
2025-12-01 12:00:00+00:00,105.39438833333334,34.012245
2025-12-01 13:00:00+00:00,68.09802866666666,33.82814
2025-12-01 14:00:00+00:00,50.223328,33.538704
2025-12-01 15:00:00+00:00,57.638975416666675,33.310375
2025-12-01 16:00:00+00:00,53.324132416666664,33.266766
2025-12-01 17:00:00+00:00,51.42065475000001,33.555237
2025-12-01 18:00:00+00:00,49.388709750000004,34.30911
2025-12-01 19:00:00+00:00,51.76531374999999,35.56433
2025-12-01 20:00:00+00:00,54.2164205,37.88343
2025-12-01 21:00:00+00:00,68.86574383333333,40.383152
2025-12-01 22:00:00+00:00,86.95034191666667,40.417862
2025-12-01 23:00:00+00:00,85.60758083333333,38.836006
2025-12-02 00:00:00+00:00,79.86426283333334,37.144672
2025-12-02 01:00:00+00:00,75.01878275,66.428055
2025-12-02 02:00:00+00:00,69.18193675,60.26939
2025-12-02 03:00:00+00:00,62.67088275,52.331345
2025-12-02 04:00:00+00:00,55.81285733333333,46.11443
2025-12-02 05:00:00+00:00,46.649177166666675,42.224033
2025-12-02 06:00:00+00:00,42.48990541666666,41.064964
2025-12-02 07:00:00+00:00,39.44840466666667,42.762165
2025-12-02 08:00:00+00:00,39.03737733333333,46.646877
2025-12-02 09:00:00+00:00,39.26405891666666,51.156307
2025-12-02 10:00:00+00:00,42.09128533333334,54.169086
2025-12-02 11:00:00+00:00,57.891809666666674,55.29721
2025-12-02 12:00:00+00:00,72.71368391666667,55.70686
2025-12-02 13:00:00+00:00,80.51779141666667,56.125023
2025-12-02 14:00:00+00:00,88.09074441666668,56.724445
2025-12-02 15:00:00+00:00,80.469391,57.46849
2025-12-02 16:00:00+00:00,74.92864975,58.275063
2025-12-02 17:00:00+00:00,66.4517445,59.072495
2025-12-02 18:00:00+00:00,61.624916333333346,59.81349
2025-12-02 19:00:00+00:00,58.21600233333334,60.474983
2025-12-02 20:00:00+00:00,60.38202391666667,61.052094
2025-12-02 21:00:00+00:00,68.52629191666666,61.553318
2025-12-02 22:00:00+00:00,98.42472933333333,61.994564
2025-12-02 23:00:00+00:00,89.50240458333333,62.394302
2025-12-03 00:00:00+00:00,75.59999958333333,62.769936
2025-12-03 01:00:00+00:00,67.80452041666666,65.969864
2025-12-03 02:00:00+00:00,59.959767416666665,59.85484
2025-12-03 03:00:00+00:00,55.81028766666666,52.69557
2025-12-03 04:00:00+00:00,47.24757025000001,46.390232
2025-12-03 05:00:00+00:00,45.971847833333335,41.593063
2025-12-03 06:00:00+00:00,43.22615808333333,38.768276
2025-12-03 07:00:00+00:00,41.8866135,38.357468
2025-12-03 08:00:00+00:00,43.026848083333334,40.220093
2025-12-03 09:00:00+00:00,43.74918625,43.52037
2025-12-03 10:00:00+00:00,46.89650525,47.28324
2025-12-03 11:00:00+00:00,69.20935975,50.61819
2025-12-03 12:00:00+00:00,95.37350275,53.51637
2025-12-03 13:00:00+00:00,58.838590583333335,56.29238
2025-12-03 14:00:00+00:00,47.88061308333334,58.931038
2025-12-03 15:00:00+00:00,44.74306525,61.275158
2025-12-03 16:00:00+00:00,42.435858583333335,63.2253
2025-12-03 17:00:00+00:00,40.226439166666665,64.76795
2025-12-03 18:00:00+00:00,39.22038708333333,65.94068
2025-12-03 19:00:00+00:00,39.71496575,66.81
2025-12-03 20:00:00+00:00,46.97553816666667,67.461334
2025-12-03 21:00:00+00:00,57.802154249999994,67.98494
2025-12-03 22:00:00+00:00,80.15921841666666,68.453125
2025-12-03 23:00:00+00:00,81.14942475,68.896385
2025-12-04 00:00:00+00:00,71.80763966666667,69.288216
2025-12-04 01:00:00+00:00,64.98533058333334,59.7802
2025-12-04 02:00:00+00:00,60.99223833333333,54.114017
2025-12-04 03:00:00+00:00,50.4889555,48.448322
2025-12-04 04:00:00+00:00,51.11006716666666,43.74411
2025-12-04 05:00:00+00:00,53.32765666666666,40.414284
2025-12-04 06:00:00+00:00,48.844207333333344,38.814476
2025-12-04 07:00:00+00:00,48.08593116666666,39.159218
2025-12-04 08:00:00+00:00,48.30646358333333,41.323578
2025-12-04 09:00:00+00:00,49.71510241666667,44.553986
2025-12-04 10:00:00+00:00,51.23542583333333,48.055542
2025-12-04 11:00:00+00:00,72.718546,51.085747
2025-12-04 12:00:00+00:00,110.89077083333332,53.587894
2025-12-04 13:00:00+00:00,80.80860633333333,55.955635
2025-12-04 14:00:00+00:00,58.017093499999994,58.379627
2025-12-04 15:00:00+00:00,64.60741366666666,60.80963
2025-12-04 16:00:00+00:00,61.09908049999999,63.06034
2025-12-04 17:00:00+00:00,57.42295775,64.96407
2025-12-04 18:00:00+00:00,53.249038750000004,66.45105
2025-12-04 19:00:00+00:00,51.57525883333333,67.533775
2025-12-04 20:00:00+00:00,58.30948116666667,68.26972
2025-12-04 21:00:00+00:00,68.45922524999999,68.74602
2025-12-04 22:00:00+00:00,93.55662533333333,69.07038
2025-12-04 23:00:00+00:00,89.91839391666667,69.3488
2025-12-05 00:00:00+00:00,88.58014750000001,69.65169
2025-12-05 01:00:00+00:00,83.10908741666668,74.28412
2025-12-05 02:00:00+00:00,81.96206425,66.33391
2025-12-05 03:00:00+00:00,68.71234666666668,58.85864
2025-12-05 04:00:00+00:00,63.71839858333333,53.191116
2025-12-05 05:00:00+00:00,55.388973666666665,49.357338
2025-12-05 06:00:00+00:00,48.564157,47.81356
2025-12-05 07:00:00+00:00,47.77819708333333,48.841557
2025-12-05 08:00:00+00:00,45.856923333333334,51.95096
2025-12-05 09:00:00+00:00,48.354286,55.965466
2025-12-05 10:00:00+00:00,47.274709333333334,59.62566
2025-12-05 11:00:00+00:00,70.38991875,62.35298
2025-12-05 12:00:00+00:00,92.68953566666664,64.32294
2025-12-05 13:00:00+00:00,73.96100816666667,66.137375
2025-12-05 14:00:00+00:00,69.49872975000001,68.00032
2025-12-05 15:00:00+00:00,78.287742,69.84031
2025-12-05 16:00:00+00:00,75.67895766666668,71.55201
2025-12-05 17:00:00+00:00,71.6485275,73.06319
2025-12-05 18:00:00+00:00,65.14008708333334,74.33947
2025-12-05 19:00:00+00:00,60.73256941666667,75.3775
2025-12-05 20:00:00+00:00,61.8704605,76.197334
2025-12-05 21:00:00+00:00,71.67109183333334,76.835236
2025-12-05 22:00:00+00:00,86.40152825,77.33638
2025-12-05 23:00:00+00:00,77.70229466666667,77.74388
2025-12-06 00:00:00+00:00,74.99977533333333,78.09342
2025-12-06 01:00:00+00:00,69.42251516666667,66.97614
2025-12-06 02:00:00+00:00,66.58611125,62.281063
2025-12-06 03:00:00+00:00,55.41895041666667,56.769276
2025-12-06 04:00:00+00:00,48.75748008333333,51.75406
2025-12-06 05:00:00+00:00,51.310116166666674,47.928886
2025-12-06 06:00:00+00:00,44.38820775,45.92002
2025-12-06 07:00:00+00:00,44.618588249999995,46.1168
2025-12-06 08:00:00+00:00,43.54013908333334,48.35241
2025-12-06 09:00:00+00:00,44.935944416666665,51.575253
2025-12-06 10:00:00+00:00,44.94736091666667,54.27627
2025-12-06 11:00:00+00:00,52.751975249999994,55.9417
2025-12-06 12:00:00+00:00,60.793835916666666,56.96552
2025-12-06 13:00:00+00:00,63.17186883333333,57.923134
2025-12-06 14:00:00+00:00,57.46147675,59.05053
2025-12-06 15:00:00+00:00,59.22695783333333,60.33713
2025-12-06 16:00:00+00:00,53.42292866666668,61.676968
2025-12-06 17:00:00+00:00,50.81292416666667,62.95538
2025-12-06 18:00:00+00:00,49.36018866666666,64.09831
2025-12-06 19:00:00+00:00,49.03095841666667,65.07688
2025-12-06 20:00:00+00:00,50.59312800000001,65.88716
2025-12-06 21:00:00+00:00,60.71712475,66.53581
2025-12-06 22:00:00+00:00,68.22188925,67.03524
2025-12-06 23:00:00+00:00,67.35463800000001,67.403534
2025-12-07 00:00:00+00:00,66.06496366666667,67.66454
2025-12-07 01:00:00+00:00,66.86324058333334,60.260445
2025-12-07 02:00:00+00:00,66.046897,56.34307
2025-12-07 03:00:00+00:00,57.837218,52.505318
2025-12-07 04:00:00+00:00,51.813809416666665,48.99076
2025-12-07 05:00:00+00:00,57.739052333333326,45.996834
2025-12-07 06:00:00+00:00,51.592038,43.760036
2025-12-07 07:00:00+00:00,47.73831058333333,42.387936
2025-12-07 08:00:00+00:00,47.353289666666655,41.8553
2025-12-07 09:00:00+00:00,47.31273233333334,42.17875
2025-12-07 10:00:00+00:00,48.00493441666666,43.42221
2025-12-07 11:00:00+00:00,52.73816958333333,45.353477
2025-12-07 12:00:00+00:00,60.12334741666667,47.544266
2025-12-07 13:00:00+00:00,54.79385725000001,49.895264
2025-12-07 14:00:00+00:00,49.77458033333334,52.120834
2025-12-07 15:00:00+00:00,49.887317583333335,54.052517
2025-12-07 16:00:00+00:00,50.72772275,55.81529
2025-12-07 17:00:00+00:00,50.07996283333333,57.48997
2025-12-07 18:00:00+00:00,48.629723250000005,59.091587
2025-12-07 19:00:00+00:00,49.697161333333334,60.622505
2025-12-07 20:00:00+00:00,51.37965808333333,62.050137
2025-12-07 21:00:00+00:00,56.81626291666666,63.270515
2025-12-07 22:00:00+00:00,71.99493208333332,64.16832
2025-12-07 23:00:00+00:00,69.16081225,64.72391
2025-12-08 00:00:00+00:00,68.68146625,65.00927
2025-12-08 01:00:00+00:00,66.75014758333333,61.26266
2025-12-08 02:00:00+00:00,61.05706183333333,56.228077
2025-12-08 03:00:00+00:00,54.04545858333334,51.802494
2025-12-08 04:00:00+00:00,50.62334716666667,48.446995
2025-12-08 05:00:00+00:00,49.57634449999999,46.17091
2025-12-08 06:00:00+00:00,47.13553766666667,45.04805
2025-12-08 07:00:00+00:00,46.22283225000001,45.221523
2025-12-08 08:00:00+00:00,46.71983883333334,46.79707
2025-12-08 09:00:00+00:00,47.657107249999996,49.66631
2025-12-08 10:00:00+00:00,54.65666291666667,53.28721
2025-12-08 11:00:00+00:00,64.69612783333334,57.017166
2025-12-08 12:00:00+00:00,86.03086458333333,60.76688
2025-12-08 13:00:00+00:00,81.01286075,64.42183
2025-12-08 14:00:00+00:00,75.86466766666666,67.649
2025-12-08 15:00:00+00:00,77.64856958333333,70.12252
2025-12-08 16:00:00+00:00,77.33220666666666,71.723206
2025-12-08 17:00:00+00:00,66.53242916666666,72.57989
2025-12-08 18:00:00+00:00,67.88545983333334,73.00159
2025-12-08 19:00:00+00:00,63.67281225000001,73.45169
2025-12-08 20:00:00+00:00,72.17841433333334,74.484344
2025-12-08 21:00:00+00:00,87.74110200000001,76.35373
2025-12-08 22:00:00+00:00,116.35034366666666,78.3545
2025-12-08 23:00:00+00:00,108.361944,79.32673
2025-12-09 00:00:00+00:00,95.74147599999999,78.931694
2025-12-09 01:00:00+00:00,83.04386691666666,84.26474
2025-12-09 02:00:00+00:00,79.63302533333334,74.70893
2025-12-09 03:00:00+00:00,71.73246766666666,65.16913
2025-12-09 04:00:00+00:00,61.59031458333333,58.215466
2025-12-09 05:00:00+00:00,99.79904083333334,53.68405
2025-12-09 06:00:00+00:00,82.64504000000001,51.055145
2025-12-09 07:00:00+00:00,79.04232075,50.261196
2025-12-09 08:00:00+00:00,77.19457066666666,51.28228
2025-12-09 09:00:00+00:00,81.81211958333334,53.88391
2025-12-09 10:00:00+00:00,88.01627191666667,57.913685
2025-12-09 11:00:00+00:00,125.13628116666668,63.174023
2025-12-09 12:00:00+00:00,165.36168691666668,68.35008
2025-12-09 13:00:00+00:00,95.36738866666667,72.4111
2025-12-09 14:00:00+00:00,78.93942700000001,75.39189
2025-12-09 15:00:00+00:00,71.08293625,77.547676
2025-12-09 16:00:00+00:00,69.15258641666667,79.08374
2025-12-09 17:00:00+00:00,60.871473583333334,80.16121
2025-12-09 18:00:00+00:00,57.69059575,80.92137
2025-12-09 19:00:00+00:00,55.114129083333324,81.48497
2025-12-09 20:00:00+00:00,60.21386783333333,81.94306
2025-12-09 21:00:00+00:00,91.89317708333333,82.34607
2025-12-09 22:00:00+00:00,107.76375758333332,82.70556
2025-12-09 23:00:00+00:00,83.93279916666667,83.002205
2025-12-10 00:00:00+00:00,84.38450275000001,83.19999
2025-12-10 01:00:00+00:00,80.34485633333334,78.174286
2025-12-10 02:00:00+00:00,67.27078175,72.751945
2025-12-10 03:00:00+00:00,63.9532835,65.240105
2025-12-10 04:00:00+00:00,56.49202950000001,57.934032
2025-12-10 05:00:00+00:00,54.77829925,51.79187
2025-12-10 06:00:00+00:00,47.82407458333333,47.903778
2025-12-10 07:00:00+00:00,45.528967083333335,47.06449
2025-12-10 08:00:00+00:00,41.796947083333336,49.44646
2025-12-10 09:00:00+00:00,43.64340574999999,54.501102
2025-12-10 10:00:00+00:00,47.25215416666666,60.69284
2025-12-10 11:00:00+00:00,69.40734116666665,65.64212
2025-12-10 12:00:00+00:00,77.24900975,67.68303
2025-12-10 13:00:00+00:00,69.43485666666668,67.31272
2025-12-10 14:00:00+00:00,66.32109175000001,66.378456
2025-12-10 15:00:00+00:00,58.79225866666666,66.03258
2025-12-10 16:00:00+00:00,53.70655766666667,66.45247
2025-12-10 17:00:00+00:00,56.15550166666667,67.40076
2025-12-10 18:00:00+00:00,52.46687966666667,68.602394
2025-12-10 19:00:00+00:00,50.97730858333333,69.86252
2025-12-10 20:00:00+00:00,54.41623308333333,71.07335
2025-12-10 21:00:00+00:00,67.64123241666667,72.18417
2025-12-10 22:00:00+00:00,81.46384458333334,73.17437
2025-12-10 23:00:00+00:00,73.49971216666667,74.0362
2025-12-11 00:00:00+00:00,74.49882825,74.76784
2025-12-11 01:00:00+00:00,60.10850166666666,64.99252
2025-12-11 02:00:00+00:00,58.29012375,59.060482
2025-12-11 03:00:00+00:00,47.650952749999995,53.008686
2025-12-11 04:00:00+00:00,42.54486225,47.822674
2025-12-11 05:00:00+00:00,42.96045675,44.18278
2025-12-11 06:00:00+00:00,41.40682316666667,42.417698
2025-12-11 07:00:00+00:00,42.006881166666666,42.347908
2025-12-11 08:00:00+00:00,43.22443858333333,43.56961
2025-12-11 09:00:00+00:00,46.96884191666666,46.074905
2025-12-11 10:00:00+00:00,48.611867999999994,49.809254
2025-12-11 11:00:00+00:00,74.21988466666666,53.84774
2025-12-11 12:00:00+00:00,99.78210250000001,57.20278
2025-12-11 13:00:00+00:00,69.72512025,59.68969
2025-12-11 14:00:00+00:00,53.21610533333333,61.52513
2025-12-11 15:00:00+00:00,57.326981749999995,62.979748
2025-12-11 16:00:00+00:00,54.60587591666666,64.24341
2025-12-11 17:00:00+00:00,53.477819666666676,65.32431
2025-12-11 18:00:00+00:00,54.40504558333333,66.13276
2025-12-11 19:00:00+00:00,54.254161999999994,66.70324
2025-12-11 20:00:00+00:00,58.25072916666667,67.15962
2025-12-11 21:00:00+00:00,92.23318808333333,67.5725
2025-12-11 22:00:00+00:00,112.75972100000001,67.944214
2025-12-11 23:00:00+00:00,94.24740225,68.2515
2025-12-12 00:00:00+00:00,102.3567015,68.4752
2025-12-12 01:00:00+00:00,95.31219133333333,86.29019
2025-12-12 02:00:00+00:00,87.44153999999999,78.13368
2025-12-12 03:00:00+00:00,84.12438908333334,68.86097
2025-12-12 04:00:00+00:00,71.2972135,60.304966
2025-12-12 05:00:00+00:00,60.802141166666665,53.375595
2025-12-12 06:00:00+00:00,54.04617616666667,48.649933
2025-12-12 07:00:00+00:00,49.431714,46.27732
2025-12-12 08:00:00+00:00,48.37616399999999,46.202328
2025-12-12 09:00:00+00:00,52.116848000000005,48.529816
2025-12-12 10:00:00+00:00,59.54009633333334,52.963455
2025-12-12 11:00:00+00:00,77.48546591666667,58.131615
2025-12-12 12:00:00+00:00,103.57256558333336,62.823868
2025-12-12 13:00:00+00:00,96.144807,66.66236
2025-12-12 14:00:00+00:00,77.69170858333332,69.66493
2025-12-12 15:00:00+00:00,72.47014391666666,72.40311
2025-12-12 16:00:00+00:00,64.13033575,75.110245
2025-12-12 17:00:00+00:00,56.55338591666666,77.69419
2025-12-12 18:00:00+00:00,54.217048333333345,80.02378
2025-12-12 19:00:00+00:00,57.684671083333335,82.02961
2025-12-12 20:00:00+00:00,56.20416275,83.69678
2025-12-12 21:00:00+00:00,79.31601733333333,85.039894
2025-12-12 22:00:00+00:00,86.39680833333333,86.09335
2025-12-12 23:00:00+00:00,83.80751625,86.90796
2025-12-13 00:00:00+00:00,82.74003666666667,87.545586
2025-12-13 01:00:00+00:00,73.74799025,72.73449
2025-12-13 02:00:00+00:00,63.589375499999996,68.35381
2025-12-13 03:00:00+00:00,52.227215666666666,62.676537
2025-12-13 04:00:00+00:00,48.269505,56.846077
2025-12-13 05:00:00+00:00,47.03198208333333,51.7328
2025-12-13 06:00:00+00:00,42.670773249999996,48.084335
2025-12-13 07:00:00+00:00,41.89789283333334,46.346977
2025-12-13 08:00:00+00:00,42.3346205,46.68016
2025-12-13 09:00:00+00:00,42.73522,49.104324
2025-12-13 10:00:00+00:00,44.85070975,52.97596
2025-12-13 11:00:00+00:00,48.227482499999994,56.7272
2025-12-13 12:00:00+00:00,57.66191024999999,59.18171
2025-12-13 13:00:00+00:00,52.832940916666665,60.39124
2025-12-13 14:00:00+00:00,45.23348491666667,61.147446
2025-12-13 15:00:00+00:00,47.338618916666675,62.025753
2025-12-13 16:00:00+00:00,45.087039833333336,63.127914
2025-12-13 17:00:00+00:00,45.53025658333333,64.35607
2025-12-13 18:00:00+00:00,44.59423825,65.58398
2025-12-13 19:00:00+00:00,42.97324375,66.725586
2025-12-13 20:00:00+00:00,47.11781725,67.74175
2025-12-13 21:00:00+00:00,53.12873541666667,68.62105
2025-12-13 22:00:00+00:00,64.25532208333333,69.364204
2025-12-13 23:00:00+00:00,59.46921308333334,69.976
2025-12-14 00:00:00+00:00,57.148013500000005,70.466
2025-12-14 01:00:00+00:00,54.751399916666664,52.596123
2025-12-14 02:00:00+00:00,50.93111325,47.784542
2025-12-14 03:00:00+00:00,47.30634641666666,43.272533
2025-12-14 04:00:00+00:00,44.36232591666666,39.493782
2025-12-14 05:00:00+00:00,44.26842775,36.54561
2025-12-14 06:00:00+00:00,44.440730916666666,34.389996
2025-12-14 07:00:00+00:00,43.219398333333345,33.122528
2025-12-14 08:00:00+00:00,42.38140266666666,32.993107
2025-12-14 09:00:00+00:00,42.47125125,33.97439
2025-12-14 10:00:00+00:00,45.251547499999994,35.61433
2025-12-14 11:00:00+00:00,49.080679666666676,37.732952
2025-12-14 12:00:00+00:00,56.4270165,40.19066
2025-12-14 13:00:00+00:00,58.658407833333335,42.627663
2025-12-14 14:00:00+00:00,53.59159066666666,44.82452
2025-12-14 15:00:00+00:00,54.40322575,46.83944
2025-12-14 16:00:00+00:00,54.9227415,48.75506
2025-12-14 17:00:00+00:00,56.61415249999999,50.400642
2025-12-14 18:00:00+00:00,59.45891825,51.500412
2025-12-14 19:00:00+00:00,62.36549158333333,52.09653
2025-12-14 20:00:00+00:00,70.0485485,52.454876
2025-12-14 21:00:00+00:00,104.30974466666667,52.774837
2025-12-14 22:00:00+00:00,144.49741516666668,53.140488
2025-12-14 23:00:00+00:00,138.2269385,53.55944
2025-12-15 00:00:00+00:00,129.9698335,53.998905
2025-12-15 01:00:00+00:00,132.35075358333333,98.73025
2025-12-15 02:00:00+00:00,123.3385465,83.66556
2025-12-15 03:00:00+00:00,103.30648183333334,72.26201
2025-12-15 04:00:00+00:00,104.85870866666667,66.05945
2025-12-15 05:00:00+00:00,105.90520966666666,63.970062
2025-12-15 06:00:00+00:00,97.01225566666666,65.28578
2025-12-15 07:00:00+00:00,93.93730983333334,70.578255
2025-12-15 08:00:00+00:00,94.89160058333331,80.78676
2025-12-15 09:00:00+00:00,100.69841200000002,93.381226
2025-12-15 10:00:00+00:00,108.63691866666667,102.75071
2025-12-15 11:00:00+00:00,144.81236416666667,107.893906
2025-12-15 12:00:00+00:00,192.27760308333333,110.5319
2025-12-15 13:00:00+00:00,117.31172283333335,111.88933
2025-12-15 14:00:00+00:00,92.29523466666666,112.568085
2025-12-15 15:00:00+00:00,92.73337241666667,112.846596
2025-12-15 16:00:00+00:00,85.10357508333334,112.851105
2025-12-15 17:00:00+00:00,79.72600033333333,112.643265
2025-12-15 18:00:00+00:00,76.72458916666666,112.26516
2025-12-15 19:00:00+00:00,77.22899191666666,111.758484
2025-12-15 20:00:00+00:00,80.17839500000001,111.16959
2025-12-15 21:00:00+00:00,106.24554033333334,110.54857
2025-12-15 22:00:00+00:00,136.68874233333335,109.94313
2025-12-15 23:00:00+00:00,124.55273725,109.39349
2025-12-16 00:00:00+00:00,123.73284908333333,108.9289
2025-12-16 01:00:00+00:00,120.35545808333335,102.42236
2025-12-16 02:00:00+00:00,112.7470535,94.71311
2025-12-16 03:00:00+00:00,100.60548125000001,82.30183
2025-12-16 04:00:00+00:00,98.88099308333332,69.14644
2025-12-16 05:00:00+00:00,107.95121533333334,57.839188
2025-12-16 06:00:00+00:00,91.02736075,50.606457
2025-12-16 07:00:00+00:00,84.95674625,49.102295
2025-12-16 08:00:00+00:00,86.620875,53.42154
2025-12-16 09:00:00+00:00,98.9454945,61.925888
2025-12-16 10:00:00+00:00,105.2342115,71.501854
2025-12-16 11:00:00+00:00,137.3312615,78.38811
2025-12-16 12:00:00+00:00,194.54843025000002,80.83617
2025-12-16 13:00:00+00:00,119.60462875,80.605095
2025-12-16 14:00:00+00:00,72.1961105,80.10765
2025-12-16 15:00:00+00:00,58.66627033333333,80.32226
2025-12-16 16:00:00+00:00,52.542295249999995,81.27782
2025-12-16 17:00:00+00:00,47.978955500000005,82.71708
2025-12-16 18:00:00+00:00,44.6151915,84.38458
2025-12-16 19:00:00+00:00,43.92289483333334,86.09633
2025-12-16 20:00:00+00:00,47.92795041666667,87.734436
2025-12-16 21:00:00+00:00,67.170278,89.23022
2025-12-16 22:00:00+00:00,92.11632125,90.54925
2025-12-16 23:00:00+00:00,79.01348666666667,91.68251
2025-12-17 00:00:00+00:00,74.57606525,92.63789
2025-12-17 01:00:00+00:00,68.21923266666666,67.104294
2025-12-17 02:00:00+00:00,62.062506750000004,60.068558
2025-12-17 03:00:00+00:00,55.76637416666667,52.972713
2025-12-17 04:00:00+00:00,52.69142200000002,46.745567
2025-12-17 05:00:00+00:00,54.22859891666666,42.150867
2025-12-17 06:00:00+00:00,46.77067916666667,39.48665
2025-12-17 07:00:00+00:00,46.37998425,39.414295
2025-12-17 08:00:00+00:00,47.07505891666667,42.50265
2025-12-17 09:00:00+00:00,50.531193,47.445805
2025-12-17 10:00:00+00:00,55.13688016666667,52.091705
2025-12-17 11:00:00+00:00,71.49459758333333,55.42405
2025-12-17 12:00:00+00:00,91.17417683333333,57.706253
2025-12-17 13:00:00+00:00,63.92163291666666,59.527916
2025-12-17 14:00:00+00:00,54.80661816666667,61.178955
2025-12-17 15:00:00+00:00,46.334512499999995,62.71418
2025-12-17 16:00:00+00:00,43.35511091666667,64.07656
2025-12-17 17:00:00+00:00,40.59346683333333,65.14868
2025-12-17 18:00:00+00:00,39.644652916666665,65.86271
2025-12-17 19:00:00+00:00,37.42588908333334,66.29167
2025-12-17 20:00:00+00:00,39.249513416666666,66.58185
2025-12-17 21:00:00+00:00,47.969683333333336,66.85474
2025-12-17 22:00:00+00:00,58.96548383333334,67.18344
2025-12-17 23:00:00+00:00,49.77421124999999,67.60269
2025-12-18 00:00:00+00:00,48.76242216666665,68.11351
2025-12-18 01:00:00+00:00,49.36154725,39.328037
2025-12-18 02:00:00+00:00,43.88369791666668,33.173203
2025-12-18 03:00:00+00:00,38.94902941666667,28.843773
2025-12-18 04:00:00+00:00,35.850504083333334,26.528282
2025-12-18 05:00:00+00:00,36.24000358333333,26.157558
2025-12-18 06:00:00+00:00,33.345435333333334,27.681812
2025-12-18 07:00:00+00:00,31.923541583333332,30.635395
2025-12-18 08:00:00+00:00,31.326070333333334,34.205853
2025-12-18 09:00:00+00:00,31.424950499999998,37.843
2025-12-18 10:00:00+00:00,36.52988075,41.230732
2025-12-18 11:00:00+00:00,53.487761250000005,44.05068
2025-12-18 12:00:00+00:00,65.90843991666667,46.11012
2025-12-18 13:00:00+00:00,45.057878916666674,47.486332
2025-12-18 14:00:00+00:00,35.355132250000004,48.394817
2025-12-18 15:00:00+00:00,34.012696,49.024456
2025-12-18 16:00:00+00:00,32.310810249999996,49.494812
2025-12-18 17:00:00+00:00,31.047799666666666,49.875633
2025-12-18 18:00:00+00:00,32.54551983333334,50.211037
2025-12-18 19:00:00+00:00,32.354957666666664,50.535606
2025-12-18 20:00:00+00:00,34.980897666666664,50.88487
2025-12-18 21:00:00+00:00,38.80521591666667,51.29975
2025-12-18 22:00:00+00:00,48.4826625,51.82212
2025-12-18 23:00:00+00:00,43.64292541666666,52.479317
2025-12-19 00:00:00+00:00,41.391901166666656,53.260193
2025-12-19 01:00:00+00:00,37.737700833333335,38.43947
2025-12-19 02:00:00+00:00,33.25448241666667,32.042355
2025-12-19 03:00:00+00:00,31.85583575,26.355904
2025-12-19 04:00:00+00:00,29.680085916666666,22.107327
2025-12-19 05:00:00+00:00,28.146181083333335,19.321415
2025-12-19 06:00:00+00:00,26.1536715,18.16882
2025-12-19 07:00:00+00:00,25.136595999999997,18.931526
2025-12-19 08:00:00+00:00,24.553856916666664,21.57127
2025-12-19 09:00:00+00:00,26.45938741666667,25.409225
2025-12-19 10:00:00+00:00,30.38111825,29.391232
2025-12-19 11:00:00+00:00,35.41959375,32.66132
2025-12-19 12:00:00+00:00,45.475022833333334,34.890854
2025-12-19 13:00:00+00:00,40.736798416666666,36.248222
2025-12-19 14:00:00+00:00,36.89692683333333,37.068493
2025-12-19 15:00:00+00:00,36.97770283333333,37.600067
2025-12-19 16:00:00+00:00,34.819401166666665,37.979355
2025-12-19 17:00:00+00:00,33.5005145,38.278038
2025-12-19 18:00:00+00:00,33.618698333333334,38.54128
2025-12-19 19:00:00+00:00,33.056812916666665,38.80598
2025-12-19 20:00:00+00:00,35.341921416666665,39.110096
2025-12-19 21:00:00+00:00,51.28548325,39.491646
2025-12-19 22:00:00+00:00,66.93312058333333,39.978737
2025-12-19 23:00:00+00:00,59.990677500000004,40.574806
2025-12-20 00:00:00+00:00,54.849426166666674,41.24839
2025-12-20 01:00:00+00:00,53.235712,49.26831
2025-12-20 02:00:00+00:00,51.1063105,44.998905
2025-12-20 03:00:00+00:00,48.44037975,40.29435
2025-12-20 04:00:00+00:00,42.267592,36.00855
2025-12-20 05:00:00+00:00,39.52516541666667,32.452347
2025-12-20 06:00:00+00:00,37.74164733333333,29.849838
2025-12-20 07:00:00+00:00,37.15370733333334,28.381115
2025-12-20 08:00:00+00:00,36.8727875,28.10676
2025-12-20 09:00:00+00:00,38.06686558333333,29.092405
2025-12-20 10:00:00+00:00,41.473285999999995,31.270367
2025-12-20 11:00:00+00:00,46.74048558333333,34.19717
2025-12-20 12:00:00+00:00,60.52864941666667,37.020603
2025-12-20 13:00:00+00:00,43.14573416666667,39.23155
2025-12-20 14:00:00+00:00,34.4492525,41.06984
2025-12-20 15:00:00+00:00,31.438453,42.755043
2025-12-20 16:00:00+00:00,30.294247916666666,44.308872
2025-12-20 17:00:00+00:00,29.103573333333333,45.65508
2025-12-20 18:00:00+00:00,27.98175975,46.736862
2025-12-20 19:00:00+00:00,27.35729566666667,47.56069
2025-12-20 20:00:00+00:00,29.66804766666667,48.171852
2025-12-20 21:00:00+00:00,34.9141395,48.63694
2025-12-20 22:00:00+00:00,43.75928233333334,49.047756
2025-12-20 23:00:00+00:00,43.53264708333333,49.50496
2025-12-21 00:00:00+00:00,39.65159025,50.048767
2025-12-21 01:00:00+00:00,39.504810416666665,37.27243
2025-12-21 02:00:00+00:00,38.109827833333334,35.242752
2025-12-21 03:00:00+00:00,35.4859515,33.258926
2025-12-21 04:00:00+00:00,32.20254983333333,31.249664
2025-12-21 05:00:00+00:00,30.767761250000003,29.312748
2025-12-21 06:00:00+00:00,29.49948833333333,27.71541
2025-12-21 07:00:00+00:00,29.398346916666668,26.518196
2025-12-21 08:00:00+00:00,29.648689583333333,25.80957
2025-12-21 09:00:00+00:00,30.060444,25.844894
2025-12-21 10:00:00+00:00,30.820244833333334,26.808123
2025-12-21 11:00:00+00:00,34.29899091666667,28.51018
2025-12-21 12:00:00+00:00,38.99736075,29.99199
2025-12-21 13:00:00+00:00,36.403739083333335,30.84666
2025-12-21 14:00:00+00:00,28.176644333333332,31.508352
2025-12-21 15:00:00+00:00,28.327789750000004,32.18546
2025-12-21 16:00:00+00:00,28.342706083333336,32.903214
2025-12-21 17:00:00+00:00,27.768068083333333,33.634483
2025-12-21 18:00:00+00:00,27.691568416666666,34.347736
2025-12-21 19:00:00+00:00,27.6427715,35.024017
2025-12-21 20:00:00+00:00,28.03259375,35.642124
2025-12-21 21:00:00+00:00,36.837952916666666,36.164738
2025-12-21 22:00:00+00:00,49.35163033333333,36.560154
2025-12-21 23:00:00+00:00,46.16570325,36.831867
2025-12-22 00:00:00+00:00,46.383081000000004,37.009224
2025-12-22 01:00:00+00:00,46.01094208333333,39.71958
2025-12-22 02:00:00+00:00,41.863382333333334,35.672195
2025-12-22 03:00:00+00:00,41.89892475,32.110176
2025-12-22 04:00:00+00:00,37.79390925,29.356539
2025-12-22 05:00:00+00:00,35.69725275,27.389725
2025-12-22 06:00:00+00:00,34.151697500000004,26.278114
2025-12-22 07:00:00+00:00,31.83207891666666,26.117016
2025-12-22 08:00:00+00:00,32.48308733333333,27.001778
2025-12-22 09:00:00+00:00,32.814099,28.939396
2025-12-22 10:00:00+00:00,37.5916185,31.576527
2025-12-22 11:00:00+00:00,55.02963408333333,34.206947
2025-12-22 12:00:00+00:00,82.21305666666667,36.577316
2025-12-22 13:00:00+00:00,48.99598583333333,38.738514
2025-12-22 14:00:00+00:00,37.70748808333334,40.606865
2025-12-22 15:00:00+00:00,36.82875991666666,42.0671
2025-12-22 16:00:00+00:00,37.413184666666666,43.10788
2025-12-22 17:00:00+00:00,34.692086583333335,43.8196
2025-12-22 18:00:00+00:00,34.35257116666667,44.347557
2025-12-22 19:00:00+00:00,34.49214525,44.88187
2025-12-22 20:00:00+00:00,36.889999583333335,45.618004
2025-12-22 21:00:00+00:00,45.89182958333333,46.58872
2025-12-22 22:00:00+00:00,53.18232616666667,47.483845
2025-12-22 23:00:00+00:00,46.48365724999999,47.843616
2025-12-23 00:00:00+00:00,46.41110616666666,47.486336
2025-12-23 01:00:00+00:00,46.272549999999995,41.68058
2025-12-23 02:00:00+00:00,43.32171941666667,39.275867
2025-12-23 03:00:00+00:00,38.60710508333333,36.11952
2025-12-23 04:00:00+00:00,32.660847499999996,33.120216
2025-12-23 05:00:00+00:00,32.34555133333333,30.93331
2025-12-23 06:00:00+00:00,31.086393083333338,30.00106
2025-12-23 07:00:00+00:00,28.62684075,30.459404
2025-12-23 08:00:00+00:00,28.084251666666663,31.823278
2025-12-23 09:00:00+00:00,29.001500083333337,33.405266
2025-12-23 10:00:00+00:00,30.058392666666666,34.778873
2025-12-23 11:00:00+00:00,38.19479875,35.8436
2025-12-23 12:00:00+00:00,43.57703808333332,36.797104
2025-12-23 13:00:00+00:00,43.12737175,37.740067
2025-12-23 14:00:00+00:00,48.8525725,38.652912
2025-12-23 15:00:00+00:00,44.67704908333334,39.47883
2025-12-23 16:00:00+00:00,43.430465,40.18096
2025-12-23 17:00:00+00:00,38.81761533333333,40.751003
2025-12-23 18:00:00+00:00,35.774392999999996,41.196297
2025-12-23 19:00:00+00:00,32.304413583333336,41.530296
2025-12-23 20:00:00+00:00,33.16887633333334,41.771114
2025-12-23 21:00:00+00:00,39.169765,41.94115
2025-12-23 22:00:00+00:00,42.723595249999995,42.064438
2025-12-23 23:00:00+00:00,38.437682833333334,42.161335
2025-12-24 00:00:00+00:00,37.049914,42.24333
2025-12-24 01:00:00+00:00,35.93930075,35.642345
2025-12-24 02:00:00+00:00,34.627651666666665,33.781654
2025-12-24 03:00:00+00:00,32.819518583333334,31.824425
2025-12-24 04:00:00+00:00,28.829999750000002,29.884344
2025-12-24 05:00:00+00:00,28.80779791666667,28.150291
2025-12-24 06:00:00+00:00,27.13810058333333,27.014906
2025-12-24 07:00:00+00:00,26.491672333333327,26.749226
2025-12-24 08:00:00+00:00,26.253259833333335,27.269756
2025-12-24 09:00:00+00:00,26.91186575,28.288284
2025-12-24 10:00:00+00:00,28.4851755,29.534592
2025-12-24 11:00:00+00:00,33.50587791666667,30.683636
2025-12-24 12:00:00+00:00,37.43874541666667,31.56472
2025-12-24 13:00:00+00:00,32.858980833333334,32.232037
2025-12-24 14:00:00+00:00,28.16873783333334,32.77192
2025-12-24 15:00:00+00:00,28.89467541666667,33.23432
2025-12-24 16:00:00+00:00,29.053466333333333,33.635914
2025-12-24 17:00:00+00:00,28.87860233333333,33.961864
2025-12-24 18:00:00+00:00,29.038936083333336,34.194168
2025-12-24 19:00:00+00:00,29.616118166666666,34.34958
2025-12-24 20:00:00+00:00,33.322673583333334,34.46974
2025-12-24 21:00:00+00:00,38.003238083333336,34.588474
2025-12-24 22:00:00+00:00,43.91672625000001,34.720924
2025-12-24 23:00:00+00:00,40.174393,34.86732
2025-12-25 00:00:00+00:00,39.029138249999995,35.01887
2025-12-25 01:00:00+00:00,37.70232475,35.723022
2025-12-25 02:00:00+00:00,37.83260241666667,33.198586
2025-12-25 03:00:00+00:00,36.092969333333336,30.667759
2025-12-25 04:00:00+00:00,31.621223,28.46632
2025-12-25 05:00:00+00:00,27.691694916666666,26.860373
2025-12-25 06:00:00+00:00,26.50016925,26.032957
2025-12-25 07:00:00+00:00,24.34916975,25.982246
2025-12-25 08:00:00+00:00,23.593014083333333,26.608456
2025-12-25 09:00:00+00:00,23.078993250000003,27.864408
2025-12-25 10:00:00+00:00,23.147119416666666,29.533852
2025-12-25 11:00:00+00:00,22.66009258333333,31.142056
2025-12-25 12:00:00+00:00,25.16786408333333,32.423676
2025-12-25 13:00:00+00:00,27.37419583333333,33.38726
2025-12-25 14:00:00+00:00,25.97179975,34.13696
2025-12-25 15:00:00+00:00,30.490961749999997,34.77914
2025-12-25 16:00:00+00:00,29.461626166666665,35.365337
2025-12-25 17:00:00+00:00,27.650195416666666,35.86717
2025-12-25 18:00:00+00:00,27.20403525,36.24354
2025-12-25 19:00:00+00:00,26.253808916666667,36.51228
2025-12-25 20:00:00+00:00,26.53124875,36.714493
2025-12-25 21:00:00+00:00,28.706622083333336,36.871475
2025-12-25 22:00:00+00:00,30.034920416666665,36.98656
2025-12-25 23:00:00+00:00,29.247756916666663,37.058826
2025-12-26 00:00:00+00:00,28.579203250000003,37.089954
2025-12-26 01:00:00+00:00,28.863575999999995,26.870953
2025-12-26 02:00:00+00:00,28.592274500000002,25.51431
2025-12-26 03:00:00+00:00,27.722637500000005,24.296083
2025-12-26 04:00:00+00:00,25.554027916666666,23.380806
2025-12-26 05:00:00+00:00,20.80832725,22.799303
2025-12-26 06:00:00+00:00,20.107852,22.575577
2025-12-26 07:00:00+00:00,19.201734333333334,22.724205
2025-12-26 08:00:00+00:00,18.904345083333332,23.179283
2025-12-26 09:00:00+00:00,17.531247750000002,23.843693
2025-12-26 10:00:00+00:00,21.229768166666666,24.601295
2025-12-26 11:00:00+00:00,25.653272833333332,25.346884
2025-12-26 12:00:00+00:00,31.210838916666663,26.02675
2025-12-26 13:00:00+00:00,30.984142416666668,26.590487
2025-12-26 14:00:00+00:00,34.25855791666667,26.9886
2025-12-26 15:00:00+00:00,34.785248083333336,27.233587
2025-12-26 16:00:00+00:00,34.51212866666666,27.382153
2025-12-26 17:00:00+00:00,34.14030833333333,27.482418
2025-12-26 18:00:00+00:00,36.719809,27.562786
2025-12-26 19:00:00+00:00,33.519684166666664,27.640924
2025-12-26 20:00:00+00:00,35.938484083333336,27.730022
2025-12-26 21:00:00+00:00,40.754401,27.84032
2025-12-26 22:00:00+00:00,45.50325575,27.976585
2025-12-26 23:00:00+00:00,40.221027,28.13563
2025-12-27 00:00:00+00:00,39.36353066666667,28.306751
2025-12-27 01:00:00+00:00,37.69645716666667,35.08951
2025-12-27 02:00:00+00:00,39.915142333333336,32.318764
2025-12-27 03:00:00+00:00,37.534092333333334,29.810127
2025-12-27 04:00:00+00:00,35.30088058333333,27.769623
2025-12-27 05:00:00+00:00,33.906579,26.184383
2025-12-27 06:00:00+00:00,32.12856658333333,25.026453
2025-12-27 07:00:00+00:00,30.325330833333332,24.351032
2025-12-27 08:00:00+00:00,29.403618583333337,24.24165
2025-12-27 09:00:00+00:00,29.62504275,24.760523
2025-12-27 10:00:00+00:00,29.218357999999995,25.91242
2025-12-27 11:00:00+00:00,31.158133583333335,27.60308
2025-12-27 12:00:00+00:00,34.07029683333334,29.494955
2025-12-27 13:00:00+00:00,33.60259083333333,31.212233
2025-12-27 14:00:00+00:00,31.311238833333334,32.61584
2025-12-27 15:00:00+00:00,31.497079083333333,33.684902
2025-12-27 16:00:00+00:00,32.92629791666667,34.475464
2025-12-27 17:00:00+00:00,31.844920749999996,35.084373
2025-12-27 18:00:00+00:00,29.478534249999996,35.611927
2025-12-27 19:00:00+00:00,28.744269083333332,36.138084
2025-12-27 20:00:00+00:00,29.62350425,36.687233
2025-12-27 21:00:00+00:00,32.92265891666667,37.185024
2025-12-27 22:00:00+00:00,35.930366916666664,37.480392
2025-12-27 23:00:00+00:00,33.02349808333333,37.45393
2025-12-28 00:00:00+00:00,31.394169083333335,37.096317
2025-12-28 01:00:00+00:00,30.659612499999998,30.130795
2025-12-28 02:00:00+00:00,31.896700833333327,28.650923
2025-12-28 03:00:00+00:00,31.360690083333335,27.023773
2025-12-28 04:00:00+00:00,29.499555166666667,25.474659
2025-12-28 05:00:00+00:00,29.926905333333334,24.157864
2025-12-28 06:00:00+00:00,28.79002691666667,23.19212
2025-12-28 07:00:00+00:00,27.300199083333336,22.664043
2025-12-28 08:00:00+00:00,27.197092833333333,22.634895
2025-12-28 09:00:00+00:00,26.399589833333334,23.131168
2025-12-28 10:00:00+00:00,26.818640000000002,23.952093
2025-12-28 11:00:00+00:00,28.365926833333333,24.804136
2025-12-28 12:00:00+00:00,31.481477249999998,25.626915
2025-12-28 13:00:00+00:00,34.47826141666667,26.351868
2025-12-28 14:00:00+00:00,32.97242175,26.981762
2025-12-28 15:00:00+00:00,32.20053975,27.556007
2025-12-28 16:00:00+00:00,30.630688583333335,28.092459
2025-12-28 17:00:00+00:00,29.596124333333336,28.602348
2025-12-28 18:00:00+00:00,29.710423333333335,29.088415
2025-12-28 19:00:00+00:00,27.89610383333333,29.525444
2025-12-28 20:00:00+00:00,26.675452083333333,29.870054
2025-12-28 21:00:00+00:00,28.967769333333333,30.105371
2025-12-28 22:00:00+00:00,34.55299383333333,30.250721
2025-12-28 23:00:00+00:00,31.82022333333333,30.333359
2025-12-29 00:00:00+00:00,29.384487416666666,30.372604
2025-12-29 01:00:00+00:00,28.494163500000003,28.236164
2025-12-29 02:00:00+00:00,27.78321475,27.092428
2025-12-29 03:00:00+00:00,26.302476416666664,26.075077
2025-12-29 04:00:00+00:00,24.508713333333333,25.269623
2025-12-29 05:00:00+00:00,23.671327333333334,24.729456
2025-12-29 06:00:00+00:00,22.44319908333334,24.544666
2025-12-29 07:00:00+00:00,22.254414916666665,24.784037
2025-12-29 08:00:00+00:00,22.245779666666664,25.445919
2025-12-29 09:00:00+00:00,22.164167000000003,26.456064
2025-12-29 10:00:00+00:00,23.147076916666666,27.590229
2025-12-29 11:00:00+00:00,26.951745416666668,28.477253
2025-12-29 12:00:00+00:00,30.23400183333333,28.95221
2025-12-29 13:00:00+00:00,29.176811083333334,29.143679
2025-12-29 14:00:00+00:00,29.85517358333334,29.209578
2025-12-29 15:00:00+00:00,30.611979833333336,29.232828
2025-12-29 16:00:00+00:00,29.315136749999997,29.250513
2025-12-29 17:00:00+00:00,28.81854675,29.282444
2025-12-29 18:00:00+00:00,28.787113583333333,29.344027
2025-12-29 19:00:00+00:00,27.920108166666665,29.448887
2025-12-29 20:00:00+00:00,30.3210255,29.605257
2025-12-29 21:00:00+00:00,38.46990066666667,29.809147
2025-12-29 22:00:00+00:00,48.27215383333333,30.04163
2025-12-29 23:00:00+00:00,46.127150916666665,30.275196
2025-12-30 00:00:00+00:00,44.68392225000001,30.484041
2025-12-30 01:00:00+00:00,44.403841916666664,37.876602
2025-12-30 02:00:00+00:00,43.182778666666664,34.69255
2025-12-30 03:00:00+00:00,38.148347083333334,31.777838
2025-12-30 04:00:00+00:00,34.18682716666667,29.679218
2025-12-30 05:00:00+00:00,38.929211,28.316782
2025-12-30 06:00:00+00:00,38.46700533333333,27.57072
2025-12-30 07:00:00+00:00,36.639000333333335,27.432095
2025-12-30 08:00:00+00:00,37.83054966666666,27.896755
2025-12-30 09:00:00+00:00,36.686309,28.89985
2025-12-30 10:00:00+00:00,44.98264391666667,30.373575
2025-12-30 11:00:00+00:00,56.53976683333333,32.118023
2025-12-30 12:00:00+00:00,75.99357658333334,33.672386
2025-12-30 13:00:00+00:00,59.763385916666664,34.8188
2025-12-30 14:00:00+00:00,46.489838416666665,35.62274
2025-12-30 15:00:00+00:00,51.29422808333334,36.18324
2025-12-30 16:00:00+00:00,46.08772341666667,36.571148
2025-12-30 17:00:00+00:00,42.76084016666667,36.839752
2025-12-30 18:00:00+00:00,42.422540500000004,37.032917
2025-12-30 19:00:00+00:00,41.63068766666667,37.18402
2025-12-30 20:00:00+00:00,43.17408833333333,37.313507
2025-12-30 21:00:00+00:00,59.693292500000005,37.42855
2025-12-30 22:00:00+00:00,73.05274116666666,37.526176
2025-12-30 23:00:00+00:00,65.5012805,37.597263
2025-12-31 00:00:00+00:00,63.80384433333333,37.631527
